,credit,baa,aaa,credit_ew5,credit_ew10,credit_ew20
1986-01-02,1.4600000000000009,11.38,9.92,1.4600000000000009,1.4600000000000009,1.4600000000000009
1986-01-03,1.4299999999999997,11.35,9.92,1.4561165168988843,1.457990989746105,1.4589780898677462
1986-01-06,1.42,11.36,9.94,1.4514412541306176,1.4554468468142523,1.4576503530353535
1986-01-07,1.4399999999999995,11.29,9.85,1.4499601902282233,1.4544124176929125,1.4570491172151967
1986-01-08,1.4499999999999993,11.34,9.89,1.4499653435807551,1.454116931279928,1.456808998405008
1986-01-09,1.4499999999999993,11.43,9.98,1.4499698298347046,1.4538412327080628,1.4565770589229887
1986-01-10,1.3599999999999994,11.45,10.09,1.4383232860422583,1.4475569660831054,1.4532872897544302
1986-01-13,1.2799999999999994,11.52,10.24,1.4178284258469813,1.436336177317351,1.4473844885147304
1986-01-14,1.2800000000000011,11.46,10.18,1.399986613759308,1.425866811207837,1.4416827583548817
1986-01-15,1.3399999999999999,11.51,10.17,1.3922213803983925,1.4201165677349743,1.4382190703202666
1986-01-16,1.3100000000000005,11.47,10.16,1.3815778690208056,1.4127423906115286,1.433851458083315
1986-01-17,1.2899999999999991,11.44,10.15,1.3697231654615207,1.404522699900654,1.4289513493314836
1986-01-20,1.3100000000000005,11.46,10.15,1.3619920353343546,1.398192797456443,1.4248994296939101
1986-01-21,1.3500000000000014,11.46,10.11,1.3604396731153896,1.3949654699813125,1.4223480801571
1986-01-22,1.3900000000000006,11.51,10.12,1.364266240779385,1.3946329473110504,1.4212461857947158
1986-01-23,1.3899999999999988,11.52,10.13,1.3675974614147668,1.3943226926892618,1.4201818259994516
1986-01-24,1.370000000000001,11.49,10.12,1.3679084686812846,1.3926938747220925,1.4184724487846556
1986-01-27,1.4100000000000001,11.48,10.07,1.373357193700496,1.3938528141600433,1.418183846076054
1986-01-28,1.4700000000000006,11.46,9.99,1.3858675505374487,1.398952163398636,1.419948894499699
1986-01-29,1.4499999999999993,11.43,9.98,1.3941694599948158,1.402370684304347,1.420972545472906
1986-01-30,1.4299999999999997,11.42,9.99,1.3988077032152826,1.4042209369223702,1.421280053714563
1986-01-31,1.3999999999999986,11.37,9.97,1.398962045362448,1.403938273403767,1.4205551769643683
1986-02-03,1.4000000000000004,11.32,9.92,1.3990964080056034,1.4036745390154066,1.4198549921773624
1986-02-04,1.3699999999999992,11.25,9.88,1.3953298943791719,1.401419455876168,1.4181567481223785
1986-02-05,1.3800000000000008,11.25,9.87,1.3933454481870582,1.3999850589932317,1.4168569892050402
1986-02-06,1.3899999999999988,11.28,9.89,1.3929123818037215,1.3993163894631264,1.4159421415586908
1986-02-07,1.3900000000000006,11.33,9.94,1.3925353756197631,1.398692498731103,1.4150584569816504
1986-02-10,1.4000000000000004,11.3,9.9,1.393501667040991,1.3987800581796428,1.4145455106561282
1986-02-11,1.4100000000000001,11.28,9.87,1.3956373669490878,1.3995314241184833,1.414390673876269
1986-02-12,1.4000000000000004,11.27,9.87,1.3962021073400743,1.3995628032435063,1.413900474694798
1986-02-13,1.4100000000000001,11.23,9.82,1.3979882367726022,1.4002617510870305,1.4137676102077577
1986-02-14,1.42,11.15,9.73,1.4008376471232478,1.4015835625690338,1.4139799082836528
1986-02-17,1.42,11.15,9.73,1.403318202909064,1.4028168562903351,1.4141849747077209
1986-02-18,1.4300000000000015,11.13,9.7,1.406772146512733,1.4046372301051964,1.4147236925273223
1986-02-19,1.450000000000001,11.13,9.68,1.4123679677965775,1.4076750391006556,1.4159253330618176
1986-02-20,1.4399999999999995,11.11,9.67,1.4159449188002937,1.4098397450307742,1.4167454045976435
1986-02-21,1.5199999999999996,11.02,9.5,1.4294147904477719,1.4172168477576057,1.4202626351724275
1986-02-24,1.5599999999999987,10.95,9.39,1.4463189722661651,1.4267786083222234,1.4250226028048227
1986-02-25,1.5399999999999991,10.94,9.4,1.45844592853615,1.4343607062169235,1.4289391550439565
1986-02-26,1.5599999999999987,10.87,9.31,1.4715920458821303,1.4427743938670041,1.433403568557371
1986-02-27,1.5100000000000016,10.71,9.2,1.476563933907637,1.447276291601856,1.4360127242035632
1986-02-28,1.4899999999999984,10.62,9.13,1.4783032250948092,1.4501373705437333,1.4378517290085366
1986-03-03,1.5,10.56,9.06,1.481111860384577,1.453476521672528,1.4399687272694794
1986-03-04,1.5099999999999998,10.53,9.02,1.4848514137852165,1.457261729924053,1.4423542495087462
1986-03-05,1.4800000000000004,10.6,9.12,1.4842234010035027,1.4587844438486672,1.4436366019708577
1986-03-06,1.5199999999999996,10.62,9.1,1.4888546615907798,1.4628838665155324,1.4462378196435035
1986-03-07,1.540000000000001,10.64,9.1,1.4954753968378824,1.4680481032792354,1.4494317037144564
1986-03-10,1.5700000000000003,10.55,8.98,1.5051225647377986,1.4748755168097734,1.4535387025012187
1986-03-11,1.5599999999999987,10.52,8.96,1.5122264178202438,1.480576048795998,1.4571651651214514
1986-03-12,1.5099999999999998,10.47,8.96,1.5119382092875457,1.482546482785297,1.4589649135580645
1986-03-13,1.5,10.5,9.0,1.5103928148200199,1.4837152926203263,1.4603627192451631
1986-03-14,1.4499999999999993,10.44,8.99,1.5025749989606068,1.4814574803340819,1.4600097269853518
1986-03-17,1.4499999999999993,10.45,9.0,1.4957691949604492,1.4793508669823188,1.4596687589377706
1986-03-18,1.459999999999999,10.51,9.05,1.491138892821468,1.4780549973093435,1.459680042224361
1986-03-19,1.4900000000000002,10.53,9.04,1.4909914637872628,1.4788549184056217,1.4607128512930427
1986-03-20,1.4900000000000002,10.51,9.02,1.4908631193584894,1.4796012711790754,1.4617104790933255
1986-03-21,1.4600000000000009,10.49,9.03,1.4868679059426086,1.478288632686137,1.4616522138961094
1986-03-24,1.4299999999999997,10.43,9.0,1.4795063875518089,1.4750548874123686,1.460574023293152
1986-03-25,1.4399999999999995,10.44,9.0,1.474392307937022,1.472707366470348,1.4598731965310012
1986-03-26,1.4900000000000002,10.43,8.94,1.476412714882822,1.4738654024062792,1.4608994260549149
1986-03-27,1.5599999999999987,10.37,8.81,1.487233041856847,1.4796335787323114,1.4642751554091393
1986-03-28,1.5599999999999987,10.37,8.81,1.4966526835991325,1.4850154775455011,1.4675358950290027
1986-03-31,1.58,10.31,8.73,1.5074419467580047,1.491376306864584,1.4713668353084965
1986-04-01,1.5699999999999985,10.28,8.71,1.5155400515114719,1.4966415003881908,1.4747266429876493
1986-04-02,1.5299999999999994,10.25,8.72,1.5174118836980788,1.4988754193140141,1.4766094564401377
1986-04-03,1.5199999999999996,10.26,8.74,1.5177469138954867,1.5002900692875938,1.478087497643733
1986-04-04,1.4899999999999984,10.29,8.8,1.5141550915214448,1.4996009741305247,1.4784932812056788
1986-04-07,1.4800000000000004,10.3,8.82,1.5097337341634245,1.4982883555300393,1.4785446055790914
1986-04-08,1.4800000000000004,10.24,8.76,1.5058847190248663,1.4970636390704815,1.4785941816559298
1986-04-09,1.4900000000000002,10.21,8.72,1.503828451094898,1.4965906082930676,1.478982705700345
1986-04-10,1.4899999999999984,10.2,8.71,1.5020383658901761,1.4961492549717281,1.4793579951895066
1986-04-11,1.5299999999999994,10.25,8.72,1.5056579836750128,1.4984161381005219,1.4810830477839576
1986-04-14,1.5,10.17,8.67,1.5049255608754026,1.498522204593749,1.4817274286219893
1986-04-15,1.4899999999999984,10.2,8.71,1.502993455427592,1.4979514980465942,1.4820092227723554
1986-04-16,1.5200000000000014,10.14,8.62,1.5051949430427698,1.4994280202635089,1.4833033281117274
1986-04-17,1.549999999999999,10.18,8.63,1.5109949324273682,1.502814674458523,1.4855752616047369
1986-04-18,1.3000000000000007,9.97,8.67,1.4836817572772731,1.4892327824375995,1.4792538869337475
1986-04-21,1.2899999999999991,10.01,8.72,1.458609762897913,1.4758907590099555,1.4728072047795417
1986-04-22,1.2200000000000006,10.06,8.84,1.427721863498733,1.4587545203856829,1.4641956633105024
1986-04-23,1.209999999999999,10.12,8.91,1.399537890910704,1.4420961743137573,1.4555368258467627
1986-04-24,1.2200000000000006,10.21,8.99,1.3762968120653114,1.4272230579288452,1.4475135768850327
1986-04-25,1.2400000000000002,10.26,9.02,1.3586532665189228,1.4146852898240194,1.440444902658392
1986-04-28,1.25,10.23,8.98,1.3445881623720122,1.403656808626611,1.433957650136297
1986-04-29,1.25,10.2,8.95,1.3323437780341005,1.3933668718228855,1.427691377250296
1986-04-30,1.2200000000000006,10.16,8.94,1.317800939250401,1.381757011050285,1.4206166464904961
1986-05-01,1.209999999999999,10.18,8.97,1.3038461683882878,1.3702549578376677,1.4134422703214917
1986-05-02,1.2300000000000004,10.24,9.01,1.2942868234876843,1.360862502889148,1.407193553163981
1986-05-05,1.1899999999999995,10.16,8.97,1.280786952931567,1.3494203522121282,1.399795143409359
1986-05-06,1.1899999999999995,10.16,8.97,1.2690346330145144,1.3387444481363335,1.3926487506510976
1986-05-07,1.17,10.16,8.99,1.2562146555566103,1.327444137249871,1.3850645168436246
1986-05-08,1.200000000000001,10.15,8.95,1.2489377000603048,1.3189095846320749,1.3787605400141811
1986-05-09,1.1899999999999995,10.19,9.0,1.2413082479868762,1.310276895387032,1.3723306630671694
1986-05-12,1.1500000000000004,10.25,9.1,1.2294884467185574,1.2995436311771946,1.3647572644905284
1986-05-13,1.1400000000000006,10.23,9.09,1.2179042176993355,1.288859471477903,1.3571012069611716
1986-05-14,1.1799999999999997,10.26,9.08,1.2129975380694553,1.2815694783301435,1.3510684897002334
1986-05-15,1.2199999999999989,10.35,9.13,1.2139040028219044,1.2774463545537342,1.3466038157787672
1986-05-16,1.1800000000000015,10.38,9.2,1.2095151487546023,1.2709206637036272,1.3409286781982137
1986-05-19,1.1799999999999997,10.39,9.21,1.2056944293740879,1.2648319788479072,1.3354468566375104
1986-05-20,1.17,10.34,9.17,1.2010738055981458,1.2584813649178181,1.329811129332592
1986-05-21,1.1899999999999995,10.37,9.18,1.1996403077012976,1.2538953727737958,1.3250486490103606
1986-05-22,1.1899999999999995,10.36,9.17,1.1983923752997125,1.2496164908044942,1.3204483962513276
1986-05-23,1.25,10.37,9.12,1.2050729532467899,1.2496421732680354,1.3180486652536503
1986-05-26,1.25,10.37,9.12,1.2108887341417616,1.2496661358538232,1.3157306779033466
1986-05-27,1.25,10.32,9.07,1.215951665475886,1.249688493736926,1.3134916497117002
1986-05-28,1.25,10.34,9.09,1.2203592032007375,1.2497093543794815,1.311328891039902
1986-05-29,1.2400000000000002,10.39,9.15,1.2229016932828174,1.2490591479625786,1.308899167157363
1986-05-30,1.17,10.41,9.24,1.2160535988866754,1.2437647933318758,1.3041677516147019
1986-06-02,1.1400000000000006,10.51,9.37,1.2062085033514929,1.2368159755386388,1.298575595322551
1986-06-03,1.17,10.5,9.33,1.2015213329887517,1.2323415095392662,1.2941958385351915
1986-06-04,1.0999999999999996,10.45,9.35,1.188379453619931,1.2234789945499185,1.2875808153671648
1986-06-05,1.2300000000000004,10.46,9.23,1.1937672099041385,1.2239156867770826,1.2856194014122586
1986-06-06,1.25,10.41,9.16,1.201046512906335,1.2256624752014385,1.2844060738386576
1986-06-09,1.25,10.48,9.23,1.2073835142353004,1.2272922864305968,1.28323407665643
1986-06-10,1.2800000000000011,10.47,9.19,1.216783677412956,1.2308219643312748,1.2831239121329736
1986-06-11,1.2400000000000002,10.44,9.2,1.2197890172941843,1.2314365899235777,1.281654953374602
1986-06-12,1.2400000000000002,10.43,9.19,1.222405317620684,1.2320100558786393,1.2802360327441986
1986-06-13,1.2300000000000004,10.35,9.12,1.2233884449766312,1.231875448449603,1.2785248090486796
1986-06-16,1.2299999999999986,10.29,9.06,1.2242443070501428,1.231749855277406,1.2768718759142608
1986-06-17,1.2199999999999989,10.29,9.07,1.2236948838933035,1.2309630026196026,1.2749346110396902
1986-06-18,1.1899999999999995,10.28,9.09,1.2193331001535128,1.228219832876498,1.272041426386338
1986-06-19,1.1799999999999997,10.33,9.15,1.2142414524948233,1.2249906949201637,1.2689061575126257
1986-06-20,1.2299999999999986,10.28,9.05,1.2162813875926395,1.2253261530958397,1.2675808709603176
1986-06-23,1.2100000000000009,10.23,9.02,1.2154682655070537,1.2242998064717625,1.2656194551117044
1986-06-24,1.1899999999999995,10.2,9.01,1.2121714128833407,1.2220028510414822,1.2630435788658967
1986-06-25,1.1900000000000013,10.21,9.02,1.2093013359746634,1.2198597158449411,1.2605554464212567
1986-06-26,1.17,10.18,9.01,1.2042138001710334,1.2165207598319807,1.2574707954802993
1986-06-27,1.209999999999999,10.18,8.97,1.204962820479549,1.216084084053126,1.2558537659173823
1986-06-30,1.1999999999999993,10.16,8.96,1.2043203861640088,1.2150069810602175,1.253951181606864
1986-07-01,1.2200000000000006,10.15,8.93,1.2063501033428121,1.2153413486018148,1.252794679723995
1986-07-02,1.2300000000000004,10.16,8.93,1.20941156914319,1.2163229946340561,1.2520182092516134
1986-07-03,1.2400000000000002,10.13,8.89,1.2133712242872594,1.2179085728527803,1.2516088249247541
1986-07-04,1.2400000000000002,10.13,8.89,1.2168183043033876,1.2193879696415122,1.2512133857309482
1986-07-07,1.25,10.15,8.9,1.2211136561201934,1.2214379657376047,1.251172053358522
1986-07-08,1.2200000000000006,10.16,8.94,1.2209694939627527,1.2213416694738846,1.2501102187861803
1986-07-09,1.2700000000000014,10.14,8.87,1.2273164653505806,1.2246001723060318,1.2507877377512049
1986-07-10,1.2299999999999986,10.11,8.88,1.227663847399323,1.2249617826129133,1.2500796310900513
1986-07-11,1.2599999999999998,10.14,8.88,1.2318497441386513,1.2273081872132094,1.250417555273544
1986-07-14,1.2400000000000002,10.09,8.85,1.2329047901688954,1.2281581199475156,1.2500626950972986
1986-07-15,1.2400000000000002,10.06,8.82,1.2338232610848276,1.2289511352292104,1.2497199227613747
1986-07-16,1.2599999999999998,10.08,8.82,1.2372118251921411,1.2310303848190884,1.2500700999310583
1986-07-17,1.2699999999999996,10.12,8.85,1.2414562359515666,1.233640063368716,1.2507489854915674
1986-07-18,1.2800000000000011,10.13,8.85,1.2464457044960837,1.2367446496374563,1.2517453824283973
1986-07-21,1.2599999999999998,10.11,8.85,1.2482003004139837,1.2383019908819992,1.2520265650062075
1986-07-22,1.2300000000000004,10.14,8.91,1.2458442817775521,1.237746031388343,1.2512762593409206
1986-07-23,1.1899999999999995,10.12,8.93,1.2386152709583154,1.2345486225002762,1.2491889649980155
1986-07-24,1.4100000000000001,10.23,8.82,1.260800927592408,1.246298076382179,1.254666779199578
1986-07-25,1.4499999999999993,10.26,8.81,1.2852926409404666,1.2599393848250622,1.2613205457829741
1986-07-28,1.4000000000000004,10.32,8.92,1.3001414439565127,1.2693188252268421,1.2660444770963049
1986-07-29,1.3999999999999986,10.29,8.89,1.3130680777864043,1.278070152563856,1.2706074939671965
1986-07-30,1.4100000000000001,10.28,8.87,1.3256158605155783,1.28690509977366,1.2753557144430396
1986-07-31,1.4000000000000004,10.25,8.85,1.3352448454715393,1.294478726914261,1.2796015563876495
1986-08-01,1.3900000000000006,10.25,8.86,1.3423328693818823,1.3008755008174087,1.2833621326580698
1986-08-04,1.4000000000000004,10.24,8.84,1.3497978469567267,1.3075135719930788,1.2873352466061128
1986-08-05,1.4100000000000001,10.27,8.86,1.3575909817565388,1.3143767814847807,1.291513658418237
1986-08-06,1.459999999999999,10.34,8.88,1.3708477714815517,1.3241287327915265,1.2972529217385342
1986-08-07,1.4700000000000006,10.33,8.86,1.383682971611199,1.333897295177213,1.3031373213916269
1986-08-08,1.4899999999999984,10.29,8.8,1.397445651048159,1.3443510263322076,1.3095025502119646
1986-08-11,1.540000000000001,10.3,8.76,1.4158992312196625,1.3574530528076336,1.3173541395252062
1986-08-12,1.5199999999999996,10.29,8.77,1.4293750170987176,1.3683383355959309,1.324257001461161
1986-08-13,1.5299999999999994,10.24,8.71,1.4424008644536257,1.379164333644252,1.331265363289404
1986-08-14,1.5,10.22,8.72,1.4498570401047342,1.3872563367357529,1.3370130844532995
1986-08-15,1.5399999999999991,10.26,8.72,1.4615259954859963,1.3974851229262686,1.3439275639770423
1986-08-18,1.450000000000001,10.14,8.69,1.4600339618628828,1.4010018871437087,1.3475407805478687
1986-08-19,1.4900000000000002,10.13,8.64,1.4639130486199794,1.4069618245205642,1.3523934645409093
1986-08-20,1.4699999999999989,10.11,8.64,1.464701001047367,1.4111833025513998,1.356399574881076
1986-08-21,1.4499999999999993,10.09,8.64,1.4627979647428022,1.4137827406579533,1.3595879489748217
1986-08-22,1.4299999999999997,10.11,8.68,1.4585522866818128,1.4148687620015619,1.3619864419206704
1986-08-25,1.4000000000000004,10.06,8.66,1.4509727261531284,1.413873045490766,1.363281323259481
1986-08-26,1.42,10.03,8.61,1.4469633241994224,1.4142833493052394,1.365213369607788
1986-08-27,1.4299999999999997,10.07,8.64,1.444767431437182,1.4153358463853285,1.3674202400755358
1986-08-28,1.4100000000000001,10.03,8.62,1.440266807021998,1.4149785207152838,1.368870663012062
1986-08-29,1.4299999999999997,10.02,8.59,1.4389377746362528,1.4159844642456731,1.3709529526402613
1986-09-01,1.4299999999999997,10.02,8.59,1.4377807847442037,1.4169230427471493,1.3729643118394825
1986-09-02,1.3800000000000008,10.06,8.68,1.4303010947067587,1.4144504170310144,1.3732039732067696
1986-09-03,1.3499999999999996,10.08,8.73,1.419906163230264,1.410134365408242,1.3724135606958174
1986-09-04,1.33,10.07,8.74,1.4082678610438997,1.4047680066817558,1.3709687991151491
1986-09-05,1.33,10.12,8.79,1.3981361305197497,1.3997610169455228,1.3695732514177468
1986-09-08,1.3900000000000006,10.21,8.82,1.397082913007019,1.3991073508411227,1.3702690614625876
1986-09-09,1.3900000000000006,10.18,8.79,1.396166033908038,1.398497458800268,1.3709411696629301
1986-09-10,1.370000000000001,10.16,8.79,1.392778855557868,1.396589069235611,1.3709091099691062
1986-09-11,1.3399999999999999,10.25,8.91,1.3859466624360266,1.3927994685571856,1.3698562322138927
1986-09-12,1.3200000000000003,10.27,8.95,1.3774099041311825,1.3879243059302007,1.368157945918712
1986-09-15,1.33,10.24,8.91,1.3712727187472162,1.3840452884447485,1.3668581462000338
1986-09-16,1.3200000000000003,10.23,8.91,1.3646354941871128,1.3797563670714414,1.3652619857206842
1986-09-17,1.2899999999999991,10.2,8.91,1.3549739715064755,1.3737456516781428,1.362698286194632
1986-09-18,1.2699999999999996,10.25,8.98,1.3439741387604711,1.3667981157441933,1.3595406422644674
1986-09-19,1.25,10.28,9.03,1.3318092394331962,1.358976495338667,1.3558092858570094
1986-09-22,1.2699999999999996,10.29,9.02,1.323808068205474,1.3530180056222973,1.3528863065683823
1986-09-23,1.2599999999999998,10.26,9.0,1.3155481497191128,1.3467888680525597,1.3497222579740509
1986-09-24,1.2700000000000014,10.22,8.95,1.3096519673950702,1.341646547275805,1.3470066252010544
1986-09-25,1.2600000000000016,10.21,8.95,1.3032245481845393,1.336178922253396,1.3440428601388466
1986-09-26,1.2700000000000014,10.21,8.94,1.2989236491373102,1.331747117806768,1.3415206885056135
1986-09-29,1.2799999999999994,10.25,8.97,1.2964739934161034,1.3282817681306562,1.3394250680080413
1986-09-30,1.3099999999999987,10.2,8.89,1.2982249273492414,1.3270574928095282,1.3384227421700514
1986-10-01,1.33,10.22,8.89,1.302338192605107,1.3272545437134555,1.33813583265122
1986-10-02,1.3599999999999994,10.26,8.9,1.309802481091703,1.3294474089617276,1.3388806064561212
1986-10-03,1.370000000000001,10.23,8.86,1.3175950160053531,1.332163094668992,1.3399406472418582
1986-10-06,1.3900000000000006,10.23,8.84,1.3269678003980134,1.3360362591977786,1.3416458525684467
1986-10-07,1.3900000000000006,10.23,8.84,1.335127283130697,1.3396500494847865,1.3432929723416747
1986-10-08,1.3800000000000008,10.25,8.87,1.340936031052801,1.3423521649624284,1.3445433484579743
1986-10-09,1.3800000000000008,10.25,8.87,1.3459928398284335,1.3448733278500105,1.345751132173528
1986-10-10,1.3499999999999996,10.23,8.88,1.3465115644554249,1.345216645747267,1.3458958642096108
1986-10-13,1.3699999999999992,10.25,8.88,1.3495521292057253,1.346876312841256,1.3467169395627254
1986-10-14,1.3499999999999996,10.23,8.88,1.34961010582776,1.347085496825652,1.3468287726535806
1986-10-15,1.3599999999999994,10.24,8.88,1.3509550717757692,1.3479503424690265,1.3472774330095652
1986-10-16,1.379999999999999,10.27,8.89,1.3547149213735004,1.3500966121561455,1.348392083768262
1986-10-17,1.3899999999999988,10.28,8.89,1.3592825549257526,1.3527688226675947,1.3498094021409024
1986-10-20,1.3600000000000012,10.3,8.94,1.35937542778648,1.353253072981213,1.350156531314434
1986-10-21,1.3899999999999988,10.29,8.9,1.3633397614088172,1.3557139047538764,1.3515137461262323
1986-10-22,1.3499999999999996,10.25,8.9,1.3616129368086816,1.3553312616458657,1.351462182376097
1986-10-23,1.370000000000001,10.23,8.86,1.3626986374143977,1.3563135831713713,1.3520936484980888
1986-10-24,1.4000000000000004,10.24,8.84,1.367527277789391,1.3592391318168606,1.3537255146980607
1986-10-27,1.3699999999999992,10.2,8.83,1.3678473702866794,1.3599597549675522,1.3542798834123033
1986-10-28,1.3900000000000006,10.22,8.83,1.3707150157245784,1.3619714603108766,1.355496641714513
1986-10-29,1.4000000000000004,10.21,8.81,1.3745059404429139,1.3645181178500811,1.3570125894728895
1986-10-30,1.42,10.17,8.75,1.380395120825951,1.3682335735215685,1.3591581719069608
1986-10-31,1.370000000000001,10.16,8.79,1.3790494782905631,1.3683518658184992,1.3595274843729754
1986-11-03,1.4000000000000004,10.1,8.7,1.381761511524502,1.370471246688076,1.3609061268328784
1986-11-04,1.3699999999999992,10.09,8.72,1.3802389904828691,1.3704396887071273,1.3612158975372424
1986-11-05,1.3499999999999996,10.06,8.71,1.3763245701983677,1.369070903900492,1.3608338428927211
1986-11-06,1.3499999999999996,10.09,8.74,1.3729168694147174,1.367793782517587,1.3604648024319435
1986-11-07,1.3400000000000016,10.13,8.79,1.3686557992109274,1.3659325160485078,1.3597676961332836
1986-11-10,1.3500000000000014,10.14,8.79,1.3662408165118123,1.3648655631114475,1.3594349725450376
1986-11-11,1.3600000000000012,10.15,8.79,1.365432946329786,1.364539730905385,1.359454219454412
1986-11-12,1.33,10.11,8.78,1.3608461713866367,1.3622267084535278,1.3584509006111416
1986-11-13,1.3499999999999996,10.11,8.76,1.3594421406102428,1.3614079223650435,1.3581630319124347
1986-11-14,1.379999999999999,10.11,8.73,1.3621033439280843,1.3626529781853718,1.358906879210648
1986-11-17,1.4000000000000004,10.07,8.67,1.3670090447095544,1.365153996511307,1.360306661760668
1986-11-18,1.4000000000000004,10.07,8.67,1.3712797052882255,1.367487529121843,1.3616587625783274
1986-11-19,1.3900000000000006,10.05,8.66,1.3737030368935954,1.3689951219496679,1.362624169167722
1986-11-20,1.3899999999999988,10.02,8.63,1.3758126695877033,1.3704017557958328,1.363556690464602
1986-11-21,1.3900000000000006,10.01,8.62,1.377649211517907,1.371714191581317,1.3644574466627544
1986-11-24,1.4100000000000001,9.99,8.58,1.3818370028638403,1.374278077637711,1.366008793219557
1986-11-25,1.450000000000001,9.99,8.54,1.3906606644471642,1.3793489482533956,1.3688698420605314
1986-11-26,1.450000000000001,9.99,8.54,1.3983421080088612,1.3840802378336439,1.3716334330748567
1986-11-27,1.450000000000001,9.99,8.54,1.405029193028424,1.3884946871045298,1.374302886033884
1986-11-28,1.4700000000000006,10.0,8.53,1.4134396273930907,1.393952854082996,1.3775626810468673
1986-12-01,1.4499999999999993,10.0,8.55,1.418172347032739,1.3977061637779578,1.380030162053253
1986-12-02,1.4600000000000009,10.0,8.54,1.4235869131479963,1.401877795635444,1.3827542283090042
1986-12-03,1.4600000000000009,9.98,8.52,1.4283005667296378,1.4057700657870247,1.3853855028678326
1986-12-04,1.4600000000000009,9.97,8.51,1.4324040405103184,1.4094016822504234,1.3879271465555807
1986-12-05,1.4699999999999989,9.94,8.47,1.4372708162885992,1.4134597703080145,1.3907228492395105
1986-12-08,1.5199999999999996,9.98,8.46,1.4479800625190116,1.420594450771468,1.395126503580549
1986-12-09,1.5,9.97,8.47,1.4547140141232964,1.4259120028586798,1.3986988798670825
1986-12-10,1.4699999999999989,9.95,8.48,1.4566927763844988,1.4288644441363678,1.4011276577705802
1986-12-11,1.4699999999999989,9.95,8.48,1.458415388985618,1.4316191692540259,1.4034737025824584
1986-12-12,1.4800000000000004,9.98,8.5,1.461209504722902,1.434859088756048,1.406080469206289
1986-12-15,1.4600000000000009,9.98,8.52,1.4610529350178318,1.436542700372094,1.4079171663677725
1986-12-16,1.4600000000000009,9.97,8.51,1.460916633172888,1.4381135655547999,1.4096912988812826
1986-12-17,1.4700000000000006,9.98,8.51,1.4620924698920326,1.4402489046801525,1.4117456346391606
1986-12-18,1.4600000000000009,9.98,8.52,1.4618216008431892,1.4415715764475943,1.4133893554687524
1986-12-19,1.4499999999999993,9.95,8.5,1.4602913012731003,1.4421360027589596,1.4146364484219143
1986-12-22,1.5,9.99,8.49,1.4654315699555414,1.4460109815519147,1.4175442443646773
1986-12-23,1.5199999999999996,9.99,8.47,1.4724954224866114,1.4509658047765108,1.4210342635243953
1986-12-24,1.5199999999999996,9.98,8.46,1.4786448632865752,1.4555888183122918,1.4244053998194106
1986-12-25,1.5199999999999996,9.98,8.46,1.4839982624389398,1.4599022424614967,1.427661702836523
1986-12-26,1.5200000000000014,9.96,8.44,1.48865866708658,1.4639268094991966,1.4308070842187397
1986-12-29,1.4700000000000006,9.92,8.45,1.4862433131425772,1.4643335128988626,1.4321421388103888
1986-12-30,1.4800000000000004,9.98,8.5,1.4854351197731046,1.465382650673153,1.4337723532523121
1986-12-31,1.4600000000000009,9.99,8.53,1.4821425578459808,1.4650221906599699,1.4346657631842006
1987-01-01,1.4600000000000009,9.99,8.53,1.4792762162056359,1.46468586957554,1.435528740294034
1987-01-02,1.4800000000000004,9.97,8.49,1.4793699096101116,1.4657114110772813,1.4370435946569557
1987-01-05,1.4600000000000009,9.9,8.44,1.4768624857220778,1.4653289349633323,1.4378255740976291
1987-01-06,1.4499999999999993,9.86,8.41,1.4733851520768888,1.464302402045911,1.4382402797370963
1987-01-07,1.42,9.82,8.4,1.4664744742121847,1.4613356027131625,1.437618948847813
1987-01-08,1.3900000000000006,9.76,8.37,1.4565748966031924,1.4565584708025432,1.4359968726373167
1987-01-09,1.3800000000000008,9.74,8.36,1.4466623193722516,1.4514315790403804,1.434089413586562
1987-01-12,1.3800000000000008,9.72,8.34,1.43803291968014,1.4466480198822442,1.4322469295935014
1987-01-13,1.4000000000000004,9.72,8.32,1.4331095796513422,1.4435241415399989,1.4311484807906447
1987-01-14,1.4000000000000004,9.72,8.32,1.428823563215974,1.4406094599851365,1.4300874491865014
1987-01-15,1.3499999999999996,9.69,8.34,1.4186198973586737,1.4345416155114665,1.4273593766601642
1987-01-16,1.33,9.67,8.34,1.4071481015648382,1.4275407762607544,1.4240429588775305
1987-01-19,1.3499999999999996,9.67,8.32,1.399750312008574,1.422348102440658,1.421520783880895
1987-01-20,1.3100000000000005,9.64,8.33,1.388132184675067,1.4148244861136907,1.4177219765807327
1987-01-21,1.3399999999999999,9.64,8.3,1.3819015004815527,1.4098137141188611,1.4150744807351758
1987-01-22,1.3500000000000014,9.64,8.29,1.3777718692142074,1.4058081686192485,1.4128578050280263
1987-01-23,1.3200000000000003,9.64,8.32,1.3702933332870983,1.4000618522651123,1.4096947273007907
1987-01-26,1.3399999999999999,9.67,8.33,1.3663718783572008,1.3960396896961593,1.407320669034344
1987-01-27,1.2799999999999994,9.68,8.4,1.3551910873568054,1.3882688588142102,1.4029836596432896
1987-01-28,1.299999999999999,9.7,8.4,1.3480466321873923,1.3823577573989627,1.399475658135085
1987-01-29,1.3100000000000005,9.68,8.37,1.3431215170822548,1.3775121748468488,1.3964277887471384
1987-01-30,1.3200000000000003,9.68,8.36,1.340128449720218,1.3736607565471433,1.3938243776902544
1987-02-02,1.299999999999999,9.68,8.38,1.3349338445081358,1.3687279160400454,1.3906283749497823
1987-02-03,1.2599999999999998,9.65,8.39,1.3252337005465018,1.3614467327664064,1.386178692952411
1987-02-04,1.2799999999999994,9.67,8.39,1.3193782234907254,1.355992488723939,1.3825618568804903
1987-02-05,1.2400000000000002,9.63,8.39,1.3091027571732967,1.3482248187498962,1.3777056766798499
1987-02-06,1.25,9.61,8.36,1.3014519385495675,1.3416469964813764,1.3733555525149976
1987-02-09,1.2599999999999998,9.61,8.35,1.2960860084540424,1.3361793413770138,1.3694942462595843
1987-02-10,1.2599999999999998,9.65,8.39,1.2914146949867753,1.3310778387782989,1.3657644702703757
1987-02-11,1.2799999999999994,9.69,8.41,1.2899370691505907,1.3276573087165509,1.362843017565151
1987-02-12,1.2599999999999998,9.68,8.42,1.2860617324124817,1.3231265011511326,1.3593398068424354
1987-02-13,1.2799999999999994,9.67,8.39,1.2852770445662363,1.3202384483835568,1.3566372017589885
1987-02-16,1.2799999999999994,9.67,8.39,1.2845939341196755,1.3175437998701094,1.3540266573261501
1987-02-17,1.2599999999999998,9.68,8.42,1.2814102632015512,1.3136902637372034,1.350823764198696
1987-02-18,1.2599999999999998,9.68,8.42,1.2786387166904287,1.310094787391123,1.3477299733692243
1987-02-19,1.2599999999999998,9.66,8.4,1.2762259453139697,1.30674008933994,1.344741568412943
1987-02-20,1.3000000000000007,9.67,8.37,1.2793034833012435,1.3062887257200697,1.343217506343138
1987-02-23,1.2699999999999996,9.66,8.39,1.2780991526285137,1.3038585783176553,1.340723449290122
1987-02-24,1.2700000000000014,9.64,8.37,1.277050721882974,1.3015911706169052,1.3383143489762033
1987-02-25,1.2699999999999996,9.62,8.35,1.2761380099068673,1.2994756044268407,1.3359873114629646
1987-02-26,1.290000000000001,9.64,8.35,1.277932436716018,1.2988410515449946,1.3344208148116594
1987-02-27,1.2599999999999998,9.62,8.36,1.2756110928844016,1.2962399825174615,1.33188576865477
1987-03-02,1.290000000000001,9.63,8.34,1.2774737288053002,1.2958221095554046,1.330458985608584
1987-03-03,1.2899999999999991,9.62,8.33,1.2790952475554538,1.2954322202955342,1.3290808040307787
1987-03-04,1.2400000000000002,9.6,8.36,1.2740343897816018,1.2917200903298696,1.3260463848231638
1987-03-05,1.2699999999999996,9.59,8.32,1.2735121402969296,1.290265560856928,1.324137239205596
1987-03-06,1.2400000000000002,9.58,8.34,1.2691740126127509,1.286899426617615,1.321271215964125
1987-03-09,1.25,9.61,8.36,1.2666919474806773,1.2844283824030263,1.3188434567063967
1987-03-10,1.2599999999999998,9.62,8.36,1.2658256786488518,1.2827924867119007,1.316839032552225
1987-03-11,1.25,9.62,8.37,1.2637770534623014,1.2805964719767358,1.3145622497323846
1987-03-12,1.25,9.62,8.37,1.2619936216521672,1.2785475177789258,1.3123630224936287
1987-03-13,1.2300000000000004,9.59,8.36,1.2578520653511773,1.2752964357449577,1.3095574355866502
1987-03-16,1.2300000000000004,9.58,8.35,1.254246631180428,1.2722630689490726,1.3068474172692437
1987-03-17,1.2200000000000006,9.58,8.36,1.2498134240651164,1.2687631675684476,1.3038890754136576
1987-03-18,1.2200000000000006,9.57,8.35,1.2459540931136734,1.2654976441131993,1.3010315055419681
1987-03-19,1.2100000000000009,9.57,8.36,1.2412998560129098,1.2617811329101836,1.2979306382797104
1987-03-20,1.2200000000000006,9.58,8.36,1.238542601650165,1.2589831754289855,1.2952760346506738
1987-03-23,1.2300000000000004,9.59,8.36,1.2374367666785655,1.2570422588747425,1.293052493277243
1987-03-24,1.25,9.61,8.36,1.2390630701552046,1.2565706598650777,1.2915859673072818
1987-03-25,1.2599999999999998,9.62,8.36,1.241773343929922,1.256800312514916,1.290510033306336
1987-03-26,1.2799999999999994,9.62,8.34,1.246721763025266,1.258353926183073,1.2901520229888002
1987-03-27,1.2700000000000014,9.64,8.37,1.249735117689105,1.259133828906934,1.2894655711062109
1987-03-30,1.2300000000000004,9.68,8.45,1.2471804178209656,1.2571828235399582,1.2874399554517526
1987-03-31,1.2299999999999986,9.7,8.47,1.244956422411704,1.2553624711659042,1.2854833397026726
1987-04-01,1.2300000000000004,9.75,8.52,1.2430203219554037,1.2536640223446895,1.2835933734688898
1987-04-02,1.200000000000001,9.74,8.54,1.2374513655114574,1.2500703033061638,1.2807458762909831
1987-04-03,1.2100000000000009,9.75,8.54,1.2338978017092472,1.2473869149655372,1.2783360120310834
1987-04-06,1.1900000000000013,9.72,8.53,1.228215256005447,1.2435438849453637,1.2753269631731659
1987-04-07,1.2100000000000009,9.74,8.53,1.2258573013761251,1.2412975513183393,1.2731016869872964
1987-04-08,1.2200000000000006,9.74,8.52,1.225099077012381,1.2398713180189587,1.2712928485882256
1987-04-09,1.1999999999999993,9.79,8.59,1.2218500156313412,1.2372012551277445,1.2688643524439056
1987-04-10,1.2199999999999989,9.85,8.63,1.2216105321499704,1.2360493385300273,1.2671998532149558
1987-04-13,1.1999999999999993,9.92,8.72,1.2188130609362857,1.2336352221715945,1.2649107795187429
1987-04-14,1.209999999999999,10.04,8.83,1.2176722151624466,1.2320524420483998,1.2630403167867361
1987-04-15,1.2399999999999984,10.12,8.88,1.220562534332513,1.2325846662290063,1.2622554790142453
1987-04-16,1.2699999999999996,10.12,8.85,1.2269621864152365,1.2350902592023016,1.2625192858297385
1987-04-17,1.2699999999999996,10.12,8.85,1.2325334071407505,1.237428060109749,1.2627741064166413
1987-04-20,1.17,10.11,8.94,1.2244384928112062,1.2329126046377228,1.2596138797713736
1987-04-21,1.1399999999999988,10.19,9.05,1.2135079774806712,1.2266905254566112,1.2555393919148183
1987-04-22,1.17,10.22,9.05,1.2078758943036734,1.2228941305585754,1.2526256062046632
1987-04-23,1.1799999999999997,10.29,9.11,1.204267375488446,1.220021638954438,1.2501517114432739
1987-04-24,1.1500000000000004,10.33,9.18,1.1972424943000692,1.2153324992659698,1.2467401764870565
1987-04-27,1.1400000000000006,10.38,9.24,1.1898324856574005,1.2102877071500722,1.2431042142246975
1987-04-28,1.1099999999999994,10.37,9.26,1.1794982153583797,1.203571739416599,1.2385701960526305
1987-04-29,1.1599999999999984,10.37,9.21,1.1769741823635063,1.2006538703743315,1.2358938067379832
1987-04-30,1.1999999999999993,10.37,9.17,1.1799548614861965,1.2006100826314396,1.2346711319116255
1987-05-01,1.1999999999999993,10.35,9.15,1.1825496933754596,1.2005692272226967,1.2334901058783847
1987-05-04,1.209999999999999,10.42,9.21,1.186103120105355,1.2012007778630887,1.2326899466382228
1987-05-05,1.2100000000000009,10.41,9.2,1.189196557746697,1.2017900354464008,1.2319170437592255
1987-05-06,1.2400000000000002,10.44,9.2,1.195773034729005,1.20434884246604,1.232192378921926
1987-05-07,1.25,10.48,9.23,1.202792684837496,1.2074059639189714,1.2327989718689607
1987-05-08,1.2699999999999996,10.48,9.21,1.211492633927662,1.2115976992629551,1.2340661754548738
1987-05-11,1.1999999999999993,10.41,9.21,1.2100049189394821,1.2108210360382592,1.2329057564593906
1987-05-12,1.2300000000000004,10.46,9.23,1.2125932709196146,1.2121053938802004,1.2328067757271335
1987-05-13,1.1999999999999993,10.45,9.25,1.2109630790928112,1.2112947318657747,1.2316892565097282
1987-05-14,1.2200000000000006,10.46,9.24,1.2121329034137842,1.2118776976305936,1.2312910775208679
1987-05-15,1.1500000000000004,10.46,9.31,1.2040898340660937,1.2077339333296828,1.2285220049948522
1987-05-18,1.129999999999999,10.52,9.39,1.194498946780754,1.2025283243585165,1.2251659838230429
1987-05-19,1.1000000000000014,10.55,9.45,1.1822661113508761,1.1956623091934828,1.2209023709202966
1987-05-20,1.1300000000000008,10.64,9.51,1.1755002926778033,1.1912651007780102,1.217805902457316
1987-05-21,1.1400000000000006,10.71,9.57,1.170904799787839,1.1878320303403427,1.2151555477883045
1987-05-22,1.1500000000000004,10.69,9.54,1.168198685230896,1.1852985324443612,1.2129361106397223
1987-05-25,1.1500000000000004,10.69,9.54,1.1658428756790056,1.1829346953234214,1.2107922756681413
1987-05-26,1.1799999999999997,10.61,9.43,1.167675507447705,1.182738167556861,1.2097433777181261
1987-05-27,1.17,10.56,9.39,1.167976411699222,1.181885130582275,1.2083895723721203
1987-05-28,1.1999999999999993,10.59,9.39,1.1721218471659944,1.1830982291958814,1.2081037927383753
1987-05-29,1.17,10.57,9.4,1.1718471752455846,1.182221079970468,1.2068058376758195
1987-06-01,1.1799999999999997,10.54,9.36,1.172902553817589,1.1820723408892881,1.2058927324383364
1987-06-02,1.1999999999999993,10.61,9.41,1.1764103029620157,1.1832729025886803,1.205692004338823
1987-06-03,1.25,10.63,9.38,1.1859364477907917,1.1877414166857485,1.207201297329025
1987-06-04,1.2399999999999984,10.62,9.38,1.192934944170484,1.1912410176768284,1.2083185415485007
1987-06-05,1.2700000000000014,10.63,9.36,1.2029109722371678,1.1965152711126168,1.2104196384606285
1987-06-08,1.25,10.61,9.36,1.2090066203559997,1.2000969834046697,1.2117678908771414
1987-06-09,1.2199999999999989,10.61,9.39,1.2104297071583874,1.2014298288854521,1.212048306734557
1987-06-10,1.2100000000000009,10.58,9.37,1.2103740818087867,1.2020037476070111,1.21197853388769
1987-06-11,1.2100000000000009,10.58,9.37,1.2103256571293584,1.2025392327086863,1.2119111377601286
1987-06-12,1.1899999999999995,10.52,9.33,1.2076945122633267,1.201699517805762,1.2111647639705851
1987-06-15,1.1999999999999993,10.52,9.32,1.206698461985128,1.20158570618248,1.2107844511230594
1987-06-16,1.1799999999999997,10.49,9.31,1.2032423611202931,1.2001401760138737,1.2097358197057744
1987-06-17,1.200000000000001,10.47,9.27,1.2028226392996808,1.2001307888455663,1.20940418194567
1987-06-18,1.1900000000000013,10.48,9.29,1.2011627558652802,1.1994523602232066,1.2087432042743904
1987-06-19,1.1600000000000001,10.45,9.29,1.1958342603053405,1.196810353682246,1.2070828317968385
1987-06-22,1.1899999999999995,10.43,9.24,1.1950790185952302,1.1963542846695698,1.2065009278334786
1987-06-23,1.17,10.42,9.25,1.1918325537649916,1.1945894170650615,1.205257572233821
1987-06-24,1.1899999999999995,10.44,9.25,1.1915953307123839,1.1942820775336245,1.2047378433118425
1987-06-25,1.1799999999999997,10.43,9.25,1.1900943216832707,1.1933256495265583,1.2038951815541592
1987-06-26,1.1999999999999993,10.45,9.25,1.191376606161541,1.1937726108111995,1.2037624973709204
1987-06-29,1.1799999999999997,10.48,9.3,1.1899039109023275,1.1928503002664455,1.2029530594765532
1987-06-30,1.17,10.5,9.33,1.187327360847817,1.191320084015116,1.201830557297624
1987-07-01,1.1999999999999993,10.54,9.34,1.1889678268476185,1.1919013520223354,1.2017682017959535
1987-07-02,1.2200000000000006,10.55,9.33,1.1929849241818915,1.19378303441926,1.2023892437730848
1987-07-03,1.2200000000000006,10.55,9.33,1.1964820105290581,1.1955387061751845,1.2029891307805833
1987-07-06,1.2299999999999986,10.53,9.3,1.2008208953855177,1.1978464759304033,1.2039092201451276
1987-07-07,1.2199999999999989,10.52,9.3,1.203303619674347,1.1993300311642614,1.2044573311774465
1987-07-08,1.1999999999999993,10.52,9.32,1.202875967968419,1.1993748969729543,1.2043054981143448
1987-07-09,1.1899999999999995,10.51,9.32,1.2012091811678898,1.1987470881680249,1.2038182003320115
1987-07-10,1.1899999999999995,10.52,9.33,1.1997581589797948,1.1981613218406486,1.203347501701051
1987-07-13,1.1899999999999995,10.53,9.34,1.1984949707965935,1.197614782531875,1.2028928367934313
1987-07-14,1.2100000000000009,10.57,9.36,1.1999842903462363,1.1984441834948816,1.2031349328631773
1987-07-15,1.2199999999999989,10.6,9.38,1.202575312686144,1.1998877120412108,1.2037094189627864
1987-07-16,1.200000000000001,10.56,9.36,1.2022419399095865,1.1998952316298976,1.203583062535358
1987-07-17,1.1899999999999995,10.57,9.38,1.2006572276841279,1.1992325775695931,1.2031203735609604
1987-07-20,1.1899999999999995,10.57,9.38,1.1992776555635924,1.1986142994693532,1.2026734454715966
1987-07-21,1.1899999999999995,10.6,9.41,1.1980766682769528,1.1980374256038846,1.2022417413936632
1987-07-22,1.17,10.64,9.47,1.1944421593839796,1.1961598430861833,1.2011434693199394
1987-07-23,1.1600000000000001,10.66,9.5,1.1899836412528582,1.1937383265682031,1.1997419717141342
1987-07-24,1.120000000000001,10.64,9.52,1.1809242983141897,1.1888002914288485,1.1970256674187798
1987-07-27,1.1700000000000017,10.71,9.54,1.1795101540510329,1.1875412921536224,1.19610507397324
1987-07-28,1.1900000000000013,10.73,9.54,1.1808680587002374,1.1877059444627793,1.195897112741526
1987-07-29,1.17,10.74,9.57,1.1794611946234268,1.1865202303300917,1.1950149620113026
1987-07-30,1.1899999999999995,10.76,9.57,1.1808254370429558,1.1867532600950266,1.1948441339948952
1987-07-31,1.1999999999999993,10.77,9.57,1.1833075734167882,1.1876403546383525,1.1950197617186007
1987-08-03,1.1999999999999993,10.84,9.64,1.1854683986352057,1.1884680431138879,1.1951894069172941
1987-08-04,1.2299999999999986,10.86,9.63,1.1912329893473996,1.191249314022173,1.1963751835099945
1987-08-05,1.1899999999999995,10.85,9.66,1.1910733795709167,1.191165651199477,1.1961580213558662
1987-08-06,1.1999999999999993,10.85,9.65,1.1922289255571308,1.1917572611103684,1.1962888932526778
1987-08-07,1.129999999999999,10.79,9.66,1.1841734261970727,1.1876215620829267,1.1940308501969825
1987-08-10,1.1199999999999992,10.77,9.65,1.1758662123245038,1.183093148362625,1.1915090876664585
1987-08-11,1.129999999999999,10.77,9.64,1.1699288569753563,1.1795376590468873,1.1894138623360553
1987-08-12,1.1400000000000006,10.76,9.62,1.1660545832987057,1.1768899402988795,1.187730644782887
1987-08-13,1.1600000000000001,10.76,9.6,1.1652708209012115,1.1757588715239415,1.1867860372203007
1987-08-14,1.1199999999999992,10.75,9.63,1.1594105386364275,1.1720248667026996,1.1845110596160153
1987-08-17,1.0700000000000003,10.71,9.64,1.1478363947745518,1.1651925665907639,1.180610392546788
1987-08-18,1.0700000000000003,10.77,9.7,1.1377605173159255,1.1588178051782472,1.1768425965175804
1987-08-19,1.0699999999999985,10.79,9.72,1.1289889565186155,1.152869942467193,1.17320314545299
1987-08-20,1.0899999999999999,10.77,9.68,1.1239418580596088,1.1486597304979123,1.1703689408738613
1987-08-21,1.129999999999999,10.79,9.66,1.1247260811212645,1.1474101441677376,1.1689938265502817
1987-08-24,1.1199999999999992,10.79,9.67,1.1241142925823,1.1455745688112793,1.1673249169579598
1987-08-25,1.129999999999999,10.79,9.66,1.124876194092125,1.1445315865298835,1.1660534932637963
1987-08-26,1.120000000000001,10.8,9.68,1.1242449735136408,1.1428887795671212,1.1644847422173965
1987-08-27,1.1399999999999988,10.85,9.71,1.1262844528175546,1.1426953266414015,1.163650702012143
1987-08-28,1.120000000000001,10.88,9.76,1.1254709339403302,1.1411754885101317,1.1621637988566018
1987-08-31,1.1300000000000008,10.92,9.79,1.1260572189905491,1.1404270994764936,1.1610681817918231
1987-09-01,1.1099999999999994,10.91,9.8,1.1239786210371916,1.1383894876483407,1.1593286120448603
1987-09-02,1.1300000000000008,11.0,9.87,1.1247580851521077,1.1378276687579925,1.1583295718510733
1987-09-03,1.1899999999999995,11.1,9.91,1.1332036142786497,1.1413214937058205,1.1594083828983475
1987-09-04,1.1199999999999992,11.08,9.96,1.1314944138478231,1.139893657056375,1.1580659887056945
1987-09-07,1.1199999999999992,11.08,9.96,1.130006468449981,1.1385614383559168,1.1567693213872732
1987-09-08,1.129999999999999,11.18,10.05,1.1300056311127746,1.137988104441079,1.155857460028632
1987-09-09,1.0700000000000003,11.26,10.19,1.1222379359661654,1.1334351444755768,1.1529328397508685
1987-09-10,0.9800000000000004,11.15,10.17,1.1038253152774233,1.1231600518569296,1.1470421123795025
1987-09-11,1.0700000000000003,11.24,10.17,1.0994466472684299,1.1196000822143228,1.144417775204472
1987-09-14,1.08,11.26,10.18,1.0969292897337526,1.116948183173533,1.1422234692985136
1987-09-15,1.120000000000001,11.38,10.26,1.0999157801820767,1.117152554216779,1.1414664563501802
1987-09-16,1.0999999999999996,11.44,10.34,1.0999266823900662,1.1160038989733787,1.1400539566204153
1987-09-17,1.1199999999999992,11.45,10.33,1.10252516204745,1.1162715059046482,1.1393708452383422
1987-09-18,1.1499999999999986,11.45,10.3,1.1086707530780153,1.1185302022541823,1.1397329132699503
1987-09-21,1.1300000000000008,11.41,10.28,1.1114318120773843,1.1192983002968977,1.1394013745137197
1987-09-22,1.1899999999999995,11.43,10.24,1.121602419746811,1.1240329816192776,1.1411249494491391
1987-09-23,1.1999999999999993,11.42,10.22,1.131750942349533,1.1291202655821029,1.1431304498056367
1987-09-24,1.17,11.41,10.24,1.13670226131684,1.1318578591028394,1.1440457253253948
1987-09-25,1.1500000000000004,11.44,10.29,1.1384236460988104,1.13307278400584,1.1442485497794017
1987-09-28,1.1300000000000008,11.39,10.26,1.1373332098563267,1.1328670088533155,1.1437631918664182
1987-09-29,1.1799999999999997,11.5,10.32,1.1428564018063876,1.136023364270331,1.144997550579494
1987-09-30,1.129999999999999,11.54,10.41,1.141192147834512,1.1356199975842627,1.144486678949621
1987-10-01,1.1400000000000006,11.48,10.34,1.1410378249688666,1.135913313243106,1.1443338461936614
1987-10-02,1.2100000000000009,11.56,10.35,1.1499649396805212,1.140874677022165,1.146570676457691
1987-10-05,1.1799999999999997,11.57,10.39,1.1538529613202446,1.1434947828571467,1.1477094019391012
1987-10-06,1.1600000000000001,11.59,10.43,1.154648692014736,1.144600087873239,1.1481280648287646
1987-10-07,1.1600000000000001,11.55,10.39,1.1553414158190574,1.145631373918964,1.148532466523463
1987-10-08,1.08,11.66,10.58,1.145588511980808,1.1412362371462819,1.1461979991258386
1987-10-09,1.08,11.68,10.6,1.137098116050647,1.1371354295350526,1.1439430522577827
1987-10-12,1.0999999999999996,11.76,10.66,1.1322957858251157,1.1346485809110944,1.1424461905796353
1987-10-13,1.120000000000001,11.72,10.6,1.130704103276223,1.1336676092692475,1.1416815909268403
1987-10-14,1.08,11.78,10.7,1.1241404856685409,1.1300736500251145,1.139580489502116
1987-10-15,0.9700000000000006,11.82,10.85,1.1041870866254864,1.1193539965491486,1.1338039554869521
1987-10-16,0.9700000000000006,11.82,10.85,1.086816643848883,1.1093522061982302,1.1282241914264355
1987-10-19,0.9799999999999986,12.04,11.06,1.0729892894720465,1.1006898759110206,1.1231751313243048
1987-10-20,1.129999999999999,11.87,10.74,1.0803692938359777,1.1026526872389444,1.1234076114060048
1987-10-21,1.1000000000000014,11.8,10.7,1.08291047769101,1.1024750447101637,1.1226102622304155
1987-10-22,1.1600000000000001,11.65,10.49,1.0928896729296795,1.1063273188779028,1.123883893959385
1987-10-23,1.0899999999999999,11.51,10.42,1.0925156063966739,1.105233927176425,1.122729684140807
1987-10-26,1.1100000000000012,11.38,10.27,1.0947789512997335,1.1055530968155378,1.122296064367344
1987-10-27,1.0899999999999999,11.34,10.25,1.0941603187459477,1.1045115524494629,1.121195941853713
1987-10-28,1.0699999999999985,11.37,10.3,1.0910327790936984,1.1022004170245017,1.1194520201300253
1987-10-29,1.129999999999999,11.35,10.22,1.0960770638899344,1.1040620719328949,1.1198113230468234
1987-10-30,1.1400000000000006,11.33,10.19,1.1017628632277627,1.1064687274659142,1.120499023497999
1987-11-02,1.1600000000000001,11.35,10.19,1.1093016277781755,1.1100535566467498,1.1218445717687104
1987-11-03,1.2200000000000006,11.38,10.16,1.1236314697063268,1.1174163410492848,1.125188105990222
1987-11-04,1.2100000000000009,11.3,10.09,1.1348118273017846,1.1236163917217907,1.1280771104510319
1987-11-05,1.2300000000000004,11.21,9.98,1.1471338826384399,1.1307405837177027,1.1315489782356571
1987-11-06,1.17,11.17,10.0,1.1500938886504986,1.1333696693801394,1.1328587611935415
1987-11-09,1.17,11.17,10.0,1.152670723551656,1.135822693040769,1.1341239281355684
1987-11-10,1.2199999999999989,11.18,9.96,1.1613864604615736,1.1414597954683166,1.1370491824007847
1987-11-11,1.2299999999999986,11.19,9.96,1.1702684445050817,1.1473890680945225,1.1402154284776511
1987-11-12,1.2299999999999986,11.19,9.96,1.178000660717345,1.1529212750705886,1.143273820589612
1987-11-13,1.209999999999999,11.19,9.98,1.182142957162381,1.1567436665260047,1.145546759217149
1987-11-16,1.2600000000000016,11.21,9.95,1.1922215075011404,1.163658434283636,1.1494454567646615
1987-11-17,1.25,11.22,9.97,1.199700900808717,1.1694404706456891,1.1528707136505425
1987-11-18,1.25,11.22,9.97,1.206212090865741,1.1748353013297501,1.156179293712515
1987-11-19,1.2400000000000002,11.23,9.99,1.2105859166705726,1.179199186257102,1.159034534680779
1987-11-20,1.2599999999999998,11.22,9.96,1.2169825419228053,1.1846101750348554,1.162473789081363
1987-11-23,1.2300000000000004,11.22,9.99,1.2186676445382145,1.1876497958274392,1.164773979719047
1987-11-24,1.2200000000000006,11.21,9.99,1.218840117202232,1.189816192224049,1.1666551807086873
1987-11-25,1.2200000000000006,11.22,10.0,1.2189902633770457,1.1918375115348325,1.1684723010865903
1987-11-26,1.2200000000000006,11.22,10.0,1.2191209732141064,1.193723469138224,1.1702275236736364
1987-11-27,1.1600000000000001,11.22,10.06,1.2114677965341554,1.1914651092950361,1.1698791366713042
1987-11-30,1.0999999999999996,11.23,10.13,1.1970383530621866,1.1853399645467886,1.167498796744717
1987-12-01,1.0999999999999996,11.23,10.13,1.1844767929196147,1.1796250024187351,1.1651995399344361
1987-12-02,1.120000000000001,11.23,10.11,1.1761303083956982,1.175632094377142,1.1636598776733613
1987-12-03,1.1899999999999995,11.25,10.06,1.1779257321611314,1.1765942700345862,1.1645571189363753
1987-12-04,1.200000000000001,11.21,10.01,1.1807832336985236,1.1781616817512672,1.1657644335788824
1987-12-07,1.1999999999999993,11.25,10.05,1.1832708332715196,1.179624128594252,1.166930622652523
1987-12-08,1.1500000000000004,11.25,10.1,1.178963942645853,1.177640289323966,1.16635390349139
1987-12-09,1.1300000000000008,11.24,10.11,1.1726255878515466,1.174449961665619,1.1651155560805613
1987-12-10,1.1400000000000006,11.34,10.2,1.168402223882031,1.172142950791201,1.1642600280393636
1987-12-11,1.17,11.43,10.26,1.168609055100481,1.1719994437874304,1.1644555525562115
1987-12-14,1.1600000000000001,11.42,10.26,1.1674946177671712,1.1711958769337638,1.1643037800794784
1987-12-15,1.1799999999999997,11.4,10.22,1.1691134324529775,1.1717854627176514,1.1648384509519742
1987-12-16,1.1899999999999995,11.37,10.18,1.171817186856617,1.1730052357899916,1.1656955456824876
1987-12-17,1.1799999999999997,11.34,10.16,1.1728764474086808,1.1734736542240412,1.1661828079092689
1987-12-18,1.1799999999999997,11.29,10.11,1.1737985872789574,1.1739107040768535,1.1666534721958297
1987-12-21,1.2200000000000006,11.3,10.08,1.1797793341306195,1.1769971663470014,1.1684706507719527
1987-12-22,1.2200000000000006,11.31,10.09,1.1849858766712655,1.179876937472183,1.1702259295747737
1987-12-23,1.1799999999999997,11.27,10.09,1.1843404577446952,1.1798851786015248,1.170558870294804
1987-12-24,1.1900000000000013,11.23,10.04,1.1850730823016464,1.1805625379317202,1.1712211065424114
1987-12-25,1.1900000000000013,11.23,10.04,1.1857108690223848,1.1811945365339178,1.1718607845923061
1987-12-28,1.209999999999999,11.27,10.06,1.1888550833454636,1.183123552249637,1.1731599462810183
1987-12-29,1.1600000000000001,11.23,10.07,1.18511980906035,1.1815750371304365,1.1727116701995348
1987-12-30,1.17,11.23,10.06,1.1831625582944176,1.180799891520961,1.1726193007577936
1987-12-31,1.1600000000000001,11.22,10.06,1.1801641781705845,1.1794069850094433,1.1721894410475817
1988-01-01,1.1600000000000001,11.22,10.06,1.1775539366648058,1.1781073572800709,1.171774223937147
1988-01-04,1.1900000000000013,11.21,10.02,1.1791650725527276,1.1789037719857463,1.1723950607780416
1988-01-05,1.2200000000000006,11.21,9.99,1.184451130908621,1.181655863434982,1.1740166597692512
1988-01-06,1.2199999999999989,11.2,9.98,1.1890529119879596,1.1842236555528454,1.1755830211458083
1988-01-07,1.2200000000000006,11.21,9.99,1.1930589950987436,1.18661949031422,1.1770960265036496
1988-01-08,1.2300000000000004,11.27,10.04,1.1978409873744864,1.1895245532734853,1.178898130055398
1988-01-11,1.2100000000000009,11.23,10.02,1.1994149647097347,1.1908957326877074,1.179957573923013
1988-01-12,1.200000000000001,11.22,10.02,1.1994906971985118,1.1915054182338611,1.1806402925324477
1988-01-13,1.200000000000001,11.21,10.01,1.1995566261592763,1.1920742749628856,1.1812997552397337
1988-01-14,1.1899999999999995,11.18,9.99,1.1983195262861683,1.1919353669738912,1.1815961175155207
1988-01-15,1.1600000000000001,11.11,9.95,1.1933590851936646,1.1897967509834755,1.1808604744719715
1988-01-18,1.1500000000000004,11.07,9.92,1.1877462760393496,1.1871316816235575,1.179809253420335
1988-01-19,1.1499999999999986,11.04,9.89,1.1828600418683868,1.18464508398602,1.1787938408168288
1988-01-20,1.1199999999999992,11.0,9.88,1.174722844857342,1.1803159960996246,1.1767911067619994
1988-01-21,1.1199999999999992,11.0,9.88,1.1676390034157254,1.176276814278355,1.1748565931812647
1988-01-22,1.1500000000000004,10.97,9.82,1.165355644359542,1.1745171346341907,1.1740098863670891
1988-01-25,1.1900000000000013,10.89,9.7,1.1685458423151296,1.1755539758101774,1.1745545683383352
1988-01-26,1.1899999999999995,10.91,9.72,1.171323070942392,1.1765213828343568,1.1750806964420717
1988-01-27,1.1999999999999993,10.87,9.67,1.1750352832552964,1.1780936755887925,1.175929539401891
1988-01-28,1.2300000000000004,10.82,9.59,1.1821504348764864,1.181569686854931,1.177771377786587
1988-01-29,1.25,10.77,9.52,1.1909335228623281,1.1861522602144559,1.1802317498158763
1988-02-01,1.2899999999999991,10.78,9.49,1.203757622524037,1.1931066326835578,1.1839708593846436
1988-02-02,1.2400000000000002,10.73,9.49,1.2084491778731097,1.1962469412095056,1.1858794176011886
1988-02-03,1.2599999999999998,10.69,9.43,1.2151224027590573,1.200516292837083,1.1884042367399206
1988-02-04,1.2400000000000002,10.69,9.45,1.2183427937084432,1.2031603985888202,1.1901617778484834
1988-02-05,1.2400000000000002,10.66,9.42,1.221146306863465,1.2056274364883033,1.191859450654823
1988-02-08,1.2100000000000009,10.65,9.44,1.219703423718661,1.205920253985997,1.1924773843608396
1988-02-09,1.200000000000001,10.63,9.43,1.2171528266171427,1.2055237922872126,1.1927336322655968
1988-02-10,1.1999999999999993,10.6,9.4,1.2149324028736743,1.2051538804423658,1.1929811514260127
1988-02-11,1.1899999999999995,10.6,9.41,1.211704917366003,1.2041390704025319,1.1928796024644117
1988-02-12,1.2300000000000004,10.63,9.4,1.2140732055074248,1.2058708994937517,1.194144059476243
1988-02-15,1.2300000000000004,10.63,9.4,1.216134920082987,1.207486753171563,1.1953654444403345
1988-02-16,1.200000000000001,10.63,9.43,1.2140462637669824,1.2069853877085612,1.1955233144164985
1988-02-17,1.1899999999999995,10.6,9.41,1.2109334884675136,1.2058479271061315,1.1953351700509702
1988-02-18,1.1999999999999993,10.59,9.39,1.2095181545441855,1.205456308922123,1.1954940712839754
1988-02-19,1.1899999999999995,10.58,9.39,1.2069915404329414,1.2044212461517256,1.1953069230468945
1988-02-22,1.209999999999999,10.59,9.38,1.2073809838292435,1.2047948386078968,1.195807423187307
1988-02-23,1.2200000000000006,10.56,9.34,1.2090145083643051,1.205813082779526,1.196631511166315
1988-02-24,1.2299999999999986,10.54,9.31,1.2117310684354994,1.2074328082697279,1.1977681643942206
1988-02-25,1.2199999999999989,10.54,9.32,1.2128014769686666,1.2082743955046875,1.1985254623296926
1988-02-26,1.2599999999999998,10.56,9.3,1.2189112991883275,1.211738304498689,1.2006195107603912
1988-02-29,1.2400000000000002,10.53,9.29,1.221641219629215,1.2136309057005092,1.2019609547926278
1988-03-01,1.2400000000000002,10.5,9.26,1.2240177534067833,1.21539676506163,1.2032567043165845
1988-03-02,1.2300000000000004,10.48,9.25,1.2247921518584988,1.216374700019338,1.20416767914421
1988-03-03,1.17,10.42,9.25,1.2176993386646229,1.2132691250906649,1.2030038025604401
1988-03-04,1.1600000000000001,10.45,9.29,1.2102301917763012,1.2097018511398914,1.2015389351750403
1988-03-07,1.1300000000000008,10.46,9.33,1.199844438644215,1.2043644566000742,1.199102056418171
1988-03-08,1.1500000000000004,10.48,9.33,1.1933921041389006,1.2007238315748403,1.1974294601192286
1988-03-09,1.17,10.5,9.33,1.1903640094348014,1.1986663484857463,1.1964951120119582
1988-03-10,1.1799999999999997,10.53,9.35,1.1890223942514726,1.1974163189687244,1.1959332279420352
1988-03-11,1.1499999999999986,10.53,9.38,1.1839709672967829,1.1942409899350521,1.1943685735739975
1988-03-14,1.17,10.55,9.38,1.182162433450006,1.1926176433569153,1.1935384904992021
1988-03-15,1.1799999999999997,10.54,9.36,1.181882507657993,1.1917726775274473,1.1930773198119833
1988-03-16,1.1900000000000013,10.56,9.37,1.1829333124691142,1.1916539666164643,1.192972495002115
1988-03-17,1.1899999999999995,10.54,9.35,1.1838480911893496,1.1915432054200616,1.1928712409100903
1988-03-18,1.1799999999999997,10.54,9.36,1.183349957952503,1.190770191485004,1.1924327991933998
1988-03-21,1.209999999999999,10.62,9.41,1.186799790883686,1.192057954234573,1.1930312025433871
1988-03-22,1.200000000000001,10.63,9.43,1.1885085505181665,1.1925898092805616,1.1932685853677385
1988-03-23,1.200000000000001,10.63,9.43,1.1899961121805012,1.1930860475851843,1.1934978820616424
1988-03-24,1.1799999999999997,10.65,9.47,1.1887021210895066,1.1922097141257975,1.1930380946468835
1988-03-25,1.1999999999999993,10.67,9.47,1.1901646251504185,1.1927314062658658,1.1932752427008884
1988-03-28,1.1799999999999997,10.68,9.5,1.1888488201503908,1.1918788220747112,1.1928230392000825
1988-03-29,1.17,10.69,9.52,1.18640885099939,1.1904136628116695,1.1920456026998356
1988-03-30,1.2199999999999989,10.77,9.55,1.1907572063157548,1.1923949713045552,1.1929978320945724
1988-03-31,1.1999999999999993,10.76,9.56,1.1919536807517503,1.1929042573255657,1.193236351638916
1988-04-01,1.1999999999999993,10.76,9.56,1.1929952722459758,1.193379437985297,1.193466746331956
1988-04-04,1.2300000000000004,10.83,9.6,1.1977855134091144,1.1958318074716627,1.1947112030682094
1988-04-05,1.2300000000000004,10.84,9.61,1.2019556605520092,1.19811994910988,1.195913269039532
1988-04-06,1.2200000000000006,10.84,9.62,1.2042914901292452,1.1995851906630137,1.1967337515202452
1988-04-07,1.1999999999999993,10.83,9.63,1.2037359591493941,1.1996129692033943,1.1968450119341094
1988-04-08,1.1999999999999993,10.79,9.59,1.2032523413419562,1.1996388874980262,1.196952482409832
1988-04-11,1.2400000000000002,10.84,9.6,1.2080093050554264,1.2023417504605296,1.1984188388896255
1988-04-12,1.25,10.83,9.58,1.2134449768628057,1.2055332808607804,1.200175882595364
1988-04-13,1.2200000000000006,10.81,9.59,1.2142935209154966,1.206502073763811,1.2008511648099909
1988-04-14,1.2599999999999998,10.89,9.63,1.2202101988867031,1.2100846698428331,1.202865991276382
1988-04-15,1.25,10.92,9.67,1.2240664718603398,1.2127576800952793,1.2044715486459967
1988-04-18,1.2400000000000002,10.96,9.72,1.2261290581027242,1.2145820167628956,1.205681778126729
1988-04-19,1.2699999999999996,10.98,9.71,1.231808126818995,1.2182931933153478,1.2078726928807588
1988-04-20,1.25,10.99,9.74,1.2341630545548645,1.2204165033069398,1.2093077036137507
1988-04-21,1.2400000000000002,10.97,9.73,1.2349186438548085,1.2217279514957229,1.210353195902393
1988-04-22,1.2300000000000004,10.98,9.75,1.2342819281784565,1.2222819058379168,1.211022438174852
1988-04-25,1.209999999999999,10.95,9.74,1.2311386462536713,1.2214594233457248,1.210987610177169
1988-04-26,1.209999999999999,10.94,9.73,1.228402260403451,1.2206920200455482,1.2109539685489434
1988-04-27,1.129999999999999,10.85,9.72,1.215664143223836,1.2146186467716138,1.2081963791920638
1988-04-28,1.2199999999999989,10.94,9.72,1.216225417441139,1.2149790198988024,1.208598453848761
1988-04-29,1.209999999999999,10.94,9.73,1.2154195406601371,1.2146455898311008,1.2086461956558534
1988-05-02,1.1899999999999995,10.95,9.76,1.212128995440411,1.2129951484083012,1.2080110377802293
1988-05-03,1.1700000000000017,10.96,9.79,1.2066754207117498,1.2101158919409665,1.2067162422920583
1988-05-04,1.1800000000000015,10.96,9.78,1.203222302526775,1.2080991207504794,1.2058061890022576
1988-05-05,1.1799999999999997,10.95,9.77,1.200216188545717,1.2062174066933737,1.2049271354683815
1988-05-06,1.17,10.98,9.81,1.1963047199591357,1.2037920353128237,1.2037373890141891
1988-05-09,1.1500000000000004,10.99,9.84,1.190310600043695,1.2001897436287776,1.2019068962703723
1988-05-10,1.1400000000000006,10.97,9.83,1.1837979212078047,1.1961590165577918,1.1997981201185346
1988-05-11,1.1600000000000001,11.02,9.86,1.180717293712731,1.1937375553899454,1.1984424500454072
1988-05-12,1.17,11.04,9.87,1.179329946078628,1.1921479223172515,1.197473595782489
1988-05-13,1.1799999999999997,11.03,9.85,1.1794166841813107,1.191334412300622,1.196878380963254
1988-05-16,1.1999999999999993,11.03,9.83,1.182081182819538,1.1919147207854248,1.1969847147673436
1988-05-17,1.1400000000000006,11.06,9.92,1.1766337974077161,1.188438147239223,1.1950436061871974
1988-05-18,1.1199999999999992,11.09,9.97,1.1693025842348856,1.1838550492538487,1.1924873454697433
1988-05-19,1.1099999999999994,11.1,9.99,1.1616258981105954,1.1789091975454165,1.1896775236657993
1988-05-20,1.1099999999999994,11.09,9.98,1.154942954680847,1.1742945547302006,1.1869634147075645
1988-05-23,1.0899999999999999,11.12,10.03,1.1465361257795261,1.1686496005701823,1.1836604848426422
1988-05-24,1.1099999999999994,11.12,10.01,1.1418065448780244,1.164722012272436,1.181151338315726
1988-05-25,1.0999999999999996,11.09,9.99,1.1363947111930288,1.160387772728833,1.1783870258200304
1988-05-26,1.0999999999999996,11.1,10.0,1.131683436330091,1.156343784241428,1.1757168759559373
1988-05-27,1.0899999999999999,11.14,10.05,1.1262875389772788,1.151900939480652,1.1727970444877844
1988-05-30,1.0899999999999999,11.14,10.05,1.1215901374973,1.1477556187425717,1.1699766731983576
1988-05-31,1.0700000000000003,11.13,10.06,1.1149118232587991,1.1425485575641772,1.1665711006873405
1988-06-01,1.0700000000000003,11.06,9.99,1.1090980130366035,1.1376901976957845,1.1632815344781613
1988-06-02,1.08,11.05,9.97,1.1053312916398133,1.1338268577384476,1.160444659681063
1988-06-03,1.129999999999999,11.11,9.98,1.1085246420412516,1.1335705845238895,1.159407602807692
1988-06-06,1.1199999999999992,11.1,9.98,1.1100101206649868,1.1326618030752276,1.1580652351877905
1988-06-07,1.1600000000000001,11.1,9.94,1.116481282385799,1.1344925603400573,1.1581311403799612
1988-06-08,1.1600000000000001,11.08,9.92,1.1221147558670324,1.136200717267639,1.1581948005993439
1988-06-09,1.17,11.07,9.9,1.1283134737464726,1.1384641541204268,1.1585969290287046
1988-06-10,1.17,11.07,9.9,1.133709771088133,1.1405760153783382,1.1589853594875175
1988-06-13,1.1799999999999997,11.07,9.89,1.1397020151456676,1.1432161216901497,1.1597011952896972
1988-06-14,1.1800000000000015,10.96,9.78,1.1449185665853625,1.1456794279802347,1.1603926470965678
1988-06-15,1.209999999999999,10.94,9.73,1.153343321480768,1.1499867842710396,1.1620824556487794
1988-06-16,1.1500000000000004,10.94,9.79,1.1529105303983627,1.1499876692888729,1.1616708828537792
1988-06-17,1.129999999999999,10.93,9.8,1.1499447751437075,1.1486491548704452,1.1605920563175882
1988-06-20,1.1000000000000014,10.96,9.86,1.1434794521350529,1.1453912665045092,1.1585280684414185
1988-06-21,1.129999999999999,10.94,9.81,1.1417345446490932,1.1443605594302424,1.1575562977016205
1988-06-22,1.1600000000000001,10.93,9.77,1.144098997555408,1.145407885979237,1.157639539172918
1988-06-23,1.1600000000000001,10.91,9.75,1.1461573733648873,1.1463850762023613,1.1577199451341174
1988-06-24,1.200000000000001,10.97,9.77,1.15312727105346,1.149975507258071,1.1591601590161082
1988-06-27,1.17,10.97,9.8,1.1553114363112467,1.151316487632991,1.1595294037938906
1988-06-28,1.17,10.99,9.82,1.1572128626067446,1.1525676665637947,1.1598860707390164
1988-06-29,1.1099999999999994,10.95,9.84,1.151101184137124,1.1497170372767587,1.1581867680341305
1988-06-30,1.1500000000000004,10.98,9.83,1.1509586364708662,1.1497359864438408,1.1579078966606473
1988-07-01,1.1500000000000004,10.97,9.82,1.150834541519709,1.1497536666418906,1.1576385246699028
1988-07-04,1.1500000000000004,10.97,9.82,1.1507265105900768,1.149770162849968,1.157378328478048
1988-07-05,1.17,10.97,9.8,1.1532214529375093,1.1511248945256032,1.1578082689451903
1988-07-06,1.17,11.0,9.83,1.1553934264034582,1.1523889038736508,1.158223564061678
1988-07-07,1.1799999999999997,11.03,9.85,1.158578733494743,1.154237936381622,1.1589653494126702
1988-07-08,1.1799999999999997,11.06,9.88,1.161351704377332,1.155963144713983,1.1596818668314577
1988-07-11,1.1899999999999995,11.07,9.88,1.1650602101082124,1.1582424910899822,1.1607146137473237
1988-07-12,1.17,11.09,9.92,1.1656996631271397,1.1590298562886656,1.1610309080904406
1988-07-13,1.129999999999999,11.1,9.97,1.1610783618448133,1.157085813656897,1.1599738814440845
1988-07-14,1.1400000000000006,11.14,10.0,1.1583497797773619,1.155941627829135,1.1592934977164793
1988-07-15,1.1500000000000004,11.15,10.0,1.1572689054885812,1.1555437347880162,1.1589769270671275
1988-07-18,1.1500000000000004,11.17,10.02,1.1563279497676309,1.1551724874535494,1.1586711399762473
1988-07-19,1.1100000000000012,11.14,10.03,1.1503308227665656,1.1521474211039442,1.1570132222732437
1988-07-20,1.0899999999999999,11.11,10.02,1.1425210317435521,1.1479855942289108,1.1547305059120416
1988-07-21,1.1000000000000014,11.14,10.04,1.1370167081362819,1.1447721425340722,1.152866183960877
1988-07-22,1.1099999999999994,11.16,10.05,1.133519410486447,1.1424435561707096,1.1514060043701864
1988-07-25,1.1500000000000004,11.19,10.04,1.1356528135155244,1.1429495886085774,1.15135811069979
1988-07-26,1.1600000000000001,11.2,10.04,1.1388045430912639,1.1440914036525276,1.1516524851743803
1988-07-27,1.1799999999999997,11.2,10.02,1.1441372717828586,1.14649609492803,1.1526181055951983
1988-07-28,1.1600000000000001,11.2,10.04,1.1461906930151544,1.1474004110532707,1.152869560018115
1988-07-29,1.1600000000000001,11.19,10.03,1.1479783000256136,1.148244167832899,1.1531124489802789
1988-08-01,1.17,11.18,10.01,1.1508289966825598,1.1497010908297571,1.1536877009634796
1988-08-02,1.1899999999999995,11.17,9.98,1.155899660997128,1.1523997882212182,1.1549246311738421
1988-08-03,1.1899999999999995,11.17,9.98,1.1603139306724608,1.1549177619216258,1.156119427000376
1988-08-04,1.1500000000000004,11.15,10.0,1.1589787981567081,1.1545884341174004,1.155910976851867
1988-08-05,1.1300000000000008,11.15,10.02,1.155227509058967,1.1529418202417638,1.155028353859149
1988-08-08,1.1099999999999994,11.16,10.05,1.1493728334877642,1.1500661350022086,1.1534945228242353
1988-08-09,1.0999999999999996,11.18,10.08,1.1429815480042986,1.1467133557157962,1.1516723029944282
1988-08-10,1.1000000000000014,11.21,10.11,1.1374176108264817,1.1435851020282324,1.1499121546615303
1988-08-11,1.0999999999999996,11.23,10.13,1.1325739221821887,1.1406663381318387,1.1482119634424877
1988-08-12,1.0700000000000003,11.22,10.15,1.1244737632033521,1.1359340248681011,1.1455477768456408
1988-08-15,1.08,11.24,10.16,1.1187166596085767,1.1321882905513785,1.143314978935463
1988-08-16,1.08,11.23,10.15,1.1137048098311908,1.1286933968563448,1.141158238318875
1988-08-17,1.0899999999999999,11.25,10.16,1.1106362355513706,1.1261022158215965,1.1394156009159966
1988-08-18,1.0899999999999999,11.23,10.14,1.1079648864835572,1.1236845584291317,1.137732324140413
1988-08-19,1.08,11.22,10.14,1.104344847680773,1.1207591342350973,1.1357657492404896
1988-08-22,1.08,11.23,10.15,1.1011934208618552,1.1180296169478232,1.133866163101102
1988-08-23,1.0700000000000003,11.25,10.18,1.0971554501024212,1.1148132171831946,1.1316906471283938
1988-08-24,1.0899999999999999,11.24,10.15,1.0962291811173,1.1131515502580887,1.130270510637702
1988-08-25,1.0999999999999996,11.27,10.17,1.0967173114975777,1.1122708302806512,1.1292393859200622
1988-08-26,1.0999999999999996,11.27,10.17,1.0971422536750906,1.1114490894853963,1.1282433850956417
1988-08-29,1.0600000000000005,11.24,10.18,1.0923342098589377,1.1080036978744043,1.1259187648726887
1988-08-30,1.040000000000001,11.22,10.18,1.085559575872356,1.1034496936633207,1.1229920563268818
1988-08-31,1.0899999999999999,11.22,10.13,1.0861343862744057,1.1025490079139417,1.12186822577207
1988-09-01,1.0700000000000003,11.19,10.12,1.084045799059621,1.1003692982255004,1.1201014035901184
1988-09-02,1.0899999999999999,11.17,10.08,1.0848165670173748,1.099674897343476,1.1190760392793242
1988-09-05,1.0899999999999999,11.17,10.08,1.0854875594971678,1.099026998411195,1.118085602641145
1988-09-06,1.1300000000000008,11.14,10.01,1.0912496698465743,1.1011011676707232,1.1184914507538357
1988-09-07,1.2100000000000009,11.15,9.94,1.1066218331933346,1.1083937966969497,1.1216085678759216
1988-09-08,1.1899999999999995,11.12,9.93,1.1174150899198592,1.113858720004194,1.1239382311241548
1988-09-09,1.17,11.1,9.93,1.1242221769088574,1.1176183335768077,1.1255072640682815
1988-09-12,1.1899999999999995,11.1,9.91,1.1327370790556128,1.1224655172447497,1.1277041234117962
1988-09-13,1.1800000000000015,11.05,9.87,1.1388552375488439,1.1263184294383461,1.1294855129504835
1988-09-14,1.17,11.0,9.83,1.142886909504422,1.129243653543834,1.130865585111117
1988-09-15,1.17,10.97,9.8,1.1463966837963757,1.1319729841418928,1.1321986469476104
1988-09-16,1.1900000000000013,10.98,9.79,1.152041108517356,1.1358588798039566,1.134167573225686
1988-09-19,1.1500000000000004,10.93,9.78,1.151776888169533,1.1368058683198041,1.1347068838036476
1988-09-20,1.0700000000000003,10.85,9.78,1.141190916060591,1.132332079170641,1.132502729797462
1988-09-21,1.0199999999999996,10.74,9.72,1.125502820242921,1.1248095358741328,1.128670473814584
1988-09-22,1.0,10.69,9.69,1.109256550857727,1.1164514146289626,1.1242874851174798
1988-09-23,1.0,10.68,9.68,1.0951133518929859,1.108653011759954,1.1200537971056796
1988-09-26,0.9900000000000002,10.67,9.68,1.0815064877003826,1.100707174517242,1.1156236873389969
1988-09-27,0.9600000000000009,10.64,9.68,1.0657775413117019,1.091284435970514,1.1103225732419786
1988-09-28,0.9399999999999995,10.61,9.67,1.0494957094389035,1.0811533698665274,1.1045207611303898
1988-09-29,0.8900000000000006,10.56,9.67,1.0288490796953524,1.068352400528908,1.0972133964844526
1988-09-30,0.8399999999999999,10.49,9.65,1.0044026727067437,1.0530603233900984,1.088451763950483
1988-10-03,0.8300000000000001,10.46,9.63,0.9818263449652054,1.038122640825831,1.07964794807448
1988-10-04,0.8499999999999996,10.44,9.59,0.9647614988667287,1.0255246303455294,1.0718252959081869
1988-10-05,0.8699999999999992,10.45,9.58,0.9524946762172156,1.0151096111089455,1.0649503854137248
1988-10-06,0.9199999999999999,10.48,9.56,0.9482882586850223,1.0087404049768818,1.0600128431627749
1988-10-07,0.8900000000000006,10.43,9.54,0.9407428764317964,1.0007887152718722,1.0542215815947265
1988-10-10,0.7999999999999989,10.36,9.56,0.922523790357617,0.9873424956769471,1.045561861259078
1988-10-11,0.8900000000000006,10.42,9.53,0.9183136040163487,0.9808237599451207,1.0402628531853102
1988-10-12,0.8900000000000006,10.42,9.53,0.9146484239253758,0.9747415644442169,1.0351443487795917
1988-10-13,0.8899999999999988,10.44,9.55,0.9114576993325973,0.9690666753808967,1.0302001994243462
1988-10-14,0.9000000000000004,10.42,9.52,0.9099745066080702,0.9644414867461397,1.0257651026572356
1988-10-17,0.9000000000000004,10.41,9.51,0.9086833123462564,0.9601260331578303,1.0214810815675865
1988-10-18,0.8900000000000006,10.39,9.5,0.9062647680872711,0.9554299025018598,1.0170023532524628
1988-10-19,0.9299999999999997,10.41,9.48,0.9093372804884097,0.9537269380057996,1.0140387337085064
1988-10-20,0.9299999999999997,10.4,9.47,0.9120120578899552,0.9521380159475595,1.0111760659258873
1988-10-21,0.9399999999999995,10.42,9.48,0.9156350812306011,0.951325169330873,1.0087515478277642
1988-10-24,0.9199999999999999,10.41,9.49,0.9162001175065579,0.9492274164511815,1.0057283442951486
1988-10-25,0.9700000000000006,10.4,9.43,0.9231644819900688,0.9506184942294976,1.0045113057270187
1988-10-26,0.9600000000000009,10.38,9.42,0.92793281904715,0.9512467456058283,1.002995087249608
1988-10-27,0.9700000000000006,10.4,9.43,0.9333783919252165,0.9525025949515552,1.0018711534504414
1988-10-28,0.9600000000000009,10.38,9.42,0.9368245440946487,0.9530046737388864,1.0004448682517684
1988-10-31,0.8399999999999999,10.23,9.39,0.9242906614024867,0.9454370887962341,0.9949795270339437
1988-11-01,0.9600000000000009,10.33,9.37,0.9289132151690028,0.9464123233940654,0.9937879959306949
1988-11-02,0.9599999999999991,10.34,9.38,0.9329373819543099,0.9473222494483301,0.992637052751023
1988-11-03,0.9299999999999997,10.32,9.39,0.9325571395149402,0.9461622302229222,0.990503404788995
1988-11-04,0.9900000000000002,10.4,9.41,0.9399930854473906,0.9490979145225913,0.990486256973845
1988-11-07,1.0,10.38,9.38,0.9477609467345635,0.952506674911551,0.9908103299869815
1988-11-08,1.0099999999999998,10.4,9.39,0.9558177571207568,0.9563568308993263,0.9914640005943457
1988-11-09,1.0,10.39,9.39,0.9615371235737886,0.9592794833738517,0.9917547680703976
1988-11-10,1.08,10.43,9.35,0.9768720761974825,0.967363775232436,0.9947607246247984
1988-11-11,1.0099999999999998,10.41,9.4,0.9811604672728873,0.9702189956572841,0.995279830288603
1988-11-14,1.049999999999999,10.45,9.4,0.9900717060073699,0.9755616908503046,0.9971438001508286
1988-11-15,1.0200000000000014,10.46,9.44,0.993945906806224,0.9785375914752223,0.9979223662245188
1988-11-16,1.0500000000000007,10.49,9.44,1.001202077595105,0.9833232151917013,0.9996963216118192
1988-11-17,1.0399999999999991,10.52,9.48,1.0062244467956991,0.9871186899196251,1.001069212855553
1988-11-18,1.08,10.55,9.47,1.0157746506005128,0.99333867339785,1.0037578852265443
1988-11-21,1.049999999999999,10.54,9.49,1.0202051028012695,0.9971331129359517,1.0053330614140068
1988-11-22,1.0600000000000005,10.57,9.51,1.025356529827334,1.0013431202940244,1.0071952180286858
1988-11-23,1.0600000000000005,10.58,9.52,1.0298411075266531,1.005271196053719,1.008993942752952
1988-11-24,1.0600000000000005,10.58,9.52,1.0337451591689408,1.0089362203307701,1.0107313963098559
1988-11-25,1.08,10.62,9.54,1.039732822259349,1.013695149065306,1.0130909392417922
1988-11-28,1.08,10.62,9.54,1.044945385735531,1.0181353865790004,1.0153701074794073
1988-11-29,1.049999999999999,10.62,9.57,1.0455997027048218,1.0202692644156408,1.0165497287475966
1988-11-30,1.08,10.61,9.53,1.0500528018121285,1.0242692530910313,1.0187110779171678
1988-12-01,1.0500000000000007,10.59,9.54,1.0500459666472917,1.0259923642370485,1.0197768934672935
1988-12-02,1.049999999999999,10.61,9.56,1.0500400162906924,1.0276000837843673,1.020806403427093
1988-12-05,1.049999999999999,10.61,9.56,1.0500348362044032,1.0291001391631542,1.0218008444982531
1988-12-06,1.0899999999999999,10.58,9.49,1.0552083041455211,1.0331784206592225,1.024123958098868
1988-12-07,1.0700000000000003,10.59,9.52,1.0571230808417784,1.0356442516745645,1.0256866645004181
1988-12-08,1.1400000000000006,10.63,9.49,1.067851451342563,1.0426326439558569,1.0295805963603797
1988-12-09,1.1000000000000014,10.63,9.53,1.0720130628571154,1.046474364173576,1.0319793397632682
1988-12-12,1.0700000000000003,10.6,9.53,1.0717524730042123,1.0480498056270662,1.0332744630276325
1988-12-13,1.0899999999999999,10.64,9.55,1.0741146050950556,1.050859084648671,1.0352067430606207
1988-12-14,1.0700000000000003,10.65,9.58,1.0735819717832418,1.0521408944889967,1.0363919291206372
1988-12-15,1.0700000000000003,10.66,9.59,1.073118287553612,1.0533368653588973,1.0375367433925422
1988-12-16,1.0899999999999999,10.69,9.6,1.0753036157203937,1.0557920858066951,1.0393238345091502
1988-12-19,1.0899999999999999,10.7,9.61,1.0772060543869724,1.0580828874859864,1.0410500507417806
1988-12-20,1.0999999999999996,10.68,9.58,1.0801567178068374,1.060889951114465,1.0430581024232095
1988-12-21,1.0999999999999996,10.68,9.58,1.0827254195090983,1.0635090340891784,1.0449977524926604
1988-12-22,1.08,10.68,9.6,1.0823726154888638,1.0646133847428947,1.0461900575386414
1988-12-23,1.0600000000000005,10.66,9.6,1.0794764930162382,1.0643044401677733,1.046660474876212
1988-12-26,1.0600000000000005,10.66,9.6,1.0769552719663191,1.0640161846866287,1.0471148680723277
1988-12-27,1.0500000000000007,10.65,9.6,1.0734659271940794,1.0630775627280977,1.0472131462573202
1988-12-28,1.0700000000000003,10.67,9.6,1.0730172648711491,1.0635411376434711,1.0479893501480484
1988-12-29,1.0600000000000005,10.66,9.6,1.0713321872661536,1.0633039982489316,1.0483984769740042
1988-12-30,1.08,10.69,9.61,1.0724542307420049,1.064422079539497,1.0494749408598356
1989-01-02,1.08,10.69,9.61,1.0734310263219498,1.0654652862708145,1.0505147364339358
1989-01-03,1.0700000000000003,10.71,9.64,1.0729868818972572,1.065768962483495,1.0511784760428629
1989-01-04,1.0900000000000016,10.71,9.62,1.075189220452234,1.0673916425779348,1.052500879665575
1989-01-05,1.08,10.75,9.67,1.0758119731547988,1.0682359865561253,1.0534376006555028
1989-01-06,1.0300000000000011,10.73,9.7,1.0698816390356172,1.0656754369208228,1.052639229935983
1989-01-09,1.0,10.7,9.7,1.060835500226513,1.0612773493807222,1.0508461445217945
1989-01-10,1.0300000000000011,10.72,9.69,1.0568438620917089,1.059182798860037,1.050136048311619
1989-01-11,1.0199999999999996,10.73,9.71,1.0520744448979418,1.0565588440371654,1.0491095038744271
1989-01-12,1.0100000000000016,10.71,9.7,1.0466279317062752,1.0534409375344922,1.0477772905985363
1989-01-13,1.0,10.66,9.66,1.0405919722122312,1.049862157818339,1.046149820686726
1989-01-16,0.9800000000000004,10.63,9.65,1.032748375540581,1.0451836981044613,1.043896514953173
1989-01-17,1.0,10.64,9.64,1.0285091167738858,1.0421578810111014,1.0424012385064625
1989-01-18,1.0199999999999996,10.61,9.59,1.0274076164006587,1.0406740340059044,1.0416381700863022
1989-01-19,1.0299999999999994,10.62,9.59,1.0277431989973138,1.0399592258802945,1.0412417312885656
1989-01-20,1.0399999999999991,10.62,9.58,1.029329834982903,1.0399619564011138,1.0411994333623882
1989-01-23,1.0300000000000011,10.63,9.6,1.0294165874668648,1.0392948339824906,1.0408179395481039
1989-01-24,1.0299999999999994,10.6,9.57,1.029492109890645,1.038672386756521,1.0404494408136262
1989-01-25,1.0599999999999987,10.61,9.55,1.0334413390803245,1.0401006332130966,1.041115404631086
1989-01-26,1.0599999999999987,10.61,9.55,1.0368793427759857,1.0414332342771273,1.0417586832761199
1989-01-27,1.049999999999999,10.6,9.55,1.0385778044628189,1.042006924949793,1.0420394127782282
1989-01-30,1.0299999999999994,10.58,9.55,1.037467412506951,1.041202857105063,1.0416293061814126
1989-01-31,1.0,10.57,9.57,1.0326172770631743,1.0384436250246005,1.040211259188562
1989-02-01,1.0,10.56,9.56,1.0283949889205322,1.0358691704622223,1.0388415160820448
1989-02-02,0.9899999999999984,10.54,9.55,1.0234247792325175,1.0327974493356789,1.0371777947434142
1989-02-03,0.9699999999999989,10.53,9.56,1.0165089716548392,1.0285920920145495,1.0348894724397202
1989-02-06,0.9800000000000004,10.55,9.57,1.0117829058394825,1.025338024977367,1.0330197355050448
1989-02-07,0.9900000000000002,10.53,9.54,1.008963120948788,1.0229715431596351,1.0315543253850608
1989-02-08,1.0,10.52,9.52,1.0078028499908587,1.0214332076344512,1.0304794692241457
1989-02-09,0.9499999999999993,10.52,9.57,1.0003203036196633,1.0166495394142419,1.0277380430561913
1989-02-10,0.9500000000000011,10.55,9.6,0.9938063686613301,1.0121862191442206,1.025089999927499
1989-02-13,0.9499999999999993,10.6,9.65,0.9881356589140785,1.0080217940804956,1.0225321588689353
1989-02-14,0.9900000000000002,10.64,9.65,0.9883769968174749,1.0068149284437853,1.0214239941098593
1989-02-15,0.9900000000000002,10.64,9.65,0.9885870936652214,1.0056888829883823,1.0203535775106334
1989-02-16,1.0,10.65,9.65,0.9900644879614126,1.0053079155131532,1.0196602599411086
1989-02-17,1.0,10.66,9.66,0.9913506343981723,1.004952460290062,1.0189905593132227
1989-02-20,1.0,10.66,9.66,0.9924702899031748,1.0046208088399036,1.0183436711472438
1989-02-21,1.0099999999999998,10.65,9.64,0.994739501000791,1.0049810371798469,1.0180594550777249
1989-02-22,0.9600000000000009,10.66,9.7,0.9902424921648649,1.001968791682341,1.0160817368971546
1989-02-23,0.9799999999999986,10.69,9.71,0.988916607323679,1.0004976074238234,1.0148526604796697
1989-02-24,0.9399999999999995,10.7,9.76,0.982584380060164,0.9964462636354694,1.01230290407399
1989-02-27,0.9400000000000013,10.71,9.77,0.9770718560489922,0.9926662262208774,1.0098400017318352
1989-02-28,0.9100000000000001,10.67,9.76,0.9683894420647667,0.9871303163499238,1.0064390847526992
1989-03-01,0.9299999999999997,10.68,9.75,0.9634199504141066,0.9833044699714135,1.0038352889123974
1989-03-02,0.9399999999999995,10.69,9.75,0.9603882510253677,0.9804044991643438,1.001660824627898
1989-03-03,0.9499999999999993,10.69,9.74,0.9590434977817954,0.9783684008114859,0.9999010672903019
1989-03-06,0.9399999999999995,10.67,9.73,0.9565783277210704,0.9757989837896239,0.9978606170370743
1989-03-07,0.9199999999999999,10.64,9.72,0.9518432838020081,0.9720622927699466,0.9952083985886148
1989-03-08,0.9100000000000001,10.64,9.73,0.9464266942839977,0.9679061666847765,0.9923058877262515
1989-03-09,0.9000000000000004,10.63,9.73,0.9404167848609112,0.9633586938456941,0.9891616103284444
1989-03-10,0.8900000000000006,10.64,9.75,0.9338903604602458,0.9584460815740807,0.9857838018509336
1989-03-13,0.870000000000001,10.65,9.78,0.9256197892878595,0.9525231120807731,0.9818397805088526
1989-03-14,0.8600000000000012,10.63,9.77,0.9171253445279193,0.946327116051019,0.97768947030173
1989-03-15,0.8399999999999999,10.62,9.78,0.9071415121231877,0.9392067071705636,0.9729992614748596
1989-03-16,0.8399999999999999,10.61,9.77,0.8984500811993946,0.932563130771867,0.9684688183787415
1989-03-17,0.8399999999999999,10.67,9.83,0.8908837511128371,0.9263644548100879,0.9640926988060743
1989-03-20,0.8499999999999996,10.69,9.84,0.8855913725609389,0.9212505557185335,0.9602062826418675
1989-03-21,0.8600000000000012,10.71,9.85,0.8822785837984466,0.9171487892353553,0.956792888790291
1989-03-22,0.8600000000000012,10.71,9.85,0.8793946336751777,0.91332170578297,0.9534957676641246
1989-03-23,0.8399999999999999,10.69,9.85,0.8742950205367703,0.9084115704912662,0.9496296851659917
1989-03-24,0.8399999999999999,10.69,9.85,0.8698555494465375,0.9038302522711973,0.9458952956304245
1989-03-27,0.8300000000000001,10.72,9.89,0.8646962710211599,0.8988860611425125,0.941947476400912
1989-03-28,0.8200000000000003,10.72,9.9,0.858910363914707,0.8936032976183539,0.9377934976763462
1989-03-29,0.7999999999999989,10.69,9.89,0.8512844504899276,0.8873349647945628,0.9330997452952041
1989-03-30,0.7999999999999989,10.69,9.89,0.8446457072623385,0.8814864034680325,0.9285658793512814
1989-03-31,0.7599999999999998,10.61,9.85,0.8336883681378275,0.8733508224588259,0.9228239066825652
1989-04-03,0.7200000000000006,10.57,9.85,0.818971472922603,0.8630813766333882,0.9159149798391525
1989-04-04,0.75,10.57,9.82,0.8100431546041353,0.8555086551273507,0.9102633065394707
1989-04-05,0.7400000000000002,10.56,9.82,0.8009761076956675,0.8477733860418655,0.904463513269342
1989-04-06,0.8500000000000014,10.63,9.78,0.8073222229394951,0.8479224957176442,0.902608286067738
1989-04-07,0.8599999999999994,10.66,9.8,0.8141413315067898,0.848731290049135,0.9011568914260505
1989-04-10,0.8499999999999996,10.66,9.81,0.8187832159441869,0.8488162517591518,0.8994142999032861
1989-04-11,0.8699999999999992,10.67,9.8,0.8254131997899958,0.8502348640068788,0.8984123408664746
1989-04-12,0.8499999999999996,10.65,9.8,0.8285959472275316,0.8502191358669424,0.8967632388112208
1989-04-13,0.8599999999999994,10.67,9.81,0.8326611841691463,0.8508741310781182,0.895510947936698
1989-04-14,0.8500000000000014,10.63,9.78,0.8349056841115627,0.850815593134812,0.893960677975864
1989-04-17,0.7999999999999989,10.62,9.82,0.8303871629655574,0.8474126248792908,0.8907600323472956
1989-04-18,0.8099999999999987,10.61,9.8,0.8277480562036756,0.8449072133123691,0.8880090491693985
1989-04-19,0.8399999999999999,10.61,9.77,0.8293340634266373,0.844578591916949,0.8863736847098611
1989-04-20,0.8099999999999987,10.61,9.8,0.8268312798068619,0.8422629670594013,0.8837721166351068
1989-04-21,0.8099999999999987,10.61,9.8,0.8246524801168581,0.8401024126712866,0.8812591675195306
1989-04-24,0.8300000000000001,10.62,9.79,0.8253447135534937,0.83942588431643,0.8795130920975591
1989-04-25,0.8100000000000005,10.59,9.78,0.8233583490276116,0.8374553208723747,0.8771452209929309
1989-04-26,0.8499999999999996,10.6,9.75,0.8268070957388486,0.8382954005056824,0.8762205551137653
1989-04-27,0.8399999999999999,10.57,9.73,0.8285149097639428,0.8384095524344448,0.8749867500382105
1989-04-28,0.8599999999999994,10.57,9.71,0.832590636959571,0.8398554001192914,0.8744762463144233
1989-05-01,0.8599999999999994,10.59,9.73,0.8361387635655666,0.8412044237099904,0.8739831322215659
1989-05-02,0.8499999999999996,10.58,9.73,0.8379330928140232,0.8417934371418421,0.8731661786942185
1989-05-03,0.8599999999999994,10.58,9.72,0.8407896415190446,0.8430126761908499,0.872717690313862
1989-05-04,0.8300000000000001,10.57,9.74,0.8393929285021675,0.8421412561942485,0.8712625689619203
1989-05-05,0.8299999999999983,10.54,9.71,0.8381770191985619,0.8413281925879345,0.8698570143850856
1989-05-08,0.8399999999999999,10.56,9.72,0.8384130030364301,0.8412392475036575,0.8688399748677859
1989-05-09,0.9000000000000004,10.58,9.68,0.8463854051016475,0.8451742793133837,0.8699013997145831
1989-05-10,0.8999999999999986,10.61,9.71,0.8533257842103456,0.8488457938146049,0.870926668534528
1989-05-11,0.8899999999999988,10.6,9.71,0.8580732407858727,0.8516017678885182,0.8715763762238753
1989-05-12,0.870000000000001,10.49,9.62,0.8596171530478444,0.8528338424540356,0.8715226790626945
1989-05-15,0.9199999999999999,10.47,9.55,0.8674336785723773,0.8573317590948564,0.8731739945777076
1989-05-16,0.9399999999999995,10.49,9.55,0.8768273480048554,0.8628678038831884,0.875450333645679
1989-05-17,0.9200000000000017,10.46,9.54,0.8824160234866396,0.8666937761440638,0.8769678588268806
1989-05-18,0.9300000000000015,10.46,9.53,0.8885757424424248,0.8709332045727972,0.8787743282402128
1989-05-19,0.870000000000001,10.4,9.53,0.8861711230468967,0.8708707106542728,0.8784754424091329
1989-05-22,0.9199999999999999,10.36,9.44,0.8905502521128006,0.8741607521896788,0.8798899212804495
1989-05-23,0.9000000000000004,10.31,9.41,0.8917735166537922,0.8758911293164752,0.8805749443872478
1989-05-24,0.9000000000000004,10.31,9.41,0.8928384302890127,0.8775056282635768,0.8812366330922572
1989-05-25,0.9299999999999997,10.32,9.39,0.8976489745551317,0.8810210192999198,0.8828976923831197
1989-05-26,0.8900000000000006,10.3,9.41,0.8966588191076077,0.8816223147764529,0.8831396230536557
1989-05-29,0.8900000000000006,10.3,9.41,0.895796838725015,0.8821833432937202,0.8833733126774075
1989-05-30,0.9199999999999999,10.3,9.38,0.8989299243185149,0.8847158116634193,0.8846209521069368
1989-05-31,0.9100000000000001,10.3,9.39,0.9003629393797524,0.8864090181177401,0.8854854556465667
1989-06-01,0.9000000000000004,10.27,9.37,0.9003159570814858,0.8873191655164725,0.8859798743112278
1989-06-02,0.879999999999999,10.2,9.32,0.8976860678811872,0.8868290228973873,0.8857761778396194
1989-06-05,0.870000000000001,10.13,9.26,0.8941021219894224,0.8857020335785907,0.8852387833068674
1989-06-06,0.8499999999999996,10.09,9.24,0.888393127140446,0.8833111751937799,0.8840384209832137
1989-06-07,0.9300000000000015,10.05,9.12,0.8937791133951253,0.8864377861197147,0.8856040410929362
1989-06-08,0.9299999999999997,10.04,9.11,0.8984678867630412,0.8893550172653112,0.8871163304342126
1989-06-09,0.9100000000000001,9.97,9.06,0.8999607123255708,0.8907375499988276,0.8878958322272941
1989-06-12,0.9600000000000009,9.97,9.01,0.9077327642951277,0.8953758490742376,0.8903519648814513
1989-06-13,0.9400000000000013,9.97,9.03,0.9119097397811148,0.8983641949669461,0.8920431592192573
1989-06-14,0.9800000000000004,9.97,8.99,0.9207239856114698,0.9038311006134941,0.8950392921124223
1989-06-15,0.9600000000000009,9.98,9.02,0.9258082435500384,0.9075925637740785,0.8972520922987139
1989-06-16,0.9800000000000004,10.02,9.04,0.9328233358964797,0.9124414731686179,0.9000707898088078
1989-06-19,0.9499999999999993,10.03,9.08,0.9350468453891321,0.9149566553528001,0.9017715620018029
1989-06-20,0.9400000000000013,10.05,9.11,0.9356880284634163,0.9166337332257359,0.9030737629394904
1989-06-21,0.9400000000000013,10.05,9.11,0.9362462107499103,0.9181985022105614,0.9043316061327628
1989-06-22,0.9800000000000004,10.07,9.09,0.9419101141219947,0.9223371636360648,0.9069091494122417
1989-06-23,0.9599999999999991,10.04,9.08,0.9442518396589397,0.9248593311175961,0.9087176186837632
1989-06-26,0.9700000000000006,10.01,9.04,0.9475849245112511,0.9278822666726783,0.9108051215636217
1989-06-27,0.9600000000000009,9.96,9.0,0.9491920490399058,0.9300330951922275,0.9124808797212607
1989-06-28,0.9700000000000006,9.99,9.02,0.951885626570652,0.9327095592447373,0.914440192114968
1989-06-29,0.9299999999999997,9.94,9.01,0.9490525445391697,0.9325281081678635,0.9149702162927563
1989-06-30,0.9199999999999999,9.93,9.01,0.9452917090137598,0.9316891382421584,0.915141549190539
1989-07-03,0.9199999999999999,9.91,8.99,0.9420177115286503,0.9309063516225683,0.9153070458608473
1989-07-04,0.9199999999999999,9.91,8.99,0.9391675311737582,0.9301759858811572,0.9154669051070142
1989-07-05,0.9000000000000004,9.92,9.02,0.9340973163262337,0.9281551903792686,0.9149400455388983
1989-07-06,0.9600000000000009,9.9,8.94,0.9374504041369215,0.9302877420146489,0.9164749530063226
1989-07-07,0.9600000000000009,9.89,8.93,0.9403694366192972,0.9322774830466145,0.9179575758906459
1989-07-10,0.9299999999999997,9.86,8.93,0.9390271188899926,0.9321249668201571,0.9183677850644544
1989-07-11,0.9100000000000001,9.84,8.93,0.9352695747005466,0.9306433239798638,0.9180827475863912
1989-07-12,0.8800000000000008,9.83,8.95,0.9281149593886981,0.9272518920743001,0.9167855093989702
1989-07-13,0.8800000000000008,9.81,8.93,0.9218865049988014,0.9240875742178587,0.9155324599064717
1989-07-14,0.9500000000000011,9.89,8.94,0.925525781090484,0.9258228518545133,0.9167065508549874
1989-07-17,0.9800000000000004,9.9,8.92,0.9325774380432046,0.9294509333928838,0.9188625580878752
1989-07-18,0.9699999999999989,9.93,8.96,0.9374217676085275,0.9321663830795369,0.9206044870887945
1989-07-19,0.9700000000000006,9.9,8.93,0.9416390014404117,0.9346999872240428,0.9222870795931903
1989-07-20,0.9800000000000004,9.9,8.92,0.9466048110953487,0.937733593562993,0.9242529935307146
1989-07-21,0.9800000000000004,9.9,8.92,0.9509277994876754,0.9405640483605688,0.9261519412225089
1989-07-24,0.9600000000000009,9.9,8.94,0.9521021907336604,0.9418656158984968,0.9273049303632378
1989-07-25,0.9399999999999995,9.87,8.93,0.9505355689603051,0.9417406811828332,0.9277373710396206
1989-07-26,0.9399999999999995,9.86,8.92,0.9491717454930387,0.9416241129713306,0.9281550811990436
1989-07-27,0.9199999999999999,9.83,8.91,0.945395479471296,0.9401760108149705,0.9278772891954882
1989-07-28,0.9600000000000009,9.83,8.87,0.9472860264270669,0.9415035640664986,0.9289715066503753
1989-07-31,0.9600000000000009,9.81,8.85,0.9489318431443512,0.9427422150481963,0.9300284510417945
1989-08-01,0.9400000000000013,9.73,8.79,0.9477756210805878,0.942558577109856,0.9303681186056167
1989-08-02,0.9600000000000009,9.75,8.79,0.9493580600457605,0.9437265770241504,0.931377489266773
1989-08-03,0.9900000000000002,9.76,8.77,0.9546191362793895,0.946825369732195,0.9333743871899893
1989-08-04,0.9700000000000006,9.82,8.85,0.9566101804240418,0.9483773053934704,0.9346219900176755
1989-08-07,0.9299999999999997,9.82,8.89,0.953165507557561,0.9471466322276553,0.9344645480700008
1989-08-08,0.9000000000000004,9.81,8.91,0.9462832625521591,0.9439893633082549,0.9332905590407905
1989-08-09,0.8900000000000006,9.82,8.93,0.9389974259189258,0.9403738571586686,0.9318159236769654
1989-08-10,0.9199999999999999,9.84,8.92,0.9365382198348973,0.9390094808938962,0.9314134299393841
1989-08-11,0.8699999999999992,9.83,8.96,0.9279248847579911,0.9343881224028341,0.9293214630623319
1989-08-14,0.9299999999999997,9.89,8.96,0.9281935072571647,0.934094262972746,0.9293445765213889
1989-08-15,0.9000000000000004,9.9,9.0,0.924543873624018,0.9318110721757038,0.9283449925189247
1989-08-16,0.9100000000000001,9.88,8.97,0.9226611773758966,0.9303504499207221,0.9277200947278837
1989-08-17,0.9199999999999999,9.92,9.0,0.9223166894636177,0.9296573112532833,0.927457119960404
1989-08-18,0.9199999999999999,9.92,9.0,0.9220167953175344,0.929010590008853,0.9272031030789049
1989-08-21,0.9100000000000001,9.91,9.0,0.9204612279326939,0.9277375076668398,0.9266171022341531
1989-08-22,0.8900000000000006,9.92,9.03,0.9165180391354983,0.9252103396715348,0.9253697893079236
1989-08-23,0.9000000000000004,9.94,9.04,0.9143797882739555,0.9235220786413911,0.9245056011496925
1989-08-24,0.8900000000000006,9.92,9.03,0.9112238384149323,0.9212772053173093,0.923330213701879
1989-08-25,0.9000000000000004,9.92,9.02,0.9097709188544639,0.9198523345287519,0.9225355009762252
1989-08-28,0.9100000000000001,9.95,9.04,0.9098005732797131,0.9191925531589829,0.9221084957942087
1989-08-29,0.9300000000000015,9.97,9.04,0.9124153776903956,0.9199162955430509,0.922377309397763
1989-08-30,0.9199999999999999,9.97,9.05,0.9133972027759856,0.9199219009801278,0.9222963295123937
1989-08-31,0.9100000000000001,9.96,9.05,0.9129574367902654,0.9192574609532207,0.9218774713884518
1989-09-01,0.9100000000000001,9.97,9.06,0.9125745982636783,0.9186375164872187,0.9214728811098709
1989-09-04,0.9100000000000001,9.97,9.06,0.9122413179687063,0.9180590878475182,0.9210820726614599
1989-09-05,0.9199999999999999,9.95,9.03,0.9132456749872218,0.9181890649280599,0.9210452132942405
1989-09-06,0.9199999999999999,9.94,9.02,0.9141200185554408,0.9183103378323487,0.9210096094923821
1989-09-07,0.9299999999999997,9.94,9.01,0.916175673208307,0.9190931595376617,0.9213158551974708
1989-09-08,0.9299999999999997,9.94,9.01,0.9179652245243018,0.9198235580152098,0.9216116690495932
1989-09-11,0.9100000000000001,9.89,8.98,0.916934130696411,0.9191657037224665,0.9212161329744543
1989-09-12,0.9100000000000001,9.88,8.97,0.9160365113837297,0.918551903963713,0.9208340703100772
1989-09-13,0.9000000000000004,9.89,8.99,0.9139605940184106,0.9173095384539667,0.9201243853918781
1989-09-14,0.8900000000000006,9.88,8.99,0.910858908619637,0.915480700361194,0.919098238236548
1989-09-15,0.9100000000000001,9.88,8.97,0.910747723382645,0.9151136742537217,0.9187883188418948
1989-09-18,0.9000000000000004,9.88,8.98,0.9093564366449125,0.9141015567020628,0.9181483197288094
1989-09-19,0.8999999999999986,9.86,8.96,0.9081452511916729,0.9131572176350515,0.9175301213350004
1989-09-20,0.8999999999999986,9.87,8.97,0.9070908530130991,0.9122761181303329,0.9169329810479374
1989-09-21,0.8900000000000006,9.89,9.0,0.9048784517177648,0.9107843531389719,0.9160155448404471
1989-09-22,0.9000000000000004,9.89,8.99,0.9042469388909131,0.9100621572710443,0.9154699965889128
1989-09-25,0.9000000000000004,9.94,9.04,0.9036971750437687,0.9093883246999164,0.9149430317135744
1989-09-26,0.9000000000000004,9.94,9.04,0.9032185778169572,0.9087596166802819,0.9144340171964176
1989-09-27,0.9000000000000004,9.94,9.04,0.9028019347315646,0.9081730113559192,0.9139423415823458
1989-09-28,0.9199999999999999,9.93,9.01,0.90502821459296,0.9089650294045415,0.9141486876661704
1989-09-29,0.8900000000000006,9.93,9.04,0.9030828206792365,0.9076949981199028,0.9133260947126134
1989-10-02,0.8599999999999994,9.93,9.07,0.8975057738106951,0.9045010067771553,0.9115096121626004
1989-10-03,0.9199999999999999,9.93,9.01,0.9004176387199903,0.9055389279874805,0.9117988259411941
1989-10-04,0.8900000000000006,9.92,9.03,0.899069081255903,0.904498332465434,0.9110562779045087
1989-10-05,0.9100000000000001,9.91,9.0,0.9004840825299822,0.904866762681783,0.9110202972014055
1989-10-06,0.9100000000000001,9.89,8.98,0.9017159126861967,0.9052105202287156,0.9109855421331379
1989-10-09,0.879999999999999,9.87,8.99,0.8989048000214579,0.9035222471071976,0.9099300608178293
1989-10-10,0.8699999999999992,9.83,8.96,0.8951630899406419,0.9012773625014646,0.9085698963601199
1989-10-11,0.8600000000000012,9.81,8.95,0.8906112477550583,0.8985131410174908,0.9069154273863544
1989-10-12,0.8800000000000008,9.82,8.94,0.8892376277104408,0.8972733713462923,0.9059985891210184
1989-10-13,0.8699999999999992,9.77,8.9,0.8867473276398052,0.8954469552565252,0.9047723450220303
1989-10-16,0.8699999999999992,9.76,8.89,0.8845793955105371,0.8937428487884989,0.903587871298688
1989-10-17,0.879999999999999,9.77,8.89,0.8839865953412537,0.892822531317371,0.9027843818094063
1989-10-18,0.8899999999999988,9.77,8.88,0.8847650271870007,0.8926335148387529,0.9023488988325515
1989-10-19,0.9000000000000004,9.76,8.86,0.8867371858358423,0.8931268263128901,0.9022688867153307
1989-10-20,0.9100000000000001,9.77,8.86,0.8897485440255395,0.8942567722779957,0.9025322368153044
1989-10-23,0.9199999999999999,9.77,8.85,0.8936645779609056,0.8959807192267251,0.9031272529548465
1989-10-24,0.9000000000000004,9.74,8.84,0.8944846947751477,0.8962498784362849,0.9030207272388239
1989-10-25,0.9299999999999997,9.75,8.82,0.899082131030871,0.898510023112676,0.9039397403120074
1989-10-26,0.9000000000000004,9.74,8.84,0.8992009486518927,0.8986098024074994,0.9038055382938976
1989-10-27,0.8899999999999988,9.77,8.88,0.8980098910317638,0.8980332296968099,0.9033352709784389
1989-10-30,0.9100000000000001,9.78,8.87,0.8995620038837201,0.8988346085049808,0.9035622961156343
1989-10-31,0.8399999999999999,9.76,8.92,0.8918517360320184,0.8948946307792991,0.9013971309679698
1989-11-01,0.8399999999999999,9.75,8.91,0.8851395580105555,0.891218501575318,0.8993057192937187
1989-11-02,0.8499999999999996,9.76,8.91,0.8805907620200659,0.8884582218314836,0.8976261854895736
1989-11-03,0.8300000000000001,9.78,8.95,0.8740418163741486,0.8845434495953515,0.8953225893509894
1989-11-06,0.870000000000001,9.81,8.94,0.8735186055212546,0.8835695182832156,0.8944600089965662
1989-11-07,0.9000000000000004,9.8,8.9,0.8769466071196613,0.8846698184913979,0.8946487214278666
1989-11-08,0.9000000000000004,9.77,8.87,0.8799308558421344,0.8856964348862267,0.8948310056209793
1989-11-09,0.9199999999999999,9.81,8.89,0.8851177839825766,0.8879936420215185,0.8956883539667987
1989-11-10,0.9399999999999995,9.83,8.89,0.8922222559310924,0.8914763522364033,0.8971977713020722
1989-11-13,0.9600000000000009,9.82,8.86,0.9009960467218721,0.8960651759361169,0.899337045763225
1989-11-14,0.9600000000000009,9.82,8.86,0.9086340752370275,0.9003466998402957,0.9014034486827937
1989-11-15,0.9600000000000009,9.82,8.86,0.9152833652633681,0.904341502896948,0.9033994623330014
1989-11-16,0.9600000000000009,9.82,8.86,0.9210719084413181,0.9080687859434967,0.9053274844307669
1989-11-17,0.9499999999999993,9.83,8.88,0.9248166335985076,0.9108767939100906,0.906849194307217
1989-11-20,0.9399999999999995,9.84,8.9,0.9267821118264493,0.9128270878987889,0.9079784324482122
1989-11-21,0.9299999999999997,9.81,8.88,0.9271986656378914,0.9139771064488084,0.9087285678818556
1989-11-22,0.9600000000000009,9.83,8.87,0.9314447798942019,0.9170591219507517,0.9104750610810802
1989-11-23,0.9600000000000009,9.83,8.87,0.9351412370518528,0.9199347440944926,0.9121620623104314
1989-11-24,0.9499999999999993,9.84,8.89,0.9370646955456069,0.9219481243411647,0.913450961374051
1989-11-27,0.9199999999999999,9.83,8.91,0.934855680319705,0.9218176642819226,0.9136740456716638
1989-11-28,0.9399999999999995,9.83,8.89,0.9355216096045438,0.9230352809118357,0.9145708043206436
1989-11-29,0.9299999999999997,9.83,8.9,0.9348068403515368,0.9235016873139567,0.9150963793672194
1989-11-30,0.9399999999999995,9.83,8.89,0.9354790919427436,0.9246065299592313,0.9159446881090348
1989-12-01,1.0,9.82,8.82,0.943831287146378,0.9296554051055209,0.9188079206054082
1989-12-04,0.9500000000000011,9.8,8.85,0.9446298235504675,0.9310178217639997,0.9198704373380557
1989-12-05,0.9600000000000009,9.81,8.85,0.9466194842338987,0.9329586715392117,0.921237397560962
1989-12-06,0.9700000000000006,9.82,8.85,0.9496460788296667,0.9354392184957333,0.9228984308112139
1989-12-07,0.9500000000000011,9.82,8.87,0.9496918937258041,0.9364143104739604,0.9238216097496813
1989-12-08,0.9500000000000011,9.81,8.86,0.9497317779094439,0.9373241034594291,0.9247133418244453
1989-12-11,0.9500000000000011,9.8,8.85,0.9497664991079781,0.9381729703303401,0.9255746982311274
1989-12-12,0.9500000000000011,9.8,8.85,0.9497967256669203,0.9389649911263227,0.9264067136764937
1989-12-13,0.9400000000000013,9.8,8.86,0.9485285450477953,0.9390343025743259,0.926869750910648
1989-12-14,0.9600000000000009,9.82,8.86,0.9500135184295322,0.9404383126112678,0.9279982888182656
1989-12-15,0.9600000000000009,9.81,8.85,0.951306262843483,0.9417483002961833,0.9290883845818023
1989-12-18,0.9600000000000009,9.81,8.85,0.9524316622212458,0.9429705620247164,0.9301413476818094
1989-12-19,0.9700000000000006,9.82,8.85,0.954705873650529,0.9447806426263625,0.9314990797038752
1989-12-20,0.9700000000000006,9.82,8.85,0.9566856896913459,0.9464695075450392,0.9328105623889332
1989-12-21,0.9600000000000009,9.81,8.85,0.9571147252938631,0.9473756041477818,0.9337367344484351
1989-12-22,0.9800000000000004,9.82,8.84,0.9600772112133861,0.9495603623409238,0.9353126311090462
1989-12-25,0.9800000000000004,9.82,8.84,0.9626562049993836,0.9515988138136556,0.9368348469441617
1989-12-26,0.9599999999999991,9.84,8.88,0.9623123607584433,0.9521614161200973,0.9376239370982614
1989-12-27,0.9699999999999989,9.85,8.88,0.9633075213278453,0.953356012717754,0.9387267846556546
1989-12-28,0.9599999999999991,9.85,8.89,0.9628793645550695,0.9538009406703135,0.9394514284658553
1989-12-29,0.9700000000000006,9.84,8.87,0.9638011268023895,0.9548857432135404,0.9404920249584102
1990-01-01,0.9700000000000006,9.84,8.87,0.964603567446019,0.9558978997756741,0.9414971749143208
1990-01-02,0.9800000000000004,9.85,8.87,0.9665966269673812,0.9575119453253772,0.9428087224835037
1990-01-03,0.9599999999999991,9.86,8.9,0.965742697322308,0.9576785629038295,0.9433943205061873
1990-01-04,0.9499999999999993,9.84,8.89,0.9637048140217356,0.9571643525168636,0.9436193341996925
1990-01-05,1.0,9.88,8.88,0.9684032054016843,0.9600329276843931,0.9455398666545124
1990-01-08,0.9800000000000004,9.88,8.9,0.969904403930007,0.9613700627851375,0.946713705301999
1990-01-09,0.9399999999999995,9.86,8.92,0.9660332956863024,0.9599389736097462,0.9464850118528961
1990-01-10,0.9700000000000006,9.88,8.91,0.9665467833252814,0.9606127304491707,0.9472860186744753
1990-01-11,0.9399999999999995,9.86,8.92,0.9631103171775238,0.9592323575547316,0.9470378301309005
1990-01-12,0.9299999999999997,9.87,8.94,0.9588242052698066,0.9572747540189648,0.9464574590894872
1990-01-15,0.9400000000000013,9.88,8.94,0.9563874225012322,0.9561179154203773,0.9462374943270817
1990-01-16,0.9700000000000006,9.92,8.95,0.9581495629905357,0.9570475570959076,0.9470469325042455
1990-01-17,0.9499999999999993,9.92,8.97,0.9570946066520281,0.9565756032802211,0.9471475248240836
1990-01-18,0.9500000000000011,9.97,9.02,0.9561762138172877,0.956135254799704,0.9472446906002261
1990-01-19,0.9399999999999995,9.95,9.01,0.9540822120506383,0.9550547250549765,0.9469979098425787
1990-01-22,0.9500000000000011,9.96,9.01,0.9535537720001775,0.9547162252394408,0.9471001720542391
1990-01-23,0.9400000000000013,9.97,9.03,0.951799243849542,0.953730723659285,0.9468583141288066
1990-01-24,0.9299999999999997,10.0,9.07,0.9489773440126482,0.952141548087156,0.9462840580614413
1990-01-25,0.9399999999999995,10.0,9.06,0.9478152318871139,0.9513284649336472,0.9460699999746192
1990-01-26,0.9600000000000009,10.06,9.1,0.9493925432556944,0.9519091716958246,0.9465445069135606
1990-01-29,0.9499999999999993,10.09,9.14,0.9494711781890667,0.9517813201787126,0.9466622136934595
1990-01-30,0.9399999999999995,10.12,9.18,0.94824513950757,0.9509923604105972,0.946435274237573
1990-01-31,0.9599999999999991,10.11,9.15,0.9497667995768475,0.951595575087214,0.946897338594169
1990-02-01,0.9599999999999991,10.1,9.14,0.9510914816073023,0.9521583942814767,0.9473436633425064
1990-02-02,0.9399999999999995,10.09,9.15,0.9496556955610256,0.9513441829887302,0.9470935112099206
1990-02-05,0.9299999999999997,10.12,9.19,0.9471112768426279,0.949914826905884,0.9465112434665464
1990-02-06,0.8900000000000006,10.13,9.24,0.9397182542259106,0.9459025101854069,0.944586263057054
1990-02-07,0.8900000000000006,10.14,9.25,0.9332822542224664,0.9421588863127071,0.9427268545470566
1990-02-08,0.9199999999999999,10.14,9.22,0.9315628738952104,0.9406749719854691,0.9419526944491928
1990-02-09,0.9299999999999997,10.11,9.18,0.9313605607498362,0.9399601010461739,0.9415455417970137
1990-02-12,0.9100000000000001,10.11,9.2,0.928595448193091,0.9379537627058567,0.9404709848373526
1990-02-13,0.9000000000000004,10.1,9.2,0.9248937835322005,0.9354121127575237,0.9390923945217655
1990-02-14,0.9199999999999999,10.12,9.2,0.9242602860106064,0.9343800096720549,0.938442037474739
1990-02-15,0.9199999999999999,10.13,9.21,0.923708794386336,0.9334170234426457,0.9378138339762437
1990-02-16,0.879999999999999,10.1,9.22,0.9180507155740192,0.9298398451816834,0.9358444825520834
1990-02-19,0.879999999999999,10.1,9.22,0.9131250718767829,0.9265022198475973,0.933942214467067
1990-02-20,0.8600000000000012,10.14,9.28,0.9062480612474806,0.9220487651282422,0.9314234711948923
1990-02-21,0.9199999999999999,10.2,9.28,0.9080282419725805,0.9219115654565602,0.931034345829573
1990-02-22,0.9399999999999995,10.2,9.26,0.9121669680396625,0.9231228938057167,0.9313397489242079
1990-02-23,0.9500000000000011,10.21,9.26,0.917064432715728,0.9249227732036953,0.9319753855790336
1990-02-26,0.9600000000000009,10.22,9.26,0.9226224177152385,0.9272717901474288,0.9329300068266774
1990-02-27,0.9499999999999993,10.19,9.24,0.9261664303203148,0.9287938303689791,0.9335114734593886
1990-02-28,0.9399999999999995,10.19,9.25,0.9279571781229538,0.9295442740254997,0.9337324964932303
1990-03-01,0.9199999999999999,10.2,9.28,0.926927125897185,0.9289051225460591,0.9332647172496442
1990-03-02,0.9199999999999999,10.2,9.28,0.9260304133518176,0.9283087731291514,0.9328128722843474
1990-03-05,0.9299999999999997,10.28,9.35,0.926544274107372,0.9284220295333248,0.9327170555280769
1990-03-06,0.8800000000000008,10.24,9.36,0.920519144042382,0.9251793510717616,0.9309213190885178
1990-03-07,0.8399999999999999,10.19,9.35,0.9100959862022173,0.9194751447476498,0.9278242051813673
1990-03-08,0.8900000000000006,10.23,9.34,0.9074945721083314,0.9175012824798802,0.9265357738973901
1990-03-09,0.8900000000000006,10.24,9.35,0.9052299096035326,0.9156596038633014,0.9252912313128732
1990-03-12,0.8900000000000006,10.24,9.35,0.9032584063843043,0.9139412569542256,0.9240890824175942
1990-03-13,0.8499999999999996,10.23,9.38,0.89636413567811,0.9096593022586248,0.9215653362838613
1990-03-14,0.8100000000000005,10.23,9.42,0.8851843469631616,0.9029854169208357,0.9177650113652989
1990-03-15,0.7900000000000009,10.23,9.44,0.8728627868657542,0.8954191215496807,0.913412866043238
1990-03-16,0.7599999999999998,10.19,9.43,0.8582527626811528,0.8863505080907851,0.9081870606356444
1990-03-19,0.7799999999999994,10.2,9.42,0.8481229866315554,0.8792285327154046,0.9038205387660609
1990-03-20,0.7699999999999996,10.16,9.39,0.838010010018476,0.8719138246406299,0.8992621199504339
1990-03-21,0.7799999999999994,10.16,9.38,0.830500646898398,0.8657586307680364,0.8951996143247167
1990-03-22,0.8000000000000007,10.17,9.37,0.8265523553382966,0.8613549719848654,0.8919567659758781
1990-03-23,0.8000000000000007,10.17,9.37,0.823115167896593,0.857246213056696,0.8888243809465409
1990-03-26,0.8100000000000005,10.18,9.37,0.8214174168001024,0.8540822755070745,0.8861393331612752
1990-03-27,0.8100000000000005,10.17,9.36,0.8199394386267158,0.8511302173901155,0.8835457479605879
1990-03-28,0.8399999999999999,10.2,9.36,0.822536266996451,0.8503848600279545,0.8820624199253368
1990-03-29,0.8400000000000016,10.21,9.37,0.8247969373965075,0.8496894170185736,0.8806296194883753
1990-03-30,0.8399999999999999,10.23,9.39,0.8267649652867033,0.8490405457470874,0.8792456254942145
1990-04-02,0.8399999999999999,10.24,9.4,0.8284782330750957,0.8484351274435303,0.8779087754162408
1990-04-03,0.8100000000000005,10.22,9.41,0.8260862362122418,0.8458612419387356,0.8755955532273454
1990-04-04,0.8500000000000014,10.21,9.36,0.8291818594640368,0.8461384021848515,0.8747236747212226
1990-04-05,0.8400000000000016,10.21,9.37,0.8305822616626007,0.8457273317537882,0.8735408588869983
1990-04-06,0.8399999999999999,10.2,9.36,0.8318013825854016,0.8453437894797609,0.8723983341022934
1990-04-09,0.8300000000000001,10.19,9.36,0.8315681946244331,0.8443162617998123,0.8709540911952984
1990-04-10,0.7999999999999989,10.18,9.38,0.8274817096125417,0.8413485343208071,0.8685371343713852
1990-04-11,0.7899999999999991,10.18,9.39,0.8226297234164999,0.837909876588373,0.8658618712589731
1990-04-12,0.7699999999999996,10.17,9.4,0.8158168353663531,0.8333621553081451,0.8625964640077586
1990-04-13,0.7699999999999996,10.17,9.4,0.8098858718366243,0.8291189813173784,0.8594422885150759
1990-04-16,0.7999999999999989,10.19,9.39,0.8086061512960464,0.8271689702490579,0.8574174659511439
1990-04-17,0.8000000000000007,10.24,9.44,0.8074920898585849,0.8253495455884531,0.8554616162770153
1990-04-18,0.8499999999999996,10.31,9.46,0.81299471488185,0.8270003127776526,0.8552755735766163
1990-04-19,0.8499999999999996,10.32,9.47,0.8177850281954608,0.8285405330265223,0.8550958681735696
1990-04-20,0.8599999999999994,10.37,9.51,0.8232497325160284,0.8306472794175827,0.8552629209070144
1990-04-23,0.8599999999999994,10.42,9.56,0.8280070339405452,0.832612943305243,0.8554242832110949
1990-04-24,0.8599999999999994,10.42,9.56,0.8321485053754278,0.8344469725627027,0.8555801489227253
1990-04-25,0.8200000000000003,10.42,9.6,0.8305758881977847,0.8334795020288287,0.8543681584330166
1990-04-26,0.8800000000000008,10.49,9.61,0.836973811630171,0.8365948406101761,0.8552412730532047
1990-04-27,0.9000000000000004,10.51,9.61,0.8451325162122378,0.8408408944556445,0.8567659196056631
1990-04-30,0.9099999999999984,10.54,9.63,0.8535295754489612,0.84547227286194,0.858579267810204
1990-05-01,0.9100000000000001,10.55,9.64,0.860839640097522,0.8497935017113051,0.8603308467179608
1990-05-02,0.9199999999999999,10.56,9.64,0.8684979153620964,0.8544950208763752,0.8623633971286931
1990-05-03,0.9300000000000015,10.55,9.62,0.8764593255745873,0.8595513634523603,0.8646673481215422
1990-05-04,0.9499999999999993,10.51,9.56,0.88597912445378,0.8656084380615303,0.8675740915071006
1990-05-07,0.9399999999999995,10.52,9.58,0.8929720963634883,0.8705902184194539,0.8700411838313219
1990-05-08,0.9599999999999991,10.51,9.55,0.9016488207326763,0.8765777240192505,0.873105511355602
1990-05-09,0.9199999999999999,10.49,9.57,0.904024370551683,0.8794855839423444,0.8747029097920224
1990-05-10,0.9499999999999993,10.5,9.55,0.9099758898858737,0.8842077234392545,0.8772678051057831
1990-05-11,0.9800000000000004,10.41,9.43,0.9190404714958377,0.8906226456344064,0.8807672408014884
1990-05-14,0.9799999999999986,10.37,9.39,0.9269316481224352,0.8966079796806248,0.8841474728707064
1990-05-15,0.9799999999999986,10.37,9.39,0.9338013163797889,0.902192493811115,0.8874125618265609
1990-05-16,0.9899999999999984,10.37,9.38,0.9410762043179244,0.9080726998211978,0.8909070665769436
1990-05-17,0.9499999999999993,10.34,9.39,0.9422313846422296,0.9108804456871105,0.8929199888239325
1990-05-18,0.9599999999999991,10.37,9.41,0.9445315218913006,0.9141698352964899,0.8952049802603518
1990-05-21,0.9700000000000006,10.38,9.41,0.9478284020361768,0.9179086144086913,0.8977527732108228
1990-05-22,0.9800000000000004,10.35,9.37,0.9519929972704574,0.9220666887530758,0.900554415691013
1990-05-23,0.9800000000000004,10.34,9.36,0.9556184879975607,0.9259463092976494,0.9032606239432879
1990-05-24,0.9199999999999999,10.32,9.4,0.9510076947900326,0.925548102752589,0.903830828543287
1990-05-25,0.9000000000000004,10.31,9.41,0.9444047774318997,0.9238372227393379,0.9037003364598432
1990-05-28,0.9000000000000004,10.31,9.41,0.9386566040063793,0.9222409152424137,0.9035742894158076
1990-05-29,0.9100000000000001,10.32,9.41,0.9349470227599075,0.9214211777677778,0.9037931727075716
1990-05-30,0.9000000000000004,10.3,9.4,0.9304231503491599,0.9199866655749115,0.9036639633201297
1990-05-31,0.9400000000000013,10.31,9.37,0.9316628681418591,0.9213268987107333,0.9049017021217676
1990-06-01,0.9000000000000004,10.23,9.33,0.9275641276964663,0.919898700104278,0.9047347321529833
1990-06-04,0.9100000000000001,10.21,9.3,0.9252904612599638,0.9192358137706202,0.9049140865050466
1990-06-05,0.9500000000000011,10.21,9.26,0.9284890971310743,0.9212959992902063,0.9064498782324616
1990-06-06,0.9600000000000009,10.22,9.26,0.9325681657574874,0.9238878904332986,0.9082739919663855
1990-06-07,0.9300000000000015,10.21,9.28,0.9322357181468186,0.92429720012638,0.9090140595578187
1990-06-08,0.9500000000000011,10.21,9.26,0.934535294426162,0.9260184397430444,0.910410191151747
1990-06-11,0.9700000000000006,10.22,9.25,0.9391261805855642,0.9289637532609964,0.9124400387997853
1990-06-12,0.9499999999999993,10.19,9.24,0.9405337903835825,0.9303724877744011,0.9137194689637049
1990-06-13,0.9299999999999997,10.16,9.23,0.9391701971520711,0.9303475433824603,0.9142740436178541
1990-06-14,1.0099999999999998,10.17,9.16,0.9483390752325821,0.9356816301188812,0.9175348211094102
1990-06-15,1.0,10.19,9.19,0.9550265528433256,0.9399888389390488,0.920343887838293
1990-06-18,0.9899999999999984,10.2,9.21,0.9595538458773496,0.9433379367850715,0.9227166307313435
1990-06-19,0.9800000000000004,10.22,9.24,0.9622005890112875,0.9457930854826637,0.9246679125801877
1990-06-20,0.9900000000000002,10.27,9.28,0.9657992071044759,0.9487534903012778,0.9268933633167094
1990-06-21,0.9700000000000006,10.25,9.28,0.9663429973785111,0.9501763054960854,0.9283617336098452
1990-06-22,0.9600000000000009,10.24,9.28,0.9655218999408488,0.9508341689290689,0.9294394491095476
1990-06-25,0.9800000000000004,10.26,9.28,0.9673960818380484,0.952787317385232,0.9311617270844585
1990-06-26,0.9800000000000004,10.26,9.28,0.9690276519443749,0.9546096693322014,0.9328253379489322
1990-06-27,0.9700000000000006,10.25,9.28,0.9691535218524557,0.9556403137362832,0.9340916434093698
1990-06-28,0.9800000000000004,10.24,9.26,0.9705575923388763,0.9572716090524662,0.9356554505678739
1990-06-29,0.9800000000000004,10.22,9.24,0.9717799066917372,0.9587936614014044,0.9371659887137058
1990-07-02,0.9800000000000004,10.21,9.23,0.9728439931401452,0.9602137864578099,0.9386250723849916
1990-07-03,0.9799999999999986,10.2,9.22,0.9737703341972024,0.9615388099875442,0.9400344543100275
1990-07-04,0.9799999999999986,10.2,9.22,0.9745767609262277,0.9627751006553488,0.9413958275127497
1990-07-05,0.9699999999999989,10.18,9.21,0.973984301802399,0.9632589305509076,0.9423701906357324
1990-07-06,0.9700000000000006,10.21,9.24,0.9734685361784203,0.9637103598057559,0.943311363373786
1990-07-09,0.9800000000000004,10.24,9.26,0.9743140304909756,0.9648012282785062,0.9445611130240172
1990-07-10,0.9700000000000006,10.24,9.27,0.9737555816739956,0.9651493744683777,0.9454276549024851
1990-07-11,0.9800000000000004,10.24,9.26,0.9745639181088402,0.9661438764340375,0.9466053158941836
1990-07-12,0.9500000000000011,10.22,9.27,0.9713841327464109,0.9650627693242506,0.9467209512969683
1990-07-13,0.9599999999999991,10.2,9.24,0.9699104631750257,0.9647237308080663,0.9471732844441794
1990-07-16,0.9399999999999995,10.18,9.24,0.9660385705654666,0.9630680565178008,0.9469289360423443
1990-07-17,0.9299999999999997,10.17,9.24,0.9613733979061541,0.9608535876971119,0.9463522743333456
1990-07-18,0.9600000000000009,10.21,9.25,0.9611956123208322,0.9607964254825754,0.9468171659713784
1990-07-19,0.9499999999999993,10.19,9.24,0.9597463466123455,0.9600734211659114,0.9469255849828162
1990-07-20,0.9499999999999993,10.19,9.24,0.9584846875334566,0.9593988342854405,0.94703031084471
1990-07-23,0.9399999999999995,10.2,9.26,0.9560918551446035,0.9580997523856714,0.9467908326485397
1990-07-24,0.9300000000000015,10.21,9.28,0.9527142791935757,0.9562179960298466,0.9462188752481219
1990-07-25,0.9400000000000013,10.21,9.27,0.9510684229138716,0.9551319253524599,0.9460070375272125
1990-07-26,0.9299999999999997,10.18,9.25,0.9483411274354319,0.9534489154946855,0.9454617790659979
1990-07-27,0.9499999999999993,10.17,9.22,0.9485558675544786,0.953217951941564,0.9456163675311601
1990-07-30,0.9400000000000013,10.13,9.19,0.9474483153190386,0.9523327852420274,0.9454250534349415
1990-07-31,0.9199999999999999,10.13,9.21,0.9438951463625187,0.9501675553390859,0.9445589827776655
1990-08-01,0.9399999999999995,10.11,9.17,0.9433909218600115,0.9494866645746434,0.9444036870878897
1990-08-02,0.9500000000000011,10.15,9.2,0.9442464633023651,0.9495210411124178,0.9445943180501615
1990-08-03,1.0299999999999994,10.19,9.16,0.955347210323239,0.9549104762333513,0.94750354910805
1990-08-06,1.0099999999999998,10.32,9.31,0.9624219831611911,0.9585996568376658,0.949632407654598
1990-08-07,1.0099999999999998,10.33,9.32,0.9685809306404625,0.9620417840532288,0.9516887494638508
1990-08-08,1.0299999999999994,10.37,9.34,0.9765315945719308,0.9665927424756797,0.9543563181435982
1990-08-09,0.9700000000000006,10.34,9.37,0.9756860833338163,0.9668209163191471,0.9548891993767591
1990-08-10,0.9800000000000004,10.34,9.36,0.9762445174162414,0.9677034801275399,0.955744565429623
1990-08-13,0.9700000000000006,10.33,9.36,0.9754361681542215,0.9678572711932748,0.9562301578638618
1990-08-14,0.9800000000000004,10.33,9.35,0.9760269536158689,0.968670433416041,0.9570398459478956
1990-08-15,0.9900000000000002,10.34,9.35,0.9778357565993318,0.9700988106819852,0.9581625897941128
1990-08-16,1.0,10.39,9.39,0.9807049054225159,0.9721012038801042,0.9595877255740025
1990-08-17,1.0099999999999998,10.41,9.4,0.984497138913758,0.9746391728806101,0.9613049527082002
1990-08-20,1.08,10.48,9.4,0.9968599304849806,0.9816948722820033,0.9653481417573979
1990-08-21,1.0700000000000003,10.52,9.45,1.006327871284182,0.9876084025172376,0.9689129682339775
1990-08-22,1.0299999999999994,10.54,9.51,1.0093922150120263,0.990447240984634,0.9709938167910128
1990-08-23,0.9699999999999989,10.53,9.56,1.0042929149682014,0.9890779504245669,0.9709599637427347
1990-08-24,1.0500000000000007,10.64,9.59,1.010209671378944,0.99315771783408,0.9736523575395706
1990-08-27,1.0500000000000007,10.58,9.53,1.0153605070052019,0.9969642754249524,0.9762530385197061
1990-08-28,1.0,10.55,9.55,1.0133720980258927,0.9971675688182615,0.9770619472046053
1990-08-29,1.0,10.56,9.56,1.0116410874688917,0.9973572482611804,0.9778433014901321
1990-08-30,1.0,10.58,9.58,1.010134155253423,0.9975342254392401,0.9785980399802836
1990-08-31,0.9700000000000006,10.55,9.58,1.0049388114632816,0.9956903407312231,0.9783051591745042
1990-09-03,0.9700000000000006,10.55,9.58,1.0004160020002568,0.993969935466053,0.9780222549641572
1990-09-04,0.9800000000000004,10.57,9.59,0.9977731620415785,0.9930344106794675,0.9780896242205287
1990-09-05,1.0099999999999998,10.54,9.53,0.9993559193279657,0.9941705454430787,0.9791766087649653
1990-09-06,0.9499999999999993,10.53,9.58,0.9929668233729586,0.9912125761525681,0.978182746360907
1990-09-07,0.9499999999999993,10.52,9.57,0.9874047922903741,0.9884526932165691,0.9772227385588745
1990-09-10,0.9299999999999997,10.5,9.57,0.9799737742642821,0.9845382912152387,0.9756141587253371
1990-09-11,1.0599999999999987,10.61,9.55,0.9903331241073079,0.9895917361060746,0.9784886502659174
1990-09-12,1.0399999999999991,10.59,9.55,0.9967624732144581,0.992967426740874,0.9805839526506479
1990-09-13,1.0200000000000014,10.56,9.54,0.999770557967238,0.9947777173030999,0.981926607922639
1990-09-14,1.0899999999999999,10.59,9.5,1.0114507084124842,1.0011544687143479,0.9856079844023384
1990-09-17,1.1100000000000012,10.64,9.53,1.0242078586960544,1.0084435283291349,0.9898452331060327
1990-09-18,1.1400000000000006,10.65,9.51,1.0391970861625859,1.0172534716809054,0.9949600556958752
1990-09-19,1.1300000000000008,10.66,9.53,1.0509514722099098,1.0248037693970458,0.9995600119406581
1990-09-20,1.1600000000000001,10.64,9.48,1.065067742705724,1.0338574565160255,1.0050251869212132
1990-09-21,1.1799999999999997,10.69,9.51,1.079945658671573,1.0436441854623493,1.0109854714003657
1990-09-24,1.1500000000000004,10.73,9.58,1.089014153695199,1.0507665161946018,1.0157208165772513
1990-09-25,1.0899999999999999,10.77,9.68,1.0891417709440319,1.0533938652366386,1.0182510382490948
1990-09-26,1.0999999999999996,10.77,9.67,1.0905473625789286,1.0565149386577732,1.021035707992913
1990-09-27,1.1199999999999992,10.76,9.64,1.0943599899025298,1.0607663432979644,1.024406795084028
1990-09-28,1.1600000000000001,10.76,9.6,1.1028570522348842,1.0674117244261632,1.0290255974163118
1990-10-01,1.0999999999999996,10.67,9.57,1.1024872084324449,1.0695940637523171,1.0314432461206782
1990-10-02,1.0999999999999996,10.65,9.55,1.1021652407018996,1.071630258342347,1.0337785408348037
1990-10-03,1.120000000000001,10.65,9.53,1.104473940246788,1.0748694352412975,1.036715560259427
1990-10-04,1.0899999999999999,10.64,9.55,1.1026002968349558,1.0758826838995466,1.0385306238881737
1990-10-05,1.1300000000000008,10.65,9.52,1.1061471729755241,1.079506758664851,1.0416464066294966
1990-10-08,1.120000000000001,10.64,9.52,1.1079404136305988,1.0822184699000441,1.0443154176616258
1990-10-09,1.1099999999999994,10.69,9.58,1.1082070259259607,1.0840789158613682,1.046552875669109
1990-10-10,1.1400000000000006,10.76,9.62,1.112322608510986,1.0878237835761508,1.0497360277752354
1990-10-11,1.1800000000000015,10.8,9.62,1.1210834087168269,1.093996549041512,1.0541732968780428
1990-10-12,1.200000000000001,10.81,9.61,1.1312991170050237,1.1010952830389766,1.0591406897271634
1990-10-15,1.1800000000000015,10.8,9.62,1.137603418875705,1.1063792958874914,1.0632576015186672
1990-10-16,1.200000000000001,10.81,9.61,1.1456806211544928,1.1126487943721237,1.067915549602563
1990-10-17,1.2300000000000004,10.81,9.58,1.1565957172492645,1.1205074535525716,1.0734367410072985
1990-10-18,1.2400000000000002,10.78,9.54,1.167392354670038,1.128509511921805,1.0791104970748315
1990-10-19,1.2599999999999998,10.74,9.48,1.1793803621924739,1.1373150365497666,1.0852722576034226
1990-10-22,1.3000000000000007,10.75,9.45,1.1949945063620837,1.1482095618739727,1.0925866727911302
1990-10-23,1.3000000000000007,10.75,9.45,1.2085874083643244,1.15837451342859,1.0996519321457767
1990-10-24,1.299999999999999,10.77,9.47,1.2204207168592038,1.1678587485864214,1.1064765228297055
1990-10-25,1.2899999999999991,10.75,9.46,1.2294277158680391,1.1760381828035396,1.112728006190603
1990-10-26,1.3000000000000007,10.74,9.44,1.2385632582958275,1.1843395348648476,1.119107177789315
1990-10-29,1.2599999999999998,10.74,9.48,1.241338232434199,1.1894062898738824,1.1239065045419498
1990-10-30,1.3000000000000007,10.8,9.5,1.2489319652016457,1.196812419795874,1.1299048954497073
1990-10-31,1.2899999999999991,10.78,9.49,1.2542481991728276,1.2030529132680683,1.1353583224318509
1990-11-01,1.3000000000000007,10.73,9.43,1.260170744018093,1.2095451696457276,1.140966622381794
1990-11-02,1.290000000000001,10.73,9.44,1.2640321244022465,1.2149329889509668,1.1460432463361998
1990-11-05,1.379999999999999,10.77,9.39,1.2790441005741209,1.2259870328768812,1.1540126722388144
1990-11-06,1.3899999999999988,10.77,9.38,1.2934072792537727,1.2369704906342882,1.1620512669495762
1990-11-07,1.33,10.72,9.39,1.2981441863418341,1.2432003985753086,1.1677722173496947
1990-11-08,1.3599999999999994,10.75,9.39,1.3061513865767436,1.2510221184724133,1.1743202013094012
1990-11-09,1.3600000000000012,10.73,9.37,1.313122059251669,1.2583200411869722,1.1806451368972988
1990-11-12,1.3600000000000012,10.71,9.35,1.3191903822753783,1.2651292438493413,1.1867546219597587
1990-11-13,1.3399999999999999,10.65,9.31,1.3218841755678534,1.270143114410128,1.1919747221111092
1990-11-14,1.370000000000001,10.66,9.29,1.3281127419371375,1.276830231312533,1.1980389166201793
1990-11-15,1.3500000000000014,10.63,9.28,1.3309460351643674,1.2817301918314765,1.2032152689806535
1990-11-16,1.2699999999999996,10.53,9.26,1.3230566052430055,1.2809446559758233,1.205490202090939
1990-11-19,1.2899999999999991,10.53,9.24,1.318777446314956,1.2815510652757276,1.208368916049541
1990-11-20,1.2899999999999991,10.54,9.25,1.3150522220997087,1.282116865158913,1.2111495704427377
1990-11-21,1.2400000000000002,10.51,9.27,1.3053367542255272,1.279296424693373,1.212132321985553
1990-11-22,1.2400000000000002,10.51,9.27,1.2968789481949732,1.2766648606883586,1.2130815974030655
1990-11-23,1.25,10.5,9.25,1.2908104947578638,1.2748791947369715,1.2143391737257476
1990-11-26,1.2899999999999991,10.52,9.23,1.2907055766680067,1.2758917898309912,1.2169164592252282
1990-11-27,1.299999999999999,10.51,9.21,1.2919087345328204,1.2775062445454115,1.219746589629939
1990-11-28,1.3200000000000003,10.52,9.2,1.2955451330238459,1.2803519242265717,1.2231615888249472
1990-11-29,1.3800000000000008,10.55,9.17,1.30647776798081,1.2870250577602318,1.228504080875164
1990-11-30,1.3599999999999994,10.53,9.17,1.3134061907668282,1.2919119713348033,1.2329833146119575
1990-12-03,1.33,10.47,9.14,1.3155542500248338,1.2944626126727719,1.2362880590718177
1990-12-04,1.33,10.48,9.15,1.3174242442218842,1.2968424451906742,1.2394802318034097
1990-12-05,1.33,10.47,9.14,1.3190521687234869,1.299062907444209,1.2425636674130578
1990-12-06,1.3500000000000014,10.47,9.12,1.3230583480494382,1.3024740121524832,1.2462233433078205
1990-12-07,1.3399999999999999,10.43,9.09,1.3252514353512717,1.3049870152982574,1.2494177204959105
1990-12-10,1.2899999999999991,10.36,9.07,1.3206881569020463,1.303983379717941,1.2508001019164177
1990-12-11,1.3099999999999987,10.36,9.05,1.3193045810116737,1.3043862947792892,1.2528166677724195
1990-12-12,1.3599999999999994,10.36,9.0,1.3245725800761405,1.308110578247474,1.256467725546159
1990-12-13,1.3699999999999992,10.36,8.99,1.3304531339961945,1.3122551276777576,1.2603350515995688
1990-12-14,1.4000000000000004,10.42,9.02,1.3394559366249073,1.3181311392851631,1.2650925524626095
1990-12-17,1.42,10.44,9.02,1.3498823202586543,1.3249529921427894,1.270369268802615
1990-12-18,1.3800000000000008,10.39,9.01,1.3537810369359993,1.3286393255838367,1.2741036939698511
1990-12-19,1.4000000000000004,10.41,9.01,1.3597640556696715,1.333418136471403,1.278392184328039
1990-12-20,1.4300000000000015,10.46,9.03,1.3688560590995975,1.3398859349437136,1.2835565030935112
1990-12-21,1.4499999999999993,10.5,9.05,1.3793600965410873,1.3472599444702544,1.2892261796247324
1990-12-24,1.4399999999999995,10.49,9.05,1.3872098978856209,1.3534704685537917,1.2943620894487398
1990-12-25,1.4399999999999995,10.49,9.05,1.3940435468678674,1.359265092418466,1.2993230513298306
1990-12-26,1.4400000000000013,10.48,9.04,1.3999925838387302,1.3646716676577537,1.3041150246371878
1990-12-27,1.42,10.45,9.03,1.4025825325907064,1.3683768405579713,1.308062492320499
1990-12-28,1.4400000000000013,10.46,9.02,1.4074262026697253,1.3731732292824863,1.3125567681845693
1990-12-31,1.379999999999999,10.43,9.05,1.403875896183203,1.3736303976949022,1.3148541322493754
1991-01-01,1.379999999999999,10.43,9.05,1.400785174871487,1.374056950906375,1.3170732396603382
1991-01-02,1.3800000000000008,10.39,9.01,1.3980945456925815,1.3744549391253251,1.3192167561263735
1991-01-03,1.3599999999999994,10.36,9.0,1.3931632282111865,1.3734869350945844,1.3206059831310626
1991-01-04,1.3900000000000006,10.4,9.01,1.3927537501010827,1.3745927656518586,1.3229697980962698
1991-01-07,1.4400000000000013,10.47,9.03,1.3988697505368684,1.3789728924680047,1.3269562763997775
1991-01-08,1.4700000000000006,10.5,9.03,1.4080775212624772,1.3850687055484798,1.331828870749861
1991-01-09,1.4899999999999984,10.54,9.05,1.4186823399884345,1.3920956404320686,1.3372167600702234
1991-01-10,1.4699999999999989,10.53,9.06,1.4253253821698926,1.3973126623385739,1.3417398446794844
1991-01-11,1.4299999999999997,10.49,9.06,1.4259305088148058,1.3995016355563858,1.3447463095793644
1991-01-14,1.4399999999999995,10.52,9.08,1.4277517965234392,1.4022136898708266,1.3479909999585473
1991-01-15,1.450000000000001,10.55,9.1,1.4306318139311534,1.4054137961056716,1.3514658009826648
1991-01-16,1.4800000000000004,10.6,9.12,1.4370224978088577,1.4104086110531007,1.3558441476598997
1991-01-17,1.3999999999999986,10.45,9.05,1.4322299563221306,1.4097115775086175,1.357348258090056
1991-01-18,1.379999999999999,10.43,9.05,1.4254688178971626,1.407721882046143,1.3581198595757555
1991-01-21,1.379999999999999,10.45,9.07,1.4195829050327837,1.4058654305365432,1.3588651774822451
1991-01-22,1.3999999999999986,10.45,9.05,1.4170479090072643,1.4054726402001623,1.3602663805462247
1991-01-23,1.3999999999999986,10.45,9.05,1.414841066789295,1.405106153857562,1.3616198534899235
1991-01-24,1.370000000000001,10.41,9.04,1.40903641595222,1.4027551997550725,1.3619053120442044
1991-01-25,1.4200000000000017,10.46,9.04,1.4104556457314608,1.4039100324390208,1.3638842303859444
1991-01-28,1.4000000000000004,10.43,9.03,1.409102168281148,1.4036481892635857,1.3651144660827037
1991-01-29,1.3599999999999994,10.37,9.01,1.4027459202562143,1.400725200603768,1.3649402485923374
1991-01-30,1.3499999999999996,10.35,9.0,1.3959179905906196,1.3973282856656384,1.364431328878507
1991-01-31,1.3399999999999999,10.33,8.99,1.3886794382070513,1.3934891818742872,1.3635991081276606
1991-02-01,1.2799999999999994,10.24,8.96,1.3746109461498546,1.385889150871231,1.3607514156062237
1991-02-04,1.2899999999999991,10.19,8.9,1.3636581068317737,1.379467741293309,1.3583413626569116
1991-02-05,1.2599999999999998,10.15,8.89,1.3502396232926104,1.3714673440510414,1.3549914948262842
1991-02-06,1.2400000000000002,10.13,8.89,1.3359691661549344,1.3626633693093417,1.3510744623700812
1991-02-07,1.2599999999999998,10.1,8.84,1.326135000389315,1.3557883105879431,1.3479721318405602
1991-02-08,1.2400000000000002,10.06,8.82,1.3149848731084302,1.3480343138128614,1.34429420465626
1991-02-11,1.2400000000000002,10.02,8.78,1.3052781235232322,1.3407995790054403,1.3407415611738043
1991-02-12,1.2400000000000002,10.0,8.76,1.2968279072040638,1.3340493327450966,1.3373099337703822
1991-02-13,1.2300000000000004,9.98,8.75,1.288177072260399,1.3270814601985663,1.3336545634833312
1991-02-14,1.2200000000000006,10.0,8.78,1.279351588660171,1.3199105351471978,1.3297830718166448
1991-02-15,1.209999999999999,10.01,8.8,1.2703740645735928,1.3125501554098011,1.325702820657911
1991-02-18,1.209999999999999,10.01,8.8,1.2625586759230178,1.3056826782845712,1.3217615578325521
1991-02-19,1.209999999999999,10.02,8.81,1.2557549849308816,1.2992750955581072,1.3179545488876971
1991-02-20,1.2299999999999986,10.04,8.81,1.252421016639262,1.2946359496475788,1.3149584940648231
1991-02-21,1.2199999999999989,10.03,8.81,1.2482241342979425,1.2896378033758709,1.311723859157207
1991-02-22,1.2400000000000002,10.05,8.81,1.2471595247456968,1.2863137081771046,1.309280681210635
1991-02-25,1.209999999999999,10.03,8.82,1.2423492451991827,1.2812032074357507,1.3058988167417587
1991-02-26,1.2300000000000004,10.06,8.83,1.2407506423644303,1.2777742818100581,1.303313424413274
1991-02-27,1.2400000000000002,10.08,8.84,1.2406534721331888,1.275244651160393,1.3011567367494186
1991-02-28,1.25,10.11,8.86,1.2418633749006847,1.2735540923924846,1.2994141504955081
1991-03-01,1.25,10.16,8.91,1.2429166564364615,1.2719767452878943,1.297730923126571
1991-03-04,1.25,10.17,8.92,1.2438335912707417,1.2705050284002064,1.2961050326610741
1991-03-05,1.1899999999999995,10.1,8.91,1.2368648632049974,1.2651138474820003,1.2924907057290886
1991-03-06,1.1899999999999995,10.1,8.91,1.2307982330619063,1.2600836978219703,1.2889994960408724
1991-03-07,1.1500000000000004,10.06,8.91,1.220338947305374,1.2527117218982669,1.2842646629281238
1991-03-08,1.17,10.1,8.93,1.2138225989324272,1.2471727653179006,1.2803723890346268
1991-03-11,1.1399999999999988,10.04,8.9,1.2042663050846083,1.239995725835833,1.2755907901465176
1991-03-12,1.1500000000000004,10.06,8.91,1.1972415624594053,1.2339689813021337,1.2713127067808978
1991-03-13,1.129999999999999,10.03,8.9,1.1885371800759468,1.2270064896513642,1.2664990772183735
1991-03-14,1.129999999999999,10.02,8.89,1.180959575088882,1.2205102552378966,1.2618494175499446
1991-03-15,1.1400000000000006,10.08,8.94,1.1756573811659963,1.2151187242940065,1.2576987790698242
1991-03-18,1.1599999999999984,10.12,8.96,1.1736305419937998,1.2114275882177292,1.2543707999951454
1991-03-19,1.1799999999999997,10.18,9.0,1.1744550647448113,1.2093229766515747,1.2518374575265148
1991-03-20,1.1500000000000004,10.13,8.98,1.1712893703890388,1.205350294372087,1.2483684998702016
1991-03-21,1.1399999999999988,10.1,8.96,1.1672389790173587,1.2009739806557993,1.2446770709357151
1991-03-22,1.1599999999999984,10.12,8.96,1.1663018972612502,1.1982300757464517,1.2417926590437534
1991-03-25,1.1600000000000001,10.09,8.93,1.1654861202106157,1.1956699219403906,1.2390065008097246
1991-03-26,1.1600000000000001,10.09,8.93,1.1647759450396618,1.193281213975927,1.2363152493533431
1991-03-27,1.129999999999999,10.04,8.91,1.1602742185434325,1.1890434603840399,1.2326937616690978
1991-03-28,1.1099999999999994,10.01,8.9,1.1537662492722576,1.1837501563035417,1.2285143617286283
1991-03-29,1.1099999999999994,10.01,8.9,1.1481007329573223,1.1788113289622006,1.2244773274930223
1991-04-01,1.1500000000000004,10.02,8.87,1.1483465920061473,1.176881920451753,1.2219403563067435
1991-04-02,1.1400000000000006,10.0,8.86,1.1472661303725544,1.1744120485727216,1.2191491669617296
1991-04-03,1.120000000000001,9.99,8.87,1.143736545154733,1.1707682364554526,1.2157717823509697
1991-04-04,1.1099999999999994,9.95,8.84,1.1393693683881179,1.166698769450447,1.2121688071479333
1991-04-05,1.1100000000000012,9.96,8.85,1.1355675201939275,1.1629018224768064,1.2086885625071053
1991-04-08,1.08,9.93,8.85,1.1283743360057923,1.157350135429388,1.2043049576427287
1991-04-09,1.0899999999999999,9.94,8.85,1.1234067998259571,1.1528398983400912,1.2004113111633274
1991-04-10,1.08,9.96,8.88,1.117787814039369,1.1479620282514922,1.1963096598661318
1991-04-11,1.0700000000000003,9.99,8.92,1.1116017084306633,1.142741144445767,1.1920070891588372
1991-04-12,1.1000000000000014,9.97,8.87,1.1100998738095116,1.139878897863941,1.1888729899371482
1991-04-15,1.1199999999999992,9.93,8.81,1.1113814395681676,1.1385476675424475,1.1865269230619668
1991-04-16,1.129999999999999,9.94,8.81,1.1137916017283052,1.1379752558177918,1.1846014085478933
1991-04-17,1.1400000000000006,9.91,8.77,1.1171842641214869,1.1381108468785774,1.1830821208376294
1991-04-18,1.1099999999999994,9.93,8.82,1.1162542651778284,1.1362283475577521,1.1805926755119416
1991-04-19,1.1100000000000012,9.96,8.85,1.115444654073562,1.1344719135848766,1.1781880298329879
1991-04-22,1.08,9.98,8.9,1.1108563635695758,1.1308240924868318,1.1748433850812394
1991-04-23,1.0600000000000005,9.97,8.91,1.1042730359526867,1.126081214885868,1.1709313977866749
1991-04-24,0.9800000000000004,9.89,8.91,1.088185961451131,1.1162985929322926,1.1644275734545502
1991-04-25,1.0200000000000014,9.89,8.87,1.07935932715017,1.1098497642444023,1.1595078400982117
1991-04-26,1.0300000000000011,9.9,8.87,1.0729697900544983,1.1045024644064636,1.1550963276314525
1991-04-29,1.0,9.87,8.87,1.0635238918355434,1.0975042469881315,1.1498131773420504
1991-04-30,1.0199999999999996,9.85,8.83,1.0578897485542718,1.0923140194241439,1.14539126396785
1991-05-01,0.9700000000000006,9.81,8.84,1.046512470111876,1.0841230154502002,1.1394167936425936
1991-05-02,0.9699999999999989,9.77,8.8,1.0366079739550713,1.0764805385087015,1.1336458357093449
1991-05-03,1.0099999999999998,9.83,8.82,1.033163586714756,1.0720285357237516,1.1294340046319291
1991-05-06,1.0,9.82,8.82,1.0288705790954507,1.0672050001623477,1.1250250072722072
1991-05-07,1.0199999999999996,9.83,8.81,1.0277222876283074,1.0640438225169706,1.121447469969821
1991-05-08,0.9900000000000002,9.82,8.83,1.0228391587436414,1.0590853292278295,1.1169698865891078
1991-05-09,0.9900000000000002,9.82,8.83,1.018588148142448,1.0544588914007471,1.1126448261358868
1991-05-10,1.0300000000000011,9.88,8.85,1.0200654059371561,1.052820952613313,1.1098296399623306
1991-05-13,1.0300000000000011,9.88,8.85,1.0213514335424732,1.0512927016865192,1.107110349364606
1991-05-14,1.049999999999999,9.93,8.88,1.0250599743327735,1.0512061333217377,1.1051649612088628
1991-05-15,1.0199999999999996,9.92,8.9,1.0244049635056598,1.0491163519274773,1.1022639299831156
1991-05-16,1.0199999999999996,9.92,8.9,1.023834743461151,1.0471665169415325,1.099461718530821
1991-05-17,1.0099999999999998,9.91,8.9,1.0220438437131623,1.0446775864869615,1.0964143239769693
1991-05-20,1.0300000000000011,9.9,8.87,1.0230737636628215,1.04369467242847,1.094152008290339
1991-05-21,1.0200000000000014,9.89,8.87,1.0226758666881086,1.04210791109942,1.0916261186703748
1991-05-22,1.0099999999999998,9.87,8.86,1.0210349828855996,1.0399577403450897,1.0888456334128458
1991-05-23,1.040000000000001,9.89,8.85,1.023489993668138,1.0399605703477577,1.087181771822813
1991-05-24,1.0300000000000011,9.9,8.87,1.0243327103207363,1.0392935407489812,1.0852339507559463
1991-05-27,1.0300000000000011,9.9,8.87,1.0250663377773548,1.0386711801269912,1.0833524796252145
1991-05-28,1.040000000000001,9.9,8.86,1.0269994919400023,1.038760167218673,1.081875735018969
1991-05-29,0.9799999999999986,9.86,8.88,1.0209154341830005,1.0348251746032415,1.0784054734907433
1991-05-30,0.9600000000000009,9.82,8.86,1.0130299655414392,1.0298143565023266,1.0743721483882567
1991-05-31,0.9499999999999993,9.83,8.88,1.004870772006635,1.0244694278149509,1.070135576434649
1991-06-03,0.9799999999999986,9.87,8.89,1.0016512645799853,1.0214914432661137,1.0670652278068098
1991-06-04,0.9800000000000004,9.88,8.9,0.9988485205761798,1.018712885433762,1.0640994665247152
1991-06-05,0.9700000000000006,9.91,8.94,0.9951140958378533,1.0154507292226527,1.06089409324867
1991-06-06,0.9800000000000004,9.93,8.95,0.9931575846453549,1.013076699938773,1.0581385434643245
1991-06-07,1.0199999999999996,10.0,8.98,0.996632320192785,1.0135403326325665,1.0568394046644702
1991-06-10,1.0299999999999994,10.0,8.97,1.0009517475479441,1.0146425873164626,1.0559251560121266
1991-06-11,1.0099999999999998,9.99,8.98,1.0021230387310172,1.01433168713235,1.0543607766036545
1991-06-12,0.9900000000000002,10.03,9.04,1.0005537181961477,1.0127022668342343,1.052168412279286
1991-06-13,0.9700000000000006,10.01,9.04,0.9965985565864475,1.0098426237697486,1.0493694545106367
1991-06-14,0.9600000000000009,9.98,9.02,0.991860894052157,1.0065048123619322,1.0463252028080203
1991-06-17,0.9400000000000013,9.98,9.04,0.9851475305301461,1.0020511840296478,1.042703376072569
1991-06-18,0.9299999999999997,9.98,9.05,0.9780087137674088,0.9972261317789514,1.0388642853409735
1991-06-19,0.9299999999999997,9.99,9.06,0.9717940128133401,0.9927241988431627,1.035155968133287
1991-06-20,0.9300000000000015,9.97,9.04,0.9663838013970588,0.9885237468883857,1.0315739698232054
1991-06-21,0.9400000000000013,9.98,9.04,0.9629684331681028,0.9852742567198455,1.0284546242361017
1991-06-24,0.9299999999999997,9.98,9.05,0.9587006880654825,0.9815727051022909,1.0251008983002952
1991-06-25,0.9199999999999999,9.97,9.05,0.9536909057953533,0.9774493652386042,1.0215207758708906
1991-06-26,0.9100000000000001,9.95,9.04,0.9480351426510627,0.9729324830258336,1.0177219688435786
1991-06-27,0.9000000000000004,9.94,9.04,0.9418170204928923,0.968048412817801,1.0137119264185712
1991-06-28,0.8800000000000008,9.9,9.02,0.9338148420113755,0.9621520740114606,1.0091572073382238
1991-07-01,0.8900000000000006,9.92,9.03,0.9281430353937337,0.9573202654604983,1.0050982754212205
1991-07-02,0.8600000000000012,9.89,9.03,0.9193219578467227,0.950803018419765,1.0001556954937
1991-07-03,0.870000000000001,9.9,9.03,0.9129372581863322,0.9453918820013971,0.9957221146938448
1991-07-04,0.870000000000001,9.9,9.03,0.9073790543005027,0.9403431132013536,0.9914395579320409
1991-07-05,0.879999999999999,9.93,9.05,0.9038348511438177,0.9363021154289031,0.9876435174858832
1991-07-08,0.9199999999999999,9.97,9.05,0.9059274205574848,0.9352104115270078,0.9853393309558776
1991-07-09,0.9199999999999999,9.98,9.06,0.907749108039289,0.93419181576955,0.9831136334779259
1991-07-10,0.9399999999999995,10.0,9.06,0.9119239678368005,0.9345807724920664,0.981645024848279
1991-07-11,0.9100000000000001,9.94,9.03,0.9116749112840904,0.9329346716925584,0.9792045322876759
1991-07-12,0.9000000000000004,9.9,9.0,0.9101636005947972,0.9307291352545903,0.9765065351521671
1991-07-15,0.9399999999999995,9.92,8.98,0.9140259056910724,0.9313499773324573,0.9752629885466501
1991-07-16,0.9399999999999995,9.93,8.99,0.9173882375682564,0.9319292434736415,0.97406180170367
1991-07-17,0.9399999999999995,9.92,8.98,0.9203153174779274,0.9324697178942465,0.9729015316942089
1991-07-18,0.9299999999999997,9.93,9.0,0.9215689941750655,0.9323043282751208,0.971440148029957
1991-07-19,0.8900000000000006,9.9,9.01,0.9174824056617954,0.9294713339654911,0.9686659976151527
1991-07-22,0.9000000000000004,9.89,8.99,0.9152193180966474,0.9274977268944025,0.9663269816583429
1991-07-23,0.9000000000000004,9.88,8.98,0.9132491859420193,0.9256562863847465,0.9640676411717253
1991-07-24,0.8499999999999996,9.83,8.98,0.9050616144498462,0.9205898112141255,0.9601820785625329
1991-07-25,0.8399999999999999,9.8,8.96,0.8966394251082689,0.9151929526445022,0.9560882357692504
1991-07-26,0.8600000000000012,9.81,8.95,0.8918964721668499,0.9114968457176492,0.9528151177118148
1991-07-29,0.870000000000001,9.82,8.95,0.8890619861790492,0.9087179260992796,0.9499941307820294
1991-07-30,0.8900000000000006,9.82,8.93,0.8891834115397919,0.9074644425837758,0.9479505104446306
1991-07-31,0.870000000000001,9.8,8.93,0.8867001297219073,0.9049555609401994,0.9452952298967044
1991-08-01,0.8800000000000008,9.81,8.93,0.8858328017035636,0.9032843616795133,0.9430710346627265
1991-08-02,0.8399999999999999,9.73,8.89,0.8798997713404768,0.8990463972953336,0.9395600568405995
1991-08-05,0.8600000000000012,9.72,8.86,0.8773237571499164,0.8964315768771999,0.9368499492336607
1991-08-06,0.8300000000000001,9.67,8.84,0.8711977234441488,0.8919828529062412,0.9332102477085684
1991-08-07,0.8499999999999996,9.66,8.81,0.8684536900848991,0.8891713868403599,0.9303758012005416
1991-08-08,0.8699999999999992,9.68,8.81,0.8686538590323785,0.8878875364155703,0.9283191797675474
1991-08-09,0.9100000000000001,9.7,8.79,0.8740060936905162,0.8893683419515709,0.927695161253579
1991-08-12,0.9100000000000001,9.69,8.78,0.878665484587051,0.8907499823707098,0.9270923991010152
1991-08-13,0.9000000000000004,9.66,8.76,0.8814272255896074,0.8913694283795752,0.9261695325294014
1991-08-14,0.8499999999999996,9.58,8.73,0.8773589889398671,0.8885990415191627,0.9235749186273716
1991-08-15,0.9000000000000004,9.6,8.7,0.8802898550680075,0.8893625296022375,0.9227718703536253
1991-08-16,0.9000000000000004,9.59,8.69,0.8828413222268057,0.8900748891723914,0.9219961768521334
1991-08-19,0.9399999999999995,9.62,8.68,0.890240480867284,0.8934182244917097,0.9226094531619375
1991-08-20,0.9400000000000013,9.63,8.69,0.89668182258967,0.896537666646404,0.9232018390292465
1991-08-21,0.9299999999999997,9.61,8.68,0.900994841887437,0.8987785390072924,0.9234334093484702
1991-08-22,0.9199999999999999,9.58,8.66,0.9034550488995763,0.9001996767651924,0.9233164548217575
1991-08-23,0.9499999999999993,9.67,8.72,0.9094802666009355,0.9035346554327275,0.9242253943278281
1991-08-26,0.9399999999999995,9.67,8.73,0.9134310288977968,0.9059766304709773,0.9247627353067852
1991-08-27,0.9100000000000001,9.64,8.73,0.9129868841396623,0.906246063492278,0.9242598623471253
1991-08-28,0.8800000000000008,9.58,8.7,0.9087167505691671,0.9044884431362652,0.9227522089543012
1991-08-29,0.879999999999999,9.54,8.66,0.9049993833840226,0.9028485253575085,0.9212959117707455
1991-08-30,0.8800000000000008,9.57,8.69,0.9017632272870167,0.9013184279665207,0.9198892214154383
1991-09-02,0.8800000000000008,9.57,8.69,0.8989459897738541,0.8998907966204648,0.9185304480976988
1991-09-03,0.9000000000000004,9.57,8.67,0.8990824308039088,0.8998981096441063,0.9178992330088236
1991-09-04,0.9199999999999999,9.6,8.68,0.9017901983535572,0.9012442731056957,0.9179707928446166
1991-09-05,0.9199999999999999,9.61,8.69,0.9041474469191786,0.9025002880273599,0.9180399150897008
1991-09-06,0.9000000000000004,9.55,8.65,0.9036105622517318,0.9023328512178713,0.9174254093558616
1991-09-09,0.8999999999999986,9.54,8.64,0.9031431770020606,0.9021766271506206,0.9168318359432135
1991-09-10,0.9199999999999999,9.55,8.63,0.9053252832437608,0.9033702051110677,0.916939755241556
1991-09-11,0.9499999999999993,9.58,8.63,0.9111084001627612,0.9064928629800317,0.9180659085446717
1991-09-12,0.9000000000000004,9.51,8.61,0.9096704240190105,0.9060580553698976,0.9174505173783323
1991-09-13,0.8900000000000006,9.51,8.62,0.9071240987100233,0.9049826954400393,0.9165154519835139
1991-09-16,0.8900000000000006,9.5,8.61,0.9049073937779493,0.9039793491477047,0.9156122383487385
1991-09-17,0.9000000000000004,9.5,8.6,0.9042721344177096,0.9037128640396525,0.9150804281968802
1991-09-18,0.8800000000000008,9.5,8.62,0.9011301202897365,0.9021248844728226,0.913885460029606
1991-09-19,0.9199999999999999,9.51,8.59,0.9035728155889,0.9033219274856116,0.9140937437079334
1991-09-20,0.9100000000000001,9.51,8.6,0.9044048109905088,0.9037691380242004,0.9139542957688003
1991-09-23,0.8800000000000008,9.47,8.59,0.9012456219549231,0.902177389956971,0.9127976878061433
1991-09-24,0.9100000000000001,9.47,8.56,0.9023788712615511,0.9027012467499268,0.9127023882889439
1991-09-25,0.9100000000000001,9.48,8.57,0.9033654220837911,0.9031900224205952,0.9126103350231519
1991-09-26,0.9300000000000015,9.47,8.54,0.90681325319189,0.9049854064160533,0.9132026908510305
1991-09-27,0.9199999999999999,9.45,8.53,0.9085202701381565,0.9059908888316609,0.913434232154077
1991-09-30,0.8800000000000008,9.41,8.53,0.9048283372341299,0.9042503567593052,0.9122953394673302
1991-10-01,0.9199999999999999,9.42,8.5,0.9067923004330329,0.9053050632514971,0.9125577884894608
1991-10-02,0.9299999999999997,9.43,8.5,0.9097965240691696,0.906958809289732,0.913151934245179
1991-10-03,0.9900000000000002,9.43,8.44,0.9201788188501084,0.9125198294108201,0.9157696614798131
1991-10-04,0.9299999999999997,9.4,8.47,0.9214501652177286,0.9136904241426038,0.9162543990504528
1991-10-07,0.9100000000000001,9.39,8.48,0.9199679477801274,0.9134432874778133,0.9160413512584253
1991-10-08,0.9299999999999997,9.39,8.46,0.9212665912889737,0.9145520409854093,0.9165168340778119
1991-10-09,0.9600000000000009,9.47,8.51,0.9262806092282372,0.9175955548413742,0.9179980303390917
1991-10-10,0.9400000000000013,9.48,8.54,0.9280565766355624,0.9190959135099251,0.9187474981966264
1991-10-11,0.9199999999999999,9.43,8.51,0.9270136573283272,0.9191564574775575,0.9187901630060775
1991-10-14,0.9100000000000001,9.42,8.51,0.9248112489709025,0.9185432769121651,0.9184907377847414
1991-10-15,0.8900000000000006,9.41,8.52,0.9203049524006608,0.9166318190456209,0.9175202386641536
1991-10-16,0.9000000000000004,9.42,8.52,0.9176764877500962,0.9155180358788345,0.9169234350171397
1991-10-17,0.9399999999999995,9.51,8.57,0.9205662538360984,0.9171575197773322,0.9177095075362602
1991-10-18,0.9299999999999997,9.49,8.56,0.9217874469630227,0.9180175422590919,0.9181281668288968
1991-10-21,0.9900000000000002,9.58,8.59,0.9306175235297927,0.9228379921158287,0.9205763853136055
1991-10-22,0.9800000000000004,9.6,8.62,0.9370100572919035,0.9266659607815811,0.9226005717783796
1991-10-23,0.9900000000000002,9.64,8.65,0.9438695755264372,0.9309072519219291,0.9248964437319743
1991-10-24,0.9799999999999986,9.61,8.63,0.9485466386224117,0.9341948463979546,0.9267734731477596
1991-10-25,0.9499999999999993,9.61,8.66,0.9487347754340677,0.9352532702529848,0.9275646539186725
1991-10-28,0.9599999999999991,9.6,8.64,0.9501930524084702,0.9369104847133893,0.9286695208787956
1991-10-29,0.9299999999999997,9.5,8.57,0.9475790731488618,0.9364477102251031,0.9287148418819527
1991-10-30,0.9499999999999993,9.51,8.56,0.9478924607660429,0.9373552665291542,0.9294398925068685
1991-10-31,0.9199999999999999,9.49,8.57,0.9442817974315938,0.9361930362486154,0.9291183351135297
1991-11-01,0.9299999999999997,9.49,8.56,0.942433026798955,0.9357783071377415,0.9291483678562209
1991-11-04,0.9299999999999997,9.5,8.57,0.940823578483306,0.9353913511947454,0.9291773775734437
1991-11-05,0.9599999999999991,9.54,8.58,0.943305955446638,0.9370393187875545,0.9302273092454555
1991-11-06,0.9499999999999993,9.51,8.56,0.9441724957433413,0.937907256835997,0.930900839679589
1991-11-07,0.9700000000000006,9.49,8.52,0.9475158516208327,0.9400564118390679,0.9322327006160582
1991-11-08,0.9499999999999993,9.45,8.5,0.9478374232292047,0.9407223041915955,0.9328379200581666
1991-11-11,1.0,9.44,8.44,0.9545898394092068,0.9446919541484755,0.9351257070580284
1991-11-12,0.9700000000000006,9.4,8.43,0.9565846760172013,0.9463867582692014,0.9363136535017824
1991-11-13,0.9900000000000002,9.44,8.45,0.9609102708840521,0.9493074065972951,0.9381424075501245
1991-11-14,0.9800000000000004,9.4,8.42,0.9633814255649412,0.9513627977594513,0.9395682308113349
1991-11-15,1.0,9.41,8.41,0.9681216793984585,0.9546198856935202,0.9416267587194672
1991-11-18,0.9900000000000002,9.4,8.41,0.9709538156763549,0.956989186107711,0.9432745288992863
1991-11-19,0.9899999999999984,9.45,8.46,0.9734193335084087,0.9591998215610127,0.9448661699776926
1991-11-20,0.9699999999999989,9.43,8.46,0.9729767027118423,0.9599230772019403,0.9457223204964312
1991-11-21,0.9599999999999991,9.45,8.49,0.9712968758555205,0.9599282284916089,0.9462086706747572
1991-11-22,0.9599999999999991,9.45,8.49,0.9698345016395096,0.9599330348148186,0.9466784539805814
1991-11-25,0.9900000000000002,9.47,8.48,0.9724449140431279,0.9619465295268372,0.948154144874654
1991-11-26,0.9800000000000004,9.46,8.48,0.9734229156644945,0.9631555164368035,0.9492389316087508
1991-11-27,1.0,9.45,8.45,0.976863304260957,0.9656228812794021,0.9509680399458538
1991-11-28,1.0,9.45,8.45,0.9798583364915651,0.9679250140797045,0.9526382485053083
1991-11-29,1.0,9.44,8.44,0.982465663487011,0.9700729799332858,0.9542515636297667
1991-12-02,0.9900000000000002,9.42,8.43,0.9834409791045549,0.9714074328547396,0.9554692866077333
1991-12-03,0.9800000000000004,9.4,8.42,0.9829955462977605,0.9719828513714769,0.9563048927599664
1991-12-04,0.9699999999999989,9.36,8.39,0.9813132801498562,0.9718500657469018,0.9567713983883298
1991-12-05,0.9699999999999989,9.35,8.38,0.979848782407184,0.9717261723783714,0.957222013122414
1991-12-06,0.9700000000000006,9.32,8.35,0.978573863072355,0.9716105757781002,0.9576572782644147
1991-12-09,0.9600000000000009,9.32,8.36,0.9761694869602239,0.9708330502517056,0.9577370799670363
1991-12-10,0.9600000000000009,9.3,8.34,0.9740763559814323,0.9701075932838175,0.9578141633307086
1991-12-11,0.9700000000000006,9.32,8.35,0.9735486739958314,0.9701003880834694,0.9582292576627869
1991-12-12,0.9599999999999991,9.29,8.33,0.9717948057789865,0.9694239953092021,0.9582895756473205
1991-12-13,0.9299999999999997,9.29,8.36,0.9663844917137487,0.9667838882816779,0.9573259288476145
1991-12-16,0.9500000000000011,9.3,8.35,0.9642635284907248,0.9656599214930737,0.9570763808170294
1991-12-17,0.9699999999999989,9.29,8.32,0.9650061114962682,0.9659505635671778,0.9575166067299785
1991-12-18,0.9499999999999993,9.28,8.33,0.9630635788159607,0.9648824020417819,0.9572605635107272
1991-12-19,0.9299999999999997,9.24,8.31,0.9587835171628203,0.9625464319290334,0.9563319686419745
1991-12-20,0.9399999999999995,9.18,8.24,0.9563520014467756,0.9610365648312271,0.9557756418341444
1991-12-23,0.9199999999999999,9.15,8.23,0.951646255336432,0.958288468846874,0.9545569921382036
1991-12-24,0.9100000000000001,9.14,8.23,0.9462551710423052,0.9550547345449308,0.9530392174139095
1991-12-25,0.9100000000000001,9.14,8.23,0.9415619595732762,0.9520375537553536,0.95157314366859
1991-12-26,0.9099999999999984,9.12,8.21,0.9374762816852449,0.9492224245372468,0.950157009777103
1991-12-27,0.9499999999999993,9.16,8.21,0.9390974699665279,0.9492744964398416,0.9501516614477001
1991-12-30,0.9299999999999997,9.11,8.18,0.9379198076039303,0.947983741073631,0.9494652218805278
1991-12-31,0.9399999999999995,9.1,8.16,0.9381890873378372,0.9474490938175852,0.9491428016757362
1992-01-01,0.9399999999999995,9.1,8.16,0.9384235089618741,0.9469502502888599,0.9488313642867484
1992-01-02,0.9299999999999997,9.11,8.18,0.9373330904716893,0.9458151427343127,0.9481898988877883
1992-01-03,0.9399999999999995,9.11,8.17,0.9376783204078692,0.9454257200216093,0.9479109208659358
1992-01-06,0.9399999999999995,9.09,8.15,0.9379788605232774,0.9450623757830033,0.9476414458596569
1992-01-07,0.9399999999999995,9.07,8.13,0.938240495890039,0.9447233636210991,0.9473811501613549
1992-01-08,0.9300000000000015,9.05,8.12,0.937173768338913,0.9437373840048784,0.9467890843793507
1992-01-09,0.879999999999999,9.01,8.13,0.9297726562332027,0.9394690820708018,0.9445140029776418
1992-01-10,0.8699999999999992,9.04,8.17,0.9220351195535201,0.9348169454638361,0.9419757824897182
1992-01-13,0.9000000000000004,9.06,8.16,0.9191826857396144,0.9324853587822969,0.9405459332418663
1992-01-14,0.9000000000000004,9.08,8.18,0.9166994978761538,0.930309911485793,0.9391647899084803
1992-01-15,0.9100000000000001,9.11,8.2,0.9158322516498869,0.9289498174714372,0.9381713300980618
1992-01-16,0.9199999999999999,9.16,8.24,0.9163717643261324,0.9283504749690835,0.9375523478866034
1992-01-17,0.9100000000000001,9.13,8.22,0.9155469430233047,0.9271215985565253,0.9366138137708458
1992-01-20,0.879999999999999,9.1,8.22,0.910945411272393,0.9239660060671913,0.9346853394402457
1992-01-21,0.9600000000000009,9.13,8.17,0.9172955001509221,0.9263790948438523,0.9355476497109323
1992-01-22,0.9399999999999995,9.15,8.21,0.9202345848670284,0.9272912461147204,0.9356993131066904
1992-01-23,0.9700000000000006,9.21,8.24,0.9266766898233262,0.9301513235976083,0.936867720422676
1992-01-24,0.9500000000000011,9.22,8.27,0.9296958791877665,0.9314805300782305,0.937315054074665
1992-01-27,0.9299999999999997,9.19,8.26,0.9297352474556,0.9313813834079516,0.9370658764787686
1992-01-28,0.9499999999999993,9.17,8.22,0.932358508257416,0.9326282164628443,0.9375064602080412
1992-01-29,0.9599999999999991,9.2,8.24,0.9359366837931481,0.9344612229226296,0.9382726727488303
1992-01-30,0.9700000000000006,9.23,8.26,0.9403461608883912,0.9368411485079413,0.939353421988408
1992-01-31,0.9400000000000013,9.21,8.27,0.9403013505563802,0.9370526873425441,0.9393754468091193
1992-02-03,0.9600000000000009,9.24,8.28,0.942851329630684,0.9385894002234835,0.9400779948050855
1992-02-04,0.9399999999999995,9.18,8.24,0.9424822266161348,0.9386838638706556,0.9400753380156994
1992-02-05,0.9100000000000001,9.16,8.25,0.9382774206777885,0.9367629913160723,0.9390508615940585
1992-02-06,0.9100000000000001,9.16,8.25,0.9346169244996103,0.9349707538501085,0.9380612826002686
1992-02-07,0.9399999999999995,9.16,8.22,0.9353137605908701,0.9353075474195918,0.9381273224320806
1992-02-10,0.9499999999999993,9.19,8.24,0.9372148860096802,0.9362914570158889,0.9385317494155355
1992-02-11,0.9399999999999995,9.19,8.25,0.9375754174468831,0.9365398070452919,0.9385817634205006
1992-02-12,0.9299999999999997,9.18,8.25,0.9365947839255873,0.9361018557315423,0.9382894370540998
1992-02-13,0.9400000000000013,9.23,8.29,0.9370355872282752,0.9363629027917589,0.9383477051076424
1992-02-14,0.9599999999999991,9.27,8.31,0.9400083175258102,0.9379458084805484,0.939085261758878
1992-02-17,0.9599999999999991,9.27,8.31,0.9425962295608566,0.9394227117106803,0.9397976945229465
1992-02-18,0.9700000000000006,9.31,8.34,0.9461436322077662,0.9414703812343326,0.9408264959224282
1992-02-19,0.9599999999999991,9.29,8.33,0.9479373312132324,0.9427112543710326,0.9414796158586847
1992-02-20,0.9499999999999993,9.28,8.33,0.9482043425257861,0.9431993598612538,0.9417698514215084
1992-02-21,0.9599999999999991,9.29,8.33,0.9497312837413748,0.9443244484716121,0.9423908372063373
1992-02-24,0.9600000000000009,9.3,8.34,0.9510605632767258,0.9453741932634789,0.9429906699356495
1992-02-25,0.9399999999999995,9.27,8.33,0.9496287795909261,0.9450142996177208,0.9428887967386671
1992-02-26,0.9299999999999997,9.23,8.3,0.9470878451296961,0.944008836888152,0.9424497570060066
1992-02-27,0.8999999999999986,9.2,8.3,0.9409923501020574,0.9410616967358078,0.9410037624461337
1992-02-28,0.9000000000000004,9.17,8.27,0.935685913472178,0.9383119177429878,0.9396070237693249
1992-03-02,0.9100000000000001,9.21,8.3,0.9323608864419801,0.936415953307884,0.9385984998501323
1992-03-03,0.8900000000000006,9.21,8.32,0.926877293553789,0.9333076157698877,0.9369430565364915
1992-03-04,0.879999999999999,9.2,8.32,0.9208090543090487,0.929737764213473,0.9350033669886184
1992-03-05,0.9000000000000004,9.22,8.32,0.918115333950402,0.9277463151057129,0.9338110238089953
1992-03-06,0.8699999999999992,9.2,8.33,0.9118868310737035,0.9238792171333103,0.9316373860829967
1992-03-09,0.8699999999999992,9.18,8.31,0.906464604385902,0.9202710871435537,0.9295377904375332
1992-03-10,0.8499999999999996,9.16,8.31,0.8991552931544398,0.9155652426560936,0.9268284413060245
1992-03-11,0.8900000000000006,9.22,8.33,0.8979701456127387,0.9138532148347794,0.9255739293951655
1992-03-12,0.9299999999999997,9.28,8.35,0.9021163922208768,0.9149345167335922,0.9257246976084039
1992-03-13,0.9399999999999995,9.32,8.38,0.9070204039081948,0.9166130771636277,0.9262109668135695
1992-03-16,0.9599999999999991,9.34,8.38,0.9138785827790777,0.9195185695924029,0.9273619453259796
1992-03-17,0.9199999999999999,9.31,8.39,0.9146709967901556,0.9195508095465829,0.9271111704419221
1992-03-18,0.9299999999999997,9.31,8.38,0.9166553276209018,0.9202505605721104,0.9272095745817807
1992-03-19,0.9299999999999997,9.28,8.35,0.9183827879433738,0.9209034513647892,0.9273046267153866
1992-03-20,0.9299999999999997,9.31,8.38,0.9198866295001735,0.9215126200142293,0.9273964410243785
1992-03-23,0.9400000000000013,9.3,8.36,0.9224902939815925,0.9227506645461988,0.9278257645117004
1992-03-24,0.8800000000000008,9.24,8.36,0.9169899493602934,0.9198877804317265,0.926196643400456
1992-03-25,0.8800000000000008,9.24,8.36,0.9122016212518986,0.9172166151019772,0.9246230161348867
1992-03-26,0.9000000000000004,9.27,8.37,0.9106221282539664,0.9160636698927356,0.9237842658123898
1992-03-27,0.8600000000000012,9.21,8.35,0.9040691222667392,0.9123092536365511,0.9216115395619864
1992-03-30,0.870000000000001,9.22,8.35,0.8996588935803145,0.9094759294902008,0.9198534610546646
1992-03-31,0.870000000000001,9.24,8.37,0.8958195665130827,0.9068323445859382,0.9181552691553405
1992-04-01,0.870000000000001,9.21,8.34,0.892477238172026,0.9043657926543325,0.9165149239062975
1992-04-02,0.870000000000001,9.21,8.34,0.8895675723519985,0.9020644183268055,0.9149304548382676
1992-04-03,0.8599999999999994,9.19,8.33,0.8857400667663311,0.899247490068715,0.9130593218926483
1992-04-06,0.879999999999999,9.2,8.32,0.8849970183567868,0.897958543238388,0.9119332000257294
1992-04-07,0.879999999999999,9.19,8.31,0.8843501571453017,0.8967559133213562,0.9108454380036758
1992-04-08,0.8900000000000006,9.21,8.32,0.885081526120308,0.8963034900167883,0.910135365860101
1992-04-09,0.8699999999999992,9.18,8.31,0.8831292310593992,0.8945420239782225,0.9087682079589615
1992-04-10,0.8499999999999996,9.17,8.32,0.8788406707603275,0.8915591778815051,0.9067663470533712
1992-04-13,0.8399999999999999,9.15,8.31,0.8738127678092024,0.8881064139799592,0.9044920401684555
1992-04-14,0.8800000000000008,9.16,8.28,0.8746137015310573,0.8875635516863571,0.9036577513681978
1992-04-15,0.8800000000000008,9.15,8.27,0.8753109548337811,0.8870570432565651,0.9028518815072137
1992-04-16,0.9100000000000001,9.18,8.27,0.8798014321903435,0.8885934644349733,0.9030953726643582
1992-04-17,0.9100000000000001,9.18,8.27,0.8837106197825674,0.8900269960833241,0.903330569618816
1992-04-20,0.9100000000000001,9.23,8.32,0.8871137652430081,0.8913645284056476,0.9035577549015792
1992-04-21,0.9199999999999999,9.25,8.33,0.8913708698076122,0.8932821602742541,0.9041178381303488
1992-04-22,0.9100000000000001,9.24,8.33,0.8937824002172999,0.8944017039886545,0.9043182061574874
1992-04-23,0.9100000000000001,9.26,8.35,0.8958817593738594,0.8954462752096577,0.9045117489140555
1992-04-24,0.9000000000000004,9.24,8.34,0.8964148633031244,0.8957512245362316,0.9043580621830735
1992-04-27,0.870000000000001,9.24,8.37,0.8929954741279251,0.8940267420647762,0.9031877004540896
1992-04-28,0.8800000000000008,9.24,8.36,0.8913132173223656,0.8930874131102133,0.9023978422528323
1992-04-29,0.8699999999999992,9.25,8.38,0.888554233345638,0.8915413181210684,0.901294252810787
1992-04-30,0.8499999999999996,9.24,8.39,0.8835634095564954,0.8887594203188827,0.8995469822549945
1992-05-01,0.8300000000000001,9.2,8.37,0.8766296563614682,0.8848244777210958,0.8971779567271908
1992-05-04,0.8500000000000014,9.22,8.37,0.8731824623458585,0.8824923866268211,0.895570902327238
1992-05-05,0.8600000000000012,9.22,8.36,0.8714760000208173,0.8809861387812253,0.8943592268105166
1992-05-06,0.8599999999999994,9.2,8.34,0.8699904382825088,0.8795807598478532,0.8931888254100465
1992-05-07,0.8499999999999996,9.2,8.35,0.8674026873073744,0.8775998248527743,0.8917176554671564
1992-05-08,0.8399999999999999,9.15,8.31,0.8638554248712622,0.875081877063644,0.889955962262545
1992-05-11,0.8500000000000014,9.14,8.29,0.8620618479263846,0.8734022187900504,0.8885949155065425
1992-05-12,0.8500000000000014,9.13,8.28,0.8605004485067065,0.8718350422062797,0.8872802309995542
1992-05-13,0.8499999999999996,9.12,8.27,0.8591411713623752,0.8703728147500576,0.8860103294731796
1992-05-14,0.8499999999999996,9.12,8.27,0.8579578518787021,0.8690085082922714,0.8847836854546972
1992-05-15,0.8300000000000001,9.08,8.25,0.8543387237015538,0.8663962251873264,0.8829175520130838
1992-05-18,0.8399999999999999,9.08,8.24,0.8524825839953352,0.8646285489518104,0.8814556226379592
1992-05-19,0.8300000000000001,9.05,8.22,0.8495722261614915,0.8623095786210865,0.8797028552334525
1992-05-20,0.8499999999999996,9.07,8.22,0.8496276012439231,0.8614852429653899,0.8786910669427872
1992-05-21,0.8599999999999994,9.1,8.24,0.8509703024201651,0.8613857806871567,0.8780543805864044
1992-05-22,0.8399999999999999,9.07,8.23,0.8495502029514036,0.8599536389308879,0.8767581086831403
1992-05-25,0.8399999999999999,9.07,8.23,0.8483139345589367,0.8586174034237317,0.875505992559613
1992-05-26,0.8599999999999994,9.12,8.26,0.849826689147567,0.8587099917803558,0.8749778015293687
1992-05-27,0.8699999999999992,9.12,8.25,0.8524381128738665,0.8594660498563501,0.8748082393353948
1992-05-28,0.8599999999999994,9.1,8.24,0.8534169949027628,0.8595018069001388,0.8743038163414717
1992-05-29,0.8699999999999992,9.1,8.23,0.8555636555714575,0.8602048394863053,0.8741572125572479
1992-06-01,0.8499999999999996,9.1,8.25,0.8548434434917179,0.8595214519140604,0.8733343292146052
1992-06-02,0.8599999999999994,9.09,8.23,0.8555109568270467,0.8595534988477814,0.872880113010231
1992-06-03,0.8499999999999996,9.1,8.25,0.8547975665700861,0.858913729609589,0.8721007323664882
1992-06-04,0.8399999999999999,9.09,8.25,0.8528820299130003,0.8576471337187531,0.8710072635778846
1992-06-05,0.8399999999999999,9.08,8.24,0.8512144583971599,0.8564653579656584,0.8699510423504269
1992-06-08,0.8599999999999994,9.08,8.22,0.852351741808786,0.8567020623686864,0.869612073316947
1992-06-09,0.8599999999999994,9.09,8.23,0.8533418045234045,0.8569229153859536,0.8692846508131283
1992-06-10,0.8499999999999996,9.1,8.25,0.8529092098102753,0.8564593084527123,0.8686277448110307
1992-06-11,0.8000000000000007,9.06,8.26,0.846060142403888,0.8526783974657336,0.8662900318851582
1992-06-12,0.8100000000000005,9.05,8.24,0.8413921772822432,0.8498203528614504,0.8643725867542121
1992-06-15,0.8200000000000003,9.05,8.23,0.8386229719831875,0.8478233730390023,0.8628610935542629
1992-06-16,0.7999999999999989,9.02,8.22,0.8336232500161341,0.844620784811961,0.860719813940006
1992-06-17,0.7899999999999991,9.01,8.22,0.8279762448743532,0.8409629942531921,0.8583108374594574
1992-06-18,0.7799999999999994,9.0,8.22,0.8217657470002009,0.836880484901097,0.8556432828506185
1992-06-19,0.8199999999999985,9.04,8.22,0.8215371720456631,0.8357500493258624,0.8544291417875562
1992-06-22,0.8299999999999983,9.04,8.21,0.8226326803572735,0.8353649857239935,0.8535969955370566
1992-06-23,0.8199999999999985,9.04,8.22,0.822291881368003,0.834336038594978,0.8524525585319688
1992-06-24,0.8099999999999987,9.02,8.21,0.820700704248884,0.8327063268924274,0.851006468541837
1992-06-25,0.8200000000000003,9.0,8.18,0.82060999847857,0.8318554221918861,0.8499502743962258
1992-06-26,0.8200000000000003,9.0,8.18,0.8205310345191289,0.8310615000336274,0.8489300581005822
1992-06-29,0.8399999999999999,9.0,8.16,0.8230512811338349,0.8316600846365237,0.8486258675387619
1992-06-30,0.8200000000000003,9.0,8.18,0.8226562945098348,0.8308792436499881,0.8476507654026806
1992-07-01,0.8399999999999999,9.0,8.16,0.8249014274158946,0.8314900334176701,0.8473901522465305
1992-07-02,0.7899999999999991,8.92,8.13,0.8203834572967458,0.8287115699986508,0.8454352329774516
1992-07-03,0.7899999999999991,8.92,8.13,0.8164503358645657,0.8261191719629276,0.8435469054353331
1992-07-06,0.8200000000000003,8.9,8.08,0.8169098378873857,0.8257093893222985,0.8427448113937461
1992-07-07,0.8100000000000005,8.89,8.08,0.8160153632651486,0.8246573785146006,0.8416294029090116
1992-07-08,0.8100000000000005,8.89,8.08,0.815236677878906,0.8236758177235652,0.8405519893320155
1992-07-09,0.8100000000000005,8.89,8.08,0.814558792877282,0.8227599891223302,0.8395112764167181
1992-07-10,0.8100000000000005,8.88,8.07,0.8139686597072682,0.8219054908227849,0.838506014003851
1992-07-13,0.8100000000000005,8.89,8.08,0.813454918943693,0.821108215718097,0.8375349945191601
1992-07-14,0.8000000000000007,8.9,8.1,0.8117131872655358,0.8196946616574603,0.8362564148120518
1992-07-15,0.7799999999999994,8.86,8.08,0.8076079330379276,0.8170364289143015,0.8343401148020266
1992-07-16,0.7699999999999996,8.85,8.08,0.8027396072905707,0.813886539981119,0.8321484542944727
1992-07-17,0.7699999999999996,8.87,8.1,0.7985014835689002,0.8109475896867832,0.8300314497895565
1992-07-20,0.7699999999999996,8.86,8.09,0.7948119825756812,0.8082054521016809,0.8279865582297603
1992-07-21,0.7699999999999996,8.85,8.08,0.7916000854077528,0.8056469472674475,0.8260113231834414
1992-07-22,0.7799999999999994,8.84,8.06,0.7900984608860023,0.8039294479327331,0.8244440086047881
1992-07-23,0.7400000000000002,8.78,8.04,0.7836132433445782,0.7996482840519746,0.8215675356714071
1992-07-24,0.7599999999999998,8.79,8.03,0.7805565222948709,0.796993157078315,0.8194703193873883
1992-07-27,0.7400000000000002,8.76,8.02,0.7753065033291316,0.7931764958459074,0.8167632685675389
1992-07-28,0.6899999999999995,8.7,8.01,0.7642636245259982,0.7862670745753919,0.8124452462826427
1992-07-29,0.6799999999999997,8.69,8.01,0.7533557457964808,0.7791506864929428,0.807933674977803
1992-07-30,0.7000000000000011,8.71,8.01,0.7464488745582113,0.7738502018007025,0.8042570577754264
1992-07-31,0.6899999999999995,8.69,8.0,0.7391415995440831,0.7682350046270744,0.8003650429413494
1992-08-03,0.6999999999999993,8.7,8.0,0.7340747415314128,0.7636655104947271,0.7969462411311514
1992-08-04,0.6799999999999997,8.68,8.0,0.7270747967002636,0.7580626815453493,0.7929626228397842
1992-08-05,0.6799999999999997,8.67,7.99,0.720980990784465,0.7528350572896423,0.7891147012115831
1992-08-06,0.7199999999999989,8.7,7.98,0.7208540020800042,0.7506361917302373,0.7867604007630541
1992-08-07,0.6800000000000006,8.64,7.96,0.7155654745236487,0.7459058972808309,0.7831237495876098
1992-08-10,0.6700000000000008,8.63,7.96,0.7096670495134177,0.7408227064152193,0.7792703393908693
1992-08-11,0.6899999999999995,8.61,7.92,0.7071211610322785,0.7374192618045889,0.7762294639130913
1992-08-12,0.6899999999999995,8.61,7.92,0.7049048363809337,0.7342437356980026,0.7732921718173689
1992-08-13,0.71,8.65,7.94,0.7055644024413359,0.732620205244335,0.7711362080949499
1992-08-14,0.6799999999999997,8.6,7.92,0.7022551049456337,0.7290963875144026,0.7680317742793668
1992-08-17,0.6899999999999995,8.62,7.93,0.7006686885136745,0.7264782194008453,0.7653737255869036
1992-08-18,0.7199999999999998,8.61,7.89,0.7031711158963264,0.7260443924274025,0.7638281299230569
1992-08-19,0.7099999999999991,8.61,7.9,0.7040551110968629,0.7249699474639298,0.7619945462107672
1992-08-20,0.71,8.6,7.89,0.7048246736166411,0.7239674548654192,0.7602234210909418
1992-08-21,0.7100000000000009,8.64,7.93,0.7054946167017258,0.7230320961972375,0.758512626994631
1992-08-24,0.7099999999999991,8.69,7.98,0.7060778360318223,0.7221593757009039,0.7568601088256942
1992-08-25,0.7400000000000002,8.72,7.98,0.7104690410492794,0.7233541089393302,0.7562857916243645
1992-08-26,0.7199999999999998,8.69,7.97,0.7117028183166979,0.7231294942976035,0.7550497643537705
1992-08-27,0.71,8.67,7.96,0.7114823894447923,0.7222502513418584,0.7535152039988104
1992-08-28,0.7199999999999998,8.69,7.97,0.7125849893332269,0.7220995587412038,0.7523735531137782
1992-08-31,0.7199999999999998,8.68,7.96,0.7135448582871938,0.7219589575732126,0.7512707910489763
1992-09-01,0.7299999999999995,8.67,7.94,0.715674967112799,0.7224974421294601,0.7505462298191756
1992-09-02,0.7300000000000004,8.66,7.93,0.7175293345508118,0.7229998659858722,0.7498463498047807
1992-09-03,0.7000000000000011,8.63,7.93,0.7152601720674157,0.7214596337657441,0.7481484001407336
1992-09-04,0.6700000000000008,8.56,7.89,0.7094012682881684,0.7180135360358407,0.74548637874329
1992-09-07,0.6700000000000008,8.56,7.89,0.7043007963028469,0.7147982131617808,0.7429150355671241
1992-09-08,0.669999999999999,8.54,7.87,0.699860577542949,0.7117982108418399,0.7404312817791324
1992-09-09,0.669999999999999,8.53,7.86,0.6959951426003617,0.7089991097026481,0.7380321337632065
1992-09-10,0.6799999999999988,8.54,7.86,0.6939245804007464,0.7070571260777658,0.7360553462469073
1992-09-11,0.6599999999999993,8.54,7.88,0.6895330625774544,0.7039058511174625,0.7334646219488457
1992-09-14,0.669999999999999,8.53,7.86,0.6870045186297011,0.7016352776987276,0.7313027839418712
1992-09-15,0.6500000000000004,8.57,7.92,0.6822143045375882,0.6981774176200777,0.728533312652181
1992-09-16,0.6399999999999997,8.58,7.94,0.6767496865943516,0.6942814500019472,0.7255175430108034
1992-09-17,0.6699999999999999,8.59,7.92,0.6758759434667851,0.6926553939341682,0.7236264116867827
1992-09-18,0.6799999999999997,8.61,7.93,0.6764098002619446,0.6918079000614736,0.7221403359488948
1992-09-21,0.6900000000000004,8.63,7.94,0.6781690439627291,0.6916868304027564,0.7210455181168867
1992-09-22,0.7199999999999989,8.7,7.98,0.6835840376585384,0.6935828786707947,0.7210099039316499
1992-09-23,0.7400000000000002,8.72,7.98,0.6908870522047477,0.6966912944276847,0.7216567763178078
1992-09-24,0.7500000000000009,8.71,7.96,0.6985391899987489,0.7002612189649079,0.7226222505665275
1992-09-25,0.75,8.68,7.93,0.705200762865736,0.7035920763354337,0.7235548372180074
1992-09-28,0.7200000000000006,8.65,7.93,0.7071165157764137,0.7046908658983423,0.7234337464122875
1992-09-29,0.71,8.65,7.94,0.7074897811849014,0.7050464027266602,0.7229761436931923
1992-09-30,0.7199999999999998,8.66,7.94,0.7091092219635581,0.706047800401819,0.7228747653133549
1992-10-01,0.6999999999999993,8.62,7.92,0.7079300383115649,0.7056427973011267,0.7220955668317994
1992-10-02,0.7100000000000009,8.64,7.93,0.7081979936861315,0.705934586131138,0.7216835474217734
1992-10-05,0.7600000000000007,8.64,7.88,0.7149037342235924,0.7095551851592602,0.722988746459165
1992-10-06,0.7799999999999994,8.68,7.9,0.7233304091598741,0.714272663670888,0.7249307590473623
1992-10-07,0.7999999999999998,8.74,7.94,0.733255244506445,0.7200135669283667,0.7274878929790344
1992-10-08,0.8100000000000005,8.73,7.92,0.7431898098750624,0.7260396891534473,0.7302985582523145
1992-10-09,0.8299999999999992,8.79,7.96,0.7544273400868918,0.7330016001697445,0.7336947553697263
1992-10-12,0.8600000000000003,8.83,7.97,0.7680936614439735,0.7415063030859892,0.7379971756778788
1992-10-13,0.8700000000000001,8.84,7.97,0.7812853795666056,0.7501111415746967,0.742493676466579
1992-10-14,0.8799999999999999,8.82,7.94,0.7940639315761454,0.7588094098561384,0.7471776466421752
1992-10-15,0.8899999999999997,8.83,7.94,0.8064828015931977,0.7675948512165937,0.7520427003091357
1992-10-16,0.8999999999999995,8.86,7.96,0.8185885502490828,0.7764616279357424,0.7570826690989734
1992-10-19,0.9199999999999999,8.9,7.98,0.8317162052946625,0.7860739633125624,0.762632231471228
1992-10-20,0.9400000000000013,8.98,8.04,0.8457334815234268,0.7963819295141159,0.7686740287977263
1992-10-21,0.8899999999999988,8.94,8.05,0.8514637574050608,0.8026512516326518,0.7728068367736342
1992-10-22,0.879999999999999,8.93,8.05,0.8551577579346207,0.8078310659191853,0.7764582294272824
1992-10-23,0.8499999999999996,8.92,8.07,0.8544900890753291,0.810654993284659,0.7789633321103558
1992-10-26,0.8800000000000008,8.97,8.09,0.8577923326748939,0.8152988209362454,0.7824050119318783
1992-10-27,0.8699999999999992,8.94,8.07,0.8593726083335971,0.8189619952575544,0.7853888187932628
1992-10-28,0.8899999999999988,8.95,8.06,0.8633373069325219,0.82371919792235,0.7889522596606725
1992-10-29,0.879999999999999,8.93,8.05,0.8654942831640764,0.8274881548713993,0.7920536799397274
1992-10-30,0.9000000000000004,8.99,8.09,0.8699610287715501,0.832344056217808,0.795730727880034
1992-11-02,0.9199999999999999,9.02,8.1,0.8764385454103143,0.8382141125469192,0.7999637954902773
1992-11-03,0.9100000000000001,9.01,8.1,0.8807830568019118,0.8430213986795275,0.8037120325670548
1992-11-04,0.9000000000000004,9.0,8.1,0.8832706792740748,0.8468370851563765,0.8069919542181859
1992-11-05,0.8899999999999988,9.02,8.13,0.8841417860514453,0.8497275764400054,0.809819512986289
1992-11-06,0.9299999999999997,9.07,8.14,0.8900781060153315,0.8551031805079086,0.8139133015655758
1992-11-09,0.8900000000000006,9.06,8.17,0.8900679952356438,0.857440116114174,0.8165050938342405
1992-11-10,0.8599999999999994,9.02,8.16,0.8861757101895749,0.8576115438800208,0.8179866900113156
1992-11-11,0.8699999999999992,9.01,8.14,0.8840817736172492,0.8584411617258533,0.8197584542943002
1992-11-12,0.8499999999999996,8.95,8.1,0.8796699072206272,0.8578758823771189,0.8207885923600233
1992-11-13,0.8300000000000001,8.94,8.11,0.8732401657097832,0.8560091179260514,0.8211023667200107
1992-11-16,0.8399999999999999,8.94,8.1,0.8689372449827083,0.8549370351904093,0.8217460894841591
1992-11-17,0.8100000000000005,8.9,8.09,0.8613078518188184,0.8519277363745025,0.8213459745555514
1992-11-18,0.8500000000000014,8.89,8.04,0.8598440567705417,0.8517986416363965,0.8223220358532701
1992-11-19,0.8399999999999999,8.91,8.07,0.8572752547996753,0.8510085219020778,0.8229242122092427
1992-11-20,0.8300000000000001,8.89,8.06,0.8537444884299026,0.8496016440380622,0.8231652395171447
1992-11-23,0.8499999999999996,8.9,8.05,0.8532597665119075,0.8496283207451365,0.8240793299716133
1992-11-24,0.8399999999999999,8.89,8.05,0.8515432972061161,0.8489835409083106,0.8246216464387562
1992-11-25,0.8499999999999996,8.91,8.06,0.8513435182521177,0.8490516101329062,0.8254861263268954
1992-11-26,0.8499999999999996,8.91,8.06,0.8511696005711797,0.8491151209651622,0.826321158856474
1992-11-27,0.8599999999999994,8.93,8.07,0.8523126908031107,0.8498440487516089,0.8274683838233794
1992-11-30,0.8699999999999992,8.95,8.08,0.8546023030154551,0.8511938325094435,0.8289171668071145
1992-12-01,0.8699999999999992,8.93,8.06,0.8565955262166414,0.8524532252869437,0.8303165989238322
1992-12-02,0.8599999999999994,8.93,8.07,0.8570362334301702,0.8529586102130227,0.8313277245344828
1992-12-03,0.8499999999999996,8.92,8.07,0.8561253969761177,0.852760480937848,0.8319637707841648
1992-12-04,0.8300000000000001,8.87,8.04,0.8527434790538941,0.8512362796182568,0.8318968775421061
1992-12-07,0.8100000000000005,8.83,8.02,0.8472103597676037,0.8484748093320704,0.8311509895079389
1992-12-08,0.8200000000000003,8.82,8.0,0.8436879940231777,0.8465679365345419,0.830771145869178
1992-12-09,0.8200000000000003,8.82,8.0,0.8406215965402326,0.8447887613037837,0.8304042410991879
1992-12-10,0.8100000000000005,8.81,8.0,0.8366576481171262,0.8424590620311292,0.8297091977418469
1992-12-11,0.8300000000000001,8.81,7.98,0.8357958193185915,0.8416247159186472,0.8297191035343167
1992-12-14,0.8300000000000001,8.83,8.0,0.8350455537725623,0.840846243469341,0.8297286718991299
1992-12-15,0.8399999999999999,8.83,7.99,0.8356869040458837,0.8407895730757677,0.8300785510410629
1992-12-16,0.8300000000000001,8.81,7.98,0.8349507375205552,0.8400670276442886,0.8300758753042375
1992-12-17,0.8200000000000003,8.8,7.98,0.8330153729702119,0.8387231988342024,0.8297326540020797
1992-12-18,0.8200000000000003,8.81,7.99,0.8313305402707272,0.8374693622194144,0.8294011240774646
1992-12-21,0.8099999999999996,8.77,7.96,0.8285693138480922,0.8356298212071883,0.8287402505684015
1992-12-22,0.8300000000000001,8.75,7.92,0.8287545153645568,0.8352528089227603,0.8287831622586767
1992-12-23,0.8300000000000001,8.75,7.92,0.8289157426490383,0.8349010440231743,0.828824612219249
1992-12-24,0.8300000000000001,8.74,7.91,0.8290560991523623,0.834572835766596,0.8288646502419983
1992-12-25,0.8300000000000001,8.74,7.91,0.8291782865853934,0.8342666066351137,0.8289033244227102
1992-12-28,0.8499999999999996,8.76,7.91,0.8318736456581237,0.8353202249217346,0.8296219546403543
1992-12-29,0.8399999999999999,8.74,7.9,0.8329255976501356,0.8356336154590067,0.8299754689638882
1992-12-30,0.8500000000000005,8.74,7.89,0.835135869416381,0.836595689254149,0.8306575780025365
1992-12-31,0.8499999999999996,8.76,7.91,0.8370600227475232,0.8374933358453096,0.8313164519032549
1993-01-01,0.8499999999999996,8.76,7.91,0.8387350955138173,0.838330869729603,0.8319528821401392
1993-01-04,0.8199999999999994,8.69,7.87,0.8363098479529603,0.8371033062212829,0.8315457230945175
1993-01-05,0.830000000000001,8.71,7.88,0.8354930416897626,0.8366276190534456,0.8314930700914526
1993-01-06,0.7900000000000009,8.72,7.93,0.8296039930690771,0.8335051068936751,0.830079663799959
1993-01-07,0.8199999999999994,8.78,7.96,0.8283607615761771,0.83260071028603,0.8297363134477291
1993-01-08,0.8099999999999987,8.79,7.98,0.8259839713326866,0.8310872083290312,0.8290640221582095
1993-01-11,0.7799999999999994,8.76,7.98,0.8200313721462631,0.8276660508165,0.8273927214457882
1993-01-12,0.7899999999999991,8.78,7.99,0.8161438279384848,0.8251436680726963,0.8261189880818539
1993-01-13,0.7699999999999996,8.75,7.98,0.8101705354044874,0.8214508615861805,0.8242073693307631
1993-01-14,0.7600000000000007,8.71,7.95,0.8036759878572447,0.8173356812182684,0.822020230621279
1993-01-15,0.7599999999999998,8.66,7.9,0.798022155831639,0.8134960821688816,0.8199075938853905
1993-01-18,0.7699999999999996,8.67,7.9,0.7943947035440051,0.8105832796661623,0.8182075580231262
1993-01-19,0.7400000000000011,8.63,7.89,0.7873533398105594,0.8058565285793986,0.8155435214910354
1993-01-20,0.7599999999999998,8.66,7.9,0.7838124653801128,0.8027856540419294,0.8136515052446089
1993-01-21,0.7400000000000002,8.64,7.9,0.7781409664160491,0.7985810866163364,0.8111426645957666
1993-01-22,0.7300000000000004,8.63,7.9,0.7719091454311114,0.7939884164084854,0.8083786475588147
1993-01-25,0.7100000000000009,8.56,7.85,0.7638950414282358,0.7883639634160483,0.8050275096675528
1993-01-26,0.7300000000000004,8.58,7.85,0.7595073474082963,0.7844555033840204,0.8024717972566493
1993-01-27,0.71,8.57,7.86,0.7530986491735892,0.7794694410587714,0.7993218683711705
1993-01-28,0.6999999999999993,8.54,7.84,0.7462250589483312,0.7741476103268234,0.7959386009164051
1993-01-29,0.7000000000000002,8.5,7.8,0.7402412511058664,0.7691821666785417,0.7926705799713781
1993-02-01,0.71,8.51,7.8,0.7363265381849915,0.7652189140217096,0.7898545165276408
1993-02-02,0.7299999999999995,8.53,7.8,0.7355075713806588,0.7628604087083533,0.7878156519642808
1993-02-03,0.7000000000000002,8.5,7.8,0.7309111362667099,0.7586508351863812,0.7848243284805193
1993-02-04,0.7100000000000009,8.48,7.77,0.7282042014561464,0.7553928342947135,0.7822755371667396
1993-02-05,0.7200000000000006,8.46,7.74,0.7271421721990432,0.7530226820609631,0.7801542037526633
1993-02-08,0.7200000000000006,8.49,7.77,0.726217622031035,0.7508112518319093,0.7781051307422449
1993-02-09,0.7300000000000004,8.49,7.76,0.7267072487285188,0.7494175845543523,0.7764664933916137
1993-02-10,0.7599999999999998,8.52,7.76,0.7310169766269343,0.7501262572590619,0.7759055841769604
1993-02-11,0.7599999999999998,8.5,7.74,0.7347688126765529,0.7507874722727577,0.7753637815892982
1993-02-12,0.7299999999999995,8.44,7.71,0.7341514925618268,0.7493953974411395,0.7738185246545152
1993-02-15,0.7299999999999995,8.44,7.71,0.7336140841882179,0.7480965456965517,0.7723259048436852
1993-02-16,0.7099999999999991,8.44,7.73,0.7305572542917751,0.7455453339984722,0.7702028557216286
1993-02-17,0.7000000000000002,8.41,7.71,0.7266016349364878,0.7424952992311376,0.7678114887357905
1993-02-18,0.6299999999999999,8.32,7.69,0.714096607709286,0.7349618255754565,0.7631171235131172
1993-02-19,0.6700000000000008,8.31,7.64,0.7083883266807672,0.7306115264523606,0.7599452124463019
1993-02-22,0.6299999999999999,8.26,7.63,0.6982410019477825,0.7238738735089306,0.75551880147174
1993-02-23,0.5700000000000003,8.17,7.6,0.6816402764833015,0.7135694005193938,0.7491993500401498
1993-02-24,0.5999999999999996,8.2,7.6,0.6710719886801895,0.7059639975136518,0.7441170724557553
1993-02-25,0.6000000000000005,8.22,7.62,0.6618717597801148,0.6988679055953615,0.7392079159033083
1993-02-26,0.6200000000000001,8.23,7.61,0.656451484062779,0.6935863578938826,0.7351472566664232
1993-03-01,0.5899999999999999,8.17,7.58,0.6478493768827156,0.6866494893881316,0.7302030082578772
1993-03-02,0.5700000000000003,8.16,7.59,0.6377718188975003,0.6788378220450495,0.7247459056793307
1993-03-03,0.5399999999999991,8.11,7.57,0.6251153120157055,0.6695402684411474,0.7184527819157884
1993-03-04,0.54,8.07,7.53,0.6140971828203978,0.6608653441881249,0.7123740250501627
1993-03-05,0.5599999999999996,8.1,7.54,0.6070943329770306,0.6541106938302359,0.7071836063804566
1993-03-08,0.5200000000000005,8.06,7.54,0.5958200206330543,0.6451297018615019,0.7008074455820515
1993-03-09,0.5599999999999996,8.1,7.54,0.5911831391393841,0.6394288203964736,0.6960110270708119
1993-03-10,0.5599999999999996,8.09,7.53,0.5871464993431322,0.6341097099087616,0.6913779921820778
1993-03-11,0.589999999999999,8.12,7.53,0.5875158833957977,0.6311558145919925,0.6879246856021279
1993-03-12,0.6199999999999992,8.2,7.58,0.5917209339920346,0.6304087430617967,0.6856109214538938
1993-03-15,0.6100000000000003,8.23,7.62,0.5940871487902388,0.6290420305924542,0.6830353358957991
1993-03-16,0.5900000000000007,8.21,7.62,0.5935580696816176,0.6264275025993492,0.6798662108154782
1993-03-17,0.54,8.15,7.61,0.5866250077303853,0.620639711301326,0.6751018542157314
1993-03-18,0.5,8.1,7.6,0.575411449275218,0.612560830733613,0.6691372422490771
1993-03-19,0.5300000000000011,8.13,7.6,0.5695329627466346,0.6070319788831471,0.6643977169948005
1993-03-22,0.5299999999999994,8.11,7.58,0.5644154429878474,0.6018733777013429,0.659819637369838
1993-03-23,0.54,8.1,7.56,0.561254877646195,0.5977299026931707,0.6557381406541275
1993-03-24,0.5400000000000009,8.13,7.59,0.5585034457076854,0.593863903810938,0.6517956747000354
1993-03-25,0.5600000000000005,8.16,7.6,0.5586971738178224,0.5915961394778342,0.6486687770309315
1993-03-26,0.6000000000000005,8.23,7.63,0.5640438014013834,0.5921589208765456,0.6470109398185199
1993-03-29,0.5900000000000007,8.21,7.62,0.5674038166889483,0.5920143444039347,0.6450689379168564
1993-03-30,0.5799999999999992,8.2,7.62,0.5690343855231826,0.5912097797005568,0.6428524510184469
1993-03-31,0.580000000000001,8.21,7.63,0.5704538781403186,0.5904590942884792,0.6407114658006874
1993-04-01,0.5899999999999999,8.24,7.65,0.5729841126047996,0.5904283501173772,0.6389840471099139
1993-04-02,0.6200000000000001,8.31,7.69,0.5790702927442413,0.5924086750453373,0.6383373807734865
1993-04-05,0.6400000000000006,8.3,7.66,0.5869576090270314,0.5955957237063508,0.6383940156879416
1993-04-06,0.6399999999999997,8.27,7.63,0.5938239166599089,0.5985693452527096,0.6384487214092994
1993-04-07,0.6500000000000004,8.24,7.59,0.6010958790045137,0.6020135023444388,0.6388422003637105
1993-04-08,0.6299999999999999,8.18,7.55,0.6048375011858,0.6038876743697938,0.6385410025589405
1993-04-09,0.6299999999999999,8.18,7.55,0.6080947724833602,0.6056363387012654,0.6382500646571208
1993-04-12,0.629999999999999,8.12,7.49,0.6109303918462593,0.6072679002136521,0.6379690371682918
1993-04-13,0.6200000000000001,8.09,7.47,0.612104447512886,0.6081205308477986,0.6373569457966538
1993-04-14,0.6000000000000005,8.06,7.46,0.6105375336007314,0.6075767231897884,0.6360844310826642
1993-04-15,0.6400000000000006,8.05,7.41,0.6143514332800237,0.6097480130423424,0.6362178097343365
1993-04-16,0.6500000000000004,8.05,7.4,0.6189661201612252,0.6124435681935962,0.6366872817302414
1993-04-19,0.6799999999999988,8.04,7.36,0.6268669215262065,0.6169676203341188,0.6381626719187532
1993-04-20,0.7200000000000006,8.05,7.33,0.638922946073137,0.6238673905751868,0.6409503517441824
1993-04-21,0.7200000000000006,8.05,7.33,0.6494183250335793,0.6303051038441271,0.6436430729609752
1993-04-22,0.7200000000000006,8.05,7.33,0.6585550830995986,0.6363117027141026,0.6462440702079422
1993-04-23,0.75,8.08,7.33,0.6703925760817884,0.6439250678806132,0.6497783780724756
1993-04-26,0.7499999999999991,8.11,7.36,0.6806977122654474,0.6510285887575847,0.6531922944364332
1993-04-27,0.7700000000000005,8.16,7.39,0.6922578431090527,0.6589957482611336,0.657171193697794
1993-04-28,0.7599999999999998,8.18,7.42,0.7010270271596915,0.6657597008421486,0.660673920332723
1993-04-29,0.7400000000000002,8.15,7.41,0.7060720565405448,0.6707313515841625,0.6633760578181906
1993-04-30,0.7599999999999998,8.17,7.41,0.7130529984439697,0.6767094059181237,0.6666674240026564
1993-05-03,0.7599999999999998,8.16,7.4,0.7191302613503339,0.6822871278369089,0.6698466741720267
1993-05-04,0.7499999999999991,8.12,7.37,0.723126331629729,0.6868216563201217,0.6725769906986104
1993-05-05,0.7499999999999991,8.11,7.36,0.7266051128624272,0.6910525209960225,0.6752143026211015
1993-05-06,0.7499999999999991,8.11,7.36,0.7296335678241367,0.6950000573213657,0.6777617780177423
1993-05-07,0.7600000000000007,8.14,7.38,0.7335644853640088,0.6993529090328329,0.6805631137611515
1993-05-10,0.7600000000000007,8.13,7.37,0.736986547842615,0.7034142632868993,0.6832690257252262
1993-05-11,0.7600000000000007,8.13,7.37,0.7399656262610002,0.7072036407962615,0.6858827643941983
1993-05-12,0.7599999999999998,8.17,7.41,0.7425590646562286,0.710739255029884,0.688407469528874
1993-05-13,0.7999999999999998,8.24,7.44,0.7499947613802235,0.7167167800937286,0.6922087207812865
1993-05-14,0.79,8.23,7.44,0.7551734169847577,0.7216243381014019,0.6955398507506113
1993-05-17,0.8099999999999996,8.25,7.44,0.762270687272479,0.7275425917997055,0.6994387836258555
1993-05-18,0.8200000000000003,8.3,7.48,0.7697437142863586,0.7337341878371395,0.7035455412448449
1993-05-19,0.7899999999999991,8.28,7.49,0.7723658790617022,0.7375021409564382,0.7064904974908609
1993-05-20,0.7799999999999994,8.27,7.49,0.773354111716894,0.7403480954426759,0.7089945010052304
1993-05-21,0.8100000000000005,8.31,7.5,0.7780979013126553,0.7450124751246437,0.7124351190997701
1993-05-24,0.8200000000000003,8.3,7.48,0.7835221043844424,0.7500341653376056,0.7160991738219937
1993-05-25,0.8200000000000003,8.3,7.48,0.7882441474240192,0.7547195679795765,0.7196384173893582
1993-05-26,0.8100000000000005,8.24,7.43,0.7910604302849925,0.7584215331385372,0.7227164646172375
1993-05-27,0.79,8.23,7.44,0.7909231581819365,0.7605362485961035,0.7250083888352895
1993-05-28,0.7999999999999998,8.26,7.46,0.7920981502423349,0.7631790179703575,0.7275628784114
1993-05-31,0.7999999999999998,8.26,7.46,0.7931210402423832,0.7656448089855596,0.730030352694825
1993-06-01,0.7999999999999998,8.17,7.37,0.7940115177081152,0.7679454733529782,0.732413775745873
1993-06-02,0.7800000000000002,8.16,7.38,0.7921977346334333,0.7687527289409691,0.7340347372365741
1993-06-03,0.7600000000000007,8.14,7.38,0.7880297560219947,0.7681665848679032,0.7349192094067274
1993-06-04,0.7699999999999996,8.18,7.41,0.7856958142610391,0.7682893631945709,0.7361141899185529
1993-06-07,0.7500000000000009,8.14,7.39,0.7810750112122615,0.7670645792547337,0.7365871915857795
1993-06-08,0.7599999999999998,8.16,7.4,0.7783468628823064,0.766591485515993,0.737384717790547
1993-06-09,0.7500000000000009,8.14,7.39,0.7746773774498699,0.7654804033650267,0.7378144406142502
1993-06-10,0.7500000000000009,8.13,7.38,0.7714829048396554,0.7644437270618674,0.7382295255010332
1993-06-11,0.7300000000000004,8.07,7.34,0.7661129661753217,0.7621371337002114,0.7379491976512613
1993-06-14,0.7400000000000002,8.07,7.33,0.7627326574132589,0.7606546760803586,0.7380190555079089
1993-06-15,0.7400000000000002,8.06,7.32,0.7597899277163304,0.7592714942124809,0.7380865337495056
1993-06-16,0.7400000000000002,8.06,7.32,0.757228132721041,0.7579809398964553,0.7381517134344758
1993-06-17,0.7400000000000002,8.06,7.32,0.7549979606448426,0.7567768101422333,0.7382146728600965
1993-06-18,0.7300000000000004,8.05,7.32,0.7517619887206222,0.7549836472708211,0.7379348509458001
1993-06-21,0.7299999999999995,8.03,7.3,0.7489449115391815,0.7533105671525946,0.737664560793152
1993-06-22,0.7399999999999993,8.03,7.29,0.7477869977790683,0.7524191982894368,0.7377441144261101
1993-06-23,0.7199999999999998,8.02,7.3,0.744189986568876,0.7502481815632182,0.7371396847487791
1993-06-24,0.7299999999999995,8.01,7.28,0.7423531008006995,0.7488922214171098,0.7368964808759164
1993-06-25,0.7200000000000006,7.98,7.26,0.7394595044934641,0.7469573957809498,0.7363209247090317
1993-06-28,0.7299999999999995,7.96,7.23,0.7382349769652874,0.7458218097141731,0.7361056108088524
1993-06-29,0.7199999999999998,7.95,7.23,0.7358744694688227,0.7440926003645091,0.7355569945797952
1993-06-30,0.7199999999999998,7.96,7.24,0.7338195283381107,0.7424791909919987,0.735027066233511
1993-07-01,0.7199999999999998,7.96,7.24,0.732030598179229,0.7409738268185917,0.734515189192108
1993-07-02,0.71,7.95,7.24,0.7291787496546783,0.7388996022958936,0.7336801118511229
1993-07-05,0.71,7.95,7.24,0.7266960713151955,0.7369642823843615,0.7328734803100034
1993-07-06,0.7299999999999995,7.97,7.24,0.7271237630223533,0.7364979052269879,0.7327755990218825
1993-07-07,0.7399999999999993,7.97,7.23,0.7287905846459751,0.736732430037291,0.7330216886405161
1993-07-08,0.7300000000000004,7.95,7.22,0.7289471427822948,0.736281579338006,0.732918758832574
1993-07-09,0.7299999999999995,7.93,7.2,0.7290834345560563,0.7358609207613155,0.7328193351917535
1993-07-12,0.7299999999999995,7.92,7.19,0.729202083436477,0.7354684324310903,0.7327232982851309
1993-07-13,0.7299999999999995,7.92,7.19,0.7293053732861617,0.735102227870197,0.7326305327481066
1993-07-14,0.75,7.89,7.14,0.731984281057065,0.7360998871024962,0.7332222005673258
1993-07-15,0.7400000000000002,7.88,7.14,0.7330219113590045,0.7363610659959108,0.7334530772978137
1993-07-16,0.7400000000000002,7.87,7.13,0.7339252210028511,0.7366047545201597,0.7336760895192954
1993-07-19,0.75,7.88,7.13,0.7360060920891713,0.7375017940375748,0.7342321418365705
1993-07-20,0.75,7.89,7.14,0.7378175955855141,0.7383387615020351,0.7347692529706092
1993-07-21,0.7700000000000005,7.94,7.17,0.7419835897087457,0.7404590199284836,0.7359693415491504
1993-07-22,0.7800000000000002,7.96,7.18,0.746904792606452,0.7431069610755758,0.7374691874158426
1993-07-23,0.79,8.0,7.21,0.7524834429281836,0.7462472476100926,0.7392585797370199
1993-07-26,0.8100000000000005,7.99,7.18,0.7599289288422766,0.7505165787189394,0.7416682922082474
1993-07-27,0.8200000000000003,7.98,7.16,0.7677050951658424,0.7551696755799198,0.7443365577372207
1993-07-28,0.79,7.96,7.17,0.7705911580379906,0.7575021582101351,0.7458920222146194
1993-07-29,0.8200000000000003,7.91,7.09,0.7769871047981636,0.7616874517102084,0.7484164119939455
1993-07-30,0.7999999999999998,7.88,7.08,0.7799661111189665,0.7642531284557772,0.75017353836866
1993-08-02,0.8099999999999996,7.88,7.07,0.7838539811166431,0.7673166595896437,0.7522114472792603
1993-08-03,0.79,7.83,7.04,0.784649579799065,0.7688356950388775,0.7534986641095457
1993-08-04,0.79,7.83,7.04,0.7853421886802051,0.7702530052283266,0.7547420336091218
1993-08-05,0.7800000000000002,7.79,7.01,0.7846506453647868,0.7709057323096921,0.755602412668288
1993-08-06,0.7700000000000005,7.79,7.02,0.7827541275749669,0.7708450781264435,0.7560928473474312
1993-08-09,0.7700000000000005,7.74,6.97,0.7811031129447381,0.770788485772398,0.7565665760209802
1993-08-10,0.7699999999999996,7.72,6.95,0.7796658212283821,0.7707356832390047,0.7570241677568146
1993-08-11,0.7800000000000002,7.69,6.91,0.7797090804821265,0.771356086817944,0.7578068089490244
1993-08-12,0.7599999999999998,7.66,6.9,0.7771577511157639,0.770595603655898,0.7578815170875898
1993-08-13,0.75,7.62,6.87,0.7736421955316842,0.7692163776915688,0.7576130436819449
1993-08-16,0.7300000000000004,7.58,6.85,0.7679927379035874,0.7665901741948018,0.7566724420445793
1993-08-17,0.7599999999999998,7.58,6.82,0.7669580824842462,0.7661488499437246,0.7567857908842562
1993-08-18,0.7400000000000002,7.53,6.79,0.7634683738920439,0.7643977396882404,0.7562140052248386
1993-08-19,0.7400000000000002,7.49,6.75,0.7604304061113629,0.7627638960480553,0.7556616966840489
1993-08-20,0.7400000000000002,7.48,6.74,0.7577857015486156,0.76123946602875,0.7551282017997246
1993-08-23,0.75,7.49,6.74,0.7567778468688028,0.7604867926120811,0.7549535164204119
1993-08-24,0.71,7.46,6.75,0.750722480941416,0.7571058431439484,0.7534222346233954
1993-08-25,0.71,7.42,6.71,0.7454509787223653,0.7539513057474617,0.7519431139058359
1993-08-26,0.6900000000000004,7.37,6.68,0.7382728807620765,0.7496686781142393,0.7498331040483768
1993-08-27,0.71,7.4,6.69,0.7346129722734298,0.7470121854112394,0.7484762422941705
1993-08-30,0.71,7.38,6.67,0.7314268368770261,0.7445335900775636,0.7471656002324539
1993-08-31,0.71,7.36,6.65,0.7286531449129492,0.742220978858575,0.745899603450825
1993-09-01,0.6999999999999993,7.35,6.65,0.7249440114441733,0.7393935662100285,0.744336094456396
1993-09-02,0.7400000000000002,7.33,6.59,0.7268930006817451,0.739434177266774,0.7441883911610826
1993-09-03,0.7599999999999998,7.26,6.5,0.7311786830944488,0.7408114088918024,0.7447269926037404
1993-09-06,0.7599999999999998,7.26,6.5,0.7349095863329362,0.7420964114349418,0.7452472473040149
1993-09-07,0.7600000000000007,7.23,6.47,0.738157526248805,0.7432953612018995,0.7457497802193042
1993-09-08,0.7599999999999998,7.2,6.44,0.7409850221721165,0.7444140208896665,0.7462351950186624
1993-09-09,0.7400000000000002,7.32,6.58,0.7408575116067951,0.7441184271153916,0.7460228013864573
1993-09-10,0.7300000000000004,7.28,6.55,0.7394520128452898,0.7431729582872683,0.7454770059503264
1993-09-13,0.71,7.27,6.56,0.7356394663726717,0.7409514645088956,0.7442685288889032
1993-09-14,0.6699999999999999,7.31,6.64,0.7271424744251864,0.7362000571846524,0.7417386701495959
1993-09-15,0.6399999999999997,7.31,6.67,0.7158619301978641,0.7297578271410081,0.7382730775539965
1993-09-16,0.6500000000000004,7.37,6.72,0.7073361404335207,0.7244166840558504,0.7352661724754056
1993-09-17,0.6499999999999995,7.38,6.73,0.699914009351627,0.7194332213448794,0.7323616936223659
1993-09-20,0.6499999999999995,7.43,6.78,0.6934526689574267,0.7147834862234501,0.7295561519816209
1993-09-21,0.6400000000000006,7.45,6.81,0.6865332510705691,0.7097754598686173,0.7265055406777625
1993-09-22,0.6300000000000008,7.44,6.81,0.6792150535644452,0.7044331359724406,0.7232182076831852
1993-09-23,0.6500000000000004,7.42,6.77,0.6754331813372543,0.7007879116950961,0.7207241267399529
1993-09-24,0.6600000000000001,7.42,6.76,0.6734353647065979,0.6980564672674147,0.7186556400603571
1993-09-27,0.6399999999999997,7.33,6.69,0.6691071755793401,0.6941685993325746,0.7159763402091354
1993-09-28,0.6500000000000004,7.32,6.67,0.6666337624635925,0.6912107603672628,0.713728943857509
1993-09-29,0.6800000000000006,7.36,6.68,0.6683640143835308,0.6904600092828695,0.7125800122082344
1993-09-30,0.6699999999999999,7.4,6.73,0.6685757918000383,0.6890898636680666,0.711129580677997
1993-10-01,0.6699999999999999,7.36,6.69,0.6687601547492723,0.687811472606246,0.7097285561703227
1993-10-04,0.6699999999999999,7.37,6.7,0.6689206520185789,0.6866186915694815,0.7083752557006461
1993-10-05,0.6400000000000006,7.36,6.72,0.6651768899056651,0.6834967772566052,0.7060461434807798
1993-10-06,0.6399999999999997,7.37,6.73,0.6619177556894213,0.6805839282059405,0.703796369373468
1993-10-07,0.6500000000000004,7.37,6.72,0.6603750089286514,0.6785358140269355,0.7019638675420927
1993-10-08,0.6600000000000001,7.29,6.63,0.6603264642340786,0.6772945260121215,0.7005344241610975
1993-10-11,0.6500000000000004,7.28,6.63,0.6589897092558344,0.675466693257669,0.6988130361585015
1993-10-12,0.6299999999999999,7.27,6.64,0.6552370077224575,0.6724219248254892,0.6964690115291157
1993-10-13,0.6299999999999999,7.29,6.66,0.651970091288694,0.6695810554266758,0.6942048329836972
1993-10-14,0.6400000000000006,7.24,6.6,0.6504205697140786,0.6676001006375675,0.6923584173822569
1993-10-15,0.6299999999999999,7.18,6.55,0.6477771384674189,0.6650821343799546,0.6902342607637805
1993-10-18,0.6300000000000008,7.23,6.6,0.6454758979066049,0.6627327887900254,0.688182460717668
1993-10-19,0.6300000000000008,7.23,6.6,0.6434725516401083,0.6605407718460999,0.6862005525134383
1993-10-20,0.6299999999999999,7.21,6.58,0.6417285374193324,0.6584955477194097,0.6842861553783786
1993-10-21,0.6200000000000001,7.28,6.66,0.6389157904900008,0.6559176160494887,0.6820963329268832
1993-10-22,0.6200000000000001,7.33,6.71,0.6364671520662617,0.6535123207515249,0.6799811038670885
1993-10-25,0.6299999999999999,7.37,6.74,0.6356299828742058,0.6519377709687681,0.6782785639849869
1993-10-26,0.6299999999999999,7.36,6.73,0.6349011847624874,0.650468664074639,0.6766340188614215
1993-10-27,0.6499999999999995,7.39,6.74,0.6368557178898792,0.6504372790435862,0.6757267664035165
1993-10-28,0.6699999999999999,7.39,6.72,0.6411462265389887,0.6517473359434374,0.6755316917164229
1993-10-29,0.6699999999999999,7.39,6.72,0.6448813312602979,0.652969662251789,0.6753432619893055
1993-11-01,0.6800000000000006,7.44,6.76,0.6494274231464424,0.6547798031085365,0.675501887581185
1993-11-02,0.6699999999999999,7.51,6.84,0.6520905316316827,0.6557990541625786,0.6753144730923271
1993-11-03,0.7000000000000002,7.57,6.87,0.6582923853247437,0.6587590592765542,0.6761553527612268
1993-11-04,0.71,7.64,6.93,0.6649859069177566,0.6621905117876431,0.6773082256924231
1993-11-05,0.71,7.68,6.97,0.6708129559109888,0.6653921701893809,0.6784218275392996
1993-11-08,0.71,7.66,6.95,0.6758856966944012,0.6683794231058332,0.6794974960191554
1993-11-09,0.7300000000000004,7.61,6.88,0.6828907627749338,0.6725059688002117,0.6812177967032306
1993-11-10,0.7300000000000004,7.66,6.93,0.6889890269972679,0.6763561720741511,0.682879497630653
1993-11-11,0.7300000000000004,7.66,6.93,0.6942978743511495,0.6799485387528595,0.6844845949242585
1993-11-12,0.7299999999999995,7.64,6.91,0.6989194944055243,0.6833003353817919,0.6860350167116109
1993-11-15,0.75,7.66,6.91,0.7055318370812783,0.6877670123867716,0.6882138988626744
1993-11-16,0.7599999999999998,7.68,6.92,0.7125827100894018,0.6926042394795883,0.6906591969995839
1993-11-17,0.75,7.65,6.9,0.7174263571913143,0.69644786186011,0.6926805625943256
1993-11-18,0.7699999999999996,7.71,6.94,0.7242319856383693,0.7013734285174098,0.6953143464778285
1993-11-19,0.7400000000000002,7.76,7.02,0.726273146215421,0.7039601344567886,0.6968365038811861
1993-11-22,0.75,7.78,7.03,0.72934457407259,0.7070432865222651,0.6986474477261827
1993-11-23,0.75,7.72,6.97,0.7320184073237719,0.7099199691172795,0.7003967041757078
1993-11-24,0.7599999999999998,7.74,6.98,0.7356406087337869,0.7132736789692395,0.7024270112396616
1993-11-25,0.7599999999999998,7.74,6.98,0.7387939182116475,0.7164028009051603,0.7043881585916072
1993-11-26,0.75,7.71,6.96,0.7402445391868073,0.7186527048212841,0.7059418653544748
1993-11-29,0.75,7.65,6.9,0.7415073780938618,0.7207519394028152,0.7074426471612248
1993-11-30,0.75,7.74,6.99,0.7426067432157504,0.7227105945243588,0.7088923068301543
1993-12-01,0.7400000000000002,7.71,6.97,0.7422693017748399,0.7238684142871697,0.7099519490581987
1993-12-02,0.75,7.69,6.94,0.7432700363054144,0.7256183684087576,0.7113161326926812
1993-12-03,0.75,7.69,6.94,0.744141226314716,0.7272511333378748,0.7126338472245527
1993-12-06,0.75,7.62,6.87,0.7448996412680515,0.7287745568841655,0.7139066755620396
1993-12-07,0.7600000000000007,7.61,6.85,0.7468543741999288,0.7308656313975705,0.7154767834044546
1993-12-08,0.7600000000000007,7.61,6.85,0.7485560680548681,0.7328166729063392,0.7169934076097733
1993-12-09,0.7599999999999998,7.6,6.84,0.750037478598843,0.734637059001878,0.7184583700270172
1993-12-10,0.75,7.62,6.87,0.7500326270153342,0.7356658692017188,0.7195327937355911
1993-12-13,0.7400000000000002,7.67,6.93,0.7487339090995391,0.735956112975568,0.7202299819176092
1993-12-14,0.7400000000000002,7.71,6.97,0.7476033094863809,0.7362269199921574,0.7209034213107176
1993-12-15,0.75,7.73,6.98,0.7479135597233224,0.7371492619576068,0.7218945575966017
1993-12-16,0.75,7.74,6.99,0.7481836482418546,0.7380098374408499,0.7228519321420528
1993-12-17,0.75,7.73,6.98,0.7484187739538026,0.7388127827584237,0.7237766949958919
1993-12-20,0.75,7.73,6.98,0.7486234627747844,0.73956195723012,0.7246699570320554
1993-12-21,0.7400000000000002,7.74,7.0,0.7475071603761517,0.7395912916439978,0.7251921545732835
1993-12-22,0.75,7.68,6.93,0.7478298570612519,0.7402883317045652,0.7260372008599825
1993-12-23,0.75,7.65,6.9,0.7481107808422398,0.7409386930774973,0.7268534617679281
1993-12-24,0.75,7.65,6.9,0.748355339198022,0.741545501694864,0.7276419178327939
1993-12-27,0.7599999999999998,7.66,6.9,0.7498627339794458,0.742781344239048,0.7287441529003603
1993-12-28,0.7699999999999996,7.68,6.91,0.7524694917225625,0.7446040961897483,0.7301494785058893
1993-12-29,0.7699999999999996,7.68,6.91,0.7547388061442093,0.7463047838951398,0.7315069335622381
1993-12-30,0.7599999999999998,7.75,6.99,0.7554198647252313,0.7472219115479392,0.7324775120052964
1993-12-31,0.7699999999999996,7.77,7.0,0.7573072550236163,0.7487472919900836,0.7337556656942694
1994-01-03,0.75,7.82,7.07,0.7563613349769576,0.7488311820979856,0.7343090073548947
1994-01-04,0.7399999999999993,7.77,7.03,0.7542433693804669,0.7482397842516898,0.7345028634564487
1994-01-05,0.7200000000000006,7.78,7.06,0.7498105845033227,0.7463486503807082,0.7340088426860204
1994-01-06,0.7200000000000006,7.73,7.01,0.7459516211315543,0.7445841600876697,0.7335316500766202
1994-01-07,0.7400000000000002,7.63,6.89,0.7451811871285997,0.7442771726002821,0.7337519858208092
1994-01-10,0.7400000000000002,7.61,6.87,0.7445104853733451,0.7439907431465606,0.7339648161206821
1994-01-11,0.7400000000000002,7.61,6.87,0.7439266055825045,0.7437234950164905,0.7341703966392252
1994-01-12,0.7400000000000002,7.55,6.81,0.7434183087016909,0.7434741436942086,0.7343689743306053
1994-01-13,0.7300000000000004,7.61,6.88,0.7416813161987383,0.7425718205994043,0.7342201510260717
1994-01-14,0.7400000000000002,7.67,6.93,0.7414636707638905,0.7423995934675582,0.7344170339003837
1994-01-17,0.7299999999999995,7.67,6.94,0.7399797050409462,0.7415692297868761,0.7342665735104732
1994-01-18,0.7299999999999995,7.64,6.91,0.7386878378449249,0.7407944730778258,0.7341212383537944
1994-01-19,0.7300000000000004,7.65,6.92,0.7375632021297248,0.7400715995078674,0.7339808538460884
1994-01-20,0.7199999999999998,7.62,6.9,0.7352896555073156,0.7387274645337542,0.7335046146393254
1994-01-21,0.7199999999999998,7.63,6.91,0.7333104182144973,0.737473342257828,0.7330445978882546
1994-01-24,0.7199999999999998,7.63,6.91,0.7315873920743375,0.7363032047989677,0.7326002509964814
1994-01-25,0.71,7.66,6.95,0.7287929163304088,0.7345417578605861,0.7318304034803214
1994-01-26,0.71,7.66,6.95,0.7263601838974143,0.7328982697542346,0.7310867797967298
1994-01-27,0.7000000000000002,7.61,6.91,0.7229478729404835,0.7306951710451783,0.7300278499549482
1994-01-28,0.6900000000000004,7.54,6.85,0.7186827893477471,0.7279699371813849,0.7286643544402371
1994-01-31,0.7000000000000002,7.55,6.85,0.7162643127906241,0.7260968741614442,0.7276879412990033
1994-02-01,0.6900000000000004,7.61,6.92,0.7128644122944634,0.72367957448398,0.7264041516630944
1994-02-02,0.6799999999999997,7.6,6.92,0.7086101326353411,0.7207544840498427,0.7248234559043212
1994-02-03,0.6799999999999997,7.63,6.95,0.704906567081673,0.7180252781715638,0.7232966044459447
1994-02-04,0.6799999999999997,7.68,7.0,0.701682426002723,0.7154788390464334,0.7218217631534269
1994-02-07,0.6800000000000006,7.7,7.02,0.6988756481702971,0.7131029273317467,0.7203971603695857
1994-02-08,0.6900000000000004,7.74,7.05,0.6977267005142704,0.7115557934015972,0.7193617214971375
1994-02-09,0.7000000000000002,7.73,7.03,0.6980209778521574,0.7107819364870736,0.7187021901846102
1994-02-10,0.6900000000000004,7.73,7.04,0.6969826667873814,0.7093902323704623,0.7177244882190252
1994-02-11,0.6900000000000004,7.7,7.01,0.6960787645050641,0.7080917265152064,0.7167800903716053
1994-02-14,0.6900000000000004,7.71,7.02,0.6952918718640281,0.7068801777125489,0.715867862181824
1994-02-15,0.7000000000000002,7.72,7.02,0.6959013363991594,0.7064194327934443,0.7153273445437964
1994-02-16,0.7000000000000002,7.72,7.02,0.696431906093527,0.7059895425832368,0.714805238920801
1994-02-17,0.7000000000000002,7.79,7.09,0.6968937938398265,0.7055884408343744,0.7143009181320137
1994-02-18,0.7000000000000002,7.87,7.17,0.6972958904775471,0.7052141996697228,0.7138137763606921
1994-02-21,0.7000000000000002,7.87,7.17,0.6976459359320143,0.7048650203163116,0.7133432284264357
1994-02-22,0.6999999999999993,7.85,7.15,0.6979506681995798,0.7045392244596155,0.7128887090822369
1994-02-23,0.6900000000000004,7.9,7.21,0.6969214586797249,0.7035655760921802,0.7121090356247246
1994-02-24,0.6799999999999997,7.96,7.28,0.6947309853854265,0.7019874599585751,0.7110152839966636
1994-02-25,0.6699999999999999,7.95,7.28,0.6915295732581512,0.6998453554568131,0.7096181528535472
1994-02-28,0.6699999999999999,7.92,7.25,0.6887425821274087,0.6978467012853498,0.7082686131261389
1994-03-01,0.6500000000000004,8.0,7.35,0.683727376694562,0.6946425508354379,0.7062837702546048
1994-03-02,0.6399999999999997,8.01,7.37,0.6780668924129127,0.6909833026711907,0.7040259017070308
1994-03-03,0.6400000000000006,8.06,7.42,0.6731391546329941,0.6875691034097277,0.7018449444509924
1994-03-04,0.6600000000000001,8.08,7.42,0.671438298466988,0.6857228830283657,0.7004195520270557
1994-03-07,0.6499999999999995,8.02,7.37,0.6686631228065467,0.6833306284182755,0.6987020769910495
1994-03-08,0.6400000000000006,8.05,7.41,0.6649526977050653,0.6804289058582735,0.696702468748998
1994-03-09,0.6400000000000006,8.06,7.42,0.6617225850429025,0.677721502977505,0.694770974504383
1994-03-10,0.6400000000000006,8.15,7.51,0.6589106086453469,0.6751954067683662,0.6929052740444
1994-03-11,0.6400000000000006,8.14,7.5,0.6564626410084793,0.6728384756654436,0.6911031261912107
1994-03-14,0.6300000000000008,8.15,7.52,0.6530370670362349,0.6699697111030057,0.6890217293989697
1994-03-15,0.6399999999999997,8.11,7.47,0.6513494260521235,0.6679627292059312,0.6873518693331879
1994-03-16,0.6400000000000006,8.06,7.42,0.649880249242764,0.6660901488825438,0.6857388908314286
1994-03-17,0.6400000000000006,8.05,7.41,0.6486012565437944,0.6643429696615206,0.6841808562988044
1994-03-18,0.6499999999999995,8.12,7.47,0.6487823230962934,0.6633824638908102,0.6830165308527748
1994-03-21,0.6599999999999993,8.19,7.53,0.6502344450526042,0.6631559504028078,0.6822325033165147
1994-03-22,0.6600000000000001,8.08,7.42,0.6514985906396453,0.6629446058454735,0.6814751826363636
1994-03-23,0.6600000000000001,8.08,7.42,0.6525990932925323,0.6627474144008989,0.6807436590787597
1994-03-24,0.6399999999999997,8.18,7.54,0.6509681477628344,0.6612240881081981,0.6793557804775026
1994-03-25,0.6399999999999997,8.2,7.56,0.6495483272132505,0.6598027744202328,0.678015178116411
1994-03-28,0.6400000000000006,8.22,7.58,0.6483123016340311,0.6584766418580384,0.6767202415931902
1994-03-29,0.6399999999999997,8.28,7.64,0.647236278869793,0.6572393164263598,0.6754694153617596
1994-03-30,0.6500000000000004,8.32,7.67,0.6475940410133049,0.6567545210619681,0.6746018335744003
1994-03-31,0.6399999999999997,8.36,7.72,0.6466109966818263,0.6556325209082144,0.6734231680969247
1994-04-01,0.6399999999999997,8.36,7.72,0.6457552068853127,0.654585657748253,0.6722846522925815
1994-04-04,0.6600000000000001,8.68,8.02,0.6475991873299722,0.6549482400516483,0.6718661919376143
1994-04-05,0.6500000000000004,8.55,7.9,0.6479099711777389,0.6546168712182316,0.6711213491677853
1994-04-06,0.6499999999999995,8.53,7.88,0.6481805242314753,0.6543076931642868,0.6704018784770703
1994-04-07,0.6500000000000004,8.49,7.84,0.6484160543448072,0.6540192198396972,0.6697069155993122
1994-04-08,0.6499999999999995,8.53,7.88,0.6486210952176413,0.6537500647106768,0.6690356257084313
1994-04-11,0.6399999999999997,8.51,7.87,0.6475050992979472,0.6528292640108274,0.6680465657048381
1994-04-12,0.6300000000000008,8.46,7.83,0.6452390740543826,0.651300456494606,0.6667505600051292
1994-04-13,0.6399999999999997,8.51,7.87,0.6445608788691928,0.6505436987288937,0.6658393377280384
1994-04-14,0.6399999999999997,8.53,7.89,0.643970475668701,0.6498376187668825,0.6649591550268706
1994-04-15,0.6399999999999988,8.54,7.9,0.643456499829941,0.649178822867663,0.6641089545797214
1994-04-18,0.620000000000001,8.65,8.03,0.6404200691399107,0.6472248043897383,0.6626064416594489
1994-04-19,0.6199999999999992,8.61,7.99,0.6377767026922949,0.6454016406837619,0.6611551098450786
1994-04-20,0.6200000000000001,8.58,7.96,0.6354755185423251,0.6437005687971135,0.659753215720254
1994-04-21,0.620000000000001,8.46,7.84,0.6334722213843208,0.6421134126058947,0.6583990752557797
1994-04-22,0.6500000000000012,8.46,7.81,0.635611733016087,0.6426415537706616,0.6581129719189314
1994-04-25,0.6500000000000004,8.39,7.74,0.6374742860722995,0.6431343269015777,0.657836614312043
1994-04-26,0.6499999999999995,8.37,7.72,0.6390957326845541,0.6435941004900652,0.6575696704597747
1994-04-27,0.6499999999999995,8.37,7.72,0.6405072839462069,0.6440230844167613,0.6573118196950856
1994-04-28,0.6499999999999995,8.54,7.89,0.6417361106921602,0.6444233405732077,0.6570627522740313
1994-04-29,0.6399999999999988,8.54,7.9,0.6415113721410044,0.6441271226876061,0.6564815322929318
1994-05-02,0.620000000000001,8.55,7.93,0.638726737134624,0.6425114014583928,0.6552388373765878
1994-05-03,0.6200000000000001,8.57,7.95,0.6363025715612454,0.6410038802464103,0.6540384732111209
1994-05-04,0.6200000000000001,8.58,7.96,0.6341922128558175,0.6395973132201891,0.6528789978557568
1994-05-05,0.620000000000001,8.55,7.93,0.6323550388960505,0.638284939779917,0.6517590184875176
1994-05-06,0.6300000000000008,8.71,8.08,0.6320501804375411,0.6377301221475583,0.6510178264388407
1994-05-09,0.6199999999999992,8.79,8.17,0.6304902913677213,0.6365427889076493,0.6499612454015617
1994-05-10,0.629999999999999,8.68,8.05,0.6304268234263489,0.6361046379074978,0.6492812921039525
1994-05-11,0.6300000000000008,8.81,8.18,0.6303715713742362,0.6356958285690818,0.6486245005118194
1994-05-12,0.620000000000001,8.74,8.12,0.6290289773021074,0.6346447258844594,0.6476494449416943
1994-05-13,0.629999999999999,8.7,8.07,0.6291546756433761,0.6343336824868456,0.6470482400545414
1994-05-16,0.6300000000000008,8.67,8.04,0.6292641024051733,0.6340434687350723,0.6464675144129133
1994-05-17,0.6300000000000008,8.47,7.84,0.6293593639342955,0.6337726897300702,0.6459065704185264
1994-05-18,0.6400000000000006,8.49,7.85,0.6307367882791719,0.6341897140696195,0.6457053709466075
1994-05-19,0.6400000000000006,8.46,7.82,0.6319359058185019,0.6345788115366929,0.6455110250673206
1994-05-20,0.6399999999999988,8.54,7.9,0.6329797982678236,0.6349418523103958,0.6453232993221404
1994-05-23,0.6400000000000006,8.65,8.01,0.6338885594276014,0.6352805813295337,0.6451419682049965
1994-05-24,0.629999999999999,8.61,7.98,0.6333851876001088,0.6349269565949482,0.644626177180631
1994-05-25,0.6399999999999997,8.61,7.97,0.6342414713391764,0.6352666831355884,0.6444685926028146
1994-05-26,0.6499999999999995,8.61,7.96,0.6362814039976018,0.6362533292907383,0.644657012644975
1994-05-27,0.6500000000000004,8.63,7.98,0.6380572685224803,0.6371739027044663,0.6448390144087953
1994-05-30,0.6500000000000004,8.63,7.98,0.639603248384951,0.638032828070606,0.6450148165243977
1994-05-31,0.6500000000000004,8.68,8.03,0.6409491020250692,0.6388342337744823,0.64518463017456
1994-06-01,0.6500000000000004,8.65,8.0,0.6421207356695883,0.6395819717358047,0.645348659348399
1994-06-02,0.6499999999999995,8.61,7.96,0.6431407019988009,0.6402796359227427,0.6455071010864136
1994-06-03,0.6500000000000004,8.5,7.85,0.6440286342612401,0.6409305796261697,0.64566014571718
1994-06-06,0.660000000000001,8.46,7.8,0.6460961185595143,0.6422076016617323,0.6461486137967356
1994-06-07,0.6500000000000004,8.49,7.84,0.646601473812944,0.6427294352671997,0.646279806149547
1994-06-08,0.6499999999999995,8.52,7.87,0.6470414111134817,0.6432163232371934,0.6464065296092046
1994-06-09,0.6499999999999995,8.51,7.86,0.6474243987782797,0.6436706057763798,0.646528936402615
1994-06-10,0.6600000000000001,8.56,7.9,0.6490523032726441,0.6447641364575517,0.6469878102820288
1994-06-13,0.6800000000000006,8.63,7.95,0.6530584651812827,0.6471237768296069,0.6481123266540524
1994-06-14,0.7000000000000002,8.56,7.86,0.6591350204215811,0.6506647393141602,0.6498798112917638
1994-06-15,0.6899999999999995,8.62,7.93,0.663130474641884,0.6532989040494107,0.6512464522033942
1994-06-16,0.7000000000000011,8.63,7.93,0.6679032139310316,0.6564263367371742,0.6529071770192846
1994-06-17,0.7100000000000009,8.72,8.01,0.6733526191747032,0.6600140046983002,0.6548519681620517
1994-06-20,0.7100000000000009,8.74,8.03,0.6780966019792104,0.6633614172687102,0.6567305125790217
1994-06-21,0.7099999999999991,8.77,8.06,0.682226478881941,0.6664846636331878,0.658545066876872
1994-06-22,0.71,8.68,7.97,0.6858217455459569,0.6693987555319427,0.6602978107939723
1994-06-23,0.7000000000000002,8.67,7.97,0.6876571125984771,0.6714480293292193,0.66165021310805
1994-06-24,0.6999999999999993,8.77,8.07,0.6892548924199036,0.6733600693907703,0.6629565476345396
1994-06-27,0.7000000000000011,8.73,8.03,0.6906458405434698,0.6751440658493375,0.6642183836114047
1994-06-28,0.6999999999999993,8.79,8.09,0.6918567312159558,0.6768085934019654,0.6654372368226031
1994-06-29,0.6999999999999993,8.78,8.08,0.6929108727729786,0.6783616525238892,0.6666145714189264
1994-06-30,0.6799999999999997,8.86,8.18,0.691239567565161,0.6784713677531876,0.6670705282553121
1994-07-01,0.6899999999999995,8.85,8.16,0.6910791062420945,0.6792434057664289,0.6678515902387502
1994-07-04,0.6899999999999995,8.85,8.16,0.6909394165469116,0.6799637427035036,0.6686060463836951
1994-07-05,0.6899999999999995,8.84,8.15,0.6908178096040836,0.6806358408308167,0.669334802982678
1994-07-06,0.6899999999999995,8.86,8.17,0.6907119446115039,0.68126293055715,0.6700387354565793
1994-07-07,0.6899999999999995,8.83,8.14,0.6906197837825803,0.6818480259604728,0.6707186894062305
1994-07-08,0.6899999999999995,8.93,8.24,0.690539553121047,0.6823939392749695,0.6713754816281945
1994-07-11,0.6900000000000013,8.96,8.27,0.6904697082734558,0.6829032944079142,0.6720099010959449
1994-07-12,0.6899999999999995,8.93,8.24,0.6904089048020418,0.6833785395513602,0.6726227099076221
1994-07-13,0.6899999999999995,8.91,8.22,0.6903559723057519,0.6838219589492629,0.6732146442015063
1994-07-14,0.6899999999999995,8.76,8.07,0.69030989189129,0.6842356838765935,0.6737864150403057
1994-07-15,0.6899999999999995,8.76,8.07,0.6902697765605234,0.6846217028832141,0.6743387092653217
1994-07-18,0.6900000000000013,8.72,8.03,0.6902348541367279,0.6849818713517516,0.6748721903215202
1994-07-19,0.6999999999999993,8.7,8.0,0.6914989467680597,0.6859875905000401,0.675728135765247
1994-07-20,0.6799999999999997,8.77,8.09,0.6900104145862465,0.6855866194763497,0.6758736511434175
1994-07-21,0.6799999999999997,8.77,8.09,0.6887145720568846,0.6852125002825963,0.6760142097336095
1994-07-22,0.6899999999999995,8.78,8.09,0.6888809699800442,0.6855331048166892,0.6764906170929699
1994-07-25,0.6899999999999995,8.76,8.07,0.6890258277857821,0.6858322394242341,0.6769507962687432
1994-07-26,0.6899999999999995,8.77,8.08,0.6891519338301652,0.686111341881984,0.6773953000524374
1994-07-27,0.7000000000000011,8.81,8.11,0.6905562098851769,0.6870414237677156,0.6781652991162037
1994-07-28,0.6799999999999997,8.75,8.07,0.6891897144618128,0.68656988068267,0.6782277957636307
1994-07-29,0.6899999999999995,8.61,7.92,0.6892946054683003,0.6867995855120234,0.6786288002565679
1994-08-01,0.6800000000000006,8.63,7.95,0.6880914240260442,0.6863442376114935,0.6786755083536066
1994-08-02,0.6799999999999997,8.6,7.92,0.6870439937437405,0.6859193829976721,0.6787206254013911
1994-08-03,0.6899999999999995,8.6,7.91,0.6874266470885063,0.686192649711002,0.6791048423076516
1994-08-04,0.6599999999999993,8.61,7.95,0.6838762830722231,0.6844386063161318,0.678454061243341
1994-08-05,0.6699999999999999,8.75,8.08,0.6820800060449803,0.6834716960447627,0.6781660848818986
1994-08-08,0.6699999999999999,8.73,8.06,0.6805162560670781,0.6825695368617194,0.6778879180525098
1994-08-09,0.6599999999999984,8.79,8.13,0.6778604382759221,0.6810581224956902,0.6772785898957497
1994-08-10,0.6599999999999984,8.79,8.13,0.6755484146018195,0.6796479230283022,0.6766900176928984
1994-08-11,0.6699999999999999,8.85,8.18,0.6748301754570143,0.6790018304852137,0.6764621311307205
1994-08-12,0.6600000000000001,8.78,8.12,0.6729104175978842,0.6777293347422941,0.6759013705106875
1994-08-15,0.6600000000000001,8.78,8.12,0.6712391713122263,0.6765420542325601,0.6753597114559673
1994-08-16,0.6699999999999999,8.69,8.02,0.6710787612838791,0.6761039524314015,0.6751771400078735
1994-08-17,0.6699999999999999,8.66,7.99,0.6709391162433429,0.6756951889972689,0.6750007876135353
1994-08-18,0.6600000000000001,8.75,8.09,0.669523053807604,0.6746441291428573,0.6744898057183996
1994-08-19,0.6699999999999999,8.78,8.11,0.6695847942235478,0.6743331257072434,0.6743368664532167
1994-08-22,0.6600000000000001,8.82,8.16,0.6683440480103869,0.6733732791567023,0.6738485001501059
1994-08-23,0.6600000000000001,8.8,8.14,0.6672639156956123,0.6724777106582348,0.6733767693961085
1994-08-24,0.6600000000000001,8.75,8.09,0.6663236059005508,0.6716421157029835,0.6729211075233512
1994-08-25,0.6600000000000001,8.81,8.15,0.6655050186787873,0.6708624780421722,0.6724809671667491
1994-08-26,0.6600000000000001,8.77,8.11,0.664792397111774,0.6701350503831908,0.6720558196064811
1994-08-29,0.6699999999999999,8.78,8.11,0.6654665183722324,0.6701260064630367,0.6719857908436161
1994-08-30,0.6600000000000001,8.75,8.09,0.6647588806482155,0.6694478981025281,0.6715775108067435
1994-08-31,0.6600000000000001,8.74,8.08,0.6641428462289631,0.6688152006303367,0.6711831382867536
1994-09-01,0.6600000000000001,8.74,8.08,0.6636065571182731,0.6682248730151202,0.6708021995425656
1994-09-02,0.6699999999999999,8.77,8.1,0.6644341846979109,0.6683437479589399,0.670774873681211
1994-09-05,0.6699999999999999,8.77,8.1,0.6651546763535641,0.6684546622033908,0.6707484786390094
1994-09-06,0.6600000000000001,8.83,8.17,0.6644874064032045,0.6678884787680628,0.6703823459980919
1994-09-07,0.6600000000000001,8.85,8.19,0.6639065141720483,0.6673602109436402,0.6700286851790244
1994-09-08,0.6600000000000001,8.85,8.19,0.6634008181130009,0.6668673196350865,0.6696870713457698
1994-09-09,0.6600000000000001,8.98,8.32,0.6629605841239407,0.6664074357829641,0.6693570941337659
1994-09-12,0.6500000000000004,8.97,8.32,0.6612828438097433,0.665308678892027,0.6686977204462226
1994-09-13,0.6500000000000004,8.98,8.33,0.6598222860341543,0.6642835024631044,0.6680608074470873
1994-09-14,0.6400000000000006,8.93,8.29,0.6572563022728499,0.6626573089481418,0.6671049533321065
1994-09-15,0.6500000000000004,8.91,8.26,0.6563169780310765,0.6618096868326904,0.6665222958280458
1994-09-16,0.6399999999999988,9.04,8.4,0.6542047544162439,0.660349157349986,0.6656188490668012
1994-09-19,0.629999999999999,9.01,8.38,0.6510714625915054,0.6583167650728787,0.6644055403081142
1994-09-20,0.629999999999999,9.04,8.41,0.6483437736285081,0.656420476026593,0.6632335612998956
1994-09-21,0.6300000000000008,9.05,8.42,0.6459691824652745,0.6546511757849187,0.6621015041991201
1994-09-22,0.629999999999999,9.03,8.4,0.6439019807905232,0.6530003602875024,0.6610080091190635
1994-09-23,0.620000000000001,9.05,8.43,0.6408078828410833,0.6507904248808409,0.6596111257849849
1994-09-26,0.620000000000001,9.05,8.43,0.6381143141283049,0.6487284822372604,0.6582618254253287
1994-09-27,0.6199999999999992,9.1,8.48,0.6357694263681186,0.6468046217241431,0.6569584871893054
1994-09-28,0.6099999999999994,9.08,8.47,0.6324335886405836,0.6443399263096578,0.655358908727502
1994-09-29,0.620000000000001,9.16,8.54,0.6308240675948524,0.6427099542584855,0.654154454491032
1994-09-30,0.6199999999999992,9.12,8.5,0.629422898141854,0.6411891365594587,0.6529910283874981
1994-10-03,0.620000000000001,9.16,8.54,0.6282031092852731,0.6397701634721538,0.6518672328480754
1994-10-04,0.6300000000000008,9.17,8.54,0.628435715776113,0.6391158848522274,0.6511223546210148
1994-10-05,0.6400000000000006,9.24,8.6,0.6299327058547788,0.6391750913988108,0.6507434863916233
1994-10-06,0.6400000000000006,9.24,8.6,0.63123591141101,0.639230333060088,0.6503775238049786
1994-10-07,0.6400000000000006,9.21,8.57,0.6323704177420777,0.6392818753525671,0.6500240272475113
1994-10-10,0.6400000000000006,9.21,8.57,0.6333580628676516,0.6393299660119094,0.6496825720805037
1994-10-11,0.6300000000000008,9.13,8.5,0.6329233635210181,0.6387051660990286,0.6490121114192404
1994-10-12,0.6400000000000006,9.16,8.52,0.6338394301269805,0.6387918772518335,0.6487051258201628
1994-10-13,0.629999999999999,9.1,8.47,0.6333424180597789,0.6382031115335026,0.6480679605668054
1994-10-14,0.6399999999999988,9.1,8.46,0.6342042382917503,0.6383234437786459,0.6477931362118103
1994-10-17,0.6400000000000006,9.13,8.49,0.6349544963801532,0.6384357177333104,0.6475276733832473
1994-10-18,0.6399999999999988,9.12,8.48,0.6356076339816297,0.6385404730371026,0.6472712531931591
1994-10-19,0.6400000000000006,9.16,8.52,0.6361762232885051,0.6386382131915793,0.6470235676160833
1994-10-20,0.6400000000000006,9.25,8.61,0.6366712090298896,0.638729407980304,0.6467843191190349
1994-10-21,0.6400000000000006,9.25,8.61,0.6371021191458754,0.6388144957268403,0.6465532203040952
1994-10-24,0.6400000000000006,9.3,8.66,0.6374772481900768,0.6388938854015342,0.6463299935631736
1994-10-25,0.6400000000000006,9.32,8.68,0.6378038169908151,0.638967958587211,0.6461143707445298
1994-10-26,0.6400000000000006,9.32,8.68,0.6380881116442527,0.6390370713132357,0.6459060928306566
1994-10-27,0.6400000000000006,9.3,8.66,0.6383356045149449,0.6391015557667518,0.6457049096271338
1994-10-28,0.6400000000000006,9.22,8.58,0.6385510595729378,0.6391617218893235,0.6455105794620817
1994-10-31,0.6300000000000008,9.21,8.58,0.6374441297279998,0.6385481887820239,0.6449822321851003
1994-11-01,0.6400000000000006,9.31,8.67,0.6377749856949986,0.6386454122361451,0.644812519066727
1994-11-02,0.6400000000000006,9.32,8.68,0.6380630125434392,0.6387361249263914,0.6446485870001951
1994-11-03,0.6399999999999988,9.36,8.72,0.6383137544785933,0.6388207628591421,0.6444902390616561
1994-11-04,0.6300000000000008,9.39,8.76,0.6372375436444452,0.6382300627581022,0.6439966483244596
1994-11-07,0.6300000000000008,9.42,8.79,0.6363006476965521,0.6376789200757279,0.6435198710997806
1994-11-08,0.629999999999999,9.37,8.74,0.6354850324013638,0.6371646857700284,0.6430593346576592
1994-11-09,0.6300000000000008,9.32,8.69,0.6347749980467049,0.6366848881974309,0.6426144857774203
1994-11-10,0.629999999999999,9.37,8.74,0.6341568772392967,0.636237221232938,0.642184790083116
1994-11-11,0.629999999999999,9.37,8.74,0.6336187718222225,0.635819533185845,0.641769731401605
1994-11-14,0.6300000000000008,9.33,8.7,0.6331503238482761,0.6354298164577368,0.6413688111424978
1994-11-15,0.629999999999999,9.26,8.63,0.6327425162006819,0.6350661978930578,0.6409815476992242
1994-11-16,0.6300000000000008,9.32,8.69,0.6323874990233525,0.6347269297758773,0.6406074758705017
1994-11-17,0.6300000000000008,9.4,8.77,0.6320784386196485,0.6344103814295713,0.6402461463015113
1994-11-18,0.629999999999999,9.36,8.73,0.6318093859111114,0.6341150313790512,0.6398971249441088
1994-11-21,0.6399999999999988,9.37,8.73,0.6328696562911766,0.6345091301224959,0.6399006292461744
1994-11-22,0.6300000000000008,9.32,8.69,0.6324981809007502,0.6342071671674211,0.6395633774680957
1994-11-23,0.6400000000000006,9.17,8.53,0.6334692871574026,0.6345950958527463,0.6395782504344065
1994-11-24,0.6400000000000006,9.17,8.53,0.6343146842561516,0.6349570461145183,0.639592616772885
1994-11-25,0.629999999999999,9.18,8.55,0.6337561508096375,0.6346250875654149,0.6392658570303835
1994-11-28,0.6300000000000008,9.21,8.58,0.6332699192031552,0.6343153592872789,0.6389502279242711
1994-11-29,0.629999999999999,9.26,8.63,0.6328466300042395,0.634026372585366,0.6386453503042111
1994-11-30,0.6400000000000006,9.21,8.57,0.6337726297207251,0.6344264085429978,0.6386914946458705
1994-12-01,0.6400000000000006,9.23,8.59,0.6345787592955239,0.6347996552892693,0.6387360671418537
1994-12-02,0.6400000000000006,9.14,8.5,0.6352805358509546,0.6351479068175244,0.6387791213349947
1994-12-05,0.6400000000000006,9.16,8.52,0.6358914678265928,0.6354728369827396,0.6388207089442621
1994-12-06,0.6400000000000006,9.08,8.44,0.6364233150021201,0.6357760075468308,0.6388608799268867
1994-12-07,0.6500000000000004,9.13,8.48,0.6381808092274016,0.6367285457698226,0.639240319249124
1994-12-08,0.6399999999999988,9.11,8.47,0.6384163024481713,0.6369476252729418,0.6392661967643438
1994-12-09,0.6500000000000004,9.08,8.43,0.6399158055712035,0.6378217037617535,0.6396318295071487
1994-12-12,0.6500000000000004,9.14,8.49,0.6412211988596236,0.6386372478290074,0.6399850074564684
1994-12-13,0.6499999999999986,9.11,8.46,0.6423576097221805,0.6393981773498073,0.6403261548682913
1994-12-14,0.6400000000000006,9.07,8.43,0.6420524184716767,0.6394384796123161,0.6403150448361382
1994-12-15,0.6399999999999988,9.1,8.46,0.6417867340566374,0.6394760829528704,0.640304313252466
1994-12-16,0.6400000000000006,9.09,8.45,0.6415554423394663,0.6395111681101996,0.6402939472259301
1994-12-19,0.6300000000000008,9.08,8.45,0.6400595968377584,0.6388742336348691,0.6399432975935611
1994-12-20,0.6400000000000006,9.08,8.44,0.6400518820606813,0.6389496228405704,0.6399452290856832
1994-12-21,0.6300000000000008,9.07,8.44,0.6387506715901125,0.6383502933720636,0.6396064580733414
1994-12-22,0.6399999999999988,9.11,8.47,0.6389123964490304,0.6384607692897784,0.6396198635560852
1994-12-23,0.6400000000000006,9.08,8.44,0.6390531861160607,0.6385638469657766,0.6396328123988745
1994-12-26,0.6400000000000006,9.08,8.44,0.63917575064,0.6386600218381739,0.6396453201565421
1994-12-27,0.6400000000000006,9.01,8.37,0.6392824492553555,0.6387497561670775,0.6396574018540666
1994-12-28,0.6400000000000006,9.06,8.42,0.6393753357950562,0.6388334812564179,0.6396690720046206
1994-12-29,0.6500000000000004,9.1,8.45,0.640750692591554,0.6395812696116239,0.6400209813377564
1994-12-30,0.6500000000000004,9.14,8.49,0.6419480102254784,0.6402789808177181,0.6403609033471199
1995-01-02,0.6500000000000004,9.14,8.49,0.6429903357661356,0.6409299683915688,0.6406892463649653
1995-01-03,0.6400000000000006,9.17,8.53,0.6426032384856539,0.6408676911904202,0.6406657681034994
1995-01-04,0.6399999999999988,9.1,8.46,0.64226625073008,0.6408095845071279,0.6406430895978094
1995-01-05,0.6400000000000006,9.15,8.51,0.6419728858496414,0.6407553690545874,0.6406211836052778
1995-01-06,0.6400000000000006,9.09,8.45,0.6417174968877244,0.6407047842487161,0.6406000238112703
1995-01-09,0.6500000000000004,9.14,8.49,0.6427896622501066,0.6413272570405997,0.6409202215082775
1995-01-10,0.6500000000000004,9.1,8.45,0.643723036410275,0.6419080446917609,0.6412295120962549
1995-01-11,0.6399999999999988,9.1,8.46,0.6432410914441367,0.6417802686467395,0.6411876304006251
1995-01-12,0.6399999999999988,9.12,8.48,0.6428215339823873,0.6416610493812065,0.6411471753492993
1995-01-13,0.629999999999999,9.04,8.41,0.6411617936306876,0.6408801437886055,0.6407674616347837
1995-01-16,0.629999999999999,9.04,8.41,0.6397169057325901,0.6401515331074331,0.6404006823633421
1995-01-17,0.6199999999999992,9.04,8.42,0.6371645633919628,0.6388020452192813,0.6397057602296086
1995-01-18,0.6199999999999992,9.03,8.41,0.6349426203296051,0.6375429284979564,0.6390345096948613
1995-01-19,0.620000000000001,9.06,8.44,0.633008306545058,0.6363681310567646,0.6383861244175388
1995-01-20,0.620000000000001,9.13,8.51,0.631324388590329,0.6352720062857596,0.637759825523033
1995-01-23,0.620000000000001,9.16,8.54,0.6298584528662953,0.6342492857115714,0.6371548606680644
1995-01-24,0.620000000000001,9.16,8.54,0.6285822816959817,0.6332950536747302,0.6365705031369274
1995-01-25,0.6099999999999994,9.12,8.51,0.6261768157977641,0.631735053618144,0.6356654142577697
1995-01-26,0.5899999999999999,9.07,8.48,0.6214937473710036,0.6289401819292859,0.6341098826069823
1995-01-27,0.5800000000000001,8.97,8.39,0.6161224051470944,0.6256628043518372,0.6322667013639428
1995-01-30,0.5800000000000001,8.96,8.38,0.6114463801484138,0.6226049029463546,0.6304863056404981
1995-01-31,0.5899999999999999,8.93,8.34,0.6086701583188644,0.6204214501348045,0.629107193442112
1995-02-01,0.5899999999999999,8.94,8.35,0.6062533168413152,0.6183842166261645,0.6277750588680274
1995-02-02,0.6000000000000014,8.97,8.37,0.6054438284986763,0.617153080635771,0.626828938398654
1995-02-03,0.5899999999999999,8.81,8.22,0.6034446335989714,0.6153347200550335,0.6255744095549951
1995-02-06,0.5899999999999999,8.85,8.26,0.6017042333528945,0.6136381296426955,0.6243626145692209
1995-02-07,0.5899999999999999,8.84,8.25,0.6001891269383115,0.6120551548148591,0.6231920977692527
1995-02-08,0.5899999999999999,8.86,8.27,0.5988701501956427,0.6105781870757153,0.6220614530685464
1995-02-09,0.5900000000000016,8.88,8.29,0.5977219142493382,0.6092001274476588,0.6209693222770281
1995-02-10,0.5899999999999999,8.94,8.35,0.5967223167994857,0.607914352350377,0.6199143934695629
1995-02-13,0.5899999999999999,8.93,8.34,0.5958521166764472,0.6067146817649167,0.6188953994100029
1995-02-14,0.5800000000000001,8.87,8.29,0.593800069102117,0.604925679445074,0.6175704793181638
1995-02-15,0.5999999999999996,8.82,8.22,0.594602646664451,0.6045958214279887,0.6169719642900371
1995-02-16,0.5899999999999999,8.82,8.23,0.5940068366463908,0.6036183829308933,0.6160532001702105
1995-02-17,0.5899999999999999,8.83,8.24,0.593488153899551,0.6027064005659052,0.6151657325291573
1995-02-20,0.5899999999999999,8.83,8.24,0.5930366143421176,0.6018554909316715,0.6143084952939187
1995-02-21,0.5899999999999999,8.85,8.26,0.5926435263260436,0.6010615641701149,0.6134804587058947
1995-02-22,0.5899999999999999,8.8,8.21,0.5923013233322253,0.6003208043087187,0.6126806280838434
1995-02-23,0.5899999999999999,8.81,8.22,0.5920034183231953,0.5996296509192298,0.6119080426290174
1995-02-24,0.5899999999999999,8.82,8.23,0.5917440769497754,0.5989847820046241,0.6111617742710022
1995-02-27,0.5800000000000001,8.76,8.18,0.59022381280402,0.5977134279474485,0.6101002898421165
1995-02-28,0.5899999999999999,8.75,8.16,0.5901948403626125,0.5971968827528115,0.6094156001804194
1995-03-01,0.5899999999999999,8.72,8.13,0.5901696183874251,0.5967149290445953,0.6087542335621469
1995-03-02,0.5899999999999999,8.77,8.18,0.5901476613827182,0.5962652503344361,0.6081153955188192
1995-03-03,0.5999999999999996,8.82,8.22,0.5914230410669412,0.5965153553468978,0.6078389553552214
1995-03-06,0.5999999999999996,8.87,8.27,0.592533323569458,0.5967487115748733,0.6075719317584283
1995-03-07,0.5899999999999999,8.9,8.31,0.592205386260403,0.5962967705497231,0.6069733672548541
1995-03-08,0.5899999999999999,8.8,8.21,0.5919199002512793,0.595875094663029,0.606395192055647
1995-03-09,0.5899999999999999,8.78,8.19,0.5916713702452235,0.5954816571490079,0.6058367116262494
1995-03-10,0.5800000000000001,8.7,8.12,0.5901605179414169,0.5944448968836861,0.6049566183797492
1995-03-13,0.5800000000000001,8.68,8.1,0.5888452446172809,0.5934775653518263,0.6041065043401133
1995-03-14,0.5700000000000003,8.59,8.02,0.5864057383170272,0.5919053430342154,0.6029447115947484
1995-03-15,0.5800000000000001,8.62,8.04,0.5855765191002156,0.5911080778264859,0.6021631304860705
1995-03-16,0.5800000000000001,8.58,8.0,0.5848546418439242,0.5903642030846697,0.6014081728991972
1995-03-17,0.5899999999999999,8.64,8.05,0.5855207055588679,0.5903398134936163,0.6010195686499905
1995-03-20,0.5800000000000001,8.65,8.07,0.5848060533340644,0.5896473871158815,0.6003035649773556
1995-03-21,0.5800000000000001,8.68,8.1,0.584183912437201,0.5890013304612446,0.5996119510183139
1995-03-22,0.5899999999999999,8.74,8.15,0.5849368016960257,0.5890682083726984,0.5992845326804356
1995-03-23,0.5800000000000001,8.72,8.14,0.5842977354973564,0.5884609375858578,0.5986276307023711
1995-03-24,0.5800000000000001,8.64,8.06,0.5837413960581215,0.5878943339069391,0.597993105217216
1995-03-27,0.5700000000000003,8.59,8.02,0.5819625800788728,0.5866960038967499,0.5970395572887247
1995-03-28,0.5700000000000003,8.65,8.08,0.5804140308261377,0.5855779224624947,0.5961184907032239
1995-03-29,0.5600000000000005,8.64,8.08,0.5777714460348387,0.583865045512478,0.5948881623161782
1995-03-30,0.5600000000000005,8.66,8.1,0.5754709423562155,0.5822668748076694,0.5936997434306234
1995-03-31,0.5599999999999987,8.69,8.13,0.5734682375829251,0.5807757288139752,0.5925518064550854
1995-04-03,0.5700000000000003,8.64,8.07,0.5730192761814603,0.5800541104912926,0.5917836091378489
1995-04-04,0.5800000000000001,8.61,8.03,0.5739229269475556,0.5800504868735643,0.591382216152099
1995-04-05,0.5699999999999985,8.62,8.05,0.573415106263964,0.579377435834043,0.590653859374236
1995-04-06,0.5800000000000001,8.61,8.03,0.5742675170488487,0.5794191270938135,0.590290949812831
1995-04-07,0.5800000000000001,8.63,8.05,0.5750095837377898,0.5794580264146381,0.5899404022833558
1995-04-10,0.5700000000000003,8.64,8.07,0.574361095944812,0.5788246506796839,0.5892611589788693
1995-04-11,0.5700000000000003,8.63,8.06,0.5737965545313446,0.5782336902229328,0.5886050531948869
1995-04-12,0.5800000000000001,8.61,8.03,0.5745995870528853,0.5783519747047222,0.588311933493272
1995-04-13,0.5800000000000001,8.58,8.0,0.5752986674668576,0.5784623380286186,0.5880287985247586
1995-04-14,0.5800000000000001,8.58,8.0,0.5759072523150306,0.5785653106508696,0.5877553081726825
1995-04-17,0.5800000000000001,8.6,8.02,0.576437056197421,0.5786613875046548,0.5874911339060017
1995-04-18,0.5699999999999985,8.62,8.05,0.5756037828986336,0.5780813602943274,0.5868953216738961
1995-04-19,0.5700000000000003,8.6,8.03,0.5748783763589947,0.5775401757711031,0.5863198049936876
1995-04-20,0.5700000000000003,8.57,8.0,0.5742468732872934,0.5770352327564257,0.585763892524372
1995-04-21,0.5700000000000003,8.59,8.02,0.5736971179325006,0.5765641042648856,0.5852269164745577
1995-04-24,0.5700000000000003,8.56,7.99,0.5732185280987105,0.5761245258390257,0.5847082318002795
1995-04-25,0.5700000000000003,8.56,7.99,0.5728018914493169,0.5757143846653306,0.5842072154301378
1995-04-26,0.5700000000000003,8.56,7.99,0.5724391881794975,0.5753317094190855,0.5837232655168317
1995-04-27,0.5600000000000005,8.57,8.01,0.5708289422766081,0.5743049907046623,0.5829151640034378
1995-04-28,0.5700000000000003,8.58,8.01,0.5707216361658412,0.5740166983557092,0.5824752261049431
1995-05-01,0.5500000000000007,8.57,8.02,0.5680392320365905,0.5724083719136646,0.581369000684813
1995-05-02,0.5499999999999989,8.53,7.98,0.5657040636108832,0.5709077502820757,0.5803004573635292
1995-05-03,0.5500000000000007,8.48,7.93,0.5636711814224926,0.5695076207919898,0.5792683125504712
1995-05-04,0.5500000000000007,8.38,7.83,0.5619014546882746,0.5682012537853158,0.578271326378827
1995-05-05,0.5599999999999996,8.27,7.71,0.5616553124499595,0.5676520403536658,0.5776489379269519
1995-05-08,0.5499999999999998,8.27,7.72,0.5601465388187045,0.5664699360179092,0.5767071135998308
1995-05-09,0.5600000000000005,8.22,7.66,0.560127569451168,0.5660366637578416,0.576138007977551
1995-05-10,0.5700000000000003,8.24,7.67,0.5614055500246125,0.5663020765295127,0.575928924892747
1995-05-11,0.5599999999999996,8.26,7.7,0.5612236023656673,0.5658800453172251,0.5753863272346197
1995-05-12,0.5499999999999998,8.25,7.7,0.5597707133616433,0.5648166061880706,0.5745215757338934
1995-05-15,0.5499999999999989,8.2,7.65,0.5585059000207834,0.5638243823960781,0.5736862808438495
1995-05-16,0.5400000000000009,8.13,7.59,0.5561103216873948,0.5622289347785298,0.5725388024534395
1995-05-17,0.54,8.1,7.56,0.5540248496198433,0.5607403295150882,0.571430411389486
1995-05-18,0.5499999999999998,8.16,7.61,0.5535038351037368,0.5600210817775538,0.5707004129049094
1995-05-19,0.54,8.15,7.61,0.551755771256216,0.558680329824714,0.5696546441378451
1995-05-22,0.5499999999999998,8.16,7.61,0.551528487656118,0.5580990341038791,0.5689851348048343
1995-05-23,0.5500000000000007,8.13,7.58,0.5513306257900247,0.557556666018501,0.5683384314175249
1995-05-24,0.5499999999999989,8.03,7.48,0.5511583770310422,0.5570506187012864,0.567713757121684
1995-05-25,0.5599999999999996,8.0,7.44,0.5523029201439218,0.5572481299436784,0.5674509982363374
1995-05-26,0.5699999999999994,8.03,7.46,0.5545937971625946,0.5581020845336616,0.5675378265939847
1995-05-29,0.5699999999999994,8.03,7.46,0.5565881214416423,0.5588988523393902,0.5676216972590171
1995-05-30,0.5700000000000003,7.95,7.38,0.5583242815661625,0.5596422629887293,0.5677027109813031
1995-05-31,0.5700000000000003,7.96,7.39,0.5598356967405359,0.5603358896508226,0.5677809650788006
1995-06-01,0.5899999999999999,7.91,7.32,0.5637404488060385,0.562322406379629,0.5685378269759637
1995-06-02,0.5899999999999999,7.81,7.22,0.5671397329161934,0.5641758920258452,0.5692689073784125
1995-06-05,0.5899999999999999,7.81,7.22,0.5700989816130922,0.5659052552831048,0.5699750844985029
1995-06-06,0.5899999999999999,7.8,7.21,0.5726751572331109,0.5675188082564795,0.5706572066334537
1995-06-07,0.5899999999999999,7.85,7.26,0.5749178483702679,0.5690243064142305,0.5713160931843664
1995-06-08,0.5899999999999999,7.87,7.28,0.5768702244030192,0.5704289858641101,0.5719525356405329
1995-06-09,0.5899999999999999,8.02,7.43,0.5785698664580966,0.5717395981333815,0.5725672985302144
1995-06-12,0.589999999999999,8.03,7.44,0.5800494908065459,0.5729624426197246,0.5731611203390325
1995-06-13,0.6000000000000005,7.94,7.34,0.5826320729835941,0.5747730669536335,0.5740753511078294
1995-06-14,0.6099999999999994,7.93,7.32,0.5861748357196206,0.5771321092770818,0.5752990765311826
1995-06-15,0.5999999999999996,7.96,7.36,0.5879644954480542,0.5786635035086588,0.576140480663477
1995-06-16,0.5999999999999996,7.97,7.37,0.5895224847327505,0.5800923448497693,0.5769532234821676
1995-06-19,0.5900000000000007,7.9,7.31,0.5895842988151135,0.5807558308760653,0.5773976445860621
1995-06-20,0.6000000000000005,7.91,7.31,0.590932605466373,0.582044555312655,0.5781675637864062
1995-06-21,0.6100000000000003,7.9,7.29,0.5934008689481616,0.5839166478136247,0.579251893423107
1995-06-22,0.5999999999999996,7.8,7.2,0.5942551227455571,0.5849937017956062,0.5799586501009746
1995-06-23,0.5999999999999996,7.84,7.24,0.5949987938700777,0.585998628694461,0.5806413320518371
1995-06-26,0.6100000000000003,7.87,7.26,0.596940691553475,0.5876059287298072,0.5816413960600281
1995-06-27,0.6099999999999994,7.89,7.28,0.5986312116756196,0.5891055926900836,0.5826073942167898
1995-06-28,0.6000000000000005,7.86,7.26,0.5988084005531776,0.5898351585566082,0.5831998502193289
1995-06-29,0.6000000000000005,7.99,7.39,0.5989626524303455,0.5905158675795747,0.5837721249954709
1995-06-30,0.6000000000000005,7.95,7.35,0.5990969364889035,0.5911509915556394,0.5843249059918739
1995-07-03,0.6100000000000003,7.95,7.34,0.6005083319187616,0.5924132532636557,0.5851994939489904
1995-07-04,0.6100000000000003,7.95,7.34,0.6017370230052581,0.5935909850811885,0.5860442902296095
1995-07-05,0.6100000000000003,7.95,7.34,0.6028066607227245,0.5946898477221292,0.5868603096475999
1995-07-06,0.6100000000000003,7.87,7.26,0.6037378344401878,0.5957151228192941,0.5876485324485451
1995-07-07,0.6099999999999994,7.84,7.23,0.6045484682444517,0.59667173831035,0.5884099054872648
1995-07-10,0.6099999999999994,7.84,7.23,0.6052541659593806,0.5975642921237204,0.5891453433652281
1995-07-11,0.6100000000000003,7.88,7.27,0.605868511502629,0.598397074278317,0.5898557295292203
1995-07-12,0.6099999999999994,7.89,7.28,0.6064033303613621,0.5991740875033187,0.5905419173325858
1995-07-13,0.6200000000000001,7.87,7.25,0.6081634115871324,0.6005687365617376,0.5915453677710732
1995-07-14,0.6399999999999997,7.92,7.28,0.6122846400237512,0.603209330314122,0.593195910425387
1995-07-17,0.6400000000000006,7.98,7.34,0.6158723777607218,0.6056730914023428,0.5947902295376287
1995-07-18,0.6399999999999997,8.02,7.38,0.6189956848686002,0.6079718617809173,0.5963302402880422
1995-07-19,0.6600000000000001,8.18,7.52,0.6243036703647882,0.6114560305533587,0.5984990660403043
1995-07-20,0.6599999999999993,8.19,7.53,0.6289245401284621,0.6147068749661289,0.6005940136255222
1995-07-21,0.6599999999999993,8.27,7.61,0.6329472409041466,0.6177400200535965,0.6026175996052775
1995-07-24,0.6500000000000004,8.24,7.59,0.6351547109633517,0.6199003744036897,0.6042316181070747
1995-07-25,0.6299999999999999,8.17,7.54,0.6344874365327746,0.6205767161164729,0.6051093837920143
1995-07-26,0.6299999999999999,8.19,7.56,0.6339065404013625,0.6212077652480521,0.605957249555381
1995-07-27,0.6200000000000001,8.15,7.53,0.6321063465799065,0.6211268848224643,0.6064355971875169
1995-07-28,0.6199999999999992,8.2,7.58,0.6305391868345956,0.6210514207170212,0.6068976505432523
1995-07-31,0.6200000000000001,8.17,7.55,0.6291748950355404,0.6209810102169661,0.6073439646654586
1995-08-01,0.6300000000000008,8.23,7.6,0.6292817044084114,0.621584984982096,0.6081157124009615
1995-08-02,0.6299999999999999,8.16,7.53,0.6293746873681294,0.6221485133640179,0.6088611715754493
1995-08-03,0.6300000000000008,8.21,7.58,0.629455633736089,0.6226743039360184,0.6095812376738173
1995-08-04,0.629999999999999,8.2,7.57,0.6295261016423128,0.6231648838863338,0.6102767756774582
1995-08-07,0.6299999999999999,8.18,7.55,0.6295874475177703,0.6236226111649646,0.6109486211033227
1995-08-08,0.6200000000000001,8.17,7.55,0.628346357837167,0.6233800157324215,0.6112569442968356
1995-08-09,0.6300000000000008,8.21,7.58,0.6285604208836556,0.6238233362748947,0.6118954015812516
1995-08-10,0.6299999999999999,8.24,7.61,0.628746773589357,0.6242369689668481,0.6125121106667356
1995-08-11,0.6300000000000008,8.3,7.67,0.6289090030422773,0.624622901914819,0.6131078123767826
1995-08-14,0.6300000000000008,8.3,7.67,0.6290502319839002,0.6249829900877968,0.6136832222997196
1995-08-15,0.6299999999999999,8.27,7.64,0.6291731789185837,0.6253189642330472,0.6142390316483084
1995-08-16,0.6200000000000001,8.23,7.61,0.6279857160747891,0.6249627691102373,0.6144352713793148
1995-08-17,0.6200000000000001,8.25,7.63,0.6269519696272307,0.6246304273092311,0.6146248264646722
1995-08-18,0.6200000000000001,8.25,7.63,0.6260520410750032,0.6243203414444256,0.6148079246079514
1995-08-21,0.620000000000001,8.21,7.59,0.6252686077669355,0.624031021102353,0.6149847857563037
1995-08-22,0.6200000000000001,8.23,7.61,0.624586589459292,0.6237610756780764,0.6151556223646724
1995-08-23,0.6299999999999999,8.26,7.63,0.6252873524044334,0.6241788777759438,0.6156612763617575
1995-08-24,0.6199999999999992,8.19,7.57,0.6246029076140246,0.6238990308325555,0.6158090692166566
1995-08-25,0.620000000000001,8.13,7.51,0.6240070638161892,0.6236379244017936,0.6159518277043592
1995-08-28,0.6299999999999999,8.07,7.44,0.6247828460293858,0.6240639735722221,0.616430360024645
1995-08-29,0.6299999999999999,8.08,7.45,0.6254582036720793,0.6244614915042488,0.6168925917773738
1995-08-30,0.6300000000000008,8.06,7.43,0.6260461366483524,0.6248323888495573,0.6173390782197171
1995-08-31,0.6299999999999999,8.01,7.38,0.6265579620320273,0.6251784483092034,0.6177703556947489
1995-09-01,0.6300000000000008,7.98,7.35,0.6270035319080949,0.6255013332020868,0.6181869422757291
1995-09-04,0.6300000000000008,7.98,7.35,0.6273914230146933,0.6258025954596158,0.6185893383884405
1995-09-05,0.6299999999999999,7.93,7.3,0.6277291018360399,0.6260836830849952,0.6189780274123265
1995-09-06,0.6200000000000001,7.94,7.32,0.6267285739571377,0.6256762770283549,0.6190128395504009
1995-09-07,0.6100000000000003,7.95,7.34,0.6245630694815272,0.6246264836519257,0.6187058291485029
1995-09-08,0.6200000000000001,7.98,7.36,0.6239723827075029,0.6243166618820524,0.6187499133587033
1995-09-11,0.6200000000000001,7.96,7.34,0.6234581600036444,0.6240275879492642,0.6187924958988679
1995-09-12,0.6100000000000003,7.92,7.31,0.6217160087721021,0.6230882023483476,0.6184929912106393
1995-09-13,0.6100000000000003,7.92,7.31,0.6201993780361359,0.6222117245909178,0.6182036887515959
1995-09-14,0.6200000000000001,7.87,7.25,0.620173568661667,0.6220636120115195,0.6182648777071101
1995-09-15,0.6200000000000001,7.88,7.26,0.6201511002961847,0.6219254180884793,0.6183239823421702
1995-09-18,0.6200000000000001,7.93,7.31,0.6201315404479578,0.621796478599053,0.6183810736563826
1995-09-19,0.6200000000000001,7.9,7.28,0.6201145126110659,0.6216761738015062,0.6184362202308464
1995-09-20,0.6100000000000003,7.87,7.26,0.6188051946510291,0.620894255371723,0.6181488515997854
1995-09-21,0.6200000000000001,7.96,7.34,0.6189598615304241,0.6208343697646765,0.6182119085100015
1995-09-22,0.6099999999999994,7.97,7.36,0.6178000125023659,0.620108824432952,0.6179321807596175
1995-09-25,0.6200000000000001,7.95,7.33,0.6180847996446902,0.6201015367862295,0.6180026182740648
1995-09-26,0.6200000000000001,7.97,7.35,0.6183327212518601,0.6200947371714067,0.6180706564281885
1995-09-27,0.6200000000000001,7.98,7.36,0.6185485495466352,0.6200883929064473,0.6181363769530096
1995-09-28,0.6200000000000001,7.95,7.33,0.6187364389902268,0.6200824734979332,0.6181998587954903
1995-09-29,0.6100000000000003,7.88,7.27,0.6176055118841441,0.6194072804098671,0.6179205415026181
1995-10-02,0.6199999999999992,7.85,7.23,0.6179154770219357,0.6194469730676758,0.6179913754928873
1995-10-03,0.6200000000000001,7.84,7.22,0.6181853173472425,0.6194840076269331,0.6180597966174111
1995-10-04,0.6200000000000001,7.82,7.2,0.6184202269944382,0.6195185620925472,0.6181258870672545
1995-10-05,0.6200000000000001,7.79,7.17,0.6186247277201282,0.6195508025489701,0.6181897262337531
1995-10-06,0.6200000000000001,7.78,7.16,0.6188027559420721,0.6195808839584749,0.6182513908038825
1995-10-09,0.6200000000000001,7.78,7.16,0.6189577385109679,0.6196089509059747,0.618310954852378
1995-10-10,0.6199999999999992,7.77,7.15,0.6190926586736212,0.6196351382939638,0.6183684899307176
1995-10-11,0.6299999999999999,7.8,7.17,0.6205046078642579,0.6203292420755517,0.6187647018638249
1995-10-12,0.6199999999999992,7.77,7.15,0.6204392866604732,0.6203071937186918,0.6188067806532154
1995-10-13,0.6200000000000001,7.67,7.05,0.6203824212497234,0.6202866218743323,0.6188474260845648
1995-10-16,0.6200000000000001,7.69,7.07,0.6203329170343631,0.6202674276648481,0.61888668698331
1995-10-17,0.6200000000000001,7.7,7.08,0.6202898211117956,0.6202495188341529,0.6189246105117141
1995-10-18,0.6299999999999999,7.71,7.08,0.6215467982991676,0.6209024793889064,0.6193018789362723
1995-10-19,0.6300000000000008,7.69,7.06,0.6226410604976848,0.6215117131286637,0.6196662962133093
1995-10-20,0.6300000000000008,7.73,7.1,0.6235936710709975,0.6220801483074145,0.6200183001000872
1995-10-23,0.6299999999999999,7.76,7.13,0.6244229667421967,0.6226105170827391,0.6203583134422487
1995-10-24,0.6299999999999999,7.72,7.09,0.625144910555898,0.6231053686477979,0.6206867446817617
1995-10-25,0.6299999999999999,7.68,7.05,0.625773399149584,0.6235670814839114,0.6210039883475611
1995-10-26,0.6299999999999999,7.75,7.12,0.6263205302488425,0.6239978747926213,0.621310425529478
1995-10-27,0.6399999999999997,7.75,7.11,0.6280913299025375,0.6250694892468128,0.6219470610467766
1995-10-30,0.6399999999999997,7.75,7.11,0.6296329005385461,0.6260693408867812,0.6225620104212191
1995-10-31,0.6600000000000001,7.73,7.07,0.6335639044581619,0.6283415756227778,0.6238372857839457
1995-11-01,0.6600000000000001,7.71,7.05,0.6369860421347028,0.6304616455959786,0.6250691205861861
1995-11-02,0.6500000000000004,7.66,7.01,0.6386706916496535,0.6317700707407097,0.6259183578621527
1995-11-03,0.6500000000000004,7.67,7.02,0.6401372642338504,0.6329908745677,0.6267386669988859
1995-11-06,0.6600000000000001,7.69,7.03,0.6427084841901765,0.6347995948991082,0.6278716701057571
1995-11-07,0.6700000000000008,7.73,7.06,0.6462413555385532,0.6371568607254074,0.6293067156782202
1995-11-08,0.6600000000000001,7.67,7.01,0.6480224043138965,0.6386865974265349,0.6303522416195735
1995-11-09,0.6699999999999999,7.71,7.04,0.6508673916955681,0.6407835623216834,0.6317027898199116
1995-11-10,0.6699999999999999,7.74,7.07,0.6533440970632527,0.6427400997509516,0.6330073333905821
1995-11-13,0.6700000000000008,7.69,7.02,0.6555001943162092,0.6445656137216355,0.6342674394181582
1995-11-14,0.6700000000000008,7.69,7.02,0.6573771859942917,0.6462688784827949,0.6354846216084911
1995-11-15,0.6700000000000008,7.73,7.06,0.6590112021569486,0.6478580806982787,0.636660342105054
1995-11-16,0.6699999999999999,7.67,7.0,0.6604336958477843,0.6493408587955484,0.6377960132453456
1995-11-17,0.6799999999999997,7.67,6.99,0.6629665428986653,0.651394009764061,0.6392336359682164
1995-11-20,0.6800000000000006,7.69,7.01,0.6651715143255528,0.6533096673542892,0.640622287983525
1995-11-21,0.6799999999999997,7.72,7.04,0.6670910534432813,0.6550970390864599,0.6419636374133465
1995-11-22,0.6799999999999997,7.72,7.04,0.668762109303489,0.6567647158807154,0.6432592955573936
1995-11-23,0.6799999999999997,7.72,7.04,0.670216847923892,0.6583207133489761,0.6445108188285961
1995-11-24,0.6700000000000008,7.69,7.02,0.670188777082294,0.6591028402369794,0.6453790739119938
1995-11-27,0.6699999999999999,7.65,6.98,0.6701643399953283,0.6598325904270543,0.6462177530398213
1995-11-28,0.6699999999999999,7.66,6.99,0.6701430662755052,0.6605134714299745,0.6470278636777009
1995-11-29,0.6699999999999999,7.65,6.98,0.6701245464267298,0.6611487558690097,0.6478103789732773
1995-11-30,0.6800000000000006,7.57,6.89,0.6714029183289849,0.6624111672942715,0.6489068756359655
1995-12-01,0.6799999999999997,7.54,6.86,0.6725158057085949,0.6635890388029336,0.6499660215970009
1995-12-04,0.6699999999999999,7.46,6.79,0.6721901360767608,0.6640183616956747,0.6506484524476475
1995-12-05,0.6699999999999999,7.47,6.8,0.6719066241953193,0.6644189341186242,0.651307637198266
1995-12-06,0.6800000000000006,7.48,6.8,0.6729543071342681,0.6654623514893679,0.6522850044071133
1995-12-07,0.6799999999999997,7.51,6.83,0.6738663681069256,0.6664358943202143,0.6532290789008388
1995-12-08,0.6699999999999999,7.49,6.82,0.6733658689333941,0.6666745718154362,0.6538003580407881
1995-12-11,0.6500000000000004,7.46,6.81,0.6703411703618697,0.6655579256235518,0.6536709038945189
1995-12-12,0.6699999999999999,7.49,6.82,0.6702970060507056,0.6658553980559134,0.6542271328532105
1995-12-13,0.6699999999999999,7.51,6.84,0.670258558784744,0.6661329496493796,0.654764414611611
1995-12-14,0.6600000000000001,7.5,6.84,0.6689305941286654,0.6657222443583053,0.6549427578701669
1995-12-15,0.6599999999999993,7.52,6.86,0.6677745337492786,0.6653390427719341,0.655115026102625
1995-12-18,0.6699999999999999,7.59,6.92,0.668062619101838,0.6656511731340725,0.6556220629574274
1995-12-19,0.6699999999999999,7.53,6.86,0.6683134119677858,0.665942401059608,0.6561118282755849
1995-12-20,0.6699999999999999,7.53,6.86,0.6685317398385073,0.6662141263221895,0.6565849103890407
1995-12-21,0.6699999999999999,7.54,6.87,0.6687218052893473,0.6664676549568119,0.6570418775889921
1995-12-22,0.6699999999999999,7.49,6.82,0.6688872668746391,0.666704205537214,0.6574832788085523
1995-12-25,0.6699999999999999,7.49,6.82,0.6690313095509188,0.6669249150328963,0.6579096442821571
1995-12-26,0.6699999999999999,7.47,6.8,0.6691567059838928,0.6671308442739133,0.6583214861825114
1995-12-27,0.6700000000000008,7.44,6.77,0.6692658699192537,0.6673229830497045,0.6587192992358369
1995-12-28,0.6699999999999999,7.41,6.74,0.6693609026446736,0.667502254866471,0.6591035613161647
1995-12-29,0.6699999999999999,7.38,6.71,0.6694436334373195,0.6676695213859669,0.6594747340193814
1996-01-01,0.6699999999999999,7.38,6.71,0.6695156547754593,0.6678255865670362,0.6598332632177237
1996-01-02,0.6600000000000001,7.38,6.72,0.6682838586249076,0.6673015304451719,0.6598389428846313
1996-01-03,0.6600000000000001,7.37,6.71,0.6672115177921788,0.6668125687940558,0.6598444290812335
1996-01-04,0.6600000000000001,7.44,6.78,0.6662779908762013,0.6663563514419681,0.6598497283978393
1996-01-05,0.7000000000000002,7.5,6.8,0.6706432859618001,0.6686093659396866,0.6612173940432734
1996-01-08,0.6900000000000004,7.49,6.8,0.6731490016904832,0.6700418327118367,0.6621978352652691
1996-01-09,0.6699999999999999,7.46,6.79,0.6727413651954706,0.6700390313002691,0.6624636056384672
1996-01-10,0.6699999999999999,7.57,6.9,0.6723864970151172,0.6700364174908536,0.662720322897091
1996-01-11,0.6599999999999993,7.56,6.9,0.670783071953776,0.6693643086358034,0.6626276587127063
1996-01-12,0.6500000000000004,7.54,6.89,0.6680927149963836,0.6680675388155057,0.6621975142998675
1996-01-15,0.6600000000000001,7.55,6.89,0.6670451175986968,0.6675272798753706,0.6621226588955739
1996-01-16,0.6600000000000001,7.5,6.84,0.6661331310940329,0.6670232004602519,0.6620503533411503
1996-01-17,0.6499999999999995,7.43,6.78,0.6640447063616405,0.6658832076509595,0.6616398740685979
1996-01-18,0.6499999999999995,7.39,6.74,0.6622266270344547,0.6648195567497751,0.6612433772269689
1996-01-19,0.6499999999999995,7.38,6.73,0.6606438970520561,0.6638271353674922,0.6608603865233356
1996-01-22,0.6600000000000001,7.45,6.79,0.6605605449413722,0.6635708435609475,0.6608310785998072
1996-01-23,0.6500000000000004,7.48,6.83,0.6591934883474256,0.6626620447653488,0.6604621323009943
1996-01-24,0.6600000000000001,7.45,6.79,0.6592978908265466,0.6624837755910183,0.6604463903783
1996-01-25,0.6500000000000004,7.49,6.84,0.6580942840965159,0.6616477744853619,0.660090547972531
1996-01-26,0.6499999999999995,7.47,6.82,0.6570464835797007,0.6608677578728234,0.6597468268654265
1996-01-29,0.6400000000000006,7.49,6.85,0.6548398258825268,0.6594703065547463,0.6590741774503046
1996-01-30,0.6400000000000006,7.44,6.8,0.6529188187812502,0.6581664383709137,0.6584244409436083
1996-01-31,0.6399999999999997,7.42,6.78,0.651246484967138,0.6569498863387826,0.6577968368475616
1996-02-01,0.6399999999999997,7.46,6.82,0.6497906338232433,0.6558148031568831,0.6571906112510081
1996-02-02,0.6299999999999999,7.5,6.87,0.6472287474228118,0.6540860630154004,0.6562643992130214
1996-02-05,0.6299999999999999,7.52,6.89,0.6449984957738154,0.6524730914296031,0.6553697373572425
1996-02-06,0.6299999999999999,7.49,6.86,0.6430569489444895,0.6509681357256427,0.6545055509686423
1996-02-07,0.6400000000000006,7.49,6.85,0.6426612286255928,0.6502336324876782,0.6540114386516825
1996-02-08,0.6399999999999997,7.51,6.87,0.6423167340790696,0.6495483167342666,0.653534157614162
1996-02-09,0.6299999999999999,7.5,6.87,0.6407223397905026,0.6482392244420818,0.6527324978101624
1996-02-12,0.6300000000000008,7.44,6.81,0.6393343389444747,0.6470177981445069,0.6519581454820403
1996-02-13,0.6299999999999999,7.42,6.79,0.6381260140261094,0.6458781671121387,0.6512101704369198
1996-02-14,0.6299999999999999,7.46,6.83,0.6370741060877817,0.6448148537607601,0.6504876741677086
1996-02-15,0.6499999999999995,7.55,6.9,0.6387473557736123,0.6451620874928461,0.6504710621952678
1996-02-16,0.6499999999999995,7.63,6.98,0.6402040042301472,0.6454860680206568,0.6504550160875923
1996-02-19,0.6499999999999995,7.63,6.98,0.6414720903645081,0.6457883525417197,0.6504395165692506
1996-02-20,0.6399999999999997,7.76,7.12,0.6412815290960454,0.6454007238880705,0.650083908310652
1996-02-21,0.6399999999999997,7.76,7.12,0.6411156358764427,0.6450390535657506,0.6497404133748059
1996-02-22,0.6399999999999997,7.75,7.11,0.6409712174406705,0.6447016032229665,0.6494086191374705
1996-02-23,0.6399999999999997,7.81,7.17,0.6408454938900587,0.6443867509201435,0.6490881270299004
1996-02-26,0.6400000000000006,7.82,7.18,0.6407360451822541,0.6440929833341484,0.6487785520600646
1996-02-27,0.6500000000000004,7.87,7.22,0.6419352589150615,0.6444885585692028,0.648820159060926
1996-02-28,0.6600000000000001,7.88,7.22,0.6442737294727082,0.6455273133987753,0.6492009854853472
1996-02-29,0.6600000000000001,7.91,7.25,0.6463094863339189,0.6464965059248846,0.6495688395637101
1996-03-01,0.6599999999999993,7.81,7.15,0.6480817156161798,0.6474007945268955,0.6499241631817441
1996-03-04,0.6800000000000006,7.78,7.1,0.6522135195502194,0.6495838657957063,0.6509486565944312
1996-03-05,0.6799999999999997,7.81,7.13,0.6558104637924267,0.6516207433123827,0.6519382520004899
1996-03-06,0.6899999999999995,7.88,7.19,0.6602362799956638,0.6541908873197934,0.6532347748648907
1996-03-07,0.6900000000000004,7.9,7.21,0.664089176784437,0.6565889164717083,0.654487133400897
1996-03-08,0.6999999999999993,8.12,7.42,0.6687378126212641,0.6594960268697437,0.6560374687184163
1996-03-11,0.6800000000000006,8.06,7.38,0.670195696433495,0.6608691166118867,0.6568537205021203
1996-03-12,0.6799999999999997,8.1,7.42,0.6714648580074528,0.6621502546416468,0.6576421677535498
1996-03-13,0.6799999999999997,8.08,7.4,0.6725697273305756,0.6633455986901254,0.6584037575971464
1996-03-14,0.6799999999999997,8.08,7.4,0.6735315719421887,0.6644608941235932,0.6591394048948166
1996-03-15,0.6799999999999997,8.16,7.48,0.6743689063106318,0.665501501558329,0.6598499933449116
1996-03-18,0.6900000000000004,8.15,7.46,0.6763923425837861,0.6671420927108079,0.6608770132545243
1996-03-19,0.6899999999999995,8.12,7.43,0.6781538461711742,0.6686728183816941,0.6618690490957482
1996-03-20,0.6899999999999995,8.1,7.41,0.6796873241114232,0.6701010359336232,0.6628272925543819
1996-03-21,0.7100000000000009,8.06,7.35,0.6836112829301867,0.6727729501979289,0.6644341681445339
1996-03-22,0.71,8.09,7.38,0.6870272874902119,0.6752659343570838,0.6659863076531244
1996-03-25,0.6999999999999993,8.02,7.32,0.6887065978171253,0.6769223007403221,0.6671449388812798
1996-03-26,0.6999999999999993,8.03,7.33,0.6901685223681687,0.678467745221956,0.6682641028763819
1996-03-27,0.6999999999999993,8.12,7.42,0.691441201609576,0.6799096959099088,0.6693451440372757
1996-03-28,0.7000000000000002,8.17,7.47,0.6925491332400785,0.6812550834739382,0.6703893609676462
1996-03-29,0.6999999999999993,8.12,7.42,0.6935136437451059,0.6825103744575808,0.6713980080359695
1996-04-01,0.6999999999999993,8.1,7.4,0.6943532989085626,0.683681602359298,0.6723722968823265
1996-04-02,0.7100000000000009,8.06,7.35,0.6963787555511232,0.6854440667168405,0.6736540345846405
1996-04-03,0.71,8.08,7.37,0.6981420179722361,0.6870885041088355,0.6748921115954583
1996-04-04,0.6999999999999993,8.1,7.4,0.698382532699136,0.6879531483634516,0.6757473784474622
1996-04-05,0.71,8.25,7.54,0.6998864072971585,0.689429560063583,0.6769141484814897
1996-04-08,0.7000000000000002,8.34,7.64,0.6999011118085551,0.6901374308042647,0.6777005373341061
1996-04-09,0.7000000000000002,8.26,7.56,0.6999139128292343,0.6907978975590643,0.6784601388955097
1996-04-10,0.7000000000000002,8.33,7.63,0.6999250567649974,0.6914141348311056,0.6791938656391776
1996-04-11,0.7000000000000002,8.34,7.64,0.6999347581245533,0.6919891045365347,0.6799025989563902
1996-04-12,0.7100000000000009,8.22,7.51,0.7012376980156182,0.6931952403254663,0.6809278269257567
1996-04-15,0.6999999999999993,8.19,7.49,0.7010774787046868,0.6936509347241807,0.6815774951560462
1996-04-16,0.7000000000000002,8.16,7.46,0.7009379996933047,0.6940761126322399,0.682205033301431
1996-04-17,0.6899999999999995,8.19,7.5,0.6995220817943392,0.6938031475630997,0.6824705584830928
1996-04-18,0.6900000000000004,8.22,7.53,0.6982894536698138,0.6935484621480549,0.6827270389023044
1996-04-19,0.6799999999999997,8.18,7.5,0.6959218941946347,0.6926411621687228,0.6826341459461271
1996-04-22,0.6800000000000006,8.13,7.45,0.6938608139598805,0.6917946213547854,0.6825444172650543
1996-04-23,0.6699999999999999,8.16,7.49,0.690772045033478,0.6903351007620674,0.6821171083615081
1996-04-24,0.6799999999999997,8.18,7.5,0.6893776098717455,0.689642989981866,0.6820449918786512
1996-04-25,0.6899999999999995,8.18,7.49,0.689458177923258,0.6896668978747718,0.6823159686586969
1996-04-26,0.6799999999999997,8.17,7.49,0.6882338221188472,0.689019534642979,0.6822370782640867
1996-04-29,0.6799999999999997,8.2,7.52,0.6871679584836424,0.6884155233902086,0.6821608751659296
1996-04-30,0.6799999999999997,8.27,7.59,0.6862400702956181,0.6878519609641143,0.6820872678250429
1996-05-01,0.6799999999999988,8.29,7.61,0.6854322967108576,0.6873261386277777,0.6820161678204049
1996-05-02,0.6799999999999997,8.43,7.75,0.6847290889616287,0.6868355290402888,0.6819474897429383
1996-05-03,0.6800000000000006,8.48,7.8,0.6841169110594234,0.6863777741091974,0.6818811510929126
1996-05-06,0.6800000000000006,8.46,7.78,0.6835839792418211,0.6859506736564506,0.681817072180841
1996-05-07,0.6799999999999997,8.45,7.77,0.683120035147809,0.6855521748433373,0.6817551760317531
1996-05-08,0.6800000000000006,8.38,7.7,0.6827161483554288,0.6851803623036145,0.6816953882927285
1996-05-09,0.6800000000000006,8.39,7.71,0.6823645444808144,0.684833448937386,0.6816376371435804
1996-05-10,0.6800000000000006,8.32,7.64,0.6820584555297118,0.6845097673214897,0.6815818532105811
1996-05-13,0.6799999999999988,8.29,7.61,0.6817919896209105,0.6842077616951044,0.6815279694831266
1996-05-14,0.6800000000000006,8.24,7.56,0.6815600175739045,0.6839259804820573,0.6814759212332405
1996-05-15,0.6800000000000006,8.23,7.55,0.6813580741777144,0.6836630693138891,0.6814256459378186
1996-05-16,0.6699999999999999,8.27,7.6,0.6798877778733685,0.6827480944355127,0.6810364464927716
1996-05-17,0.6800000000000006,8.22,7.54,0.6799023049644467,0.6825640627721921,0.6810011413203549
1996-05-20,0.6699999999999999,8.19,7.52,0.678620457164729,0.6817226850741945,0.6806264020609671
1996-05-21,0.6800000000000006,8.21,7.53,0.6787990382076637,0.6816073220082516,0.6806050645072016
1996-05-22,0.6699999999999999,8.18,7.51,0.6776600076681458,0.68083001437709,0.6802438170780974
1996-05-23,0.6700000000000008,8.23,7.56,0.6766684239903571,0.680104760712643,0.679894875062595
1996-05-24,0.6700000000000008,8.21,7.54,0.6758052002611029,0.679428075116481,0.6795578192931331
1996-05-27,0.6700000000000008,8.21,7.54,0.6750537203573501,0.678796705130364,0.679232244880536
1996-05-28,0.660000000000001,8.21,7.55,0.6731050247367936,0.6775379460188189,0.6785771240168887
1996-05-29,0.6599999999999993,8.27,7.61,0.6714085866666252,0.6763634822393496,0.6779443189748551
1996-05-30,0.6599999999999993,8.27,7.61,0.6699317515490432,0.6752676687857397,0.6773330695956279
1996-05-31,0.6600000000000001,8.33,7.67,0.6686460919055367,0.6742452386809519,0.6767426416141996
1996-06-03,0.6599999999999993,8.35,7.69,0.6675268601786749,0.6732912776616443,0.6761723257773243
1996-06-04,0.6599999999999993,8.35,7.69,0.6665525123683965,0.6724012005579904,0.6756214369915253
1996-06-05,0.6799999999999997,8.33,7.65,0.6682932820673899,0.6729100694245335,0.6757705869216278
1996-06-06,0.6799999999999997,8.25,7.57,0.6698087101094173,0.6733848608653842,0.6759146562575705
1996-06-07,0.6799999999999997,8.41,7.73,0.6711279668450391,0.6738278569437972,0.6760538180630417
1996-06-10,0.6799999999999997,8.43,7.75,0.6722764465393668,0.674241186900078,0.6761882395065449
1996-06-11,0.6899999999999995,8.45,7.76,0.6745707505512367,0.6752965074703102,0.6766587187729628
1996-06-12,0.7000000000000002,8.51,7.81,0.6778625525681815,0.6769508264636164,0.6774538084991533
1996-06-13,0.6899999999999995,8.51,7.82,0.6794337383012533,0.677824690578265,0.6778811778396839
1996-06-14,0.6999999999999993,8.44,7.74,0.6820960292932605,0.6793097047119842,0.6786346261223227
1996-06-17,0.7000000000000002,8.4,7.7,0.6844136882160107,0.6806952718916426,0.6793624091904896
1996-06-18,0.6999999999999993,8.43,7.73,0.6864313274967391,0.6819880517822545,0.6800654012956084
1996-06-19,0.6999999999999993,8.44,7.74,0.6881877845091056,0.6831942580709909,0.68074444690889
1996-06-20,0.7000000000000011,8.46,7.76,0.6897168691506268,0.6843196883329812,0.6814003617357558
1996-06-21,0.7000000000000011,8.46,7.76,0.6910480146466306,0.685369751897092,0.6820339336957059
1996-06-24,0.7000000000000002,8.42,7.72,0.6922068441080057,0.686349495845618,0.6826459238688097
1996-06-25,0.7000000000000002,8.4,7.7,0.69321566374837,0.6872636292728513,0.6832370674099558
1996-06-26,0.6900000000000004,8.38,7.69,0.6927993978875144,0.6874468758344948,0.6834674377212064
1996-06-27,0.7000000000000002,8.34,7.64,0.6937315117749044,0.6882875210067256,0.6840305974847007
1996-06-28,0.7000000000000002,8.24,7.54,0.694542964044628,0.6890718706865933,0.6845745739592486
1996-07-01,0.7000000000000002,8.24,7.54,0.6952493742751238,0.689803694814811,0.6851000205980948
1996-07-02,0.7000000000000002,8.26,7.56,0.6958643400992001,0.6904865108704408,0.6856075685954679
1996-07-03,0.6999999999999993,8.27,7.57,0.6963996989437574,0.6911236007774945,0.6860978276448035
1996-07-04,0.6999999999999993,8.27,7.57,0.6968657558874524,0.6917180266793507,0.686571386671141
1996-07-05,0.7000000000000002,8.49,7.79,0.6972714820223141,0.6922726456568065,0.6870288145385707
1996-07-08,0.6900000000000004,8.49,7.8,0.6963301927705233,0.6921204533758734,0.6871300240228322
1996-07-09,0.6900000000000013,8.46,7.77,0.6955107528821523,0.6919784529567055,0.6872277859405121
1996-07-10,0.6999999999999993,8.44,7.74,0.696091883392782,0.6925156319654416,0.687662854439136
1996-07-11,0.7000000000000011,8.38,7.68,0.6965977868861597,0.6930168377029536,0.6880831029075276
1996-07-12,0.6899999999999995,8.34,7.65,0.695743707090254,0.6928148091069678,0.6881483994595705
1996-07-15,0.6900000000000004,8.38,7.69,0.6950001874428287,0.6926263097616793,0.6882114717713423
1996-07-16,0.71,8.34,7.63,0.6969419047290182,0.6937897738229057,0.6889536690301351
1996-07-17,0.71,8.34,7.63,0.6986322678062723,0.6948753241764974,0.6896705843256314
1996-07-18,0.7299999999999995,8.26,7.53,0.7026928030694284,0.6972275186396368,0.6910443522758163
1996-07-19,0.7199999999999989,8.29,7.57,0.7049332099630138,0.6987525235916241,0.6920306879356609
1996-07-22,0.7199999999999998,8.34,7.62,0.7068835974462372,0.7001754035240852,0.6929834253820188
1996-07-23,0.7200000000000006,8.3,7.58,0.7085815083684032,0.7015029974440673,0.6939037090933832
1996-07-24,0.7199999999999989,8.37,7.65,0.7100596256781212,0.702741686370774,0.6947926445631076
1996-07-25,0.7199999999999998,8.36,7.64,0.7113464015347141,0.7038974240056428,0.6956512996273844
1996-07-26,0.7199999999999998,8.34,7.62,0.7124666049815068,0.7049757653485361,0.6964807057479846
1996-07-29,0.71,8.4,7.69,0.7121473043560798,0.7053122233129617,0.6969412225405535
1996-07-30,0.7200000000000006,8.38,7.66,0.7131638313837922,0.7062958197786682,0.6977266891513273
1996-07-31,0.7200000000000006,8.3,7.58,0.7140487695603731,0.7072135477315313,0.6984853998858312
1996-08-01,0.7299999999999995,8.19,7.46,0.7161136473555165,0.7087394882734399,0.6995589028581853
1996-08-02,0.7400000000000002,8.08,7.34,0.719205722250255,0.7108329112267963,0.7009364750891425
1996-08-05,0.7199999999999998,8.08,7.36,0.7193085410575459,0.7114468037382542,0.7015858487312389
1996-08-06,0.7300000000000004,8.08,7.35,0.7206925443951894,0.7126892557893338,0.7025537390339376
1996-08-07,0.7299999999999995,8.09,7.36,0.7218973892803784,0.7138485045433937,0.7034886594397284
1996-08-08,0.7299999999999995,8.11,7.38,0.7229462676738642,0.7149301218763294,0.7043917330243349
1996-08-09,0.7299999999999995,8.04,7.31,0.7238593693501424,0.7159393065321765,0.7052640446073987
1996-08-12,0.7400000000000011,8.05,7.31,0.7259487648958118,0.7175505791952665,0.7064472787663735
1996-08-13,0.7299999999999995,8.09,7.36,0.7264731949980039,0.7183842796636589,0.7072495709154005
1996-08-14,0.7300000000000004,8.14,7.41,0.7269297379188768,0.7191621497057288,0.7080245340485569
1996-08-15,0.7000000000000002,8.15,7.45,0.7234436985146953,0.7178789178642122,0.7077511889601955
1996-08-16,0.6999999999999993,8.11,7.41,0.7204089249477125,0.7166816202202867,0.707487155009014
1996-08-19,0.7100000000000009,8.13,7.42,0.7190614954765382,0.716234172102447,0.7075727517342498
1996-08-20,0.7100000000000009,8.14,7.43,0.7178884899914056,0.7158166882465015,0.7076554327207921
1996-08-21,0.6999999999999993,8.18,7.48,0.7155728350385352,0.7147574919508383,0.7073946605786531
1996-08-22,0.6999999999999993,8.19,7.49,0.7135569403149143,0.7137692268624709,0.7071427712929894
1996-08-23,0.6899999999999995,8.26,7.57,0.7105075076606818,0.7121774728460082,0.7065588255703484
1996-08-26,0.6900000000000004,8.32,7.63,0.7078528223458062,0.7106923138342374,0.7059947711827292
1996-08-27,0.6900000000000004,8.31,7.62,0.7055417845495673,0.709306611478577,0.7054499305582385
1996-08-28,0.6900000000000004,8.32,7.63,0.7035299092942529,0.7080137054642957,0.7049236492055686
1996-08-29,0.6899999999999995,8.36,7.67,0.7017784701574572,0.7068073814980147,0.7044152949277891
1996-08-30,0.6799999999999997,8.44,7.76,0.6989592594633022,0.7050121713543611,0.703583620352166
1996-09-02,0.6799999999999997,8.44,7.76,0.6965049940054551,0.7033371810635908,0.7027802756657285
1996-09-03,0.6800000000000006,8.4,7.72,0.6943684318286482,0.7017743598617983,0.7020042958484498
1996-09-04,0.6799999999999997,8.44,7.76,0.6925084464221115,0.7003161961206525,0.7012547487524279
1996-09-05,0.6800000000000006,8.46,7.78,0.6908892350787286,0.698955681243101,0.7005307339821402
1996-09-06,0.6899999999999995,8.42,7.73,0.6907741240986898,0.6983559460615006,0.7001720185235926
1996-09-09,0.6900000000000004,8.41,7.72,0.6906739141701755,0.6977963733508822,0.6998255222304346
1996-09-10,0.6899999999999995,8.45,7.76,0.6905866763604595,0.6972742735507114,0.6994908288730354
1996-09-11,0.6899999999999995,8.45,7.76,0.6905107314360704,0.6967871372122773,0.6991675364000737
1996-09-12,0.6900000000000004,8.4,7.71,0.6904446175393643,0.6963326229371419,0.6988552564555721
1996-09-13,0.6899999999999995,8.28,7.59,0.6903870620493449,0.6959085461233161,0.6985536139123834
1996-09-16,0.6899999999999995,8.27,7.58,0.6903369570850877,0.6955128684650708,0.698262246421568
1996-09-17,0.7000000000000002,8.32,7.62,0.6915878325472685,0.6958133582405459,0.6983214406878734
1996-09-18,0.7000000000000002,8.34,7.64,0.6926767828854834,0.6960937251146837,0.6983786185801618
1996-09-19,0.6899999999999995,8.36,7.67,0.692330274848779,0.6956856465733563,0.698093212072783
1996-09-20,0.6899999999999995,8.34,7.65,0.6920286220822393,0.6953048958311596,0.6978175275587942
1996-09-23,0.6899999999999995,8.34,7.65,0.6917660180964083,0.694949642827138,0.6975512338714105
1996-09-24,0.7000000000000002,8.32,7.62,0.6928319024156582,0.6952878501386752,0.6976346478353548
1996-09-25,0.6899999999999995,8.27,7.58,0.6924653142431508,0.6949337386336865,0.6973745837027165
1996-09-26,0.6899999999999995,8.2,7.51,0.6921461807030769,0.6946033409168492,0.6971233783091509
1996-09-27,0.6800000000000006,8.21,7.53,0.6905738644529601,0.6936253988620797,0.6965400931827326
1996-09-30,0.6800000000000006,8.22,7.54,0.6892050836557413,0.6927129466611686,0.6959766768890037
1996-10-01,0.6799999999999997,8.17,7.49,0.6880134907616935,0.6918615986545179,0.6954324526225827
1996-10-02,0.6800000000000006,8.14,7.46,0.6869761488965606,0.6910672628770339,0.6949067666325641
1996-10-03,0.6800000000000006,8.14,7.46,0.6860730903515385,0.6903261213902833,0.6943989874371984
1996-10-04,0.669999999999999,8.03,7.36,0.6839924378594413,0.6889649418471162,0.6935678683545708
1996-10-07,0.6800000000000006,8.07,7.39,0.6834756190274615,0.6883645865105684,0.6931056969497498
1996-10-08,0.6800000000000006,8.07,7.39,0.6830257021021593,0.6878044351749242,0.6926592687996429
1996-10-09,0.6799999999999988,8.12,7.44,0.6826340266694009,0.6872817954985145,0.6922280476311998
1996-10-10,0.6699999999999999,8.16,7.49,0.6809985590337451,0.6861244853531063,0.6914708787280478
1996-10-11,0.6799999999999997,8.1,7.42,0.6808692961293111,0.6857143468906322,0.6910801384881127
1996-10-14,0.6799999999999997,8.1,7.42,0.6807567662350429,0.6853316741740455,0.6907027082951864
1996-10-15,0.6799999999999997,8.11,7.43,0.6806588032722,0.6849746279045091,0.6903381347602059
1996-10-16,0.6799999999999988,8.12,7.44,0.6805735215597148,0.6846414919555266,0.6899859799382035
1996-10-17,0.6800000000000006,8.07,7.39,0.6804992795168723,0.6843306651244591,0.6896458208022255
1996-10-18,0.6699999999999999,8.02,7.35,0.6791401536976167,0.6833709833517861,0.6889766120244171
1996-10-21,0.6799999999999988,8.04,7.36,0.6792514603171119,0.6831452386811377,0.6886708356650479
1996-10-22,0.6700000000000008,8.06,7.39,0.6780538639903737,0.6822649413711274,0.6880348384602555
1996-10-23,0.6699999999999999,8.08,7.41,0.6770112958335301,0.6814435949385265,0.6874205056550518
1996-10-24,0.6799999999999997,8.1,7.42,0.6773981819043541,0.6813469217040607,0.6871677359912067
1996-10-25,0.6700000000000008,8.06,7.39,0.6764404914242028,0.6805870523022738,0.6865829398792972
1996-10-28,0.6699999999999999,8.07,7.4,0.6756067734372435,0.6798780690811471,0.6860180640697897
1996-10-29,0.6699999999999999,7.95,7.28,0.674880979774066,0.6792165643453899,0.6854724300040557
1996-10-30,0.6799999999999997,7.93,7.25,0.6755436340587888,0.6792690286875025,0.6852860189484158
1996-10-31,0.6799999999999997,7.91,7.23,0.6761205081196249,0.6793179796495729,0.6851059577376599
1996-11-01,0.6800000000000006,7.94,7.26,0.6766227061582367,0.679363652512152,0.6849320300727607
1996-11-04,0.6799999999999997,7.92,7.24,0.6770598949436364,0.6794062667997562,0.6847640270226295
1996-11-05,0.6799999999999997,7.87,7.19,0.6774404898870328,0.6794460273360018,0.6846017467731376
1996-11-06,0.6600000000000001,7.86,7.2,0.6751828282953167,0.6781437850588162,0.6837637209631832
1996-11-07,0.6699999999999999,7.81,7.14,0.6745119140919551,0.67759842013586,0.683294878099523
1996-11-08,0.6699999999999999,7.82,7.15,0.6739278493542953,0.677089576670315,0.6828420057449567
1996-11-11,0.6699999999999999,7.82,7.15,0.6734193914679241,0.6766148089294335,0.6824045598853152
1996-11-12,0.6699999999999999,7.75,7.08,0.6729767531685313,0.6761718349638737,0.6819820150375498
1996-11-13,0.6799999999999997,7.77,7.09,0.6738859085146972,0.6764281957242464,0.6819145003292448
1996-11-14,0.6800000000000006,7.73,7.05,0.6746773742134257,0.6766673887714098,0.6818492854197562
1996-11-15,0.6799999999999997,7.76,7.08,0.6753663851232832,0.6768905637757593,0.6817862919694936
1996-11-18,0.6800000000000006,7.78,7.1,0.6759662039589769,0.6770987934177038,0.6817254443074006
1996-11-19,0.7000000000000002,7.75,7.05,0.6790773653183433,0.6786324187127177,0.6823479427615579
1996-11-20,0.7000000000000002,7.72,7.02,0.6817857885922448,0.6800633417096211,0.6829492366331279
1996-11-21,0.7000000000000002,7.71,7.01,0.6841436079989841,0.6813984400740807,0.6835300482280373
1996-11-22,0.6899999999999995,7.77,7.08,0.6849017146446327,0.6819744608104363,0.6837504385370695
1996-11-25,0.6900000000000004,7.75,7.06,0.6855616848120406,0.6825119071612656,0.6839633215431067
1996-11-26,0.6899999999999995,7.77,7.08,0.6861362222130362,0.6830133623377703,0.6841689529724487
1996-11-27,0.6899999999999995,7.77,7.08,0.6866363860711076,0.6834812365612261,0.684367579840419
1996-11-28,0.6899999999999995,7.77,7.08,0.687071803999492,0.6839177786476,0.6845594407480919
1996-11-29,0.7000000000000002,7.71,7.01,0.6887453516893551,0.6849947569010131,0.6850854028796654
1996-12-02,0.6900000000000004,7.73,7.04,0.6889077652064296,0.6853299430579833,0.6852528120994394
1996-12-03,0.7000000000000002,7.73,7.03,0.6903436487522445,0.686312352885375,0.6857551554573676
1996-12-04,0.6999999999999993,7.77,7.07,0.6915936579818812,0.6872289736655413,0.6862403871563846
1996-12-05,0.6899999999999995,7.85,7.16,0.691387359853828,0.6874145410095326,0.6863684533716594
1996-12-06,0.6899999999999995,7.88,7.19,0.6912077669022444,0.6875876814636284,0.6864921571815013
1996-12-09,0.6900000000000004,7.83,7.14,0.6910514221570794,0.6877492272194695,0.686611647185454
1996-12-10,0.6899999999999995,7.84,7.15,0.6909153161511075,0.687899954739312,0.6867270669212152
1996-12-11,0.6800000000000006,7.94,7.26,0.689502334623902,0.6873709184034257,0.6864979183263105
1996-12-12,0.6799999999999997,7.96,7.28,0.6882722627594661,0.686877310048322,0.6862765753737698
1996-12-13,0.6799999999999997,7.91,7.23,0.6872014230049867,0.686416757168112,0.6860627721747594
1996-12-16,0.6899999999999995,7.97,7.28,0.6875636972205635,0.6866567162211606,0.6861968886083463
1996-12-17,0.6799999999999997,8.0,7.32,0.6865845808759629,0.6862109358496411,0.6859857998331023
1996-12-18,0.6899999999999995,8.02,7.33,0.687026704957677,0.6864646781406657,0.6861225382272172
1996-12-19,0.6900000000000004,7.95,7.26,0.6874115963260602,0.6867014280695399,0.6862546188096519
1996-12-20,0.6899999999999995,7.92,7.23,0.6877466637236139,0.6869223235639235,0.6863822002425709
1996-12-23,0.6899999999999995,7.92,7.23,0.6880383568352965,0.6871284263478651,0.6865054357835237
1996-12-24,0.6900000000000004,7.91,7.22,0.6882922904379813,0.6873207270449303,0.6866244734695448
1996-12-25,0.6900000000000004,7.91,7.22,0.6885133524788385,0.6875001499395877,0.6867394562949838
1996-12-26,0.6899999999999995,7.92,7.23,0.68870579816303,0.6876675574197401,0.6868505223832776
1996-12-27,0.6900000000000004,7.87,7.18,0.688873331861807,0.6878237541217523,0.6869578051528722
1996-12-30,0.6800000000000006,7.86,7.18,0.6877246840506096,0.6872998207132671,0.6867207967667398
1996-12-31,0.7000000000000002,7.97,7.27,0.6893137167856204,0.6881503137270459,0.6871731351778178
1997-01-01,0.7000000000000002,7.97,7.27,0.69069705012818,0.6889438517679731,0.687610065282046
1997-01-02,0.7000000000000002,8.06,7.36,0.6919013117487716,0.6896842489401975,0.688032111942921
1997-01-03,0.7000000000000011,8.05,7.35,0.6929496823809336,0.6903750639287236,0.6884397821451617
1997-01-06,0.7000000000000002,8.07,7.37,0.6938623420253052,0.6910196171040666,0.688833565603726
1997-01-07,0.6799999999999988,8.12,7.44,0.6920678696587328,0.6902816663121973,0.6885326619305798
1997-01-08,0.6800000000000006,8.13,7.45,0.6905056907291941,0.6895931338772527,0.6882420081411811
1997-01-09,0.6700000000000008,8.06,7.39,0.6878512406150762,0.6882810403150743,0.6876206183761097
1997-01-10,0.6900000000000004,8.15,7.46,0.6881293963070668,0.6883961539028427,0.6877016688491082
1997-01-13,0.6799999999999997,8.11,7.43,0.6870770505343744,0.6878338885933727,0.6874393217347025
1997-01-14,0.6899999999999995,8.04,7.35,0.6874554246962135,0.6879789465942725,0.6875265478368608
1997-01-15,0.6899999999999995,8.04,7.35,0.6877848185359392,0.6881142904947983,0.6876108026977661
1997-01-16,0.6799999999999997,8.09,7.41,0.6867770781616199,0.6875709007345603,0.6873515508180515
1997-01-17,0.6900000000000004,8.08,7.39,0.6871942835781389,0.687733570245627,0.6874417667198447
1997-01-20,0.6900000000000004,8.08,7.39,0.6875574819884998,0.6878853462661694,0.6875289095368333
1997-01-21,0.7300000000000004,8.08,7.35,0.6930516420373827,0.6907056386391873,0.6889756307925737
1997-01-22,0.7000000000000002,8.08,7.38,0.6939511030616604,0.6913280542150968,0.6893511612790666
1997-01-23,0.6699999999999999,8.09,7.42,0.690850646261892,0.689899778227971,0.6886919896863342
1997-01-24,0.6500000000000004,8.15,7.5,0.6855625531143008,0.687227809441699,0.6873739984764157
1997-01-27,0.6499999999999995,8.18,7.53,0.6809590006459029,0.6847347744117506,0.6861009028855517
1997-01-28,0.6500000000000004,8.15,7.5,0.6769513754513758,0.6824086904797517,0.6848711736041422
1997-01-29,0.6300000000000008,8.14,7.51,0.6708735463467231,0.6788990372608494,0.683002059994983
1997-01-30,0.6399999999999988,8.12,7.48,0.6668769831630887,0.6762940851033921,0.6815372519677597
1997-01-31,0.6399999999999997,8.03,7.39,0.6633977728323273,0.6738635787991093,0.6801223406793642
1997-02-03,0.6400000000000006,7.98,7.34,0.6603689443190572,0.6715958362310754,0.678755626463697
1997-02-04,0.6399999999999997,7.96,7.32,0.6577321959507025,0.6694799575987873,0.6774354675515262
1997-02-05,0.6500000000000004,7.98,7.33,0.6567312675404001,0.6681754431134068,0.6765009148090579
1997-02-06,0.6399999999999997,8.0,7.36,0.6545654143819535,0.666288617975977,0.67525755965306
1997-02-07,0.6299999999999999,7.97,7.34,0.6513854353278123,0.6638584777888622,0.673715921027374
1997-02-10,0.6299999999999999,7.97,7.34,0.6486171027709599,0.6615910768202247,0.6722267962727501
1997-02-11,0.6299999999999999,7.91,7.28,0.646207129304201,0.6594755169114432,0.6707883965739575
1997-02-12,0.6299999999999999,7.92,7.29,0.6441091255451853,0.6575016297209776,0.6693989940493793
1997-02-13,0.6400000000000006,7.86,7.22,0.6435772015580157,0.6563295979353333,0.6683975563861408
1997-02-14,0.6399999999999997,7.81,7.17,0.6431141348313543,0.6552360536121973,0.6674302313660653
1997-02-17,0.6399999999999997,7.81,7.17,0.6427110118316155,0.6542157406810035,0.6664958569872963
1997-02-18,0.6400000000000006,7.82,7.18,0.6423600728771155,0.6532637550545083,0.6655933108300267
1997-02-19,0.6399999999999997,7.85,7.21,0.6420545627725927,0.6523755210575193,0.6647215087081885
1997-02-20,0.6399999999999997,7.89,7.25,0.6417886007790077,0.6515467694341239,0.6638794033670712
1997-02-21,0.6400000000000006,7.91,7.27,0.6415570674156772,0.6507735168277065,0.6630659832253044
1997-02-24,0.6399999999999997,7.93,7.29,0.6413555059158078,0.6500520466351271,0.6622802711596927
1997-02-25,0.6400000000000006,7.94,7.3,0.6411800364385578,0.6493788911430401,0.6615213233314436
1997-02-26,0.6300000000000008,8.06,7.43,0.6397327870192578,0.648081144775857,0.6604475913416278
1997-02-27,0.6299999999999999,8.08,7.45,0.6384728832220561,0.6468703046006279,0.6594104346051358
1997-02-28,0.620000000000001,8.05,7.43,0.6360815788946645,0.6450708806850292,0.6580679705238177
1997-03-03,0.6299999999999999,8.09,7.46,0.63529432193248,0.644061628890647,0.6571118724081473
1997-03-04,0.6199999999999992,8.1,7.48,0.6333144805735527,0.6424502935850888,0.655847705793453
1997-03-05,0.6299999999999999,8.09,7.46,0.6328854229303403,0.6416165346692069,0.6549672380452575
1997-03-06,0.6300000000000008,8.13,7.5,0.6325119065573555,0.6408386100937012,0.6541167622608287
1997-03-07,0.6399999999999997,8.1,7.46,0.6334812360354918,0.640782450884459,0.6536358935145297
1997-03-10,0.6399999999999997,8.09,7.45,0.6343250863587029,0.6407300524894574,0.6531714049230349
1997-03-11,0.629999999999999,8.11,7.48,0.6337652063658731,0.6400114929735853,0.6523821018073874
1997-03-12,0.6399999999999988,8.12,7.48,0.6345722968897756,0.6400107233235259,0.6519603219642014
1997-03-13,0.620000000000001,8.22,7.6,0.6326859212659126,0.6386706650453648,0.6508716360693569
1997-03-14,0.6199999999999992,8.19,7.57,0.6310437359039703,0.6374203464612584,0.6498200348127384
1997-03-17,0.6099999999999994,8.2,7.59,0.6283196361450563,0.6355840878877237,0.648463618244676
1997-03-18,0.6099999999999994,8.2,7.59,0.6259481695654587,0.6338707980576234,0.647153406204429
1997-03-19,0.6299999999999999,8.25,7.62,0.6264726767328297,0.6336115822913392,0.6465690982176627
1997-03-20,0.6200000000000001,8.24,7.62,0.6256347923757986,0.6327000553448376,0.6456640571952128
1997-03-21,0.6200000000000001,8.23,7.61,0.6249053716768082,0.6318495706310768,0.6447898451924611
1997-03-24,0.6199999999999992,8.2,7.58,0.624270374076422,0.6310560403343403,0.643945412059821
1997-03-25,0.620000000000001,8.22,7.6,0.6237175765577145,0.6303156503877012,0.6431297434196563
1997-03-26,0.6100000000000003,8.23,7.62,0.6219418439993762,0.6289551720562527,0.642001222737005
1997-03-27,0.6100000000000003,8.32,7.71,0.6203959790204514,0.6276858008887404,0.640911143611689
1997-03-28,0.6100000000000003,8.32,7.71,0.6190502253922687,0.6265014357109457,0.6398581965831436
1997-03-31,0.6100000000000003,8.32,7.71,0.6178786788131965,0.625396383926036,0.6388411167958381
1997-04-01,0.6100000000000003,8.31,7.7,0.6168587882788574,0.6243653341533586,0.6378586824798647
1997-04-02,0.6100000000000003,8.31,7.7,0.6159709219996883,0.623403330699534,0.6369097134832834
1997-04-03,0.6100000000000003,8.31,7.7,0.615197989510226,0.6225057497391433,0.6359930698544622
1997-04-04,0.620000000000001,8.38,7.76,0.6158196070631734,0.6223379471751556,0.6354482871834579
1997-04-07,0.6200000000000001,8.34,7.72,0.6163607565740464,0.6221813818468904,0.6349220618101661
1997-04-08,0.6199999999999992,8.35,7.73,0.6168318545855643,0.6220353012302883,0.6344137616049015
1997-04-09,0.6199999999999992,8.35,7.73,0.6172419692248589,0.6218990031955743,0.6339227759706364
1997-04-10,0.6099999999999994,8.35,7.74,0.616304500388074,0.6211021625478728,0.6331078783987679
1997-04-11,0.6000000000000005,8.4,7.8,0.6141938919970998,0.6196890138499378,0.6319801025189961
1997-04-14,0.6000000000000005,8.4,7.8,0.6123565006734397,0.6183704994928172,0.6308907428258392
1997-04-15,0.6100000000000003,8.33,7.72,0.6120514529886707,0.6178099521824405,0.6301791274337043
1997-04-16,0.6099999999999994,8.34,7.73,0.6117858935548628,0.6172869430485418,0.6294917522742189
1997-04-17,0.6200000000000001,8.31,7.69,0.6128492050072115,0.6174686283563712,0.6291684283468231
1997-04-18,0.6200000000000001,8.32,7.7,0.6137748713910128,0.6176381467426535,0.6288561180193407
1997-04-21,0.6099999999999994,8.35,7.74,0.6132862164158166,0.6171266429050951,0.6282138094173756
1997-04-22,0.6100000000000003,8.31,7.7,0.6128608175519021,0.6166493929493554,0.6275933802043566
1997-04-23,0.5999999999999996,8.34,7.74,0.6111959919642571,0.6155344329108089,0.6266534483772238
1997-04-24,0.5999999999999996,8.36,7.76,0.6097466771111428,0.6144941384105999,0.6257455340786835
1997-04-25,0.6000000000000005,8.39,7.79,0.608484975249371,0.6135235093209905,0.624868546674173
1997-04-28,0.6000000000000005,8.38,7.78,0.6073865999828937,0.6126178803578397,0.6240214326801469
1997-04-29,0.6200000000000001,8.26,7.64,0.6090193975100288,0.6131122388263925,0.6238844479200795
1997-04-30,0.620000000000001,8.22,7.6,0.6104408303170248,0.6135734915871981,0.6237521293638214
1997-05-01,0.620000000000001,8.21,7.59,0.6116782594478428,0.6140038556304671,0.6236243180633408
1997-05-02,0.620000000000001,8.21,7.59,0.6127555040747155,0.6144053994812082,0.6235008604849596
1997-05-05,0.6099999999999994,8.18,7.57,0.6123988056244083,0.6141103830568664,0.6230409716141683
1997-05-06,0.6299999999999999,8.16,7.53,0.6146772703216441,0.6151744631691741,0.6232780216681059
1997-05-07,0.620000000000001,8.22,7.6,0.6153662946802344,0.6154976149349636,0.6231663602162264
1997-05-08,0.6200000000000001,8.18,7.56,0.6159661252237298,0.6157991261937183,0.6230585023633154
1997-05-09,0.6299999999999999,8.17,7.54,0.6177828024082908,0.6167501162300884,0.6232949552555804
1997-05-12,0.6299999999999999,8.16,7.53,0.6193643117546375,0.6176374213086443,0.6235233536942986
1997-05-13,0.6199999999999992,8.19,7.57,0.6194466012399188,0.6177956361358632,0.6234033353329745
1997-05-14,0.6200000000000001,8.17,7.55,0.6195182383976839,0.6179432557894088,0.6232874052376336
1997-05-15,0.6100000000000003,8.15,7.54,0.6182861077986905,0.6174113197117341,0.6228347874361766
1997-05-16,0.6100000000000003,8.17,7.56,0.6172134758116825,0.616915005801875,0.6223975874586312
1997-05-19,0.6200000000000001,8.18,7.56,0.617574189798222,0.6171215986344497,0.6223159168280664
1997-05-20,0.6200000000000001,8.18,7.56,0.6178882095623927,0.617314356563057,0.6222370281989977
1997-05-21,0.6200000000000001,8.23,7.61,0.6181615796449775,0.6174942060698279,0.6221608268062412
1997-05-22,0.6200000000000001,8.25,7.63,0.6183995621243601,0.6176620115931567,0.622087221112663
1997-05-23,0.6100000000000003,8.25,7.64,0.6173122435388025,0.6171489095979527,0.6216754859884687
1997-05-26,0.6100000000000003,8.25,7.64,0.6163656777316631,0.616670168508404,0.6212777760741149
1997-05-27,0.5999999999999988,8.29,7.69,0.614247149968022,0.6155538171928187,0.6205529769087154
1997-05-28,0.6099999999999994,8.28,7.67,0.6136973587970647,0.6151818946698642,0.6201935037744332
1997-05-29,0.6100000000000003,8.25,7.64,0.6132187377834926,0.614834878685652,0.6198462756147576
1997-05-30,0.6099999999999994,8.18,7.57,0.612802073990522,0.6145111013237914,0.6195108753209011
1997-06-02,0.6200000000000001,8.16,7.54,0.6137338414578851,0.6148786764478946,0.6195275367030847
1997-06-03,0.620000000000001,8.14,7.52,0.6145449921514592,0.6152216361655513,0.619543630537426
1997-06-04,0.6100000000000012,8.13,7.52,0.6139566454776295,0.6148719588122612,0.6192185394459364
1997-06-05,0.620000000000001,8.14,7.52,0.6147389543163523,0.6152153683898802,0.6192451588612083
1997-06-06,0.6300000000000008,8.06,7.43,0.6167144880836127,0.6162054509400404,0.6196115082322257
1997-06-09,0.6299999999999999,8.1,7.47,0.6184342901175117,0.6171292306236846,0.6199653783987701
1997-06-10,0.6199999999999992,8.12,7.5,0.6186369703798414,0.6173214774608042,0.6199665577376064
1997-06-11,0.6299999999999999,8.1,7.47,0.6201079081634204,0.6181705201869873,0.6203083336145842
1997-06-12,0.5999999999999996,8.01,7.41,0.6175049507783724,0.6169536948078447,0.6196165572182525
1997-06-13,0.6099999999999994,7.97,7.36,0.6165334391276218,0.6164880266687972,0.6192889819762945
1997-06-16,0.6100000000000003,7.95,7.34,0.6156876891128122,0.6160535429319585,0.618972565149631
1997-06-17,0.6099999999999994,7.97,7.36,0.6149514209610119,0.6156481552712016,0.6186669266416734
1997-06-18,0.6100000000000003,7.94,7.33,0.614310462306725,0.6152699152093536,0.618371699303319
1997-06-19,0.6100000000000003,7.94,7.33,0.6137524753891863,0.6149170047529284,0.6180865284919107
1997-06-20,0.6099999999999994,7.89,7.28,0.6132667195638108,0.6145877276540255,0.6178110716452223
1997-06-23,0.6100000000000003,7.94,7.33,0.612843844556406,0.6142805012573915,0.6175449978699551
1997-06-24,0.5999999999999996,7.93,7.33,0.611181216113467,0.6133241788088292,0.6169473508334987
1997-06-25,0.5899999999999999,7.96,7.37,0.6084393196188755,0.6117622283291413,0.6160294251383597
1997-06-26,0.5899999999999999,8.0,7.41,0.6060523600810094,0.6103048770004458,0.6151427673621712
1997-06-27,0.5999999999999996,7.97,7.37,0.6052688854777937,0.6096147902151448,0.6146269491155787
1997-06-30,0.5800000000000001,8.01,7.43,0.6019978424865586,0.6076315763081714,0.6134474281105695
1997-07-01,0.5899999999999999,7.96,7.37,0.6004447285350117,0.6064508423883227,0.6126487226318528
1997-07-02,0.5900000000000007,7.94,7.35,0.5990926643096296,0.6053491786868773,0.6118772239938489
1997-07-03,0.6000000000000005,7.86,7.26,0.5992101184036495,0.6049909601924821,0.6114726421424366
1997-07-04,0.6000000000000005,7.86,7.26,0.5993123681313599,0.6046567305190327,0.6110818418341337
1997-07-07,0.6000000000000005,7.82,7.22,0.599401381689415,0.6043448832069538,0.6107043536189889
1997-07-08,0.5999999999999996,7.81,7.21,0.5994788724925209,0.6040539193764621,0.6103397240382396
1997-07-09,0.6000000000000005,7.78,7.18,0.599546332154815,0.6037824405232695,0.6099875150795931
1997-07-10,0.5999999999999996,7.79,7.19,0.5996050592018248,0.6035291417967361,0.6096473036510638
1997-07-11,0.6099999999999994,7.77,7.16,0.6009506784327188,0.6039624758127982,0.6096593177834833
1997-07-14,0.6000000000000005,7.78,7.18,0.6008276136451168,0.6036971206615074,0.6093302859596963
1997-07-15,0.5899999999999999,7.78,7.19,0.5994259851579092,0.6027798654662468,0.6086718254569765
1997-07-16,0.6000000000000005,7.73,7.13,0.5995002910558777,0.6025937061920421,0.6083764312469889
1997-07-17,0.6100000000000003,7.73,7.12,0.6008594724642491,0.6030896835321605,0.6084317359589595
1997-07-18,0.6200000000000001,7.76,7.14,0.603337202971967,0.6042221168381776,0.608825793500164
1997-07-21,0.6100000000000003,7.79,7.18,0.6041996982941182,0.6046090443887747,0.6088657912841487
1997-07-22,0.6100000000000003,7.69,7.08,0.6049505440826572,0.6049700605588163,0.6089044265967761
1997-07-23,0.6200000000000001,7.66,7.04,0.6068986876738571,0.6059765706405753,0.6092823825595738
1997-07-24,0.6200000000000001,7.67,7.05,0.6085946451745579,0.6069156777531709,0.6096474639547738
1997-07-25,0.6100000000000003,7.69,7.08,0.6087765675650805,0.6071222255871775,0.6096594726266605
1997-07-28,0.6100000000000003,7.66,7.05,0.608934940204626,0.6073149415306361,0.6096710722390981
1997-07-29,0.6200000000000001,7.63,7.01,0.6103673059622319,0.6081644219485101,0.6100229134369045
1997-07-30,0.6200000000000001,7.58,6.96,0.6116142527793618,0.608957015204051,0.6103627696318781
1997-07-31,0.6199999999999992,7.56,6.94,0.6126997830334143,0.6096965308603401,0.6106910490772133
1997-08-01,0.6100000000000003,7.69,7.08,0.6123502976405162,0.6097168532807841,0.6106675094087504
1997-08-04,0.6000000000000005,7.73,7.13,0.6107515585678263,0.6090661446848942,0.6103041348770596
1997-08-05,0.6100000000000003,7.73,7.12,0.6106542697345712,0.6091286821816843,0.610293774926645
1997-08-06,0.6100000000000003,7.71,7.1,0.6105695748859785,0.6091870317293975,0.6102837678741737
1997-08-07,0.6100000000000003,7.74,7.13,0.6104958437378281,0.6092414737824552,0.6102741016986463
1997-08-08,0.5999999999999996,7.89,7.29,0.6091371626782343,0.6086225999294531,0.609924128077791
1997-08-11,0.6000000000000005,7.86,7.26,0.6079543621164653,0.6080451702070027,0.6095860758432414
1997-08-12,0.5800000000000001,7.87,7.29,0.6043356856870727,0.6061670690563986,0.6085782654873126
1997-08-13,0.5800000000000001,7.88,7.3,0.6011854448830787,0.6044147387214418,0.6076047848518543
1997-08-14,0.6199999999999992,7.85,7.23,0.603620978444798,0.605458437045384,0.6080270113835665
1997-08-15,0.6299999999999999,7.85,7.22,0.6070357279259183,0.6071019120994657,0.6087754920403349
1997-08-18,0.6499999999999995,7.84,7.19,0.6125974287443001,0.6099746687149555,0.6101797501197079
1997-08-19,0.6799999999999997,7.83,7.15,0.6213226536257432,0.614664055667759,0.6125580841460153
1997-08-20,0.6500000000000004,7.83,7.18,0.6250349199600528,0.6170303981509111,0.6138334932520891
1997-08-21,0.6099999999999994,7.85,7.24,0.6230886580403361,0.6165595934184394,0.6137029103988811
1997-08-22,0.5599999999999996,7.88,7.32,0.614921866794611,0.6127719666473119,0.6118735921232752
1997-08-25,0.6000000000000005,7.91,7.31,0.6129902395434784,0.6119166662487499,0.6114691339867074
1997-08-26,0.5099999999999998,7.83,7.32,0.5996582110485779,0.6050916119975295,0.6080127227823034
1997-08-27,0.5200000000000005,7.82,7.3,0.589346500499501,0.5993932812967442,0.6050146863430184
1997-08-28,0.54,7.78,7.24,0.5829586238065331,0.5954158909254883,0.6028000474523754
1997-08-29,0.5300000000000002,7.78,7.25,0.5761031597861649,0.5910351844042538,0.600320210581702
1997-09-01,0.5300000000000002,7.78,7.25,0.570135131721577,0.5869478406937017,0.5979248460585114
1997-09-02,0.5399999999999991,7.77,7.23,0.5662341558952216,0.5838038842486379,0.5959517131552953
1997-09-03,0.54,7.78,7.24,0.5628381591921835,0.5808704691614387,0.5940457924022818
1997-09-04,0.54,7.78,7.24,0.559881772349402,0.57813349610721,0.5922047943068944
1997-09-05,0.5099999999999998,7.81,7.3,0.5534246050169809,0.5735707996967716,0.5894045972328237
1997-09-08,0.5300000000000002,7.8,7.27,0.550392303092522,0.5706529935847299,0.5873810585723328
1997-09-09,0.5300000000000002,7.8,7.27,0.5477525309441003,0.5679305842192871,0.5854264490671808
1997-09-10,0.5200000000000005,7.82,7.3,0.5441599814462796,0.5647208163802283,0.583197784026541
1997-09-11,0.5099999999999998,7.85,7.34,0.5397379910902439,0.5610563270065807,0.5807043987880307
1997-09-12,0.5399999999999991,7.77,7.23,0.5397719079960231,0.5596462477777272,0.5793178575364033
1997-09-15,0.5399999999999991,7.77,7.23,0.5398014343774545,0.5583305973365261,0.5779785469699035
1997-09-16,0.5899999999999999,7.67,7.08,0.5462996104206356,0.5604514024927152,0.5783880417917661
1997-09-17,0.5899999999999999,7.64,7.05,0.5519566012354242,0.562430183672061,0.5787835877167098
1997-09-18,0.5899999999999999,7.64,7.05,0.5568812977757995,0.5642764517954227,0.579165659895371
1997-09-19,0.5999999999999996,7.64,7.04,0.5624629894901244,0.566668750950374,0.579875354003763
1997-09-22,0.6100000000000003,7.62,7.01,0.5686166287232141,0.5695705150722009,0.5809015100362344
1997-09-23,0.5999999999999996,7.64,7.04,0.5726791884568625,0.5716082866468915,0.5815520747163923
1997-09-24,0.6200000000000001,7.59,6.97,0.5788048408554919,0.5748489349245575,0.5828617521967752
1997-09-25,0.5900000000000007,7.65,7.06,0.5802540479005588,0.575863556427691,0.5831049071219971
1997-09-26,0.5999999999999996,7.63,7.03,0.5828101502770131,0.5774799018486693,0.5836804160085777
1997-09-29,0.5899999999999999,7.64,7.05,0.5837408722736392,0.5783183353675294,0.5838956842389933
1997-09-30,0.5800000000000001,7.66,7.08,0.5832566184650354,0.5784309514172044,0.5837629829324635
1997-10-01,0.6099999999999994,7.59,6.98,0.5867185341402934,0.5805450361608233,0.5846567120518452
1997-10-02,0.6200000000000001,7.58,6.96,0.5910268011485117,0.5831872170581563,0.5858606341872256
1997-10-03,0.6200000000000001,7.58,6.96,0.5947773654193462,0.5856524590049764,0.5870235463149862
1997-10-06,0.6299999999999999,7.56,6.93,0.5993369156250383,0.5886222811581119,0.5884874820972892
1997-10-07,0.6400000000000006,7.53,6.89,0.6046007289920194,0.5920628932906162,0.5902421875633802
1997-10-08,0.5999999999999996,7.63,7.03,0.6040051672155753,0.5925944175827967,0.5905745744766343
1997-10-09,0.5800000000000001,7.63,7.05,0.6008977118415368,0.5917510071139406,0.5902143656499025
1997-10-10,0.5700000000000003,7.66,7.09,0.5968980204482113,0.5902944072364583,0.5895257901474114
1997-10-13,0.5700000000000003,7.66,7.09,0.593416086852741,0.588935351495299,0.5888606700543475
1997-10-14,0.5899999999999999,7.62,7.03,0.5929738763339222,0.5890066478207235,0.5888994798148622
1997-10-15,0.5800000000000001,7.64,7.06,0.5912944153506303,0.5884034995598881,0.5885963308617087
1997-10-16,0.5899999999999999,7.64,7.05,0.5911268540126303,0.5885104124183725,0.5886441449855337
1997-10-17,0.5899999999999999,7.64,7.05,0.5909809833954478,0.5886101656425581,0.5886903303847721
1997-10-20,0.5800000000000001,7.67,7.09,0.5895595012804524,0.5880335686071034,0.5883943058290108
1997-10-21,0.5,7.59,7.09,0.5779660742882178,0.5821382238731465,0.5853832712703346
1997-10-22,0.5,7.59,7.09,0.5678734098895954,0.5766376727398819,0.5824748036024612
1997-10-23,0.5099999999999998,7.49,6.98,0.5603817295792548,0.5721751471455427,0.5800060457313105
1997-10-24,0.5099999999999998,7.49,6.98,0.5538598430650532,0.568011463540447,0.577621382816247
1997-10-27,0.5499999999999998,7.52,6.97,0.5533601885545166,0.5668052897090994,0.5766804971173534
1997-10-28,0.5599999999999996,7.54,6.98,0.5542197084059544,0.5663495598155557,0.5761122981501778
1997-10-29,0.5599999999999996,7.5,6.94,0.5549679638967877,0.5659243487896498,0.5755634541257254
1997-10-30,0.5700000000000003,7.45,6.88,0.5569138525028609,0.5661972829587464,0.575373942454345
1997-10-31,0.5700000000000003,7.44,6.87,0.5586078469249894,0.5664519395430311,0.5751908862462035
1997-11-03,0.5599999999999996,7.47,6.91,0.5587880603563551,0.5660198724530489,0.5746734288937728
1997-11-04,0.5,7.46,6.96,0.5511779790583115,0.5615987190957467,0.5721297777738814
1997-11-05,0.5599999999999996,7.5,6.94,0.5523199846998028,0.5614916576605316,0.5717165930135772
1997-11-06,0.54,7.46,6.92,0.550725169620213,0.5600524256400907,0.5706362094215381
1997-11-07,0.54,7.46,6.92,0.5493368024543229,0.5587095746825432,0.5695926276608133
1997-11-10,0.5499999999999998,7.46,6.91,0.5494226530030342,0.5581263205210666,0.5689252308366773
1997-11-11,0.5499999999999998,7.46,6.91,0.5494973902465741,0.5575821251459577,0.5682805679984354
1997-11-12,0.5600000000000005,7.45,6.89,0.5508569471630758,0.5577440429917713,0.5679985014538212
1997-11-13,0.5499999999999998,7.42,6.87,0.5507460158355306,0.557225447599202,0.5673854064204525
1997-11-14,0.5499999999999998,7.42,6.87,0.550649444505849,0.5567415809886759,0.5667931956546384
1997-11-17,0.5499999999999998,7.41,6.86,0.5505653742803963,0.5562901174775519,0.566221157761558
1997-11-18,0.5499999999999998,7.39,6.84,0.5504921868982721,0.5558688871271982,0.5656686055791101
1997-11-19,0.5600000000000005,7.36,6.8,0.5517229679485766,0.5561455353979134,0.5654755120632086
1997-11-20,0.5499999999999998,7.38,6.83,0.5514999307181745,0.5557339872769105,0.5649483593105679
1997-11-21,0.5499999999999998,7.37,6.82,0.5513057655316119,0.5553499993024098,0.5644391633158994
1997-11-24,0.5500000000000007,7.4,6.85,0.5511367349190774,0.5549917258538473,0.5639473124061062
1997-11-25,0.5499999999999998,7.38,6.83,0.5509895852241212,0.5546574449063467,0.5634722157439221
1997-11-26,0.5499999999999998,7.37,6.82,0.5508614839742882,0.5543455497538865,0.5630133026181676
1997-11-27,0.5499999999999998,7.37,6.82,0.5507499653590872,0.5540545412867407,0.5625700217581809
1997-11-28,0.5499999999999998,7.38,6.83,0.5506528827658058,0.5537830207860771,0.5621418406716027
1997-12-01,0.5499999999999998,7.35,6.8,0.5505683674595385,0.5535296832010794,0.5617282450047183
1997-12-02,0.5499999999999998,7.35,6.8,0.5504947926120604,0.5532933108762803,0.5613287379245887
1997-12-03,0.5499999999999998,7.35,6.8,0.5504307419871438,0.5530727676989565,0.5609428395222289
1997-12-04,0.5500000000000007,7.36,6.81,0.5503749826795434,0.5528669936384552,0.5605700862361155
1997-12-05,0.54,7.4,6.86,0.5490319470158641,0.5520053295665729,0.5598693935845809
1997-12-08,0.54,7.43,6.89,0.5478627665623212,0.5512013685598848,0.5591925690970528
1997-12-09,0.5499999999999998,7.45,6.9,0.5481394302269335,0.5511209165013675,0.5588794364469952
1997-12-10,0.5499999999999998,7.42,6.87,0.5483802799360051,0.5510458520765339,0.558576970244532
1997-12-11,0.5499999999999998,7.35,6.8,0.5485899517859072,0.5509758144916734,0.5582848071513009
1997-12-12,0.5699999999999994,7.3,6.73,0.5513614704670242,0.5522498072836148,0.5586838696270809
1997-12-15,0.5700000000000003,7.32,6.75,0.5537742176160565,0.5534384845894763,0.5590693385699477
1997-12-16,0.5599999999999996,7.3,6.74,0.5545801416386988,0.5538778896475042,0.5591010403147834
1997-12-17,0.5600000000000005,7.33,6.77,0.5552817392505841,0.5542878690632923,0.5591316621818104
1997-12-18,0.5700000000000003,7.29,6.72,0.5571870098138568,0.5553400634687056,0.5595018776663829
1997-12-19,0.5599999999999996,7.26,6.7,0.5575511498089065,0.5556521254778347,0.5595188455417105
1997-12-22,0.5700000000000003,7.25,6.68,0.5591626464537546,0.5566129597123893,0.5598758721396656
1997-12-23,0.5699999999999994,7.26,6.69,0.5605655357656767,0.5575094497526268,0.5602207371010228
1997-12-24,0.5699999999999994,7.26,6.69,0.5617868218464126,0.5583459045367526,0.560553854695771
1997-12-25,0.5699999999999994,7.26,6.69,0.5628500131319429,0.5591263444462707,0.5608756250823423
1997-12-26,0.5699999999999994,7.26,6.69,0.563775574904453,0.5598545206297632,0.5611864347883038
1997-12-29,0.5800000000000001,7.28,6.7,0.5658758175939158,0.5612036031172448,0.561827293885426
1997-12-30,0.5600000000000005,7.32,6.76,0.5651151963162088,0.5611230014171059,0.5617650495475551
1997-12-31,0.5700000000000003,7.28,6.71,0.5657475314014846,0.5617174674563343,0.5620455621910875
1998-01-01,0.5700000000000003,7.28,6.71,0.5662980110661634,0.5622721238832826,0.562316519544198
1998-01-02,0.5700000000000003,7.21,6.64,0.5667772314483326,0.5627896366285934,0.5625782470951569
1998-01-05,0.5800000000000001,7.12,6.54,0.5684889113890117,0.5639421631781409,0.5631716959556601
1998-01-06,0.5800000000000001,7.12,6.54,0.5699790153255526,0.5650175084724909,0.5637449297693792
1998-01-07,0.5700000000000003,7.17,6.6,0.5699817317798392,0.5653511710247814,0.563958000424267
1998-01-08,0.5800000000000001,7.13,6.55,0.5712785909576874,0.5663321592787407,0.5645044498212025
1998-01-09,0.5900000000000007,7.11,6.52,0.5737020668125177,0.5679171237686269,0.5653729218563731
1998-01-12,0.5899999999999999,7.1,6.51,0.5758118250830747,0.5693959479281049,0.5662118105457997
1998-01-13,0.6000000000000005,7.12,6.52,0.5789429707009656,0.5714454097422115,0.5673627603175926
1998-01-14,0.5899999999999999,7.13,6.54,0.5803742969153438,0.5726879551450359,0.5681338678041835
1998-01-15,0.5899999999999999,7.14,6.55,0.5816203387575313,0.5738472909993534,0.5688787085389876
1998-01-16,0.5899999999999999,7.21,6.62,0.5827050811851381,0.5749289895997032,0.569598177263998
1998-01-19,0.5899999999999999,7.21,6.62,0.5836494043165225,0.5759382500807287,0.5702931382430108
1998-01-20,0.5899999999999999,7.21,6.62,0.5844714853504827,0.5768799234065799,0.5709644262998244
1998-01-21,0.5800000000000001,7.2,6.62,0.5838926540906331,0.5770888656022173,0.5712722111103224
1998-01-22,0.5800000000000001,7.23,6.65,0.5833887522113177,0.577283815564071,0.5715695116402738
1998-01-23,0.5600000000000005,7.33,6.77,0.5803610914123561,0.5761263701409156,0.5711754116012594
1998-01-26,0.5800000000000001,7.28,6.7,0.580314348332428,0.5763857755444721,0.5714760094778477
1998-01-27,0.5700000000000003,7.32,6.75,0.5789791617508278,0.5759581392595414,0.5714257311764905
1998-01-28,0.5899999999999999,7.34,6.75,0.5804058030541877,0.5768984806665867,0.5720584389601561
1998-01-29,0.5899999999999999,7.25,6.66,0.581647766444449,0.577775850222668,0.5726695943939921
1998-01-30,0.5899999999999999,7.21,6.62,0.5827289583734343,0.5785944649642619,0.5732599316301542
1998-02-02,0.5899999999999999,7.25,6.66,0.5836701906162436,0.5793582595255274,0.5738301598128802
1998-02-03,0.5899999999999999,7.25,6.66,0.5844895808754137,0.5800709050499445,0.5743809639303521
1998-02-04,0.5800000000000001,7.25,6.67,0.5839084071600549,0.5800661567508648,0.574572368926788
1998-02-05,0.5800000000000001,7.3,6.72,0.5834024660547763,0.5800617264311697,0.5747572539663831
1998-02-06,0.5800000000000001,7.3,6.72,0.5829620187405815,0.5800575927967312,0.5749358411428027
1998-02-09,0.5899999999999999,7.34,6.75,0.5838730814501456,0.580723406064057,0.5754489816951381
1998-02-10,0.5899999999999999,7.31,6.72,0.5846662076051548,0.5813446318086749,0.5759446427964835
1998-02-11,0.5899999999999999,7.25,6.66,0.5853566640261628,0.5819242559235954,0.5764234198611079
1998-02-12,0.5800000000000001,7.25,6.67,0.5846632468853641,0.5817953942608747,0.576545251310533
1998-02-13,0.5800000000000001,7.21,6.63,0.5840595922028426,0.5816751620782119,0.5766629327335383
1998-02-16,0.5800000000000001,7.21,6.63,0.5835340802789373,0.5815629814851431,0.5767766054952587
1998-02-17,0.5800000000000001,7.17,6.59,0.5830765955775625,0.5814583132907997,0.5768864061454136
1998-02-18,0.5800000000000001,7.19,6.61,0.5826783320130815,0.5813606544123127,0.5769924665823378
1998-02-19,0.5800000000000001,7.2,6.62,0.5823316234426821,0.5812695354567678,0.5770949142114246
1998-02-20,0.5699999999999994,7.22,6.65,0.5807353017343825,0.5805148483804582,0.5768532353874201
1998-02-23,0.5600000000000005,7.24,6.68,0.5780511286049819,0.5791410303553429,0.5762791523206309
1998-02-24,0.5599999999999996,7.3,6.74,0.5757144201751977,0.5778592128135425,0.5757246246305986
1998-02-25,0.5699999999999994,7.27,6.7,0.574974691702429,0.577332904842544,0.5755296229001531
1998-02-26,0.5600000000000005,7.28,6.72,0.5730362262967355,0.5761721720572616,0.5750006269337611
1998-02-27,0.5800000000000001,7.29,6.71,0.5739376828799563,0.5764285102434985,0.5751709239334714
1998-03-02,0.5899999999999999,7.37,6.78,0.576016940783305,0.5773373523128803,0.5756760567029501
1998-03-03,0.5899999999999999,7.41,6.82,0.5778270399223031,0.57818533194771,0.57616398279592
1998-03-04,0.5900000000000007,7.4,6.81,0.5794028227473799,0.5789765249231577,0.5766352883349499
1998-03-05,0.5899999999999999,7.43,6.84,0.5807746213733826,0.5797147340719223,0.5770905394771224
1998-03-06,0.5899999999999999,7.37,6.78,0.5819688414399782,0.580403507562374,0.5775302830941313
1998-03-09,0.5999999999999996,7.33,6.73,0.5843029647586913,0.5817158260372934,0.5782956841399647
1998-03-10,0.5899999999999999,7.32,6.73,0.5850404427615608,0.5822705923851645,0.5786943761055806
1998-03-11,0.5899999999999999,7.32,6.73,0.5856824546523773,0.5827882076903227,0.5790794871592195
1998-03-12,0.6100000000000003,7.25,6.64,0.5888303471996481,0.5846105000162235,0.580132753338103
1998-03-13,0.6099999999999994,7.27,6.66,0.5915707468298703,0.5863107588765133,0.5811501414043143
1998-03-16,0.6100000000000003,7.24,6.63,0.5939564032716167,0.5878971564873164,0.5821328734980825
1998-03-17,0.6099999999999994,7.27,6.66,0.59603323783081,0.5893773177958909,0.5830821301290535
1998-03-18,0.5999999999999996,7.27,6.67,0.5965467329591498,0.5900886870449552,0.5836584148836297
1998-03-19,0.6100000000000003,7.29,6.68,0.5982882507994147,0.5914220881081289,0.5845557059746319
1998-03-20,0.6199999999999992,7.27,6.65,0.6010988245032862,0.5933358653756522,0.585763068747803
1998-03-23,0.6199999999999992,7.27,6.65,0.6035455710243768,0.5951214827047046,0.5869293043126005
1998-03-24,0.6199999999999992,7.27,6.65,0.605675587586555,0.5967875225829703,0.5880558136127225
1998-03-25,0.6099999999999994,7.31,6.7,0.6062353803375506,0.5976723226699763,0.5888033131598306
1998-03-26,0.6100000000000003,7.32,6.71,0.606722708232259,0.5984978703420675,0.5895253501282373
1998-03-27,0.6099999999999994,7.34,6.73,0.6071469518055073,0.599268133556215,0.5902227918668479
1998-03-30,0.6100000000000003,7.36,6.75,0.6075162772871734,0.5999868145471817,0.5908964761794805
1998-03-31,0.6299999999999999,7.34,6.71,0.6104267825273549,0.6019967077914079,0.5922284857527821
1998-04-01,0.6400000000000006,7.32,6.68,0.6142550188707101,0.60454167458237,0.5938557589008614
1998-04-02,0.6299999999999999,7.27,6.64,0.6162931978088099,0.6062465424760711,0.5950869644409236
1998-04-03,0.6399999999999997,7.21,6.57,0.6193620299985096,0.608506910551738,0.5966168673111947
1998-04-06,0.6400000000000006,7.24,6.6,0.6220336035899141,0.6106159085393519,0.5980946560733159
1998-04-07,0.6399999999999997,7.26,6.62,0.6243593434847983,0.6125836732408803,0.5995221059251258
1998-04-08,0.6400000000000006,7.32,6.68,0.6263840176603701,0.614419662626988,0.6009009315947073
1998-04-09,0.6499999999999995,7.3,6.65,0.6294410932714438,0.6168023713809697,0.6025734261109617
1998-04-10,0.6499999999999995,7.3,6.65,0.6321024321667028,0.6190255172576582,0.6041889493241394
1998-04-13,0.6399999999999997,7.35,6.71,0.6331247678740537,0.6204301156209756,0.6054088051752176
1998-04-14,0.6500000000000004,7.33,6.68,0.6353092571670046,0.6224103223184414,0.6069277449685772
1998-04-15,0.6399999999999997,7.31,6.67,0.6359164711844585,0.6235882504126071,0.6080543073856812
1998-04-16,0.6399999999999997,7.29,6.65,0.6364450816893943,0.6246872961861218,0.6091424949511633
1998-04-17,0.6399999999999997,7.29,6.65,0.6369052638622303,0.6257127421520201,0.6101936148533469
1998-04-20,0.6399999999999997,7.33,6.69,0.6373058757120118,0.6266695170692416,0.6112089297529218
1998-04-21,0.6299999999999999,7.35,6.72,0.6363601342164633,0.6268925495478521,0.6118490225889684
1998-04-22,0.6299999999999999,7.37,6.74,0.635536818424781,0.6271006462085801,0.6124673115131903
1998-04-23,0.6299999999999999,7.37,6.74,0.6348200803985615,0.6272948072584679,0.6130645392468682
1998-04-24,0.6299999999999999,7.35,6.72,0.6341961237061003,0.6274759659236846,0.6136414232114691
1998-04-27,0.6200000000000001,7.45,6.83,0.6323584434889671,0.6269753228504027,0.6138580196796997
1998-04-28,0.6200000000000001,7.44,6.82,0.6307586499407836,0.6265082063460462,0.6140672380770804
1998-04-29,0.6200000000000001,7.45,6.83,0.629365948766255,0.6260723712365903,0.6142693297277899
1998-04-30,0.6200000000000001,7.34,6.72,0.6281535319742659,0.625665722700598,0.6144645373949826
1998-05-01,0.6200000000000001,7.33,6.71,0.6270980618530502,0.6252863062005569,0.6146530955724088
1998-05-04,0.6200000000000001,7.33,6.71,0.6261792217444836,0.6249322980884852,0.6148352307661005
1998-05-05,0.6200000000000001,7.36,6.74,0.6253793249703918,0.6246019968406505,0.6150111617664631
1998-05-06,0.6200000000000001,7.33,6.71,0.6246829743831275,0.624293814879275,0.6151810999110974
1998-05-07,0.6200000000000001,7.34,6.72,0.6240767659871329,0.6240062709419152,0.6153452493386697
1998-05-08,0.5999999999999996,7.34,6.74,0.6209600421924475,0.6223986427925783,0.6148225338126311
1998-05-11,0.6100000000000003,7.41,6.8,0.6195412709043846,0.6215683427757556,0.6146582606070888
1998-05-12,0.6099999999999994,7.34,6.73,0.6183061587603729,0.6207936454671864,0.6144995831499865
1998-05-13,0.6200000000000001,7.33,6.71,0.6185254255547084,0.6207404974044686,0.6146869475403416
1998-05-14,0.6099999999999994,7.35,6.74,0.6174218140189904,0.6200212384238846,0.6145272929009808
1998-05-15,0.5699999999999994,7.31,6.74,0.6112830869067561,0.6166714657270129,0.6130105298417348
1998-05-18,0.5799999999999992,7.27,6.69,0.6072335089283181,0.6142156873713144,0.6118860700111893
1998-05-19,0.5800000000000001,7.29,6.71,0.6037081465380774,0.6119243651455456,0.6107999134104488
1998-05-20,0.5800000000000001,7.25,6.67,0.6006391403234304,0.6097864859146618,0.6097507552908921
1998-05-21,0.5899999999999999,7.28,6.69,0.5992619096015488,0.6084614441449577,0.6090779720591772
1998-05-22,0.5800000000000001,7.26,6.68,0.5967684662537873,0.6065554663740277,0.6080874695834209
1998-05-25,0.5800000000000001,7.26,6.68,0.5945977977428467,0.6047771262326141,0.6071307072581977
1998-05-26,0.5899999999999999,7.22,6.63,0.5940026154149568,0.603787546295133,0.6065471724808698
1998-05-27,0.5999999999999996,7.21,6.61,0.5947789734711871,0.603533905650332,0.6063241517510092
1998-05-28,0.5899999999999999,7.21,6.62,0.5941603380473192,0.6026275804761062,0.6057680912151819
1998-05-29,0.6000000000000005,7.19,6.59,0.5949162789976349,0.6024516192721252,0.6055716088532965
1998-06-01,0.5999999999999996,7.17,6.57,0.5955743638177506,0.6022874416635803,0.6053818194019585
1998-06-02,0.6000000000000005,7.19,6.59,0.5961472599285992,0.6021342585383362,0.6051984948760643
1998-06-03,0.6000000000000005,7.19,6.59,0.5966459949606085,0.6019913336287368,0.6050214150565202
1998-06-04,0.5899999999999999,7.2,6.61,0.5957856746566209,0.6011883098881362,0.6045097305149515
1998-06-05,0.5999999999999996,7.18,6.58,0.5963312166984082,0.6011087323298004,0.6043561125380527
1998-06-08,0.5999999999999996,7.18,6.58,0.5968061386301878,0.6010344838424873,0.6042077273533901
1998-06-09,0.5999999999999996,7.18,6.58,0.5972195821854203,0.6009652075542523,0.6040643967128503
1998-06-10,0.6100000000000003,7.12,6.51,0.5988740000723578,0.6015702405764298,0.6042665851508564
1998-06-11,0.6200000000000001,7.08,6.46,0.6016087488627972,0.6028044264317226,0.6048025230191666
1998-06-12,0.6100000000000003,7.08,6.47,0.6026949915957489,0.603286292467767,0.6049795681654624
1998-06-15,0.6100000000000003,7.04,6.43,0.6036406208187963,0.6037358893768974,0.6051505825041293
1998-06-16,0.6200000000000001,7.08,6.46,0.6057583332386283,0.604825048210641,0.6056564081773663
1998-06-17,0.6100000000000003,7.15,6.54,0.6063074146115734,0.6051715992509156,0.6058043668604973
1998-06-18,0.6100000000000003,7.12,6.51,0.6067854177100862,0.6054949428047431,0.6059472855277134
1998-06-19,0.6100000000000003,7.12,6.51,0.6072015435767539,0.6057966330080651,0.6060853358604589
1998-06-22,0.5800000000000001,7.1,6.52,0.6036803190832671,0.604069109667092,0.6051967735598233
1998-06-23,0.6000000000000005,7.12,6.52,0.6032039038510477,0.6037966135655783,0.6050197523746295
1998-06-24,0.5999999999999996,7.14,6.54,0.6027891603022761,0.6035423657128007,0.6048487611808614
1998-06-25,0.5999999999999996,7.14,6.54,0.6024281050722696,0.6033051440781318,0.6046835945748745
1998-06-26,0.6100000000000003,7.13,6.52,0.6034082826054452,0.6037534785513115,0.6048646908605783
1998-06-29,0.5999999999999996,7.13,6.53,0.6029670823420427,0.6035021193213993,0.6046989816312213
1998-06-30,0.6000000000000005,7.11,6.51,0.6025829952042113,0.603267592867164,0.6045389170665472
1998-07-01,0.6000000000000005,7.11,6.51,0.6022486279300174,0.6030487719479745,0.6043843048885549
1998-07-02,0.5999999999999996,7.09,6.49,0.60195754431112,0.6028446048111321,0.604234959368938
1998-07-03,0.5999999999999996,7.09,6.49,0.6017041413027227,0.6026541101366706,0.6040907011059778
1998-07-06,0.6100000000000003,7.07,6.46,0.6027780355380601,0.6031460424053178,0.6042919935197887
1998-07-07,0.5999999999999996,7.09,6.49,0.6024184204025148,0.6029353613569353,0.6041457924642739
1998-07-08,0.6100000000000003,7.11,6.5,0.6033998516107348,0.6034084590727348,0.6043452082641766
1998-07-09,0.5999999999999996,7.09,6.49,0.6029597427348484,0.6031802047651644,0.6041971945191127
1998-07-10,0.5999999999999996,7.1,6.5,0.6025766057050339,0.602967235965741,0.6040542226655752
1998-07-13,0.5900000000000007,7.15,6.56,0.6009485711808706,0.6020988589650791,0.6035754842474781
1998-07-14,0.5899999999999999,7.18,6.59,0.5995312848087946,0.6012886345743697,0.6031130534173861
1998-07-15,0.5999999999999996,7.17,6.57,0.5995919597262707,0.6012023385719218,0.6030070113897369
1998-07-16,0.5899999999999999,7.18,6.59,0.5983502859428186,0.6004521514699683,0.6025639448320861
1998-07-17,0.5800000000000001,7.19,6.61,0.5959748517641656,0.5990825320693884,0.6017953340371679
1998-07-20,0.5899999999999999,7.18,6.59,0.5952014105689052,0.5984743020674305,0.6013935416583043
1998-07-21,0.5899999999999999,7.14,6.55,0.5945280909006948,0.5979068034091611,0.6010054358028747
1998-07-22,0.5900000000000007,7.15,6.56,0.593941932084256,0.5973773084383431,0.6006305502576468
1998-07-23,0.5999999999999996,7.14,6.54,0.5947261455634629,0.5975529422463489,0.600609071401074
1998-07-24,0.5900000000000007,7.15,6.56,0.5941143486824922,0.5970471442990157,0.6002476874824549
1998-07-27,0.5999999999999996,7.17,6.57,0.594876242930179,0.5972448882117342,0.6002392503375232
1998-07-28,0.5999999999999996,7.17,6.57,0.5955395103966749,0.597429389806176,0.6002311005927212
1998-07-29,0.6000000000000005,7.23,6.63,0.5961169182632489,0.5976015358807814,0.6002232284581455
1998-07-30,0.6100000000000003,7.21,6.6,0.5979140753737853,0.5984318239323836,0.6005562611881242
1998-07-31,0.6100000000000003,7.21,6.6,0.5994785915086942,0.5992065100770073,0.6008779496007317
1998-08-03,0.6100000000000003,7.16,6.55,0.6008405819112252,0.5999293178080277,0.6011886801250634
1998-08-04,0.6100000000000003,7.15,6.54,0.6020262634233524,0.6006037212676076,0.6014888260270213
1998-08-05,0.6100000000000003,7.15,6.54,0.6030584591316246,0.6012329619450022,0.6017787478577002
1998-08-06,0.6100000000000003,7.16,6.55,0.6039570376868928,0.6018200642566284,0.6020587938865015
1998-08-07,0.6100000000000003,7.13,6.52,0.6047392957543474,0.602367850082783,0.6023293005194917
1998-08-10,0.6100000000000003,7.13,6.52,0.6054202909556128,0.6028789523308816,0.6025905927035122
1998-08-11,0.6200000000000001,7.11,6.49,0.6073076260787151,0.6040254976750382,0.6031836210272732
1998-08-12,0.6100000000000003,7.15,6.54,0.6076561523662216,0.6044255922227972,0.6034158119185238
1998-08-13,0.6200000000000001,7.17,6.55,0.6092540564891727,0.6054685637202224,0.6039807302463797
1998-08-14,0.6200000000000001,7.14,6.52,0.610645112823501,0.6064416905365526,0.6045264053821311
1998-08-17,0.6099999999999994,7.14,6.53,0.6105616033318884,0.6066799798765059,0.6047128561087929
1998-08-18,0.6099999999999994,7.14,6.53,0.6104889040969244,0.6069023116922139,0.60489295563923
1998-08-19,0.6200000000000001,7.16,6.54,0.6117201101040141,0.6077794246959696,0.605407557029253
1998-08-20,0.6200000000000001,7.12,6.5,0.6127919371870195,0.6085978000657797,0.6059046292067914
1998-08-21,0.6200000000000001,7.12,6.5,0.6137250168578859,0.6093613712852736,0.6063847692811736
1998-08-24,0.6100000000000003,7.12,6.51,0.6132428155239202,0.6094041383398174,0.6065079173112405
1998-08-25,0.6500000000000004,7.15,6.5,0.6180010123491693,0.6121227217511855,0.607989417310324
1998-08-26,0.6299999999999999,7.17,6.54,0.6195542745415861,0.6133199095949727,0.6087391785592375
1998-08-27,0.6299999999999999,7.17,6.54,0.6209064678181411,0.6144369253502929,0.6094634001875833
1998-08-28,0.6400000000000006,7.16,6.52,0.62337811480377,0.6161488079867051,0.6105035888793471
1998-08-31,0.6500000000000004,7.11,6.46,0.6268243028464173,0.6184157210487486,0.6118489816364101
1998-09-01,0.6499999999999995,7.14,6.49,0.6298243837881682,0.6205308257245808,0.6131485453771296
1998-09-02,0.6399999999999997,7.14,6.5,0.6311416115749047,0.6218346180830542,0.6140632044952925
1998-09-03,0.6500000000000004,7.11,6.46,0.6335828193336762,0.6237207694522553,0.61528734367686
1998-09-04,0.6499999999999995,7.09,6.44,0.6357080141231976,0.6254806109067522,0.6164697841839962
1998-09-07,0.6499999999999995,7.09,6.44,0.6375581036443293,0.627122601043672,0.6176119464266314
1998-09-08,0.6399999999999997,7.13,6.49,0.6378742057520601,0.6279849619285643,0.6183745657195676
1998-09-09,0.6500000000000004,7.08,6.43,0.639443882987043,0.6294592431694117,0.6194518441105052
1998-09-10,0.6499999999999995,7.01,6.36,0.6408103663881504,0.6308347962059261,0.6204924264446775
1998-09-11,0.6600000000000001,7.08,6.42,0.6432944536497581,0.6327879026552345,0.6218381994352434
1998-09-14,0.6800000000000006,7.11,6.43,0.648045965948705,0.6359495555776866,0.6238194038788201
1998-09-15,0.6699999999999999,7.12,6.45,0.6508879032900228,0.6382298119774911,0.6253924845151465
1998-09-16,0.6900000000000004,7.12,6.43,0.6559509421774369,0.6416967065969356,0.6275932536716056
1998-09-17,0.6899999999999995,7.09,6.4,0.6603585735328653,0.6449314336550586,0.6297190565514066
1998-09-18,0.7000000000000002,7.07,6.37,0.6654901338591741,0.6486192108035362,0.632113083491891
1998-09-21,0.7000000000000002,7.07,6.37,0.6699574165918303,0.6520600285485014,0.6344255610861297
1998-09-22,0.7000000000000002,7.08,6.38,0.6738464120911472,0.6552704250224191,0.6366592672042296
1998-09-23,0.7000000000000002,7.07,6.37,0.6772319793137335,0.6582658308484977,0.638816885091844
1998-09-24,0.6999999999999993,7.06,6.36,0.6801792867664328,0.6610606433072705,0.6409010065934287
1998-09-25,0.7300000000000004,7.08,6.35,0.6866285500307036,0.6656773057903597,0.6439360453979575
1998-09-28,0.7299999999999995,7.1,6.37,0.6922429597982593,0.669984804197872,0.6468676996389484
1998-09-29,0.7400000000000002,7.09,6.35,0.698425081751019,0.6746735124077052,0.6500401276849197
1998-09-30,0.7699999999999996,7.01,6.24,0.7076904146004754,0.6810572421090648,0.6541264013176781
1998-10-01,0.79,6.95,6.16,0.7183453440657734,0.6883528126987507,0.6587547548909902
1998-10-02,0.79,6.91,6.12,0.7276209989136692,0.6951598207510132,0.6632254497505616
1998-10-05,0.7999999999999998,6.85,6.05,0.7369904198334838,0.7021806539220627,0.6678844930417106
1998-10-06,0.8100000000000005,6.9,6.09,0.7464414688600258,0.7094009929833599,0.6727254689254166
1998-10-07,0.7999999999999998,6.96,6.16,0.7533745905467825,0.7154681374530001,0.6770609066881857
1998-10-08,0.79,7.21,6.42,0.7581157291695503,0.7204593133229625,0.6809080268142856
1998-10-09,0.7800000000000002,7.33,6.55,0.7609486357012271,0.7244465749915681,0.6842834631950718
1998-10-12,0.7800000000000002,7.33,6.55,0.7634148240781435,0.728166821674267,0.6875439198212479
1998-10-13,0.79,7.31,6.52,0.7668562601259014,0.7323076046505126,0.6910339500361066
1998-10-14,0.8000000000000007,7.23,6.43,0.7711466985828632,0.7368407618627756,0.6947457337204356
1998-10-15,0.8099999999999996,7.26,6.45,0.7761762365653975,0.7417400171822718,0.6986717171369909
1998-10-16,0.8099999999999996,7.21,6.4,0.7805547036892119,0.746311184029324,0.7024639671457982
1998-10-19,0.7999999999999998,7.21,6.41,0.7830718863431833,0.749906563422811,0.7057864024869192
1998-10-20,0.7899999999999991,7.27,6.48,0.7839687267534785,0.7525915009293941,0.7086550267726601
1998-10-21,0.8199999999999994,7.26,6.44,0.7886329547789641,0.7571056464571464,0.7124478453165481
1998-10-22,0.8199999999999994,7.31,6.49,0.7926934011138922,0.7613174931631377,0.7161114665371094
1998-10-23,0.8200000000000003,7.34,6.52,0.7962282249579976,0.7652472850951232,0.7196502913694696
1998-10-26,0.8300000000000001,7.3,6.47,0.8005999622136748,0.7695835807021728,0.7234092075474992
1998-10-27,0.8300000000000001,7.24,6.41,0.8044057805441873,0.7736294875646063,0.7270400812412412
1998-10-28,0.8199999999999994,7.26,6.44,0.8064244434685789,0.7767347820633098,0.7302066373370126
1998-10-29,0.8200000000000003,7.23,6.41,0.8081817916145131,0.779632124279038,0.7332653289074967
1998-10-30,0.8200000000000003,7.29,6.47,0.8097116520328634,0.7823354401540848,0.7362198302144035
1998-11-02,0.8600000000000003,7.38,6.52,0.8162214503499778,0.7875364033905764,0.7404362372036069
1998-11-03,0.8600000000000003,7.38,6.52,0.8218885589418858,0.792389073677993,0.744509017892011
1998-11-04,0.8700000000000001,7.43,6.56,0.8281165578858705,0.7975864452378352,0.7487837014294356
1998-11-05,0.8499999999999996,7.43,6.58,0.8309493571406864,0.8010964242031791,0.752231500131388
1998-11-06,0.8599999999999994,7.47,6.61,0.8347099464947099,0.805041020462077,0.7559024908631752
1998-11-09,0.8700000000000001,7.34,6.47,0.8392782240422193,0.8093911289945535,0.7597890708849064
1998-11-10,0.9099999999999993,7.35,6.44,0.8484331181026517,0.8161286041106474,0.7649058065661762
1998-11-11,0.9099999999999993,7.35,6.44,0.8564029162838773,0.8224148906736213,0.7698482474462208
1998-11-12,0.9199999999999999,7.33,6.41,0.8646355229469387,0.8289498735157624,0.7749629673565707
1998-11-13,0.9199999999999999,7.34,6.42,0.871802423314862,0.8350472281066071,0.7799034611302529
1998-11-16,0.9199999999999999,7.37,6.45,0.878041572467245,0.8407362611009637,0.7846756635490795
1998-11-17,0.9300000000000006,7.36,6.43,0.8847675616433793,0.8467139866592717,0.7896259439451587
1998-11-18,0.9499999999999993,7.35,6.4,0.8932118640434641,0.8536307419887896,0.7950888730395992
1998-11-19,0.9499999999999993,7.31,6.36,0.9005630562545007,0.860084302905618,0.8003657147142598
1998-11-20,0.9700000000000006,7.28,6.31,0.9095516295087944,0.8674450283231752,0.8061440812113021
1998-11-23,0.9799999999999995,7.3,6.32,0.9186711313855869,0.8749824980640315,0.812066252043389
1998-11-24,1.0,7.29,6.29,0.9291991076154862,0.8833545461742247,0.818467965417704
1998-11-25,1.0099999999999998,7.27,6.26,0.939658737619832,0.8918356133524002,0.8249922496440704
1998-11-26,1.0099999999999998,7.27,6.26,0.9487643744119842,0.899748728833078,0.831294292798549
1998-11-27,1.0,7.25,6.25,0.9553967972835236,0.906462256557759,0.8370410285171606
1998-11-30,1.0200000000000005,7.19,6.17,0.9637596454844377,0.9140655395837474,0.8432732827420006
1998-12-01,1.0199999999999996,7.18,6.16,0.9710399276965035,0.9211596534909863,0.8492932435088689
1998-12-02,1.0099999999999998,7.16,6.15,0.9760832871101334,0.9271090257275284,0.8547675056015378
1998-12-03,1.0,7.18,6.18,0.979179292121535,0.9319903162185234,0.8597146575201512
1998-12-04,1.0,7.22,6.22,0.9818745210281782,0.9365447212878966,0.8644932912830502
1998-12-07,1.0,7.22,6.22,0.9842208540710685,0.9407941314744442,0.8691091472372612
1998-12-08,1.0100000000000007,7.19,6.18,0.9875579499902758,0.9454286414576977,0.8739084069032692
1998-12-09,1.0200000000000005,7.16,6.14,0.9917575550895537,0.9504224622563118,0.8788848228773616
1998-12-10,1.0099999999999998,7.16,6.15,0.9941190293073124,0.9544121917306095,0.8833510871438278
1998-12-11,1.0099999999999998,7.21,6.2,0.9961748120177916,0.9581347409574361,0.8876652140533864
1998-12-14,1.0100000000000007,7.19,6.18,0.9979644748144137,0.9616080021986851,0.8918323859629212
1998-12-15,1.0,7.22,6.22,0.9982279724030845,0.9641789994403647,0.8955169719884646
1998-12-16,1.0099999999999998,7.2,6.19,0.9997518547443677,0.9672474947726337,0.8994166841983372
1998-12-17,1.0099999999999998,7.2,6.19,1.0010784713749687,0.9701105021520174,0.903183557894205
1998-12-18,1.0500000000000007,7.23,6.18,1.0074113356981718,0.9754604628305235,0.9081846648865213
1998-12-21,1.0200000000000005,7.23,6.21,1.0090409312008977,0.9784431423930985,0.911993505682985
1998-12-22,1.0099999999999998,7.27,6.26,1.0091650821167018,0.9805564107435316,0.9153319666686288
1998-12-23,0.9900000000000002,7.32,6.33,1.0066841730323113,0.9811888196651924,0.9178754339958572
1998-12-24,0.9900000000000002,7.36,6.37,1.0045244162314086,0.9817788780532443,0.9203322614886607
1998-12-25,0.9900000000000002,7.36,6.37,1.0026442387318002,0.9823294219962296,0.9227054004178608
1998-12-28,1.0,7.31,6.31,1.002301943517458,0.9835127677429576,0.9253383382339125
1998-12-29,1.0200000000000005,7.28,6.26,1.0045929469598767,0.9859562085343134,0.9285628619437402
1998-12-30,1.0199999999999996,7.26,6.24,1.0065873812971873,0.9882360194055152,0.9316775465385421
1998-12-31,1.0,7.23,6.23,1.0057346484989127,0.9890238179935469,0.9340048601203007
1999-01-01,1.0,7.23,6.23,1.0049923014810336,0.9897588600668665,0.9362528968577216
1999-01-04,1.0599999999999996,7.3,6.24,1.0121130170686903,0.994462699079233,0.9404681774756634
1999-01-05,1.0699999999999994,7.35,6.28,1.019606454401635,0.9995212061492807,0.9448805068718976
1999-01-06,1.0500000000000007,7.32,6.27,1.023540881758777,1.0029016199642937,0.9484612627094003
1999-01-07,1.0499999999999998,7.34,6.29,1.0269659997107845,1.0060556575787474,0.9519200448578539
1999-01-08,1.0300000000000002,7.37,6.34,1.027358749339183,1.007659138560317,0.9545797347673787
1999-01-11,1.0199999999999996,7.38,6.36,1.0264061633823807,1.0084855691327914,0.956808189163912
1999-01-12,1.04,7.35,6.31,1.0281658778751759,1.0105959962913884,0.9596420076443789
1999-01-13,1.04,7.29,6.25,1.0296977983181193,1.0125650944565947,0.9623792958642405
1999-01-14,1.0700000000000003,7.23,6.16,1.0349148956237648,1.0164113382622026,0.9660452521307975
1999-01-15,1.0499999999999998,7.27,6.22,1.0368676538878876,1.018660670457065,0.9689050590474115
1999-01-18,1.0499999999999998,7.27,6.22,1.0385676286947008,1.0207593716037975,0.9716674504418796
1999-01-19,1.0499999999999998,7.27,6.22,1.0400475427203613,1.022717529013075,0.9743357446445057
1999-01-20,1.04,7.29,6.25,1.040041388341991,1.0238748843939214,0.9765725102403302
1999-01-21,1.0399999999999991,7.27,6.23,1.040036030644434,1.0249547351471835,0.9787330833886263
1999-01-22,1.0600000000000005,7.23,6.17,1.0426203552318856,1.027301611695177,0.9815013329053682
1999-01-25,1.0499999999999998,7.25,6.2,1.0435756460901926,1.028821654856887,0.9838346489703663
1999-01-26,1.0599999999999996,7.26,6.2,1.0457017694520423,1.030909575359954,0.9864291204351634
1999-01-27,1.0599999999999996,7.26,6.2,1.0475526673423374,1.0328576740730218,0.9889352146773698
1999-01-28,1.0500000000000007,7.23,6.18,1.047869473176299,1.0340056443584527,0.9910153054388748
1999-01-29,1.0499999999999998,7.21,6.16,1.0481452686735095,1.0350767385080635,0.9930245406728735
1999-02-01,1.04,7.28,6.24,1.047090868231922,1.0354064346020606,0.9946246972679971
1999-02-02,1.0300000000000002,7.32,6.29,1.0448784649665197,1.0350443818503088,0.995829709944444
1999-02-03,1.0300000000000002,7.32,6.29,1.0429524560575854,1.0347065746882476,0.996993675465439
1999-02-04,1.0099999999999998,7.37,6.36,1.0386867791829217,1.0330520492920032,0.997436718626281
1999-02-05,0.9899999999999993,7.39,6.4,1.0323843030427664,1.0301689823427078,0.9971833966891169
1999-02-08,0.9899999999999993,7.39,6.4,1.0268976788887938,1.0274789857622058,0.9969387038270965
1999-02-09,0.9800000000000004,7.36,6.38,1.0208268007739203,1.0242994601208444,0.9963617093914908
1999-02-10,0.9900000000000002,7.36,6.37,1.0168362887783537,1.022002527884649,0.9961450062153033
1999-02-11,0.9900000000000002,7.37,6.38,1.0133623463127734,1.019859414328954,0.9959356847448304
1999-02-12,0.9900000000000002,7.37,6.38,1.010338103742504,1.017859818676881,0.9957334935320766
1999-02-15,0.9900000000000002,7.37,6.38,1.007705347669412,1.0159941299637634,0.9955381896942884
1999-02-16,1.0099999999999998,7.37,6.36,1.008002389121038,1.0155927210117506,0.9960308120436935
1999-02-17,1.0099999999999998,7.35,6.34,1.008260978724073,1.0152181932164244,0.9965066538674241
1999-02-18,1.0,7.39,6.39,1.0071915996816192,1.0141990763425057,0.9966256500610359
1999-02-19,1.0099999999999998,7.41,6.4,1.0075551455208724,1.0139178767615395,0.9970812295182008
1999-02-22,1.0,7.37,6.37,1.0065771361889797,1.01298583819066,0.9971806535558366
1999-02-23,0.9800000000000004,7.41,6.43,1.0031367408801142,1.0107768752853807,0.9965954174242545
1999-02-24,0.9500000000000002,7.47,6.52,0.9962582197049037,1.0067068297637782,0.9950082064515051
1999-02-25,0.9399999999999995,7.56,6.62,0.9889756248541409,1.0022396729304346,0.9931344250005067
1999-02-26,0.9400000000000004,7.53,6.59,0.9826357578045521,0.9980716682265558,0.9913244714245221
1999-03-01,0.9300000000000006,7.61,6.68,0.9758220886062713,0.9935131122443244,0.9892355348010594
1999-03-02,0.9299999999999997,7.58,6.65,0.9698904450475944,0.989259829119135,0.9872177550276353
1999-03-03,0.9100000000000001,7.63,6.72,0.9621376606722388,0.9839520354717227,0.9845874348192121
1999-03-04,0.9099999999999993,7.64,6.73,0.9553884698671596,0.9789996888864174,0.9820467129731909
1999-03-05,0.9199999999999999,7.58,6.66,0.9508074523770438,0.975048656221435,0.9799331741511776
1999-03-08,0.9199999999999999,7.56,6.64,0.946819445020554,0.9713622123943668,0.9778916302204019
1999-03-09,0.9299999999999997,7.5,6.57,0.9446421773369714,0.968592308766897,0.9762602654813213
1999-03-10,0.9199999999999999,7.51,6.59,0.9414522613615435,0.9653382272144581,0.9743438343033647
1999-03-11,0.9199999999999999,7.52,6.6,0.9386752782122674,0.9623020617688813,0.9724926838066922
1999-03-12,0.9100000000000001,7.49,6.58,0.9349632796003625,0.9587995491557623,0.9703639535808973
1999-03-15,0.9199999999999999,7.47,6.55,0.933026291484853,0.9562012594190803,0.9686483724320732
1999-03-16,0.9300000000000006,7.45,6.52,0.9326345397568372,0.9544466394578165,0.9673318669859571
1999-03-17,0.9300000000000006,7.48,6.55,0.9322935000693408,0.9528095211463483,0.966060206548326
1999-03-18,0.9299999999999997,7.47,6.54,0.9319966077772842,0.9512820357506995,0.9648318635335618
1999-03-19,0.9199999999999999,7.5,6.58,0.9304436536581575,0.9491871713978365,0.9633047256804683
1999-03-22,0.9199999999999999,7.53,6.61,0.9290917285749787,0.947232593843821,0.961829607748889
1999-03-23,0.9199999999999999,7.53,6.61,0.9279148094322831,0.9454089085014071,0.9604047377493281
1999-03-24,0.9199999999999999,7.5,6.58,0.9268902418096556,0.9437073499107529,0.9590284040527571
1999-03-25,0.8900000000000006,7.53,6.64,0.922114820787526,0.9401107293547439,0.9566770432022612
1999-03-26,0.8700000000000001,7.54,6.67,0.9153685865926574,0.9354156235486842,0.9537245049128525
1999-03-29,0.8700000000000001,7.57,6.7,0.9094956486141869,0.9310349349328745,0.950872540916571
1999-03-30,0.8700000000000001,7.53,6.66,0.9043829591488262,0.9269476079286743,0.948117725283777
1999-03-31,0.8599999999999994,7.56,6.7,0.8986376100877593,0.9224643269019241,0.9451161120738196
1999-04-01,0.8399999999999999,7.59,6.75,0.8910470044922374,0.9169419376243716,0.941535471407438
1999-04-02,0.8500000000000005,7.53,6.68,0.8857334928823359,0.9124590363209378,0.9384174372177058
1999-04-05,0.8499999999999996,7.52,6.67,0.8811078123572555,0.9082763415070307,0.9354056147190137
1999-04-06,0.8700000000000001,7.47,6.6,0.8796699123045965,0.9057130894213894,0.933177659372757
1999-04-07,0.8700000000000001,7.47,6.6,0.8784181476037906,0.9033214906598604,0.9310255963645853
1999-04-08,0.8800000000000008,7.4,6.52,0.8786229175054286,0.9017597201974673,0.9292874772336084
1999-04-09,0.8600000000000003,7.4,6.54,0.8762121913245682,0.898963196661583,0.9269272913994955
1999-04-12,0.8500000000000005,7.4,6.55,0.8728190379228287,0.8956842778563618,0.9243068654485606
1999-04-13,0.8399999999999999,7.43,6.59,0.8685706319505553,0.8919552683498881,0.9214350641145435
1999-04-14,0.8400000000000007,7.44,6.6,0.8648721797382822,0.8884759794545938,0.9186610868765616
1999-04-15,0.8399999999999999,7.45,6.61,0.861652490081564,0.8852296881281965,0.9159816014867842
1999-04-16,0.8499999999999996,7.5,6.65,0.860144081804308,0.8828704613051599,0.9137340259167265
1999-04-19,0.8399999999999999,7.47,6.63,0.8575364417618235,0.8799995547601163,0.9112223743108522
1999-04-20,0.8300000000000001,7.45,6.62,0.8539718648869263,0.8766512341533398,0.9084556420683843
1999-04-21,0.8399999999999999,7.46,6.62,0.852163214847611,0.8741968106456066,0.9061237915937282
1999-04-22,0.8299999999999992,7.52,6.69,0.8492941991700407,0.8712370824530561,0.9035307357958858
1999-04-23,0.8299999999999992,7.52,6.69,0.8467965759558264,0.8684755584034248,0.9010260089978206
1999-04-26,0.8300000000000001,7.5,6.67,0.8446222686597908,0.8658989653581967,0.8986066023895379
1999-04-27,0.8300000000000001,7.48,6.65,0.8427294242184482,0.8634949190412344,0.8962696096521569
1999-04-28,0.8200000000000003,7.5,6.68,0.8397871130567667,0.8605821944296943,0.8936715867559354
1999-04-29,0.8300000000000001,7.46,6.63,0.8385201767846111,0.858534196356498,0.891502698767848
1999-04-30,0.7999999999999998,7.58,6.78,0.8335337615981094,0.8546143363337062,0.8883857809345311
1999-05-03,0.8100000000000005,7.58,6.77,0.8304873294157109,0.8516266476948672,0.8857156734758082
1999-05-04,0.7999999999999998,7.63,6.83,0.8265407617962416,0.8481693655417588,0.8827958829685428
1999-05-05,0.8000000000000007,7.61,6.81,0.8231050751320264,0.8449436072318572,0.8799755512447255
1999-05-06,0.79,7.69,6.9,0.8188196418041461,0.8412641982213632,0.8769106536623195
1999-05-07,0.79,7.71,6.92,0.815088955406592,0.8378311882252144,0.8739501577430396
1999-05-10,0.7999999999999998,7.67,6.87,0.8131356986287587,0.8352977467231639,0.8714311438937249
1999-05-11,0.7800000000000002,7.71,6.93,0.8088463011064765,0.8315946220503584,0.8683166634821039
1999-05-12,0.7800000000000002,7.7,6.92,0.8051121636772527,0.8281394845588569,0.8653082737067944
1999-05-13,0.7800000000000002,7.61,6.83,0.8018614082348168,0.8249157272889902,0.862402360731257
1999-05-14,0.7599999999999998,7.74,6.98,0.7964424725191888,0.820568515230234,0.8589141603979881
1999-05-17,0.7699999999999996,7.75,6.98,0.793019509346522,0.8171820930428397,0.8558854176842675
1999-05-18,0.7700000000000005,7.79,7.02,0.7900396468284151,0.8140224494187288,0.8529598450661183
1999-05-19,0.79,7.74,6.95,0.7900345145688097,0.8124137378451982,0.8508152016128434
1999-05-20,0.79,7.81,7.02,0.7900300466773192,0.8109127568732271,0.8487436125887343
1999-05-21,0.79,7.75,6.96,0.7900261571518655,0.809512292106709,0.8467425894917454
1999-05-24,0.7899999999999991,7.77,6.98,0.7900227711232907,0.8082056122760627,0.844809728587346
1999-05-25,0.79,7.76,6.97,0.7900198234142076,0.8069864368846941,0.8429427080210282
1999-05-26,0.7999999999999998,7.79,6.99,0.7913117516514436,0.8065185761067093,0.8414799217399235
1999-05-27,0.7999999999999998,7.81,7.01,0.7924364405061075,0.8060820465654033,0.8400669633295516
1999-05-28,0.8000000000000007,7.82,7.02,0.7934155390220682,0.8056747501015844,0.8387021354697135
1999-05-31,0.8000000000000007,7.82,7.02,0.7942678937866602,0.8052947290635052,0.8373837986571672
1999-06-01,0.7800000000000002,7.9,7.12,0.7924209229730264,0.8036008167282354,0.8354290958146665
1999-06-02,0.7800000000000002,7.9,7.12,0.7908130414908259,0.8020203406346574,0.8335409773268425
1999-06-03,0.79,7.92,7.13,0.7907077937278216,0.8012153743816459,0.8320578117968902
1999-06-04,0.79,7.94,7.15,0.7906161702284527,0.8004643143105125,0.8306251683297002
1999-06-07,0.79,7.94,7.15,0.7905364073394658,0.799763550485519,0.8292413259583445
1999-06-08,0.79,7.96,7.17,0.7904669697115282,0.7991097147175245,0.8279046223383466
1999-06-09,0.7799999999999994,7.97,7.19,0.7891120263783743,0.7978299942903068,0.8262728150400337
1999-06-10,0.7799999999999994,8.01,7.23,0.7879324796964629,0.796635972911769,0.8246965930887885
1999-06-11,0.7599999999999998,8.09,7.33,0.7843166359340132,0.7941825714037293,0.8224927896221289
1999-06-14,0.7600000000000007,8.06,7.3,0.7811688611098221,0.7918934668552421,0.820364055791872
1999-06-15,0.79,8.07,7.28,0.7823120470646093,0.7917666670443224,0.8193297445828701
1999-06-16,0.7800000000000011,8.05,7.27,0.7820127538744629,0.7909786885527818,0.8179900290999293
1999-06-17,0.79,7.94,7.15,0.783046698386229,0.7909131487081849,0.8170365859552854
1999-06-18,0.79,7.97,7.18,0.7839467993633639,0.7908519978709158,0.8161156205843094
1999-06-21,0.7999999999999998,8.02,7.22,0.7860248771430707,0.7914646122069153,0.8155666633855535
1999-06-22,0.7900000000000009,8.06,7.27,0.786539454557729,0.7913665315088596,0.8146957689734988
1999-06-23,0.79,8.1,7.31,0.7869874202159192,0.7912750189817407,0.8138545404222376
1999-06-24,0.7700000000000005,8.15,7.38,0.7847884082379164,0.7898502946055359,0.8123606937821424
1999-06-25,0.7700000000000005,8.15,7.38,0.7828740571217712,0.7885209797586902,0.8109177330426321
1999-06-28,0.7699999999999996,8.09,7.32,0.7812075176792642,0.7872806851504432,0.809523924843127
1999-06-29,0.7800000000000011,8.05,7.27,0.7810512051958737,0.7867931194463558,0.8085182315784231
1999-06-30,0.7800000000000002,7.99,7.21,0.7809151272754077,0.7863382045589002,0.8075467959182906
1999-07-01,0.7800000000000002,7.98,7.2,0.7807966645650938,0.785913753960563,0.8066084509229555
1999-07-02,0.7800000000000002,7.96,7.18,0.7806935367859005,0.7855177275490367,0.8057020694028966
1999-07-05,0.7800000000000002,7.96,7.18,0.7806037588396323,0.7851482218415629,0.8048265625648056
1999-07-06,0.7699999999999996,8.0,7.23,0.779231108230898,0.7841337907412965,0.8036402419929197
1999-07-07,0.7400000000000002,8.0,7.26,0.7741526633691395,0.7811782828032114,0.8014724217225296
1999-07-08,0.75,7.96,7.21,0.771026114701106,0.779090366474861,0.7997190820795318
1999-07-09,0.7400000000000002,7.95,7.21,0.767009801629938,0.7764726015723097,0.7976848309106644
1999-07-12,0.75,7.86,7.11,0.7648078923904978,0.7746998106387741,0.7960605105152493
1999-07-13,0.7699999999999996,7.85,7.08,0.7654800077958537,0.7743850783799519,0.7951727938570072
1999-07-14,0.7700000000000005,7.87,7.1,0.7660651182405863,0.7740914227989699,0.7943153160870194
1999-07-15,0.7700000000000005,7.87,7.1,0.7665744864678388,0.7738174324537649,0.7934870471577428
1999-07-16,0.7699999999999996,7.85,7.08,0.7670179172649985,0.7735617904223259,0.7926869921088348
1999-07-19,0.7699999999999996,7.85,7.08,0.7674039461952487,0.7733232679729698,0.7919141898719547
1999-07-20,0.7699999999999996,7.84,7.07,0.7677400038979266,0.7731007186584984,0.7911677121162779
1999-07-21,0.7600000000000007,7.9,7.14,0.7667380647532543,0.7722234027212209,0.790106025422584
1999-07-22,0.7599999999999998,7.96,7.2,0.7658658260664714,0.7714048380077398,0.7890805036752088
1999-07-23,0.7399999999999993,8.02,7.28,0.7625175094522861,0.7693017499550903,0.7874086415418136
1999-07-26,0.7399999999999993,8.02,7.28,0.7596026305377134,0.7673394994178613,0.7857937291702133
1999-07-27,0.7400000000000002,7.99,7.25,0.7570650810566921,0.765508654928966,0.7842338266424544
1999-07-28,0.7400000000000002,7.99,7.25,0.7548560159265973,0.7638004166184533,0.7827270601213104
1999-07-29,0.75,8.08,7.33,0.7542274074002743,0.7628762440019698,0.7816122563100814
1999-07-30,0.7499999999999991,8.11,7.36,0.7536801718935908,0.7620139604609157,0.7805354268091912
1999-08-02,0.7499999999999991,8.11,7.36,0.753203775714992,0.7612094214690531,0.7794952780742234
1999-08-03,0.7500000000000009,8.14,7.39,0.7527890487533608,0.7604587600466676,0.7784905606236329
1999-08-04,0.7499999999999991,8.12,7.37,0.7524280079632986,0.7597583681741078,0.7775200675378026
1999-08-05,0.75,8.07,7.32,0.7521137037001371,0.7591048794500053,0.7765826330092288
1999-08-06,0.7400000000000011,8.21,7.47,0.7505455915797568,0.7578254828261886,0.7753364942313393
1999-08-09,0.7399999999999993,8.27,7.53,0.749180470690048,0.7566317635669066,0.7741328035148939
1999-08-10,0.7499999999999991,8.29,7.54,0.7492865582975835,0.7561876541999957,0.7733107516338411
1999-08-11,0.75,8.26,7.51,0.7493789129240824,0.7557732855088173,0.7725167018576714
1999-08-12,0.7400000000000011,8.3,7.56,0.7481648179291653,0.754716995764656,0.7714090636211428
1999-08-13,0.75,8.24,7.49,0.748402381214484,0.7544011126693635,0.7706797923199252
1999-08-16,0.7499999999999991,8.19,7.44,0.7486091920663365,0.7541063833199867,0.7699753626764367
1999-08-17,0.7600000000000007,8.13,7.37,0.7500837257369514,0.754501061198076,0.7696355652033713
1999-08-18,0.7699999999999996,8.12,7.35,0.7526618762215428,0.7555389787639949,0.769647979190412
1999-08-19,0.7600000000000007,8.13,7.37,0.7536117922111275,0.755837720010861,0.7693193336007299
1999-08-20,0.7699999999999996,8.11,7.34,0.7557332364779831,0.7567861255347518,0.7693425195970666
1999-08-23,0.7599999999999998,8.1,7.34,0.7562855666124568,0.7570013490932657,0.7690242790824988
1999-08-24,0.7599999999999998,8.1,7.34,0.7567663979221484,0.757202159773915,0.7687168790081421
1999-08-25,0.7800000000000002,8.0,7.22,0.7597739746237283,0.7587288629332778,0.76910122353031
1999-08-26,0.7799999999999994,8.02,7.24,0.7623922222154449,0.7601533273492467,0.7694724758670951
1999-08-27,0.7699999999999996,8.09,7.32,0.7633770447642237,0.7608127295599839,0.7694904452756426
1999-08-30,0.7599999999999998,8.18,7.42,0.7629398882217712,0.7607583034926622,0.7691671658694162
1999-08-31,0.7800000000000011,8.21,7.43,0.7651483100815681,0.7620468623455153,0.7695361719680521
1999-09-01,0.7800000000000002,8.22,7.44,0.7670708529756098,0.7632491302667641,0.7698926083643194
1999-09-02,0.7699999999999996,8.27,7.5,0.7674500294079399,0.7637012158173235,0.7698962665176734
1999-09-03,0.7800000000000002,8.17,7.39,0.7690746160317323,0.7647926966356247,0.7702404367716464
1999-09-06,0.7800000000000002,8.17,7.39,0.7704889008321981,0.7658110842487291,0.7705728833232942
1999-09-07,0.7700000000000005,8.21,7.44,0.770425612894866,0.7660916034052961,0.770553368814205
1999-09-08,0.7799999999999994,8.2,7.42,0.7716650119124103,0.7670230071177631,0.7708751557516862
1999-09-09,0.7700000000000005,8.23,7.46,0.7714494770582436,0.7672223674253027,0.7708453447340212
1999-09-10,0.7700000000000005,8.16,7.39,0.7712618430695388,0.7674083771694401,0.7708165491890564
1999-09-13,0.7699999999999996,8.19,7.42,0.7710984981949782,0.7675819303974676,0.7707887345260637
1999-09-14,0.7800000000000011,8.21,7.43,0.772250792589457,0.768413531369637,0.7711025040433538
1999-09-15,0.7799999999999994,8.19,7.41,0.7732539231236532,0.7691894425124649,0.7714055854190135
1999-09-16,0.7800000000000002,8.16,7.38,0.7741271989752573,0.7699133932072245,0.7716983427303837
1999-09-17,0.8000000000000007,8.15,7.35,0.7774764184938617,0.7719282032589451,0.7726624010744978
1999-09-20,0.8199999999999994,8.19,7.37,0.7829810721664626,0.775147427678144,0.7742748934737838
1999-09-21,0.8100000000000005,8.21,7.4,0.7864786571548568,0.7774814001837859,0.7754918217516176
1999-09-22,0.8099999999999996,8.2,7.39,0.7895234817366792,0.7796590735328894,0.7766672969848732
1999-09-23,0.8599999999999994,8.2,7.34,0.7986466273267163,0.7850392650355531,0.779505914770184
1999-09-24,0.9000000000000004,8.16,7.26,0.8117667643273109,0.7927378415468521,0.7836103856559542
1999-09-27,0.8800000000000008,8.21,7.33,0.8205995182496234,0.7985815272505006,0.7868937697740307
1999-09-28,0.8799999999999999,8.24,7.36,0.8282888771521485,0.8040338788041765,0.7900653097754957
1999-09-29,0.839999999999999,8.28,7.44,0.8298048754079727,0.8064424223466854,0.7917662686385429
1999-09-30,0.8099999999999996,8.2,7.39,0.8272411454424201,0.8066806626795033,0.7923873764661123
1999-10-01,0.8099999999999996,8.26,7.45,0.8250092888767692,0.8069029487699372,0.7929873270809412
1999-10-04,0.8200000000000003,8.23,7.41,0.8243608392533844,0.8077800191105037,0.7939074778861168
1999-10-05,0.8099999999999987,8.29,7.48,0.8225018367014387,0.8079286845895186,0.7944556482661738
1999-10-06,0.7999999999999989,8.28,7.48,0.8195889866156347,0.8073977243015102,0.7946445092399598
1999-10-07,0.7999999999999989,8.29,7.49,0.8170532033326409,0.8069023208356025,0.7948269369156558
1999-10-08,0.8100000000000005,8.3,7.49,0.8161401701342726,0.807109763142421,0.7953437871457634
1999-10-11,0.8100000000000005,8.3,7.49,0.8153453285691251,0.8073033136585231,0.7958430315596375
1999-10-12,0.8199999999999994,8.35,7.53,0.8159478731638935,0.8081535727602073,0.796665906586763
1999-10-13,0.8100000000000005,8.41,7.6,0.8151779243332414,0.8082772224688012,0.7971201147588768
1999-10-14,0.8199999999999994,8.45,7.63,0.8158021393120467,0.809062261810945,0.7978994876439677
1999-10-15,0.8200000000000003,8.4,7.58,0.8163455500134636,0.8097947294168196,0.7986523122274559
1999-10-18,0.8199999999999994,8.43,7.61,0.8168186165056832,0.8104781458583326,0.799379492841955
1999-10-19,0.7799999999999994,8.43,7.65,0.8120524673388064,0.8084371156066951,0.7987193561721834
1999-10-20,0.79,8.43,7.64,0.8091977878638673,0.8072024371298248,0.798422342891547
1999-10-21,0.8100000000000005,8.47,7.66,0.8093016337730068,0.8073897815462281,0.7988167203951103
1999-10-22,0.830000000000001,8.46,7.63,0.8119810256217816,0.8089039202367765,0.7998789373746159
1999-10-25,0.8400000000000007,8.47,7.63,0.8156080660720624,0.8109863316734525,0.8012456080550727
1999-10-26,0.8400000000000007,8.48,7.64,0.8187655881791521,0.8129292902458247,0.8025657249150024
1999-10-27,0.8599999999999994,8.45,7.59,0.8241033595621765,0.8160814748643009,0.8045221471699378
1999-10-28,0.870000000000001,8.38,7.51,0.8300446538134532,0.8196922371933862,0.8067525632114484
1999-10-29,0.9200000000000008,8.3,7.38,0.841689322705804,0.8264095479941806,0.810610186648318
1999-11-01,0.9100000000000001,8.33,7.42,0.850532101402398,0.8320073505010964,0.8139957685585506
1999-11-02,0.9300000000000006,8.3,7.37,0.8608191761118984,0.8385696250894201,0.8179472985416982
1999-11-03,0.9299999999999997,8.28,7.35,0.8697745947949231,0.8446924437798499,0.8217642249072563
1999-11-04,0.9400000000000004,8.23,7.29,0.8788652339410218,0.8510749057038509,0.8257917694593315
1999-11-05,0.9399999999999995,8.19,7.25,0.8867790949703797,0.8570299532461714,0.8296821210585442
1999-11-08,0.9399999999999995,8.2,7.26,0.8936685111473345,0.8625862090693265,0.8334399530005147
1999-11-09,0.8500000000000005,8.13,7.28,0.8880156469776151,0.8617433483000614,0.8340040489944942
1999-11-10,0.8200000000000012,8.13,7.31,0.8792110597893134,0.8589479211411692,0.8335270196758254
1999-11-11,0.7999999999999989,8.12,7.32,0.8689572327188695,0.8550003552072208,0.8323849663054579
1999-11-12,0.7800000000000002,8.06,7.28,0.8574417690526762,0.8499778057853165,0.8306005420439457
1999-11-15,0.7499999999999991,8.03,7.28,0.8435334925703393,0.8432825912191597,0.8278549916912815
1999-11-16,0.71,8.01,7.3,0.8262476571760077,0.83435705480499,0.8238404180197446
1999-11-17,0.7199999999999998,8.08,7.36,0.8124939578034669,0.8266989049480384,0.8203032321760134
1999-11-18,0.71,8.1,7.39,0.7992261727002572,0.8188839283927378,0.8165458991566433
1999-11-19,0.71,8.09,7.38,0.7876758949049661,0.8115922974385557,0.8129165546933649
1999-11-22,0.7199999999999989,8.12,7.4,0.7789152884310875,0.8054586352808246,0.8097514757368535
1999-11-23,0.7199999999999989,8.12,7.4,0.7712887375304367,0.7997357261287207,0.8066942109888435
1999-11-24,0.6999999999999993,8.11,7.41,0.7620604506137911,0.7930567229129759,0.8030598144800964
1999-11-25,0.6999999999999993,8.11,7.41,0.7540267602402471,0.7868249925621056,0.79954921885858
1999-11-26,0.6900000000000004,8.13,7.44,0.745738532193173,0.7803409124657505,0.7958175703008412
1999-11-29,0.6799999999999997,8.2,7.52,0.737228716231027,0.7736213817314521,0.7918723986813898
1999-11-30,0.6699999999999999,8.17,7.5,0.7285259967845958,0.7666821677840742,0.7877209773795669
1999-12-01,0.6799999999999997,8.18,7.5,0.7222443338353357,0.7608773223204701,0.7840516054382153
1999-12-02,0.6599999999999993,8.19,7.53,0.7141868398823434,0.754121869822891,0.779825952354223
1999-12-03,0.6700000000000008,8.13,7.46,0.7084668783498499,0.7484884798545219,0.7760848772377132
1999-12-06,0.669999999999999,8.12,7.45,0.7034873626157052,0.743232341159841,0.7724712368734397
1999-12-07,0.6600000000000001,8.08,7.42,0.697857948021365,0.7376585202649786,0.768640053655167
1999-12-08,0.6599999999999993,8.1,7.44,0.6929572579752347,0.7324579614811547,0.7649393746018702
1999-12-09,0.6600000000000001,8.09,7.43,0.6886909594950362,0.7276056685614205,0.7613647542625996
1999-12-10,0.6599999999999993,8.03,7.37,0.68497693094991,0.723078319182708,0.7579118986147846
1999-12-13,0.6600000000000001,8.06,7.4,0.6817436813078526,0.7188541528481557,0.7545766599060266
1999-12-14,0.6600000000000001,8.16,7.5,0.6789289740106825,0.7149128662962791,0.751355031671601
1999-12-15,0.6499999999999995,8.18,7.53,0.6751841346205785,0.7105658458296461,0.7479025072109277
1999-12-16,0.6500000000000004,8.24,7.59,0.67192406258007,0.7065099323193917,0.7445675884078617
1999-12-17,0.6400000000000006,8.23,7.59,0.6677915106617807,0.7020559611188727,0.7410056324712142
1999-12-20,0.6399999999999997,8.27,7.63,0.6641939152614633,0.6979002590454335,0.7375650098299769
1999-12-21,0.6400000000000006,8.3,7.66,0.6610620265592058,0.694022851907917,0.7342415874266843
1999-12-22,0.6199999999999992,8.28,7.66,0.6557465703511969,0.6890657629577298,0.7303500995694783
1999-12-23,0.6199999999999992,8.29,7.67,0.6511191969551389,0.6844406354252226,0.726591170074633
1999-12-24,0.6199999999999992,8.29,7.67,0.647090834438619,0.6801252388473282,0.7229602835176948
1999-12-27,0.6099999999999994,8.26,7.65,0.6422894468136631,0.6754291613839558,0.7191124415753918
1999-12-28,0.6199999999999992,8.28,7.66,0.6394040904791932,0.6717172362644488,0.7157363079661121
1999-12-29,0.6100000000000003,8.24,7.63,0.635597747529872,0.6675842175812026,0.7121345411508533
1999-12-30,0.6200000000000001,8.23,7.61,0.6335786278982808,0.6643976448797277,0.7089961004464304
1999-12-31,0.54,8.18,7.64,0.6214649272293268,0.6560671067422658,0.7032394728678394
2000-01-03,0.5199999999999996,8.27,7.75,0.6083303495542906,0.6469550996534943,0.6969976637360846
2000-01-04,0.5200000000000005,8.21,7.69,0.5968960355606312,0.6384532964205533,0.6909684735375079
2000-01-05,0.5099999999999989,8.29,7.78,0.5856473927055075,0.629851163432033,0.6848040229799535
2000-01-06,0.5200000000000005,8.24,7.72,0.5771493746987014,0.6224947596407885,0.6791901929493022
2000-01-07,0.5300000000000002,8.22,7.69,0.5710459147030146,0.6163006622891228,0.6741082272890383
2000-01-10,0.5499999999999998,8.27,7.72,0.5683215328997915,0.6118607052764918,0.6698806454569439
2000-01-11,0.5499999999999998,8.36,7.81,0.5659498207863619,0.6077180789027019,0.6657970705818214
2000-01-12,0.5500000000000007,8.4,7.85,0.5638851254700397,0.6038528718243454,0.6618525972580558
2000-01-13,0.580000000000001,8.38,7.8,0.5659711869004969,0.6022555163550132,0.6590643973084104
2000-01-14,0.5800000000000001,8.42,7.84,0.5677872088538516,0.6007651310029143,0.6563711736847413
2000-01-17,0.5800000000000001,8.42,7.84,0.5693681477883026,0.5993745522993028,0.6537696911447207
2000-01-18,0.5700000000000003,8.47,7.9,0.5694499407011869,0.5974074264068729,0.6509161879394997
2000-01-19,0.5599999999999996,8.43,7.87,0.5682266512005332,0.5949023629660977,0.6478192488181217
2000-01-20,0.5599999999999996,8.45,7.89,0.5671617158366649,0.5925650561299616,0.6448278028123141
2000-01-21,0.5599999999999996,8.42,7.86,0.5662346357557754,0.5903842717405021,0.6419382564392874
2000-01-24,0.5599999999999996,8.36,7.8,0.5654275656691363,0.588349527957708,0.6391471386234678
2000-01-25,0.5600000000000005,8.33,7.77,0.5647249703505934,0.5864510448790367,0.6364510965268584
2000-01-26,0.5499999999999989,8.28,7.73,0.5628188312332277,0.5840100274481299,0.633506254810681
2000-01-27,0.5600000000000005,8.23,7.67,0.5624539351179232,0.5824021477368095,0.6310023619248435
2000-01-28,0.5699999999999994,8.26,7.69,0.5634307689662389,0.5815716130043568,0.628924397533428
2000-01-31,0.5799999999999992,8.36,7.78,0.5655756465901756,0.5814663667829931,0.6272578529482992
2000-02-01,0.5799999999999992,8.27,7.69,0.5674428710138948,0.5813681685862263,0.6256480769897502
2000-02-02,0.5700000000000003,8.22,7.65,0.5677738899207253,0.5806068763443015,0.6237524991992065
2000-02-03,0.5700000000000012,8.13,7.56,0.5680620586165284,0.5798965655663847,0.6219214917470173
2000-02-04,0.5700000000000012,8.13,7.56,0.5683129240369841,0.5792338221763441,0.6201528551304156
2000-02-07,0.6000000000000005,8.3,7.7,0.5724147981711895,0.5806244709824091,0.6194663749020279
2000-02-08,0.5899999999999999,8.18,7.59,0.574691192642253,0.581252322113477,0.6184626419995881
2000-02-09,0.6099999999999994,8.26,7.65,0.579261897865399,0.5831774681018009,0.6181743733460873
2000-02-10,0.620000000000001,8.39,7.77,0.5845354222391081,0.5856433629070639,0.6182365608919322
2000-02-11,0.6199999999999992,8.36,7.74,0.5891262918531963,0.5879441241140333,0.6182966301016705
2000-02-14,0.6300000000000008,8.3,7.67,0.5944173703487988,0.5907604803104158,0.6186952898443581
2000-02-15,0.6399999999999997,8.33,7.69,0.6003180160806281,0.5940579036421917,0.6194210064834513
2000-02-16,0.6299999999999999,8.35,7.72,0.6041603321792443,0.5964648383131699,0.6197813658389052
2000-02-17,0.6200000000000001,8.33,7.71,0.6062107682562176,0.5980409176850344,0.6197888133210545
2000-02-18,0.6100000000000003,8.31,7.7,0.6067012821709907,0.5988417816516327,0.6194553704038701
2000-02-21,0.6100000000000003,8.31,7.7,0.6071282993358011,0.599589014154202,0.619133285776539
2000-02-22,0.6200000000000001,8.24,7.62,0.6087945337362026,0.6009558768160796,0.6191628092447632
2000-02-23,0.6099999999999994,8.28,7.67,0.6089505806650166,0.6015615346898794,0.6188506903245251
2000-02-24,0.6100000000000003,8.3,7.69,0.6090864274067964,0.6021266334677186,0.6185492033205224
2000-02-25,0.6299999999999999,8.35,7.72,0.6117936775984523,0.6039932294401835,0.6189392594921607
2000-02-28,0.6300000000000008,8.38,7.75,0.6141504757777819,0.6057348250643632,0.6193160289186673
2000-02-29,0.6399999999999997,8.33,7.69,0.6174966821274113,0.6080294613242707,0.6200206009061099
2000-03-01,0.6299999999999999,8.35,7.72,0.6191152295829474,0.6095007625737091,0.6203605358743719
2000-03-02,0.6399999999999997,8.35,7.71,0.6218187513491247,0.6115432052645564,0.6210295281204397
2000-03-03,0.6400000000000006,8.32,7.68,0.6241723037455538,0.6134488716784403,0.6216757320346855
2000-03-06,0.6399999999999997,8.33,7.69,0.6262211901100119,0.6152269213134575,0.622299923871349
2000-03-07,0.6399999999999997,8.34,7.7,0.6280048492887207,0.6168859002835184,0.6229028534426007
2000-03-08,0.6499999999999995,8.36,7.71,0.6308521091585125,0.6191034524794831,0.6238258817300071
2000-03-09,0.6600000000000001,8.4,7.74,0.6346252872090492,0.6218421719234049,0.6250581049961899
2000-03-10,0.6700000000000008,8.48,7.81,0.6392045238533993,0.6250671576037793,0.6265889909250938
2000-03-13,0.6799999999999997,8.53,7.85,0.6444854752606431,0.6287458457254342,0.6284083659700135
2000-03-14,0.6800000000000006,8.46,7.78,0.6490828104829588,0.6321781831085129,0.6301657664218407
2000-03-15,0.7100000000000009,8.46,7.75,0.6569685063515232,0.6373896773789063,0.6328852134949843
2000-03-16,0.71,8.42,7.71,0.6638334033318836,0.6422521734683881,0.6355120262175219
2000-03-17,0.7199999999999998,8.36,7.64,0.671104137632145,0.6474587128257254,0.6383899967662544
2000-03-20,0.7200000000000006,8.32,7.6,0.6774336794728142,0.652316585817856,0.6411699330728511
2000-03-21,0.7200000000000006,8.31,7.59,0.6829438656876151,0.6568491415882095,0.64385517454349
2000-03-22,0.71,8.33,7.62,0.6864462670337377,0.6604084955732978,0.646108310121164
2000-03-23,0.6799999999999997,8.28,7.6,0.6856118013973775,0.6617204800160474,0.6472627854973778
2000-03-24,0.7000000000000002,8.33,7.63,0.6874743456016705,0.6642839449547797,0.649059208625615
2000-03-27,0.7000000000000002,8.32,7.62,0.6890957845078818,0.6666757423152649,0.6507944389873
2000-03-28,0.7000000000000002,8.33,7.63,0.6905073290610342,0.6689073681616682,0.6524705610327051
2000-03-29,0.7100000000000009,8.38,7.67,0.6930306443339374,0.6716592187857606,0.6544302249188252
2000-03-30,0.7299999999999995,8.36,7.63,0.6978163066002144,0.6755661263750838,0.6570044088804137
2000-03-31,0.7300000000000004,8.33,7.6,0.701982467581867,0.679211400050808,0.6594909066862477
2000-04-03,0.7300000000000004,8.3,7.57,0.705609321371227,0.6826125606534393,0.6618927052486947
2000-04-04,0.7299999999999995,8.28,7.55,0.708766680980547,0.6857859557052094,0.6642126897349218
2000-04-05,0.7199999999999998,8.35,7.63,0.71022082779993,0.6880771678990586,0.6661130103219589
2000-04-06,0.7200000000000006,8.32,7.6,0.7114867361326593,0.6902149444665314,0.667948599013582
2000-04-07,0.7199999999999998,8.26,7.54,0.712588773344798,0.6922095605325178,0.6697216608157842
2000-04-10,0.7200000000000006,8.24,7.52,0.7135481524605987,0.6940706031275325,0.6714343256239604
2000-04-11,0.7199999999999998,8.34,7.62,0.7143833404902734,0.6958070172673365,0.6730886507814489
2000-04-12,0.7400000000000002,8.41,7.67,0.7176994026340425,0.6987664891160086,0.6753678969724244
2000-04-13,0.7500000000000009,8.39,7.64,0.7218806967682645,0.7021974440729759,0.6779101403816028
2000-04-14,0.7500000000000009,8.38,7.63,0.7255207247321183,0.7053986382403032,0.680365785647498
2000-04-17,0.7599999999999998,8.51,7.75,0.7299840474935034,0.7090551280953666,0.6830784193315299
2000-04-18,0.7600000000000007,8.48,7.72,0.7338695956375998,0.7124667537633605,0.6856986507540017
2000-04-19,0.7700000000000005,8.41,7.64,0.7385466561301958,0.7163195831510045,0.688570264185909
2000-04-20,0.7800000000000002,8.4,7.62,0.743912768143634,0.7205840701650709,0.6916846966331686
2000-04-21,0.7800000000000002,8.4,7.62,0.7485842399796429,0.724562977241175,0.6946930400779587
2000-04-24,0.7999999999999998,8.42,7.62,0.7552399811519797,0.7296147689827033,0.6982801817226676
2000-04-25,0.7999999999999998,8.5,7.7,0.7610341403787106,0.7343282573439223,0.7017451321542911
2000-04-26,0.7999999999999998,8.51,7.71,0.7660782489573688,0.7387260974901644,0.7050920536541201
2000-04-27,0.8200000000000003,8.57,7.75,0.7730583892559241,0.7441687676073773,0.7090062401423677
2000-04-28,0.8399999999999999,8.57,7.73,0.7817239430587948,0.7505862985580523,0.7134683684910558
2000-05-01,0.8499999999999996,8.59,7.74,0.7905622401701955,0.7572437367438725,0.7181191370781306
2000-05-02,0.8500000000000005,8.64,7.79,0.7982564246991041,0.7634553462103597,0.7226114834138087
2000-05-03,0.8500000000000005,8.74,7.89,0.8049546013748498,0.7692509827731346,0.7269508039415525
2000-05-04,0.8899999999999997,8.84,7.95,0.8159636803211321,0.7773371832316883,0.7325048581251559
2000-05-05,0.879999999999999,8.87,7.99,0.8242531458321507,0.7842122049510669,0.7375290841231638
2000-05-08,0.8699999999999992,8.92,8.05,0.830175050335153,0.7899571569481474,0.7420415298286167
2000-05-09,0.8800000000000008,8.89,8.01,0.8366248620030665,0.7959870567808508,0.7467409017785662
2000-05-10,0.8800000000000008,8.88,8.0,0.8422397491837226,0.8016131522604253,0.7512801958681528
2000-05-11,0.9000000000000004,8.92,8.02,0.8497167811157643,0.8082018251256683,0.7563461383584614
2000-05-12,0.9100000000000001,9.03,8.12,0.8575204098430251,0.8150189443640152,0.761580152960846
2000-05-15,0.9299999999999997,8.99,8.06,0.8669028519613733,0.822718881689897,0.7673171512329156
2000-05-16,0.9199999999999999,8.94,8.02,0.8737762478655557,0.8292335071630785,0.7725180895721351
2000-05-17,0.9399999999999995,9.01,8.07,0.8823488752757765,0.8366512078263268,0.7782231382799882
2000-05-18,0.9600000000000009,9.08,8.12,0.8924007696307498,0.8449115074357458,0.7844151255066926
2000-05-19,0.9600000000000009,9.06,8.1,0.9011514519236649,0.8526186394913123,0.7903961909172048
2000-05-22,0.9599999999999991,9.01,8.05,0.9087693633229873,0.8598096479692866,0.7961735192828944
2000-05-23,0.9399999999999995,9.0,8.06,0.91281215164873,0.8651797559523938,0.8010727772139389
2000-05-24,0.9500000000000011,8.99,8.04,0.9176260976700312,0.8708599139533799,0.8061457851450595
2000-05-25,0.9400000000000004,8.89,7.95,0.9205223867235133,0.8754900186808098,0.8107053510919013
2000-05-26,0.9399999999999995,8.84,7.9,0.9230437527904903,0.8798100591457724,0.8151096014840843
2000-05-29,0.9399999999999995,8.84,7.9,0.925238729440373,0.8838407994243566,0.8193638269395753
2000-05-30,0.9299999999999988,8.87,7.94,0.9258550732323113,0.8869319429999598,0.8231325011477195
2000-05-31,0.9300000000000006,8.81,7.88,0.9263916316675674,0.8898160819375748,0.8267728004772481
2000-06-01,0.9400000000000013,8.71,7.77,0.9281532272826599,0.8931767488031775,0.830629734558552
2000-06-02,0.9300000000000006,8.65,7.72,0.9283922909706397,0.8956426917777174,0.8340146505952003
2000-06-05,0.9200000000000008,8.56,7.64,0.9273059136318355,0.8972738278435796,0.8369436272546076
2000-06-06,0.919999999999999,8.53,7.61,0.926360167227587,0.8987957316067144,0.839772832216502
2000-06-07,0.9100000000000001,8.49,7.58,0.9242423527955946,0.8995460479430315,0.8421650273604188
2000-06-08,0.9100000000000001,8.48,7.57,0.9223986882488671,0.9002461178389043,0.8444757355558055
2000-06-09,0.8900000000000006,8.47,7.58,0.9182046963051067,0.8995599659788716,0.8460264591257709
2000-06-12,0.8699999999999992,8.44,7.57,0.9119646255219291,0.8975804234869927,0.8468430859366174
2000-06-13,0.870000000000001,8.47,7.6,0.9065323283866265,0.8957334450339209,0.8476318954403881
2000-06-14,0.8200000000000003,8.41,7.59,0.8953307672203029,0.8906618027793877,0.8466906516429237
2000-06-15,0.8100000000000005,8.41,7.6,0.8842847474701252,0.8852601231500041,0.845440833353826
2000-06-16,0.7599999999999998,8.36,7.6,0.868196156919234,0.8768718274229172,0.8425304049100741
2000-06-19,0.7200000000000006,8.38,7.66,0.84901224788436,0.8663665904282504,0.838356569500512
2000-06-20,0.7200000000000006,8.39,7.67,0.8323116850678289,0.8565648577283131,0.8343249102474629
2000-06-21,0.7300000000000004,8.46,7.73,0.8190674950675743,0.8480891878296785,0.8307712208198483
2000-06-22,0.7300000000000004,8.49,7.76,0.8075377580024516,0.8401811081888769,0.8273385830999992
2000-06-23,0.7199999999999998,8.53,7.81,0.796206044538714,0.8321329388996765,0.8236822369116076
2000-06-26,0.7399999999999993,8.52,7.78,0.7889302037338244,0.8259630716006431,0.8208317127186174
2000-06-27,0.7400000000000002,8.48,7.74,0.782596216422675,0.8202063818572408,0.8180782878441291
2000-06-28,0.75,8.51,7.76,0.778376654568082,0.8155048704892369,0.815759291439647
2000-06-29,0.7599999999999998,8.44,7.68,0.7759978069857421,0.8117878753574357,0.8138599252766632
2000-06-30,0.7399999999999993,8.43,7.69,0.7713379111488627,0.8069804561008196,0.8113439850764035
2000-07-03,0.7400000000000002,8.41,7.67,0.7672812362031664,0.8024949753302476,0.8089137470355702
2000-07-04,0.7400000000000002,8.41,7.67,0.7637496955440811,0.7983098737884,0.8065662918239941
2000-07-05,0.7300000000000004,8.39,7.66,0.7593808164669726,0.7937353658922927,0.8039581628438572
2000-07-06,0.7199999999999998,8.43,7.71,0.7542829919583843,0.7887975290205469,0.8010982396006697
2000-07-07,0.7200000000000006,8.38,7.66,0.7498450779608481,0.7841903643123812,0.7983357358421385
2000-07-10,0.7100000000000009,8.38,7.67,0.7446871550633943,0.7792220575575867,0.7953266963922302
2000-07-11,0.7000000000000002,8.39,7.69,0.7389024280125392,0.7739167933586562,0.7920795191616441
2000-07-12,0.7700000000000005,8.38,7.61,0.7429279911891743,0.7736544974246585,0.7913274096834243
2000-07-13,0.6900000000000004,8.31,7.62,0.7360764925438681,0.7680524059876374,0.7878758261290708
2000-07-14,0.6699999999999999,8.34,7.67,0.7275229278046964,0.7614861296860268,0.7838605427600981
2000-07-17,0.6800000000000006,8.39,7.71,0.7213711115698596,0.7560292473497099,0.7803226713938312
2000-07-18,0.6800000000000006,8.38,7.7,0.716015644481328,0.7509377960989918,0.7769053129140909
2000-07-19,0.6800000000000006,8.4,7.72,0.7113534395906931,0.7461873041072704,0.7736043622095504
2000-07-20,0.6800000000000006,8.3,7.62,0.7072947544969489,0.741754938352963,0.7704158540040448
2000-07-21,0.6799999999999997,8.28,7.6,0.7037614639023482,0.7376193948736361,0.7673359580932718
2000-07-24,0.6900000000000004,8.3,7.61,0.7019800501519685,0.7344304664541214,0.7647016114545007
2000-07-25,0.6900000000000004,8.3,7.61,0.7004292394081121,0.7314550910310647,0.7621570003331306
2000-07-26,0.6900000000000004,8.31,7.62,0.6990791802414822,0.728678967599145,0.7596990680080131
2000-07-27,0.6899999999999995,8.26,7.57,0.6979038854734894,0.7260887528485854,0.7573248618811433
2000-07-28,0.6999999999999993,8.29,7.59,0.6981752263182129,0.7243416671157801,0.7553721666415955
2000-07-31,0.7100000000000009,8.31,7.6,0.6997059366104712,0.7233812485726614,0.7538266240811491
2000-08-01,0.6999999999999993,8.27,7.57,0.6997440029506009,0.7218154763016159,0.7519930916633628
2000-08-02,0.6999999999999993,8.28,7.58,0.6997771416244434,0.720354559115497,0.7502220160907617
2000-08-03,0.71,8.26,7.55,0.7011004848826626,0.7196611452675767,0.7488519065646664
2000-08-04,0.7000000000000002,8.24,7.54,0.7009580277345009,0.7183444971860469,0.7471878312880534
2000-08-07,0.71,8.26,7.55,0.7021285059509618,0.7177856911723678,0.7459210772350588
2000-08-08,0.71,8.24,7.53,0.7031474664216276,0.7172643067257359,0.7446974734754586
2000-08-09,0.7000000000000002,8.25,7.55,0.7027400286663036,0.7161081677511225,0.7431749134411001
2000-08-10,0.7100000000000009,8.23,7.52,0.703679827865937,0.7156991220296386,0.7420448541016957
2000-08-11,0.7000000000000002,8.24,7.54,0.7032034762215242,0.7146477987918152,0.7406126520211727
2000-08-14,0.7000000000000002,8.23,7.53,0.7027887880291537,0.7136668795261565,0.7392292360012337
2000-08-15,0.7000000000000002,8.24,7.54,0.7024277809896933,0.712751649489263,0.7378929442095581
2000-08-16,0.7000000000000002,8.25,7.55,0.7021135061081372,0.7118977096699959,0.7366021714219345
2000-08-17,0.71,8.27,7.56,0.7031344083000073,0.7117706257304646,0.7356960038047329
2000-08-18,0.71,8.24,7.53,0.7040231552782101,0.7116520522221873,0.7348207035831825
2000-08-21,0.71,8.26,7.55,0.7047968544607123,0.7115414192270424,0.7339752193004712
2000-08-22,0.7199999999999989,8.29,7.57,0.7067648930868999,0.7121078650772515,0.7334991720270166
2000-08-23,0.71,8.26,7.55,0.7071836758544775,0.7119667076587839,0.7326987039605499
2000-08-24,0.7100000000000009,8.22,7.51,0.7075482474286909,0.7118350031303535,0.7319255027750055
2000-08-25,0.7100000000000009,8.23,7.52,0.7078656254179843,0.7117121184601932,0.7311786396603203
2000-08-28,0.71,8.27,7.56,0.7081419190053412,0.7115974630087795,0.7304572174451119
2000-08-29,0.7200000000000006,8.3,7.58,0.7096769409104888,0.7121601557745829,0.7301010062297003
2000-08-30,0.7200000000000006,8.3,7.58,0.7110132550946869,0.7126851666891766,0.7297569288759638
2000-08-31,0.7200000000000006,8.24,7.52,0.7121765841604812,0.7131750191934094,0.7294245720600293
2000-09-01,0.7100000000000009,8.22,7.51,0.7118948265669685,0.7129623976562136,0.7287628998266008
2000-09-04,0.7100000000000009,8.22,7.51,0.7116495423352229,0.7127640147472987,0.7281237665784914
2000-09-05,0.7100000000000009,8.22,7.51,0.7114360100091092,0.712578916948324,0.7275064045551188
2000-09-06,0.7199999999999998,8.26,7.54,0.7125446136893676,0.7130758846798516,0.7272507088593961
2000-09-07,0.7199999999999998,8.27,7.55,0.7135097092476888,0.713539571969096,0.7270037230977479
2000-09-08,0.71,8.25,7.54,0.713055379362581,0.7133025374230855,0.7264245138670932
2000-09-11,0.7299999999999995,8.29,7.56,0.7152488509592557,0.7144207165407875,0.7265463080506582
2000-09-12,0.7599999999999998,8.34,7.58,0.7210418619944313,0.7174730248019469,0.7276858636094701
2000-09-13,0.75,8.32,7.57,0.7247904766472453,0.719651259025317,0.7284459650118033
2000-09-14,0.7599999999999989,8.37,7.61,0.7293483296118712,0.7223532935036477,0.7295208112807351
2000-09-15,0.7399999999999993,8.44,7.7,0.7307271823435697,0.7235350406469364,0.7298777709184026
2000-09-18,0.75,8.49,7.74,0.7332220377328911,0.725307319803911,0.730563207911137
2000-09-19,0.7299999999999995,8.43,7.7,0.7328049467633296,0.7256215745583176,0.7305440229821051
2000-09-20,0.7300000000000004,8.46,7.73,0.7324418479848324,0.7259147846119263,0.7305254915621853
2000-09-21,0.7299999999999995,8.43,7.7,0.7321257521386793,0.7261883592653933,0.7305075913904582
2000-09-22,0.71,8.4,7.69,0.7292615859876777,0.7251042732734624,0.72980902754279
2000-09-25,0.7099999999999991,8.37,7.66,0.7267681845315493,0.724092785277328,0.7291342593442537
2000-09-26,0.7000000000000002,8.33,7.63,0.723303058122355,0.7224793635217592,0.7281418395169328
2000-09-27,0.6999999999999993,8.37,7.67,0.7202864903749384,0.7209739877945504,0.7271832251521781
2000-09-28,0.6800000000000006,8.32,7.64,0.7150714268891266,0.718230082407142,0.7255759912903295
2000-09-29,0.7000000000000002,8.34,7.64,0.7131204391680056,0.7170092683242983,0.7247047791355946
2000-10-02,0.7199999999999998,8.41,7.69,0.7140109944424773,0.7172095486777361,0.7245445170866384
2000-10-03,0.71,8.41,7.7,0.7134917734712762,0.7167267467704184,0.7240490774406522
2000-10-04,0.7000000000000002,8.41,7.71,0.7117452709952833,0.7156066065778821,0.7232298775770528
2000-10-05,0.7200000000000006,8.39,7.67,0.712813841015087,0.7159008189923632,0.7231198560896551
2000-10-06,0.7199999999999998,8.35,7.63,0.7137440852477485,0.7161753288815937,0.7230135823380153
2000-10-09,0.7199999999999998,8.35,7.63,0.7145539098884949,0.716431455664749,0.7229109286604951
2000-10-10,0.7800000000000002,8.34,7.56,0.7230258693879004,0.7206884509112406,0.7248555920085901
2000-10-11,0.8000000000000007,8.38,7.58,0.7329901272364073,0.7259997080902965,0.7274152864055468
2000-10-12,0.8099999999999996,8.37,7.56,0.7429590118862915,0.7316249563495242,0.7302284249252641
2000-10-13,0.7999999999999989,8.37,7.57,0.7503429356666435,0.7362038284763367,0.7326051009090053
2000-10-16,0.7999999999999989,8.37,7.57,0.7567710146729644,0.7404760672346811,0.7349008185837842
2000-10-17,0.79,8.32,7.53,0.7610724881057905,0.7437925368593068,0.7367776989760565
2000-10-18,0.8099999999999996,8.34,7.53,0.767406126959818,0.7482262526037761,0.739271919353502
2000-10-19,0.8000000000000007,8.32,7.52,0.7716253854648673,0.7516933855838303,0.7413405407176699
2000-10-20,0.7999999999999989,8.29,7.49,0.7752984633331296,0.754928335040266,0.7433386972441095
2000-10-23,0.8199999999999994,8.27,7.45,0.7810850520744536,0.7592859897783385,0.745950062645379
2000-10-24,0.8499999999999988,8.29,7.44,0.7900060532638924,0.7653608356685826,0.7494943854868172
2000-10-25,0.8500000000000005,8.32,7.47,0.797772235874524,0.7710288673026822,0.7529179756808005
2000-10-26,0.8499999999999988,8.29,7.44,0.8045330905208696,0.7763173278143712,0.7562249458245199
2000-10-27,0.8400000000000007,8.3,7.46,0.8091242619745705,0.780581965861585,0.7590786317142568
2000-10-30,0.8400000000000007,8.3,7.46,0.813121108869779,0.7845610138565986,0.7618351105864939
2000-10-31,0.8399999999999999,8.33,7.49,0.8166005661858109,0.7882735969108546,0.7644976936691014
2000-11-01,0.8200000000000003,8.31,7.49,0.8170406209781699,0.7903982192150322,0.7663883059758696
2000-11-02,0.8199999999999994,8.28,7.46,0.817423710925539,0.7923805619193847,0.7682145170868894
2000-11-03,0.8099999999999996,8.35,7.54,0.8164627157279755,0.7935604829784458,0.7696378840325581
2000-11-06,0.8099999999999996,8.37,7.56,0.8156261208174117,0.7946613882539589,0.7710127658747702
2000-11-07,0.8099999999999996,8.37,7.56,0.8148978226467698,0.7956885691965696,0.772340814194142
2000-11-08,0.8199999999999994,8.35,7.53,0.8155582966311087,0.7973166329889352,0.7739642610231424
2000-11-09,0.8200000000000003,8.32,7.5,0.8161332726302174,0.7988356702195389,0.7755324072933518
2000-11-10,0.8000000000000007,8.32,7.52,0.8140448295760457,0.798913641901801,0.776365863323312
2000-11-13,0.7999999999999989,8.29,7.49,0.8122267342988245,0.7989863920537571,0.777170928781212
2000-11-14,0.8099999999999996,8.28,7.47,0.8119384847981524,0.7997239404303034,0.7782892074649116
2000-11-15,0.8200000000000003,8.24,7.42,0.8129820434000115,0.8010817674831074,0.7797100301821108
2000-11-16,0.8200000000000003,8.22,7.4,0.8138905139286923,0.8023486649201749,0.7810824544616153
2000-11-17,0.8199999999999994,8.29,7.47,0.8146813834591732,0.8035307220258521,0.7824081289318872
2000-11-20,0.839999999999999,8.29,7.45,0.8179588641085045,0.8059729604725933,0.784369919484554
2000-11-21,0.8700000000000001,8.31,7.44,0.8246955598350885,0.8102606597704983,0.7872867943813713
2000-11-22,0.8600000000000003,8.23,7.37,0.829265699727582,0.813591554588601,0.7897636731003843
2000-11-23,0.8600000000000003,8.23,7.37,0.8332442375853344,0.8166993893452298,0.7921561802374198
2000-11-24,0.8700000000000001,8.26,7.39,0.8380022503255343,0.8202687717900411,0.794807826509046
2000-11-27,0.879999999999999,8.29,7.41,0.8434388353637242,0.8242687934550942,0.7977097846850193
2000-11-28,0.8099999999999996,8.19,7.38,0.8391101969618564,0.8233132550430273,0.7981284345369516
2000-11-29,0.8099999999999996,8.18,7.37,0.8353418983628051,0.8224217061798882,0.798532823638032
2000-11-30,0.8099999999999996,8.12,7.31,0.832061403894733,0.8215898616770123,0.7989234377617869
2000-12-01,0.8199999999999994,8.18,7.36,0.8305000619547018,0.8214833933966325,0.7996413828452644
2000-12-04,0.8199999999999994,8.19,7.37,0.8291408348493098,0.8213840549784859,0.8003348720835683
2000-12-05,0.8099999999999996,8.12,7.31,0.8266630645600247,0.8206216988723961,0.8006641018218129
2000-12-06,0.8000000000000007,8.05,7.25,0.8232115458719305,0.819240725389483,0.8006414800757944
2000-12-07,0.8099999999999987,8.04,7.23,0.8215013187008214,0.8186219016541194,0.8009602656202428
2000-12-08,0.8200000000000003,8.09,7.27,0.8213069738406872,0.8187141887777112,0.8016088288695132
2000-12-11,0.8300000000000001,8.08,7.25,0.8224322811802622,0.8194699657933482,0.8025759363843405
2000-12-12,0.8300000000000001,8.08,7.25,0.8234119181186106,0.8201751306831828,0.8035101006668885
2000-12-13,0.8199999999999994,8.03,7.21,0.8229702472400766,0.8201634027052399,0.8040718071738341
2000-12-14,0.8200000000000003,8.0,7.18,0.8225857504079775,0.8201524601148953,0.8046143798950862
2000-12-15,0.7999999999999998,7.97,7.17,0.8196620377401305,0.8188029101478269,0.8044571971761242
2000-12-18,0.8100000000000005,7.98,7.17,0.8184112923972591,0.8182134055894567,0.8046460053883511
2000-12-19,0.8099999999999996,8.0,7.19,0.8173224553344822,0.8176633783878358,0.8048283820997404
2000-12-20,0.7999999999999998,7.95,7.15,0.8150800732491054,0.8164805147778489,0.8046639096800696
2000-12-21,0.7800000000000002,7.92,7.14,0.8105389775274779,0.8140375238359792,0.8038237663733004
2000-12-22,0.79,7.92,7.13,0.8078802184560724,0.812427802773821,0.8033528781425406
2000-12-25,0.79,7.92,7.13,0.8055656342487916,0.8109258799156558,0.8028980300935865
2000-12-26,0.79,7.93,7.14,0.8035506716633469,0.8095245363382444,0.8024586758389611
2000-12-27,0.8099999999999996,7.97,7.16,0.804385533583645,0.8095563767173051,0.8027155610246539
2000-12-28,0.8099999999999996,7.96,7.15,0.8051123230986349,0.8095860848414317,0.8029636957578771
2000-12-29,0.8399999999999999,8.0,7.16,0.8096285132214234,0.8116228137552544,0.8042252882434201
2001-01-01,0.8399999999999999,8.0,7.16,0.8135600850767692,0.8135231490266679,0.8054439062575046
2001-01-02,0.8300000000000001,7.91,7.08,0.8156882228030411,0.8146265544452458,0.8062803769576397
2001-01-03,0.8599999999999994,7.97,7.11,0.8214243574005351,0.8176650783577152,0.8081102645272359
2001-01-04,0.8500000000000005,7.94,7.09,0.8251234582384872,0.8198304513289908,0.8095371826978054
2001-01-05,0.8399999999999999,7.92,7.08,0.8270492181896167,0.8211811456655411,0.8105748580864098
2001-01-08,0.8099999999999996,7.88,7.07,0.8248422064987293,0.8204323777891286,0.8105552763096394
2001-01-09,0.8200000000000003,7.9,7.08,0.824215385595065,0.8204034227420648,0.8108769982708236
2001-01-10,0.8199999999999994,7.93,7.11,0.8236697063042941,0.8203764067278826,0.8111877612009444
2001-01-11,0.8200000000000003,7.99,7.17,0.8231946648903347,0.8203511998953509,0.8114879384048311
2001-01-12,0.8200000000000003,8.05,7.23,0.8227811173198233,0.8203276810889867,0.8117778904711804
2001-01-15,0.8200000000000003,8.05,7.23,0.8224211032493648,0.8203057372667273,0.8120579657057141
2001-01-16,0.7799999999999994,7.97,7.19,0.8169297153293775,0.8176065826180711,0.8109659537065761
2001-01-17,0.7800000000000002,7.91,7.13,0.8121491844823552,0.815088182281615,0.8099111396449868
2001-01-18,0.75,7.84,7.09,0.8041040075595091,0.8107294214279082,0.8078703462903823
2001-01-19,0.7399999999999993,7.89,7.15,0.7958057798904695,0.8059928836645487,0.8055584331385899
2001-01-22,0.7599999999999998,7.96,7.2,0.7911707418529053,0.8029128778349381,0.8040065456574574
2001-01-23,0.7299999999999995,7.97,7.24,0.7832522237772884,0.79803012052789,0.8014856110287734
2001-01-24,0.7200000000000006,7.94,7.22,0.7750642590390511,0.7928046767861149,0.7987099119773313
2001-01-25,0.7299999999999995,7.92,7.19,0.7692307160909684,0.788598835464251,0.7963694001361327
2001-01-26,0.7300000000000004,7.94,7.21,0.764152321991503,0.7846746467537834,0.7941086147204401
2001-01-29,0.7199999999999998,7.97,7.25,0.7584368287805348,0.7803435791372687,0.7915842032447676
2001-01-30,0.7199999999999998,7.89,7.17,0.7534612029462112,0.7763025501624838,0.7891457824912608
2001-01-31,0.6999999999999993,7.81,7.11,0.7465406803393125,0.7711927966399895,0.7861091498787411
2001-02-01,0.6900000000000004,7.73,7.04,0.7392215211185347,0.7657555579402492,0.7828353194099591
2001-02-02,0.7000000000000002,7.8,7.1,0.7341443173030713,0.7613521049351626,0.7800136443361729
2001-02-05,0.6899999999999995,7.77,7.08,0.7284298602945115,0.756573867920103,0.7769474491632296
2001-02-06,0.6899999999999995,7.8,7.11,0.7234551365267783,0.7521156151436699,0.7739856998541096
2001-02-07,0.7199999999999998,7.87,7.15,0.7230078710496518,0.749964928472543,0.7721467487315171
2001-02-08,0.7199999999999998,7.88,7.16,0.7226185038365964,0.7479582668539232,0.770370439035088
2001-02-09,0.7000000000000002,7.82,7.12,0.7196905512558647,0.7447466451916365,0.7679733635463825
2001-02-12,0.7199999999999998,7.87,7.15,0.7197306092214817,0.7430894363936524,0.7663392146701696
2001-02-13,0.7999999999999998,7.89,7.09,0.7301214366423241,0.7469005665883237,0.7674858245897763
2001-02-14,0.8000000000000007,7.9,7.1,0.7391671773066514,0.7504564767949942,0.7685933767662301
2001-02-15,0.8099999999999996,7.96,7.15,0.7483364463044508,0.754443928417392,0.7700038383603981
2001-02-16,0.7999999999999998,7.92,7.12,0.75502426422846,0.7574946822486144,0.7710256177440066
2001-02-19,0.7999999999999998,7.92,7.12,0.7608463478894282,0.7603411362222021,0.7720125915707805
2001-02-20,0.8200000000000003,7.92,7.1,0.7685037548341188,0.7643363118577144,0.7736472188672625
2001-02-21,0.8300000000000001,7.96,7.13,0.7764644091302455,0.7687336126172634,0.7755668014679383
2001-02-22,0.8300000000000001,7.99,7.16,0.7833945612119444,0.7728364392996323,0.7774209960383031
2001-02-23,0.8399999999999999,7.96,7.12,0.7907221033774339,0.7773341820374721,0.7795526666454651
2001-02-26,0.8500000000000005,7.94,7.09,0.7983955937042158,0.7822003944839535,0.7819523614369757
2001-02-27,0.8399999999999999,7.82,6.98,0.8037812606636042,0.7860710611557158,0.7839296771036759
2001-02-28,0.8300000000000001,7.8,6.97,0.8071752617017864,0.7890128507750801,0.7854990014291425
2001-03-01,0.8200000000000003,7.75,6.93,0.8088354168503649,0.7910879674594755,0.7866742320962246
2001-03-02,0.8200000000000003,7.82,7.0,0.8102806658501188,0.7930241197873049,0.7878094300924258
2001-03-05,0.8099999999999996,7.81,7.0,0.8102443338139189,0.7941609437011785,0.7885653223667276
2001-03-06,0.8200000000000003,7.84,7.02,0.8115071993063783,0.7958913080030227,0.789636102885981
2001-03-07,0.8099999999999996,7.77,6.96,0.8113120932051671,0.7968361248993887,0.7903297719790812
2001-03-08,0.8199999999999994,7.76,6.94,0.8124367378458939,0.7983873403192916,0.7913404488671106
2001-03-09,0.8099999999999996,7.77,6.96,0.8121213035043479,0.7991650053984097,0.7919760616793113
2001-03-12,0.8300000000000001,7.78,6.95,0.8144356906947097,0.8012299327428569,0.7932712966072493
2001-03-13,0.8399999999999999,7.8,6.96,0.8177449761340031,0.8038262481649846,0.7948630477893883
2001-03-14,0.8600000000000003,7.82,6.96,0.8232148651713653,0.8075880362795294,0.7970818515043286
2001-03-15,0.8700000000000001,7.84,6.97,0.8292711745210469,0.8117675787822026,0.7995657113300945
2001-03-16,0.8899999999999997,7.81,6.92,0.8371324867709853,0.817006569995991,0.8026462351932617
2001-03-19,0.8899999999999997,7.84,6.95,0.8439761565784158,0.8218947216408269,0.8056218251048148
2001-03-20,0.8999999999999995,7.84,6.94,0.851228411551326,0.8271251984777257,0.8088366922111179
2001-03-21,0.9000000000000004,7.83,6.93,0.8575418662031601,0.8320054059280213,0.8119420491417615
2001-03-22,0.9100000000000001,7.8,6.89,0.8643325420736976,0.8372284705693228,0.8152822629261002
2001-03-23,0.8999999999999995,7.84,6.94,0.8689496744109165,0.8414320921119545,0.8181680600560169
2001-03-26,0.9100000000000001,7.9,6.99,0.8742636159349341,0.8460238797797967,0.821296193052462
2001-03-27,0.9100000000000001,7.98,7.07,0.8788896707219902,0.8503081691640253,0.824317770355437
2001-03-28,0.9100000000000001,8.0,7.09,0.8829168853227007,0.8543055525048014,0.8272364216430351
2001-03-29,0.9100000000000001,8.0,7.09,0.8864227792618636,0.8580352430415653,0.8300556529531895
2001-03-30,0.9100000000000001,7.97,7.06,0.8894748372054584,0.8615151673605885,0.83277885089531
2001-04-02,0.9000000000000004,7.98,7.08,0.8908373136004284,0.8640923814736565,0.8350686500077061
2001-04-03,0.8899999999999997,7.97,7.08,0.8907289238265084,0.8658273371827714,0.8369398134455578
2001-04-04,0.8900000000000006,7.98,7.09,0.890634565047767,0.8674461080982306,0.8387472381875346
2001-04-05,0.8999999999999995,8.01,7.11,0.8918469153268203,0.8696261448527263,0.8408337321183592
2001-04-06,0.9000000000000004,7.95,7.05,0.8929023275451624,0.8716601910674335,0.8428491524062239
2001-04-09,0.8799999999999999,7.97,7.09,0.8912321285122723,0.8722186831228022,0.8441146466588215
2001-04-10,0.8700000000000001,8.08,7.21,0.8884836414363343,0.8720701045513404,0.8449963968206996
2001-04-11,0.8799999999999999,8.08,7.2,0.8873854388312031,0.872601145926963,0.8461887480458445
2001-04-12,0.8899999999999997,8.09,7.2,0.8877238923017317,0.873766295134922,0.8476811201218016
2001-04-13,0.8899999999999997,8.09,7.2,0.8880185331611499,0.8748534177860107,0.8491226565262415
2001-04-16,0.8899999999999997,8.18,7.29,0.8882750329272864,0.8758677390853233,0.8505150889087577
2001-04-17,0.8900000000000006,8.14,7.25,0.888498328943182,0.8768141343216006,0.8518600899326015
2001-04-18,0.8799999999999999,8.09,7.21,0.8873982250485629,0.8770274822154486,0.8528186385732218
2001-04-19,0.8799999999999999,8.18,7.3,0.886440528983418,0.8772265428390836,0.8537445355282385
2001-04-20,0.8600000000000003,8.16,7.3,0.883017817400362,0.8760729327989872,0.8539576196124269
2001-04-23,0.8499999999999996,8.1,7.25,0.8787436795366936,0.8743269064875772,0.8538228085597086
2001-04-24,0.8300000000000001,8.07,7.24,0.8724338376777945,0.8713584661656765,0.8530113162448444
2001-04-25,0.830000000000001,8.13,7.3,0.8669408012932205,0.868588813411935,0.8522274663372736
2001-04-26,0.8199999999999994,8.03,7.21,0.8608643410073845,0.8653349659329613,0.8511296805243752
2001-04-27,0.8099999999999996,8.1,7.29,0.8542799807156647,0.8616293488010182,0.8497286526155667
2001-04-30,0.7999999999999998,8.08,7.28,0.8472534677877246,0.8575022156782792,0.8480347121498594
2001-05-01,0.7900000000000009,8.05,7.26,0.8398420386332602,0.8529817942296677,0.8460578368042453
2001-05-02,0.79,8.01,7.22,0.8333900148080119,0.8487640918824625,0.8441483010901608
2001-05-03,0.7800000000000002,7.92,7.14,0.8264787074655032,0.8441591663594059,0.8419631744617956
2001-05-04,0.7800000000000002,7.94,7.16,0.8204620649653697,0.8398626189228242,0.8398524812681566
2001-05-07,0.7699999999999996,7.96,7.19,0.8139297790806881,0.8351841283301585,0.8374730493224547
2001-05-08,0.7699999999999996,8.0,7.23,0.8082430939241673,0.8308189422566069,0.8351746695638969
2001-05-09,0.7699999999999996,7.96,7.19,0.8032925469578703,0.8267460796357863,0.8329545810574404
2001-05-10,0.7900000000000009,8.05,7.26,0.8015718342418143,0.8242853046098275,0.8314913903371287
2001-05-11,0.79,8.18,7.39,0.8000738668175809,0.8219893203258581,0.8300780412642339
2001-05-14,0.7900000000000009,8.14,7.35,0.7987698104326153,0.8198470912408646,0.8287128360492726
2001-05-15,0.7899999999999991,8.19,7.4,0.7976345634121134,0.8178483208291359,0.8273941347357037
2001-05-16,0.7700000000000005,8.14,7.37,0.7940572847448578,0.8146440619232217,0.8254390798084236
2001-05-17,0.7600000000000007,8.07,7.31,0.7896485884189726,0.8109847125659462,0.8232099845183687
2001-05-18,0.7599999999999998,8.03,7.27,0.7858105953490715,0.8075704188880489,0.8210568203970693
2001-05-21,0.7599999999999998,8.02,7.26,0.7824694283201425,0.8043847702437753,0.8189770009501687
2001-05-22,0.7700000000000005,8.05,7.28,0.7808552678480808,0.8020821250438556,0.8173086644995546
2001-05-23,0.79,8.1,7.31,0.7820390482739545,0.8012730212737904,0.8163784311345401
2001-05-24,0.7999999999999998,8.17,7.37,0.7843640833575566,0.8011877708473747,0.815820521643646
2001-05-25,0.7999999999999998,8.17,7.37,0.7863881439592696,0.8011082293869862,0.8152816165981395
2001-05-28,0.7999999999999998,8.17,7.37,0.7881501910562363,0.8010340145802488,0.8147610686368438
2001-05-29,0.8099999999999996,8.18,7.37,0.7909786365160938,0.8016344398017341,0.8145988891608321
2001-05-30,0.8099999999999996,8.17,7.36,0.7934409413044251,0.8021946563423307,0.8144422341131464
2001-05-31,0.79,8.08,7.29,0.7929955133908362,0.8013780166878481,0.8136096418899743
2001-06-01,0.7999999999999998,8.02,7.22,0.7939022402367922,0.8012857350326505,0.8131460475251835
2001-06-04,0.7999999999999998,8.0,7.2,0.794691591803295,0.8011996332038376,0.8126982448863472
2001-06-05,0.79,7.95,7.16,0.794084267887114,0.8004496272722916,0.8119250593385554
2001-06-06,0.79,7.96,7.17,0.7935555617097794,0.799749846994311,0.8111782113289436
2001-06-07,0.79,8.01,7.22,0.7930952962492825,0.7990969289081281,0.8104568037042744
2001-06-08,0.7899999999999991,8.03,7.24,0.7926946118933812,0.7984877347929483,0.8097599698716429
2001-06-11,0.7800000000000002,7.98,7.2,0.7910513015346087,0.7972496665006037,0.8087462360467288
2001-06-12,0.79,7.95,7.16,0.7909152111431477,0.7967641780227025,0.8081076704281358
2001-06-13,0.79,7.95,7.16,0.7907967375762022,0.7963112012558097,0.8074908566987345
2001-06-14,0.79,7.93,7.14,0.790693600345762,0.795888558987899,0.8068950539093263
2001-06-15,0.7800000000000002,7.98,7.2,0.7893093198046668,0.7948245497236885,0.8059789096394104
2001-06-18,0.79,8.0,7.21,0.7893987279668953,0.7945014640615112,0.805434609317314
2001-06-19,0.79,7.99,7.2,0.7894765622928865,0.7942000144796073,0.8049088498623556
2001-06-20,0.8000000000000007,7.98,7.18,0.7908388153762608,0.7945884221590379,0.8047416364152871
2001-06-21,0.8099999999999996,7.96,7.15,0.7933192199323827,0.7956204894227447,0.8049207555828303
2001-06-22,0.7999999999999998,7.89,7.09,0.7941840431488782,0.7959137721446363,0.8047531365832155
2001-06-25,0.8100000000000005,7.91,7.1,0.7962314098541888,0.796857084684641,0.804931864012821
2001-06-26,0.7999999999999998,7.96,7.16,0.7967192517257318,0.7970675563211638,0.8047638666193009
2001-06-27,0.8100000000000005,7.94,7.13,0.7984384371088418,0.7979336033864542,0.8049422285444866
2001-06-28,0.8199999999999994,8.01,7.19,0.8012295692795574,0.7994113239552256,0.805455151518472
2001-06-29,0.8200000000000003,8.07,7.25,0.8036593909630079,0.800790085998162,0.8059506024529848
2001-07-02,0.839999999999999,8.04,7.2,0.8083636623323222,0.803415856640964,0.8071104499313334
2001-07-03,0.8399999999999999,8.08,7.24,0.8124589684227767,0.8058657872789073,0.8082307887466823
2001-07-04,0.8399999999999999,8.08,7.24,0.8160241394466918,0.8081516533910852,0.8093129647091324
2001-07-05,0.8499999999999996,8.11,7.26,0.820422295456847,0.8109541119726149,0.8106989144963037
2001-07-06,0.8499999999999996,8.1,7.25,0.8242511126489518,0.8135688982865976,0.8120376537457982
2001-07-09,0.8400000000000007,8.06,7.22,0.8262897972452579,0.8153389100987306,0.812990153911091
2001-07-10,0.839999999999999,8.03,7.19,0.828064575268955,0.8169903895148604,0.813910208424054
2001-07-11,0.8400000000000007,8.05,7.21,0.8296096092772104,0.8185312742949535,0.8147989225027165
2001-07-12,0.8499999999999996,8.01,7.16,0.8322491338704474,0.8206386407155692,0.8159980004280749
2001-07-13,0.8300000000000001,7.98,7.15,0.8319579847578464,0.8212655429419967,0.8164749599358875
2001-07-16,0.8399999999999999,7.95,7.11,0.8329990191009071,0.8225201334863533,0.8172763091626613
2001-07-17,0.8399999999999999,7.95,7.11,0.8339052921346692,0.8236907078551082,0.8180503614929578
2001-07-18,0.8300000000000001,7.9,7.07,0.8333997542676723,0.8241132222755719,0.8184574100485288
2001-07-19,0.8399999999999999,7.91,7.07,0.8342541523598292,0.8251771122538966,0.8191912297467426
2001-07-20,0.8399999999999999,7.92,7.08,0.8349979491002356,0.8261697567030388,0.819900052852128
2001-07-23,0.8400000000000007,7.9,7.06,0.8356454617715743,0.8270959267229545,0.8205847308404012
2001-07-24,0.8200000000000003,7.87,7.05,0.833620165558272,0.8266207337380442,0.8205648127613863
2001-07-25,0.8300000000000001,7.94,7.11,0.833151537165979,0.8268470330904081,0.8208862098760149
2001-07-26,0.8300000000000001,7.95,7.12,0.8327435724550918,0.8270581778521269,0.8211966590250463
2001-07-27,0.8200000000000003,7.9,7.08,0.8310939241791852,0.8265855127961688,0.821155896425628
2001-07-30,0.8200000000000003,7.87,7.05,0.8296578219433541,0.8261445007050133,0.8211165223499886
2001-07-31,0.8199999999999994,7.85,7.03,0.8284076223330006,0.8257330218742985,0.8210784894999105
2001-08-01,0.8100000000000005,7.87,7.06,0.826024765990936,0.8246794284652909,0.820701115477576
2001-08-02,0.8200000000000003,7.91,7.09,0.8252448634271368,0.8243660611396528,0.8206772329105622
2001-08-03,0.8099999999999996,7.92,7.11,0.8232714244438664,0.8234040090017309,0.8203135271607039
2001-08-06,0.8300000000000001,7.94,7.11,0.8241424347594273,0.8238457227867352,0.8206434839853802
2001-08-07,0.8200000000000003,7.94,7.12,0.8236061989132369,0.8235881862363288,0.8206215645585602
2001-08-08,0.8200000000000003,7.87,7.05,0.8231393784952764,0.8233478961382731,0.8206003917878855
2001-08-09,0.8200000000000003,7.88,7.06,0.8227329877174627,0.8231236975492475,0.8205799402395068
2001-08-10,0.8200000000000003,7.86,7.04,0.8223792039969187,0.8229145128690306,0.820560185345945
2001-08-13,0.8200000000000003,7.86,7.04,0.822071217379714,0.8227193366610642,0.8205411033765796
2001-08-14,0.8200000000000003,7.86,7.04,0.8218030994566188,0.8225372308198685,0.8205226714091421
2001-08-15,0.8100000000000005,7.86,7.05,0.8202751948805997,0.8216976499774494,0.8201642305914292
2001-08-16,0.8200000000000003,7.84,7.02,0.8202395710583223,0.8215839634370421,0.8201586362945823
2001-08-17,0.8299999999999992,7.81,6.98,0.8215030530868106,0.8221475602287802,0.8204938692707745
2001-08-20,0.8300000000000001,7.84,7.01,0.8226029780784256,0.8226734146293962,0.8208176829811323
2001-08-21,0.8499999999999996,7.85,7.0,0.8261495071335372,0.8245033943031796,0.8218117398292739
2001-08-22,0.8499999999999996,7.85,7.0,0.8292369400002105,0.8262108257126612,0.8227719354519104
2001-08-23,0.8499999999999996,7.81,6.96,0.831924706421432,0.8278039155484938,0.8236994232866895
2001-08-24,0.8399999999999999,7.84,7.0,0.832970048626396,0.8286206508391756,0.824254680770187
2001-08-27,0.8399999999999999,7.85,7.01,0.8338800718717646,0.8293826918107342,0.8247910241454046
2001-08-28,0.8399999999999999,7.8,6.96,0.8346722931206328,0.8300937011781011,0.8253090976963054
2001-08-29,0.8300000000000001,7.75,6.92,0.8340674674080515,0.8300874262905142,0.8254688870494242
2001-08-30,0.8399999999999999,7.76,6.92,0.8348354304103066,0.8307512416980094,0.8259638701013285
2001-08-31,0.8300000000000001,7.75,6.92,0.8342094866674716,0.830700933288861,0.8261013555026135
2001-09-03,0.8300000000000001,7.75,6.92,0.8336645709895549,0.8306539938833737,0.8262341576464115
2001-09-04,0.8399999999999999,7.87,7.03,0.8344846887062344,0.8312798679540829,0.8267030727724165
2001-09-05,0.8500000000000005,7.87,7.02,0.8364931370134977,0.832533499195234,0.8274966516385587
2001-09-06,0.8499999999999996,7.8,6.95,0.8382415928187368,0.8337031785024491,0.8282631982952324
2001-09-07,0.8499999999999996,7.79,6.94,0.8397637120048861,0.8347945278855988,0.8290036335587295
2001-09-10,0.8499999999999996,7.83,6.98,0.8410887937197922,0.8358127928653707,0.8297188468789584
2001-09-11,0.8499999999999996,7.83,6.98,0.8422423443531171,0.8367628676856245,0.8304096974078984
2001-09-12,0.8499999999999996,7.83,6.98,0.8432465685067487,0.8376493188373497,0.8310770150316584
2001-09-13,0.8599999999999994,7.8,6.94,0.845415290776407,0.839146077091927,0.8320622380781316
2001-09-14,0.8599999999999994,7.93,7.07,0.8473032731698908,0.8405426019238026,0.8330139008108142
2001-09-17,0.8600000000000003,8.08,7.22,0.8489468573060315,0.8418456056654431,0.8339331464171961
2001-09-18,0.8599999999999994,8.2,7.34,0.8503776804015732,0.8430613511444894,0.8348210791436049
2001-09-19,0.8600000000000012,8.21,7.35,0.8516232842533744,0.8441956817857514,0.8356787656216845
2001-09-20,0.8699999999999992,8.27,7.4,0.8540021397552422,0.8459237197819919,0.8368478728604407
2001-09-21,0.8600000000000003,8.23,7.37,0.8547785593853547,0.8468663661584815,0.8376365193040128
2001-09-24,0.8600000000000012,8.21,7.35,0.8554544719317034,0.847745886327099,0.8383983015545365
2001-09-25,0.839999999999999,8.2,7.36,0.8534538992455885,0.8472271674918772,0.8384528612835443
2001-09-26,0.8499999999999996,8.11,7.26,0.8530067939338151,0.8474128557899157,0.8388461992186409
2001-09-27,0.8500000000000005,8.05,7.2,0.8526175661527982,0.8475861090981279,0.8392261386196949
2001-09-28,0.8499999999999996,8.02,7.17,0.8522787236887833,0.8477477601505827,0.8395931358899629
2001-10-01,0.8500000000000005,7.99,7.14,0.8519837441908666,0.8478985859156398,0.839947631885931
2001-10-02,0.8799999999999999,7.95,7.07,0.8556104327239107,0.8500483215843077,0.8413119625791496
2001-10-03,0.8899999999999997,7.93,7.04,0.8600621428362905,0.8527237659708901,0.8429704558711483
2001-10-04,0.8799999999999999,7.91,7.03,0.862643087215215,0.8545503737659615,0.8442318180824163
2001-10-05,0.8799999999999999,7.92,7.04,0.8648899297981237,0.8562546591013616,0.8454502136662132
2001-10-08,0.8799999999999999,7.92,7.04,0.8668459198743126,0.8578448135462821,0.8466271062236042
2001-10-09,0.8700000000000001,7.98,7.11,0.8672542137699017,0.8586588100203999,0.8474232727892779
2001-10-10,0.8799999999999999,7.95,7.07,0.868904148617736,0.8600879656703784,0.8485329557096889
2001-10-11,0.8900000000000006,7.99,7.1,0.8716349946959587,0.8620910851264815,0.849945475466853
2001-10-12,0.8899999999999997,8.01,7.12,0.8740123342876305,0.8639600616650149,0.8513098796156218
2001-10-15,0.8899999999999997,7.96,7.07,0.8760819286083066,0.8657038784358749,0.8526278071502533
2001-10-16,0.8799999999999999,7.92,7.04,0.8765891207429268,0.8666612469296505,0.8535602045240928
2001-10-17,0.8900000000000006,7.9,7.01,0.8783251515084587,0.868224173404033,0.8548014777312299
2001-10-18,0.8799999999999999,7.89,7.01,0.878541959702253,0.8690127652833463,0.8556598319053732
2001-10-19,0.8700000000000001,7.92,7.05,0.8774362078304492,0.8690788774389716,0.856148310674511
2001-10-22,0.8700000000000001,7.91,7.04,0.8764735949155846,0.8691405622613116,0.8566201500635298
2001-10-23,0.8700000000000001,7.94,7.07,0.8756355917003131,0.869198116235632,0.8570759168708006
2001-10-24,0.8799999999999999,7.89,7.01,0.8762005618962533,0.869921486077099,0.8578567952982131
2001-10-25,0.8799999999999999,7.86,6.98,0.8766923970185745,0.8705964140042703,0.8586110741397246
2001-10-26,0.8799999999999999,7.84,6.96,0.8771205643613601,0.8712261440272308,0.8593396594748799
2001-10-29,0.8799999999999999,7.82,6.94,0.8774933056828071,0.8718137029144141,0.8600434265188283
2001-10-30,0.8799999999999999,7.79,6.91,0.8778177958501566,0.8723619147406267,0.860723220673678
2001-10-31,0.8700000000000001,7.68,6.81,0.876805786581088,0.8722037443762019,0.8610392218332867
2001-11-01,0.8600000000000003,7.61,6.75,0.8746302869748006,0.8713864961232781,0.8610038221225835
2001-11-02,0.8700000000000001,7.74,6.87,0.8740308989341353,0.8712936466256564,0.8613102649667335
2001-11-05,0.8700000000000001,7.65,6.78,0.8735091013377012,0.8712070149811277,0.861606269242637
2001-11-06,0.8700000000000001,7.66,6.79,0.873054850146199,0.8711261847986714,0.8618921905262492
2001-11-07,0.8700000000000001,7.57,6.7,0.8726594015155588,0.8710507675717277,0.8621683722813032
2001-11-08,0.8599999999999994,7.6,6.74,0.8710206491203614,0.870310730726227,0.8620945095611444
2001-11-09,0.8600000000000003,7.61,6.75,0.8695940322996196,0.869620251934422,0.8620231628763898
2001-11-12,0.8600000000000003,7.61,6.75,0.8683520902227151,0.8689760124417116,0.861954246521637
2001-11-13,0.8700000000000001,7.65,6.78,0.8685654112151234,0.8690445858251937,0.8622283144216758
2001-11-14,0.8500000000000005,7.73,6.88,0.86616212919115,0.86776922688506,0.8618117731414122
2001-11-15,0.8300000000000001,7.89,7.06,0.8614809619373429,0.8652399347486,0.8607281473648057
2001-11-16,0.8100000000000005,7.98,7.17,0.8548167804135802,0.8615406815707843,0.8590001604387191
2001-11-19,0.8099999999999996,7.88,7.07,0.8490152734341609,0.8580891563118348,0.8573310350909047
2001-11-20,0.8099999999999996,7.96,7.15,0.843964768265261,0.8548687693741123,0.8557187662799215
2001-11-21,0.7999999999999998,7.99,7.19,0.8382735537785064,0.8511943720310711,0.8538207805526488
2001-11-22,0.7999999999999998,7.99,7.19,0.8333190638012232,0.8477660380859986,0.8519874471868952
2001-11-23,0.7999999999999998,8.01,7.21,0.8290059297606543,0.8445672894092404,0.8502165638858838
2001-11-26,0.79,8.01,7.22,0.8239566341250267,0.8409130812775584,0.8481653666603991
2001-11-27,0.8700000000000001,7.99,7.12,0.8299169219014925,0.8428609452098124,0.8489091344285259
2001-11-28,0.8700000000000001,7.99,7.12,0.8351056537827017,0.84467836652163,0.8496275667360429
2001-11-29,0.8600000000000003,7.86,7.0,0.8383282128776424,0.845704410480446,0.8499808898909953
2001-11-30,0.8600000000000003,7.88,7.02,0.8411336135129979,0.8466617433447883,0.8503221775622142
2001-12-03,0.8799999999999999,7.89,7.01,0.8461648453504554,0.8488943066603659,0.8513331131439618
2001-12-04,0.8699999999999992,7.85,6.98,0.8492502926935886,0.8503076918048627,0.8519689758378229
2001-12-05,0.8799999999999999,7.99,7.11,0.8532308249832127,0.8522960968590582,0.852923815424783
2001-12-06,0.8700000000000001,8.07,7.2,0.8554015852431245,0.8534816742905292,0.8535054929593718
2001-12-07,1.2800000000000002,8.16,6.88,0.9103656108587607,0.8820443306180221,0.868033461562564
2001-12-10,1.29,8.17,6.88,0.9595090686865142,0.9093639013821325,0.8824071909326183
2001-12-11,1.4400000000000004,8.14,6.7,1.0217083490863657,0.9448990134891507,0.901400848974561
2001-12-12,1.4300000000000006,8.06,6.63,1.0745614733080313,0.9773847753583259,0.9194068765856974
2001-12-13,1.419999999999999,8.11,6.69,1.1192782960041234,1.0070253928528428,0.9364589160841663
2001-12-14,1.42,8.15,6.73,1.1582065511910193,1.0346810668647501,0.952930100517999
2001-12-17,1.4500000000000002,8.23,6.78,1.1959790487732231,1.0624937333749425,0.969862126075314
2001-12-18,1.4399999999999995,8.1,6.66,1.2275674234534732,1.087774198726931,0.9858767479726569
2001-12-19,1.4099999999999993,8.02,6.61,1.2511832177238578,1.1093526966878435,1.000323942925041
2001-12-20,1.4100000000000001,8.0,6.59,1.2717419607286264,1.1294861471931847,1.0142790133806086
2001-12-21,1.3900000000000006,7.99,6.6,1.2870503972980107,1.1469319805788776,1.027077449484844
2001-12-24,1.3900000000000006,7.99,6.6,1.3003771653766711,1.1632095186925833,1.0394399238713483
2001-12-25,1.3900000000000006,7.99,6.6,1.3119787908344658,1.1783969987736687,1.0513812869966759
2001-12-26,1.379999999999999,8.04,6.66,1.3207840980448606,1.1918977486629974,1.0625752467455616
2001-12-27,1.38,8.01,6.63,1.3284495631968654,1.204494393720228,1.0733878991315327
2001-12-28,1.3399999999999999,8.02,6.68,1.329944760734715,1.2135687988027755,1.0824696860401721
2001-12-31,1.3099999999999996,7.92,6.61,1.3273629226924126,1.2200265078694659,1.0902202038145263
2002-01-01,1.3099999999999996,7.92,6.61,1.3251153021303468,1.2260517634784345,1.0977067105007527
2002-01-02,1.3199999999999994,8.02,6.7,1.324453129151003,1.2323431958286761,1.1052788359964691
2002-01-03,1.29,7.98,6.69,1.31999319098972,1.2362042995215778,1.111571116967705
2002-01-04,1.29,7.96,6.67,1.316110589311149,1.2398068366507997,1.1176490597496243
2002-01-07,1.2999999999999998,7.89,6.59,1.3140250825998534,1.243837792730232,1.123860602198558
2002-01-08,1.3000000000000007,7.9,6.6,1.3122095435575771,1.2475988077397782,1.1298605567086422
2002-01-09,1.2800000000000002,7.88,6.6,1.30804003628756,1.249768618656086,1.1349748573203258
2002-01-10,1.29,7.82,6.53,1.3057047637520178,1.2524627939110298,1.1402555827889451
2002-01-11,1.2999999999999998,7.78,6.48,1.3049662852977906,1.2556462183935062,1.1456970640729147
2002-01-14,1.2999999999999998,7.79,6.49,1.3043234024634809,1.2586164584617228,1.1509531885282656
2002-01-15,1.29,7.74,6.45,1.3024692460829004,1.2607181203535216,1.1556896333782878
2002-01-16,1.29,7.75,6.46,1.300855109201347,1.2626790402356256,1.1602647375288733
2002-01-17,1.29,7.8,6.51,1.2994499214298736,1.264508643179389,1.1646839968365386
2002-01-18,1.3399999999999999,7.8,6.46,1.3046991062590743,1.2695640735104927,1.1706559035025095
2002-01-21,1.3399999999999999,7.8,6.46,1.3092687870689805,1.2742809567958282,1.1764243851041192
2002-01-22,1.3399999999999999,7.81,6.47,1.3132469252721277,1.2786819645182748,1.1819963710458485
2002-01-23,1.3499999999999996,7.92,6.57,1.3180045900927861,1.2834579200039578,1.187719191401975
2002-01-24,1.3499999999999996,7.92,6.57,1.3221463778823845,1.287914044038211,1.193247071487868
2002-01-25,1.3500000000000005,7.91,6.56,1.3257520135756726,1.2920717547765497,1.1985866516847725
2002-01-28,1.3600000000000003,7.9,6.54,1.330185396126544,1.2966207061493182,1.2040849828889217
2002-01-29,1.37,7.86,6.49,1.3353393741705508,1.30153469794164,1.2097366574582222
2002-01-30,1.4000000000000004,7.91,6.51,1.3437096557610932,1.308128624657913,1.2162177253762247
2002-01-31,1.38,7.92,6.54,1.3484074203806093,1.3129416356587076,1.2217967509069496
2002-02-01,1.38,7.88,6.5,1.3524970620163617,1.3174323337110787,1.227185734347076
2002-02-04,1.42,7.87,6.45,1.3612352793142002,1.3243009834874988,1.2337536960708746
2002-02-05,1.4500000000000002,7.9,6.45,1.3727258224061538,1.3327186705901064,1.2411198390391343
2002-02-06,1.4399999999999995,7.93,6.49,1.3814344268003937,1.3399029802846412,1.2478944274254788
2002-02-07,1.4400000000000004,7.98,6.54,1.3890157072613225,1.34660617825106,1.2544382484613616
2002-02-08,1.4299999999999997,7.93,6.5,1.394321100870051,1.3521908130178995,1.2604185262191518
2002-02-11,1.4100000000000001,7.93,6.52,1.3963507255305596,1.35606212133178,1.2655138203409595
2002-02-12,1.38,7.96,6.58,1.394234133320929,1.3576651694551456,1.269413639907516
2002-02-13,1.37,7.94,6.57,1.3910970384135282,1.3584911961566348,1.2728399805923534
2002-02-14,1.37,7.9,6.53,1.388366038674777,1.3592619063210147,1.276149607535111
2002-02-15,1.3599999999999994,7.84,6.48,1.3846940709468065,1.3593113342466618,1.2790058597235578
2002-02-18,1.3599999999999994,7.84,6.48,1.3814974373728168,1.3593574521319938,1.2817648174769496
2002-02-19,1.3600000000000003,7.87,6.51,1.378714606214329,1.3594004816405085,1.2844297950009196
2002-02-20,1.37,7.89,6.52,1.3775865053487881,1.3601102996761945,1.2873446303178417
2002-02-21,1.3499999999999996,7.85,6.5,1.374015447770759,1.3594332431522134,1.289478902221787
2002-02-22,1.3500000000000005,7.82,6.47,1.3709066615846428,1.3588015270782037,1.2915404729896112
2002-02-25,1.3499999999999996,7.84,6.49,1.368200306019152,1.3582121151398687,1.293531819088902
2002-02-26,1.3499999999999996,7.89,6.54,1.3658442866571345,1.3576621743557964,1.2954553326296698
2002-02-27,1.3399999999999999,7.84,6.5,1.3624987583073551,1.3564793913762334,1.296972687527125
2002-02-28,1.3400000000000007,7.86,6.52,1.3595863067179315,1.355375815834473,1.298438355746449
2002-03-01,1.3399999999999999,7.95,6.61,1.3570508703461859,1.3543461434453574,1.2998540979256445
2002-03-04,1.3399999999999999,7.96,6.62,1.354843644784561,1.353385425135838,1.3012216147289208
2002-03-05,1.3200000000000003,7.92,6.6,1.3503331545944899,1.351149703088219,1.3018612754681174
2002-03-06,1.3199999999999994,7.97,6.65,1.3464065448187814,1.349063700657884,1.3024791470142942
2002-03-07,1.3000000000000007,8.05,6.75,1.340399243732617,1.3457780514006918,1.3023946981658525
2002-03-08,1.2899999999999991,8.12,6.83,1.3338750900211283,1.3420427621604814,1.301972489244455
2002-03-11,1.2799999999999994,8.11,6.83,1.3269009899655226,1.3378879439818006,1.3012240255981296
2002-03-12,1.2799999999999994,8.1,6.82,1.3208296832336317,1.3340113615472544,1.3005010573712643
2002-03-13,1.2799999999999994,8.1,6.82,1.3155443037382404,1.3303943822414108,1.2998027160962768
2002-03-14,1.2799999999999994,8.19,6.91,1.3109431136412937,1.3270196212193528,1.2991281628887787
2002-03-15,1.2800000000000002,8.16,6.88,1.3069375450105642,1.3238708578472203,1.2984765874398634
2002-03-18,1.2799999999999994,8.12,6.84,1.3034504949827612,1.3209329577384779,1.2978472070427207
2002-03-19,1.29,8.16,6.87,1.3017093359838545,1.3188614700958137,1.297579902363159
2002-03-20,1.2800000000000011,8.21,6.93,1.2988990746695297,1.3162590336990154,1.2969810663515269
2002-03-21,1.29,8.17,6.88,1.2977470944663734,1.3145005447670584,1.2967432656035747
2002-03-22,1.2999999999999998,8.18,6.88,1.2980387318186484,1.3135294866629217,1.2968542019328335
2002-03-25,1.2600000000000007,8.15,6.89,1.2931146394117945,1.3099447770765353,1.295598812520456
2002-03-26,1.2599999999999998,8.11,6.85,1.2888279679932857,1.3066001247673587,1.2943861862800932
2002-03-27,1.3100000000000005,8.16,6.85,1.2915686756104314,1.3068278042408368,1.294918050094877
2002-03-28,1.33,8.23,6.9,1.296543588904445,1.3083795768703514,1.2961130700971202
2002-03-29,1.33,8.23,6.9,1.300874502474898,1.3098274319290524,1.2972673833310788
2002-04-01,1.3200000000000003,8.22,6.9,1.303350287356204,1.3105086583811518,1.2980417397079664
2002-04-02,1.3099999999999996,8.17,6.86,1.304211088912186,1.3104745950510364,1.2984490819531853
2002-04-03,1.3200000000000012,8.13,6.81,1.3062549545586712,1.311112482924869,1.2991831853368996
2002-04-04,1.3199999999999994,8.12,6.8,1.3080342429485203,1.311707653356056,1.299892282464416
2002-04-05,1.3100000000000005,8.07,6.76,1.3082887090915312,1.311593296919309,1.3002365884298686
2002-04-08,1.3099999999999996,8.1,6.79,1.3085102347356687,1.3114865985910293,1.3005691660701648
2002-04-09,1.3200000000000003,8.07,6.75,1.3099975783769962,1.3120567156152343,1.3012310516058667
2002-04-10,1.3200000000000003,8.08,6.76,1.3112923862217687,1.3125886536078544,1.301870390890391
2002-04-11,1.3100000000000005,8.05,6.74,1.3111250875533569,1.312415299219789,1.3021473152210703
2002-04-12,1.3199999999999994,8.04,6.72,1.312273939970371,1.3129232239411281,1.302755443203188
2002-04-15,1.2999999999999998,7.99,6.69,1.3106850853550693,1.3120577942940908,1.3026615826922483
2002-04-16,1.2799999999999994,8.01,6.73,1.306712918340645,1.309910979712287,1.3018896459933773
2002-04-17,1.299999999999999,8.03,6.73,1.3058439348428093,1.3092472710500156,1.3018252777138104
2002-04-18,1.2600000000000007,8.05,6.79,1.2999094633011183,1.30594932863282,1.3004005552111402
2002-04-19,1.25,8.01,6.76,1.2934487113905957,1.3022025694687562,1.298683727276423
2002-04-22,1.1799999999999997,7.96,6.78,1.2787628396063024,1.294019028964918,1.2946409238285055
2002-04-23,1.1900000000000004,7.96,6.77,1.2672725400190301,1.2870531857718914,1.291076469818211
2002-04-24,1.1899999999999995,7.92,6.73,1.257269653240889,1.2805538242589254,1.2876334341968856
2002-04-25,1.1999999999999993,7.93,6.73,1.2498561288886294,1.2751593756280353,1.2846483177192167
2002-04-26,1.2000000000000002,7.91,6.71,1.2434022810877605,1.2701261770842642,1.2817648852673642
2002-04-29,1.2199999999999998,7.95,6.73,1.2403728689833642,1.2667693769592347,1.2796609465316222
2002-04-30,1.2400000000000002,7.95,6.71,1.2403246013035034,1.2649767118658513,1.2783099490944396
2002-05-01,1.2300000000000004,7.94,6.71,1.2389880874805728,1.2626344261063163,1.2766643348788291
2002-05-02,1.2599999999999998,7.97,6.71,1.2417080677202836,1.262458006470959,1.2760966864568304
2002-05-03,1.2599999999999998,7.97,6.71,1.2440759480501185,1.2622934011308156,1.275548374223965
2002-05-06,1.2999999999999998,7.96,6.66,1.251315285073229,1.2648184992564064,1.2763812863616526
2002-05-07,1.2999999999999998,7.95,6.65,1.2576174939965883,1.2671744991144505,1.2771858264542475
2002-05-08,1.3399999999999999,8.1,6.76,1.2682818629929837,1.2720514050485892,1.2793255078007677
2002-05-09,1.3499999999999996,8.09,6.74,1.278860229797032,1.2772713892663943,1.281732940456446
2002-05-10,1.3600000000000003,8.08,6.72,1.289363727344088,1.2828114768415397,1.2843990038287572
2002-05-13,1.3500000000000005,8.13,6.78,1.2972130586832187,1.2873108912405218,1.2866336145845367
2002-05-14,1.3600000000000012,8.21,6.85,1.3053407928690355,1.2921786634019998,1.2891327430053021
2002-05-15,1.3499999999999996,8.19,6.84,1.3111219020757805,1.2960507853393113,1.2912061052268162
2002-05-16,1.3600000000000003,8.16,6.8,1.3174491443192278,1.300333272938708,1.293549477830349
2002-05-17,1.3600000000000012,8.21,6.85,1.3229573286183718,1.3043289751547926,1.2958130265603083
2002-05-20,1.37,8.17,6.8,1.3290469759297692,1.3087267672313883,1.2983401072216192
2002-05-21,1.370000000000001,8.13,6.76,1.334348321826981,1.312830052328771,1.3007811062385028
2002-05-22,1.379999999999999,8.11,6.73,1.3402579058510649,1.3173282227829424,1.303479592578532
2002-05-23,1.3500000000000005,8.13,6.78,1.3415190144509608,1.3195161539643447,1.305064248435219
2002-05-24,1.3499999999999996,8.12,6.77,1.3426168732529775,1.3215575659398051,1.3065949250960365
2002-05-27,1.3499999999999996,8.12,6.77,1.3435726148514928,1.323462270662228,1.3080734612905576
2002-05-28,1.3499999999999996,8.11,6.76,1.3444046362384459,1.3252394230073845,1.3095016331144758
2002-05-29,1.3399999999999999,8.08,6.74,1.3438344585584936,1.3262278946917705,1.3105405194523936
2002-05-30,1.3400000000000007,8.06,6.72,1.3433380900580323,1.3271501713845029,1.3115440175078121
2002-05-31,1.33,8.06,6.73,1.3416114818133145,1.3273410158815155,1.312172696024795
2002-06-03,1.3400000000000007,8.06,6.72,1.3414028764003225,1.3281887501781136,1.3131205961543149
2002-06-04,1.330000000000001,8.05,6.72,1.339926780473497,1.3283100441602649,1.313695570614859
2002-06-05,1.3200000000000003,8.07,6.75,1.337347269965881,1.3277535453626548,1.313910322623751
2002-06-06,1.299999999999999,8.03,6.73,1.33251268690637,1.3258949734554701,1.3134364859693461
2002-06-07,1.3000000000000007,8.06,6.76,1.328303937900611,1.3241608645489236,1.3129787899308805
2002-06-10,1.2999999999999998,8.02,6.72,1.3246400090828754,1.3225428837281976,1.3125366846997213
2002-06-11,1.2999999999999998,7.97,6.67,1.321450373786719,1.3210332542427865,1.312109639195737
2002-06-12,1.3100000000000005,7.98,6.67,1.3199681293499794,1.3202943902125333,1.3120377771400862
2002-06-13,1.3100000000000005,7.94,6.63,1.3186777606206332,1.319605005696047,1.311968362969862
2002-06-14,1.2999999999999998,7.85,6.55,1.3162599350294024,1.318292117113679,1.3115606765903485
2002-06-17,1.3100000000000005,7.86,6.55,1.3154495899660434,1.3177368188367495,1.3115075142163202
2002-06-18,1.3100000000000005,7.9,6.59,1.314744143614672,1.3172187072242307,1.3114561627479144
2002-06-19,1.3000000000000007,7.82,6.52,1.3128355225290718,1.3160656219118203,1.3110659237882862
2002-06-20,1.33,7.9,6.57,1.315057454469,1.3169987655271809,1.3117108879324741
2002-06-21,1.3200000000000003,7.84,6.52,1.3156972642038711,1.3171997492215222,1.3119932455194474
2002-06-24,1.33,7.9,6.57,1.3175487452960044,1.3180569437237355,1.312606621681204
2002-06-25,1.33,7.91,6.58,1.3191605532036932,1.3188567344744646,1.3131991039991413
2002-06-26,1.3500000000000005,7.87,6.52,1.3231527022197342,1.3209423058004846,1.3144526776157854
2002-06-27,1.37,7.98,6.61,1.3292170585284886,1.3242275528231282,1.316344823334587
2002-06-28,1.38,7.99,6.61,1.3357908816961415,1.3279624667652346,1.3185131523347482
2002-07-01,1.38,7.99,6.61,1.3415137271577509,1.3314472646937707,1.3206076200890653
2002-07-02,1.3900000000000006,7.95,6.56,1.3477902478650505,1.3353683662145661,1.3229713792934736
2002-07-03,1.4000000000000004,7.95,6.55,1.3545487708693689,1.3396965533812653,1.3255952568925935
2002-07-04,1.4000000000000004,7.95,6.55,1.360432406877828,1.343734894801342,1.3281297555882354
2002-07-05,1.4300000000000006,8.05,6.62,1.3694378926203377,1.3495118108312587,1.3315998300862233
2002-07-08,1.4299999999999997,8.03,6.6,1.3772776233062345,1.354901864076509,1.3349517011079055
2002-07-09,1.4100000000000001,7.97,6.56,1.3815135165368546,1.3585916214112035,1.3375081216761155
2002-07-10,1.3600000000000003,7.87,6.51,1.3787286039396394,1.3586859363120787,1.3382742776212029
2002-07-11,1.37,7.87,6.5,1.377598691076442,1.3594436053108208,1.3393549721929359
2002-07-12,1.38,7.87,6.49,1.3779095391639484,1.3608202055679437,1.3407394910509962
2002-07-15,1.4100000000000001,7.92,6.51,1.382063631242743,1.3641136292778933,1.3430987582463327
2002-07-16,1.4000000000000004,7.99,6.59,1.384385484074883,1.3665168321697538,1.3450370234291975
2002-07-17,1.4300000000000006,7.98,6.55,1.3902902574669096,1.3707681100071123,1.3479311743166713
2002-07-18,1.42,7.96,6.54,1.3941361669024352,1.374065022400925,1.350386103089521
2002-07-19,1.3600000000000003,7.86,6.5,1.3897172593256857,1.3731231299267672,1.35071358771163
2002-07-22,1.3599999999999994,7.81,6.45,1.3858703768455924,1.3722443131738977,1.3510299170052895
2002-07-23,1.3599999999999994,7.8,6.44,1.3825214711356133,1.3714243481499553,1.3513354709619383
2002-07-24,1.38,7.84,6.46,1.3821950681174429,1.3719986338999746,1.352311890050615
2002-07-25,1.3200000000000003,7.78,6.46,1.3741439515838807,1.3685164409435204,1.3512112284561142
2002-07-26,1.2599999999999998,7.77,6.51,1.3593680813481928,1.36124941952446,1.3481042391716243
2002-07-29,1.29,7.87,6.58,1.3503884222924405,1.356478059044168,1.34612499548041
2002-07-30,1.2400000000000002,7.86,6.62,1.3360987032080545,1.348677871878381,1.342509988541513
2002-07-31,1.2299999999999995,7.76,6.53,1.32236428584276,1.3407303698279078,1.3386774852991656
2002-08-01,1.2200000000000006,7.74,6.52,1.3091132867018205,1.332645418129878,1.3346348944759086
2002-08-02,1.2199999999999998,7.67,6.45,1.297577621935439,1.3251018914606345,1.330730009136746
2002-08-05,1.2200000000000006,7.65,6.43,1.2875352424750703,1.3180635322056926,1.3269581385273632
2002-08-06,1.2399999999999993,7.72,6.48,1.2813818321130903,1.3128358509838072,1.3239960250992593
2002-08-07,1.25,7.7,6.45,1.2773194716233152,1.3086279220191828,1.3214754488394094
2002-08-08,1.25,7.73,6.48,1.2737829814106294,1.3047017854691447,1.3190407326601947
2002-08-09,1.2299999999999995,7.63,6.4,1.268115299129807,1.299699230369417,1.3160076784305672
2002-08-12,1.2000000000000002,7.55,6.35,1.2592978120265375,1.2930226711654944,1.3120560310303162
2002-08-13,1.21,7.51,6.3,1.2529162380289687,1.287462891242918,1.3085796279580637
2002-08-14,1.1999999999999993,7.43,6.23,1.2460662608236304,1.281605763064838,1.3048810072258377
2002-08-15,1.2299999999999995,7.52,6.29,1.2439864924100739,1.2781498794929256,1.3023302852259204
2002-08-16,1.2699999999999996,7.64,6.37,1.2473539263142819,1.277604106443949,1.3012289970242186
2002-08-19,1.2600000000000007,7.61,6.35,1.248990953429414,1.27642521209873,1.299824586030827
2002-08-20,1.2400000000000002,7.53,6.29,1.2478270795725455,1.2739859246118408,1.2977867410100656
2002-08-21,1.21,7.52,6.31,1.2429303854297267,1.2697009786568345,1.2947964023395389
2002-08-22,1.21,7.58,6.37,1.238667565585407,1.2657029827138615,1.2919079255818884
2002-08-23,1.1899999999999995,7.52,6.33,1.232367576634627,1.2606333804297736,1.2884365675249154
2002-08-26,1.1899999999999995,7.51,6.32,1.226883117704766,1.2559032742447491,1.2850834566669793
2002-08-27,1.1900000000000004,7.57,6.38,1.2221086188940014,1.251489929120649,1.2818445650743868
2002-08-28,1.1799999999999997,7.52,6.34,1.2166576818977946,1.2467024624321934,1.2783753653089007
2002-08-29,1.1800000000000006,7.49,6.31,1.2119123656252553,1.242235598065981,1.2750243392231202
2002-08-30,1.1799999999999997,7.46,6.28,1.2077813278711778,1.2380678662435844,1.2717874613876898
2002-09-02,1.1799999999999997,7.46,6.28,1.2041850506273681,1.2341792349534106,1.2686608434941562
2002-09-03,1.17,7.37,6.2,1.1997598150799618,1.2298813435831244,1.265300092973374
2002-09-04,1.1900000000000004,7.36,6.17,1.1984964125155266,1.2272106093098698,1.2627350953744005
2002-09-05,1.1899999999999995,7.38,6.19,1.197396556701388,1.2247187261212953,1.2602574710099468
2002-09-06,1.21,7.47,6.26,1.1990280653369225,1.2237330570645633,1.2585455170483948
2002-09-09,1.21,7.46,6.25,1.2004483760986095,1.2228133953158953,1.2568918785234848
2002-09-10,1.1999999999999993,7.43,6.23,1.2003903340652131,1.2212856504787015,1.2549539322866132
2002-09-11,1.25,7.49,6.24,1.2068122773755388,1.2232085645661095,1.2547851831666734
2002-09-12,1.2399999999999993,7.43,6.19,1.2111084093747597,1.22433303676492,1.2542815455504979
2002-09-13,1.21,7.36,6.15,1.2109649264055597,1.2233731961705803,1.252773153548166
2002-09-16,1.2400000000000002,7.37,6.13,1.2147235003270156,1.2244866434833408,1.2523380530471089
2002-09-17,1.25,7.38,6.13,1.219290023338568,1.2261951966451163,1.252258410377156
2002-09-18,1.2400000000000002,7.37,6.13,1.2219709181515408,1.2271196630282155,1.251840843918164
2002-09-19,1.2299999999999995,7.34,6.11,1.223010278274073,1.227312550578582,1.251096864594932
2002-09-20,1.2699999999999996,7.38,6.11,1.2290930712823662,1.2301712013652584,1.2517407747816593
2002-09-23,1.2599999999999998,7.33,6.07,1.2330939557951108,1.232168746775878,1.2520221143128325
2002-09-24,1.2999999999999998,7.34,6.04,1.2417549055295185,1.2367112028846066,1.2536564172297615
2002-09-25,1.29,7.44,6.15,1.2480002058324478,1.2402797942120265,1.2548944130789395
2002-09-26,1.29,7.43,6.14,1.253437055529116,1.2436094076538216,1.2560902382447188
2002-09-27,1.29,7.4,6.11,1.258170108095107,1.2467160468440805,1.2572453292153876
2002-09-30,1.2999999999999998,7.39,6.09,1.2635849640395795,1.2502843137860253,1.258701710257921
2002-10-01,1.3099999999999996,7.46,6.15,1.2695933642992459,1.254283294650102,1.2604491183264133
2002-10-02,1.3000000000000007,7.44,6.14,1.2735294861627684,1.2573448056441778,1.2617963665504748
2002-10-03,1.3099999999999996,7.46,6.15,1.2782505736352987,1.2608709664902353,1.2634383592649268
2002-10-04,1.33,7.47,6.14,1.284949507727958,1.265500331062336,1.265705693101149
2002-10-07,1.37,7.5,6.13,1.2959592460439613,1.2724983612764855,1.2692583400663626
2002-10-08,1.38,7.54,6.16,1.3068382743037394,1.27969742442669,1.2730306075446585
2002-10-09,1.3999999999999995,7.51,6.11,1.3188980072174812,1.2877537280232518,1.2773556511658695
2002-10-10,1.4400000000000004,7.58,6.14,1.334574591966895,1.2979492054072084,1.282895914766788
2002-10-11,1.4799999999999995,7.71,6.23,1.3533998291192118,1.3101406025094346,1.2896100034937412
2002-10-14,1.4799999999999995,7.71,6.23,1.3697881499263442,1.321515578218738,1.2960953857107302
2002-10-15,1.46,7.81,6.35,1.3814660231023934,1.330789465664184,1.30167857857958
2002-10-16,1.4400000000000004,7.83,6.39,1.3890432134398263,1.3381029684413206,1.306390313981493
2002-10-17,1.4399999999999995,7.89,6.45,1.3956395407562803,1.3449267078160847,1.3109415503784818
2002-10-18,1.4500000000000002,7.9,6.45,1.4026764715843438,1.3519631518630204,1.3156783916666102
2002-10-21,1.4400000000000004,7.94,6.5,1.4075079813135516,1.3578587162172824,1.319913242040413
2002-10-22,1.4600000000000009,7.98,6.52,1.4143030435639619,1.364698812432801,1.3246851112855331
2002-10-23,1.46,7.99,6.53,1.4202184888336886,1.3710808478671659,1.3292944331462737
2002-10-24,1.4499999999999993,7.93,6.48,1.4240736886783578,1.3763658273959534,1.3334061078725192
2002-10-25,1.4400000000000004,7.9,6.46,1.4261353407077149,1.380627217571277,1.3370370871525703
2002-10-28,1.4400000000000004,7.91,6.47,1.4279301130431925,1.3846032351946647,1.340544381948745
2002-10-29,1.4300000000000006,7.82,6.39,1.4281980587437921,1.3876433207275851,1.3435915686978677
2002-10-30,1.42,7.82,6.4,1.4271368246573428,1.3898101507422616,1.346194320369112
2002-10-31,1.4100000000000001,7.75,6.34,1.4249184723585566,1.3911622045483751,1.3483677760527852
2002-11-01,1.42,7.77,6.35,1.424281778882298,1.393093385440444,1.350807832567705
2002-11-04,1.4100000000000001,7.79,6.38,1.4224330106508551,1.3942255708407376,1.3528241350893442
2002-11-05,1.4100000000000001,7.82,6.41,1.420823564425569,1.395281937171748,1.3547717549450984
2002-11-06,1.4099999999999993,7.81,6.4,1.419422460107551,1.3962675618097293,1.3566530317187064
2002-11-07,1.3600000000000003,7.61,6.25,1.41173025611907,1.3938388316910777,1.3567670417453395
2002-11-08,1.3399999999999999,7.51,6.17,1.4024448148698316,1.3902334061935728,1.356195894750423
2002-11-11,1.3399999999999999,7.51,6.17,1.3943613687598542,1.3868694252558729,1.3556442031188767
2002-11-12,1.3499999999999996,7.52,6.17,1.388618814562478,1.3844003901427298,1.3554519408403538
2002-11-13,1.3399999999999999,7.51,6.17,1.3823251364041549,1.3814270288402724,1.3549255910100952
2002-11-14,1.3400000000000007,7.61,6.27,1.3768461713382225,1.378652784649321,1.3544171705873251
2002-11-15,1.3099999999999996,7.59,6.28,1.3681929721126789,1.3740553130386883,1.3529041586983495
2002-11-18,1.29,7.54,6.25,1.3580709359184908,1.3684263801790502,1.3507614121271896
2002-11-19,1.2599999999999998,7.49,6.23,1.3453757085068203,1.3611653898599663,1.3476697452381725
2002-11-20,1.2699999999999996,7.56,6.29,1.335618365499457,1.3550603164256636,1.3450240285838884
2002-11-21,1.25,7.6,6.35,1.3245351163140457,1.3480247413264406,1.3417871613299708
2002-11-22,1.25,7.61,6.36,1.3148865874925346,1.3414603176444306,1.3386605536575047
2002-11-25,1.2400000000000002,7.61,6.37,1.3051925609249504,1.3346658236940578,1.3352998130096227
2002-11-26,1.2300000000000004,7.53,6.3,1.2954589262688936,1.3276566665929308,1.3317129148149878
2002-11-27,1.2200000000000006,7.65,6.43,1.2856908107691063,1.3204472216900829,1.3279075628298833
2002-11-28,1.2200000000000006,7.65,6.43,1.2771871723184245,1.3137205717450589,1.3242318351031248
2002-11-29,1.21,7.6,6.39,1.268489830708078,1.3067747153392004,1.3203406794458608
2002-12-02,1.21,7.59,6.38,1.2609183550700123,1.3002940021580571,1.3165820708350078
2002-12-03,1.2000000000000002,7.59,6.39,1.2530325083212723,1.2935776128667311,1.3126108575208237
2002-12-04,1.25,7.56,6.31,1.2526399518272837,1.2906593504970791,1.310478101864501
2002-12-05,1.2400000000000002,7.51,6.27,1.2510037171832777,1.2872668453436014,1.3080773589845875
2002-12-06,1.2299999999999995,7.51,6.28,1.248284797825215,1.283431856026816,1.30541775750972
2002-12-09,1.2400000000000002,7.48,6.24,1.2472123354135354,1.280523354556696,1.3031893885354344
2002-12-10,1.2400000000000002,7.46,6.22,1.2462787026569337,1.2778096267291408,1.3010369259889232
2002-12-11,1.2599999999999998,7.41,6.15,1.2480549168688402,1.276616969305244,1.2996390576401011
2002-12-12,1.2699999999999996,7.43,6.16,1.2508956955185886,1.2761738506657792,1.2986294425296712
2002-12-13,1.2700000000000005,7.49,6.22,1.2533687369723265,1.2757604063559935,1.2976542186162754
2002-12-16,1.25,7.52,6.27,1.2529326558688554,1.2740353090055365,1.296030940987987
2002-12-17,1.2199999999999998,7.5,6.28,1.2486695421174694,1.2704167260100514,1.293441048022638
2002-12-18,1.21,7.46,6.25,1.2436637916727662,1.266370798608018,1.2905987396086287
2002-12-19,1.2200000000000006,7.4,6.18,1.2406005271704488,1.2632654849451896,1.28819388736428
2002-12-20,1.2199999999999998,7.39,6.17,1.2379338005324312,1.2603681248487009,1.2858709532157668
2002-12-23,1.2400000000000002,7.42,6.18,1.2382012688896258,1.2590041324595784,1.284308420153521
2002-12-24,1.2299999999999995,7.39,6.16,1.2371396192516066,1.2570618124756903,1.2824584759928004
2002-12-25,1.2299999999999995,7.39,6.16,1.236215399561206,1.2552495638506014,1.2806715477214778
2002-12-26,1.2299999999999995,7.38,6.15,1.2354108195891182,1.2535586760945263,1.2789454887870244
2002-12-27,1.2400000000000002,7.32,6.08,1.2360048864082394,1.2526506921177545,1.277618862467122
2002-12-30,1.2299999999999995,7.3,6.07,1.235227557245222,1.2511338430270078,1.2759967891990691
2002-12-31,1.2199999999999998,7.31,6.09,1.233256358537452,1.2490489026975264,1.2740893329905272
2003-01-01,1.2199999999999998,7.31,6.09,1.2315403303920343,1.2471035845847347,1.2722468517428633
2003-01-02,1.21,7.44,6.23,1.2287519467563701,1.244618868521834,1.2701264954596305
2003-01-03,1.21,7.44,6.23,1.2263245178116569,1.2423005464605463,1.2680783662953918
2003-01-06,1.2399999999999993,7.47,6.23,1.2280948012775919,1.242146485746253,1.267121914061578
2003-01-07,1.21,7.43,6.22,1.225752439444939,1.239993731763222,1.2651761319698012
2003-01-08,1.17,7.35,6.18,1.2185353175639246,1.235306460935864,1.2619340835161765
2003-01-09,1.1800000000000006,7.48,6.3,1.2135469424120697,1.2316027526983027,1.2591431078454371
2003-01-10,1.1899999999999995,7.47,6.28,1.2104988039807287,1.2288167408062634,1.2567878397626762
2003-01-13,1.1800000000000006,7.44,6.26,1.2065507509852815,1.2255476297115449,1.2541721640464287
2003-01-14,1.1799999999999997,7.41,6.23,1.203113771226172,1.2224974412071734,1.2516455878474189
2003-01-15,1.17,7.39,6.22,1.1988272121938028,1.2189818446175567,1.2488644393982469
2003-01-16,1.1799999999999997,7.39,6.21,1.1963900401806107,1.2163713470991417,1.24651866378581
2003-01-17,1.1600000000000001,7.34,6.18,1.1916793699775994,1.212596326620872,1.2435715204807483
2003-01-20,1.1600000000000001,7.34,6.18,1.1875784933788656,1.209074107970919,1.2407247676958415
2003-01-21,1.1900000000000004,7.32,6.13,1.187891956046946,1.2077967720210028,1.2389968958936866
2003-01-22,1.1800000000000006,7.28,6.1,1.1868703467821773,1.2059353053538229,1.2369872450375088
2003-01-23,1.1899999999999995,7.31,6.12,1.1872754786283028,1.20486816562533,1.2353866869778234
2003-01-24,1.1799999999999997,7.27,6.09,1.186333672018118,1.2032028189674344,1.2335000130906684
2003-01-27,1.13,7.25,6.12,1.1790413099079116,1.1983006451701128,1.2299744226884737
2003-01-28,1.1100000000000003,7.23,6.12,1.1701039512310347,1.1923874151177005,1.2258876534165821
2003-01-29,1.1500000000000004,7.24,6.09,1.1675015060686553,1.1895488567307806,1.2233026413519343
2003-01-30,1.1300000000000008,7.19,6.06,1.162646957232521,1.1855610479381171,1.2201244108664788
2003-01-31,1.12,7.16,6.04,1.157126332641637,1.1811706206859893,1.2167138058681295
2003-02-03,1.12,7.15,6.03,1.1523203497942964,1.177074207212812,1.2134193785966112
2003-02-04,1.0999999999999996,7.08,5.98,1.1455475099852748,1.1719127781260976,1.2095558981905479
2003-02-05,1.13,7.13,6.0,1.143534893575533,1.1691060047586115,1.2068459322424965
2003-02-06,1.13,7.09,5.96,1.1417828092263334,1.16648719260698,1.2042282776831243
2003-02-07,1.1100000000000003,7.07,5.96,1.1376685424751178,1.1627044143016065,1.2010185166261482
2003-02-10,1.1099999999999994,7.1,5.99,1.1340868652372964,1.159174957343023,1.1979180918140466
2003-02-11,1.1400000000000006,7.11,5.97,1.1348523172014826,1.1578908678123514,1.1959451889851924
2003-02-12,1.12,7.09,5.97,1.1329296931060036,1.155353429746884,1.1933582170478605
2003-02-13,1.1199999999999992,7.06,5.94,1.1312559516166774,1.1529859163178215,1.1908593668716825
2003-02-14,1.12,7.11,5.99,1.1297988750203325,1.1507769481805998,1.188445636705972
2003-02-17,1.12,7.11,5.99,1.128530416168619,1.1487159080313183,1.1861141270506903
2003-02-18,1.1199999999999992,7.1,5.98,1.1274261586007415,1.1467928895751567,1.1838620371734145
2003-02-19,1.0899999999999999,7.04,5.95,1.1225813634518855,1.1429896396583281,1.1806647516126956
2003-02-20,1.1000000000000005,7.03,5.93,1.1196582186730335,1.1401107520954992,1.1779170140464017
2003-02-21,1.0899999999999999,7.06,5.97,1.1158189789721689,1.136754984935823,1.1749222377980153
2003-02-24,1.08,7.03,5.95,1.1111822323209137,1.1329542733792972,1.1716888379119461
2003-02-25,1.0700000000000003,6.99,5.92,1.1058512155447633,1.1287384140211119,1.1682249427852989
2003-02-26,1.0700000000000003,6.96,5.89,1.1012102958873444,1.1248048781522457,1.1648790406428846
2003-02-27,1.0999999999999996,6.96,5.86,1.1010536237664825,1.1231437696670958,1.1626690223427538
2003-02-28,1.0899999999999999,6.92,5.83,1.0996227383963748,1.1209242305632974,1.1601936486683173
2003-03-03,1.08,6.91,5.83,1.0970825859643767,1.1181836572688153,1.1574619585977632
2003-03-04,1.08,6.9,5.82,1.0948712548338426,1.115626611969339,1.1548233199192517
2003-03-05,1.0700000000000003,6.88,5.81,1.0916516849054831,1.1125711342594415,1.1519339262500197
2003-03-06,1.08,6.91,5.83,1.0901433808578174,1.1103899428358337,1.1494835926470945
2003-03-07,1.0699999999999994,6.89,5.82,1.0875358315524613,1.1076851491921185,1.1467760896912924
2003-03-10,1.0700000000000003,6.88,5.81,1.0852658280358611,1.1051614874872333,1.1441608142256117
2003-03-11,1.08,6.88,5.8,1.0845841695628395,1.1034764979417293,1.1419752613539162
2003-03-12,1.08,6.86,5.78,1.083990751395175,1.1019043471053793,1.1398641564363596
2003-03-13,1.1000000000000005,6.95,5.85,1.0860631396091218,1.1017768186766566,1.138506236923823
2003-03-14,1.1000000000000005,6.94,5.84,1.0878672583361415,1.1016578304452993,1.137194573134908
2003-03-17,1.08,6.99,5.91,1.086848846176124,1.1002074703305746,1.1352463160083566
2003-03-18,1.0699999999999994,7.02,5.95,1.0846677725295144,1.0981845664092953,1.1330237869609823
2003-03-19,1.0399999999999991,7.02,5.98,1.0788855545367517,1.094288120058137,1.1298550552797781
2003-03-20,1.0299999999999994,7.06,6.03,1.0725573470390124,1.0899829369781209,1.1264536255215365
2003-03-21,1.0299999999999994,7.1,6.07,1.0670483224372007,1.0859660591298599,1.1231680609477648
2003-03-24,1.0099999999999998,7.01,6.0,1.0596634492328039,1.0808788394051951,1.1193131413434272
2003-03-25,1.0199999999999996,7.01,5.99,1.0545290380718846,1.076801965651518,1.1159301711632643
2003-03-26,1.0299999999999994,6.97,5.94,1.051353767910591,1.0736677780216386,1.1130030740773273
2003-03-27,1.04,6.95,5.91,1.0498840290500986,1.0714131476459265,1.1105163213744822
2003-03-28,1.0599999999999996,6.93,5.87,1.051193535791276,1.07064884329093,1.108795550019255
2003-03-31,1.1000000000000005,6.87,5.77,1.0575115050906032,1.0726144024506707,1.108495941296474
2003-04-01,1.0900000000000007,6.86,5.77,1.0617171224559816,1.0737786639088944,1.1078659016359258
2003-04-02,1.08,6.92,5.84,1.0640838306553808,1.0741952881755599,1.1069166867283868
2003-04-03,1.1100000000000003,6.94,5.83,1.0700276529126416,1.0765930226153295,1.1070217156974929
2003-04-04,1.12,6.95,5.83,1.0764965450938708,1.0794998580372104,1.1074638037050932
2003-04-07,1.1100000000000003,6.98,5.87,1.080833548459103,1.081542361302161,1.107550195861465
2003-04-08,1.12,6.92,5.8,1.0859036235487618,1.0841177543183136,1.1079742818945904
2003-04-09,1.12,6.9,5.78,1.090317380274018,1.0865206809685575,1.1083839220005756
2003-04-10,1.1100000000000003,6.91,5.8,1.092865284310403,1.0880930207248463,1.1084389715499798
2003-04-11,1.1099999999999994,6.93,5.82,1.0950833636045023,1.0895600655913684,1.1084921459096402
2003-04-14,1.1100000000000003,6.96,5.85,1.097014313783416,1.0909288668518984,1.1085435089554037
2003-04-15,1.0900000000000007,6.9,5.81,1.0961063148152888,1.090866663417566,1.1079118489657676
2003-04-16,1.08,6.86,5.78,1.0940213614350744,1.0901389554765153,1.106961068923498
2003-04-17,1.08,6.84,5.76,1.0922063040954826,1.0894599799593117,1.1060426759398534
2003-04-18,1.08,6.84,5.76,1.0906262049060862,1.0888264734013149,1.1051555667927213
2003-04-21,1.0999999999999996,6.84,5.74,1.0918396374007708,1.0895747310516126,1.104979949261288
2003-04-22,1.1099999999999994,6.84,5.73,1.094190486109579,1.0909425502101422,1.1051509506184318
2003-04-23,1.1099999999999994,6.81,5.7,1.096237018777256,1.0922187706115063,1.1053161270415925
2003-04-24,1.1100000000000003,6.73,5.62,1.0980186289439064,1.0934095263504515,1.1054756769494056
2003-04-25,1.1300000000000008,6.73,5.6,1.1021585994121355,1.0958598809090132,1.1063110654231418
2003-04-28,1.1399999999999997,6.71,5.57,1.10705714740232,1.0988158126377456,1.1074586342094404
2003-04-29,1.12,6.73,5.61,1.1087325923804312,1.1002344542921196,1.107885839168563
2003-04-30,1.12,6.65,5.53,1.1101911519498975,1.1015580937588187,1.1082984919584766
2003-05-01,1.1100000000000003,6.65,5.54,1.1101664074376585,1.1021234229655175,1.108356451568735
2003-05-02,1.13,6.67,5.54,1.1127338548226677,1.1039902339357106,1.1090937102833966
2003-05-05,1.1100000000000003,6.63,5.52,1.1123799588558432,1.1043926899905998,1.1091245818382018
2003-05-06,1.1100000000000003,6.58,5.47,1.112071874522576,1.1047681947674552,1.1091544017945187
2003-05-07,1.0999999999999996,6.5,5.4,1.1105091771656685,1.104448883028109,1.1088425692629005
2003-05-08,1.0200000000000005,6.37,5.35,1.0987928151650415,1.0987935939636584,1.1058162652060575
2003-05-09,1.1399999999999997,6.5,5.36,1.1041270620300794,1.1015530637054318,1.1069806887041986
2003-05-12,1.1399999999999997,6.47,5.33,1.1087707936431987,1.104127740013654,1.108105447663307
2003-05-13,1.1500000000000004,6.46,5.31,1.1141078911818345,1.1071996680363854,1.109532529913945
2003-05-14,1.1600000000000001,6.36,5.2,1.120048598817499,1.1107355483138521,1.1112516372149515
2003-05-15,1.1900000000000004,6.36,5.17,1.1291037682972207,1.1160436515207488,1.1139340955425685
2003-05-16,1.17,6.3,5.13,1.1343977624544566,1.1196569467660018,1.1158439060705376
2003-05-19,1.2000000000000002,6.32,5.12,1.142889935151241,1.1250372806918816,1.1187105715731207
2003-05-20,1.21,6.24,5.03,1.1515772952430734,1.1307269798348443,1.1218202246356928
2003-05-21,1.2699999999999996,6.25,4.98,1.1669070476668069,1.1400536773549388,1.1268677717636928
2003-05-22,1.21,6.19,4.98,1.1724854060722456,1.1447377733354798,1.129699560642079
2003-05-23,1.21,6.15,4.94,1.177341649124368,1.1491081894208495,1.1324348883955575
2003-05-26,1.21,6.15,4.94,1.181569254248896,1.1531859318152426,1.1350770408441588
2003-05-27,1.2000000000000002,6.24,5.04,1.1839551039044087,1.1563209299155677,1.137288555170069
2003-05-28,1.1799999999999997,6.27,5.09,1.1834431179318776,1.1579066464023124,1.1387434637779004
2003-05-29,1.1799999999999997,6.21,5.03,1.182997408255091,1.159386172199669,1.1401488128574702
2003-05-30,1.1799999999999997,6.22,5.04,1.1826093954448977,1.1607666185804326,1.1415062905882476
2003-06-02,1.2000000000000002,6.28,5.08,1.1848605994084955,1.1633939607659964,1.1434988010656153
2003-06-03,1.21,6.22,5.01,1.1881148806541388,1.166515027789816,1.1457640760322196
2003-06-04,1.2299999999999995,6.17,4.94,1.1935368857597353,1.170766426461101,1.1486334608389699
2003-06-05,1.2299999999999995,6.21,4.98,1.1982570153586065,1.1747331216815857,1.151405103865475
2003-06-06,1.2300000000000004,6.2,4.97,1.2023661268397348,1.1784341791896693,1.1540823345555873
2003-06-09,1.2300000000000004,6.16,4.93,1.2059433161542774,1.1818873879482863,1.1566683689400794
2003-06-10,1.2400000000000002,6.09,4.85,1.2103519346941083,1.1857790157313717,1.1595069502106605
2003-06-11,1.2400000000000002,6.08,4.84,1.2141898600473158,1.1894100328437716,1.1622488389825205
2003-06-12,1.25,6.06,4.81,1.2188254624924777,1.1934675616871073,1.1652379656678828
2003-06-13,1.25,6.01,4.76,1.2228609888123303,1.1972533699620518,1.1681252717250332
2003-06-16,1.2400000000000002,6.05,4.81,1.2250796241562356,1.200115983897576,1.1705735888276076
2003-06-17,1.2300000000000004,6.12,4.89,1.2257165640375822,1.2021172270568212,1.172597870550961
2003-06-18,1.3100000000000005,6.2,4.89,1.2366270073463845,1.2093418136255398,1.177278291493539
2003-06-19,1.21,6.22,5.01,1.233180156244285,1.2093858903980488,1.17839291300912
2003-06-20,1.21,6.26,5.05,1.2301794980757546,1.20942701548096,1.1794695664240211
2003-06-23,1.21,6.2,4.99,1.2275672734168812,1.209465386540096,1.1805095450711351
2003-06-24,1.2199999999999998,6.16,4.94,1.2265876941356817,1.2101708580888217,1.1818547349384403
2003-06-25,1.2000000000000002,6.23,5.03,1.2231459321065627,1.2094897461491096,1.1824728292790687
2003-06-26,1.1999999999999993,6.35,5.15,1.220149704233382,1.2088542462384286,1.1830698690573846
2003-06-27,1.1899999999999995,6.38,5.19,1.2162468420035821,1.2075916337710126,1.1833059347583215
2003-06-30,1.1899999999999995,6.35,5.16,1.2128492030909628,1.206413574683388,1.1835339591948695
2003-07-01,1.1799999999999997,6.37,5.19,1.2085968922546664,1.2046447366040223,1.1834135795712624
2003-07-02,1.1399999999999997,6.31,5.17,1.1997170631926632,1.2003156719807597,1.1819347536765519
2003-07-03,1.12,6.39,5.27,1.1893977342666857,1.194937171695497,1.1798250285991931
2003-07-04,1.12,6.39,5.27,1.180414236657338,1.189918853484357,1.1777871685029286
2003-07-07,1.12,6.44,5.32,1.1725936477531511,1.1852365970313332,1.1758187254026804
2003-07-08,1.1099999999999994,6.43,5.32,1.1644909353102648,1.180198227201194,1.1735766979899775
2003-07-09,1.1100000000000003,6.41,5.3,1.1574371144288838,1.1754972619261106,1.1714110422616026
2003-07-10,1.1100000000000003,6.41,5.3,1.1512964066872076,1.171111106232389,1.169319156717621
2003-07-11,1.1099999999999994,6.39,5.28,1.1459506101036543,1.1670186782641294,1.1672985284747364
2003-07-14,1.0999999999999996,6.46,5.36,1.1400023295095367,1.1625306378696234,1.165006093536931
2003-07-15,1.0899999999999999,6.6,5.51,1.1335295561206455,1.1576734780295677,1.1624511106380568
2003-07-16,1.12,6.59,5.47,1.1317781627019745,1.1551505979075236,1.161005069968507
2003-07-17,1.12,6.59,5.47,1.1302534861747973,1.1527966675199641,1.1596082867526862
2003-07-18,1.1500000000000004,6.61,5.46,1.1328096612663352,1.152609383062486,1.159280993233147
2003-07-21,1.1399999999999997,6.76,5.62,1.1337404465651182,1.1517649704002249,1.1586242118216508
2003-07-22,1.1400000000000006,6.73,5.59,1.1345507422312815,1.1509771055278637,1.1579898027961242
2003-07-23,1.13,6.71,5.58,1.1339616512128574,1.1495723315244462,1.1570363673602184
2003-07-24,1.12,6.75,5.63,1.132154323327897,1.1475919609489722,1.1557747727246415
2003-07-25,1.13,6.79,5.66,1.1318754473866226,1.1464138799512182,1.1548967893445123
2003-07-28,1.13,6.89,5.76,1.1316326717788565,1.1453146915136112,1.1540487133014534
2003-07-29,1.13,6.97,5.84,1.1314213233367612,1.1442891124374082,1.153229525841772
2003-07-30,1.1099999999999994,6.89,5.78,1.1286483450973657,1.1419928731546167,1.1517569694927627
2003-07-31,1.12,7.07,5.95,1.127528821696091,1.1405200762319416,1.1506752105296176
2003-08-01,1.1399999999999997,7.01,5.87,1.1291432087025657,1.1404852482825156,1.150311573669479
2003-08-04,1.1399999999999997,6.97,5.83,1.13054861422043,1.1404527526566737,1.1499603236157345
2003-08-05,1.1499999999999995,7.09,5.94,1.133066585152705,1.1410921032503145,1.1499616751390376
2003-08-06,1.1600000000000001,6.96,5.8,1.1365531005331992,1.1423583085319717,1.1503036173352468
2003-08-07,1.1600000000000001,6.94,5.78,1.139588288461629,1.1435397198338162,1.1506339117249578
2003-08-08,1.1600000000000001,6.96,5.8,1.1422305730224331,1.1446420155550114,1.1509529550752196
2003-08-11,1.1500000000000004,6.99,5.84,1.143236320968191,1.1450008237446847,1.150920493926988
2003-08-12,1.1500000000000004,7.0,5.85,1.1441118754089046,1.1453356036232836,1.1508891385246323
2003-08-13,1.1399999999999997,7.14,6.0,1.1435795954534254,1.1449782942102869,1.1505182144916375
2003-08-14,1.13,7.14,6.01,1.141821724471313,1.1439752426551424,1.1498192887821448
2003-08-15,1.13,7.1,5.97,1.140291408897633,1.1430393624619803,1.1491441710481263
2003-08-18,1.1499999999999995,7.09,5.94,1.1415481805470227,1.1435054955348982,1.1491733237240396
2003-08-19,1.1500000000000004,6.99,5.84,1.1426422638143334,1.143940413070377,1.1492014833527895
2003-08-20,1.12,7.01,5.89,1.1397112355178676,1.1423371952256807,1.1482067736289534
2003-08-21,1.13,7.04,5.91,1.138454121550381,1.1415110101685906,1.147586584080717
2003-08-22,1.12,6.97,5.85,1.1360652459108194,1.1400704821685788,1.1466468837545043
2003-08-25,1.12,7.03,5.91,1.1339856088771545,1.1387264220193352,1.145739193071113
2003-08-26,1.1100000000000003,6.99,5.88,1.1308806853190074,1.1368026994728493,1.1445217849538472
2003-08-27,1.0999999999999996,7.01,5.91,1.1268831979994323,1.1343381327857827,1.1430052095155006
2003-08-28,1.0899999999999999,6.91,5.82,1.1221086887945682,1.1313689406722751,1.141199657493295
2003-08-29,1.08,6.91,5.83,1.1166577427497726,1.1279289163875297,1.1391149724905312
2003-09-01,1.08,6.91,5.83,1.111912418599979,1.1247192602381744,1.137101299511997
2003-09-02,1.0700000000000003,7.0,5.93,1.1064868796213145,1.121054875074705,1.1348155829167048
2003-09-03,1.0599999999999996,7.0,5.94,1.1004691792402144,1.116966212738858,1.1322670895089344
2003-09-04,1.0700000000000003,6.98,5.91,1.0965249611507393,1.113821025972891,1.1301460438530948
2003-09-05,1.0700000000000003,6.87,5.8,1.0930913198711838,1.1108864629556987,1.1280972487988112
2003-09-08,1.0699999999999994,6.89,5.82,1.09010216152111,1.1081484188449142,1.1261182432253571
2003-09-09,1.08,6.9,5.82,1.0887944424027107,1.1062634034419014,1.1245472865575645
2003-09-10,1.08,6.83,5.75,1.0876560067875551,1.1045046218813355,1.1230298424409768
2003-09-11,1.08,6.83,5.75,1.086664941021505,1.1028636206604208,1.1215640880416515
2003-09-12,1.0700000000000003,6.83,5.76,1.084507673793568,1.1006628422975233,1.1198076259073104
2003-09-15,1.0700000000000003,6.83,5.76,1.082629663593107,1.0986094434778797,1.1181109953213695
2003-09-16,1.0600000000000005,6.86,5.8,1.0797002663881812,1.0960238845497374,1.1161315214908927
2003-09-17,1.0499999999999998,6.76,5.71,1.075855583634276,1.092941802683586,1.1138788390951273
2003-09-18,1.04,6.73,5.69,1.0712140985301302,1.0893964485352177,1.1113622546207766
2003-09-19,1.04,6.69,5.65,1.0671734510581856,1.086088516148108,1.108931394252193
2003-09-22,1.0499999999999998,6.78,5.73,1.064950357492442,1.0836717761817933,1.106923974622386
2003-09-23,1.1000000000000005,6.74,5.64,1.0694875139717175,1.084765228484416,1.1066881186283164
2003-09-24,1.0899999999999999,6.66,5.57,1.0721428437334748,1.085115785472803,1.1061196600444982
2003-09-25,1.0999999999999996,6.64,5.54,1.0757489369203483,1.0861125367930138,1.1059112019576507
2003-09-26,1.0999999999999996,6.59,5.49,1.0788882233754793,1.0870425386591283,1.1057098447185065
2003-09-29,1.1000000000000005,6.65,5.55,1.0816211309673416,1.0879102610824039,1.1055153464461251
2003-09-30,1.1000000000000005,6.53,5.43,1.0840002652108736,1.0887198747308162,1.1053274734989187
2003-10-01,1.0899999999999999,6.52,5.43,1.0847769274996986,1.0888056008905518,1.1048053634832384
2003-10-02,1.0899999999999999,6.57,5.48,1.085453051292726,1.0888855862258227,1.1043010384513974
2003-10-03,1.0900000000000007,6.73,5.64,1.0860416512416042,1.0889602151824695,1.103813892581556
2003-10-06,1.08,6.68,5.6,1.0852595628916173,1.0883601763765132,1.1030027039776387
2003-10-07,1.0699999999999994,6.76,5.69,1.08328422107095,1.0871306502897213,1.1018785107247537
2003-10-08,1.0700000000000003,6.78,5.71,1.0815645861362657,1.0859834618867896,1.10079261162106
2003-10-09,1.0600000000000005,6.82,5.76,1.078773062608174,1.084243427174714,1.0994030655165037
2003-10-10,1.0499999999999998,6.77,5.72,1.0750484058613006,1.081950247297296,1.0977202157426451
2003-10-13,1.0499999999999998,6.77,5.72,1.0718059038322252,1.0798106348161367,1.0960946900099522
2003-10-14,1.0499999999999998,6.85,5.8,1.0689831418643247,1.0778143057821112,1.094524535651142
2003-10-15,1.0300000000000002,6.87,5.84,1.0639367961090407,1.074612324762139,1.0923265930924444
2003-10-16,1.0200000000000005,6.87,5.85,1.0582492026021524,1.0709551007475984,1.0898628838153568
2003-10-17,1.0,6.79,5.79,1.050708876136854,1.0662034499153272,1.0868018240992057
2003-10-20,1.0,6.77,5.77,1.0441446406850514,1.061770002924555,1.0838450353143667
2003-10-21,1.0099999999999998,6.77,5.76,1.0397246361819152,1.0583031207005666,1.081329602320885
2003-10-22,1.0199999999999996,6.72,5.7,1.0371712931389774,1.055738075292445,1.0792404909202562
2003-10-23,1.0199999999999996,6.75,5.73,1.0349484789146597,1.0533448033018775,1.0772225423232178
2003-10-24,1.0200000000000005,6.66,5.64,1.0330134067395773,1.0511118015769572,1.0752733324634356
2003-10-27,1.0100000000000007,6.69,5.68,1.0300343342005018,1.048358667212816,1.073049883136422
2003-10-28,1.0099999999999998,6.64,5.63,1.0274409009235097,1.0457899020209385,1.070902172655936
2003-10-29,1.0,6.7,5.7,1.0238886917563144,1.0427234892647737,1.0684869843680702
2003-10-30,0.9799999999999995,6.72,5.74,1.0182073253307893,1.0385230848283384,1.065472792838124
2003-10-31,1.0,6.69,5.69,1.0158503973228346,1.035943309080611,1.0632425491585145
2003-11-03,1.0,6.72,5.72,1.013798572317861,1.0335362931972145,1.0610882757660245
2003-11-04,1.0100000000000007,6.69,5.68,1.013306849271035,1.0319601380514845,1.059348021544534
2003-11-05,1.0100000000000007,6.73,5.72,1.012878779495635,1.0304895333007378,1.0576670467704312
2003-11-06,1.0200000000000005,6.79,5.77,1.0138006174785692,1.0297870806354124,1.0563839688788708
2003-11-07,1.0099999999999998,6.8,5.79,1.0133086296868414,1.0284619990390387,1.0548039606198207
2003-11-10,1.0100000000000007,6.82,5.81,1.012880329437618,1.027225654193144,1.053277773242403
2003-11-11,1.0100000000000007,6.82,5.81,1.012507472414397,1.0260721036630076,1.0518035734098088
2003-11-12,1.0199999999999996,6.77,5.75,1.0134773758898414,1.0256654730456176,1.0507202269461624
2003-11-13,1.0100000000000007,6.65,5.64,1.013027231539694,1.024616403179592,1.0493331465293627
2003-11-14,1.0,6.59,5.59,1.0113408637550696,1.0229679162995309,1.047652678452884
2003-11-17,1.0,6.57,5.57,1.0098727953302404,1.0214298236543184,1.0460294532882148
2003-11-18,1.0,6.55,5.55,1.008594767536048,1.0199947324722949,1.0444615211316357
2003-11-19,1.0,6.61,5.61,1.0074821797199058,1.0186557450536036,1.0429469985003066
2003-11-20,1.0099999999999998,6.56,5.55,1.0078081101368856,1.0180760957013435,1.0418247027804786
2003-11-21,1.0099999999999998,6.54,5.53,1.0080918490449826,1.017535263732162,1.0407406365728997
2003-11-24,1.0100000000000007,6.61,5.6,1.0083388581112556,1.017030649662038,1.0396934976400396
2003-11-25,1.0100000000000007,6.57,5.56,1.0085538919930388,1.0165598280866186,1.0386820281033584
2003-11-26,1.0099999999999998,6.6,5.59,1.008741089859953,1.016120536023625,1.0377050129322773
2003-11-27,1.0099999999999998,6.6,5.59,1.0089040550684427,1.0157106620359315,1.0367612784846194
2003-11-28,1.0300000000000002,6.67,5.64,1.011634913256569,1.0166675762523047,1.0365309645182719
2003-12-01,1.0200000000000005,6.7,5.68,1.0127177690234852,1.0168907387016197,1.0359678591803663
2003-12-02,1.0099999999999998,6.68,5.67,1.0123659553543038,1.0164292865446707,1.0350832985667204
2003-12-03,0.9699999999999998,6.7,5.73,1.0068817062982678,1.0133200561196938,1.0328663224918575
2003-12-04,0.9699999999999998,6.67,5.7,1.002107390193279,1.0104190415549001,1.0307248647607903
2003-12-05,0.9699999999999998,6.56,5.59,0.9979511066187275,1.0077122992570189,1.0286563529414954
2003-12-08,0.96,6.62,5.66,0.9930383572446445,1.0045171493088756,1.0263176655176767
2003-12-09,0.9500000000000002,6.66,5.71,0.9874670661426652,1.000866298909719,1.0237180056622588
2003-12-10,0.96,6.65,5.69,0.983911469902589,0.9981296051247726,1.0215475364758149
2003-12-11,0.9699999999999998,6.62,5.65,0.982110637959976,0.9962458496203157,1.019791638148568
2003-12-12,0.9699999999999998,6.6,5.63,0.9805429226979325,0.9944882435866683,1.0180955521643822
2003-12-15,0.9699999999999998,6.62,5.65,0.9791781472934726,0.9928483391711512,1.0164572410952768
2003-12-16,0.9699999999999998,6.59,5.62,0.9779900412963474,0.9913182542485068,1.0148747369155482
2003-12-17,0.9699999999999998,6.54,5.57,0.9769557349512945,0.9898906345358266,1.0133461386376728
2003-12-18,0.9700000000000006,6.48,5.51,0.9760553189799881,0.9885586182445276,1.0118696100287412
2003-12-19,0.9800000000000004,6.48,5.5,0.9765659557160052,0.9879854731841131,1.0107840141154287
2003-12-22,0.9899999999999993,6.52,5.53,0.9783049851812232,0.9881203800184419,1.0100760342949795
2003-12-23,0.9900000000000002,6.59,5.6,0.9798188982617574,0.9882462525456546,1.0093921708662619
2003-12-24,0.9800000000000004,6.54,5.56,0.979842341779759,0.9876940256816401,1.0083909656256889
2003-12-25,0.9800000000000004,6.54,5.56,0.9798627505475611,0.9871787797987017,1.0074238651111094
2003-12-26,0.9800000000000004,6.5,5.52,0.9798805174118673,0.9866980383911667,1.0064897075903552
2003-12-29,0.9800000000000004,6.57,5.59,0.9798959843655971,0.9862494907975387,1.0055873709041203
2003-12-30,0.9800000000000004,6.62,5.64,0.9799094491308791,0.9858309810944093,1.0047157711179644
2003-12-31,0.9800000000000004,6.61,5.63,0.97992117088988,0.9854404977341112,1.0038738612202331
2004-01-01,0.9800000000000004,6.61,5.63,0.9799313752737809,0.985076163876307,1.0030606298643332
2004-01-02,0.9699999999999998,6.7,5.73,0.9786457643388952,0.9840665582824099,1.0019344634430971
2004-01-05,0.9799999999999995,6.68,5.7,0.9788210693823893,0.9837942330394956,1.0011872950951615
2004-01-06,0.9800000000000004,6.61,5.63,0.9789736812867521,0.9835401446034284,1.0004655780440677
2004-01-07,0.96,6.57,5.61,0.9765175489319832,0.9819637315405458,0.9990871719037085
2004-01-08,0.9000000000000004,6.53,5.63,0.9666123953247767,0.9764748656367953,0.9957118990722134
2004-01-09,0.9000000000000004,6.42,5.52,0.9579894582724885,0.9713535726624746,0.9924516004242392
2004-01-12,0.9100000000000001,6.43,5.52,0.9517772499313907,0.9672449074427396,0.9896429962277677
2004-01-13,0.9100000000000001,6.4,5.49,0.9463692084607351,0.963411387241547,0.9869300634008252
2004-01-14,0.9100000000000001,6.34,5.43,0.9416612349121272,0.9598345864201114,0.9843095430253487
2004-01-15,0.9100000000000001,6.32,5.41,0.9375627058874032,0.9564973132495561,0.9817782871939881
2004-01-16,0.9100000000000001,6.34,5.43,0.9339947291362443,0.9533835272796574,0.9793332552286741
2004-01-19,0.9100000000000001,6.34,5.43,0.9308886249656954,0.9504782622411574,0.9769715100279948
2004-01-20,0.9099999999999993,6.39,5.48,0.9281846042303675,0.9477675541110784,0.9746902145389947
2004-01-21,0.9100000000000001,6.38,5.47,0.9258306174560635,0.9452383739952878,0.9724866283491572
2004-01-22,0.9100000000000001,6.32,5.41,0.9237813529437016,0.9428785655057162,0.9703581043944761
2004-01-23,0.8999999999999995,6.39,5.49,0.9207028702010832,0.9400071162466053,0.9679614490689114
2004-01-26,0.8800000000000008,6.44,5.56,0.9154339065813222,0.9359886191850671,0.9649651592005339
2004-01-27,0.8600000000000003,6.37,5.51,0.9082580186000748,0.9308998886809945,0.9613896605431758
2004-01-28,0.8600000000000003,6.45,5.59,0.9020110452758501,0.926151935235655,0.9579359564960115
2004-01-29,0.8300000000000001,6.41,5.58,0.8926892560284341,0.9197129277749766,0.9535779881552461
2004-01-30,0.8199999999999994,6.35,5.53,0.8832796727811294,0.91303545129678,0.949027831503845
2004-02-02,0.7999999999999998,6.35,5.55,0.8724991660507291,0.9054658052731477,0.9439513964704545
2004-02-03,0.79,6.31,5.52,0.8618196954769227,0.8977334057142115,0.9387072467395242
2004-02-04,0.7799999999999994,6.31,5.53,0.8512281819861524,0.8898491517373474,0.9333010952893457
2004-02-05,0.7800000000000002,6.33,5.55,0.8420077339506038,0.882492882663278,0.9280790972039485
2004-02-06,0.7700000000000005,6.28,5.51,0.8326863733523756,0.8749595708379173,0.9226943428329358
2004-02-09,0.7599999999999998,6.25,5.49,0.823277163265863,0.8672610722846894,0.9171523762528863
2004-02-10,0.7600000000000007,6.28,5.52,0.8150859701248779,0.8600781191492296,0.9117991893995291
2004-02-11,0.7599999999999998,6.24,5.48,0.807955122321926,0.8533761868971826,0.9066283517423485
2004-02-12,0.75,6.28,5.53,0.8004528643832485,0.8464533929143465,0.9012930150875536
2004-02-13,0.75,6.25,5.5,0.7939217695087399,0.8399941977347478,0.8961394195856428
2004-02-16,0.75,6.25,5.5,0.7882361211867961,0.8339675555334067,0.8911613744657635
2004-02-17,0.7400000000000002,6.24,5.5,0.7819919824703855,0.8276748294467356,0.8860122631266935
2004-02-18,0.75,6.24,5.49,0.7778506383605538,0.822473178485799,0.8813791861333584
2004-02-19,0.7700000000000005,6.24,5.47,0.7768343776470142,0.81895920669805,0.8775852021722933
2004-02-20,0.75,6.28,5.53,0.7733606825763092,0.8143412149194866,0.8732391818114392
2004-02-23,0.7599999999999998,6.25,5.49,0.7716311497428266,0.8107021463200731,0.8693818395693947
2004-02-24,0.7600000000000007,6.23,5.47,0.7701255039603995,0.8073067752583548,0.8656558925647077
2004-02-25,0.7700000000000005,6.23,5.46,0.7701092575434216,0.8048084521238942,0.8623975017039831
2004-02-26,0.7599999999999998,6.25,5.49,0.7688006198489313,0.8018077641312907,0.858909466887021
2004-02-27,0.7700000000000005,6.2,5.43,0.768955878933881,0.7996776933215154,0.8558808840515141
2004-03-01,0.7700000000000005,6.2,5.43,0.7690910398177407,0.7976902669816854,0.8529554658655398
2004-03-02,0.7700000000000005,6.24,5.47,0.7692087042013205,0.7958359326383749,0.8501296981624099
2004-03-03,0.7699999999999996,6.25,5.48,0.7693111369967256,0.7941057775187264,0.8474001864808541
2004-03-04,0.7699999999999996,6.22,5.45,0.7694003099244655,0.7924914857116179,0.8447636519874147
2004-03-05,0.7799999999999994,6.1,5.32,0.770772433833979,0.79165496828225,0.8425575642484896
2004-03-08,0.79,6.08,5.29,0.7732614314433569,0.7915441400072863,0.8407672606674178
2004-03-09,0.79,6.03,5.24,0.7754282297142436,0.79144073357035,0.8390379413986563
2004-03-10,0.79,6.05,5.26,0.7773145371695132,0.7913442519531513,0.8373675290926498
2004-03-11,0.79,6.06,5.27,0.7789566631872477,0.791254231421228,0.8357540171619949
2004-03-12,0.7999999999999998,6.09,5.29,0.7816807112840283,0.7918399093796598,0.8345361040817733
2004-03-15,0.8099999999999996,6.09,5.28,0.7853466272561652,0.7930560363219243,0.833700314302866
2004-03-16,0.7700000000000005,6.04,5.27,0.7833600150025503,0.7915120425424264,0.8315304477490691
2004-03-17,0.7700000000000005,6.04,5.27,0.7816305685861148,0.7900714454074271,0.8294344948158379
2004-03-18,0.7999999999999998,6.08,5.28,0.7840084811352126,0.7907363310068551,0.8284318478661677
2004-03-19,0.79,6.1,5.31,0.78478407987726,0.7906870211220874,0.8271227180416443
2004-03-22,0.8199999999999994,6.06,5.24,0.7893427609001573,0.7926500236266859,0.8268800921171127
2004-03-23,0.7999999999999998,6.06,5.26,0.7907223344984504,0.7931422295566819,0.8259644575007654
2004-03-24,0.7999999999999998,6.06,5.26,0.7919233230715529,0.7936014739279982,0.8250800127608144
2004-03-25,0.8099999999999996,6.09,5.28,0.7942633387174183,0.7946996341622458,0.8245663321663209
2004-03-26,0.7999999999999998,6.16,5.36,0.7950059462890093,0.7950545838061607,0.8237295127078843
2004-03-29,0.79,6.19,5.4,0.7943579293617272,0.7947160934496357,0.8225805616814778
2004-03-30,0.7800000000000002,6.19,5.41,0.7924993034936176,0.7937306006950489,0.8211301114341646
2004-03-31,0.7800000000000002,6.15,5.37,0.790881275697178,0.7928111034420988,0.8197290688469868
2004-04-01,0.7799999999999994,6.18,5.4,0.7894727006875587,0.7919531821694689,0.8183757509136609
2004-04-02,0.7700000000000005,6.32,5.55,0.786951970552451,0.7904830432333321,0.8167278952465243
2004-04-05,0.75,6.37,5.62,0.782168558779338,0.7877720149345098,0.8144548981713094
2004-04-06,0.75,6.35,5.6,0.7780043569657772,0.7852425360907187,0.8122593277208194
2004-04-07,0.75,6.34,5.59,0.7743792087313031,0.7828824488780672,0.8101385464599772
2004-04-08,0.7400000000000002,6.36,5.62,0.7699288395267109,0.7800107395611273,0.8077493700836751
2004-04-09,0.7400000000000002,6.36,5.62,0.7660545681087775,0.7773313400263188,0.8054415778255959
2004-04-12,0.7400000000000002,6.38,5.64,0.7626818189435335,0.774831371862834,0.8032123974439057
2004-04-13,0.7299999999999995,6.46,5.73,0.758451175890835,0.771829149003879,0.800718514418753
2004-04-14,0.7200000000000006,6.48,5.76,0.7534736928311648,0.7683583059438962,0.7979689454939175
2004-04-15,0.71,6.51,5.8,0.7478460477827332,0.7644502247758537,0.7949724002697846
2004-04-16,0.7100000000000009,6.48,5.77,0.7429468982157905,0.7608038561124664,0.7920779283765282
2004-04-19,0.7199999999999998,6.51,5.79,0.7399764351676552,0.7580713439348519,0.7896226895325316
2004-04-20,0.71,6.53,5.82,0.736096002520812,0.7548521498387295,0.7869104484261763
2004-04-21,0.7199999999999998,6.54,5.82,0.7340123840613086,0.7525182056255187,0.7846312329194959
2004-04-22,0.7199999999999998,6.5,5.78,0.7321984888376939,0.7503405586741867,0.7824296558601445
2004-04-23,0.71,6.55,5.84,0.7293249069619772,0.7476390721400424,0.7799624358868379
2004-04-26,0.71,6.52,5.81,0.7268233086413943,0.7451184960774935,0.7775792584831721
2004-04-27,0.71,6.51,5.8,0.7246455408142704,0.7427667154534573,0.7752772608506985
2004-04-28,0.71,6.56,5.85,0.7227496838056394,0.7405724265423745,0.7730536777083933
2004-04-29,0.7200000000000006,6.61,5.89,0.7223937387858858,0.739194752680003,0.7712464746816073
2004-04-30,0.71,6.58,5.87,0.7207893762813978,0.7372396674302004,0.7691601949135403
2004-05-03,0.71,6.58,5.87,0.7193926975993847,0.7354155083908676,0.7671449814932634
2004-05-04,0.71,6.63,5.92,0.7181768181860145,0.7337135078253599,0.7651984136400811
2004-05-05,0.75,6.66,5.91,0.7222963111459599,0.7348041654846549,0.7646806998769813
2004-05-06,0.71,6.69,5.98,0.7207045605945798,0.7331431047247216,0.7628180745022126
2004-05-07,0.7000000000000002,6.76,6.06,0.7180243668884102,0.7309236101501246,0.7606782602747947
2004-05-10,0.6699999999999999,6.79,6.12,0.7118076396466453,0.7268437382335929,0.7575894258431268
2004-05-11,0.7000000000000002,6.78,6.08,0.7102791473455847,0.7250460933881202,0.7556277185837995
2004-05-12,0.7000000000000002,6.83,6.13,0.7089485175119027,0.723368831440228,0.7537328342752997
2004-05-13,0.6900000000000004,6.87,6.18,0.7064956425936134,0.7211342206227634,0.7515618599718585
2004-05-14,0.7000000000000002,6.82,6.12,0.7056547853188405,0.719718925091456,0.749805473733754
2004-05-17,0.7200000000000006,6.78,6.06,0.7075117652787128,0.7197377478372353,0.7487901898802483
2004-05-18,0.71,6.79,6.08,0.7078338658617704,0.7190856399954068,0.7474688536112247
2004-05-19,0.7000000000000002,6.82,6.12,0.7068197763387506,0.717807531780309,0.7458518901954972
2004-05-20,0.7199999999999998,6.77,6.05,0.7085259488673304,0.7179543548181323,0.7449712799112067
2004-05-21,0.71,6.79,6.08,0.7087167639561271,0.7174216754717071,0.7437800297352343
2004-05-24,0.71,6.77,6.06,0.7088828781391646,0.7169246680675821,0.7426293579134243
2004-05-25,0.7199999999999998,6.75,6.03,0.7103219833018181,0.7171306138471275,0.7418585189088195
2004-05-26,0.7199999999999998,6.72,6.0,0.7115747971118084,0.717322768053911,0.7411139375105193
2004-05-27,0.7200000000000006,6.65,5.93,0.7126654348798007,0.7175020542683028,0.7403947192880597
2004-05-28,0.7200000000000006,6.69,5.97,0.7136148902030784,0.717669334221258,0.7397000002785612
2004-05-31,0.7200000000000006,6.69,5.97,0.7144414390695825,0.717825411936188,0.7390289459488919
2004-06-01,0.7400000000000002,6.76,6.02,0.7177499803849867,0.7193103777627251,0.7390620236146851
2004-06-02,0.7599999999999998,6.8,6.04,0.723219221624878,0.7220352400394527,0.7397752479552537
2004-06-03,0.7599999999999998,6.79,6.03,0.7279804726670676,0.7245776264410337,0.7404641772564825
2004-06-04,0.7699999999999996,6.84,6.07,0.7334198768108787,0.7276194269155752,0.7414702758073517
2004-06-07,0.7599999999999998,6.83,6.07,0.7368606587852301,0.7297878570273629,0.7421014662373634
2004-06-08,0.7600000000000007,6.82,6.06,0.739856033471181,0.7318110738615028,0.7427111560041815
2004-06-09,0.75,6.85,6.1,0.7411691642242796,0.733029131832156,0.7429594407885731
2004-06-10,0.7599999999999998,6.84,6.08,0.7436068053081097,0.7348352901890116,0.7435399047924878
2004-06-11,0.7599999999999998,6.84,6.08,0.7457288951267519,0.7365204955238978,0.7441005960615021
2004-06-14,0.7600000000000007,6.9,6.14,0.7475762816137359,0.7380928476988605,0.7446421881275542
2004-06-15,0.7800000000000002,6.75,5.97,0.7517735136946829,0.7408992443216793,0.7458466050011144
2004-06-16,0.7600000000000007,6.78,6.02,0.7528384277129585,0.7421783647888428,0.7463287215929533
2004-06-17,0.7800000000000002,6.74,5.96,0.7563544779455077,0.7447111665541202,0.7474756889452908
2004-06-18,0.7699999999999996,6.75,5.98,0.758120883088992,0.7464046840775146,0.7482429496682529
2004-06-21,0.7699999999999996,6.75,5.98,0.7596586280816613,0.7479847917985873,0.748984074674319
2004-06-22,0.7799999999999994,6.77,5.99,0.7622918072182742,0.7501287545171622,0.7500405909527046
2004-06-23,0.7899999999999991,6.77,5.98,0.7658786171659508,0.7527988125508493,0.7514017551188491
2004-06-24,0.7699999999999996,6.72,5.95,0.7664121278522594,0.7539507246163335,0.7520352796150558
2004-06-25,0.7800000000000002,6.73,5.95,0.7681710702477887,0.7556951666614116,0.7529878606519572
2004-06-28,0.7699999999999996,6.8,6.03,0.7684078241739833,0.7566531185566613,0.7535673565709936
2004-06-29,0.7799999999999994,6.76,5.98,0.7699084248048335,0.7582165893638665,0.7544677494424061
2004-06-30,0.7999999999999998,6.71,5.91,0.77380376226338,0.7610146993775575,0.7560187450487115
2004-07-01,0.8000000000000007,6.69,5.89,0.7771948504821463,0.7636254283342807,0.7575169080508447
2004-07-02,0.8000000000000007,6.61,5.81,0.7801469642411802,0.766061324582864,0.7589640381212563
2004-07-05,0.8000000000000007,6.61,5.81,0.7827169285370215,0.768334096146753,0.7603618736289465
2004-07-06,0.7999999999999998,6.63,5.83,0.7849542124024168,0.7704546669980881,0.7617120937276854
2004-07-07,0.7999999999999998,6.63,5.83,0.78690188113169,0.772433229563275,0.7630163203731019
2004-07-08,0.7999999999999998,6.63,5.83,0.7885974252410731,0.7742792937124141,0.7642761202710614
2004-07-09,0.7999999999999998,6.63,5.83,0.7900734821205899,0.7760017324680542,0.7654930067596762
2004-07-12,0.8000000000000007,6.61,5.81,0.7913584642685105,0.777608824652968,0.7666684416272073
2004-07-13,0.7999999999999998,6.64,5.84,0.7924771062012081,0.7791082946819334,0.7678038368680403
2004-07-14,0.79,6.62,5.83,0.7921564461988061,0.7798376796041471,0.7685599196680979
2004-07-15,0.79,6.62,5.83,0.7918772954530885,0.7805182198001018,0.7692902475123488
2004-07-16,0.7999999999999998,6.53,5.73,0.7929287749811982,0.7818228563396266,0.7703363344198875
2004-07-19,0.7899999999999991,6.52,5.73,0.7925496467096496,0.7823704551883355,0.7710061510563402
2004-07-20,0.8099999999999996,6.59,5.78,0.7948085851133689,0.7842207231495723,0.7723344247007112
2004-07-21,0.8100000000000005,6.62,5.81,0.7967751052131783,0.7859470842005899,0.7736174524685626
2004-07-22,0.8100000000000005,6.61,5.8,0.7984870603938005,0.7875578360164935,0.7748567756005497
2004-07-23,0.8100000000000005,6.58,5.77,0.7999774039406288,0.7890607206019095,0.7760538828370128
2004-07-26,0.7999999999999998,6.6,5.8,0.799980328987786,0.7897932914179426,0.7768695754955799
2004-07-27,0.7999999999999998,6.71,5.91,0.7999828753892365,0.7904768041579386,0.777657482667727
2004-07-28,0.7999999999999998,6.71,5.91,0.7999850921604535,0.7911145440944907,0.7784185508291245
2004-07-29,0.79,6.69,5.9,0.7986925276048465,0.7910399064106823,0.7788130575042549
2004-07-30,0.79,6.6,5.81,0.7975672848028663,0.7909702669892773,0.7791941258337667
2004-08-02,0.8200000000000003,6.61,5.79,0.8004711871488738,0.7929143013654907,0.7805841237092994
2004-08-03,0.8200000000000003,6.59,5.77,0.8029991809719476,0.7947281495751793,0.7819267731544048
2004-08-04,0.8200000000000003,6.59,5.77,0.8051999274186336,0.7964205297964588,0.783223687030443
2004-08-05,0.8200000000000003,6.57,5.75,0.807115788477468,0.797999576377137,0.784476423258795
2004-08-06,0.8200000000000003,6.46,5.64,0.8087836424014334,0.7994728789320832,0.7856864866923204
2004-08-09,0.8199999999999994,6.47,5.65,0.8102355935744371,0.8008475188223633,0.7868553309230661
2004-08-10,0.8300000000000001,6.5,5.67,0.8127940848530126,0.8027997732761092,0.7883249967391492
2004-08-11,0.7999999999999998,6.47,5.67,0.8111378977756485,0.802612280835433,0.7887226902100282
2004-08-12,0.7999999999999998,6.46,5.66,0.8096961031825254,0.8024373442026183,0.7891068367813263
2004-08-13,0.8099999999999996,6.42,5.61,0.8097354424543635,0.8029437926374057,0.7898185346209267
2004-08-16,0.8200000000000003,6.46,5.64,0.8110641836466607,0.8040859958202066,0.7908466261301655
2004-08-17,0.8200000000000003,6.42,5.6,0.8122209200400898,0.8051517090727981,0.7918396970683986
2004-08-18,0.8099999999999996,6.43,5.62,0.8119334231919358,0.8054763846123519,0.7924583036540859
2004-08-19,0.8200000000000003,6.42,5.6,0.8129776370158683,0.8064489876869327,0.7933964749392649
2004-08-20,0.8199999999999994,6.43,5.61,0.8138866779484942,0.8073564584431867,0.7943026886663734
2004-08-23,0.8199999999999994,6.47,5.65,0.814678044044451,0.8082031585976265,0.795178033427158
2004-08-24,0.8099999999999996,6.46,5.65,0.8140724738780208,0.8083234876910261,0.7956829240211822
2004-08-25,0.8100000000000005,6.44,5.63,0.8135452944285199,0.8084357587050098,0.7961706161880827
2004-08-26,0.8100000000000005,6.41,5.6,0.8130863580617986,0.80854051126505,0.7966416957694239
2004-08-27,0.8100000000000005,6.41,5.6,0.8126868307492324,0.8086382488595154,0.7970967286508561
2004-08-30,0.8099999999999996,6.38,5.57,0.8123390220222256,0.808729441259665,0.7975362614418868
2004-08-31,0.8100000000000005,6.32,5.51,0.8120362369390106,0.808814526777582,0.7979608221324971
2004-09-01,0.8200000000000003,6.33,5.51,0.8130671415812989,0.8095635844575325,0.7987115574381426
2004-09-02,0.8200000000000003,6.37,5.55,0.8139645961983475,0.8102624799854904,0.799436719943272
2004-09-03,0.8200000000000003,6.45,5.63,0.8147458758207519,0.8109145725707126,0.8001371807513508
2004-09-06,0.8200000000000003,6.45,5.63,0.8154260192361278,0.8115229964662615,0.800813781292862
2004-09-07,0.8199999999999994,6.39,5.57,0.8160181184695053,0.8120906760336478,0.8014673343360779
2004-09-08,0.8200000000000003,6.33,5.51,0.8165335707906495,0.8126203397986407,0.8020986249633996
2004-09-09,0.8200000000000003,6.37,5.55,0.8169822980991738,0.8131145335658007,0.8027084115144393
2004-09-10,0.8199999999999994,6.35,5.53,0.8173729379103759,0.8135756326547726,0.8032974264969783
2004-09-13,0.8099999999999996,6.31,5.5,0.816418515251025,0.8133361832325191,0.8035257407561422
2004-09-14,0.8099999999999996,6.3,5.49,0.8155876420673046,0.8131127690217521,0.8037462777934803
2004-09-15,0.8100000000000005,6.32,5.51,0.8148643249491891,0.8129043161923285,0.8039593025297186
2004-09-16,0.8100000000000005,6.24,5.43,0.8142346408245721,0.8127098228252971,0.8041650708614108
2004-09-17,0.7999999999999998,6.27,5.47,0.8123919745881492,0.8118586840125899,0.8040231932575829
2004-09-20,0.79,6.21,5.42,0.8094933460910257,0.8103948733353246,0.8035455118150333
2004-09-21,0.8000000000000007,6.19,5.39,0.8082644377871075,0.8096987597647041,0.803424738666773
2004-09-22,0.7999999999999998,6.13,5.33,0.8071946109708922,0.8090492628374586,0.8033080794953096
2004-09-23,0.8000000000000007,6.15,5.35,0.8062632726334067,0.8084432607764369,0.803195394163491
2004-09-24,0.8100000000000005,6.16,5.35,0.8067469898861283,0.8085475109451963,0.8034271840185019
2004-09-27,0.8199999999999994,6.14,5.32,0.8084625845799996,0.8093144498766539,0.8039917149708847
2004-09-28,0.8100000000000005,6.16,5.35,0.8086616021400986,0.809360359117566,0.8041963792158423
2004-09-29,0.8099999999999996,6.22,5.41,0.8088348569891485,0.8094031939539533,0.8043940718452788
2004-09-30,0.7800000000000002,6.25,5.47,0.8051022009944664,0.807434150015594,0.8035631202057575
2004-10-01,0.7699999999999996,6.3,5.53,0.8005582408486663,0.8049272969746872,0.8024198371188127
2004-10-04,0.7700000000000005,6.29,5.52,0.7966024937841452,0.802588320382587,0.8013154984508873
2004-10-05,0.7600000000000007,6.28,5.52,0.7918643215818306,0.7997363079710932,0.7999081409013503
2004-10-06,0.75,6.32,5.57,0.7864450087350727,0.796405616214265,0.7982080864057143
2004-10-07,0.75,6.35,5.6,0.7817272228836497,0.7932979709205046,0.7965659420072274
2004-10-08,0.75,6.25,5.5,0.7776201517531829,0.7903984353354321,0.7949797350753885
2004-10-11,0.75,6.25,5.5,0.7740447386670578,0.7876930729744245,0.793447560174733
2004-10-12,0.75,6.23,5.48,0.7709321607909153,0.7851688806375425,0.7919675767759229
2004-10-13,0.7400000000000002,6.21,5.47,0.7669280100004976,0.7821440558256153,0.790197370334055
2004-10-14,0.7300000000000004,6.16,5.43,0.7621476999073382,0.7786521243978362,0.7881468269114065
2004-10-15,0.7200000000000006,6.19,5.47,0.7566917038959694,0.7747243670869021,0.7858254958146809
2004-10-18,0.7300000000000004,6.2,5.47,0.7532364778619696,0.7717293100176826,0.7839238744876421
2004-10-19,0.7299999999999995,6.17,5.44,0.7502285288917555,0.7689348229605653,0.7820870293639971
2004-10-20,0.71,6.14,5.43,0.7450209684872922,0.7649881341725883,0.779631480506957
2004-10-21,0.71,6.13,5.42,0.7404875238437879,0.7613057433260774,0.777259576658492
2004-10-22,0.7300000000000004,6.12,5.39,0.7391299197897911,0.7592092913478135,0.775649741984046
2004-10-25,0.7300000000000004,6.12,5.39,0.7379480568158512,0.7572532324869207,0.7740947441884358
2004-10-26,0.7300000000000004,6.12,5.39,0.7369191853381489,0.7554281650363197,0.7725927153262578
2004-10-27,0.7200000000000006,6.19,5.47,0.7347290063266372,0.7530556468084971,0.770801214370435
2004-10-28,0.7300000000000004,6.19,5.46,0.7341168391214851,0.7515116791135482,0.7694113752246536
2004-10-29,0.7299999999999995,6.14,5.41,0.7335839166162084,0.7500711063162937,0.7680688791023815
2004-11-01,0.7000000000000002,6.2,5.5,0.7292364975279303,0.746717994115849,0.7657502031941835
2004-11-02,0.6900000000000004,6.19,5.5,0.7241573550247068,0.7429197597238777,0.7631698731887007
2004-11-03,0.6899999999999995,6.17,5.48,0.7197357046574642,0.7393758817265786,0.76067743869579
2004-11-04,0.6900000000000004,6.15,5.46,0.7158864344395627,0.7360693266371173,0.7582699056716222
2004-11-05,0.6700000000000008,6.23,5.56,0.7099464613490121,0.7316448614810521,0.7552631086389892
2004-11-08,0.6600000000000001,6.25,5.59,0.7034809200620306,0.7268470194359062,0.7520180974407139
2004-11-09,0.6299999999999999,6.25,5.62,0.6939688563515182,0.7203614642657069,0.7478617131042773
2004-11-10,0.6699999999999999,6.29,5.62,0.6908661013983781,0.7169889076620065,0.7452094573197452
2004-11-11,0.6699999999999999,6.29,5.62,0.688164996326152,0.7138422010849287,0.7426475471038645
2004-11-12,0.6899999999999995,6.22,5.53,0.6884025365180811,0.712245560203093,0.7408541783764047
2004-11-15,0.6900000000000004,6.21,5.52,0.6886093272659706,0.7107558415847042,0.7391218983713936
2004-11-16,0.6900000000000004,6.21,5.52,0.6887893490680301,0.7093658849656407,0.7374486261826834
2004-11-17,0.6900000000000004,6.15,5.46,0.6889460671492187,0.7080690095832495,0.7358323517874286
2004-11-18,0.7000000000000002,6.13,5.43,0.6903769925301149,0.7075286521501984,0.7346117703422924
2004-11-19,0.71,6.19,5.48,0.6929171797935274,0.7076941509225716,0.7337734030927754
2004-11-22,0.6999999999999993,6.14,5.44,0.6938340468795301,0.7071788966526226,0.7326229569987345
2004-11-23,0.7000000000000002,6.15,5.45,0.6946322260377175,0.70669814741973,0.7315116993220306
2004-11-24,0.7000000000000002,6.15,5.45,0.6953270813534888,0.7062495925247854,0.7304382951613058
2004-11-25,0.7000000000000002,6.15,5.45,0.6959319880400427,0.7058310760092865,0.7294014550868426
2004-11-26,0.7000000000000002,6.2,5.5,0.6964585898967639,0.705440586292823,0.7283999335916335
2004-11-29,0.6899999999999995,6.27,5.58,0.6956225290727264,0.7044065764198748,0.7270918908844602
2004-11-30,0.6899999999999995,6.31,5.62,0.6948946958514107,0.7034418110948394,0.7258284049138164
2004-12-01,0.7000000000000002,6.33,5.63,0.6955555745976476,0.7032113233021227,0.7249485946244363
2004-12-02,0.6899999999999995,6.34,5.65,0.6948364085954157,0.7023266005027394,0.7237581171926105
2004-12-03,0.6900000000000004,6.23,5.54,0.6942103382270695,0.7015011249425501,0.722608191792445
2004-12-06,0.6900000000000004,6.2,5.51,0.6936653123152425,0.7007309290111862,0.7214974370728715
2004-12-07,0.6900000000000004,6.19,5.5,0.6931908397006906,0.7000123107972762,0.7204245187367109
2004-12-08,0.71,6.08,5.37,0.6953667760329013,0.7006811564646427,0.7200694213593468
2004-12-09,0.71,6.13,5.42,0.6972610386326039,0.7013052115385421,0.719726419902245
2004-12-10,0.7000000000000002,6.11,5.41,0.6976155956387671,0.7012178054263942,0.7190544656232045
2004-12-13,0.6799999999999997,6.1,5.42,0.6953352667061253,0.6997969124708344,0.7177241271521998
2004-12-14,0.6900000000000004,6.08,5.39,0.6946446194363525,0.6991408425504869,0.7167797416040416
2004-12-15,0.7000000000000002,6.0,5.3,0.6953378704336516,0.6991983777546797,0.7162081620053155
2004-12-16,0.7000000000000002,6.11,5.41,0.695941380479856,0.6992520599983665,0.7156560525060336
2004-12-17,0.6699999999999999,6.13,5.46,0.6925832833894177,0.6972931370488901,0.7141008397508781
2004-12-20,0.6699999999999999,6.11,5.44,0.6896598900757336,0.6954653973091499,0.7125986032514662
2004-12-21,0.6699999999999999,6.09,5.42,0.6871149283797697,0.6937600558320295,0.7111475384420473
2004-12-22,0.6699999999999999,6.12,5.45,0.6848994105417814,0.69216891597204,0.7097459022270051
2004-12-23,0.6699999999999999,6.14,5.47,0.682970690239928,0.6906843299885206,0.7083920108869591
2004-12-24,0.6699999999999999,6.14,5.47,0.6812916416947088,0.6892991622871238,0.707084238056192
2004-12-27,0.6600000000000001,6.2,5.54,0.678535450670828,0.6873370850382775,0.7054803760582217
2004-12-28,0.6799999999999997,6.21,5.53,0.6787250357565143,0.686845742402424,0.7046124209093032
2004-12-29,0.6699999999999999,6.22,5.55,0.6775955847926123,0.6857176334283921,0.7034333947883339
2004-12-30,0.6699999999999999,6.16,5.49,0.6766123406197722,0.6846650705375715,0.7022945306253383
2004-12-31,0.6699999999999999,6.1,5.43,0.6757563768512485,0.6836829946347687,0.7011944603565903
2005-01-03,0.6600000000000001,6.09,5.43,0.6737167227433604,0.6820970153326283,0.6997912258088849
2005-01-04,0.6499999999999995,6.14,5.49,0.6706466063437703,0.6799475742352049,0.6980951538705022
2005-01-05,0.6500000000000004,6.12,5.47,0.6679739147827226,0.6779420747779439,0.6964568563687485
2005-01-06,0.6499999999999995,6.13,5.48,0.6656472016387356,0.6760708776198101,0.6948743652942178
2005-01-07,0.6500000000000004,6.12,5.47,0.6636216802006093,0.6743249889376015,0.6933457796751292
2005-01-10,0.6600000000000001,6.11,5.45,0.6631528557387188,0.6733656872821819,0.6922099000045311
2005-01-11,0.6500000000000004,6.07,5.42,0.6614502259722944,0.6718009571042078,0.6907720758546616
2005-01-12,0.6599999999999993,6.06,5.4,0.6612624950370874,0.6710106823099365,0.6897238659844487
2005-01-13,0.6500000000000004,6.0,5.35,0.6598045713986563,0.6696036597698696,0.688370725279721
2005-01-14,0.6599999999999993,6.02,5.36,0.659829869521016,0.6689605314047831,0.687404314225629
2005-01-17,0.6599999999999993,6.02,5.36,0.6598518928156866,0.6683604714223642,0.686470822679807
2005-01-18,0.6600000000000001,5.98,5.32,0.6598710652072678,0.6678005956618664,0.6855691292829532
2005-01-19,0.6600000000000001,5.96,5.3,0.6598877557435585,0.6672782131061603,0.6846981508733806
2005-01-20,0.6799999999999997,5.97,5.29,0.6624912744334056,0.668130153116747,0.6845381146073684
2005-01-21,0.6600000000000001,5.95,5.29,0.6621687803613265,0.6675857010841707,0.6837022563425785
2005-01-24,0.6600000000000001,5.91,5.25,0.6618880329652184,0.6670777093754677,0.6828948704787859
2005-01-25,0.6600000000000001,5.98,5.32,0.6616436281613925,0.6666037363518207,0.6821149871414883
2005-01-26,0.6699999999999999,5.97,5.3,0.6627253557887884,0.6668311739682915,0.681702306204421
2005-01-27,0.6699999999999999,5.97,5.3,0.663667054384151,0.6670433807679753,0.6813036826950528
2005-01-28,0.6699999999999999,5.91,5.24,0.6644868506267989,0.6672413767131087,0.6809186377657906
2005-01-31,0.6699999999999999,5.89,5.22,0.665200524707624,0.6674261134621087,0.680546708880348
2005-02-01,0.6699999999999999,5.89,5.22,0.6658218140806962,0.6675984789436749,0.6801874492581224
2005-02-02,0.6699999999999999,5.88,5.21,0.6663626778943941,0.6677593016245783,0.6798404273374988
2005-02-03,0.6699999999999999,5.88,5.21,0.6668335271920753,0.6679093544916486,0.6795052262574354
2005-02-04,0.6400000000000006,5.78,5.14,0.6633599422122831,0.6660403485132042,0.6781595332244525
2005-02-07,0.6299999999999999,5.72,5.09,0.6590415164844292,0.663626834189304,0.6765190427255618
2005-02-08,0.6299999999999999,5.68,5.05,0.6552821085344935,0.6613749456995585,0.6749344333554272
2005-02-09,0.6099999999999994,5.64,5.03,0.6494203650919395,0.6579345192761,0.6727225281761564
2005-02-10,0.6100000000000003,5.74,5.13,0.6443174210361269,0.6547244879180584,0.6705859686073617
2005-02-11,0.5899999999999999,5.75,5.16,0.6372860614797929,0.6503900825878739,0.6678409146794478
2005-02-14,0.5999999999999996,5.71,5.11,0.6324594018243277,0.6470156095007508,0.6655300040763695
2005-02-15,0.6000000000000005,5.74,5.14,0.6282575505424238,0.6438671147814119,0.6632978115719586
2005-02-16,0.5899999999999999,5.78,5.19,0.623305132175037,0.6402597952499574,0.6608010190280427
2005-02-17,0.5999999999999996,5.83,5.23,0.6202882959426691,0.637563717200727,0.6587299131148372
2005-02-18,0.5699999999999994,5.89,5.32,0.6137785043600927,0.6330391771791412,0.6557074465399663
2005-02-21,0.5699999999999994,5.89,5.32,0.6081114016309405,0.6288176320674729,0.6527879362723374
2005-02-22,0.5999999999999996,5.93,5.33,0.6070613852589363,0.6268878014569212,0.6509897853744203
2005-02-23,0.6100000000000003,5.91,5.3,0.6074417872818567,0.6257568759138309,0.649593522807985
2005-02-24,0.6100000000000003,5.91,5.3,0.607772946477189,0.6247016850711559,0.6482448220703472
2005-02-25,0.6099999999999994,5.89,5.28,0.6080612373012262,0.6237171572025726,0.646942063031015
2005-02-28,0.6000000000000005,5.95,5.35,0.6070177146734462,0.6221288901354651,0.6453430440363374
2005-03-01,0.6100000000000003,5.96,5.35,0.6074037698290589,0.6213166546471143,0.6441391302094889
2005-03-02,0.6100000000000003,5.98,5.37,0.6077398503622409,0.620558812139586,0.642976226107241
2005-03-03,0.6100000000000003,5.98,5.37,0.6080324254597154,0.6198517200776731,0.6418529347878241
2005-03-04,0.6299999999999999,5.89,5.26,0.6108761156097057,0.6205313200251183,0.6414491803159365
2005-03-07,0.6299999999999999,5.86,5.23,0.6133516916716193,0.6211654091971315,0.6410591792035742
2005-03-08,0.6200000000000001,5.92,5.3,0.6142123114397618,0.6210873652295641,0.640341826250071
2005-03-09,0.6200000000000001,6.05,5.43,0.6149615244637021,0.6210145476330333,0.6396489089716206
2005-03-10,0.6200000000000001,5.99,5.37,0.6156137522837222,0.6209466064131056,0.6389795949994257
2005-03-11,0.6200000000000001,6.04,5.42,0.616181549579838,0.6208832150134278,0.6383330803182256
2005-03-14,0.6299999999999999,6.02,5.39,0.6179703402028484,0.6214937388307806,0.6380492250112226
2005-03-15,0.6299999999999999,6.05,5.42,0.6195275728873288,0.6220633776944898,0.6377750388580304
2005-03-16,0.6499999999999995,6.05,5.4,0.623472211412064,0.6239342097168559,0.638191465913277
2005-03-17,0.6699999999999999,6.04,5.37,0.6294952074358493,0.6270190978846109,0.63927498135579
2005-03-18,0.6799999999999997,6.1,5.42,0.6360330243841247,0.6305670704049596,0.6406622249954159
2005-03-21,0.6899999999999995,6.13,5.44,0.6430190189782115,0.634547115904143,0.6423428507347521
2005-03-22,0.6900000000000004,6.19,5.5,0.6491006805072775,0.6382606296626988,0.6439662281917029
2005-03-23,0.6899999999999995,6.18,5.49,0.6543950743771823,0.6417254605139571,0.6455343074529294
2005-03-24,0.71,6.18,5.47,0.6615931006770169,0.6462976021775394,0.6477302455994849
2005-03-25,0.71,6.18,5.47,0.6678593465269583,0.6505635611916417,0.6498513820313147
2005-03-28,0.7000000000000002,6.22,5.52,0.6720199360143381,0.6538741716077112,0.6515596280586735
2005-03-29,0.7199999999999998,6.2,5.48,0.6782309282702979,0.6583024205172932,0.653890958376744
2005-03-30,0.7299999999999995,6.17,5.44,0.6849324054443903,0.663103792929302,0.6564835117364438
2005-03-31,0.7399999999999993,6.14,5.4,0.6920608745402512,0.6682533018789928,0.6593283899220056
2005-04-01,0.75,6.11,5.36,0.6995610616941309,0.6737276337039004,0.6624169978235571
2005-04-04,0.7400000000000002,6.12,5.38,0.7047958594787285,0.6781656958185271,0.6650597596907184
2005-04-05,0.7199999999999998,6.14,5.42,0.7067640269047736,0.6809672140206996,0.6669312259654037
2005-04-06,0.7000000000000002,6.11,5.41,0.7058884274321009,0.6822417827604534,0.6680576698069768
2005-04-07,0.6599999999999993,6.14,5.48,0.6999481963497887,0.6807523171060976,0.6677831959930397
2005-04-08,0.6699999999999999,6.14,5.47,0.6960714192020114,0.6800322665954546,0.6678587084755709
2005-04-11,0.7000000000000002,6.12,5.42,0.6965799717733567,0.6813694459673476,0.6689535588579897
2005-04-12,0.7000000000000002,6.04,5.34,0.6970226925008072,0.6826170784369263,0.6700111146171053
2005-04-13,0.7000000000000002,6.07,5.37,0.697408103279472,0.6837811606923556,0.6710326461446987
2005-04-14,0.7300000000000004,6.12,5.39,0.7016271059510554,0.6868762980954296,0.6730412906905979
2005-04-15,0.75,6.05,5.3,0.7078889498374276,0.691103503575101,0.6756627868508819
2005-04-18,0.7399999999999993,6.02,5.28,0.7120457071929424,0.6943779556650076,0.6778543485174855
2005-04-19,0.7399999999999993,5.97,5.23,0.7156643746502711,0.6974331274940971,0.6799712575483371
2005-04-20,0.7400000000000002,6.0,5.26,0.71881460764363,0.7002837036054517,0.6820160568862657
2005-04-21,0.7199999999999998,6.05,5.33,0.7189680560164352,0.7016040449929681,0.6833099294306292
2005-04-22,0.7300000000000004,6.0,5.27,0.7203961349508565,0.7035056371522446,0.6849003646369799
2005-04-25,0.7199999999999998,5.97,5.25,0.7203448555046094,0.7046102152886651,0.6860959870708436
2005-04-26,0.7200000000000006,5.98,5.26,0.7203002141537935,0.7056408231316759,0.6872508822153902
2005-04-27,0.7299999999999995,5.97,5.24,0.7215558459677331,0.7072720843351733,0.6887070741023582
2005-04-28,0.7400000000000002,5.94,5.2,0.7239434313176896,0.7094637749404825,0.6904542994586177
2005-04-29,0.7599999999999998,5.97,5.21,0.7286109338230893,0.712848034751741,0.6928232813265505
2005-05-02,0.7700000000000005,5.98,5.21,0.7339687251253898,0.7166753308922093,0.6954522036861025
2005-05-03,0.7700000000000005,5.98,5.21,0.7386329533616306,0.7202463244596476,0.6979915752991167
2005-05-04,0.75,6.03,5.28,0.7401044111459542,0.7222388391013694,0.6997631731712646
2005-05-05,0.75,6.03,5.28,0.7413853895489635,0.7240979209982161,0.7014744239162182
2005-05-06,0.8099999999999996,6.1,5.29,0.750267512221506,0.7298505262497343,0.7051712034431777
2005-05-09,0.8000000000000007,6.07,5.27,0.7567053547503145,0.734548226652057,0.7084014203775422
2005-05-10,0.8199999999999994,6.05,5.23,0.7648988109242579,0.7402706762810435,0.712202877686256
2005-05-11,0.8199999999999994,6.02,5.2,0.7720316288118264,0.7456099105772954,0.7158748434035996
2005-05-12,0.8399999999999999,6.01,5.17,0.7808300961758154,0.7519309324945073,0.7201030019100514
2005-05-13,0.8700000000000001,6.0,5.13,0.7923730899967949,0.7598376647373889,0.7252090439481405
2005-05-16,0.8899999999999997,6.02,5.13,0.8050108385038497,0.7685542469445091,0.7308224288712513
2005-05-17,0.9199999999999999,6.03,5.11,0.8198961206865774,0.7786961159710908,0.7372665114289776
2005-05-18,0.9199999999999999,5.99,5.07,0.8328545114755728,0.7881588143687368,0.7434910848780764
2005-05-19,0.9099999999999993,6.02,5.11,0.8428409515093052,0.7963181540780709,0.7491629897938703
2005-05-20,0.9199999999999999,6.02,5.1,0.8528291468730327,0.804600757300668,0.7549823255169947
2005-05-23,0.9000000000000004,5.96,5.06,0.8589353872391599,0.8109893591938964,0.7599221598806677
2005-05-24,0.9100000000000001,5.95,5.04,0.8655456725965522,0.8176198056147048,0.7650343620621622
2005-05-25,0.9000000000000004,5.99,5.09,0.8700057658709395,0.8231365607893043,0.7696317871593251
2005-05-26,0.8900000000000006,5.99,5.1,0.8725940082162718,0.8276142052888051,0.7737319703694341
2005-05-27,0.8900000000000006,5.99,5.1,0.8748472040479478,0.8317919953312127,0.777692486287326
2005-05-30,0.8900000000000006,5.99,5.1,0.8768087249484298,0.835690011272493,0.781518092493703
2005-05-31,0.8800000000000008,5.9,5.02,0.8772218337062228,0.838657318662612,0.7848727477978512
2005-06-01,0.8900000000000006,5.82,4.93,0.8788759601350606,0.8420955844382558,0.7884537679379
2005-06-02,0.8799999999999999,5.78,4.9,0.8790214664624098,0.8446339297559715,0.7915721686750331
2005-06-03,0.8700000000000001,5.82,4.95,0.877853642710608,0.8463326195966814,0.7942437085244245
2005-06-06,0.8600000000000003,5.78,4.92,0.8755424987186076,0.8472478831758201,0.7964836092083705
2005-06-07,0.8700000000000001,5.74,4.87,0.8748250253815518,0.8487715243757405,0.798987847362929
2005-06-08,0.8799999999999999,5.77,4.89,0.8754949229308668,0.8508628019671629,0.8017474186834485
2005-06-09,0.8899999999999997,5.81,4.92,0.8773725969868125,0.8534837030390536,0.8047536255849488
2005-06-10,0.8999999999999995,5.89,4.99,0.8803017015609411,0.8565987602913137,0.8079980667541241
2005-06-13,0.8899999999999997,5.93,5.04,0.8815571408308633,0.8588355413935664,0.8107913536357384
2005-06-14,0.9000000000000004,6.0,5.1,0.883944558561517,0.8615922020414463,0.8138301276225504
2005-06-15,0.9000000000000004,5.99,5.09,0.8860229264117607,0.8641642573723893,0.8167653898118039
2005-06-16,0.9100000000000001,5.95,5.04,0.8891267450815658,0.8672337399368493,0.8199413029060748
2005-06-17,0.9000000000000004,5.94,5.04,0.8905342818058948,0.8694279983518055,0.8226683960305877
2005-06-20,0.9000000000000004,5.96,5.06,0.8917596136941194,0.8714753138449169,0.8253025943519159
2005-06-21,0.9100000000000001,5.91,5.0,0.8941208214266767,0.8740551968287062,0.8281876989188311
2005-06-22,0.9199999999999999,5.84,4.92,0.8974708665153524,0.877131982851518,0.8313151629435132
2005-06-23,0.9100000000000001,5.84,4.93,0.8990927557873277,0.8793330556340688,0.8339954573516074
2005-06-24,0.9199999999999999,5.81,4.89,0.9017991867736885,0.8820563992415943,0.8369250878033513
2005-06-27,0.9299999999999997,5.79,4.86,0.9054497661604257,0.8852670387593384,0.8400955609977668
2005-06-28,0.9299999999999997,5.84,4.91,0.9086277801019069,0.8882626713533255,0.8431580362361352
2005-06-29,0.9000000000000004,5.86,4.96,0.9075109188277102,0.8890486851401427,0.8450942821930534
2005-06-30,0.8999999999999995,5.81,4.91,0.9065386346163344,0.8897820619350458,0.8469645725045745
2005-07-01,0.8999999999999995,5.89,4.99,0.9056922120484374,0.890466326679918,0.8487711538621089
2005-07-04,0.8999999999999995,5.89,4.99,0.904955358405168,0.8911047682618292,0.8505161964265098
2005-07-05,0.9000000000000004,5.95,5.05,0.9043138900509533,0.8917004553209213,0.8522017964349847
2005-07-06,0.9100000000000001,5.93,5.02,0.9050499537808937,0.8929259210843178,0.8541706154299582
2005-07-07,0.8999999999999995,5.89,4.99,0.9043962401085763,0.8933996509869335,0.8557317325115289
2005-07-08,0.8900000000000006,5.94,5.05,0.9025326549358674,0.8931719865305197,0.8568990355035716
2005-07-11,0.9299999999999997,5.92,4.99,0.9060882872821703,0.8956382484202129,0.8593891227134545
2005-07-12,0.9199999999999999,5.95,5.03,0.9078891506570794,0.8972696820444347,0.8614537517009199
2005-07-13,0.9100000000000001,5.96,5.05,0.9081623989154872,0.8981221933547042,0.8631074151349125
2005-07-14,0.8999999999999995,5.97,5.07,0.907105780973725,0.8982479444482119,0.8643641120108692
2005-07-15,0.9000000000000004,5.95,5.05,0.9061859416293352,0.8983652743671765,0.865578001177802
2005-07-18,0.8999999999999995,6.02,5.12,0.9053851749699346,0.8984747470524648,0.8667505408234307
2005-07-19,0.8900000000000006,5.98,5.09,0.9033935727364861,0.897907218594879,0.8675425027534966
2005-07-20,0.8900000000000006,5.94,5.05,0.9016597822902956,0.8973776958203155,0.8683074875528727
2005-07-21,0.9100000000000001,6.04,5.13,0.9027394187748046,0.8982229737711414,0.8697276875831683
2005-07-22,0.9100000000000001,5.98,5.07,0.9036792969245488,0.8990116459862806,0.8710995103867711
2005-07-25,0.8700000000000001,5.97,5.1,0.8993195309090835,0.8970688228439863,0.8710620570266125
2005-07-26,0.8700000000000001,5.96,5.09,0.8955241341484808,0.8952561047555044,0.871025879465395
2005-07-27,0.8700000000000001,5.98,5.11,0.8922200493606057,0.8935647789745953,0.8709909342447231
2005-07-28,0.8700000000000001,5.88,5.01,0.889343676487343,0.8919867162215703,0.8709571793865538
2005-07-29,0.8700000000000001,5.95,5.08,0.8868396484622745,0.8905143316102826,0.8709245743427704
2005-08-01,0.8600000000000003,5.99,5.13,0.8833652710875031,0.8884708781070881,0.8705524432357222
2005-08-02,0.8499999999999996,6.02,5.17,0.8790461555397536,0.8858945984873043,0.8698523515695498
2005-08-03,0.8600000000000003,6.0,5.14,0.8765806414337582,0.8841605146912541,0.8695167443063678
2005-08-04,0.8599999999999994,6.01,5.15,0.8744342867399693,0.8825425572994497,0.8691925690586094
2005-08-05,0.8600000000000003,6.07,5.21,0.8725657764522581,0.8810329496739955,0.8688794364098613
2005-08-08,0.8599999999999994,6.09,5.23,0.8709391437687664,0.879624435955171,0.8685769702086631
2005-08-09,0.8700000000000001,6.07,5.2,0.8708175721369156,0.8789799162711077,0.8686254438274054
2005-08-10,0.8700000000000001,6.08,5.21,0.8707117378843271,0.8783785581421817,0.868672266256743
2005-08-11,0.8700000000000001,6.03,5.16,0.8706196038161201,0.8778174711681649,0.8687174937422487
2005-08-12,0.8799999999999999,5.95,5.07,0.8718338908181825,0.8779636285949176,0.8691018173243161
2005-08-15,0.8700000000000001,5.98,5.11,0.8715964946847924,0.8774303282114041,0.8691324127235461
2005-08-16,0.8700000000000001,5.94,5.07,0.8713898293471453,0.8769327413591868,0.8691619659311604
2005-08-17,0.8700000000000001,5.99,5.12,0.8712099167210428,0.876468476409913,0.8691905124480311
2005-08-18,0.8700000000000001,5.94,5.07,0.8710532936830452,0.8760353018954264,0.8692180865657408
2005-08-19,0.8700000000000001,5.93,5.06,0.8709169454090913,0.8756311357823175,0.8692447214077748
2005-08-22,0.8700000000000001,5.94,5.07,0.8707982473423962,0.8752540354647257,0.8692704489693105
2005-08-23,0.8700000000000001,5.92,5.05,0.8706949146735726,0.8749021884272935,0.8692953001556525
2005-08-24,0.8700000000000001,5.91,5.04,0.8706049583605214,0.8745739035333948,0.8693193048193572
2005-08-25,0.8700000000000001,5.88,5.01,0.8705266468415226,0.8742676028967642,0.869342491796093
2005-08-26,0.8599999999999994,5.89,5.03,0.8691639783375067,0.873312144212827,0.8690242522285286
2005-08-29,0.8700000000000001,5.88,5.01,0.8692722008707887,0.8730903398232953,0.8690574897796685
2005-08-30,0.8700000000000001,5.83,4.96,0.8693664140580987,0.8728833890101946,0.8690895951377988
2005-08-31,0.8799999999999999,5.79,4.91,0.87074292576842,0.8733599671585781,0.8694612435803216
2005-09-01,0.8899999999999997,5.83,4.94,0.8732357431802626,0.8744743003786974,0.8701608690232943
2005-09-02,0.9199999999999999,5.87,4.95,0.8792893498834531,0.87752302029053,0.8718585727875563
2005-09-05,0.9199999999999999,5.87,4.95,0.8845593206088886,0.8803675765502249,0.8734984465292095
2005-09-06,0.9199999999999999,5.92,5.0,0.8891470965924706,0.8830216413868028,0.8750824601511222
2005-09-07,0.9100000000000001,5.98,5.07,0.8918464931922157,0.8848283013563759,0.8762718797432879
2005-09-08,0.9100000000000001,5.98,5.07,0.8941964544226834,0.8865139747124764,0.8774207833376958
2005-09-09,0.9100000000000001,5.96,5.05,0.896242214495591,0.8880867635666727,0.8785305510579666
2005-09-12,0.9000000000000004,6.0,5.1,0.8967286577123909,0.8888845573717273,0.8792618793048929
2005-09-13,0.8999999999999995,5.97,5.07,0.8971521311287873,0.8896289253122869,0.8799682958269679
2005-09-14,0.9000000000000004,6.0,5.1,0.8975207861499723,0.8903234451586713,0.8806506492089929
2005-09-15,0.8999999999999995,6.06,5.16,0.8978417189863268,0.8909714550886252,0.8813097591298557
2005-09-16,0.8900000000000006,6.11,5.22,0.8968266128807567,0.8909063996474836,0.8816057806364201
2005-09-19,0.8899999999999997,6.1,5.21,0.8959429116887474,0.8908457007746196,0.8818917185637538
2005-09-20,0.8799999999999999,6.07,5.19,0.8938791107512194,0.8901193966390564,0.8818272796848313
2005-09-21,0.8900000000000006,6.03,5.14,0.8933769620495622,0.8901114010033182,0.8821056725414365
2005-09-22,0.9000000000000004,6.03,5.13,0.8942343105815148,0.8907736108960181,0.8827152190260961
2005-09-23,0.9000000000000004,6.08,5.18,0.8949806758289472,0.8913914745732292,0.8833040021197972
2005-09-26,0.8999999999999995,6.13,5.23,0.8956304245155241,0.8919679617683394,0.8838727290998599
2005-09-27,0.8999999999999995,6.14,5.24,0.8961960636006245,0.8925058433405757,0.8844220831511422
2005-09-28,0.9100000000000001,6.08,5.17,0.8979829753918198,0.8936773746776439,0.8852933608974694
2005-09-29,0.9100000000000001,6.12,5.21,0.8995385724582053,0.8947704520657476,0.8861349597252305
2005-09-30,0.9300000000000006,6.15,5.22,0.9034817870946866,0.8971296695004151,0.8876291640288486
2005-10-03,0.9400000000000004,6.21,5.27,0.9082090491847117,0.9000005672858007,0.8894131069593009
2005-10-04,0.9400000000000004,6.19,5.25,0.9123243698600314,0.9026792096348953,0.8911362822445533
2005-10-05,0.9399999999999995,6.17,5.23,0.9159069645920751,0.9051784713191283,0.892800759853684
2005-10-06,0.9200000000000008,6.19,5.27,0.9164368057200402,0.9061710247557377,0.8937272658235222
2005-10-07,0.9199999999999999,6.17,5.25,0.9168980592124474,0.9070971098579576,0.8946222115987548
2005-10-10,0.9199999999999999,6.17,5.25,0.9172996037000849,0.9079611778112994,0.8954866722354696
2005-10-11,0.9200000000000008,6.19,5.27,0.9176491684799863,0.908767381718697,0.896321686169398
2005-10-12,0.9400000000000004,6.28,5.34,0.9205424710301154,0.9108589367314687,0.8978095298848411
2005-10-13,0.9500000000000002,6.34,5.39,0.9243557315619552,0.9134800966466308,0.8995873288921015
2005-10-14,0.96,6.35,5.39,0.9289698620329818,0.9165953954082028,0.9016452062494924
2005-10-17,0.9500000000000002,6.34,5.39,0.9316922015466171,0.9188324018466113,0.9032923480387166
2005-10-18,0.96,6.33,5.37,0.9353566301107343,0.9215892727405586,0.9052240188425701
2005-10-19,0.9699999999999998,6.33,5.36,0.9398411948284238,0.9248311943226509,0.9074305265582872
2005-10-20,0.9700000000000006,6.32,5.35,0.9437452351695463,0.9278560141147183,0.9095618725209513
2005-10-21,0.96,6.24,5.28,0.9458494053206025,0.9300086006895387,0.9112799803050443
2005-10-24,0.9699999999999998,6.3,5.33,0.9489756861979141,0.9326867050656173,0.9132801997414599
2005-10-25,0.9699999999999998,6.35,5.38,0.9516972717766796,0.9351854648032778,0.9152122843609153
2005-10-26,0.9700000000000006,6.44,5.47,0.9540665496353327,0.9375168900764388,0.9170785550854041
2005-10-27,0.9699999999999998,6.41,5.44,0.956129125809788,0.9396921867736008,0.9188812537777968
2005-10-28,0.9699999999999998,6.41,5.44,0.9579247026603013,0.9417218103584339,0.9206225459348842
2005-10-31,0.9700000000000006,6.4,5.43,0.9594878430989572,0.9436155161234845,0.922304523288687
2005-11-01,0.9799999999999995,6.42,5.44,0.9621431302553787,0.946052076163172,0.9242698430299053
2005-11-02,0.9699999999999998,6.45,5.48,0.9631601976180756,0.9476557969814288,0.9258275800551499
2005-11-03,0.9500000000000002,6.47,5.52,0.9614566174495041,0.9478127812448128,0.9266509814172417
2005-11-04,0.9500000000000002,6.48,5.53,0.959973564774134,0.9479592527417023,0.9274463347061723
2005-11-07,0.96,6.47,5.51,0.9599769867992315,0.9487655855652519,0.9285552320530319
2005-11-08,0.96,6.4,5.44,0.9599799658451077,0.9495179206917828,0.929626356285412
2005-11-09,0.96,6.46,5.5,0.9599825592551733,0.950219874185528,0.9306609940942596
2005-11-10,0.96,6.39,5.43,0.9599848169497668,0.9508748199537168,0.9316603883411048
2005-11-11,0.96,6.39,5.43,0.9599867823870669,0.9514859059631045,0.932625739551051
2005-11-14,0.96,6.44,5.48,0.9599884933996157,0.9520560693705297,0.9335582073549096
2005-11-15,0.9699999999999998,6.39,5.42,0.9612844772895925,0.9532577207248564,0.9347995485929609
2005-11-16,0.9800000000000004,6.33,5.35,0.9637071911620735,0.9550485711673999,0.9363392419021388
2005-11-17,0.9799999999999995,6.31,5.33,0.9658162860884669,0.9567194937132014,0.9378264876048762
2005-11-18,0.9900000000000002,6.36,5.37,0.9689468542317226,0.9589481896593688,0.9396037089699392
2005-11-21,0.9900000000000002,6.33,5.34,0.9716721720922706,0.9610276365052473,0.9413203916509949
2005-11-22,1.0,6.34,5.34,0.9753391934579705,0.963637499101231,0.9433192345286143
2005-11-23,0.9900000000000002,6.38,5.39,0.9772370266064607,0.9654029169220297,0.944909352769168
2005-11-24,0.9900000000000002,6.38,5.39,0.9788891863229209,0.967050109992682,0.9464453057450049
2005-11-25,1.0,6.34,5.34,0.9816219692617792,0.9692566655556634,0.9482695752346375
2005-11-28,1.0,6.3,5.3,0.9840009949885684,0.971315454693584,0.9500317034084228
2005-11-29,0.9900000000000002,6.36,5.37,0.9847775628080819,0.9725667027972497,0.9513931703169525
2005-11-30,0.96,6.38,5.42,0.9815701212596808,0.9717251483046718,0.9516863505322757
2005-12-01,0.9399999999999995,6.39,5.45,0.9761888924789033,0.9696006100296568,0.9512882705316752
2005-12-02,0.9499999999999993,6.39,5.44,0.9727987550996109,0.9682880158119169,0.9512443873080284
2005-12-05,0.9499999999999993,6.43,5.48,0.9698474690944165,0.9670633221022653,0.9512019989080776
2005-12-06,0.96,6.37,5.41,0.9685727197671855,0.9665903125512647,0.9515016911233917
2005-12-07,0.96,6.4,5.44,0.9674629860223031,0.9661489790348691,0.9517911747216595
2005-12-08,0.96,6.35,5.39,0.966496906685587,0.9657372003038011,0.9520707974458543
2005-12-09,0.96,6.42,5.46,0.9656558857748201,0.9653529971625013,0.952340895193547
2005-12-12,0.96,6.42,5.46,0.9649237345472081,0.9649945229562167,0.9526017924204042
2005-12-13,0.96,6.42,5.46,0.9642863598835926,0.9646600546951382,0.9528538025299412
2005-12-14,0.9500000000000002,6.33,5.38,0.9624369986441127,0.963678314688298,0.9527565915392479
2005-12-15,0.9500000000000002,6.34,5.39,0.9608270361753455,0.9627623188728046,0.9526626919117663
2005-12-16,0.9399999999999995,6.3,5.36,0.9581309880742357,0.9612379944722076,0.9522313541395578
2005-12-19,0.9400000000000004,6.29,5.35,0.9557839418811412,0.959815749516646,0.9518147093153443
2005-12-20,0.9399999999999995,6.31,5.37,0.9537407194956607,0.9584887480510603,0.9514122569433777
2005-12-21,0.9500000000000002,6.33,5.38,0.9532564854640804,0.9579202819884831,0.9513641502873849
2005-12-22,0.9499999999999993,6.27,5.32,0.9528349352551208,0.9573898843975295,0.9513176823206982
2005-12-23,0.9500000000000002,6.21,5.26,0.9524679544832535,0.9568950059465381,0.9512727972235444
2005-12-26,0.9500000000000002,6.21,5.26,0.9521484791655856,0.9564332680249625,0.9512294410775762
2005-12-27,0.96,6.17,5.21,0.9531648541148693,0.9566721213953208,0.9515281985118549
2005-12-28,0.9500000000000002,6.2,5.25,0.9527551655324495,0.9562253093853729,0.9514761424604095
2005-12-29,0.9500000000000002,6.19,5.24,0.952398510906248,0.9558084190390767,0.9514258596291779
2005-12-30,0.9500000000000002,6.21,5.26,0.9520880250205062,0.9554194465921291,0.9513772896157702
2006-01-02,0.9500000000000002,6.21,5.26,0.9518177313577781,0.9550565224663281,0.9513303740753233
2006-01-03,0.9500000000000002,6.21,5.26,0.9515824270574349,0.9547179022835312,0.9512850566504145
2006-01-04,0.9500000000000002,6.2,5.25,0.9513775827662251,0.9544019584813814,0.9512412829033619
2006-01-05,0.9400000000000004,6.2,5.26,0.9499047610860856,0.9534375024058722,0.950858363540079
2006-01-06,0.9399999999999995,6.22,5.28,0.9486225953428052,0.952537633068534,0.9504884878160352
2006-01-09,0.9399999999999995,6.22,5.28,0.9475064052327535,0.951698025288725,0.950131211416994
2006-01-10,0.96,6.27,5.31,0.9491236940377801,0.9522539836994762,0.9504673785851957
2006-01-11,0.96,6.3,5.34,0.9505316257180084,0.9527727112386294,0.9507920946655536
2006-01-12,0.96,6.25,5.29,0.9517573014353137,0.953256701146278,0.9511057497241573
2006-01-13,0.9499999999999993,6.18,5.23,0.9515298197543933,0.9530386096130532,0.9510680838292621
2006-01-16,0.9499999999999993,6.18,5.23,0.9513317854489286,0.9528351230173795,0.9510317009730214
2006-01-17,0.96,6.17,5.21,0.9524538809397931,0.9533149333949124,0.95133719416118
2006-01-18,0.9499999999999993,6.18,5.23,0.9521362274343985,0.9530929422222003,0.95129164441911
2006-01-19,0.9500000000000002,6.21,5.26,0.9518596939963443,0.95288581713423,0.9512476462684712
2006-01-20,0.9399999999999995,6.18,5.24,0.9503244632890371,0.952022892509147,0.9508645101456122
2006-01-23,0.9399999999999995,6.18,5.24,0.9489879673320013,0.9512177553647349,0.9504944250456193
2006-01-24,0.9400000000000004,6.21,5.27,0.947824480023761,0.9504665358462866,0.9501369464027425
2006-01-25,0.9299999999999997,6.29,5.36,0.9455171111251456,0.9490959531670561,0.9494510080840215
2006-01-26,0.9299999999999997,6.33,5.4,0.943508429830724,0.9478171543097051,0.9487884353425672
2006-01-27,0.9199999999999999,6.3,5.38,0.9404652768313442,0.9459543227016252,0.9478077955502896
2006-01-30,0.9199999999999999,6.33,5.41,0.9378160582735378,0.944216239353609,0.9468605599493394
2006-01-31,0.9199999999999999,6.31,5.39,0.9355097795657448,0.9425945502478692,0.9459455906703306
2006-02-01,0.9199999999999999,6.33,5.41,0.9335020473375577,0.9410814608101982,0.9450617886038858
2006-02-02,0.9099999999999993,6.31,5.4,0.9304597205483229,0.9390000283610731,0.9438674553695764
2006-02-03,0.9399999999999995,6.26,5.32,0.93169470434934,0.9390669934702801,0.9437357156419692
2006-02-06,0.9400000000000004,6.24,5.3,0.9327698201929772,0.9391294741264521,0.9436084634531109
2006-02-07,0.9400000000000004,6.28,5.34,0.9337057628962641,0.9391877706399934,0.9434855459409575
2006-02-08,0.9499999999999993,6.31,5.36,0.935815042710862,0.9399118332950509,0.9437074521612588
2006-02-09,0.9499999999999993,6.27,5.32,0.9376512774416095,0.9405874076401592,0.9439217994410624
2006-02-10,0.9399999999999995,6.3,5.36,0.9379553182537668,0.9405480707077494,0.9437882085548792
2006-02-13,0.9299999999999997,6.3,5.37,0.9369255067870166,0.9398416979673931,0.9433185315539502
2006-02-14,0.9299999999999997,6.33,5.4,0.9360290038345483,0.9391826288963185,0.9428648534758923
2006-02-15,0.9199999999999999,6.31,5.39,0.9339540583172419,0.9378980256246725,0.9420859926279079
2006-02-16,0.9100000000000001,6.3,5.39,0.9308532189613031,0.9360297783065588,0.940993025928911
2006-02-17,0.9199999999999999,6.24,5.32,0.9294482758803386,0.9349563120070403,0.9402779263987964
2006-02-20,0.9199999999999999,6.24,5.32,0.9282252018898061,0.9339547325342867,0.9395871857838616
2006-02-21,0.9100000000000001,6.25,5.34,0.9258659597713563,0.9323505557579297,0.9385793376192806
2006-02-22,0.9100000000000001,6.21,5.3,0.923812120216188,0.9308538059013314,0.9376058204630716
2006-02-23,0.9100000000000001,6.23,5.32,0.9220241490345162,0.9294572889050472,0.9366654648750578
2006-02-24,0.8999999999999995,6.22,5.32,0.9191731353481158,0.9274846223896402,0.9354165045397362
2006-02-27,0.9000000000000004,6.24,5.34,0.9166911837774551,0.9256440594494656,0.934210088378463
2006-02-28,0.8900000000000006,6.2,5.31,0.913236025072504,0.9232570834186508,0.9327041304697355
2006-03-01,0.8899999999999997,6.25,5.36,0.9102281347156311,0.9210299560318929,0.931249471015864
2006-03-02,0.8899999999999997,6.3,5.41,0.9076096140711225,0.9189519727036927,0.9298443626031555
2006-03-03,0.8899999999999997,6.35,5.46,0.905330059449043,0.9170131457026184,0.9284871173412425
2006-03-06,0.8799999999999999,6.41,5.53,0.9020510975216887,0.9145344860611018,0.9268354681247479
2006-03-07,0.8900000000000006,6.41,5.52,0.9004910897358427,0.912891484925408,0.9255807168546472
2006-03-08,0.8799999999999999,6.41,5.53,0.8978385297120893,0.9106888405760412,0.9240280703083407
2006-03-09,0.8900000000000006,6.41,5.52,0.8968238364562728,0.9093033708140917,0.9228689493140351
2006-03-10,0.8899999999999997,6.43,5.54,0.8959404946708489,0.9080106818174163,0.9217493122360159
2006-03-13,0.8899999999999997,6.46,5.57,0.8951715009819652,0.9068045603357215,0.9206678141071458
2006-03-14,0.8799999999999999,6.39,5.51,0.8932075587258975,0.9050095391168671,0.9192825190640544
2006-03-15,0.8799999999999999,6.43,5.55,0.8914978476885967,0.9033347250991673,0.917944412255653
2006-03-16,0.8799999999999999,6.37,5.49,0.8900094577820009,0.9017720683659651,0.9166518862774364
2006-03-17,0.8700000000000001,6.38,5.51,0.8874192447433709,0.8996443879948084,0.9150627517682464
2006-03-20,0.8700000000000001,6.36,5.49,0.8851643333235345,0.8976591920130739,0.9135277490142716
2006-03-21,0.8799999999999999,6.41,5.53,0.884495813283852,0.8964766087520812,0.912385670799959
2006-03-22,0.8899999999999997,6.39,5.5,0.8852083271537703,0.8960428896389678,0.9116231326730325
2006-03-23,0.8899999999999997,6.43,5.54,0.885828606504584,0.895638215397373,0.9108865693940439
2006-03-24,0.9000000000000004,6.37,5.47,0.8876630854098746,0.8959303110637717,0.9105157328750684
2006-03-27,0.8900000000000006,6.4,5.51,0.8879655976871914,0.8955331758725747,0.9098168916985463
2006-03-28,0.8899999999999997,6.47,5.58,0.8882289499206135,0.8951626356370878,0.9091418556179951
2006-03-29,0.8999999999999995,6.52,5.62,0.8897527057228031,0.8954865794573184,0.9088304504552072
2006-03-30,0.8899999999999997,6.56,5.67,0.8897847178276863,0.8951191596443662,0.908189016184704
2006-03-31,0.8799999999999999,6.55,5.67,0.8885180916165859,0.8941066747525056,0.9072287948094561
2006-04-03,0.8799999999999999,6.56,5.68,0.8874154294550268,0.8931619929449671,0.9063012820992938
2006-04-04,0.8699999999999992,6.56,5.69,0.8851610119221174,0.891610903567397,0.9050647271662571
2006-04-05,0.8600000000000003,6.54,5.68,0.8819039331018999,0.88949401592067,0.9035296571229742
2006-04-06,0.8599999999999994,6.6,5.74,0.8790684813002594,0.8875188899068969,0.902046877200723
2006-04-07,0.8499999999999996,6.67,5.82,0.8753055827701036,0.8850063620889721,0.9002739694952686
2006-04-10,0.8499999999999996,6.67,5.82,0.8720297893350504,0.8826620907426943,0.8985614535347395
2006-04-11,0.8499999999999996,6.64,5.79,0.8691780455149231,0.8804748082355027,0.8969072721546008
2006-04-12,0.8500000000000005,6.69,5.84,0.8666954583259351,0.8784340014944817,0.8953094382648937
2006-04-13,0.8500000000000005,6.74,5.89,0.8645342406501298,0.8765298614757584,0.8937660324632384
2006-04-14,0.8500000000000005,6.74,5.89,0.862652791385052,0.874753236017784,0.8922752007291461
2006-04-17,0.8499999999999996,6.71,5.86,0.8610148946675253,0.8730955858518896,0.8908351521968724
2006-04-18,0.8400000000000007,6.69,5.85,0.858294528390423,0.8708792734740518,0.8891035202933828
2006-04-19,0.8300000000000001,6.74,5.91,0.8546318176284808,0.8681417108213458,0.8870902374187254
2006-04-20,0.8200000000000003,6.74,5.92,0.8501487483444427,0.8649178044653403,0.8848048976389399
2006-04-21,0.8300000000000001,6.71,5.88,0.8475405042209665,0.8625794635581938,0.8829380416324596
2006-04-24,0.8200000000000003,6.66,5.84,0.8439754014630217,0.8597280442617341,0.8807941408841772
2006-04-25,0.8200000000000003,6.75,5.93,0.8408717992488843,0.8570675759854325,0.878723269265802
2006-04-26,0.8099999999999996,6.76,5.95,0.8368754622260811,0.853915601226074,0.8763823024263224
2006-04-27,0.7999999999999998,6.76,5.96,0.8321019544127198,0.8503050347024694,0.8737804408005092
2006-04-28,0.79,6.74,5.95,0.826651880129861,0.8462665869331761,0.8709265714225493
2006-05-01,0.7699999999999996,6.77,6.0,0.8193183261588349,0.8411592417605632,0.8674886418908684
2006-05-02,0.75,6.73,5.98,0.8103451078843182,0.8350545800460853,0.8634865474384312
2006-05-03,0.7599999999999998,6.76,6.0,0.8038279620278974,0.8300283993489377,0.8599614157257851
2006-05-04,0.7599999999999998,6.76,6.0,0.7981544570315072,0.8253388069370735,0.8565563629402951
2006-05-05,0.7599999999999998,6.72,5.96,0.7932153840610364,0.8209632624999436,0.8532672987528837
2006-05-08,0.7599999999999998,6.71,5.95,0.7889156713044324,0.8168807351841659,0.8500902721660972
2006-05-09,0.7699999999999996,6.72,5.95,0.7864670483091979,0.8137412725943272,0.8473621034787117
2006-05-10,0.7800000000000002,6.71,5.93,0.7856298925484355,0.811481720506944,0.8450675029428824
2006-05-11,0.7800000000000002,6.75,5.97,0.7849011061293372,0.8093734838633196,0.8428510649249544
2006-05-12,0.7800000000000002,6.82,6.04,0.7842666607016686,0.8074064295208513,0.8407101269226276
2006-05-15,0.7800000000000002,6.79,6.01,0.783714343877231,0.8055711029231826,0.8386421171282044
2006-05-16,0.7999999999999998,6.76,5.96,0.7858225128886764,0.8051980228265765,0.8373258247607016
2006-05-17,0.8000000000000007,6.82,6.02,0.7876577806091137,0.8048499267879573,0.8360543701434443
2006-05-18,0.8200000000000003,6.74,5.92,0.7918444626910172,0.8058644818689662,0.8355074993595593
2006-05-19,0.8200000000000003,6.7,5.88,0.7954891811357601,0.8068110952312788,0.8349792570021771
2006-05-22,0.8200000000000003,6.7,5.88,0.7986620928308867,0.8076943167285461,0.8344690085187048
2006-05-23,0.8199999999999994,6.72,5.9,0.801424272894368,0.8085183915243308,0.83397614097174
2006-05-24,0.8300000000000001,6.71,5.88,0.8051233846715957,0.809956950580924,0.8338406990135302
2006-05-25,0.8200000000000003,6.74,5.92,0.8070491541459179,0.8106295035563675,0.833369233994883
2006-05-26,0.8300000000000001,6.73,5.9,0.8100201282136064,0.8119266877556446,0.8332544655163062
2006-05-29,0.8300000000000001,6.73,5.9,0.8126065113617706,0.8131370034096703,0.8331436064734333
2006-05-30,0.8300000000000001,6.76,5.93,0.8148580886683048,0.8142662678450497,0.8330365236965326
2006-05-31,0.8300000000000001,6.78,5.95,0.8168182005608127,0.815319908819428,0.832933088552122
2006-06-01,0.8299999999999992,6.77,5.94,0.8185245770729588,0.8163029906097576,0.8328331767884481
2006-06-02,0.8399999999999999,6.67,5.83,0.8213045584738418,0.8178899084381464,0.8330773050969802
2006-06-05,0.8400000000000007,6.69,5.85,0.8237246728483333,0.819370555126891,0.8333131174991104
2006-06-06,0.8399999999999999,6.66,5.82,0.8258315047802878,0.8207520473362996,0.8335408972651389
2006-06-07,0.8600000000000003,6.69,5.83,0.8302545972394986,0.8233803653144927,0.834442191437643
2006-06-08,0.8500000000000005,6.66,5.81,0.8328106285043367,0.8251630026157641,0.8349721475111613
2006-06-09,0.8799999999999999,6.64,5.76,0.8389192660628603,0.8288352722836904,0.8365059614675617
2006-06-12,0.8499999999999996,6.64,5.79,0.8403536608292885,0.8302526107837895,0.8369656179576062
2006-06-13,0.8499999999999996,6.64,5.79,0.8416023740011916,0.8315750343645574,0.8374096168601661
2006-06-14,0.8999999999999995,6.72,5.82,0.8491619137915809,0.8361572496173597,0.8395416750839093
2006-06-15,0.8999999999999995,6.77,5.87,0.8557428754143638,0.8404326076225475,0.8416011075776059
2006-06-16,0.8999999999999995,6.8,5.9,0.8614719352621075,0.8444216576920185,0.8435903882402357
2006-06-19,0.8899999999999997,6.81,5.92,0.8651648771726794,0.8474739029270953,0.845171269989946
2006-06-20,0.8900000000000006,6.82,5.93,0.8683797698331477,0.8503217484296831,0.8466983011037253
2006-06-21,0.9199999999999999,6.84,5.92,0.875061979550771,0.854987892492293,0.8491952260641781
2006-06-22,0.9299999999999997,6.89,5.96,0.8821736753515497,0.8600112289306036,0.8519477333048301
2006-06-23,0.9299999999999997,6.92,5.99,0.8883647661369082,0.8646981675551363,0.8546064800442046
2006-06-26,0.9300000000000006,6.94,6.01,0.8937544237075196,0.8690712359211334,0.8571746601091769
2006-06-27,0.9400000000000004,6.91,5.97,0.8997408875086274,0.8738211230654868,0.8599959952439058
2006-06-28,0.9300000000000006,6.94,6.01,0.9036579125757948,0.877583254392613,0.862380588635861
2006-06-29,0.9299999999999997,6.91,5.98,0.9070678809544623,0.8810934470393159,0.8646839540228646
2006-06-30,0.9100000000000001,6.82,5.91,0.9074474421132559,0.8830292324160758,0.8662275849074562
2006-07-03,0.9100000000000001,6.83,5.92,0.907777869293849,0.8848353840371272,0.8677186340573337
2006-07-04,0.9100000000000001,6.83,5.92,0.9080655228620427,0.886520583087286,0.8691588925994129
2006-07-05,0.9100000000000001,6.9,5.99,0.9083159398378678,0.8880929293983906,0.8705500906482515
2006-07-06,0.8999999999999995,6.85,5.95,0.9072394461101925,0.8888903102961403,0.8715532626736027
2006-07-07,0.9100000000000001,6.8,5.89,0.9075967982562188,0.8903039630651941,0.8728628996878018
2006-07-10,0.9000000000000004,6.79,5.89,0.9066133970011983,0.8909532776526667,0.87378728894677
2006-07-11,0.9099999999999993,6.77,5.86,0.9070517908517327,0.8922287796692966,0.8750208268248268
2006-07-12,0.9100000000000001,6.76,5.85,0.9074334348652612,0.8934188651315841,0.8762123458743467
2006-07-13,0.9100000000000001,6.74,5.83,0.907765675276217,0.8945292541306467,0.877363277410884
2006-07-14,0.9299999999999997,6.76,5.83,0.9106438960872016,0.8969046238694754,0.8791562774156338
2006-07-17,0.9299999999999997,6.75,5.82,0.913149532835495,0.8991209222029009,0.8808882012579841
2006-07-18,0.9299999999999997,6.81,5.88,0.9153308163181373,0.9011888016670748,0.8825611294162413
2006-07-19,0.9299999999999997,6.75,5.82,0.91722973388266,0.9031182014296706,0.8841770714999833
2006-07-20,0.9399999999999995,6.72,5.78,0.920177332005147,0.9055880651466676,0.8860786053748596
2006-07-21,0.9400000000000004,6.74,5.8,0.9227433652110487,0.9078925294792255,0.887915366025284
2006-07-24,0.9300000000000006,6.74,5.81,0.9236827324968443,0.90937300064469,0.889348923154317
2006-07-25,0.9000000000000004,6.75,5.85,0.9206170161155193,0.9087453188311915,0.8897117379325846
2006-07-26,0.8999999999999995,6.72,5.82,0.9179481549928504,0.9081596709910098,0.8900621939075841
2006-07-27,0.8899999999999997,6.72,5.83,0.9143302820721133,0.906943572150066,0.8900600753547733
2006-07-28,0.8799999999999999,6.67,5.79,0.909886246395993,0.9051392417258639,0.8897173922568969
2006-07-31,0.8799999999999999,6.67,5.79,0.9060174886348384,0.9034557419124498,0.8893863822033498
2006-08-01,0.8899999999999997,6.68,5.79,0.9039440337536477,0.9025546511299203,0.8894072842781408
2006-08-02,0.8800000000000008,6.65,5.77,0.9008444920718196,0.9010442336168186,0.8890868376407797
2006-08-03,0.8899999999999997,6.64,5.75,0.8994406786817828,0.9003046343307317,0.8891179433030224
2006-08-04,0.8899999999999997,6.6,5.71,0.8982185881443236,0.8996145637962956,0.8891479893922178
2006-08-07,0.8799999999999999,6.6,5.72,0.8958602021715011,0.8983010351365472,0.8888363752905623
2006-08-08,0.8899999999999997,6.63,5.74,0.8951016023014293,0.8977451396463049,0.8888760126199194
2006-08-09,0.8900000000000006,6.65,5.76,0.8944412027572222,0.8972264708140621,0.8889142997563272
2006-08-10,0.8799999999999999,6.66,5.78,0.8925717971949733,0.896072865597266,0.8886106459815623
2006-08-11,0.8900000000000006,6.69,5.8,0.8922388794967675,0.8956661839554181,0.8886579724798532
2006-08-14,0.9000000000000004,6.69,5.79,0.8932435521741019,0.8959564066511535,0.8890443235746249
2006-08-15,0.9100000000000001,6.63,5.72,0.8954126649063223,0.8968968640857994,0.8897581508435363
2006-08-16,0.9100000000000001,6.58,5.67,0.8973009872172096,0.89777434189946,0.8904476625351548
2006-08-17,0.9100000000000001,6.58,5.67,0.8989448672686372,0.898593057648947,0.8911136869273077
2006-08-18,0.9100000000000001,6.55,5.64,0.9003759479733987,0.8993569464539092,0.8917570240836383
2006-08-21,0.9100000000000001,6.54,5.63,0.9016217760870511,0.9000696799108044,0.8923784468146851
2006-08-22,0.9100000000000001,6.53,5.62,0.9027063324531613,0.9007346837402598,0.892978701606223
2006-08-23,0.9199999999999999,6.54,5.62,0.9049449879756437,0.9020248243372719,0.8938991462267322
2006-08-24,0.9199999999999999,6.53,5.61,0.9068938508017668,0.9032285680780052,0.8947882371244454
2006-08-25,0.9300000000000006,6.53,5.6,0.9098849287998738,0.9050213707860972,0.8959876790330147
2006-08-28,0.9199999999999999,6.53,5.61,0.9111943190689498,0.9060244447754316,0.896805626836185
2006-08-29,0.9300000000000006,6.53,5.6,0.9136287038723071,0.9076300159850651,0.8979363490451832
2006-08-30,0.9299999999999997,6.5,5.57,0.9157479589341492,0.9091280668939148,0.8990285547047766
2006-08-31,0.9299999999999997,6.47,5.54,0.917592877622004,0.9105257978148732,0.9000835558300353
2006-09-01,0.9299999999999997,6.46,5.53,0.9191989726249516,0.9118299268774185,0.9011026197439792
2006-09-04,0.9299999999999997,6.46,5.53,0.9205971595344747,0.9130467223179952,0.902086970599954
2006-09-05,0.9199999999999999,6.51,5.59,0.9205198575691147,0.913512362523373,0.9026971541413967
2006-09-06,0.9300000000000006,6.53,5.6,0.9217470566666653,0.9146164902818084,0.9036271893021398
2006-09-07,0.9299999999999997,6.52,5.59,0.9228153955323145,0.9156466779073001,0.9045255440510791
2006-09-08,0.9299999999999997,6.5,5.57,0.9237454385335965,0.916607876949357,0.9053932975393416
2006-09-11,0.9199999999999999,6.52,5.6,0.9232605936252134,0.9168350372823976,0.9058908554474541
2006-09-12,0.9100000000000001,6.48,5.57,0.9215440172500705,0.916377315282861,0.9060308279958922
2006-09-13,0.9100000000000001,6.47,5.56,0.9200496507197491,0.9159502455563413,0.9061660325654808
2006-09-14,0.9100000000000001,6.49,5.58,0.9187487290950069,0.9155517754118118,0.9062966315710831
2006-09-15,0.9100000000000001,6.49,5.58,0.9176162110417835,0.9151799896208233,0.9064227818951158
2006-09-18,0.9000000000000004,6.49,5.59,0.915335802445568,0.9141634311274144,0.9062039983652532
2006-09-19,0.9100000000000001,6.43,5.52,0.9146450858246261,0.9138846185998689,0.9063333041163399
2006-09-20,0.9100000000000001,6.42,5.51,0.9140437820811871,0.9136244773132153,0.9064582052388536
2006-09-21,0.9199999999999999,6.36,5.44,0.9148148111356629,0.9140514269949385,0.9069194884813645
2006-09-22,0.9199999999999999,6.32,5.4,0.9154860309133546,0.9144497851337123,0.90736505872323
2006-09-25,0.9199999999999999,6.28,5.36,0.9160703616689194,0.9148214664196356,0.9077954512069358
2006-09-26,0.9299999999999997,6.3,5.37,0.9178735455043665,0.9158379274063707,0.908551819653395
2006-09-27,0.9299999999999997,6.31,5.38,0.9194433082080414,0.9167863190416047,0.9092824234138824
2006-09-28,0.9400000000000004,6.36,5.42,0.9221043603810057,0.9183408698108074,0.9103287768389379
2006-09-29,0.9400000000000004,6.36,5.42,0.9244209408491402,0.9197913169654924,0.9113394876250939
2006-10-02,0.9399999999999995,6.35,5.41,0.9264376412805952,0.9211446320132943,0.912315769891478
2006-10-03,0.9399999999999995,6.34,5.4,0.928193280977198,0.9224073196008367,0.9132587963998635
2006-10-04,0.9399999999999995,6.31,5.37,0.9297216541040206,0.9235854487780177,0.9141696999634522
2006-10-05,0.9399999999999995,6.35,5.41,0.9310521801905027,0.9246846821686198,0.9150495748076697
2006-10-06,0.9399999999999995,6.43,5.49,0.9322104704245698,0.9257103031874503,0.9158994778846064
2006-10-09,0.9399999999999995,6.43,5.49,0.9332188206402974,0.9266672414348328,0.9167204301426846
2006-10-10,0.9399999999999995,6.47,5.53,0.9340966404885988,0.9275600963905041,0.9175134177530752
2006-10-11,0.9500000000000002,6.51,5.56,0.9361553214190489,0.9290628296054344,0.9186200300050903
2006-10-12,0.9400000000000004,6.5,5.56,0.9366530128956605,0.9297952591878107,0.9193483102705936
2006-10-13,0.9400000000000004,6.53,5.59,0.9370862784909725,0.9304786401521453,0.9200517826366823
2006-10-16,0.9299999999999997,6.5,5.57,0.9361689637319892,0.9304465870530257,0.9203906554407305
2006-10-17,0.9300000000000006,6.49,5.56,0.9353703948518366,0.9304166804540662,0.9207179849930454
2006-10-18,0.9299999999999997,6.47,5.54,0.9346752002633889,0.9303887766105723,0.9210341644991569
2006-10-19,0.9300000000000006,6.49,5.56,0.9340699982228154,0.9303627414040018,0.9213395737705715
2006-10-20,0.9300000000000006,6.48,5.55,0.9335431392454863,0.93033844969733,0.9216345796810215
2006-10-23,0.8900000000000006,6.49,5.6,0.9279065043978396,0.9276371043950569,0.9205569897641664
2006-10-24,0.8700000000000001,6.48,5.61,0.9204105400220488,0.9237773199372392,0.91883483309429
2006-10-25,0.8700000000000001,6.44,5.57,0.9138849240122564,0.9201760136978744,0.9171713394027561
2006-10-26,0.8700000000000001,6.38,5.51,0.9082040453190774,0.9168158761639196,0.9155645104131662
2006-10-27,0.8600000000000003,6.33,5.47,0.9019640588056748,0.9130110869040067,0.9136717792070002
2006-10-30,0.8600000000000003,6.32,5.46,0.8965318350314719,0.9094610929986631,0.9118435213740747
2006-10-31,0.8600000000000003,6.25,5.39,0.8918028095648891,0.9061488315652229,0.9100775407146104
2006-11-01,0.8600000000000003,6.21,5.35,0.8876859537811137,0.9030583823712282,0.9083717158394553
2006-11-02,0.8700000000000001,6.24,5.37,0.8853965170265777,0.9008445613991947,0.9070646343325108
2006-11-03,0.8499999999999996,6.31,5.46,0.880814457836208,0.8974396532256674,0.9051208033985843
2006-11-06,0.8499999999999996,6.3,5.45,0.8768255436269755,0.8942627615666132,0.9032431864822166
2006-11-07,0.8499999999999996,6.26,5.41,0.8733529921151882,0.8912986168381776,0.9014295280908933
2006-11-08,0.8500000000000005,6.23,5.38,0.8703299604405271,0.8885329720148573,0.8996776495624547
2006-11-09,0.8500000000000005,6.24,5.39,0.8676982585132889,0.8859525341518264,0.8979854464479724
2006-11-10,0.8700000000000001,6.2,5.33,0.8679962176521816,0.8848842406622717,0.8970321594052774
2006-11-13,0.8700000000000001,6.21,5.34,0.8682556061483838,0.8838874875918732,0.8961113448188449
2006-11-14,0.8799999999999999,6.18,5.3,0.869775911316904,0.8836271541774077,0.8955625332683573
2006-11-15,0.8799999999999999,6.22,5.34,0.8710994138377413,0.8833842545129119,0.8950324162540079
2006-11-16,0.8799999999999999,6.25,5.37,0.8722515897027799,0.8831576211123042,0.8945203569712665
2006-11-17,0.8799999999999999,6.21,5.33,0.8732546170511056,0.882946164672553,0.8940257403075035
2006-11-20,0.8799999999999999,6.2,5.32,0.8741278030741919,0.8827488688379923,0.8935479721030831
2006-11-21,0.8799999999999999,6.18,5.3,0.874887955658452,0.8825647853152543,0.8930864784376283
2006-11-22,0.8799999999999999,6.17,5.29,0.8755497069188707,0.8823930293153414,0.8926407049405969
2006-11-23,0.8799999999999999,6.17,5.29,0.8761257948513901,0.8822327753009283,0.8922101161253423
2006-11-24,0.8800000000000008,6.15,5.27,0.876627308525553,0.8820832530184546,0.8917941947458592
2006-11-27,0.8900000000000006,6.15,5.26,0.878358395904135,0.8826134138805687,0.8917330778861915
2006-11-28,0.8899999999999997,6.13,5.24,0.8798653949966742,0.8831080714557428,0.8916740428911286
2006-11-29,0.8899999999999997,6.14,5.25,0.881177313905571,0.8835696032928938,0.8916170188447196
2006-11-30,0.8999999999999995,6.1,5.2,0.8836139000177486,0.8846698978082321,0.8919025739574222
2006-12-01,0.9000000000000004,6.08,5.18,0.8857350714302245,0.8856965088914499,0.892178402014692
2006-12-04,0.8999999999999995,6.09,5.19,0.8875816583982028,0.8866543709015693,0.8924448343557456
2006-12-05,0.8899999999999997,6.1,5.21,0.8878947113563129,0.8868784176737187,0.8923615543224183
2006-12-06,0.8899999999999997,6.13,5.24,0.8881672397853373,0.8870874607037813,0.8922811111127533
2006-12-07,0.8899999999999997,6.13,5.24,0.8884044895627385,0.8872825047474806,0.8922034080941226
2006-12-08,0.8900000000000006,6.19,5.3,0.8886110274900973,0.8874644872750548,0.8921283519255601
2006-12-11,0.8900000000000006,6.16,5.27,0.8887908291991016,0.8876342829771647,0.8920558524456356
2006-12-12,0.8899999999999997,6.14,5.25,0.8889473556781566,0.8877927079690545,0.8919858225641484
2006-12-13,0.8899999999999997,6.22,5.33,0.8890836198926688,0.8879405237131716,0.8919181781575096
2006-12-14,0.8999999999999995,6.26,5.36,0.8904967391484081,0.8887481107637332,0.8921934746784402
2006-12-15,0.8999999999999995,6.26,5.36,0.8917269309124966,0.8895016161254452,0.8924593935892338
2006-12-18,0.9000000000000004,6.25,5.35,0.8927978750456862,0.8902046614872224,0.8927162543257173
2006-12-19,0.8999999999999995,6.27,5.37,0.8937301860640929,0.8908606260043075,0.8929643654425612
2006-12-20,0.8999999999999995,6.27,5.37,0.8945418099463341,0.8914726625400253,0.8932040249839308
2006-12-21,0.9000000000000004,6.23,5.33,0.895248369574204,0.8920437128198759,0.8934355208415132
2006-12-22,0.8999999999999995,6.3,5.4,0.8958634654562482,0.8925765215708028,0.8936591311003477
2006-12-25,0.8999999999999995,6.3,5.4,0.8963989375228428,0.8930736497135972,0.8938751243728761
2006-12-26,0.8999999999999995,6.27,5.37,0.8968650930320462,0.8935374866718457,0.8940837601216147
2006-12-27,0.9000000000000004,6.32,5.42,0.8972709049731669,0.8939702618565858,0.8942852889708338
2006-12-28,0.8999999999999995,6.35,5.45,0.8976241847871017,0.8943740553818667,0.894479953007621
2006-12-29,0.8899999999999997,6.35,5.46,0.896637238361085,0.8940811379780907,0.8943273493619373
2007-01-01,0.8899999999999997,6.35,5.46,0.8957780515939731,0.8938078363765725,0.8941799439566449
2007-01-02,0.9800000000000004,6.32,5.34,0.9066805353732362,0.8995798677274034,0.8971032901173571
2007-01-03,0.96,6.28,5.32,0.913582710034523,0.9036260232366496,0.8992457829545089
2007-01-04,0.96,6.24,5.28,0.9195914020738744,0.9074012198156648,0.901315294620375
2007-01-05,0.96,6.25,5.29,0.9248222723134046,0.9109236027734228,0.9033143111215688
2007-01-08,0.96,6.25,5.29,0.9293760093469567,0.914210102281838,0.9052452337821922
2007-01-09,0.96,6.25,5.29,0.9333402676866179,0.9172765147498588,0.9071103821284326
2007-01-10,0.96,6.28,5.32,0.9367913550172613,0.9201375787481821,0.9089119966749003
2007-01-11,0.96,6.33,5.37,0.939795701036937,0.922807045849516,0.9106522416160528
2007-01-12,0.9500000000000002,6.36,5.41,0.9411166417896635,0.9246280766402507,0.9119925707151882
2007-01-15,0.9500000000000002,6.36,5.41,0.9422665875060303,0.9263271584466105,0.9132872432847582
2007-01-16,0.9500000000000002,6.34,5.39,0.9432676733971734,0.9279124578272642,0.9145378145537683
2007-01-17,0.9400000000000004,6.37,5.43,0.9428446749165772,0.928721924366245,0.9154051500636633
2007-01-18,0.9299999999999997,6.33,5.4,0.9411819389839818,0.9288075132680274,0.9159023042312859
2007-01-19,0.9399999999999995,6.35,5.41,0.941028937648287,0.9295570406217315,0.9167231602136204
2007-01-22,0.9299999999999997,6.33,5.4,0.9396012478822741,0.9295867042861649,0.9171754181170212
2007-01-23,0.9299999999999997,6.38,5.45,0.9383583717522593,0.9296143814637311,0.9176122704559594
2007-01-24,0.9199999999999999,6.38,5.46,0.935981890870129,0.9289705350988811,0.917693605289764
2007-01-25,0.9199999999999999,6.43,5.51,0.933913044099528,0.9283698051989949,0.9177721695605429
2007-01-26,0.9100000000000001,6.44,5.53,0.9308175140109692,0.9271396342987667,0.9175074209330921
2007-01-29,0.9100000000000001,6.45,5.54,0.9281226985486742,0.9259918442636251,0.9172516906158045
2007-01-30,0.9100000000000001,6.44,5.53,0.9257767254299942,0.9249209182934809,0.9170046714119289
2007-01-31,0.9199999999999999,6.4,5.48,0.9250289315770885,0.9245913791164747,0.9171067032997149
2007-02-01,0.9199999999999999,6.4,5.48,0.924377939217212,0.9242839081923241,0.9172052596068362
2007-02-02,0.9099999999999993,6.39,5.48,0.9225167230845812,0.9233273575915212,0.9169598220135777
2007-02-05,0.9100000000000001,6.37,5.46,0.9208964403319038,0.9224348643228978,0.9167227449257656
2007-02-06,0.9000000000000004,6.32,5.42,0.9181914079018227,0.9209324685739158,0.9161531068431406
2007-02-07,0.8999999999999995,6.3,5.4,0.9158365403960813,0.9195306837737709,0.915602872724794
2007-02-08,0.8900000000000006,6.28,5.39,0.9124920147954316,0.9175531022235689,0.9147307448897176
2007-02-09,0.8899999999999997,6.33,5.44,0.9095804361498276,0.915707953393776,0.9138883249303508
2007-02-12,0.8799999999999999,6.34,5.46,0.9057512653527775,0.9133166985766518,0.9127339641766353
2007-02-13,0.8900000000000006,6.36,5.47,0.9037122729254872,0.9117552490257355,0.9119595618986881
2007-02-14,0.8899999999999997,6.29,5.4,0.9019372269193531,0.9102983650801102,0.9112115386052166
2007-02-15,0.8799999999999999,6.26,5.38,0.8990974652517977,0.9082693742093696,0.910148359020419
2007-02-16,0.8799999999999999,6.24,5.36,0.8966253091324806,0.9063762587874417,0.9091213952352918
2007-02-19,0.8799999999999999,6.24,5.36,0.8944731722302532,0.9046099196419958,0.9081294136067473
2007-02-20,0.8800000000000008,6.23,5.35,0.8925996282377289,0.9029618669450518,0.90717122251411
2007-02-21,0.8700000000000001,6.23,5.36,0.8896741190926378,0.9007545093223799,0.905905034216928
2007-02-22,0.8699999999999992,6.27,5.4,0.8871273154584508,0.8986949718363066,0.9046819769414204
2007-02-23,0.8600000000000003,6.21,5.35,0.883615699753066,0.8961036853298617,0.9031599447759002
2007-02-26,0.8700000000000001,6.17,5.3,0.8818531550897025,0.8943555996134563,0.9020303953241837
2007-02-27,0.8899999999999997,6.09,5.2,0.8829077595742543,0.8940639181372798,0.9016205958949567
2007-02-28,0.9100000000000001,6.16,5.25,0.886414834836413,0.8951311098662508,0.9019060291601967
2007-03-01,0.9199999999999999,6.18,5.26,0.8907624155484459,0.8967965050423078,0.9025223762313271
2007-03-02,0.9299999999999997,6.16,5.23,0.8958416987533203,0.8990200437701471,0.9034583649693101
2007-03-05,0.9500000000000002,6.19,5.24,0.9028524603425419,0.9024340189304448,0.9050437439162954
2007-03-06,0.9500000000000002,6.19,5.24,0.9089556827931735,0.9056193703872898,0.9065751190363011
2007-03-07,0.9400000000000004,6.16,5.22,0.9129743521684537,0.9079217383015341,0.9077136931871748
2007-03-08,0.9499999999999993,6.18,5.23,0.9177673014238434,0.9107395936088116,0.9091541200334299
2007-03-09,0.9400000000000004,6.24,5.3,0.920645311730934,0.9126990754912468,0.9102048439426349
2007-03-12,0.9400000000000004,6.21,5.27,0.9231507652249438,0.9145273367338775,0.911219776338206
2007-03-13,0.96,6.2,5.24,0.9279208779095436,0.9175725049596639,0.9128814098319937
2007-03-14,0.9699999999999998,6.25,5.28,0.9333679965611468,0.9210834174637341,0.9148270786997532
2007-03-15,0.96,6.24,5.28,0.936815494404602,0.9236895445757988,0.9163658342324287
2007-03-16,0.9699999999999998,6.25,5.28,0.9411112099612229,0.9267908172361256,0.9181928108135256
2007-03-19,0.9800000000000004,6.28,5.3,0.946145341925838,0.9303540770285935,0.9202981905760536
2007-03-20,0.9799999999999995,6.27,5.29,0.9505278083433406,0.9336787159723827,0.9223318533748623
2007-03-21,0.9799999999999995,6.26,5.28,0.9543429669517238,0.9367807137918861,0.9242962421530148
2007-03-22,0.9899999999999993,6.35,5.36,0.9589587497943546,0.9403446501817899,0.926534353348716
2007-03-23,0.9900000000000002,6.37,5.38,0.9629770221480595,0.9436699204133088,0.9286962262608173
2007-03-26,0.9899999999999993,6.35,5.36,0.9664751314090544,0.9467725072450911,0.9307844578451344
2007-03-27,0.9900000000000002,6.38,5.39,0.969520412396685,0.9496673231182516,0.9328015565956347
2007-03-28,0.9900000000000002,6.4,5.41,0.9721714834758618,0.9523682818323349,0.9347499455577718
2007-03-29,0.9699999999999998,6.38,5.41,0.9718903861630996,0.9535490252520896,0.9359506918176732
2007-03-30,0.9700000000000006,6.4,5.43,0.9716456767391337,0.9546506978172608,0.9371105362519325
2007-04-02,0.9699999999999998,6.39,5.42,0.9714326448122561,0.9556785946664363,0.9382308721268849
2007-04-03,0.9300000000000006,6.4,5.47,0.9660692122801579,0.9539589760000863,0.9379504984060931
2007-04-04,0.9300000000000006,6.4,5.47,0.9614000730681389,0.9523545150515191,0.9376796752435045
2007-04-05,0.9299999999999997,6.42,5.49,0.9573353512970078,0.9508575000528735,0.9374180773120457
2007-04-06,0.9299999999999997,6.47,5.54,0.9537968054695075,0.9494607356703118,0.9371653903664782
2007-04-09,0.9299999999999997,6.47,5.54,0.950716322406128,0.948157508419978,0.9369213108659094
2007-04-10,0.9300000000000006,6.45,5.52,0.948034606140079,0.9469415543999469,0.9366855456091642
2007-04-11,0.9199999999999999,6.45,5.53,0.9444055421670308,0.9451373590984341,0.9361171746718241
2007-04-12,0.9199999999999999,6.45,5.53,0.9412462584810559,0.943453985358947,0.9355681645351422
2007-04-13,0.9100000000000001,6.46,5.55,0.9372014479215796,0.9412136720382869,0.9346972189884217
2007-04-16,0.9399999999999995,6.42,5.48,0.9375637189117175,0.9411323960526274,0.9348778511765836
2007-04-17,0.9299999999999997,6.37,5.44,0.9365845997592092,0.9403868927919555,0.9347116936585509
2007-04-18,0.9199999999999999,6.33,5.41,0.9344377326624203,0.9390216435698184,0.9342105593648076
2007-04-19,0.9199999999999999,6.35,5.43,0.9325687763019888,0.9377478210038945,0.9337264955448108
2007-04-20,0.9300000000000006,6.36,5.43,0.9322362496566781,0.9372289726091555,0.9335995574263094
2007-04-23,0.9199999999999999,6.34,5.42,0.9306522740312531,0.9360751998546261,0.9331363065753719
2007-04-24,0.9199999999999999,6.31,5.39,0.929273343158292,0.9349986918099138,0.932688835749046
2007-04-25,0.9199999999999999,6.34,5.42,0.9280729141100894,0.9339942742885425,0.9322566074217639
2007-04-26,0.9199999999999999,6.38,5.46,0.9270278799259795,0.9330571196038255,0.9318391023780516
2007-04-27,0.9199999999999999,6.39,5.47,0.926118124828339,0.9321827233648112,0.9314358190888206
2007-04-30,0.9099999999999993,6.31,5.4,0.9240316426485877,0.9306972127415032,0.9307056363981524
2007-05-01,0.9099999999999993,6.31,5.4,0.9222152544116979,0.9293111823206783,0.9300003264104839
2007-05-02,0.9099999999999993,6.31,5.4,0.920633996608909,0.9280179702107751,0.9293190418702414
2007-05-03,0.9000000000000004,6.32,5.42,0.917962937370936,0.9261416905625487,0.9283203276717349
2007-05-04,0.9000000000000004,6.29,5.39,0.9156376452467214,0.9243910597494044,0.9273556333451843
2007-05-07,0.8700000000000001,6.28,5.41,0.9097298777770421,0.9207486531908441,0.9254018899166069
2007-05-08,0.8700000000000001,6.29,5.42,0.9045868674784902,0.9173501677031173,0.9235146981615457
2007-05-09,0.9000000000000004,6.32,5.42,0.9039931000671643,0.9161882788757049,0.9227137012179394
2007-05-10,0.8999999999999995,6.31,5.41,0.9034761955127676,0.915104198267231,0.9219399891707521
2007-05-11,0.9000000000000004,6.33,5.43,0.9030262039617674,0.9140927152940396,0.9211926325962473
2007-05-14,0.8999999999999995,6.34,5.44,0.9026344635635655,0.9131489683096743,0.9204707337302721
2007-05-15,0.8900000000000006,6.36,5.47,0.9009989393722064,0.9115987511529662,0.9194327886790655
2007-05-16,0.8899999999999997,6.35,5.46,0.8995751328661341,0.9101523474017111,0.9184301998466773
2007-05-17,0.9500000000000002,6.4,5.45,0.906102603512481,0.9128208254904991,0.9195055831350084
2007-05-18,0.9500000000000002,6.44,5.49,0.9117850967605571,0.9153106035845314,0.9205443349207261
2007-05-21,0.9199999999999999,6.42,5.5,0.9128485113574798,0.9156246384339733,0.9205257928750317
2007-05-22,0.9199999999999999,6.46,5.54,0.9137742675338483,0.915917643308995,0.9205078824394829
2007-05-23,0.9199999999999999,6.49,5.57,0.9145801850946607,0.9161910265240714,0.9204905820991195
2007-05-24,0.9300000000000006,6.49,5.56,0.916576271448235,0.9171157721677019,0.9208145077826113
2007-05-25,0.9200000000000008,6.48,5.56,0.917019471180688,0.9173089202773572,0.9207867626574163
2007-05-28,0.9200000000000008,6.48,5.56,0.9174052989574278,0.9174891338359186,0.9207599626330398
2007-05-29,0.9299999999999997,6.5,5.57,0.9190356759128424,0.9183269491162105,0.9210747122266301
2007-05-30,0.9300000000000006,6.49,5.56,0.9204550014897638,0.9191086584135365,0.9213787402935932
2007-05-31,0.9299999999999997,6.5,5.57,0.9216905961702532,0.9198380189777328,0.9216724120484858
2007-06-01,0.9299999999999997,6.55,5.62,0.9227662438153589,0.9205185364468538,0.9219560802653156
2007-06-04,0.9399999999999995,6.51,5.57,0.9249971438457526,0.9218231517814927,0.9225707224120643
2007-06-05,0.9299999999999997,6.55,5.62,0.9256447607568303,0.9223707308453437,0.9228237908801458
2007-06-06,0.9400000000000004,6.57,5.63,0.9275030383906081,0.9235513102620235,0.9234088756179226
2007-06-07,0.9500000000000002,6.71,5.76,0.9304152573984926,0.9253224998915469,0.9243146669323922
2007-06-08,0.96,6.74,5.78,0.9342449856632868,0.927644748334792,0.9255302403802145
2007-06-11,0.9000000000000004,6.75,5.85,0.9298119915592421,0.9257934622390932,0.9246605866694333
2007-06-12,0.9000000000000004,6.86,5.96,0.9259528460448775,0.9240661512350329,0.9238205565566054
2007-06-13,0.9000000000000004,6.78,5.88,0.9225932647435057,0.9224545130816,0.9230091409532342
2007-06-14,0.8999999999999995,6.8,5.9,0.9196685793491572,0.9209508015140275,0.9222253651440814
2007-06-15,0.8899999999999997,6.76,5.87,0.9158279984646045,0.918878118927095,0.9211276509055366
2007-06-18,0.8899999999999997,6.75,5.86,0.9124845786121729,0.9169442376925032,0.9200673288437482
2007-06-19,0.8800000000000008,6.69,5.81,0.9082794682092644,0.9144701926142832,0.9187024885331547
2007-06-20,0.8600000000000003,6.71,5.85,0.9020297182452126,0.9108224867644908,0.9167028662724683
2007-06-21,0.8700000000000001,6.76,5.89,0.8978834892605859,0.9080887269478447,0.9151119951974961
2007-06-22,0.8799999999999999,6.74,5.86,0.8955684816495033,0.9062077089326082,0.9139159517422961
2007-06-25,0.8799999999999999,6.68,5.8,0.8935531504696405,0.9044526570667173,0.9127606499179457
2007-06-26,0.8799999999999999,6.71,5.83,0.8917987027757827,0.9028151357739829,0.9116447019149325
2007-06-27,0.8799999999999999,6.68,5.8,0.8902713673476211,0.9012872743835177,0.910566767197631
2007-06-28,0.8999999999999995,6.72,5.82,0.8915307333643704,0.9012010694689823,0.9102068243154832
2007-06-29,0.8899999999999997,6.62,5.73,0.8913325807926087,0.9004509673550561,0.9095185056985271
2007-07-02,0.8899999999999997,6.6,5.71,0.891160078959643,0.8997510973357415,0.908853633740534
2007-07-03,0.9000000000000004,6.65,5.75,0.892304401758824,0.8997677656025654,0.9085520464729766
2007-07-04,0.9000000000000004,6.65,5.75,0.8933005926162436,0.8997833176454239,0.9082607323749017
2007-07-05,0.9000000000000004,6.74,5.84,0.8941678271283207,0.8997978282144966,0.9079793415044431
2007-07-06,0.8900000000000006,6.78,5.89,0.8936283042542805,0.8991416969695355,0.9073668991292879
2007-07-09,0.8900000000000006,6.74,5.85,0.8931586223123738,0.8985295048712088,0.9067753187897525
2007-07-10,0.8899999999999997,6.63,5.74,0.8927497404332767,0.8979583094463117,0.9062038898483175
2007-07-11,0.8799999999999999,6.68,5.8,0.8910992937160684,0.8967556951856359,0.9053112891636348
2007-07-12,0.8799999999999999,6.72,5.84,0.8896624963967125,0.8956336164043328,0.9044490937350765
2007-07-13,0.8799999999999999,6.7,5.82,0.8884116916810048,0.8945866798822736,0.9036162678479992
2007-07-16,0.8799999999999999,6.63,5.75,0.887322802931172,0.8936098535671475,0.9028118110680022
2007-07-17,0.8799999999999999,6.67,5.79,0.8863748702166383,0.8926984423881336,0.9020347570391533
2007-07-18,0.8799999999999999,6.6,5.72,0.8855496468580342,0.8918480656892581,0.9012841723231506
2007-07-19,0.8899999999999997,6.63,5.74,0.886125742565395,0.8917243062586051,0.9008997919887795
2007-07-20,0.8799999999999999,6.57,5.69,0.8853327686409117,0.89093916454216,0.9001878683489345
2007-07-23,0.8899999999999997,6.58,5.69,0.8859369391113123,0.8908762715023169,0.8998408321525394
2007-07-24,0.8999999999999995,6.59,5.69,0.8877573944216852,0.891487260305837,0.8998462539937411
2007-07-25,0.9100000000000001,6.57,5.66,0.8906366871846246,0.8927270031016129,0.9001921278578789
2007-07-26,1.0499999999999998,6.62,5.57,0.9112661782598386,0.9032591052159389,0.905295133938997
2007-07-27,1.0899999999999999,6.67,5.58,0.9344031708040335,0.9157645842973673,0.9115868597424794
2007-07-30,1.0499999999999998,6.7,5.65,0.9493671152282055,0.9247539285167856,0.9163017194246909
2007-07-31,1.0099999999999998,6.63,5.62,0.9572160080076453,0.9304626029072559,0.9194934268345157
2007-08-01,1.0099999999999998,6.62,5.61,0.9640488660380375,0.935788984451506,0.9225764129729642
2007-08-02,1.0,6.6,5.6,0.9687027200782792,0.9400890040731722,0.9252137445749118
2007-08-03,0.9000000000000004,6.57,5.67,0.9598091916641219,0.9374043633981232,0.924354871873139
2007-08-06,0.9000000000000004,6.61,5.71,0.9520669254934873,0.9348995050778808,0.9235252555285749
2007-08-07,0.8999999999999995,6.6,5.7,0.9453268913174526,0.9325623896259692,0.9227238989622906
2007-08-08,0.8799999999999999,6.71,5.83,0.936870362034793,0.9290424436350413,0.921268566120991
2007-08-09,0.8700000000000001,6.7,5.83,0.9282140313372048,0.925088547812446,0.9195221705481508
2007-08-10,0.8700000000000001,6.69,5.82,0.9206782577723419,0.921399432564865,0.9178352636196709
2007-08-13,0.8700000000000001,6.69,5.82,0.9141179858505785,0.9179573663292904,0.9162058189339373
2007-08-14,0.8799999999999999,6.68,5.8,0.9097014318007502,0.9154154750570763,0.914972515826765
2007-08-15,0.8300000000000001,6.72,5.89,0.8993841263496507,0.9096954562160415,0.9120780399972137
2007-08-16,0.8200000000000003,6.66,5.84,0.8891078959104591,0.903688819840512,0.9089415239295037
2007-08-17,0.8399999999999999,6.75,5.91,0.8827509064471376,0.8994237701032417,0.9065931225349492
2007-08-20,0.8399999999999999,6.72,5.88,0.8772168256889755,0.8954443379878232,0.9043247163130512
2007-08-21,0.8400000000000007,6.69,5.85,0.8723991285676314,0.8917313965365565,0.9021335803345609
2007-08-22,0.8300000000000001,6.7,5.87,0.8669105852578163,0.8875974295822483,0.8996764457805713
2007-08-23,0.8300000000000001,6.66,5.83,0.8621325307877816,0.8837403020279557,0.8973030102498161
2007-08-24,0.8300000000000001,6.64,5.81,0.8579729927774333,0.8801414747672351,0.8950104226462986
2007-08-27,0.8399999999999999,6.6,5.76,0.8556463989865117,0.8774533202867727,0.8931365657035698
2007-08-28,0.8399999999999999,6.6,5.76,0.8536209814512636,0.8749451834701537,0.89132653920738
2007-08-29,0.8200000000000003,6.62,5.8,0.8492687643409662,0.8712656689036963,0.8888968954368908
2007-08-30,0.8200000000000003,6.58,5.76,0.8454799392840097,0.8678325604203513,0.8865500142526292
2007-08-31,0.8300000000000001,6.59,5.76,0.8434760698634844,0.8652990270264974,0.8846237131678324
2007-09-03,0.8300000000000001,6.59,5.76,0.8417316002106743,0.8629351567848715,0.8827630289695798
2007-09-04,0.8300000000000001,6.6,5.77,0.8402129511717675,0.8607295878617225,0.8809657265058313
2007-09-05,0.8099999999999996,6.54,5.73,0.8363019016614205,0.8573323791220522,0.8785483733405273
2007-09-06,0.8300000000000001,6.57,5.74,0.8354861240411864,0.8555020114580666,0.8768946375198218
2007-09-07,0.8200000000000003,6.48,5.66,0.8334814540073285,0.8531245479562939,0.8749565973014064
2007-09-10,0.8599999999999994,6.47,5.61,0.8369142648482857,0.853584976411493,0.8744471206905278
2007-09-11,0.8600000000000003,6.48,5.62,0.83990270025957,0.8540145713504361,0.8739549987233426
2007-09-12,0.8799999999999999,6.54,5.66,0.8450932731243151,0.8557547377707312,0.8741609136584795
2007-09-13,0.9000000000000004,6.61,5.71,0.8522009179896262,0.8587177106208949,0.8750410877964996
2007-09-14,0.8999999999999995,6.59,5.69,0.8583884822308313,0.8614822620431253,0.8758912799721933
2007-09-17,0.9000000000000004,6.58,5.68,0.8637750697664436,0.8640616797268663,0.8767125114812635
2007-09-18,0.8799999999999999,6.61,5.73,0.8658753778457372,0.8651290213554863,0.876824495408829
2007-09-19,0.8700000000000001,6.64,5.77,0.8664093078602229,0.8654552162235976,0.8765920280419688
2007-09-20,0.8500000000000005,6.73,5.88,0.8642851322010167,0.8644202266279515,0.8756862059455258
2007-09-21,0.8600000000000003,6.67,5.81,0.8637304242513935,0.8641242172739483,0.8751518761857803
2007-09-24,0.8500000000000005,6.65,5.8,0.8619530285663455,0.8631783606962279,0.8742951109484648
2007-09-25,0.8400000000000007,6.65,5.81,0.859111221384488,0.8616261752193207,0.8731268935696305
2007-09-26,0.8399999999999999,6.66,5.82,0.856637284541543,0.860177934960382,0.8719984699633329
2007-09-27,0.8300000000000001,6.59,5.76,0.8531891030623193,0.8581570089344884,0.8705678478968422
2007-09-28,0.8300000000000001,6.59,5.76,0.8501872867332341,0.8562714182788744,0.8691859580698573
2007-10-01,0.8300000000000001,6.55,5.72,0.8475740538370373,0.854512099988653,0.867851140483401
2007-10-02,0.8300000000000001,6.54,5.71,0.8452991024672292,0.8528705979812623,0.8665617916841549
2007-10-03,0.8200000000000003,6.54,5.72,0.8420241479037328,0.850669352368061,0.864975726127556
2007-10-04,0.8399999999999999,6.51,5.67,0.8417621230977892,0.8499548577577323,0.8641249612078837
2007-10-05,0.8099999999999996,6.59,5.78,0.8376505341542612,0.8472792004601245,0.8622812663323429
2007-10-08,0.8099999999999996,6.59,5.78,0.8340711880834307,0.8447827239274103,0.8605003744726054
2007-10-09,0.79,6.57,5.78,0.82836619761116,0.8411140887905267,0.8580988729058954
2007-10-10,0.79,6.56,5.77,0.8233997149419258,0.8376911311739031,0.8557791752986402
2007-10-11,0.7699999999999996,6.56,5.79,0.8164871519225458,0.8331580586196973,0.8528572216861693
2007-10-12,0.8000000000000007,6.57,5.77,0.8143528993933211,0.830937562627489,0.8510567106727052
2007-10-15,0.79,6.57,5.78,0.8112004302847495,0.8281960965245515,0.8489768949634193
2007-10-16,0.7999999999999998,6.58,5.78,0.8097505408935476,0.8263078882899628,0.847308562123103
2007-10-17,0.8100000000000005,6.48,5.67,0.8097828332343585,0.8252157977968321,0.8460376955346547
2007-10-18,0.8200000000000003,6.46,5.64,0.8111054397168804,0.8248665114216294,0.8451507560384072
2007-10-19,0.8300000000000001,6.38,5.55,0.8135513299022976,0.8252102857947029,0.844634665668175
2007-10-22,0.8200000000000003,6.38,5.56,0.8143861066139344,0.8248613685417934,0.8437955185198079
2007-10-23,0.8199999999999994,6.39,5.57,0.8151128219504762,0.8245358172335123,0.8429849558038864
2007-10-24,0.8300000000000001,6.34,5.51,0.8170399587630974,0.8249017372070802,0.8425426405404575
2007-10-25,0.8300000000000001,6.36,5.53,0.8187176288008735,0.8252431526146813,0.8421153921586735
2007-10-26,0.8399999999999999,6.39,5.55,0.8214726197643232,0.826231374538424,0.8420433341359854
2007-10-29,0.8399999999999999,6.37,5.53,0.82387097869943,0.8271534181962359,0.8419737306740805
2007-10-30,0.8499999999999996,6.39,5.54,0.8272533657884124,0.8286833854332436,0.8422471348723592
2007-10-31,0.8499999999999996,6.47,5.62,0.8301979047740115,0.8301108953413421,0.8425112259199572
2007-11-01,0.8399999999999999,6.37,5.53,0.8314667804795334,0.8307731390967119,0.8424256843462243
2007-11-02,0.8499999999999996,6.35,5.5,0.833865895306767,0.8320607044535431,0.842683693343274
2007-11-05,0.8799999999999999,6.37,5.49,0.8398379291721437,0.8352710556641222,0.8439548237389682
2007-11-06,0.8799999999999999,6.41,5.53,0.8450368866176708,0.8382664192580126,0.84518265476697
2007-11-07,0.8700000000000001,6.44,5.57,0.8482683475833883,0.8403915222281287,0.8460280246519465
2007-11-08,0.8900000000000006,6.44,5.55,0.8536704864814406,0.8437136535789238,0.8475258715567274
2007-11-09,0.8900000000000006,6.41,5.52,0.8583733215421441,0.8468133117314343,0.8489726962972229
2007-11-12,0.8900000000000006,6.41,5.52,0.8624673772533282,0.8497053950502126,0.8503702368756548
2007-11-13,0.9100000000000001,6.44,5.53,0.8686204484929427,0.8537431443701698,0.8524014455130119
2007-11-14,0.9200000000000008,6.44,5.52,0.8752715024936292,0.8581801677818772,0.8547041004382125
2007-11-15,0.9399999999999995,6.39,5.45,0.8836505700345171,0.8636593971784853,0.8576095919049446
2007-11-16,0.9500000000000002,6.41,5.46,0.8922394663691722,0.8694413690583508,0.8607567483767938
2007-11-19,0.96,6.37,5.41,0.9010110292784368,0.8755058096630354,0.8641373378565155
2007-11-20,0.9900000000000002,6.41,5.42,0.9125306014112008,0.8831731430763172,0.8684246821804144
2007-11-21,1.0099999999999998,6.41,5.4,0.9251479601543864,0.8916663582772856,0.8732472572389812
2007-11-22,1.0099999999999998,6.41,5.4,0.9361320089155759,0.8995908082640109,0.8779055576870178
2007-11-23,1.0099999999999998,6.38,5.37,0.9456941787519015,0.9069845815414092,0.8824051793208233
2007-11-26,1.0200000000000005,6.23,5.21,0.9553130254562869,0.9145528860257969,0.8870921640340836
2007-11-27,1.08,6.36,5.28,0.9714536840752812,0.9256323843075182,0.8936633131062465
2007-11-28,1.0899999999999999,6.43,5.34,0.9867994378950558,0.9366395918186714,0.9003512614285809
2007-11-29,1.1100000000000003,6.4,5.29,1.0027476812611418,0.9482490197405329,0.9074926671005987
2007-11-30,1.1000000000000005,6.44,5.34,1.0153369391400329,0.9584113289198664,0.9140501735680392
2007-12-03,1.12,6.41,5.29,1.0288855134120591,0.9692324388236457,0.9210655807136027
2007-12-04,1.1399999999999997,6.42,5.28,1.0432692211105083,0.9806682315381814,0.9285232907592045
2007-12-05,1.1799999999999997,6.5,5.32,1.0609689434178353,0.9940168837637471,0.9370895106658451
2007-12-06,1.17,6.61,5.44,1.075082952275625,1.0058019465981192,0.945023296964477
2007-12-07,1.1900000000000004,6.73,5.54,1.0899588993712177,1.0181371391991865,0.9533681027977549
2007-12-10,1.17,6.74,5.57,1.1003201747607718,1.0283069406836791,0.9607473804884388
2007-12-11,1.1500000000000004,6.61,5.46,1.106751200153537,1.036456360816827,0.9671940194695919
2007-12-12,1.17,6.68,5.51,1.1149387216658577,1.045399378832212,0.9741023356824539
2007-12-13,1.17,6.76,5.59,1.1220663731304077,1.0537435096844743,0.9807753292841577
2007-12-14,1.1500000000000004,6.79,5.64,1.1256823653937726,1.0601895188860713,0.9865397428052235
2007-12-17,1.1500000000000004,6.75,5.6,1.1288302694955195,1.0662038581349111,0.9921077992401665
2007-12-18,1.1400000000000006,6.66,5.52,1.1302761848174587,1.0711457649917415,0.9971455505214301
2007-12-19,1.1399999999999997,6.6,5.46,1.1315349272154513,1.0757567271302662,1.0020116975000903
2007-12-20,1.13,6.55,5.42,1.1313362317520297,1.0793892368436049,1.0063714489379145
2007-12-21,1.1499999999999995,6.68,5.53,1.133752246038501,1.0841178284174915,1.0112639646582944
2007-12-24,1.1499999999999995,6.72,5.57,1.13585550863652,1.0885297603594308,1.0159898233324451
2007-12-25,1.1499999999999995,6.72,5.57,1.1376865050759855,1.0926462384176752,1.020554701911172
2007-12-26,1.1500000000000004,6.79,5.64,1.1392804800577552,1.0964870482549547,1.0249640839674952
2007-12-27,1.1600000000000001,6.73,5.57,1.1419626102430536,1.1007403206319875,1.0295639029945585
2007-12-28,1.1399999999999997,6.62,5.48,1.141708551452621,1.1033694239124874,1.0333257618777758
2007-12-31,1.1499999999999995,6.56,5.41,1.1427818747965384,1.1064921340959835,1.0373001147481153
2008-01-01,1.1499999999999995,6.56,5.41,1.1437162570381845,1.109405725720193,1.0411390865695431
2008-01-02,1.1400000000000006,6.45,5.31,1.1432351896579447,1.111454532744814,1.0445066522068276
2008-01-03,1.1500000000000004,6.48,5.33,1.1441108905461324,1.1140358073767098,1.0481001429066712
2008-01-04,1.13,6.47,5.34,1.1422842437135454,1.1151048815992217,1.0508899526998003
2008-01-07,1.17,6.46,5.29,1.1458720327526488,1.1187810434577548,1.0549472781727804
2008-01-08,1.1800000000000006,6.49,5.31,1.1502898788886669,1.122880693838627,1.0592070329561556
2008-01-09,1.17,6.49,5.32,1.152841342963894,1.1260361328131157,1.0629810481429776
2008-01-10,1.1499999999999995,6.64,5.49,1.1524735327177353,1.1276409213098306,1.06594523309634
2008-01-11,1.21,6.59,5.38,1.1599203015029884,1.133156262429496,1.0708522672929541
2008-01-14,1.21,6.57,5.36,1.1664030902637266,1.1383022576537234,1.0755921498907404
2008-01-15,1.2199999999999998,6.5,5.28,1.1733411800381557,1.1437733110568502,1.0805112113975324
2008-01-16,1.2199999999999998,6.51,5.29,1.1793811379994839,1.1488779843804273,1.0852627116111586
2008-01-17,1.2299999999999995,6.47,5.24,1.185933721172042,1.1543104830869746,1.0901929949951459
2008-01-18,1.25,6.53,5.28,1.1942270648780346,1.160718523775928,1.095636608249137
2008-01-21,1.25,6.53,5.28,1.2014468399128948,1.166697437149832,1.1008947920517835
2008-01-22,1.2300000000000004,6.5,5.27,1.205143030402286,1.1709366204119611,1.105292589389421
2008-01-23,1.2400000000000002,6.46,5.22,1.2096552454819143,1.17556158833733,1.1098812183158455
2008-01-24,1.2400000000000002,6.63,5.39,1.2135833568611978,1.1798768359964986,1.1143135416958343
2008-01-25,1.2399999999999993,6.56,5.32,1.2170029764351231,1.183903104429155,1.1185948838701085
2008-01-28,1.2599999999999998,6.58,5.32,1.2225689169155398,1.1889990858788704,1.1234116612343013
2008-01-29,1.2599999999999998,6.63,5.37,1.2274143495360392,1.1937538046957143,1.1280643614787178
2008-01-30,1.25,6.72,5.47,1.2303380492661895,1.1975204441326788,1.1322179369616459
2008-01-31,1.25,6.63,5.38,1.2328832777131806,1.2010348429945903,1.1362300264155376
2008-02-01,1.25,6.6,5.35,1.235099027771426,1.2043138930781732,1.1401054493739478
2008-02-04,1.2700000000000005,6.66,5.39,1.2396169389668326,1.2087126951563214,1.1445301346209285
2008-02-05,1.29,6.62,5.33,1.2461389978369932,1.2141562627877382,1.1494853722665481
2008-02-06,1.2999999999999998,6.66,5.36,1.2531112742273007,1.2199049610641437,1.1546124530376596
2008-02-07,1.3099999999999996,6.8,5.49,1.2604754877333777,1.225938356299053,1.1599055233265598
2008-02-08,1.3000000000000007,6.73,5.43,1.2655919135822875,1.2308980430195722,1.1646776554994098
2008-02-11,1.29,6.71,5.42,1.26875152662008,1.2348559242728718,1.168946594620845
2008-02-12,1.2699999999999996,6.77,5.5,1.2689131407958505,1.2372094178895217,1.1723888445827046
2008-02-13,1.29,6.81,5.52,1.2716428228416816,1.240744645248491,1.1763951122956082
2008-02-14,1.2800000000000002,6.95,5.67,1.2727246547172604,1.2433734589223608,1.179924275112149
2008-02-15,1.29,6.9,5.61,1.274960938432976,1.2464958988933166,1.183673858398088
2008-02-18,1.29,6.9,5.61,1.2769077364813823,1.2494092384003115,1.1872957171123057
2008-02-19,1.29,6.96,5.67,1.278602522619046,1.2521274802758853,1.1907942020226017
2008-02-20,1.2999999999999998,6.96,5.66,1.2813724140128946,1.2553333597094043,1.1945141524044034
2008-02-21,1.3100000000000005,6.87,5.56,1.2850782388931172,1.258994221072399,1.1984480243307352
2008-02-22,1.3100000000000005,6.91,5.6,1.288304346830072,1.2624099255015155,1.2022478941377166
2008-02-25,1.3100000000000005,6.99,5.68,1.2911128369118419,1.2655968904232195,1.2059183264294646
2008-02-26,1.3000000000000007,6.98,5.68,1.2922632751674994,1.267900763753408,1.2091230936121715
2008-02-27,1.3099999999999996,6.96,5.65,1.2945592842060383,1.2707200236634275,1.2125593313704457
2008-02-28,1.33,6.88,5.55,1.2991470649019488,1.2746898263404567,1.216559791677489
2008-02-29,1.33,6.75,5.42,1.3031409599710528,1.278393783208016,1.2204239816204843
2008-03-03,1.33,6.76,5.43,1.3066178475732069,1.2818496971646782,1.2241565430682892
2008-03-04,1.3399999999999999,6.82,5.48,1.3109391484008182,1.2857438489867883,1.2281025964814198
2008-03-05,1.3499999999999996,6.96,5.61,1.3159955536375059,1.2900468911955023,1.2322548695397921
2008-03-06,1.3599999999999994,6.97,5.61,1.3216919044315965,1.2947314416248397,1.2366063376452414
2008-03-07,1.38,6.95,5.57,1.329239854558202,1.300441621895193,1.2414908521939556
2008-03-10,1.3899999999999997,6.89,5.5,1.3371052211596883,1.3064390785596875,1.2465496189564722
2008-03-11,1.3600000000000003,6.99,5.63,1.3400689373840267,1.3100258932390774,1.25041415541969
2008-03-12,1.3899999999999997,6.88,5.49,1.3465324853136902,1.3153815199233723,1.2551689617162214
2008-03-13,1.42,6.95,5.53,1.3560428137058667,1.32238750656407,1.2607837119872962
2008-03-14,1.38,6.86,5.48,1.3591440579766518,1.3262456428995795,1.2648446564089617
2008-03-17,1.37,6.84,5.47,1.3605493535564643,1.3291757413018248,1.2684266334448417
2008-03-18,1.37,6.87,5.5,1.3617727344150676,1.331909619779569,1.2718865951931728
2008-03-19,1.4000000000000004,6.82,5.42,1.3667212324117668,1.3364694288480528,1.2762506080748306
2008-03-20,1.4100000000000001,6.76,5.35,1.3723236444973015,1.3413935512286885,1.2808066033678713
2008-03-21,1.4100000000000001,6.76,5.35,1.377200827494181,1.3459879198641866,1.28520740473583
2008-03-24,1.4100000000000001,6.9,5.49,1.3814466618994126,1.3502746173763882,1.2894582986535235
2008-03-25,1.4100000000000001,6.9,5.49,1.3851428754325488,1.3542742475800111,1.2935643915190291
2008-03-26,1.4100000000000001,6.92,5.51,1.3883606162058832,1.3580060345139384,1.2975306157877604
2008-03-27,1.4100000000000001,6.97,5.56,1.3911618222486508,1.3614879148406784,1.3013617358975913
2008-03-28,1.4200000000000008,6.94,5.52,1.3948949081141293,1.3654062941427418,1.305402990702903
2008-03-31,1.42,6.9,5.48,1.3981447481171543,1.3690622713049219,1.3093065855337958
2008-04-01,1.4299999999999997,7.0,5.57,1.4022683925294486,1.3731430886981728,1.3134178463051098
2008-04-02,1.4299999999999997,7.0,5.57,1.4058582334954044,1.3769506259585134,1.3173890624418056
2008-04-03,1.42,6.99,5.57,1.407688877203422,1.3798335137542848,1.3208843676675013
2008-04-04,1.4500000000000002,6.9,5.45,1.4131660282157474,1.384532353432534,1.3252825200979361
2008-04-07,1.4400000000000004,6.94,5.5,1.4166396707477467,1.388246855789651,1.3291902185998907
2008-04-08,1.4300000000000006,6.95,5.52,1.4183691578436293,1.3910429389513503,1.3326241698346621
2008-04-09,1.4299999999999997,6.87,5.44,1.419874763809163,1.3936517767882963,1.3359411480840844
2008-04-10,1.4300000000000006,6.9,5.47,1.4211854699305608,1.3960859085597366,1.3391451378774548
2008-04-11,1.4400000000000004,6.87,5.43,1.4236210002498981,1.3990267038928703,1.3425806247271272
2008-04-14,1.4500000000000002,6.92,5.47,1.4270357469083605,1.4024402330446732,1.346239722993521
2008-04-15,1.4500000000000002,6.99,5.54,1.4300084565353985,1.405625168360878,1.3497741789401367
2008-04-16,1.4300000000000006,7.11,5.68,1.430007361841655,1.407257477917544,1.352506964920454
2008-04-17,1.4399999999999995,7.09,5.65,1.4313009032224382,1.409450146670946,1.3554872988887705
2008-04-18,1.3900000000000006,7.03,5.64,1.4259545245649323,1.4081476285342225,1.3566629281873386
2008-04-21,1.37,6.97,5.6,1.4187112428789688,1.4055929959713205,1.3571172378146708
2008-04-22,1.4100000000000001,6.95,5.54,1.4175835773952956,1.4058881198474065,1.3589186188312974
2008-04-23,1.4100000000000001,6.95,5.54,1.4166018875732744,1.4061634801603848,1.3606586381974926
2008-04-24,1.4000000000000004,7.0,5.6,1.4144527825786932,1.4057507303323216,1.3619987494055819
2008-04-25,1.4100000000000001,7.05,5.64,1.4138763723821164,1.4060352912101195,1.363633848217026
2008-04-28,1.3499999999999996,6.97,5.62,1.4056076119585643,1.402282775389414,1.3631694292958727
2008-04-29,1.3499999999999996,6.96,5.61,1.3984092379140802,1.398781554327432,1.3627208301880904
2008-04-30,1.3600000000000003,6.87,5.51,1.3934371837018775,1.396184469650571,1.3626281487235121
2008-05-01,1.3200000000000003,6.82,5.5,1.3839307816385504,1.3910826236267173,1.3611760774868515
2008-05-02,1.2800000000000002,6.86,5.58,1.3704770004992466,1.3836437526301932,1.3584109222841683
2008-05-05,1.3199999999999994,6.89,5.57,1.3639427812181177,1.3793817209091777,1.357102505261787
2008-05-06,1.3100000000000005,6.94,5.63,1.356959918575192,1.374735434617862,1.355498021015734
2008-05-07,1.3099999999999996,6.92,5.61,1.3508809835679734,1.370400296219939,1.3539481913932836
2008-05-08,1.3399999999999999,6.87,5.53,1.3494724463743148,1.3683644793256948,1.3534730647895694
2008-05-09,1.3499999999999996,6.84,5.49,1.3495407378939908,1.367134665083269,1.3533547594529547
2008-05-12,1.3499999999999996,6.84,5.49,1.349600189114913,1.3659872078216238,1.3532404840304129
2008-05-13,1.3500000000000005,6.94,5.59,1.3496519444087756,1.3649165923401303,1.3531301012482766
2008-05-14,1.37,6.98,5.61,1.352285988743079,1.3652570129439108,1.3537047519304264
2008-05-15,1.3600000000000003,6.91,5.55,1.3532845631550148,1.3649049665136046,1.353919191190005
2008-05-16,1.3600000000000003,6.91,5.55,1.3541538726718187,1.3645764955795763,1.3541263258611798
2008-05-19,1.3600000000000003,6.9,5.54,1.354910650561351,1.364270021361367,1.3543264047650472
2008-05-20,1.3600000000000003,6.86,5.5,1.3555694639793734,1.3639840708047222,1.3545196682469443
2008-05-21,1.37,6.89,5.52,1.3574374887385785,1.3643869395860564,1.3550469851759146
2008-05-22,1.3900000000000006,6.98,5.59,1.3616526874790333,1.3661021696195652,1.3562376131759672
2008-05-23,1.3900000000000006,6.91,5.52,1.3653222311169413,1.3677025358289037,1.3573876840154533
2008-05-26,1.3900000000000006,6.91,5.52,1.3685167543979617,1.3691957303007571,1.35849857922015
2008-05-27,1.3999999999999995,7.01,5.61,1.3725922428067552,1.3712586000904088,1.3599122699667465
2008-05-28,1.3999999999999995,7.06,5.66,1.3761401615367372,1.3731833256613983,1.361277805216749
2008-05-29,1.3899999999999997,7.12,5.73,1.3779343098186132,1.3743094880341542,1.362256188612402
2008-05-30,1.3899999999999997,7.06,5.67,1.379496206616037,1.3753602346817628,1.3632012446778803
2008-06-02,1.3900000000000006,7.03,5.64,1.3808559167528451,1.3763406159697285,1.3641141086643966
2008-06-03,1.38,6.95,5.57,1.3807451188113238,1.3765856739710536,1.3646552404415881
2008-06-04,1.38,7.02,5.64,1.3806486636009203,1.3768143211711301,1.3651779392839132
2008-06-05,1.38,7.07,5.69,1.3805646944631709,1.377027656552224,1.3656828330848019
2008-06-06,1.37,6.98,5.61,1.379197100715965,1.3765570354164147,1.3658298916385778
2008-06-09,1.38,6.96,5.58,1.3793010355760131,1.376787600454822,1.3663125775489005
2008-06-10,1.3899999999999997,7.05,5.66,1.3806860104940128,1.3776723953269832,1.367119458115893
2008-06-11,1.4100000000000001,7.07,5.66,1.3844806899231061,1.3798372783027157,1.3685801267901576
2008-06-12,1.3999999999999995,7.13,5.73,1.3864896558705928,1.3811875154572586,1.3696504030164007
2008-06-13,1.4100000000000001,7.17,5.76,1.3895330566748587,1.383117001353478,1.3710248584160651
2008-06-16,1.42,7.17,5.75,1.393476985326387,1.3855869454359875,1.3726931315298394
2008-06-17,1.4100000000000001,7.17,5.76,1.3956158802685361,1.387221814667588,1.373963940426251
2008-06-18,1.4100000000000001,7.11,5.7,1.3974778964652552,1.38874720159752,1.3751914609064158
2008-06-19,1.37,7.14,5.77,1.3939208982460207,1.3874917575894776,1.3750146206897
2008-06-20,1.3900000000000006,7.11,5.72,1.3934133401767002,1.387659727080211,1.3755250777214625
2008-06-23,1.3899999999999997,7.12,5.73,1.3929714852135475,1.3878164481566366,1.376018146712797
2008-06-24,1.4000000000000004,7.08,5.68,1.3938813224935187,1.388632344176043,1.3768350566749448
2008-06-25,1.4100000000000001,7.08,5.67,1.3959678762171444,1.3900632721644446,1.3779647763955958
2008-06-26,1.4000000000000004,7.07,5.67,1.3964898323695554,1.3907287051015045,1.3787153770045237
2008-06-27,1.42,7.03,5.61,1.39953321032613,1.3926889161547005,1.3801216828227034
2008-06-30,1.4400000000000004,7.04,5.6,1.4047716134546269,1.3958571979069716,1.3821613581235648
2008-07-01,1.4500000000000002,7.07,5.62,1.4106264026159505,1.3994829793929564,1.384472191306629
2008-07-02,1.4699999999999998,7.04,5.57,1.4183122813523985,1.4042052933087474,1.3873855824497388
2008-07-03,1.4700000000000006,7.07,5.6,1.4250032274158388,1.408611367988574,1.3901997327952365
2008-07-04,1.4700000000000006,7.07,5.6,1.430828034280351,1.412722381028027,1.392918022849009
2008-07-07,1.4799999999999995,7.05,5.57,1.4371933175443818,1.4172277619071063,1.3958843546752544
2008-07-08,1.5,7.02,5.52,1.4453236072095008,1.4227707710759905,1.399430915771374
2008-07-09,1.4900000000000002,6.99,5.5,1.451106941090192,1.4272729114183185,1.4025160312661158
2008-07-10,1.5099999999999998,7.0,5.49,1.4587306143918348,1.4328128970595033,1.406177329822919
2008-07-11,1.5200000000000005,7.11,5.59,1.4666619018460043,1.4386515565200009,1.410054547820727
2008-07-14,1.5199999999999996,7.06,5.54,1.473566488606895,1.4440992184229935,1.4137996935399706
2008-07-15,1.5099999999999998,7.09,5.58,1.4782827861338768,1.448512396620592,1.417076629136554
2008-07-16,1.5099999999999998,7.21,5.7,1.4823885616026629,1.4526300374764822,1.420241940276841
2008-07-17,1.5199999999999996,7.27,5.75,1.4872573411168206,1.4571416023269594,1.423640066010346
2008-07-18,1.5100000000000007,7.28,5.77,1.4902013654983965,1.4606813710912807,1.4265818023958416
2008-07-21,1.5099999999999998,7.27,5.76,1.492764287582135,1.463984092130804,1.429423332440712
2008-07-22,1.4899999999999993,7.27,5.78,1.4924064521117402,1.465726299653258,1.4314867961192805
2008-07-23,1.4900000000000002,7.3,5.81,1.4920949382414206,1.4673518367498113,1.4334799706498267
2008-07-24,1.5,7.22,5.72,1.493118244033178,1.4695381865744945,1.4357458870495206
2008-07-25,1.4900000000000002,7.3,5.81,1.4927145890995779,1.4709084530073326,1.4375939813075398
2008-07-28,1.4899999999999993,7.22,5.73,1.4923631870697551,1.4721869567963661,1.439379122690638
2008-07-29,1.4799999999999995,7.22,5.74,1.4907627794677107,1.4727101729267071,1.4407628188940884
2008-07-30,1.4800000000000004,7.24,5.76,1.4893695437282475,1.4731983508380198,1.4420993813251965
2008-07-31,1.4799999999999995,7.21,5.73,1.4881566615704536,1.4736538369350136,1.44339041553328
2008-08-01,1.4799999999999995,7.18,5.7,1.4871007863247743,1.4740788204906952,1.4446374723767523
2008-08-04,1.4800000000000004,7.2,5.72,1.4861815935348777,1.474475344169007,1.4458420498860967
2008-08-05,1.4800000000000004,7.24,5.76,1.4853813897338555,1.4748453138427975,1.4470055950633782
2008-08-06,1.4799999999999995,7.3,5.82,1.4846847718641238,1.475190507754312,1.4481295056204597
2008-08-07,1.4699999999999998,7.17,5.7,1.482783836418188,1.4748429149776006,1.4488744949472554
2008-08-08,1.4900000000000002,7.17,5.68,1.4837179647290166,1.475857939618573,1.4502753806241715
2008-08-11,1.4900000000000002,7.23,5.74,1.4845311706561992,1.476804991095823,1.4516285469921753
2008-08-12,1.4900000000000002,7.17,5.68,1.4852391075341838,1.477688621368781,1.4529356195461094
2008-08-13,1.4900000000000002,7.19,5.7,1.4858554023820914,1.4785130775657713,1.454198168410495
2008-08-14,1.5,7.15,5.65,1.4876864125761327,1.4799519924822722,1.4557583469363995
2008-08-15,1.5,7.11,5.61,1.4892803995319561,1.4812945475713821,1.457265380054179
2008-08-18,1.5099999999999998,7.08,5.57,1.4919625401412737,1.4832168658471092,1.4590617148022866
2008-08-19,1.5100000000000007,7.11,5.6,1.4942974791595547,1.4850104522185967,1.4607968597943939
2008-08-20,1.5299999999999994,7.1,5.57,1.4989191503712584,1.488023267645629,1.4631541727997255
2008-08-21,1.5300000000000002,7.12,5.59,1.5029425488479768,1.4908343238364614,1.4654311870702224
2008-08-22,1.5499999999999998,7.14,5.59,1.5090341093923265,1.4947964721728355,1.4683119112970786
2008-08-25,1.5599999999999996,7.09,5.53,1.5156316152226013,1.499162957372667,1.4714351441921645
2008-08-26,1.5699999999999994,7.1,5.53,1.5226695720065349,1.5039067022057993,1.4747926250199725
2008-08-27,1.5600000000000005,7.07,5.51,1.5275019748822036,1.507663102553912,1.4776951010144697
2008-08-28,1.5700000000000003,7.08,5.51,1.5330033202947295,1.5118376180927533,1.480839344732138
2008-08-29,1.5200000000000005,7.12,5.6,1.5313200478072968,1.5123842283910158,1.4821733004122701
2008-09-01,1.5200000000000005,7.12,5.6,1.5298546739951813,1.5128942338328084,1.4834618166648854
2008-09-02,1.5300000000000002,7.07,5.54,1.5298734863646435,1.514039755820496,1.485047078034448
2008-09-03,1.5300000000000002,7.03,5.5,1.5298898634834757,1.5151085656275396,1.4865783395821497
2008-09-04,1.5499999999999998,7.01,5.46,1.5324931093275778,1.517445140608453,1.4887387141616635
2008-09-05,1.5700000000000003,7.03,5.46,1.5373483551976368,1.5209645823221087,1.4915067718736046
2008-09-08,1.58,7.03,5.45,1.5428695865917965,1.5249180076373723,1.4945211760888808
2008-09-09,1.5999999999999996,6.97,5.37,1.5502650864261478,1.5299460240553535,1.4981141720519833
2008-09-10,1.5599999999999996,7.02,5.46,1.5515252655046439,1.5319586489167911,1.5002222305394182
2008-09-11,1.6099999999999994,7.05,5.44,1.5590947869464762,1.5371848447352594,1.5039616643696876
2008-09-12,1.6100000000000003,7.17,5.56,1.5656844381015458,1.5420610578541218,1.5075737193559555
2008-09-15,1.67,7.13,5.46,1.579188028828749,1.5506287460755768,1.513106554753775
2008-09-16,1.67,7.16,5.49,1.590943587342836,1.5586226818473954,1.51845092146649
2008-09-17,1.67,7.25,5.58,1.6011773954291348,1.5660812876547285,1.5236132394293984
2008-09-18,1.6500000000000004,7.33,5.68,1.6074974540892495,1.5717010727745746,1.5279184364697296
2008-09-19,1.62,7.55,5.93,1.6091159016147607,1.5749355074428428,1.5310550725619105
2008-09-22,1.7000000000000002,7.61,5.91,1.6208807969560695,1.5833107023743629,1.5368099569999774
2008-09-23,1.6799999999999997,7.62,5.94,1.6285337444884882,1.589785695386759,1.5416875355259674
2008-09-24,1.7000000000000002,7.58,5.88,1.6377850110077887,1.597166417656559,1.547080239242908
2008-09-25,1.8200000000000003,7.74,5.92,1.6613726386918335,1.6120889160512357,1.5563768882032472
2008-09-26,1.8200000000000003,7.73,5.91,1.6819068612589978,1.626012099369624,1.5653568591713003
2008-09-29,1.8600000000000003,7.62,5.76,1.704960917749846,1.6416815690914233,1.5753934862050396
2008-09-30,1.8399999999999999,7.85,6.01,1.7224416508801368,1.654962361132485,1.5844069554552944
2008-10-01,1.8500000000000005,7.87,6.02,1.7389540073205796,1.668023448345167,1.593454029564514
2008-10-02,1.9299999999999997,7.97,6.04,1.7636848034574633,1.685567234296994,1.604918020803097
2008-10-03,2.0,7.98,5.98,1.7942756725344604,1.7066238559789324,1.6183759633901813
2008-10-06,2.0200000000000005,7.91,5.89,1.8234955595752358,1.727609718867754,1.632056752469134
2008-10-07,2.080000000000001,8.05,5.97,1.8566999149002645,1.7512082418066839,1.6473153439133619
2008-10-08,2.1000000000000005,8.21,6.11,1.8881949738664305,1.7745657824295076,1.6627354451390666
2008-10-09,2.13,8.32,6.19,1.9194964982915872,1.798368148685659,1.6786521912409278
2008-10-10,2.3200000000000003,8.75,6.43,1.971341450985671,1.8333002732872974,1.700498852043268
2008-10-13,2.3200000000000003,8.75,6.43,2.016475103757567,1.8658930980051005,1.7216013353779467
2008-10-14,2.3099999999999996,8.86,6.55,2.054471736234713,1.8956336086695553,1.7416443539506923
2008-10-15,2.66,8.98,6.32,2.1328570288874054,1.9468209392667613,1.7729269186077268
2008-10-16,2.6100000000000003,9.08,6.47,2.1946229177251446,1.9912320570394961,1.801440700718139
2008-10-17,2.88,9.43,6.55,2.283344594955371,2.050750187397546,1.8381803899239253
2008-10-20,2.92,9.43,6.51,2.365759278512876,2.108961246954723,1.8750311372842086
2008-10-21,2.919999999999999,9.36,6.44,2.437505427707734,2.1632740859938835,1.9106266129075373
2008-10-22,2.96,9.25,6.29,2.5051420557718003,2.216628437019976,1.9463721228004756
2008-10-23,2.999999999999999,9.11,6.11,2.5692011379005786,2.2690884871078834,1.9822625562450131
2008-10-24,3.0600000000000005,9.3,6.24,2.632734774134252,2.322053465085366,2.0189742500344607
2008-10-27,3.120000000000001,9.39,6.27,2.69581098314796,2.3754895574421697,2.056479229026562
2008-10-28,3.1100000000000003,9.48,6.37,2.749427518068389,2.424677524465243,2.0923660140398446
2008-10-29,3.08,9.51,6.43,2.792219939644238,2.4685625102305,2.126008453280235
2008-10-30,3.05,9.52,6.47,2.8255894232507823,2.5074996395287115,2.15748299740392
2008-10-31,2.999999999999999,9.54,6.54,2.8481667741661667,2.5404809153365173,2.186182219455578
2008-11-03,3.04,9.49,6.45,2.8729994771914438,2.573932214106703,2.215266387490161
2008-11-04,3.009999999999999,9.37,6.36,2.8907341176971477,2.603134369215145,2.242337931859065
2008-11-05,2.96,9.26,6.3,2.899700547144049,2.627032592932137,2.266784136491333
2008-11-06,2.92,9.25,6.33,2.9023282998816486,2.64665174376069,2.289035066806965
2008-11-07,2.8899999999999997,9.28,6.39,2.9007324084064527,2.6629480484957706,2.3095061386189544
2008-11-10,2.880000000000001,9.22,6.34,2.8980486098167226,2.677483368369107,2.328939253863433
2008-11-11,2.880000000000001,9.22,6.34,2.89571222744266,2.6910453013534705,2.347710405862258
2008-11-12,2.8600000000000003,9.16,6.3,2.8910892997167665,2.702359692087629,2.3651608700921907
2008-11-13,2.910000000000001,9.38,6.47,2.893537279216107,2.716264742344897,2.383720091002244
2008-11-14,2.9299999999999997,9.28,6.35,2.8982573578822723,2.7305779531531686,2.4023283901373085
2008-11-17,2.9299999999999997,9.26,6.33,2.9023664250239047,2.7439326510521074,2.4203028222913683
2008-11-18,3.09,9.24,6.15,2.9266554856112945,2.767107746137935,2.4431151666727944
2008-11-19,3.1399999999999997,9.11,5.97,2.9542728128227744,2.792079224858175,2.466853622412516
2008-11-20,3.329999999999999,9.02,5.69,3.002910485557198,2.8281021699596245,2.496255556708367
2008-11-21,3.26,9.08,5.82,3.0361905783842915,2.857025075599173,2.52227149621013
2008-11-24,3.290000000000001,9.21,5.92,3.0690460650425817,2.8860201110258736,2.5484231474382484
2008-11-25,3.369999999999999,9.12,5.75,3.1080043823966346,2.9184307963468186,2.5764090711068723
2008-11-26,3.330000000000001,9.05,5.72,3.1367415900461193,2.9459923546910507,2.6020791446339078
2008-11-27,3.330000000000001,9.05,5.72,3.161758782352936,2.9717081979243862,2.6268748012198433
2008-11-28,3.4299999999999997,9.03,5.6,3.19648245687811,3.0023986289125957,2.6542321938232587
2008-12-01,3.49,8.84,5.35,3.2344781374979443,3.03505183405687,2.6827015134680665
2008-12-02,3.469999999999999,8.79,5.32,3.264966309930283,3.0641790115666336,2.709519790151257
2008-12-03,3.500000000000001,8.8,5.3,3.295391288716241,3.0933646393874876,2.736446448010964
2008-12-04,3.460000000000001,8.71,5.25,3.316699793668475,3.1179171126845313,2.761093338211178
2008-12-05,3.42,8.74,5.32,3.330071947189485,3.1381466999559717,2.78353811800758
2008-12-08,3.429999999999999,8.79,5.36,3.3430075773367207,3.157691242370031,2.805558982918395
2008-12-09,3.4300000000000006,8.73,5.3,3.354268697447988,3.1759269452468386,2.826829736330098
2008-12-10,3.3099999999999996,8.7,5.39,3.348538139499732,3.1849054166391797,2.843288289265045
2008-12-11,3.3400000000000007,8.71,5.37,3.3474328821509927,3.195291636915699,2.8602081135986976
2008-12-12,3.33,8.68,5.35,3.3451762053764216,3.204312653006428,2.8762109498908477
2008-12-15,3.3400000000000007,8.63,5.29,3.3445061485061807,3.2133992287208946,2.892009307542024
2008-12-16,3.3200000000000003,8.48,5.16,3.341333841386274,3.2205379634733253,2.9065882417131403
2008-12-17,3.2800000000000002,8.22,4.94,3.3333942101679357,3.224519958176646,2.919308017023019
2008-12-18,3.3899999999999997,8.11,4.72,3.3407217977758745,3.23560166153792,2.935341513908859
2008-12-19,3.45,8.07,4.62,3.3548677994978,3.249959276884205,2.952872671295104
2008-12-22,3.4299999999999997,8.09,4.66,3.3645936205311324,3.2620160655128196,2.9691253796810746
2008-12-23,3.369999999999999,8.12,4.75,3.3652934733079842,3.269247426567511,2.9827806408899957
2008-12-24,3.3499999999999996,8.1,4.75,3.36331374180302,3.2746551848359893,2.9952894803511483
2008-12-25,3.3499999999999996,8.1,4.75,3.3615902854261983,3.279700801710735,3.007372222819364
2008-12-26,3.3400000000000007,8.06,4.72,3.358795435139501,3.283738858632896,3.018702746011705
2008-12-29,3.3100000000000005,8.05,4.74,3.352478893546972,3.2854974887090798,3.028625399856658
2008-12-30,3.33,7.97,4.64,3.34956901343959,3.288477688759332,3.0388913251063467
2008-12-31,3.37,8.07,4.7,3.3522137931411398,3.293936994066125,3.0501701020980545
2009-01-01,3.37,8.07,4.7,3.354516207600118,3.2990307060282342,3.0610646825401866
2009-01-02,3.3499999999999996,8.18,4.83,3.353931587070245,3.3024439671690042,3.0709068801561332
2009-01-05,3.2600000000000007,8.31,5.05,3.341772196035301,3.299601621660386,3.0773480859930697
2009-01-06,3.2299999999999995,8.28,5.05,3.327303348219376,3.294940609273603,3.0825479705807943
2009-01-07,3.1800000000000006,8.23,5.05,3.308235012767783,3.2872433805196133,3.085867544456536
2009-01-08,3.1499999999999995,8.18,5.03,3.287751579498163,3.278052601894839,3.0880521313274105
2009-01-09,3.130000000000001,8.15,5.02,3.267330726392979,3.2681379620507496,3.0894810297281774
2009-01-12,3.080000000000001,8.05,4.97,3.24308086938408,3.2555389255538496,3.089158071050063
2009-01-13,3.0900000000000007,8.05,4.96,3.2232646370721714,3.244453278925297,3.0891867502408825
2009-01-14,3.08,7.92,4.84,3.2047191105035937,3.2334403348037073,3.0888738158024274
2009-01-15,3.09,7.91,4.82,3.1898687862697335,3.223834564688944,3.0889121777705038
2009-01-16,3.0700000000000003,7.91,4.84,3.1743518394087396,3.213532724093488,3.088267959567615
2009-01-19,3.0700000000000003,7.91,4.84,3.1608435525782648,3.2039207669443743,3.0876456858016894
2009-01-20,3.05,7.95,4.9,3.146494917134752,3.193613153641749,3.086363335543142
2009-01-21,3.0500000000000007,8.14,5.09,3.1340037044668714,3.183995810366396,3.085124666842005
2009-01-22,3.0300000000000002,8.24,5.21,3.1205404835085186,3.1736831716302936,3.0832469183225717
2009-01-23,3.0999999999999996,8.28,5.18,3.1178815294887157,3.1687488300521327,3.083817589786327
2009-01-26,3.0600000000000005,8.3,5.24,3.1103887981008427,3.1614662462296694,3.0830062752420426
2009-01-27,3.0100000000000007,8.06,5.05,3.0973935247353097,3.151323004836519,3.080519413495775
2009-01-28,2.999999999999999,8.2,5.2,3.084785987819719,3.1411893558909556,3.0777766266792908
2009-01-29,2.959999999999999,8.28,5.32,3.0686325119879196,3.1290556467615653,3.0737647224077462
2009-01-30,2.9299999999999997,8.25,5.32,3.0506866114022397,3.115725485580237,3.068867568191438
2009-02-02,2.8999999999999995,8.09,5.19,3.0311803144374037,3.101278995161659,3.0631153188933036
2009-02-03,2.9300000000000006,8.21,5.28,3.018082579727961,3.089808953243101,3.058580922455458
2009-02-04,2.9000000000000004,8.24,5.34,3.002796856297636,3.0770980154648804,3.0531790740741407
2009-02-05,2.88,8.18,5.3,2.9869008724209,3.0638989509951653,3.0472799590577795
2009-02-06,2.83,8.18,5.35,2.9665901428676675,3.0482354379643404,3.039878606001212
2009-02-09,2.79,8.16,5.37,2.943730648345991,3.030942183204686,3.0313668233576685
2009-02-10,2.7600000000000007,7.98,5.22,2.919946819412365,3.012797995728982,3.022123073146103
2009-02-11,2.8099999999999996,7.88,5.07,2.9057142655720516,2.9992172206326804,3.0148973825550036
2009-02-12,2.8200000000000003,7.91,5.09,2.894618602176263,2.987215579501822,3.0082584622222415
2009-02-13,2.8100000000000005,8.13,5.32,2.8836647717898765,2.975347982289514,3.0015050511772374
2009-02-16,2.8100000000000005,8.13,5.32,2.8741289085767576,2.96427512256016,2.9949816861047056
2009-02-17,2.8,7.92,5.12,2.864532963118023,2.9532741090373817,2.988339894083556
2009-02-18,2.76,7.95,5.19,2.8510012299254077,2.9403311201417592,2.980561799038158
2009-02-19,2.719999999999999,8.12,5.4,2.8340431945040487,2.9255762041545212,2.9716861076209717
2009-02-20,2.749999999999999,8.03,5.28,2.823163850316705,2.9138183910049698,2.96413466496904
2009-02-23,2.789999999999999,8.02,5.23,2.818870808574276,2.905526643766641,2.958202999018752
2009-02-24,2.8199999999999994,8.03,5.21,2.8190169817682666,2.899799180289692,2.953495297518577
2009-02-25,2.820000000000001,8.13,5.31,2.8191442329246343,2.894455267907876,2.9489479576138247
2009-02-26,2.8500000000000005,8.21,5.36,2.8231384945916065,2.8914782316056558,2.9455774269321093
2009-02-27,2.8100000000000005,8.24,5.43,2.8214377238675863,2.886021878180154,2.9409591620558784
2009-03-02,2.789999999999999,8.2,5.41,2.817368128221675,2.879591580251412,2.9358169388138258
2009-03-03,2.829999999999999,8.27,5.44,2.819003316907895,2.8762705804770126,2.9322124254158917
2009-03-04,2.8600000000000003,8.32,5.46,2.824310314440895,2.8751809883765076,2.9297526051089857
2009-03-05,2.8499999999999996,8.17,5.32,2.827635829765621,2.8734946929147864,2.9270359386011666
2009-03-06,2.8,8.18,5.38,2.8240583871696168,2.868572973192362,2.922708628173933
2009-03-09,2.869999999999999,8.29,5.42,2.830005503071777,2.8686685369086664,2.9209131788009937
2009-03-10,2.8999999999999995,8.44,5.54,2.8390662512715066,2.870766711262668,2.920200799157181
2009-03-11,2.91,8.4,5.49,2.8482485850877044,2.8733940472415798,2.919853322489987
2009-03-12,2.9400000000000004,8.41,5.47,2.860125754064885,2.8778544486436517,2.9205395922859454
2009-03-13,2.9399999999999995,8.45,5.51,2.8704654302083323,2.882016150307282,2.9212024852133056
2009-03-16,2.839999999999999,8.54,5.7,2.8665216974289223,2.879202454414063,2.9184364304665147
2009-03-17,2.869999999999999,8.62,5.75,2.866971961737434,2.8785861935714343,2.916786507831049
2009-03-18,2.880000000000001,8.39,5.51,2.8686584339518797,2.8786808719585015,2.9155334243282884
2009-03-19,2.8999999999999995,8.45,5.55,2.8727155820222263,2.8801085501864843,2.915004298871299
2009-03-20,2.92,8.51,5.59,2.8788365232943196,2.8827799612437546,2.9151744707913365
2009-03-23,2.9400000000000004,8.56,5.62,2.8867541009007205,2.886611816063408,2.916020119452567
2009-03-24,3.04,8.48,5.44,2.906591696216301,2.896883763875244,2.9202433293234713
2009-03-25,3.05,8.6,5.55,2.925155820359759,2.9071375001556623,2.9246633178732035
2009-03-26,3.039999999999999,8.52,5.48,2.940022334722907,2.9160349043071787,2.92859210867607
2009-03-27,3.05,8.5,5.45,2.954258881543034,2.925006146004212,2.9327277071520563
2009-03-30,3.0500000000000007,8.48,5.43,2.9666525153966874,2.933376610482595,2.936722431961858
2009-03-31,3.0599999999999996,8.45,5.39,2.97873629469631,2.9418562000800454,2.940921718490454
2009-04-01,3.0600000000000005,8.38,5.32,2.9892558355723424,2.9497679369291587,2.94497796190399
2009-04-02,3.0600000000000005,8.46,5.4,2.9984136278075892,2.9571498484297387,2.9488960347760864
2009-04-03,3.09,8.59,5.5,3.0102694320976484,2.9660464256542807,2.953702553834874
2009-04-06,3.1000000000000005,8.63,5.53,3.0218850035677267,2.9750168958011654,2.958685981920178
2009-04-07,3.0999999999999996,8.6,5.5,3.0319969458540097,2.983386640397805,2.9634996561503577
2009-04-08,3.0700000000000003,8.5,5.43,3.036916419806235,2.9891868779833106,2.967127448832643
2009-04-09,3.1400000000000006,8.57,5.43,3.0502605311957365,2.9992863816017628,2.9730161225535308
2009-04-10,3.1400000000000006,8.57,5.43,3.0618772548825537,3.008709551675924,2.978704206429721
2009-04-13,3.1500000000000004,8.48,5.33,3.073284694598806,3.018171350324611,2.9845391699984565
2009-04-14,3.1000000000000005,8.4,5.3,3.076742975834363,3.023651170199954,2.9884721897336934
2009-04-15,3.0599999999999996,8.35,5.29,3.074575607043858,3.026085342592801,2.990908689535331
2009-04-16,3.030000000000001,8.38,5.35,3.0688053198212977,3.0263474954885194,2.9922402830768964
2009-04-17,3.08,8.41,5.33,3.0702544648645107,3.0299404432122112,2.9952297012078137
2009-04-20,3.0,8.23,5.23,3.0611600639618675,3.0279354212982277,2.995392195096801
2009-04-21,2.95,8.24,5.29,3.046770456298037,3.022716319280567,2.9938459702936444
2009-04-22,2.9300000000000006,8.31,5.38,3.031654586506602,3.016507384742629,2.9916711421620876
2009-04-23,2.92,8.26,5.34,3.017200963177918,3.010044573891809,2.9892297599498976
2009-04-24,2.8599999999999994,8.28,5.42,2.99685138704523,2.99999653764214,2.984827719913843
2009-04-27,2.8600000000000003,8.25,5.39,2.9791360520800807,2.990621388321041,2.980575629521636
2009-04-28,2.789999999999999,8.29,5.5,2.9546524966779195,2.977186374111448,2.9740839239626706
2009-04-29,2.829999999999999,8.29,5.46,2.9385163011992312,2.9673297429506604,2.9691758965695887
2009-04-30,2.79,8.24,5.45,2.919290949667648,2.955454500553708,2.963072507764246
2009-05-01,2.7200000000000006,8.22,5.5,2.8934928484929907,2.9396868170224306,2.954792565812352
2009-05-04,2.7,8.17,5.47,2.8684453082493446,2.9236357079183737,2.9461133956581254
2009-05-05,2.740000000000001,8.13,5.39,2.8518181354492116,2.9113381739120596,2.9390924167442436
2009-05-06,2.67,8.09,5.42,2.8282818802327623,2.8951764783771994,2.9299261411714492
2009-05-07,2.59,8.19,5.6,2.7974364250598907,2.8747397225669458,2.9183470089087384
2009-05-08,2.540000000000001,8.14,5.6,2.7641114248488283,2.8523232047328384,2.9054591208450025
2009-05-11,2.540000000000001,8.05,5.51,2.7351003271432446,2.8314078540382432,2.893010241561123
2009-05-12,2.549999999999999,8.03,5.48,2.7111391940608485,2.8125628118952553,2.8813260535171756
2009-05-13,2.5599999999999996,7.97,5.41,2.691574310525794,2.7956494359335777,2.870380508522289
2009-05-14,2.58,7.97,5.39,2.677131078877607,2.7812080383323314,2.8604890823933498
2009-05-15,2.58,7.99,5.41,2.664557515430461,2.7677337379264677,2.8509345945505307
2009-05-18,2.5700000000000003,8.07,5.5,2.65231709832187,2.754492101025287,2.8413649309281293
2009-05-19,2.509999999999999,8.04,5.53,2.6338942301107733,2.7381191964267426,2.830077424915152
2009-05-20,2.4499999999999993,7.93,5.48,2.6100892256098405,2.7188247157612246,2.8171305925297507
2009-05-21,2.420000000000001,8.05,5.63,2.5854822824311707,2.698813318491832,2.803602866651936
2009-05-22,2.3899999999999997,8.11,5.72,2.5601772110848677,2.6781330143788424,2.7895140346465634
2009-05-25,2.3899999999999997,8.11,5.72,2.538147866970095,2.658837608366409,2.775905119980455
2009-05-26,2.3499999999999996,8.12,5.77,2.5137922315737806,2.638155677633183,2.7613972280642165
2009-05-27,2.3099999999999996,8.19,5.88,2.487411441991929,2.616180073591877,2.7460209813632006
2009-05-28,2.3000000000000007,8.05,5.75,2.463151136394213,2.595006439927757,2.730827869361427
2009-05-29,2.3999999999999995,7.76,5.36,2.4549762573607725,2.5819474420147377,2.7195586576370054
2009-06-01,2.2699999999999996,7.97,5.7,2.4310311850418294,2.5610572550252653,2.7042450393942707
2009-06-02,2.17,7.79,5.62,2.3972408451760194,2.5348693205183954,2.6860466920988113
2009-06-03,2.09,7.66,5.57,2.3574686908355607,2.5050777529662254,2.665743153633724
2009-06-04,2.05,7.77,5.72,2.317667042002819,2.4746025572319255,2.6447686813815667
2009-06-05,2.01,7.79,5.78,2.2778397167232063,2.4434895138497543,2.6231461298101757
2009-06-08,1.96,7.72,5.76,2.2366955444312677,2.411111667483913,2.6005569381695604
2009-06-09,1.9299999999999997,7.71,5.78,2.1969939789650517,2.3788930583757772,2.57771530719059
2009-06-10,1.88,7.75,5.87,2.1559592869495057,2.3454836827132985,2.5539485624623492
2009-06-11,1.8600000000000003,7.67,5.81,2.1176475239666113,2.312972292824295,2.5303101268875556
2009-06-12,1.8399999999999999,7.6,5.76,2.0817062083869073,2.281298753287875,2.50679562978541
2009-06-15,1.8399999999999999,7.52,5.68,2.0504174758633926,2.251746295941649,2.4840821227780494
2009-06-16,1.7800000000000002,7.41,5.63,2.0154120859379923,2.220154857748845,2.4600985009378418
2009-06-17,1.7599999999999998,7.35,5.59,1.9823491352859572,2.189339663495599,2.4362505758816866
2009-06-18,1.8499999999999996,7.47,5.62,1.965216614274945,2.166615101378392,2.416280729097233
2009-06-19,1.7999999999999998,7.33,5.53,1.943829416622932,2.142063984781651,2.3952879450513085
2009-06-22,1.75,7.23,5.48,1.9187383078244526,2.1158086325946655,2.373307068742318
2009-06-23,1.75,7.18,5.43,1.896895228926212,2.09131152279979,2.352074941773861
2009-06-24,1.75,7.24,5.49,1.877879724287227,2.068454911163871,2.3315660589946834
2009-06-25,1.7800000000000002,7.19,5.41,1.8652092491135148,2.0491379486867105,2.3127776941848692
2009-06-26,1.8099999999999996,7.17,5.36,1.8580624429149264,2.0331235956531373,2.2956512401862312
2009-06-29,1.83,7.2,5.37,1.8544297754870547,2.0195210161039596,2.27978944950479
2009-06-30,1.7999999999999998,7.17,5.37,1.847383871710337,2.004820350360677,2.2634460595115296
2009-07-01,1.75,7.2,5.45,1.8347775843733913,1.9877557938014798,2.2459562018254946
2009-07-02,1.7399999999999993,7.14,5.4,1.8225086794641017,1.9711643294611711,2.2287214761880767
2009-07-03,1.7399999999999993,7.14,5.4,1.8118279773842931,1.9556839458537567,2.2120738285758423
2009-07-06,1.75,7.18,5.43,1.8038243805393563,1.9419099073110253,2.1963338976667974
2009-07-07,1.75,7.13,5.38,1.7968568447976017,1.9290582749239573,2.181130126586984
2009-07-08,1.75,6.99,5.24,1.7907912526328311,1.91706727791172,2.166444251764335
2009-07-09,1.7600000000000007,7.15,5.39,1.7868053423241044,1.9065489521825152,2.1525992684618473
2009-07-10,1.75,7.03,5.28,1.7820409114925557,1.8960653371768048,2.138885259405865
2009-07-13,1.7700000000000005,7.08,5.31,1.7804822222824432,1.8876231186751704,2.1263196732649905
2009-07-14,1.75,7.18,5.43,1.7765363157784986,1.8784069101221192,2.1135008436957823
2009-07-15,1.75,7.26,5.51,1.7731012046487757,1.8698078834852387,2.101118670520588
2009-07-16,1.7400000000000002,7.19,5.45,1.768816272352772,1.8611150378532937,2.088817642908878
2009-07-17,1.7100000000000009,7.23,5.52,1.7612025390276842,1.8509953158344565,2.0759137233233647
2009-07-20,1.7000000000000002,7.16,5.46,1.7532799048257035,1.840883611241068,2.063108721899441
2009-07-21,1.71,7.05,5.34,1.7476773455254189,1.8321187273393942,2.05108054254289
2009-07-22,1.6800000000000006,7.11,5.43,1.73891655126954,1.821931791238247,2.0384401769993192
2009-07-23,1.6500000000000004,7.2,5.55,1.7274063537940467,1.8104180335193034,2.02520847857764
2009-07-24,1.6100000000000003,7.11,5.5,1.7122081674299514,1.7969966373724398,2.011064953535756
2009-07-27,1.58,7.15,5.57,1.6950938946284926,1.7824650217210354,1.9963812987464873
2009-07-28,1.54,7.04,5.5,1.675017077332624,1.7662278645594147,1.9808352763011352
2009-07-29,1.5099999999999998,6.92,5.41,1.6536557096253959,1.7490690509849587,1.964796898318634
2009-07-30,1.4699999999999998,6.8,5.33,1.6298815814669378,1.7303806314858339,1.9479422995253015
2009-07-31,1.4500000000000002,6.63,5.18,1.6065960120726404,1.7116043793642068,1.9309805568198657
2009-08-03,1.4100000000000001,6.7,5.29,1.5811467690516086,1.691406836338788,1.9132340464958029
2009-08-04,1.4100000000000001,6.69,5.28,1.5589919162041896,1.672561862348088,1.896092047462151
2009-08-05,1.3899999999999997,6.75,5.36,1.5371160078440487,1.653639539720848,1.878852694423649
2009-08-06,1.3800000000000008,6.69,5.31,1.5167774291314748,1.6353147183484982,1.8618599403258473
2009-08-07,1.2800000000000002,6.74,5.46,1.4861267243062135,1.6115203545977574,1.8420396547067788
2009-08-10,1.2800000000000002,6.65,5.37,1.459443735955159,1.5893194282056888,1.8228945207776537
2009-08-11,1.2800000000000002,6.59,5.31,1.4362148454157246,1.5686052314392085,1.8044015403933802
2009-08-12,1.29,6.69,5.4,1.4172874160389148,1.5499478725475293,1.7868791355208673
2009-08-13,1.29,6.58,5.29,1.4008101317331854,1.53253994116665,1.7699536080843774
2009-08-14,1.2600000000000007,6.57,5.31,1.382582339498126,1.514288756619985,1.752582716115003
2009-08-17,1.3199999999999994,6.56,5.24,1.3744810909024827,1.5012778198111112,1.7378473607604645
2009-08-18,1.2999999999999998,6.58,5.28,1.364839555640066,1.4877988463483676,1.7229326722823954
2009-08-19,1.3399999999999999,6.55,5.21,1.361624089154485,1.4779011997541063,1.709888579689838
2009-08-20,1.33,6.51,5.18,1.3575303686271638,1.4679966988584567,1.696948180066076
2009-08-21,1.3200000000000003,6.62,5.3,1.3526720835490886,1.4580858026734778,1.684107941247927
2009-08-24,1.33,6.53,5.2,1.3497371951047559,1.4495082796418282,1.6720457248121576
2009-08-25,1.3200000000000003,6.46,5.14,1.3458877319492921,1.4408354975830002,1.660053755038742
2009-08-26,1.3099999999999996,6.42,5.11,1.3412420852638767,1.4320738357090734,1.6481296390684796
2009-08-27,1.29,6.43,5.14,1.334608826190936,1.4225595759507457,1.6359304288409873
2009-08-28,1.29,6.41,5.12,1.3288342387684982,1.4136824577061748,1.6241467684980608
2009-08-31,1.2599999999999998,6.38,5.12,1.319923685333976,1.403390803260321,1.6117425927528626
2009-09-01,1.25,6.39,5.14,1.3108721036552338,1.3931186800402113,1.5994203120594557
2009-09-02,1.2400000000000002,6.28,5.04,1.301697749759045,1.3828647800980856,1.5871771367717329
2009-09-03,1.2400000000000002,6.33,5.09,1.29371101080684,1.3732975531601648,1.5753510089799265
2009-09-04,1.2400000000000002,6.45,5.21,1.2867581507130987,1.3643710147895651,1.5639277225153132
2009-09-07,1.2400000000000002,6.45,5.21,1.2807053344419732,1.3560422599895765,1.5528935551234275
2009-09-08,1.2000000000000002,6.45,5.25,1.2702580743594618,1.3455925766442387,1.5408727051371613
2009-09-09,1.2300000000000004,6.49,5.26,1.2650466893108467,1.3378516875858217,1.5302832395631256
2009-09-10,1.2200000000000006,6.32,5.1,1.2592154207541832,1.3299595126258605,1.5197138533505141
2009-09-11,1.21,6.31,5.1,1.25284451226041,1.3219261829286042,1.5091638625225636
2009-09-14,1.2300000000000004,6.36,5.13,1.2498873030165252,1.3157701614584354,1.4996545165335253
2009-09-15,1.2300000000000004,6.4,5.17,1.2473129028434766,1.310026390330159,1.4904690937783975
2009-09-16,1.2199999999999998,6.39,5.17,1.243777262955641,1.3039975922870084,1.481255923531935
2009-09-17,1.2000000000000002,6.29,5.09,1.2381103209255957,1.2970331846441727,1.4716753142648042
2009-09-18,1.1499999999999995,6.34,5.19,1.2267044895139796,1.2871868121237364,1.4607178721666911
2009-09-21,1.1499999999999995,6.35,5.2,1.2167751365537365,1.2779998217152078,1.450133680772033
2009-09-22,1.1399999999999997,6.3,5.16,1.2068366383739921,1.2687583864864864,1.4395693890808876
2009-09-23,1.13,6.28,5.15,1.1968901788182593,1.259466152444307,1.4290243192362997
2009-09-24,1.13,6.26,5.13,1.188231282849214,1.250796191517872,1.4188384531823623
2009-09-25,1.12,6.17,5.05,1.1793987817188005,1.2420371618535413,1.4086589184085505
2009-09-28,1.12,6.12,5.0,1.1717096428844054,1.2338646982028711,1.3988261359589718
2009-09-29,1.13,6.12,4.99,1.166310353107899,1.2269091900792926,1.3896689308872605
2009-09-30,1.13,6.17,5.04,1.1616099983515626,1.2204194715270915,1.3808236538370797
2009-10-01,1.1600000000000001,6.11,4.95,1.1614015849718586,1.2163733602659952,1.3733015895271596
2009-10-02,1.1399999999999997,6.17,5.03,1.1586311618526812,1.2112588648026998,1.3653544809201958
2009-10-05,1.1600000000000001,6.19,5.03,1.1588083571797902,1.2078262119696437,1.3583593534283211
2009-10-06,1.1500000000000004,6.21,5.06,1.15766812030458,1.2039537635432782,1.351261868947707
2009-10-07,1.1600000000000001,6.13,4.97,1.1579699808176134,1.2010103114880863,1.3447467875546528
2009-10-08,1.1600000000000001,6.23,5.07,1.1582327656572713,1.1982639736115854,1.3384536337511996
2009-10-09,1.17,6.36,5.19,1.1597560275145,1.196371219851535,1.3327154845796843
2009-10-12,1.17,6.36,5.19,1.161082103982358,1.1946052181485527,1.3271727978341277
2009-10-13,1.17,6.29,5.12,1.1622365205984255,1.19295748029656,1.3218189153467443
2009-10-14,1.17,6.41,5.24,1.1632414986338213,1.1914200865192466,1.3166474057513862
2009-10-15,1.17,6.45,5.28,1.1641163828286354,1.18998564740403,1.3116520567578462
2009-10-16,1.1600000000000001,6.36,5.2,1.1635835193902109,1.18797759830055,1.3064862309785763
2009-10-19,1.1600000000000001,6.32,5.16,1.1631196348237305,1.1861040222383772,1.301496372189483
2009-10-20,1.1499999999999995,6.26,5.11,1.1614213054860378,1.1836862438755844,1.2963358495981412
2009-10-21,1.1399999999999997,6.31,5.17,1.1586483295574086,1.180760706812243,1.2910104766401753
2009-10-22,1.13,6.32,5.19,1.154939819433695,1.1773614141295499,1.2855258687242506
2009-10-23,1.1399999999999997,6.31,5.17,1.1530058682235456,1.1748594319933394,1.2805687233991017
2009-10-26,1.1100000000000003,6.42,5.31,1.1474387828070465,1.1705159898621236,1.2747585265095258
2009-10-27,1.12,6.33,5.21,1.1438868478288344,1.1671330851415003,1.2694868829664299
2009-10-28,1.13,6.29,5.16,1.1420892031997993,1.164646393514565,1.2647354476657628
2009-10-29,1.12,6.39,5.27,1.1392297682883479,1.161656558102224,1.2598052269835611
2009-10-30,1.1099999999999994,6.27,5.16,1.1354459912484363,1.1581972729386127,1.254702311006254
2009-11-02,1.1099999999999994,6.3,5.19,1.1321520220149544,1.1549696457538297,1.2497732190803221
2009-11-03,1.13,6.37,5.24,1.1318734439773441,1.15329750327531,1.2456933035419575
2009-11-04,1.1399999999999997,6.46,5.32,1.1329254220768195,1.152407009260933,1.2420930016152578
2009-11-05,1.0999999999999996,6.43,5.33,1.1286632447357376,1.1488974686282256,1.2372527923461543
2009-11-06,1.12,6.4,5.28,1.1275417925846687,1.1469622916020343,1.2332587317950314
2009-11-09,1.12,6.41,5.29,1.126565511782846,1.1451567075921338,1.2294007236087763
2009-11-10,1.12,6.42,5.3,1.1257156099808838,1.1434720381419052,1.225674133344383
2009-11-11,1.12,6.42,5.3,1.1249757274884393,1.1419001859650078,1.222074484424988
2009-11-12,1.12,6.39,5.27,1.124331622367869,1.1404335960261436,1.2185974527623693
2009-11-13,1.12,6.36,5.24,1.1237708962923345,1.1390652192281274,1.215238861562624
2009-11-16,1.1100000000000003,6.25,5.14,1.1219882615243844,1.137118808446093,1.211654039598031
2009-11-17,1.12,6.25,5.13,1.121730882190033,1.1359724130560038,1.2085319665404546
2009-11-18,1.12,6.3,5.18,1.1215068204655325,1.1349027883357048,1.205516242752584
2009-11-19,1.0999999999999996,6.27,5.17,1.1187227746709778,1.1325654530138387,1.2019219721663739
2009-11-20,1.13,6.29,5.16,1.1201826051374024,1.1323936523001492,1.199472045763422
2009-11-23,1.1799999999999997,6.29,5.11,1.127925933207459,1.1355817069894667,1.1988087564013765
2009-11-24,1.17,6.25,5.08,1.1333723974535945,1.1378865971087917,1.197827424399236
2009-11-25,1.1700000000000008,6.23,5.06,1.1381138199710403,1.1400371356319892,1.1968795201676317
2009-11-26,1.1700000000000008,6.23,5.06,1.1422414680144277,1.1420436590237033,1.1959639050339836
2009-11-27,1.17,6.2,5.03,1.1458347943436866,1.143915811546463,1.1950794791130794
2009-11-30,1.1900000000000004,6.2,5.01,1.1515519553378073,1.1470019317846505,1.1949064534073384
2009-12-01,1.1900000000000004,6.28,5.09,1.1565290330616937,1.1498813837827289,1.1947393215923254
2009-12-02,1.1799999999999997,6.27,5.09,1.1595673365107528,1.1518983374098504,1.1942372461897335
2009-12-03,1.1800000000000006,6.32,5.14,1.1622123332897958,1.1537802216863546,1.1937522733185104
2009-12-04,1.1599999999999993,6.39,5.23,1.1619259479916304,1.1541967416333236,1.19260254698215
2009-12-07,1.1500000000000004,6.37,5.22,1.1603821407419543,1.1539156984008472,1.1911513478347862
2009-12-08,1.13,6.32,5.19,1.1564491897370504,1.1523141356236346,1.1890683084363396
2009-12-09,1.12,6.34,5.22,1.1517308626572766,1.1501501546298458,1.1867155882960467
2009-12-10,1.1100000000000003,6.42,5.31,1.1463288259931255,1.1474614188849506,1.1841023737299934
2009-12-11,1.1000000000000005,6.41,5.31,1.1403315855651635,1.144283069644807,1.1812375381346152
2009-12-14,1.08,6.35,5.27,1.1325216957983013,1.1399782247758632,1.1777890159351392
2009-12-15,1.0700000000000003,6.4,5.33,1.12442829749544,1.1352919924050588,1.17411732635081
2009-12-16,1.08,6.38,5.3,1.118677079410943,1.1315892530817224,1.1709113447035229
2009-12-17,1.0700000000000003,6.25,5.18,1.1123758589008066,1.1274648050493572,1.1674739338497906
2009-12-18,1.0600000000000005,6.28,5.22,1.1055958334692155,1.1229468888786494,1.1638129771179786
2009-12-21,1.08,6.38,5.3,1.1022824672446594,1.1200708642076451,1.1609579994336023
2009-12-22,1.1000000000000005,6.41,5.31,1.1019870031455432,1.1187267784743882,1.1588815461914965
2009-12-23,1.1000000000000005,6.4,5.3,1.101729786707624,1.1174727021418054,1.156875824569633
2009-12-24,1.0899999999999999,6.47,5.38,1.1002113724256652,1.1156329374649685,1.1545977884786132
2009-12-25,1.0899999999999999,6.47,5.38,1.0988895160171892,1.1139163763248157,1.1523973506596954
2009-12-28,1.0899999999999999,6.49,5.4,1.0977387731761938,1.1123147681490628,1.1502718678308625
2009-12-29,1.0700000000000003,6.41,5.34,1.094148004613679,1.1094810747123065,1.1475375133284837
2009-12-30,1.0600000000000005,6.36,5.3,1.0897275646518767,1.1061674751632795,1.1445556642677255
2009-12-31,1.0599999999999996,6.39,5.33,1.0858793481531133,1.103075777463296,1.1416753879325685
2010-01-01,1.0599999999999996,6.39,5.33,1.0825292811124292,1.100191121509353,1.138893224383098
2010-01-04,1.04,6.39,5.35,1.0770238896290045,1.096160302165827,1.1355245581161508
2010-01-05,1.0599999999999996,6.3,5.24,1.074820156706021,1.0937387549046564,1.132951914410386
2010-01-06,1.04,6.34,5.3,1.0703127070344858,1.0901400312501548,1.1297856309721046
2010-01-07,1.0200000000000005,6.33,5.31,1.0637997554498246,1.0854429631838172,1.1260459293498926
2010-01-08,1.0,6.32,5.32,1.0555409130449998,1.0797211035451661,1.1217523422721558
2010-01-11,0.9700000000000006,6.32,5.35,1.0444676900361896,1.0723734094754662,1.116583100400113
2010-01-12,0.9699999999999998,6.22,5.25,1.034827889508366,1.0655177684967168,1.1115899418829072
2010-01-13,0.9799999999999995,6.3,5.32,1.0277304500958455,1.0597908993700438,1.1071075053858093
2010-01-14,1.0499999999999998,6.22,5.17,1.0306132307865872,1.059135232129068,1.1051622141064243
2010-01-15,1.0599999999999996,6.18,5.12,1.0344173315078102,1.0591931430463992,1.1036238233000775
2010-01-18,1.0599999999999996,6.18,5.12,1.0377289935335061,1.0592471758428395,1.102137835732143
2010-01-19,0.9900000000000002,6.21,5.22,1.0315505022061509,1.0546098996321198,1.0983180093806835
2010-01-20,0.9199999999999999,6.16,5.24,1.0171103525315301,1.0455954773442262,1.0922438433623636
2010-01-21,0.9199999999999999,6.13,5.21,1.0045394720982088,1.0371847239499767,1.0863765857373477
2010-01-22,0.9400000000000004,6.15,5.21,0.9961848737899303,1.0306765537187257,1.0813904618676866
2010-01-25,0.9299999999999997,6.22,5.29,0.9876172791595066,1.0239345460937987,1.07623354697071
2010-01-26,0.9400000000000004,6.24,5.3,0.9814532491949373,1.0183137006351812,1.0715929322372981
2010-01-27,0.9500000000000002,6.23,5.28,0.977381643804146,1.0137389364665932,1.0674510305885034
2010-01-28,0.9500000000000002,6.25,5.3,0.9738371054376732,1.0094705305687999,1.0634502173150988
2010-01-29,0.96,6.2,5.24,0.9720458999331543,1.0061576371295204,1.059926323139824
2010-02-01,0.9500000000000002,6.25,5.3,0.9691920706051775,1.002396928168595,1.056181829025888
2010-02-02,0.9500000000000002,6.23,5.28,0.9667076678761564,0.9988880626364833,1.0525648861277919
2010-02-03,0.9499999999999993,6.31,5.36,0.9645448696809524,0.9956141753321568,1.0490711495828742
2010-02-04,0.9700000000000006,6.24,5.27,0.9652510332278995,0.9938988706359105,1.0463776959519486
2010-02-05,0.9699999999999998,6.21,5.24,0.9658657843014733,0.9922984347637748,1.0437759912395632
2010-02-08,0.9900000000000002,6.26,5.27,0.9689899449289374,0.992144515463497,1.0419441835622383
2010-02-09,1.0,6.32,5.32,0.9730041790900427,0.9926705737629355,1.0405154106898582
2010-02-10,0.9900000000000002,6.38,5.39,0.9752042785331566,0.9924917334271515,1.0387946703558926
2010-02-11,1.0,6.43,5.43,0.9784140707097057,0.9929945395782793,1.0374731814654203
2010-02-12,1.0,6.41,5.41,0.981208357097064,0.9934636743056292,1.0361967073378429
2010-02-15,1.0,6.41,5.41,0.9836409246855895,0.9939013924837223,1.034963714605083
2010-02-16,1.0,6.39,5.39,0.9857585977700363,0.9943097979848786,1.0337727221312099
2010-02-17,1.0099999999999998,6.47,5.46,0.9888966336336171,0.9953605238760145,1.0329629359439712
2010-02-18,1.0199999999999996,6.51,5.49,0.9929229468893396,0.997010555882138,1.0325213707578074
2010-02-19,1.0,6.43,5.43,0.993839067428038,0.9972107500116791,1.0314135734814003
2010-02-22,1.0,6.45,5.45,0.994636596679049,0.997397537739253,1.0303435118470348
2010-02-23,1.0099999999999998,6.34,5.33,0.9966253805848005,0.9982414869361255,1.0296505371509639
2010-02-24,1.0299999999999994,6.35,5.32,1.0009457062683043,1.0003682595492522,1.0296624411385065
2010-02-25,1.0200000000000005,6.28,5.26,1.0034122738586626,1.0016829384781647,1.0293333029217813
2010-02-26,1.0200000000000005,6.23,5.21,1.0055595456638569,1.0029095772921184,1.029015376361009
2010-03-01,1.04,6.26,5.22,1.0100178430774962,1.0053934119435006,1.0293895529675319
2010-03-02,1.0299999999999994,6.26,5.23,1.0126045220352426,1.0070412415341305,1.0294103470344547
2010-03-03,1.0099999999999998,6.26,5.25,1.0122673681248977,1.007239380737355,1.0287491593576183
2010-03-04,1.0100000000000007,6.23,5.22,1.0119738585983293,1.0074242511508802,1.0281104941603247
2010-03-05,1.0099999999999998,6.3,5.29,1.0117183437146424,1.0075967413458582,1.027493584244239
2010-03-08,1.0199999999999996,6.31,5.29,1.012790399455757,1.0084273504731212,1.0272383252553692
2010-03-09,1.0300000000000002,6.32,5.29,1.0150181725521081,1.0098720062765612,1.027332398035487
2010-03-10,1.0200000000000005,6.32,5.3,1.0156630673089937,1.010550247717954,1.027082629640614
2010-03-11,1.0099999999999998,6.29,5.28,1.0149299864358283,1.010513399274369,1.0265007325634374
2010-03-12,1.0199999999999996,6.26,5.24,1.0155862968357914,1.011148688545449,1.026279293747649
2010-03-15,1.0199999999999996,6.27,5.25,1.0161576482241763,1.0117414343945363,1.026065397950845
2010-03-16,1.0099999999999998,6.21,5.2,1.015360544130136,1.0116248157426992,1.0255181515193559
2010-03-17,1.0,6.18,5.18,1.013372130345025,1.0108463366084748,1.0246489095995546
2010-03-18,0.9900000000000002,6.2,5.21,1.010346621237292,1.0094503198083886,1.0234686405398425
2010-03-19,0.9900000000000002,6.19,5.2,1.0077127625792974,1.0081477900771685,1.0223285757771607
2010-03-22,0.9799999999999995,6.17,5.19,1.0041253610738992,1.0062628167808505,1.0208867090948077
2010-03-23,0.9800000000000004,6.2,5.22,1.0010023466726052,1.00450407450722,1.0194939576848567
2010-03-24,0.9800000000000004,6.32,5.34,0.998283604726377,1.0028631099423124,1.0181486485008238
2010-03-25,0.9799999999999995,6.38,5.4,0.9959168023936311,1.0013320358653106,1.01684916548633
2010-03-26,1.0,6.35,5.35,0.9964453700237261,1.001242833408245,1.016275221055313
2010-03-29,1.0,6.37,5.37,0.9969055148718455,1.0011596045728768,1.0157208272786094
2010-03-30,0.9900000000000002,6.36,5.37,0.9960115998615349,1.0004122792389991,1.01484468147841
2010-03-31,0.9899999999999993,6.31,5.32,0.99523340164577,0.9997150000470799,1.0139983804205626
2010-04-01,1.0,6.33,5.33,0.9958504351177188,0.9997340856413391,1.0135215441943317
2010-04-02,1.0,6.4,5.4,0.9963875939542962,0.9997518931304461,1.013060950760468
2010-04-05,1.0,6.44,5.44,0.9968552178820582,0.9997685081052793,1.0126160468298346
2010-04-06,0.9900000000000002,6.44,5.45,0.9959678137887434,0.9991143403403203,1.011845661249603
2010-04-07,0.9900000000000002,6.33,5.34,0.995195283655437,0.9985039802336136,1.0111015178303773
2010-04-08,0.9900000000000002,6.34,5.35,0.9945227571127238,0.9979344941173384,1.0103827226678168
2010-04-09,0.9900000000000002,6.33,5.34,0.9939372887521332,0.9974031447826314,1.0096884123072443
2010-04-12,0.9799999999999995,6.27,5.29,0.9921331145739902,0.9962377082386867,1.0086771159956667
2010-04-13,0.9800000000000004,6.24,5.26,0.9905624897269237,0.9951503174936438,1.0077002681490062
2010-04-14,0.9700000000000006,6.28,5.31,0.9879006870145443,0.993466075969195,1.0064160586153332
2010-04-15,0.9700000000000006,6.28,5.31,0.9855834531638992,0.991894623061168,1.0051755939728069
2010-04-16,0.9699999999999998,6.22,5.25,0.9835661839299311,0.9904284056533325,1.003977384109844
2010-04-19,0.9699999999999998,6.25,5.28,0.9818100490619803,0.9890603764390562,1.0028199896735321
2010-04-20,0.9500000000000002,6.22,5.27,0.9776922561293844,0.9864446198794864,1.0010207469191
2010-04-21,0.9500000000000002,6.15,5.2,0.9741075091723762,0.984004032711579,0.999282792978039
2010-04-22,0.9499999999999993,6.18,5.23,0.9709868056896785,0.9817268843652001,0.9976040401283701
2010-04-23,0.9500000000000002,6.21,5.26,0.968270075514936,0.979602229831405,0.9959824717635888
2010-04-26,0.9400000000000004,6.21,5.27,0.9646105301639516,0.976950186971124,0.9940755032594598
2010-04-27,0.9499999999999993,6.1,5.15,0.962719205264283,0.975145413572144,0.9925741298139577
2010-04-28,0.9399999999999995,6.18,5.24,0.9597782169404618,0.9727918303640158,0.9907832619489124
2010-04-29,0.9399999999999995,6.13,5.19,0.957217937898512,0.9705958595825053,0.9890533976177612
2010-04-30,0.9400000000000004,6.07,5.13,0.9549890855363473,0.968546946394905,0.9873824588161911
2010-05-03,0.9399999999999995,6.09,5.15,0.9530487568569609,0.9666352427940791,0.9857684383243442
2010-05-04,0.9500000000000002,6.01,5.06,0.9526540969991802,0.9655212303491008,0.9845500340063918
2010-05-05,0.9500000000000002,5.98,5.03,0.9523105256376789,0.9644818199849534,0.9833731330123627
2010-05-06,1.0200000000000005,5.82,4.8,0.961072889964663,0.968199706415882,0.9846207785619431
2010-05-07,1.0499999999999998,6.0,4.95,0.972584454266441,0.9736776273686213,0.9868478348561588
2010-05-10,1.0299999999999994,6.1,5.07,0.9800168643196958,0.9774493681732939,0.9883177560157993
2010-05-11,1.0499999999999998,6.14,5.09,0.9890761418122822,0.9823078669488429,0.9904188796860546
2010-05-12,1.04,6.17,5.13,0.9956682065694704,0.9861713365111393,0.9921077946599665
2010-05-13,1.04,6.15,5.11,1.001406932257125,0.9897760810745602,0.9937391789897331
2010-05-14,1.0600000000000005,6.03,4.97,1.0089917718711923,0.9944787668475586,0.9959962658017966
2010-05-17,1.0699999999999994,6.06,4.99,1.0168892526367679,0.9995361979072289,0.9985171046618573
2010-05-18,1.1000000000000005,5.99,4.89,1.0276478920669765,1.0062639581922201,1.0019739846284101
2010-05-19,1.13,6.01,4.88,1.0408973147843605,1.0145501907511638,1.0063350207050907
2010-05-20,1.1600000000000001,5.99,4.83,1.0563150902954441,1.0242905293581004,1.0115694140155629
2010-05-21,1.1799999999999997,5.96,4.78,1.0723260321854686,1.0347179267963758,1.0173067780955323
2010-05-24,1.1899999999999995,6.02,4.83,1.0875588610337696,1.045116702706785,1.0231893432033947
2010-05-25,1.2200000000000006,5.99,4.77,1.104703291869368,1.0568281139566906,1.0298934366805994
2010-05-26,1.1900000000000004,6.08,4.89,1.1157449026895732,1.0657462367764123,1.0353472539904849
2010-05-27,1.1900000000000004,6.23,5.04,1.1253571832087994,1.0740671395897898,1.0406152942614226
2010-05-28,1.1900000000000004,6.2,5.01,1.1337251594293722,1.0818308164340427,1.0457038857413603
2010-05-31,1.1900000000000004,6.2,5.01,1.1410099058418406,1.0890745830653608,1.0506191411148893
2010-06-01,1.2599999999999998,6.21,4.95,1.1564131065039553,1.1005209469077974,1.057751421821385
2010-06-02,1.2400000000000002,6.26,5.02,1.1672333827828452,1.109861441836661,1.063959477442376
2010-06-03,1.2599999999999998,6.31,5.05,1.17924196912653,1.119915771931837,1.0706373373201803
2010-06-04,1.2700000000000005,6.15,4.88,1.1909905450994536,1.1299664637030693,1.0774283614863724
2010-06-07,1.2800000000000002,6.17,4.89,1.2025127688976485,1.1400137607980285,1.0843286951498559
2010-06-08,1.3099999999999996,6.17,4.86,1.216426930416707,1.1513972307172933,1.092015888249372
2010-06-09,1.3200000000000003,6.2,4.88,1.2298344059319557,1.162688053794766,1.0997818640424066
2010-06-10,1.3399999999999999,6.34,5.0,1.244095280028212,1.174562104396917,1.107964575611953
2010-06-11,1.3900000000000006,6.28,4.89,1.2629825638409968,1.1889893357750612,1.117571737539849
2010-06-14,1.38,6.34,4.96,1.2781304050363114,1.2017807485427725,1.126511007553116
2010-06-15,1.38,6.37,4.99,1.2913173667216127,1.2137155586634125,1.1351457732129988
2010-06-16,1.38,6.34,4.96,1.3027972836449162,1.2248511302536969,1.1434864070556323
2010-06-17,1.3899999999999997,6.25,4.86,1.3140856261561296,1.2359106560116842,1.1518835650012438
2010-06-18,1.4100000000000001,6.28,4.87,1.3265016878220237,1.2475688985839013,1.160675958342133
2010-06-21,1.3900000000000006,6.28,4.89,1.3347215085651096,1.257107083357855,1.1684875770667917
2010-06-22,1.3999999999999995,6.22,4.82,1.3431717725102348,1.2666761945159597,1.1763737400914005
2010-06-23,1.3599999999999994,6.18,4.82,1.3453501770795095,1.2729258105876267,1.1826287246096878
2010-06-24,1.37,6.22,4.85,1.3485410827714175,1.2794265786515626,1.1890112781035156
2010-06-25,1.38,6.21,4.83,1.3526134218859713,1.2861616798101756,1.1955170551052614
2010-06-28,1.37,6.15,4.78,1.3548641046290404,1.2917760813078674,1.2014605847483801
2010-06-29,1.38,6.09,4.71,1.3581179321258585,1.2976841732175795,1.2075422926634616
2010-06-30,1.3899999999999997,6.05,4.66,1.3622450478531207,1.3038662879710043,1.2137574719913002
2010-07-01,1.3600000000000003,5.98,4.62,1.361954427673161,1.3076253947395204,1.2187390293625877
2010-07-02,1.3499999999999996,6.04,4.69,1.3604069337447529,1.3104630952886234,1.2232102598913859
2010-07-05,1.3499999999999996,6.04,4.69,1.35905976203368,1.3131107635210386,1.22752918389415
2010-07-06,1.3600000000000003,6.0,4.64,1.3591814753087879,1.3162507954171578,1.232041626201037
2010-07-07,1.37,6.08,4.71,1.3605819272360324,1.319850218855347,1.236740994868188
2010-07-08,1.3600000000000003,6.11,4.75,1.3605065970831256,1.3225389295890562,1.240939649076049
2010-07-09,1.3499999999999996,6.14,4.79,1.3591465240090403,1.324377915323674,1.2446546449972633
2010-07-12,1.3399999999999999,6.13,4.79,1.3566680172612329,1.3254240796004062,1.2479024578086204
2010-07-13,1.3199999999999994,6.18,4.86,1.3519213630817182,1.3250608452159007,1.2503583647711547
2010-07-14,1.33,6.09,4.76,1.3490836549790086,1.3253916056361286,1.2530712512374775
2010-07-15,1.3399999999999999,6.02,4.68,1.3479077809587636,1.3263698861051276,1.2560323635422987
2010-07-16,1.33,6.0,4.67,1.3455896288010354,1.3266129839730478,1.2585519727808006
2010-07-19,1.33,6.03,4.7,1.343571560134319,1.3268398023039898,1.2609857548789642
2010-07-20,1.29,5.97,4.68,1.3366367518515836,1.3243727509513161,1.2619740865812612
2010-07-21,1.2699999999999996,5.88,4.61,1.3280106618606202,1.3207315704781923,1.2622474786560347
2010-07-22,1.2299999999999995,5.93,4.7,1.3153232368917889,1.3146555486301006,1.2611490111500925
2010-07-23,1.2299999999999995,5.97,4.74,1.3042781919383954,1.3089864197885326,1.2600879614799594
2010-07-26,1.21,5.95,4.74,1.2920739330985103,1.302357595376813,1.258381781635281
2010-07-27,1.1700000000000008,5.98,4.81,1.2762715312226816,1.293494003167046,1.2553711736966207
2010-07-28,1.1900000000000004,5.95,4.76,1.2651037301023247,1.2865633193810688,1.2531443915380223
2010-07-29,1.1500000000000004,5.95,4.8,1.250203617078064,1.2774180824163153,1.2496309149114242
2010-07-30,1.1499999999999995,5.85,4.7,1.2372323152916176,1.268885274612778,1.2462371201969646
2010-08-02,1.1099999999999994,5.89,4.78,1.2207621637465875,1.2582452030831073,1.2415963837463488
2010-08-03,1.13,5.86,4.73,1.2090130527755667,1.249657005482877,1.2377950012372365
2010-08-04,1.13,5.88,4.75,1.1987848576015159,1.241643933784025,1.2341231077715453
2010-08-05,1.1500000000000004,5.87,4.72,1.192469685265321,1.23550681369471,1.2312575658985956
2010-08-06,1.1499999999999995,5.8,4.65,1.1869720084307342,1.2297806781783556,1.2284896349014582
2010-08-09,1.1499999999999995,5.81,4.66,1.1821860027655646,1.2244380048275865,1.225815989795366
2010-08-10,1.1600000000000001,5.84,4.68,1.1793140372048518,1.2201227844129463,1.2235740555674908
2010-08-11,1.1799999999999997,5.75,4.57,1.1794028347022836,1.2174358815695976,1.2220897632712293
2010-08-12,1.2000000000000002,5.78,4.58,1.1820691261477696,1.2162682527409632,1.22133730484103
2010-08-13,1.2100000000000009,5.73,4.52,1.185684762034588,1.2158484866066097,1.2209511146180465
2010-08-16,1.2199999999999998,5.58,4.36,1.19012685025957,1.21612650103916,1.2209187161625428
2010-08-17,1.1600000000000001,5.63,4.47,1.1862269464638069,1.2123678771690611,1.2188436010528612
2010-08-18,1.1500000000000004,5.58,4.43,1.1815373886505658,1.2081912870108493,1.2164985352709674
2010-08-19,1.1499999999999995,5.51,4.36,1.1774548914546388,1.2042943906011097,1.2142333510385177
2010-08-20,1.1599999999999993,5.52,4.36,1.1751953655881084,1.2013281277708532,1.2123859640074381
2010-08-23,1.17,5.54,4.37,1.174522828439257,1.1992301767732865,1.2109421424712854
2010-08-24,1.1800000000000006,5.45,4.27,1.1752318452125259,1.1979423893625611,1.209888139507783
2010-08-25,1.2000000000000002,5.48,4.28,1.1784380688979588,1.1980801813915325,1.2095513131760447
2010-08-26,1.21,5.45,4.24,1.1825237431004045,1.1988784159851655,1.2095665970964316
2010-08-27,1.21,5.62,4.41,1.1860805290787881,1.199623195196011,1.2095813603903818
2010-08-30,1.1900000000000004,5.53,4.34,1.1865879023817163,1.198978758601877,1.2089143473708397
2010-08-31,1.2200000000000006,5.48,4.26,1.190913079597498,1.200386488252492,1.2092919653956529
2010-09-01,1.21,5.59,4.38,1.1933838706920137,1.2010302763750484,1.209316083653525
2010-09-02,1.2000000000000002,5.65,4.45,1.1942403249040925,1.200961281848321,1.2089987436442429
2010-09-03,1.1900000000000004,5.69,4.5,1.1936914172338162,1.2002272375940173,1.2083515766899042
2010-09-06,1.1900000000000004,5.69,4.5,1.1932135653522598,1.1995423500875038,1.2077264546178288
2010-09-07,1.1800000000000006,5.57,4.39,1.19150307676056,1.1982336573638033,1.2067819897876468
2010-09-08,1.1600000000000001,5.61,4.45,1.1874250212194668,1.1956732637075427,1.2051884234752792
2010-09-09,1.1700000000000008,5.73,4.56,1.185169362038054,1.193954002039562,1.2039897765923642
2010-09-10,1.1600000000000001,5.75,4.59,1.1819112023000318,1.1916802040976193,1.2024913233118524
2010-09-13,1.1399999999999997,5.71,4.57,1.1764858207707103,1.1882193354324344,1.2003626394295064
2010-09-14,1.1400000000000006,5.65,4.51,1.1717627518242635,1.184990230788441,1.1983064663347516
2010-09-15,1.1500000000000004,5.74,4.59,1.1689455758594864,1.1826470397071025,1.1966609707547216
2010-09-16,1.1500000000000004,5.79,4.64,1.1664930817364456,1.1804607651227388,1.1950715267948853
2010-09-17,1.1500000000000004,5.78,4.63,1.164358061596152,1.178420898806969,1.1935362251312893
2010-09-20,1.1500000000000004,5.74,4.59,1.1624994186103708,1.1765176362360312,1.1920532214785633
2010-09-21,1.0899999999999999,5.66,4.57,1.1531144097098998,1.1707238089579977,1.1885769141099576
2010-09-22,1.12,5.61,4.49,1.148827768026172,1.167326987214222,1.1862409326643668
2010-09-23,1.08,5.6,4.52,1.1399180522255992,1.161478960122382,1.1826219764793702
2010-09-24,1.0700000000000003,5.67,4.6,1.1308671997495632,1.1553528878256625,1.178785658516743
2010-09-27,1.0700000000000003,5.58,4.51,1.1229879750282399,1.1496370602642836,1.1750800196273348
2010-09-28,1.0700000000000003,5.54,4.47,1.1161287115087553,1.1443040045755817,1.1715006084021784
2010-09-29,1.0700000000000003,5.58,4.51,1.1101573757880714,1.1393280876723197,1.1680431250636385
2010-09-30,1.04,5.58,4.54,1.1010755430116834,1.1326763827845348,1.163681506168036
2010-10-01,1.04,5.61,4.57,1.0931693483724376,1.1264701226742648,1.1594684600238483
2010-10-04,1.0299999999999994,5.6,4.57,1.0849921118086745,1.120009807152692,1.155058288986989
2010-10-05,1.0300000000000002,5.61,4.58,1.077873413911885,1.1139821196353275,1.1507983445657146
2010-10-06,1.0300000000000002,5.54,4.51,1.0716762274479001,1.1083580883189517,1.146683509490005
2010-10-07,1.0300000000000002,5.59,4.56,1.066281263280827,1.1031106815553369,1.142708840802843
2010-10-08,1.04,5.62,4.58,1.0628791685532577,1.0988843480095027,1.1392102006332245
2010-10-11,1.04,5.62,4.58,1.0599174730717855,1.0949410393780008,1.1358307369915543
2010-10-12,1.0300000000000002,5.66,4.63,1.0560446730350397,1.090592132244366,1.132225753577033
2010-10-13,1.0199999999999996,5.68,4.66,1.0513787104144783,1.0858647883269226,1.1284029324210236
2010-10-14,1.0300000000000002,5.75,4.72,1.0486112483938688,1.0821236905742393,1.1250509672982034
2010-10-15,1.04,5.85,4.81,1.0474965271399652,1.0793027930310533,1.1221538191235336
2010-10-18,1.04,5.78,4.74,1.0465261059244615,1.0766708025575156,1.1193553584513418
2010-10-19,1.0499999999999998,5.75,4.7,1.046975799555709,1.0748847386969262,1.1169928603337558
2010-10-20,1.0499999999999998,5.74,4.69,1.047367280599702,1.073218282190005,1.1147108375749628
2010-10-21,1.0599999999999996,5.77,4.71,1.0490025790101087,1.072333093374718,1.1128471855995632
2010-10-22,1.0699999999999994,5.77,4.7,1.051720683329484,1.0721768530909477,1.1113876531628035
2010-10-25,1.0299999999999994,5.72,4.69,1.048908953107659,1.0693523954130553,1.1086152909158868
2010-10-26,1.0199999999999996,5.8,4.78,1.0451667054121738,1.0660474131317503,1.1055967287938988
2010-10-27,1.04,5.84,4.8,1.044497878306953,1.0643030957961122,1.1033622634006572
2010-10-28,1.04,5.85,4.81,1.0439156304937554,1.0626755901742522,1.1012039121016
2010-10-29,1.0300000000000002,5.78,4.75,1.0421142599649595,1.0604874036505132,1.098778445460507
2010-11-01,1.0300000000000002,5.79,4.76,1.0405460758364113,1.0584457534322285,1.0964355991172798
2010-11-02,1.0499999999999998,5.71,4.66,1.041769880994029,1.0578801665906545,1.094853832142771
2010-11-03,1.0499999999999998,5.83,4.78,1.042835265263358,1.0573524554078868,1.0933259459581994
2010-11-04,1.0199999999999996,5.77,4.75,1.0398792530380325,1.0548510732104657,1.0908281950538048
2010-11-05,1.0699999999999994,5.85,4.78,1.043778366765359,1.0558655515189885,1.090118710268403
2010-11-08,1.0599999999999996,5.85,4.79,1.0458782480500002,1.056142423165407,1.0890927564286121
2010-11-09,1.04,5.97,4.93,1.045117312151122,1.055061413376673,1.0874204769214553
2010-11-10,1.04,5.96,4.92,1.0444548789757213,1.0540527955796097,1.085805161393376
2010-11-11,1.0499999999999998,5.97,4.92,1.045172691768769,1.0537813919837304,1.084585506152879
2010-11-12,1.0499999999999998,6.0,4.95,1.0457975841000977,1.0535281634747533,1.0834073968473197
2010-11-15,1.0499999999999998,6.12,5.07,1.0463415844711355,1.05329189292148,1.0822694182696353
2010-11-16,1.0499999999999998,6.0,4.95,1.0468151643005756,1.0530714447003473,1.0811702034199118
2010-11-17,1.0499999999999998,6.02,4.97,1.0472274394878605,1.052865759237105,1.08010843186327
2010-11-18,1.0399999999999991,6.02,4.98,1.0462918515173454,1.0520041778293883,1.0787421914329394
2010-11-19,1.0600000000000005,5.99,4.93,1.048066363616678,1.052539634120358,1.0781037635887403
2010-11-22,1.0500000000000007,5.94,4.89,1.0483166717572894,1.0523695624207265,1.0771464462298794
2010-11-23,1.0500000000000007,5.9,4.85,1.048534577650096,1.0522108799140437,1.0762217386146453
2010-11-24,1.0499999999999998,6.03,4.98,1.0487242757478243,1.0520628239001288,1.0753285299354574
2010-11-25,1.0499999999999998,6.03,4.98,1.048889417533658,1.0519246827545508,1.0744657472229187
2010-11-26,1.0600000000000005,5.94,4.88,1.0503276761753781,1.0524654625928698,1.073972990767661
2010-11-29,1.04,5.88,4.84,1.0489907643120153,1.0516306878539154,1.072815745984712
2010-11-30,1.0499999999999998,5.84,4.79,1.0491214093033263,1.0515214855666013,1.0720385579181544
2010-12-01,1.0600000000000005,5.98,4.92,1.0505296367411427,1.0520892663144181,1.0716284804410112
2010-12-02,1.0499999999999998,6.0,4.95,1.0504610755633441,1.0519493543994587,1.0708917349974132
2010-12-03,1.0499999999999998,6.05,5.0,1.0504013895913913,1.0518188119668923,1.070180085808272
2010-12-06,1.04,5.97,4.93,1.049054935567848,1.0510273414858806,1.069152041292279
2010-12-07,1.0499999999999998,6.14,5.09,1.049177273626239,1.0509585434999011,1.068499652457281
2010-12-08,1.0899999999999999,6.16,5.07,1.0544617525600388,1.0535730330477586,1.0692320332239778
2010-12-09,1.08,6.09,5.01,1.057767664305546,1.055342767967306,1.0695988297023842
2010-12-10,1.08,6.11,5.03,1.0606456276378047,1.0569939890335183,1.0699531317461988
2010-12-13,1.0999999999999996,6.09,4.99,1.0657400289719254,1.0598739729338789,1.0709766383832346
2010-12-14,1.0899999999999999,6.24,5.15,1.068880468555962,1.0618914228433782,1.071624643916092
2010-12-15,1.0999999999999996,6.27,5.17,1.0729088743718813,1.064443440252346,1.0725912127123745
2010-12-16,1.1000000000000005,6.24,5.14,1.0764158053241153,1.066824556689889,1.073524856627109
2010-12-17,1.0899999999999999,6.06,4.97,1.0781742716729843,1.0683765467981756,1.0740860604918792
2010-12-20,1.1000000000000005,6.11,5.01,1.0809995999105684,1.0704942748563775,1.0749687844035452
2010-12-21,1.0899999999999999,6.07,4.98,1.0821646966322547,1.0718005149171512,1.0754808027874825
2010-12-22,1.0899999999999999,6.09,5.0,1.0831789722396132,1.0730192799887202,1.075975379945605
2010-12-23,1.08,6.11,5.03,1.082767456073898,1.0734867579247946,1.0761124732793403
2010-12-24,1.08,6.11,5.03,1.0824092104440293,1.0739229302619677,1.0762448967108487
2010-12-27,1.0899999999999999,6.06,4.97,1.0833918338761874,1.0749995635271778,1.076713446024895
2010-12-28,1.08,6.18,5.1,1.0829527628915219,1.0753344277987729,1.0768253981184737
2010-12-29,1.0899999999999999,6.05,4.96,1.083865023765533,1.07631653729649,1.077274173423512
2010-12-30,1.0899999999999999,6.07,4.98,1.0846591929832763,1.0772328778591618,1.077707661794173
2010-12-31,1.1000000000000005,5.98,4.88,1.086645051810174,1.0787575239202498,1.0784670206703124
2011-01-03,1.1100000000000003,6.04,4.93,1.0896683366975952,1.0808497390802936,1.0795411497062186
2011-01-04,1.1000000000000005,6.07,4.97,1.0910057646923057,1.0821321747653758,1.0802380532532019
2011-01-05,1.08,6.17,5.09,1.0895810746523913,1.0819893893998178,1.0802299442854864
2011-01-06,1.0500000000000007,6.11,5.06,1.0844573268345052,1.079847155689148,1.0792002014067252
2011-01-07,1.0500000000000007,6.07,5.02,1.0799968452854574,1.0778483809615107,1.0782055353506783
2011-01-10,1.08,6.07,4.99,1.079997253661478,1.0779924684518707,1.0782666614042486
2011-01-11,1.0599999999999996,6.05,4.99,1.0774086204393751,1.0767875666647806,1.0776444318585332
2011-01-12,1.0600000000000005,6.08,5.02,1.0751550843297064,1.0756633535458637,1.0770433977353961
2011-01-13,1.0499999999999998,6.05,5.0,1.0718987728329874,1.0739447555317638,1.076122200330183
2011-01-14,1.0599999999999996,6.09,5.03,1.07035848339229,1.073010916970051,1.075573019001128
2011-01-17,1.0599999999999996,6.09,5.03,1.0690175835520515,1.0721396147832036,1.0750425448042265
2011-01-18,1.0500000000000007,6.11,5.06,1.0665557680737696,1.070656991012645,1.0741895037951303
2011-01-19,1.0500000000000007,6.07,5.02,1.0644126332224202,1.0692736541206773,1.0733655204943817
2011-01-20,1.0499999999999998,6.17,5.12,1.0625469259703584,1.0679829551620612,1.0725696050897613
2011-01-21,1.0499999999999998,6.12,5.07,1.0609227334711302,1.0667786904515304,1.0718008014856875
2011-01-24,1.04,6.1,5.06,1.058214297408987,1.0649854016614295,1.0707175494439527
2011-01-25,1.0299999999999994,6.01,4.98,1.0545619725023978,1.0626425339722803,1.0693305602327077
2011-01-26,1.0099999999999998,6.13,5.12,1.0487934502635488,1.0591172209542346,1.0673095435442361
2011-01-27,1.0,6.09,5.09,1.0424771656120937,1.055158317518272,1.0650167333927265
2011-01-28,0.9899999999999993,6.06,5.07,1.035684026083792,1.0507948599175785,1.062461388061304
2011-01-31,0.9799999999999995,6.1,5.12,1.0284757602738412,1.0460539399343274,1.0596524504619833
2011-02-01,0.9799999999999995,6.14,5.16,1.0222006004126003,1.0416305051797181,1.0569391955891163
2011-02-02,0.9800000000000004,6.16,5.18,1.016737756460624,1.0375032946177571,1.0543183641377818
2011-02-03,0.9800000000000004,6.19,5.21,1.011982074581032,1.0336524710004285,1.051786807826949
2011-02-04,0.9699999999999998,6.25,5.28,1.0065475186748571,1.0293898554362395,1.0490008489068448
2011-02-07,0.9500000000000002,6.21,5.26,0.999227474235395,1.024073354315349,1.045628516553521
2011-02-08,0.9400000000000004,6.25,5.31,0.9915605110582298,1.0184432132853842,1.0420304215094853
2011-02-09,0.9399999999999995,6.18,5.24,0.984886031945578,1.0131901059574218,1.0385548907915267
2011-02-10,0.9400000000000004,6.25,5.31,0.9790755603943508,1.0082887835123493,1.0351977494087563
2011-02-11,0.9400000000000004,6.2,5.26,0.9740172511124139,1.0037156879689368,1.0319549645858015
2011-02-14,0.9400000000000004,6.15,5.21,0.9696137371176977,0.9994488389534829,1.0288226409184233
2011-02-15,0.8799999999999999,6.14,5.26,0.9580132893268826,0.9914497075443666,1.0237531954296424
2011-02-16,0.8800000000000008,6.15,5.27,0.9479145129681013,0.9839862540360227,1.0188564338645247
2011-02-17,0.8799999999999999,6.14,5.26,0.9391230175203624,0.9770226056819367,1.0141264739746947
2011-02-18,0.8799999999999999,6.17,5.29,0.9314695762061181,0.9705252920261135,1.0095576338827505
2011-02-21,0.8799999999999999,6.17,5.29,0.924806868558849,0.9644630840288678,1.0051444252568933
2011-02-22,0.8799999999999999,6.08,5.2,0.9190066446634414,0.9588068439658793,1.0008815467180532
2011-02-23,0.8899999999999997,6.09,5.2,0.9152517508510893,0.9541990554636908,0.997104514182345
2011-02-24,0.9100000000000001,6.05,5.14,0.9145719146617067,0.9512391769423887,0.9941374146620765
2011-02-25,0.8999999999999995,6.02,5.12,0.9126855885170517,0.9478078425464407,0.9909307487331621
2011-02-28,0.9000000000000004,5.99,5.09,0.9110434462292623,0.9446062943500262,0.9878333136176982
2011-03-01,0.9100000000000001,6.0,5.09,0.9109083727026535,0.9422888143434083,0.9851820252239356
2011-03-02,0.8999999999999995,6.06,5.16,0.9094962900009389,0.9394568589553749,0.982280412735192
2011-03-03,0.9199999999999999,6.13,5.21,0.9108559893436181,0.9381538913170432,0.9801589132413555
2011-03-04,0.9199999999999999,6.09,5.17,0.9120396763723009,0.9369381795235749,0.9781096798084632
2011-03-07,0.9099999999999993,6.1,5.19,0.9117756414148482,0.9351342102274366,0.9757896140784336
2011-03-08,0.9100000000000001,6.15,5.24,0.9115457856339081,0.9334510473584202,0.9735485783043044
2011-03-09,0.9100000000000001,6.09,5.18,0.9113456845543337,0.9318806008714982,0.9713838804356528
2011-03-10,0.9000000000000004,6.03,5.13,0.9098769920797554,0.9297456524031249,0.9689522834124247
2011-03-11,0.9000000000000004,6.03,5.13,0.9085984210187024,0.9277536750469016,0.966603515510383
2011-03-14,0.8899999999999997,6.01,5.12,0.9061908658942497,0.9252254243705191,0.9639941185548369
2011-03-15,0.9100000000000001,6.01,5.1,0.9066839561585687,0.924205823247843,0.9621548806603919
2011-03-16,0.9100000000000001,5.93,5.02,0.9071132161659273,0.923254501762178,0.9603782939606124
2011-03-17,0.9199999999999999,5.97,5.05,0.9087814030741725,0.9230365575151268,0.9590028610365622
2011-03-18,0.8999999999999995,5.97,5.07,0.9076446553927512,0.9214938681730485,0.9569930069857198
2011-03-21,0.8900000000000006,5.98,5.09,0.9053605646913256,0.9193848180365652,0.9547109792314227
2011-03-22,0.9000000000000004,5.98,5.08,0.9046666426116189,0.9180866747630532,0.9528473224306839
2011-03-23,0.9000000000000004,5.99,5.09,0.9040625483542465,0.9168754642611248,0.9510471486222025
2011-03-24,0.8999999999999995,6.01,5.11,0.9035366537582069,0.9157453649031297,0.9493082953422113
2011-03-25,0.9000000000000004,6.04,5.14,0.9030788359213904,0.9146909449184059,0.9476286737883977
2011-03-28,0.9100000000000001,6.03,5.12,0.9039747767127015,0.9143768063703546,0.9463469030214754
2011-03-29,0.9100000000000001,6.09,5.18,0.9047547384732574,0.9140837047411093,0.9451087940723513
2011-03-30,0.8999999999999995,6.06,5.16,0.9041392402562198,0.9131405611665184,0.9435722229484739
2011-03-31,0.8999999999999995,6.05,5.15,0.9036034179366701,0.9122605770956691,0.9420879930779438
2011-04-01,0.9100000000000001,6.04,5.13,0.9044314518815983,0.9121091930101718,0.9409949582362748
2011-04-04,0.9000000000000004,6.03,5.13,0.9038578029317451,0.9112982765793772,0.9395985194631746
2011-04-05,0.8999999999999995,6.05,5.15,0.903358412515316,0.9105416647960665,0.938249648521118
2011-04-06,0.8900000000000006,6.11,5.22,0.9016291735399504,0.9091660509558203,0.9366060883644028
2011-04-07,0.9300000000000006,6.15,5.22,0.9053017610440273,0.9105612381977836,0.9363810607432644
2011-04-08,0.9199999999999999,6.15,5.23,0.9072044397974168,0.9111933238392746,0.9358230616782437
2011-04-11,0.9099999999999993,6.14,5.23,0.9075663234909129,0.9111134105116305,0.9349434333990825
2011-04-12,0.9099999999999993,6.1,5.19,0.9078813615441337,0.911038848740475,0.9340937684882911
2011-04-13,0.9100000000000001,6.07,5.16,0.9081556180988247,0.9109692801480797,0.9332730462835449
2011-04-14,0.9099999999999993,6.06,5.15,0.9083943722969986,0.9109043703561999,0.9324802808900253
2011-04-15,0.9100000000000001,5.99,5.08,0.9086022198987083,0.9108438073789024,0.9317145199961103
2011-04-18,0.8200000000000003,5.98,5.16,0.8971327124421076,0.9047602693613308,0.927909113332644
2011-04-19,0.8200000000000003,5.95,5.13,0.8871479262650348,0.8990841276856681,0.9242333327900693
2011-04-20,0.8200000000000003,5.98,5.16,0.8784556650341927,0.8937881002376379,0.9206827628268413
2011-04-21,0.8100000000000005,5.99,5.18,0.8695941177563273,0.8881770618199092,0.9169125016002184
2011-04-22,0.8100000000000005,5.99,5.18,0.8618796927819063,0.8829417778593879,0.9132706693118866
2011-04-25,0.8099999999999996,5.97,5.16,0.8551638957749184,0.8780570852041578,0.9097528912007354
2011-04-26,0.8100000000000005,5.91,5.1,0.8493174549075027,0.8734995058033108,0.9063549415260779
2011-04-27,0.79,5.96,5.17,0.8416388437830189,0.8679077936915082,0.9023914650699648
2011-04-28,0.8199999999999994,5.93,5.11,0.8388377076443839,0.864699552065916,0.8995849093044215
2011-04-29,0.8100000000000005,5.9,5.09,0.8351046826339874,0.8610364866997849,0.8965333184205782
2011-05-02,0.7999999999999998,5.88,5.08,0.8305604012413493,0.856949055778397,0.8932450392141064
2011-05-03,0.8199999999999994,5.85,5.03,0.8291933632492897,0.854474688047378,0.8907500442904303
2011-05-04,0.8099999999999996,5.81,5.0,0.8267087931882162,0.8514963512365114,0.8879994013424168
2011-05-05,0.8299999999999992,5.77,4.94,0.8271348380560775,0.8500568049013281,0.8860237288125328
2011-05-06,0.8300000000000001,5.79,4.96,0.8275057316557837,0.8487136606777562,0.884115354941859
2011-05-09,0.8399999999999999,5.81,4.97,0.8291231076549695,0.8481301328894035,0.8826126240017558
2011-05-10,0.8399999999999999,5.84,5.0,0.8305311152421224,0.847585682211392,0.8811610815941107
2011-05-11,0.8399999999999999,5.8,4.96,0.8317568570402436,0.8470776917665426,0.8797589840495913
2011-05-12,0.8400000000000007,5.86,5.02,0.8328239272530537,0.8466037199221127,0.8784046470946438
2011-05-13,0.8500000000000005,5.82,4.97,0.8350473601949308,0.846831158638832,0.877437080539006
2011-05-16,0.8399999999999999,5.75,4.91,0.8356884766278941,0.8463736963804519,0.8761618361415112
2011-05-17,0.8499999999999996,5.71,4.86,0.8375410952667875,0.8466165390856322,0.8752706679604647
2011-05-18,0.8499999999999996,5.77,4.92,0.8391538934664491,0.8468431193413195,0.87440985623921
2011-05-19,0.8200000000000003,5.78,4.96,0.8366744327465313,0.8450455159412109,0.8725564567930311
2011-05-20,0.7999999999999998,5.78,4.98,0.8319269480860586,0.842028952493947,0.8700849175144546
2011-05-23,0.7999999999999998,5.75,4.95,0.8277940226406444,0.8392143992765857,0.8676975679369129
2011-05-24,0.79,5.74,4.95,0.8229016076990395,0.8359186581837197,0.8650509035393704
2011-05-25,0.7999999999999998,5.77,4.97,0.8199370074827856,0.8335132930971441,0.8628350309580637
2011-05-26,0.79,5.71,4.92,0.8160616787275393,0.8305993380300463,0.8603540024207595
2011-05-27,0.7699999999999996,5.72,4.95,0.8100990203626244,0.8265411816473243,0.857276213401975
2011-05-30,0.7699999999999996,5.72,4.95,0.8049082247643053,0.822754787857429,0.8543032651759651
2011-05-31,0.7599999999999998,5.7,4.94,0.7990948803651949,0.8185522874478746,0.8510909497696979
2011-06-01,0.7599999999999998,5.64,4.88,0.794034070123915,0.8146312159188134,0.8479880576188195
2011-06-02,0.75,5.74,4.99,0.7883338845505953,0.8103030567353917,0.8446502246547988
2011-06-03,0.75,5.72,4.97,0.7833715847888493,0.8062647414246364,0.8414260905349683
2011-06-06,0.75,5.76,5.01,0.7790516519360171,0.8024968600094735,0.8383117822592979
2011-06-07,0.75,5.76,5.01,0.7752909319575826,0.798981302340928,0.8353035587563565
2011-06-08,0.7599999999999998,5.71,4.95,0.7733115294289963,0.7963708411371567,0.8327384431000914
2011-06-09,0.7700000000000005,5.74,4.97,0.7728828538097844,0.7946048647955433,0.8306013414105625
2011-06-10,0.7700000000000005,5.7,4.93,0.7725096700080082,0.7929571506065445,0.8285370372500399
2011-06-13,0.7399999999999993,5.72,4.98,0.7683013115380425,0.7894107686536894,0.8255211407351859
2011-06-14,0.7600000000000007,5.82,5.06,0.7672267114355397,0.7874412174603489,0.8232892501487137
2011-06-15,0.7599999999999998,5.72,4.96,0.7662912177109876,0.7856035612184413,0.8211333859490547
2011-06-16,0.7599999999999998,5.68,4.92,0.7654768231221188,0.783888967317638,0.8190509583983756
2011-06-17,0.7700000000000005,5.73,4.96,0.7660623458210726,0.7829588647257328,0.8173801026855723
2011-06-20,0.7700000000000005,5.73,4.96,0.7665720729364695,0.7820910483219714,0.8157661624521839
2011-06-21,0.7599999999999998,5.74,4.98,0.7657213217968667,0.7806116769020331,0.813866562237289
2011-06-22,0.7699999999999996,5.75,4.98,0.7662751942800994,0.779901044645126,0.8123723060900402
2011-06-23,0.7700000000000005,5.69,4.92,0.766757368282372,0.7792380013045814,0.8109289497926933
2011-06-24,0.7800000000000002,5.71,4.93,0.7684716194986958,0.7792890300776665,0.809875396220255
2011-06-27,0.7800000000000002,5.82,5.04,0.7699639618606976,0.7793366416064725,0.8088577305501683
2011-06-28,0.7700000000000005,5.86,5.09,0.7699686269775302,0.7787113946489942,0.8075340935979803
2011-06-29,0.7599999999999998,5.89,5.13,0.7686781938305779,0.7774583485251768,0.805914907868803
2011-06-30,0.7600000000000007,5.9,5.14,0.7675548065276027,0.776289215151738,0.8043508775497141
2011-07-01,0.75,5.91,5.16,0.765282346711159,0.7745287050581808,0.8024994871342147
2011-07-04,0.75,5.91,5.16,0.7633040555378862,0.7728860910589586,0.8007111618728605
2011-07-05,0.7700000000000005,5.9,5.13,0.7641708417767072,0.7726928181745878,0.7996650269564876
2011-07-06,0.7699999999999996,5.85,5.08,0.7649254230251702,0.7725124881971003,0.7986545272358061
2011-07-07,0.79,5.86,5.07,0.76817131289015,0.7736835745480053,0.7983597222667347
2011-07-08,0.7799999999999994,5.76,4.98,0.7697025297734663,0.7741065666647061,0.7977343227264094
2011-07-11,0.8100000000000005,5.7,4.89,0.7749190145948823,0.7765102425186439,0.798152136722571
2011-07-12,0.8200000000000003,5.69,4.87,0.7807547227616305,0.7794226214759601,0.7988963551509484
2011-07-13,0.8199999999999994,5.68,4.86,0.7858350017934248,0.7821399671269935,0.7996152227675734
2011-07-14,0.8200000000000003,5.74,4.92,0.790257641566255,0.7846753402688169,0.800309603114159
2011-07-15,0.8300000000000001,5.74,4.91,0.7954022674787868,0.7877105971406264,0.8013209670277691
2011-07-18,0.8300000000000001,5.78,4.95,0.7998809244648892,0.7905425919398135,0.8022978801736887
2011-07-19,0.8500000000000005,5.69,4.84,0.8063688105610284,0.7945242766885795,0.8039227894930399
2011-07-20,0.8499999999999996,5.76,4.91,0.8120168434566233,0.7982393199210771,0.8054923484358096
2011-07-21,0.8399999999999999,5.8,4.96,0.8156392473083598,0.801035907737351,0.8066678057282682
2011-07-22,0.8600000000000003,5.74,4.88,0.8213817217560526,0.8049845566029283,0.8084844960516567
2011-07-25,0.8599999999999994,5.8,4.94,0.826380836121205,0.8086687762665062,0.810239303233424
2011-07-26,0.8700000000000001,5.75,4.88,0.8320273123148091,0.8127759448453251,0.8122749719513027
2011-07-27,0.8600000000000003,5.74,4.88,0.8356483609787506,0.8159383985465345,0.813900661608806
2011-07-28,0.8700000000000001,5.71,4.84,0.8400951612999062,0.8195587422686025,0.8158116110192974
2011-07-29,0.9199999999999999,5.59,4.67,0.8504387976595473,0.8262849928251547,0.8193606500313864
2011-08-01,0.9500000000000002,5.54,4.59,0.8633269392200796,0.8345698167576565,0.8238107058781892
2011-08-02,0.96,5.4,4.44,0.8758412124824798,0.8429695009003864,0.828449813197112
2011-08-03,0.9400000000000004,5.36,4.42,0.8841465313862266,0.849467343154778,0.8322496220687376
2011-08-04,0.9300000000000006,5.24,4.31,0.8900822370691984,0.8548603742672954,0.8355793587900602
2011-08-05,0.9399999999999995,5.35,4.41,0.8965440633621082,0.8605619203042906,0.8391363091656923
2011-08-08,0.9500000000000002,5.28,4.33,0.9034639042483614,0.8665513209442048,0.8429127334644497
2011-08-09,0.9699999999999998,5.21,4.24,0.9120769643638862,0.8734789695100403,0.8472417923095572
2011-08-10,0.9900000000000002,5.2,4.21,0.9221640574332371,0.8812820343450014,0.852104660939603
2011-08-11,1.0300000000000002,5.49,4.46,0.9361233594549362,0.8912412316096485,0.8581644292551595
2011-08-12,1.04,5.38,4.34,0.9495701320601857,0.9012031613114193,0.8643584163267747
2011-08-15,1.04,5.44,4.4,0.9612762275262006,0.9104979703825419,0.8703414134601386
2011-08-16,1.04,5.35,4.31,0.971466975528138,0.9191703338959348,0.8761206077471081
2011-08-17,0.9100000000000001,5.28,4.37,0.9635101101701297,0.9185562240683155,0.8772746642210367
2011-08-18,0.9300000000000006,5.2,4.27,0.9591722452847216,0.9193225795079835,0.8790706827163384
2011-08-19,0.9700000000000006,5.19,4.22,0.9605738920333822,0.9227162947549651,0.8821680690713773
2011-08-22,1.0,5.23,4.23,0.965677579501087,0.9278917532981762,0.8861818572086803
2011-08-23,1.0099999999999998,5.34,4.33,0.9714150918680237,0.9333902969499551,0.8903995576978603
2011-08-24,1.0300000000000002,5.5,4.47,0.9789988752250564,0.939859959751734,0.8951548612463864
2011-08-25,1.0300000000000002,5.48,4.45,0.985600942098437,0.9458963685899121,0.8997481816989731
2011-08-26,1.0500000000000007,5.44,4.39,0.9939373638680546,0.9528678773556005,0.9048663102160232
2011-08-29,1.0499999999999998,5.53,4.48,1.0011946405354692,0.9593725250347759,0.909810096486748
2011-08-30,1.08,5.41,4.33,1.0113959499273992,0.9674505861716656,0.9156073893803357
2011-08-31,1.0700000000000003,5.48,4.41,1.0189822111978633,0.974318013635403,0.9208665684849183
2011-09-01,1.0499999999999998,5.38,4.33,1.0229974464860996,0.9793862098567923,0.9252653272208541
2011-09-02,1.0700000000000003,5.2,4.13,1.0290819005621177,0.9854543443081943,0.930195521507573
2011-09-05,1.0700000000000003,5.2,4.13,1.0343787254853447,0.9911161139484337,0.9349577752777726
2011-09-06,1.1100000000000003,5.19,4.08,1.044167856874096,0.9990774121517861,0.9409203560449738
2011-09-07,1.13,5.3,4.17,1.0552787794528307,1.0078449062002406,0.947361102843665
2011-09-08,1.13,5.26,4.13,1.0649513993624877,1.0160252674005512,0.9535824541619273
2011-09-09,1.1399999999999997,5.21,4.07,1.0746663984404279,1.0243274843677606,0.959932520125993
2011-09-12,1.1700000000000008,5.23,4.06,1.0870072794612664,1.0340827369549592,0.9670881896640078
2011-09-13,1.17,5.32,4.15,1.0977506403855277,1.0431847094595905,0.9740001108285571
2011-09-14,1.1900000000000004,5.33,4.14,1.1096922680239145,1.0530164902637362,0.9813578600055629
2011-09-15,1.21,5.4,4.19,1.122677047425262,1.0635292062888262,0.9891462506562528
2011-09-16,1.21,5.39,4.18,1.1339809544473811,1.073337917170893,0.9966693401296128
2011-09-19,1.2400000000000002,5.28,4.04,1.1477050601740502,1.084498778282203,1.004958075689938
2011-09-20,1.25,5.3,4.05,1.1609470825121764,1.0955818999976477,1.0133051031992588
2011-09-21,1.0999999999999996,5.14,4.04,1.1530575170122304,1.0958777669378963,1.0162582496477737
2011-09-22,1.2000000000000002,5.04,3.84,1.1591341949924783,1.1028505214005726,1.022517168194545
2011-09-23,1.2200000000000002,5.15,3.93,1.16701323916523,1.110695671525399,1.0292441584201562
2011-09-26,1.2200000000000006,5.28,4.06,1.173872345508054,1.1180154554154211,1.0357420026633963
2011-09-27,1.2399999999999993,5.39,4.15,1.182432533132585,1.1261843954449953,1.0426997798991402
2011-09-28,1.2800000000000002,5.38,4.1,1.195062586759196,1.1364849663370014,1.0507830965427176
2011-09-29,1.2800000000000002,5.29,4.01,1.2060576870583024,1.1460957388109068,1.058591065746952
2011-09-30,1.2599999999999998,5.22,3.96,1.2130404890831095,1.1537235664339505,1.0654517934349452
2011-10-03,1.3100000000000005,5.11,3.8,1.2255918431543844,1.1641889316831657,1.0737820031053962
2011-10-04,1.3499999999999996,5.14,3.79,1.2416964089794167,1.176632143067694,1.083191002096652
2011-10-05,1.3600000000000003,5.28,3.92,1.257010742197077,1.188911739894757,1.0926201327518748
2011-10-06,1.3599999999999994,5.35,3.99,1.2703426436062155,1.2003690088571777,1.1017280726019334
2011-10-07,1.37,5.42,4.05,1.2832432322547884,1.2117286888766587,1.1108663992955188
2011-10-10,1.37,5.42,4.05,1.294473846969655,1.2223276451081362,1.1196934410344366
2011-10-11,1.4400000000000004,5.5,4.06,1.3133121255051154,1.2369045115403827,1.1306042583022542
2011-10-12,1.4400000000000004,5.57,4.13,1.3297117994956897,1.2505052088348942,1.1411434130794997
2011-10-13,1.4200000000000008,5.48,4.06,1.3413995561919794,1.261855767949315,1.1506422921335
2011-10-14,1.3899999999999997,5.52,4.13,1.347690856266486,1.2704372038215626,1.1587956943635673
2011-10-17,1.4400000000000004,5.44,4.0,1.3596402229254068,1.2817923170282868,1.168374545335684
2011-10-18,1.46,5.42,3.96,1.3726317395354393,1.2937263524420592,1.1783083789005115
2011-10-19,1.4199999999999995,5.39,3.97,1.3787635341702191,1.30218252086675,1.1865412827832653
2011-10-20,1.4200000000000004,5.4,3.98,1.384101571443543,1.3100724049889785,1.1944937437361638
2011-10-21,1.42,5.41,3.99,1.3887486027987306,1.3174339271744198,1.2021753146749246
2011-10-24,1.4000000000000004,5.41,4.01,1.3902050898285665,1.322963130072103,1.2089139496863839
2011-10-25,1.4100000000000001,5.28,3.87,1.3927675297998623,1.3287917288771742,1.2157636787620687
2011-10-26,1.38,5.33,3.95,1.3911147802591701,1.332220993602842,1.221358170787311
2011-10-27,1.3899999999999997,5.46,4.07,1.3909704725825718,1.3360902808132353,1.2271027305871243
2011-10-28,1.3599999999999999,5.33,3.97,1.386961362352305,1.337691443180368,1.2316296994591907
2011-10-31,1.3100000000000005,5.19,3.88,1.3769987573478362,1.3358370300705502,1.2342992795988739
2011-11-01,1.31,5.04,3.73,1.368325805949299,1.334106801459152,1.2368779240387702
2011-11-02,1.2399999999999998,5.06,3.82,1.3517141026545914,1.3278047504893928,1.236984273407385
2011-11-03,1.23,5.13,3.9,1.3359582806270367,1.3212550589356293,1.236746363415337
2011-11-04,1.2400000000000002,5.12,3.88,1.3235365352527944,1.3158136507162097,1.236857194221755
2011-11-07,1.2399999999999998,5.06,3.82,1.3127227778201267,1.3107366373270717,1.236964249724038
2011-11-08,1.2200000000000002,5.15,3.93,1.3007198664616926,1.304660276167268,1.2363863851014019
2011-11-09,1.2400000000000002,5.08,3.84,1.292859713951492,1.3003301709059423,1.2365094780907
2011-11-10,1.2499999999999996,5.18,3.93,1.287311548123182,1.2969597099249301,1.2369690147916506
2011-11-11,1.2499999999999996,5.18,3.93,1.2824815892360866,1.2938149586329584,1.237412897985573
2011-11-14,1.2799999999999998,5.17,3.89,1.2821603489073448,1.2928898121812664,1.2388635710206366
2011-11-15,1.27,5.2,3.93,1.2805861985911664,1.2913569499352027,1.2399241920958444
2011-11-16,1.2699999999999996,5.18,3.91,1.2792158211467046,1.2899267388881441,1.240948684523611
2011-11-17,1.29,5.12,3.83,1.2806118270245777,1.289931644965642,1.2426195523998025
2011-11-18,1.2500000000000004,5.15,3.9,1.2766491432597695,1.2872575421592787,1.2428709575392431
2011-11-21,1.2800000000000002,5.12,3.84,1.2770829097772678,1.2867715262720762,1.244135709028962
2011-11-22,1.3000000000000003,5.11,3.81,1.2800495141974924,1.2876573975841692,1.2460386518614461
2011-11-23,1.3199999999999998,5.04,3.72,1.2852210820806733,1.2898232849138718,1.2485580468967128
2011-11-24,1.3199999999999998,5.04,3.72,1.2897231934145006,1.2918441292484357,1.2509916220881898
2011-11-25,1.3000000000000003,5.15,3.85,1.2910535202381082,1.2923903035140805,1.2526610273533048
2011-11-28,1.27,5.16,3.89,1.2883281539026514,1.2908908918691597,1.2532516564143228
2011-11-29,1.2599999999999998,5.22,3.96,1.2846610903370925,1.288822221251922,1.2534815297705275
2011-11-30,1.25,5.32,4.07,1.2801742317174138,1.2862224132327846,1.253362936085586
2011-12-01,1.3100000000000005,5.41,4.1,1.284035160620855,1.287814727087059,1.2552922024014292
2011-12-02,1.31,5.29,3.98,1.287396294452592,1.2893004084459783,1.2571557508240732
2011-12-05,1.2599999999999998,5.29,4.03,1.2838498595679304,1.2873382477456015,1.2572526363924577
2011-12-06,1.2699999999999996,5.34,4.07,1.282057003048434,1.2861771571620848,1.2576868583934604
2011-12-07,1.2800000000000002,5.28,4.0,1.281790725162516,1.2857634914261329,1.258446925909799
2011-12-08,1.2999999999999998,5.25,3.95,1.2841479055330145,1.2867168678162852,1.259862376157769
2011-12-09,1.2999999999999998,5.35,4.05,1.2861999502323425,1.2876063994416498,1.2612296109740688
2011-12-12,1.2800000000000002,5.3,4.02,1.2853973701671737,1.2870970216258664,1.2618689993318009
2011-12-13,1.27,5.25,3.98,1.283404189272312,1.2859520852339517,1.2621459710640741
2011-12-14,1.2800000000000002,5.16,3.88,1.282963518888578,1.285553491891716,1.2627541448331139
2011-12-15,1.2900000000000005,5.19,3.9,1.283874387404829,1.2858512612378352,1.26368223868168
2011-12-16,1.3000000000000003,5.12,3.82,1.2859618388717788,1.2867987599462645,1.2649193549574131
2011-12-19,1.3200000000000003,5.08,3.76,1.290368059656263,1.2890221476699313,1.266795603932751
2011-12-20,1.3399999999999999,5.21,3.87,1.2967928863762799,1.2924359819383544,1.2692892144016412
2011-12-21,1.3800000000000003,5.28,3.9,1.307564000364626,1.2982998822769596,1.2730604301867356
2011-12-22,1.38,5.26,3.88,1.3169407997145073,1.303771094751962,1.2767031845177732
2011-12-23,1.3699999999999997,5.35,3.98,1.3238092833034223,1.3082062464102153,1.2798812165527191
2011-12-26,1.3699999999999997,5.35,3.98,1.3297886455607424,1.312344389229835,1.2829509931497605
2011-12-27,1.3800000000000003,5.32,3.94,1.336288477109043,1.316875083088863,1.2862568385972772
2011-12-28,1.3899999999999997,5.18,3.79,1.3432414034917848,1.3217720400185213,1.2897907115235963
2011-12-29,1.3900000000000006,5.19,3.8,1.3492942774708372,1.3263410623920273,1.2932042077649317
2011-12-30,1.3900000000000001,5.16,3.77,1.3545636103228618,1.3306041110055784,1.2965014277930862
2012-01-02,1.3900000000000001,5.16,3.77,1.3591508310053864,1.3345816760065468,1.2996863324027392
2012-01-03,1.42,5.26,3.84,1.367027721655638,1.3403018856323279,1.3037846576016179
2012-01-04,1.4099999999999997,5.3,3.89,1.3725904588811977,1.3449693598470565,1.307402742088211
2012-01-05,1.38,5.29,3.91,1.3735496198052608,1.3473152570226496,1.3098756712026762
2012-01-06,1.4,5.25,3.85,1.376973606622073,1.350843396651495,1.3129456366946972
2012-01-09,1.4,5.26,3.86,1.3799543602741675,1.354135267323956,1.315911027891986
2012-01-10,1.3900000000000001,5.25,3.86,1.3812547626780067,1.3565370211806027,1.3184347702681698
2012-01-11,1.4000000000000004,5.2,3.8,1.3836813230902194,1.3594476068510368,1.3212131814249242
2012-01-12,1.31,5.21,3.9,1.3741433173205944,1.356136248544559,1.3208312193011595
2012-01-13,1.3199999999999998,5.13,3.81,1.3671344953921643,1.3537163120824474,1.3208029049202934
2012-01-16,1.3199999999999998,5.13,3.81,1.3610329615143273,1.3514584315258744,1.320775555031184
2012-01-17,1.3200000000000003,5.11,3.79,1.355721267760006,1.3493517544756424,1.320749136779701
2012-01-18,1.3900000000000001,5.17,3.78,1.360158630339396,1.352073845877686,1.323108075406108
2012-01-19,1.3600000000000003,5.23,3.87,1.3601380957313172,1.3526046367078755,1.3243647497908038
2012-01-20,1.4300000000000002,5.29,3.86,1.3691816798859582,1.357787572656471,1.3279630742078714
2012-01-23,1.42,5.33,3.91,1.375760082798958,1.3619537528049008,1.3310981897748229
2012-01-24,1.4100000000000001,5.33,3.92,1.3801924207934202,1.3651712662474398,1.3337858750855673
2012-01-25,1.3900000000000001,5.32,3.93,1.3814620063971406,1.3668339722707779,1.3357007345464302
2012-01-26,1.3600000000000003,5.24,3.88,1.378683761758496,1.3663763215918834,1.3365284567322087
2012-01-27,1.3599999999999999,5.21,3.85,1.3762651593233493,1.3659493184098757,1.3373279836617091
2012-01-30,1.35,5.12,3.77,1.3728651492440043,1.3648812402689394,1.3377596390581157
2012-01-31,1.35,5.07,3.72,1.369905268554218,1.3638846881259066,1.338176590687081
2012-02-01,1.3200000000000003,5.12,3.8,1.3634450596513188,1.3609458618447743,1.3375574292806485
2012-02-02,1.3200000000000003,5.11,3.79,1.3578211211518894,1.3582038399680825,1.336959358784707
2012-02-03,1.3000000000000003,5.23,3.93,1.3503362095891907,1.3543061029243495,1.3357003873439162
2012-02-06,1.2800000000000002,5.15,3.87,1.3412312268779842,1.3493300455009476,1.3338030276706743
2012-02-07,1.2700000000000005,5.19,3.92,1.3320103846829032,1.3440175496725002,1.3316296623225015
2012-02-08,1.2699999999999996,5.18,3.91,1.3239831753159108,1.339060815797157,1.329530329776675
2012-02-09,1.3099999999999996,5.22,3.91,1.3221730611479345,1.3371146998997216,1.328865055047173
2012-02-10,1.31,5.13,3.82,1.3205972652393727,1.3352989095620602,1.3282224420172315
2012-02-13,1.3199999999999998,5.18,3.86,1.320519949590573,1.33427438735594,1.3279423554569219
2012-02-14,1.3199999999999998,5.1,3.78,1.320452642408959,1.3333184743370678,1.3276718096730753
2012-02-15,1.31,5.12,3.81,1.3190995537370525,1.3317569058687888,1.327069842961069
2012-02-16,1.29,5.16,3.87,1.3153326328974568,1.328960570800077,1.3258071080236355
2012-02-17,1.3099999999999996,5.18,3.87,1.3146423265727325,1.3276908380948413,1.325268659895269
2012-02-20,1.3099999999999996,5.18,3.87,1.3140413800128967,1.326506135590423,1.3247485532868382
2012-02-21,1.3000000000000003,5.2,3.9,1.3122237312796823,1.3247310989840126,1.3239055267080895
2012-02-22,1.3000000000000003,5.16,3.86,1.310641376151108,1.3230749312690462,1.3230912167094266
2012-02-23,1.29,5.13,3.84,1.3079693616355543,1.3208600020668324,1.32196400838796
2012-02-24,1.2899999999999996,5.1,3.81,1.3056432378939036,1.3187934000472488,1.320875196919989
2012-02-27,1.2600000000000002,5.04,3.78,1.2997347464591968,1.3148561819287048,1.3188015642354713
2012-02-28,1.2599999999999998,5.06,3.8,1.2945911059124824,1.3111826275292267,1.3167985670926496
2012-02-29,1.2800000000000002,5.08,3.8,1.292702295471225,1.3090944202475723,1.3155450728071687
2012-03-01,1.2599999999999998,5.13,3.87,1.2884690017435512,1.3058067137913576,1.3136530037172198
2012-03-02,1.25,5.08,3.83,1.283489211137288,1.302069505116589,1.311484748735651
2012-03-05,1.2500000000000004,5.11,3.86,1.279154051619909,1.298582566126772,1.3093903524785813
2012-03-06,1.2399999999999998,5.06,3.82,1.2740855816930372,1.294659466925165,1.3070266623359619
2012-03-07,1.23,5.09,3.86,1.2683787279761107,1.290329415856362,1.3044028514461328
2012-03-08,1.2299999999999995,5.14,3.91,1.2634106232581919,1.2862893353541296,1.3018684171874182
2012-03-09,1.2200000000000002,5.15,3.93,1.2577911425304547,1.2818501368724502,1.2990796783529026
2012-03-12,1.23,5.13,3.9,1.2541935947845302,1.2783778883176953,1.2967265709115119
2012-03-13,1.2499999999999996,5.22,3.97,1.2536507363019085,1.2764775060305567,1.2951348923695123
2012-03-14,1.2200000000000006,5.36,4.14,1.249294667442956,1.2726953764062283,1.2925755221095703
2012-03-15,1.25,5.36,4.11,1.2493859723451541,1.2711755349423572,1.291125243528577
2012-03-16,1.2399999999999993,5.35,4.11,1.2481709635121558,1.2690878026300279,1.2893837300493822
2012-03-19,1.2400000000000002,5.42,4.18,1.2471132368881794,1.267139879505127,1.2877015389125157
2012-03-20,1.2400000000000002,5.4,4.16,1.2461924323798634,1.265322402964617,1.286076649381221
2012-03-21,1.25,5.31,4.06,1.246685319863502,1.264296307475609,1.2848477462632055
2012-03-22,1.2599999999999998,5.3,4.04,1.248408897707064,1.2640085966165293,1.2840013408075368
2012-03-23,1.2699999999999996,5.26,3.99,1.2512038537367003,1.2644098229776166,1.2835244037396576
2012-03-26,1.2599999999999998,5.27,4.01,1.2523425099156493,1.2641145103249534,1.2827230761884307
2012-03-27,1.2600000000000002,5.24,3.98,1.253333767693634,1.2638389738772002,1.2819490447953323
2012-03-28,1.25,5.24,3.99,1.2529022133435914,1.262912219196444,1.280860743042259
2012-03-29,1.25,5.21,3.96,1.252526523461069,1.262047526504237,1.2798095128421327
2012-03-30,1.2599999999999998,5.3,4.04,1.2534939607892532,1.261910409779499,1.2791347281125194
2012-04-02,1.2699999999999996,5.3,4.03,1.2556306582672965,1.2624521454362592,1.2788235657387335
2012-04-03,1.2600000000000007,5.36,4.1,1.2561962670933617,1.2622879325920762,1.2781823659869478
2012-04-04,1.2599999999999998,5.33,4.07,1.2566886581754981,1.2621347165908194,1.2775630078526004
2012-04-05,1.2600000000000007,5.28,4.02,1.257117309509414,1.2619917610068154,1.276964747330019
2012-04-06,1.2600000000000002,5.2,3.94,1.2574904721696119,1.2618583787306152,1.276386865757096
2012-04-09,1.2599999999999998,5.17,3.91,1.2578153291336482,1.2617339286664342,1.2758286689519935
2012-04-10,1.2800000000000002,5.15,3.87,1.2606871222807583,1.2629571528200183,1.2759707598007586
2012-04-11,1.23,5.21,3.98,1.2567146915874512,1.2607501108881976,1.2744048269598307
2012-04-12,1.2400000000000002,5.23,3.99,1.2545509841767766,1.2593605380367354,1.2732328722508734
2012-04-13,1.2399999999999998,5.17,3.93,1.2526673674716058,1.2580640207221774,1.272100838621637
2012-04-16,1.2399999999999998,5.14,3.9,1.2510275838878855,1.256854327293596,1.271007366213593
2012-04-17,1.23,5.17,3.94,1.2483055749983551,1.2550559733304525,1.2696105047792348
2012-04-18,1.2400000000000002,5.15,3.91,1.2472304229933162,1.2540477198370104,1.2686018622840656
2012-04-19,1.1999999999999997,5.13,3.93,1.2411164713415457,1.250428305725269,1.2662650310120782
2012-04-20,1.21,5.16,3.95,1.2370884616541702,1.2477209430336125,1.2643484375026495
2012-04-23,1.2000000000000002,5.12,3.92,1.2322873811848245,1.2445252142376089,1.2621564934933591
2012-04-24,1.2000000000000002,5.15,3.95,1.2281077978778057,1.2415434938389334,1.2600392151438164
2012-04-25,1.1999999999999997,5.18,3.98,1.2244692592755373,1.238761450335431,1.2579940590675471
2012-04-26,1.1999999999999997,5.17,3.97,1.2213017274457578,1.2361657119627725,1.2560185685151573
2012-04-27,1.2000000000000002,5.15,3.95,1.2185442308270849,1.233743802423684,1.254110370423156
2012-04-30,1.2000000000000002,5.15,3.95,1.2161436905924121,1.2314840809211969,1.2522671725633068
2012-05-01,1.2000000000000002,5.2,4.0,1.2140538989389027,1.2293756862076912,1.250486760789082
2012-05-02,1.2000000000000002,5.15,3.95,1.2122346296377684,1.2274084843808086,1.2487669963759127
2012-05-03,1.1899999999999995,5.14,3.95,1.20935636935584,1.2249033500906839,1.2467651767412888
2012-05-04,1.1899999999999995,5.1,3.91,1.2068506982460943,1.2225659771497672,1.2448315464322506
2012-05-07,1.1999999999999997,5.1,3.9,1.205963879217109,1.2210548011669986,1.2433044193807918
2012-05-08,1.2100000000000004,5.07,3.86,1.2064863527789231,1.2203144942036894,1.2421699485936555
2012-05-09,1.2199999999999998,5.09,3.87,1.2082356867995063,1.2202934334676894,1.2414147587570081
2012-05-10,1.2099999999999995,5.1,3.89,1.2084640761494794,1.2196041130215434,1.240344656747804
2012-05-11,1.2199999999999998,5.06,3.84,1.209957394993788,1.21963062438818,1.23965164305221
2012-05-14,1.2200000000000002,5.0,3.78,1.2112574045548816,1.2196553603679028,1.2389822359471934
2012-05-15,1.2400000000000002,5.0,3.76,1.2149781173446597,1.221017780022326,1.2390169047271202
2012-05-16,1.2799999999999998,5.01,3.73,1.223395163427819,1.2249676428467489,1.2404129394041374
2012-05-17,1.2999999999999998,4.93,3.63,1.2333116163708804,1.2299923353432438,1.2424426934366102
2012-05-18,1.2600000000000002,4.98,3.72,1.236766412598207,1.2320018588762733,1.2430407597523512
2012-05-21,1.27,5.0,3.73,1.2410684817670181,1.2345464807144915,1.243959090444583
2012-05-22,1.31,5.13,3.82,1.2499916279734207,1.2395993771790619,1.2462086862651827
2012-05-23,1.3499999999999996,5.06,3.71,1.2629376553979328,1.2469925766218535,1.2497441994367036
2012-05-24,1.37,5.13,3.76,1.2767968155988667,1.2552300157842533,1.253840553471971
2012-05-25,1.3600000000000003,5.12,3.76,1.2875674209515622,1.2622461482039178,1.2574567339400222
2012-05-28,1.3600000000000003,5.12,3.76,1.2969437775083916,1.2687924312244556,1.2609497340260614
2012-05-29,1.37,5.12,3.75,1.3064008643576435,1.2755699993391867,1.2646643864168556
2012-05-30,1.35,5.03,3.68,1.3120447479073225,1.2805543538233548,1.2675712306889484
2012-05-31,1.3600000000000003,4.99,3.63,1.318252528277712,1.2858745910832299,1.2707196938846415
2012-06-01,1.3399999999999999,4.88,3.54,1.3210677262418957,1.289499207800233,1.2730796354441412
2012-06-04,1.3499999999999996,4.93,3.58,1.3248129927824446,1.2935507648635047,1.2756998254413527
2012-06-05,1.3499999999999996,4.97,3.62,1.3280734366790135,1.2973310012706312,1.278230762148345
2012-06-06,1.3600000000000003,5.07,3.71,1.332206312316806,1.3015277566389205,1.28101612257059
2012-06-07,1.38,5.09,3.71,1.3383931782653964,1.3067828080242074,1.2843878768130887
2012-06-08,1.38,5.09,3.71,1.3437791579019793,1.3116859443389015,1.2876447767281247
2012-06-11,1.3899999999999997,5.06,3.67,1.349762419875547,1.3169304023671453,1.2911313713864818
2012-06-12,1.3799999999999994,5.1,3.72,1.3536766575899455,1.3211539846455949,1.2941585631204726
2012-06-13,1.38,5.04,3.66,1.3570841994370901,1.3250947262538584,1.2970826375909554
2012-06-14,1.38,5.04,3.66,1.360050636911577,1.3287715681854901,1.2999071073504764
2012-06-15,1.3799999999999994,5.02,3.64,1.3626330707259744,1.3322021830123685,1.3026353653011473
2012-06-18,1.38,5.01,3.63,1.364881209937773,1.3354030598271012,1.3052706887703784
2012-06-19,1.38,5.05,3.67,1.3668383287949724,1.338389583497092,1.3078162434477771
2012-06-20,1.3900000000000001,5.03,3.64,1.3698365940855837,1.341845778695831,1.3106157238986926
2012-06-21,1.3700000000000006,4.98,3.61,1.369857746889159,1.343731182672182,1.3126385703468437
2012-06-22,1.38,5.05,3.67,1.3711706558412655,1.346159996869124,1.3149331479297008
2012-06-25,1.3900000000000001,4.99,3.6,1.373608103836117,1.3490958307298158,1.3174902004872708
2012-06-26,1.4100000000000001,5.0,3.59,1.3783190142951178,1.3531744007487758,1.3206414238691009
2012-06-27,1.4100000000000001,5.0,3.59,1.3824201000488383,1.3569798411347587,1.323685305014168
2012-06-28,1.4099999999999997,4.97,3.56,1.3859903025618654,1.3605304425622071,1.3266255003931176
2012-06-29,1.3999999999999995,5.06,3.66,1.3878038500036236,1.3631736007491821,1.3291249052130305
2012-07-02,1.4299999999999997,5.01,3.58,1.3932661178517267,1.3676487647933764,1.3325610812615287
2012-07-03,1.4299999999999997,5.06,3.63,1.3980212982037672,1.371824240489149,1.3358802085393546
2012-07-04,1.4299999999999997,5.06,3.63,1.4021609231378107,1.3757200970686647,1.3390862741573322
2012-07-05,1.44,5.05,3.61,1.4070591703230158,1.3800247298722805,1.3425237661214051
2012-07-06,1.4200000000000004,4.98,3.56,1.4087343534351824,1.382701754125242,1.3451628910683873
2012-07-09,1.4700000000000002,4.94,3.47,1.4166651568722968,1.3885478564955587,1.349415301285007
2012-07-10,1.48,4.92,3.44,1.4248638166389063,1.3946721329635978,1.3538634955094826
2012-07-11,1.4600000000000004,4.9,3.44,1.429412175782924,1.399046944788307,1.3574788944875142
2012-07-12,1.46,4.87,3.41,1.4333717523978216,1.4031287885525257,1.3609711397039528
2012-07-13,1.4599999999999995,4.89,3.43,1.436818764050335,1.4069372834508407,1.3643444262280247
2012-07-16,1.4599999999999995,4.85,3.39,1.4398195619861187,1.410490734839068,1.3676028062294983
2012-07-17,1.46,4.88,3.42,1.442431908319453,1.4138062222181065,1.3707501938463638
2012-07-18,1.4999999999999996,4.85,3.35,1.449884065359617,1.419578361664301,1.3751529167297087
2012-07-19,1.5099999999999998,4.88,3.37,1.4576660392357417,1.4256336282839834,1.379746303419672
2012-07-20,1.5,4.8,3.3,1.463146146610119,1.4306137217280668,1.3838425857855556
2012-07-23,1.5100000000000002,4.78,3.27,1.4692113515388452,1.4359299832969648,1.3881399704470485
2012-07-24,1.5000000000000004,4.73,3.23,1.4731969247390153,1.4402205606477538,1.3919503337001973
2012-07-25,1.5100000000000002,4.73,3.22,1.4779610621005201,1.4448934809534126,1.3959715387035654
2012-07-26,1.5,4.75,3.25,1.4808139901971595,1.4485837996807827,1.3995151299916215
2012-07-27,1.52,4.87,3.35,1.48588659709281,1.4533663289719687,1.4036192869731197
2012-07-30,1.5,4.79,3.29,1.4877135691491206,1.4564892464143728,1.4069023678796562
2012-07-31,1.4900000000000002,4.78,3.29,1.4880095463348293,1.4587333613333495,1.4097329782873276
2012-08-01,1.5000000000000004,4.82,3.32,1.4895617038076097,1.4614968646741868,1.4128078044238819
2012-08-02,1.4700000000000002,4.75,3.28,1.4870294522687466,1.4620662942095142,1.4147559805620527
2012-08-03,1.4700000000000002,4.86,3.39,1.4848249992651819,1.46259759075233,1.4166377946690565
2012-08-06,1.4500000000000002,4.83,3.38,1.4803169227270911,1.461753967785803,1.4177742338577914
2012-08-07,1.4500000000000002,4.9,3.45,1.4763924141574742,1.460966839725615,1.4188719617558045
2012-08-08,1.44,4.91,3.47,1.471681436644495,1.4595627531922633,1.4195916603010181
2012-08-09,1.44,4.92,3.48,1.4675802925168955,1.4582526941336735,1.4202868432717144
2012-08-10,1.4299999999999997,4.88,3.45,1.4627155448194165,1.4563606957265158,1.4206177090476082
2012-08-13,1.4299999999999997,4.89,3.46,1.4584805359710826,1.4545953987927027,1.4209373043205418
2012-08-14,1.4300000000000006,4.98,3.55,1.4547937466326017,1.4529483185135963,1.421246013005221
2012-08-15,1.4300000000000002,5.07,3.64,1.4515842100972327,1.4514115382734802,1.4215442059388073
2012-08-16,1.42,5.09,3.67,1.447495651891409,1.449308001524078,1.4214916046156354
2012-08-17,1.4099999999999997,5.06,3.65,1.4426418608752214,1.4466756622533439,1.4211001583758827
2012-08-20,1.42,5.05,3.63,1.4397108847389963,1.4448892729534628,1.421062682942836
2012-08-21,1.4200000000000004,5.03,3.61,1.4371593218125982,1.4432225128009457,1.4210264840606142
2012-08-22,1.42,4.93,3.51,1.4349380572697368,1.441667370589668,1.4209915182452095
2012-08-23,1.4099999999999997,4.88,3.47,1.4317098398036803,1.4395467015153827,1.420617106783088
2012-08-24,1.4099999999999997,4.89,3.48,1.4288995132701623,1.4375680473049426,1.420255449149859
2012-08-27,1.4099999999999997,4.84,3.43,1.4264529819233622,1.4357218976477588,1.41990611090329
2012-08-28,1.42,4.83,3.41,1.4256176470483226,1.4346690491949239,1.4199093091105979
2012-08-29,1.4399999999999995,4.85,3.41,1.4274794345363935,1.4350260470226042,1.420593671796727
2012-08-30,1.4,4.83,3.43,1.4239222372147162,1.4326804574352092,1.4198921757344134
2012-08-31,1.4200000000000004,4.78,3.36,1.4234145058166523,1.4318312851348285,1.4198958486247304
2012-09-03,1.4200000000000004,4.78,3.36,1.4229724999620648,1.4310389793630742,1.4198993964029196
2012-09-04,1.3799999999999994,4.77,3.39,1.4174097340482181,1.4276210516001144,1.4185402764877533
2012-09-05,1.3800000000000003,4.78,3.4,1.4125670650484345,1.4244320122345835,1.417227453186329
2012-09-06,1.4100000000000001,4.87,3.46,1.4122347599239324,1.4234655435491292,1.4169812595982787
2012-09-07,1.4,4.87,3.47,1.4106509771435722,1.4218941262956812,1.416402815556881
2012-09-10,1.4,4.88,3.48,1.4092722141519909,1.420427942154744,1.415844075443045
2012-09-11,1.4099999999999997,4.88,3.47,1.4093664256200567,1.4197296140642137,1.4156450047794147
2012-09-12,1.3900000000000001,4.95,3.56,1.4068594527325726,1.417738710747568,1.414771441771888
2012-09-13,1.37,4.96,3.59,1.4020880173391281,1.4145417921009138,1.41324636210581
2012-09-14,1.3600000000000003,5.03,3.67,1.396639747202595,1.410889291447694,1.4114325955410891
2012-09-17,1.3599999999999999,4.97,3.61,1.3918967525662467,1.4074813878366303,1.4096806125240362
2012-09-18,1.3200000000000003,4.91,3.59,1.382589758445708,1.4016230209970029,1.406625761637199
2012-09-19,1.3100000000000005,4.86,3.55,1.373193055104441,1.3954873013744733,1.4033343334754034
2012-09-20,1.3399999999999999,4.84,3.5,1.3688962328186904,1.391771482793729,1.4011769335721331
2012-09-21,1.33,4.83,3.5,1.3638611373904082,1.3876348313826976,1.398752385918794
2012-09-24,1.3099999999999996,4.76,3.45,1.3568888434949895,1.382435858972454,1.395729153837721
2012-09-25,1.3200000000000003,4.73,3.41,1.3521136034839056,1.3782547162762389,1.3931495408505932
2012-09-26,1.3399999999999999,4.67,3.33,1.35054550433646,1.375692912367611,1.391339072373263
2012-09-27,1.3399999999999999,4.71,3.37,1.3491803947403471,1.373302664803013,1.3895902750986366
2012-09-28,1.2999999999999998,4.72,3.42,1.342814020344335,1.3683938046287751,1.386538501436144
2012-10-01,1.29,4.7,3.41,1.335977275160694,1.363144006050738,1.3832500456771348
2012-10-02,1.2899999999999996,4.68,3.39,1.330025542789963,1.3582457707785065,1.3800736067934458
2012-10-03,1.2599999999999998,4.67,3.41,1.3209607757209192,1.3516665454153094,1.3759834589468265
2012-10-04,1.2200000000000002,4.69,3.47,1.3078914601746598,1.342849230754163,1.370670089708097
2012-10-05,1.2100000000000004,4.73,3.52,1.2952194657969303,1.3339527151939206,1.3651970766206647
2012-10-08,1.2100000000000004,4.73,3.52,1.2841878539533125,1.3256519726664937,1.359910494450833
2012-10-09,1.1799999999999997,4.67,3.49,1.2707007949476705,1.315898095780256,1.3537820825448914
2012-10-10,1.1800000000000002,4.62,3.44,1.2589596281331008,1.3067974068500077,1.3478624268463268
2012-10-11,1.1500000000000004,4.57,3.42,1.2448548656478073,1.2962971535784766,1.3411225062201018
2012-10-12,1.1400000000000001,4.54,3.4,1.2312814623540382,1.2858304007720138,1.3342715353224095
2012-10-15,1.12,4.53,3.41,1.2168761397367245,1.2747252349200597,1.3269726602224186
2012-10-16,1.0699999999999998,4.55,3.48,1.1978631061825658,1.2610153983805388,1.3182192280492946
2012-10-17,1.0399999999999996,4.6,3.56,1.1774278160109084,1.2462146583266933,1.30874205977824
2012-10-18,1.02,4.58,3.56,1.157048873906775,1.2310657393880313,1.2989064452283914
2012-10-19,1.0099999999999998,4.5,3.49,1.1380134800116037,1.216261628147511,1.2890652311066393
2012-10-22,1.0099999999999998,4.51,3.5,1.1214422071335988,1.2024489039497246,1.2795592448657107
2012-10-23,1.0499999999999994,4.52,3.47,1.1121940536632726,1.192239856908719,1.2717396142563442
2012-10-24,1.0499999999999998,4.54,3.49,1.1041430684502314,1.1827144792073092,1.2641863489719845
2012-10-25,1.0499999999999998,4.59,3.54,1.0971342787379295,1.1738269875550453,1.2568903756318144
2012-10-26,1.06,4.54,3.48,1.0923272672728999,1.1662043347161068,1.2501835666384287
2012-10-29,1.0500000000000003,4.49,3.44,1.0868480263672087,1.1584224780497137,1.2433645794698058
2012-10-30,1.0500000000000003,4.49,3.44,1.0820780701103239,1.1511617490445583,1.2367778720371607
2012-10-31,1.0500000000000003,4.45,3.4,1.077925582003995,1.1443872493401401,1.2304155320399695
2012-11-01,1.0499999999999998,4.5,3.45,1.0743106311439499,1.1380664176147617,1.2242699166997109
2012-11-02,1.0499999999999994,4.52,3.47,1.0711636336364498,1.1321688730810309,1.2183336435789573
2012-11-05,1.04,4.46,3.42,1.0671295188165655,1.1259965993773706,1.21225894500245
2012-11-06,1.0399999999999996,4.52,3.48,1.063617617887714,1.1202376643790604,1.2063911729601333
2012-11-07,1.06,4.46,3.4,1.0631493192899395,1.1162037281987849,1.2014045521961134
2012-11-08,1.0,4.42,3.42,1.0549746754796236,1.1084219121490424,1.1945439737770664
2012-11-09,1.0299999999999998,4.43,3.4,1.0517417178069242,1.1031702312944578,1.1889390019769257
2012-11-12,1.0299999999999998,4.43,3.4,1.0489272646838432,1.0982702397961082,1.1835249560925705
2012-11-13,1.0300000000000002,4.44,3.41,1.0464771409321747,1.093698386069898,1.1782953324864056
2012-11-14,1.02,4.46,3.44,1.0430496899529755,1.0887630256262315,1.1729032123478564
2012-11-15,0.9900000000000002,4.48,3.49,1.0361824374712476,1.0821491612532692,1.1666728574838499
2012-11-16,0.9900000000000002,4.48,3.49,1.0302041469549827,1.0759782075917455,1.1606547313786124
2012-11-19,0.9899999999999998,4.52,3.53,1.0249997427785003,1.0702205042362989,1.1548416047415124
2012-11-20,0.9899999999999998,4.56,3.57,1.0204690457910428,1.064848377050185,1.149226494538097
2012-11-21,0.98,4.58,3.6,1.0152303506094489,1.0591663350661773,1.14346201889095
2012-11-22,0.98,4.58,3.6,1.0106698015681757,1.0538648024358008,1.137893902446168
2012-11-23,0.9899999999999998,4.59,3.6,1.0079941073983945,1.0495879676705824,1.1328560931992209
2012-11-26,0.9899999999999998,4.56,3.57,1.0056647803316832,1.045597539735282,1.127989890229401
2012-11-27,0.9899999999999998,4.55,3.56,1.0036369833416567,1.0418743388212965,1.12328944799693
2012-11-28,1.0,4.54,3.54,1.003166177896778,1.03907013961906,1.1190897567933251
2012-11-29,1.0100000000000002,4.57,3.56,1.0040508123185747,1.0371233993331643,1.1153737592002488
2012-11-30,0.9900000000000002,4.57,3.58,1.0022319425787034,1.033967686251206,1.111103068705396
2012-12-03,0.9900000000000002,4.58,3.59,1.0006485245020962,1.0310233018339146,1.1069778536068235
2012-12-04,0.9999999999999996,4.56,3.56,1.0005645733706112,1.0289457641174466,1.1033337951892346
2012-12-05,1.0100000000000002,4.57,3.56,1.0017859840328465,1.027677022971452,1.1001545034897127
2012-12-06,1.0,4.55,3.55,1.0015547894058323,1.0258235755398868,1.0967428734261437
2012-12-07,0.9999999999999996,4.6,3.6,1.0013535227930541,1.0240942479381572,1.09344745600689
2012-12-10,0.9900000000000002,4.58,3.59,0.9998838156628886,1.0218110581479365,1.0899236558919099
2012-12-11,0.9900000000000002,4.61,3.62,0.9986043612928428,1.0196807667477206,1.086519889344981
2012-12-12,0.98,4.66,3.68,0.9961960372032489,1.0170234645051,1.0828914308713717
2012-12-13,0.9700000000000002,4.66,3.69,0.9928049749434147,1.0138744437596183,1.0790459343029657
2012-12-14,0.96,4.62,3.66,0.9885583894159049,1.010266633428418,1.074990792754035
2012-12-17,0.9699999999999998,4.68,3.71,0.9861560163598848,1.007570097446833,1.0714144209237417
2012-12-18,0.96,4.76,3.8,0.9827701347756803,1.0043844703285159,1.0676192367363666
2012-12-19,0.9699999999999998,4.71,3.74,0.9811170480223359,1.0020818452130238,1.0642939671655713
2012-12-20,0.9700000000000002,4.7,3.73,0.9796779524180346,0.9999334200131283,1.0610819684836719
2012-12-21,0.9699999999999998,4.63,3.66,0.978425146929073,0.9979288684217769,1.0579793822683663
2012-12-24,0.9700000000000002,4.65,3.68,0.9773345164049572,0.9960585556538083,1.0549824815293813
2012-12-25,0.9700000000000002,4.65,3.68,0.9763850673878403,0.9943134921368012,1.052087666231414
2012-12-26,0.9599999999999995,4.64,3.68,0.9742640296441293,0.9920156202184743,1.0489508222588286
2012-12-27,0.96,4.58,3.62,0.9724175590415693,0.9898716299083494,1.0459208307075394
2012-12-28,0.96,4.58,3.62,0.970810113018401,0.9878712162154677,1.0429940517918137
2012-12-31,0.96,4.63,3.67,0.9694107499774638,0.986004764243287,1.040166969710383
2013-01-01,0.96,4.63,3.67,0.9681925336939201,0.9842633029761234,1.0374361884230767
2013-01-02,0.94,4.71,3.77,0.964543026087987,0.9812991219911125,1.0341171541498162
2013-01-03,0.9499999999999997,4.76,3.81,0.9626604395529273,0.9792031134238431,1.0312518150790788
2013-01-04,0.9300000000000002,4.74,3.81,0.9584325640503,0.9759081281107732,1.0278028065544627
2013-01-07,0.9199999999999999,4.72,3.8,0.9534574902829029,0.9721641280224178,1.024130647211013
2013-01-08,0.9300000000000002,4.7,3.77,0.9504209313792945,0.9693405225042975,1.0209242118063255
2013-01-09,0.9400000000000004,4.69,3.75,0.9490719476823152,0.9673756754854377,1.0181676360733387
2013-01-10,0.9300000000000002,4.71,3.78,0.9466030947979938,0.9648727383088869,1.0151643227186626
2013-01-11,0.9200000000000004,4.69,3.77,0.9431593391618137,0.9618677452627891,1.0119226765314844
2013-01-14,0.9300000000000006,4.69,3.76,0.9414558701199217,0.959733657696073,1.0091320894245197
2013-01-15,0.9299999999999997,4.67,3.74,0.939972914185945,0.9577424835894984,1.0064365599588732
2013-01-16,0.9399999999999995,4.68,3.74,0.9399764204293171,0.9565543225408024,1.0041734868330694
2013-01-17,0.9400000000000004,4.73,3.79,0.9399794727914598,0.9554457290831101,1.001987502285842
2013-01-18,0.9400000000000004,4.69,3.75,0.9399821300270425,0.9544113748128813,0.9998759803972067
2013-01-21,0.9400000000000004,4.69,3.75,0.9399844432849758,0.9534462881538208,0.9978363846956539
2013-01-22,0.9399999999999995,4.68,3.74,0.9399864570929726,0.9525458304612254,0.995866265111205
2013-01-23,0.9400000000000004,4.69,3.75,0.9399882102146586,0.9517056737265508,0.9939632550322596
2013-01-24,0.9400000000000004,4.7,3.76,0.93998973639573,0.9509217797750376,0.9921250684626961
2013-01-25,0.9499999999999997,4.8,3.85,0.94128555938056,0.9508600509410414,0.9906901339865645
2013-01-28,0.9500000000000002,4.82,3.87,0.942413638809936,0.950802455902394,0.9893040786464421
2013-01-29,0.9299999999999997,4.84,3.91,0.9408067002585444,0.9494093776619232,0.9872839640180147
2013-01-30,0.94,4.87,3.93,0.9407022733644869,0.9487792597884038,0.9856732986205756
2013-01-31,0.94,4.84,3.9,0.9406113644730418,0.9481913390238532,0.9841174983994471
2013-02-01,0.9499999999999997,4.88,3.93,0.9418267180534245,0.9483124596387499,0.9829553311560612
2013-02-04,0.9499999999999997,4.85,3.9,0.9428847447974307,0.9484254691684038,0.9818327515953883
2013-02-05,0.9499999999999997,4.89,3.94,0.9438058105754076,0.9485309107879288,0.9807484112156258
2013-02-06,0.9600000000000004,4.86,3.9,0.945902139274297,0.9492989613822588,0.9800416441606447
2013-02-07,0.96,4.84,3.88,0.9477270994039689,0.950015577925938,0.9793589521861512
2013-02-08,0.9599999999999995,4.85,3.89,0.9493158194728478,0.9506842048034718,0.9786995152065225
2013-02-11,0.96,4.83,3.87,0.9506988806237302,0.9513080557392392,0.9780625410712627
2013-02-12,0.96,4.87,3.91,0.9519029052877038,0.9518901292441111,0.9774472646134297
2013-02-13,0.9499999999999997,4.89,3.94,0.9516565752701097,0.9517635529430242,0.976512310019725
2013-02-14,0.9499999999999997,4.85,3.9,0.9514421325345364,0.9516454530781634,0.9756092034117706
2013-02-15,0.9500000000000002,4.86,3.91,0.9512554492902884,0.9515352620079522,0.9747368599302553
2013-02-18,0.9500000000000002,4.86,3.91,0.9510929320868503,0.9514324501040725,0.9738942316701589
2013-02-19,0.9399999999999995,4.89,3.95,0.9496569582768132,0.950666853121198,0.9727396697112014
2013-02-20,0.9299999999999997,4.89,3.96,0.9471123761005681,0.9492828557933232,0.9712837996602983
2013-02-21,0.9500000000000002,4.86,3.91,0.9474861773877623,0.949330880795481,0.9705587953094404
2013-02-22,0.94,4.84,3.9,0.9465170959418512,0.948706019622281,0.9695178505575668
2013-02-25,0.9299999999999997,4.77,3.84,0.9443789671761946,0.947453333447923,0.9681717274945767
2013-02-26,0.9600000000000004,4.78,3.82,0.9464011010759691,0.9482935461731008,0.9678933684570856
2013-02-27,0.9599999999999995,4.81,3.85,0.9481614708814778,0.9490774923656008,0.9676244913502885
2013-02-28,0.9400000000000004,4.78,3.84,0.9471049730731955,0.9484695998575291,0.9666834997633139
2013-03-01,0.9299999999999997,4.76,3.83,0.9448907439440354,0.9472327460075581,0.9654339250934909
2013-03-04,0.9300000000000002,4.78,3.85,0.9429631455283785,0.946078720559826,0.9642269155242046
2013-03-05,0.9299999999999997,4.8,3.87,0.9412850736418195,0.9450019767440189,0.963061021131871
2013-03-06,0.9299999999999997,4.84,3.91,0.9398242272157241,0.9439973392404376,0.9619348413826262
2013-03-07,0.9299999999999997,4.89,3.96,0.9385524865365977,0.943059979305061,0.9608470234499312
2013-03-08,0.9200000000000008,4.94,4.02,0.9361508776049791,0.941515721475778,0.9594556238787336
2013-03-11,0.9200000000000008,4.94,4.02,0.9340601555967414,0.9400748779736179,0.9581116204848634
2013-03-12,0.9200000000000004,4.9,3.98,0.9322400763747744,0.938730523450461,0.9568133987805258
2013-03-13,0.9099999999999997,4.89,3.98,0.9293611110158085,0.9368065262434021,0.9552187625625559
2013-03-14,0.9100000000000001,4.92,4.01,0.9268548261008509,0.9350113733735914,0.9536784455081995
2013-03-15,0.9100000000000001,4.9,3.99,0.924672978356354,0.933336436521206,0.952190597307334
2013-03-18,0.9199999999999999,4.87,3.95,0.9240680639403946,0.9324433352638216,0.9510940673889442
2013-03-19,0.9200000000000004,4.82,3.9,0.9235414553548352,0.931610042325899,0.9500348893050184
2013-03-20,0.9200000000000004,4.86,3.94,0.92308301595404,0.9308325525232025,0.9490117907149536
2013-03-21,0.9199999999999995,4.85,3.93,0.9226839212754404,0.9301071288867031,0.9480235426187381
2013-03-22,0.9199999999999999,4.83,3.91,0.9223364891781771,0.9294302847010087,0.9470689578806128
2013-03-25,0.9199999999999999,4.84,3.92,0.9220340319701974,0.928798766745626,0.9461468898030204
2013-03-26,0.9199999999999999,4.83,3.91,0.9217707276774176,0.928209539658506,0.945256230749132
2013-03-27,0.9299999999999997,4.8,3.87,0.9228360023440586,0.9283294414313479,0.9447365475230469
2013-03-28,0.9300000000000002,4.83,3.9,0.9237633778051682,0.9284413137411531,0.9442345666154385
2013-03-29,0.9300000000000002,4.83,3.9,0.9245707050352241,0.9285456942970408,0.9437496850203528
2013-04-01,0.8799999999999994,4.77,3.89,0.9188010523749196,0.9252947343761992,0.9415781367186749
2013-04-02,0.8900000000000001,4.79,3.9,0.9150727723685075,0.9229311516005222,0.9398211960348206
2013-04-03,0.8800000000000003,4.74,3.86,0.910532621741761,0.9200561808079555,0.9377834664897682
2013-04-04,0.8700000000000001,4.66,3.79,0.9052856966891587,0.9167040681241541,0.935474512782927
2013-04-05,0.8599999999999999,4.54,3.68,0.8994234887620045,0.9129067663141864,0.9329035738049319
2013-04-08,0.8599999999999999,4.58,3.72,0.8943201403488614,0.9093637584466642,0.9304202104466375
2013-04-09,0.8599999999999994,4.6,3.74,0.8898774175131032,0.9060580152169914,0.9280214395609401
2013-04-10,0.8799999999999999,4.67,3.79,0.888598791379943,0.9043129878914211,0.9263856530391807
2013-04-11,0.8800000000000003,4.66,3.78,0.8874856826794753,0.9026848198255308,0.9248055874114478
2013-04-12,0.8700000000000001,4.57,3.7,0.8852221709062345,0.9004960152196566,0.9229387079087836
2013-04-15,0.8700000000000001,4.54,3.67,0.8832516694570123,0.8984537883103483,0.9211354211754352
2013-04-16,0.8599999999999994,4.56,3.7,0.8802417539433773,0.8958786531431273,0.9190529242974742
2013-04-17,0.8599999999999999,4.54,3.68,0.8776214702975087,0.8934759670744435,0.9170413649081791
2013-04-18,0.8699999999999997,4.52,3.65,0.8766348752606409,0.8919038517886877,0.9154389633270206
2013-04-19,0.8399999999999999,4.54,3.7,0.8718925112944341,0.8884280061066824,0.9128692352939983
2013-04-22,0.8399999999999999,4.54,3.7,0.8677640436722976,0.8851849274118807,0.9103870416314455
2013-04-23,0.8399999999999999,4.54,3.7,0.8641700038582969,0.8821590279954806,0.9079894005973587
2013-04-24,0.8300000000000001,4.53,3.7,0.8597467161066712,0.8786660939262754,0.9053327953080619
2013-04-25,0.8299999999999996,4.55,3.72,0.8558960204628725,0.8754070712024439,0.902766683747516
2013-04-26,0.8399999999999999,4.51,3.67,0.8538382895681204,0.873035965565573,0.9006286200778624
2013-04-29,0.8299999999999996,4.52,3.69,0.8507524364115433,0.8701539756953215,0.8982227499950379
2013-04-30,0.8300000000000001,4.53,3.7,0.8480660452078361,0.8674649840651021,0.8958988326793645
2013-05-01,0.8300000000000005,4.48,3.65,0.8457274058322151,0.8649560661601411,0.8936540765187381
2013-05-02,0.8299999999999996,4.47,3.64,0.8436915020064215,0.8626151629817549,0.891485784993611
2013-05-03,0.8299999999999996,4.6,3.77,0.8419191447840603,0.8604310230863272,0.8893913534377909
2013-05-06,0.8500000000000001,4.63,3.78,0.8429652069398492,0.8597324886750254,0.8880495393310808
2013-05-07,0.8499999999999996,4.64,3.79,0.8438758569388141,0.859080733023557,0.8867534323387457
2013-05-08,0.8300000000000005,4.61,3.78,0.8420796350743011,0.8571332833290527,0.8848202020871727
2013-05-09,0.8300000000000001,4.63,3.8,0.8405159331183445,0.8553162485147219,0.8829528247550018
2013-05-10,0.8299999999999996,4.72,3.89,0.8391546514997591,0.8536208950861801,0.8811490571500471
2013-05-13,0.8300000000000005,4.73,3.9,0.8379695870198951,0.8520390744050358,0.8794067324914837
2013-05-14,0.8399999999999994,4.77,3.93,0.8382324228364458,0.8512328536074647,0.8780643945177472
2013-05-15,0.8299999999999996,4.76,3.93,0.8371667403375598,0.8498109529202358,0.8764271447924682
2013-05-16,0.8299999999999996,4.68,3.85,0.8362390098378597,0.8484842726683623,0.8748456658032989
2013-05-17,0.8199999999999998,4.76,3.94,0.83413687916172,0.8465767661395123,0.8729774210834775
2013-05-20,0.8299999999999996,4.77,3.94,0.8336013624845233,0.8454666697011551,0.8715134523480315
2013-05-21,0.8300000000000001,4.75,3.92,0.8331351681395354,0.8444309131003805,0.8700993517620541
2013-05-22,0.8299999999999996,4.81,3.98,0.8327293223899005,0.8434645180206557,0.8687334206333045
2013-05-23,0.8199999999999998,4.79,3.97,0.8310815187769058,0.8418931694437818,0.8670733814224845
2013-05-24,0.8199999999999998,4.76,3.94,0.8296470224134119,0.840427049380354,0.8654698892413137
2013-05-27,0.8199999999999998,4.76,3.94,0.828398220796126,0.8390591109916218,0.8639210178903739
2013-05-28,0.8200000000000003,4.88,4.06,0.8273110758447528,0.8377827793445449,0.8624249067836702
2013-05-29,0.8399999999999999,4.88,4.04,0.8289536499290278,0.8379312599789436,0.8616610321351003
2013-05-30,0.8400000000000007,4.9,4.06,0.830383593723349,0.8380697973094419,0.8609231778613019
2013-05-31,0.8600000000000003,4.95,4.09,0.8342174208330546,0.83953839737862,0.8608917310342906
2013-06-03,0.8900000000000006,4.95,4.06,0.8414384442841052,0.8429176599484323,0.8618832655339057
2013-06-04,0.9000000000000004,5.0,4.1,0.8490192046840305,0.8467402934977645,0.8631816614392178
2013-06-05,0.9199999999999999,4.99,4.07,0.8582076286544758,0.8516462768831107,0.8651171026349891
2013-06-06,0.8600000000000003,4.96,4.1,0.858439650115518,0.8522057007297786,0.864942795333973
2013-06-07,0.8699999999999992,5.06,4.19,0.8599361308961638,0.8533973317196041,0.8651150622902762
2013-06-10,0.8700000000000001,5.11,4.24,0.861238893082717,0.854509162746849,0.865281461201643
2013-06-11,0.8700000000000001,5.11,4.24,0.8623730134380617,0.8555465377762826,0.8654421919552256
2013-06-12,0.8799999999999999,5.16,4.28,0.8646548169192915,0.8571841129879727,0.865938084340038
2013-06-13,0.8799999999999999,5.11,4.23,0.866641242225207,0.8587120246866025,0.8664170848097655
2013-06-14,0.8799999999999999,5.07,4.19,0.8683705258942175,0.860137616709579,0.8668797687650474
2013-06-17,0.8799999999999999,5.12,4.24,0.8698759547663734,0.8614677410994879,0.8673266920062647
2013-06-18,0.8899999999999997,5.12,4.23,0.8724810010860695,0.8633784611227525,0.868099028111949
2013-06-19,0.9000000000000004,5.2,4.3,0.8760433199941324,0.8658308960266803,0.8691856923253213
2013-06-20,0.8999999999999995,5.34,4.44,0.8791444987261869,0.8681190987016412,0.8702353407663602
2013-06-21,0.96,5.39,4.43,0.8896111978204915,0.8742720877964941,0.8732930545926683
2013-06-24,0.9699999999999998,5.43,4.46,0.9000174829799281,0.88068269970319,0.8765872481717065
2013-06-25,1.0200000000000005,5.48,4.46,0.9155491522224897,0.8900123625312356,0.8814724129779683
2013-06-26,1.0100000000000007,5.44,4.43,0.927775761263492,0.8980475756650849,0.8858505344263701
2013-06-27,1.0300000000000002,5.41,4.38,0.9410086313854156,0.9068840347822599,0.8907607944073295
2013-06-28,1.0299999999999994,5.35,4.32,0.9525285139240804,0.9151287426669504,0.895503792907404
2013-07-01,1.0300000000000002,5.33,4.3,0.9625571541572204,0.9228213271289504,0.900085227466662
2013-07-02,1.0099999999999998,5.29,4.28,0.9686986038271971,0.9286594220529159,0.9038293281245381
2013-07-03,1.04,5.32,4.28,0.9779285293979664,0.936115567478595,0.9084678011013866
2013-07-04,1.04,5.32,4.28,0.9859636463027809,0.9430723971504499,0.9129482706604607
2013-07-05,1.0499999999999998,5.5,4.45,0.9942531162174562,0.9502330188354245,0.9176167556889638
2013-07-08,1.08,5.44,4.36,1.0053530020222192,0.9589231253613156,0.9231481251112914
2013-07-09,1.0599999999999996,5.43,4.37,1.0124270251280008,0.9656919412806775,0.9278098023635185
2013-07-10,1.0300000000000002,5.45,4.42,1.0147018368263925,0.9699984595931859,0.9312907756429126
2013-07-11,1.0300000000000002,5.37,4.34,1.01668217543182,0.9740165832574136,0.934653174193496
2013-07-12,1.0099999999999998,5.38,4.37,1.0158171715862143,0.976426285030949,0.9372197636843258
2013-07-15,1.0,5.33,4.33,1.0137696476341302,0.9780049462007903,0.9393582890042034
2013-07-16,0.9900000000000002,5.29,4.3,1.0106926801372424,0.9788082190700784,0.9410833315902472
2013-07-17,0.9699999999999998,5.26,4.29,1.0054250356155054,0.9782183589890668,0.9420683394715463
2013-07-18,0.96,5.31,4.35,0.9995447903428247,0.9769983299884605,0.9426791576576189
2013-07-19,0.9400000000000004,5.24,4.3,0.9918367507742958,0.9745206625109992,0.9425878957124113
2013-07-22,0.9199999999999999,5.21,4.29,0.9825375238519265,0.9708695768432063,0.9418184690625838
2013-07-23,0.9200000000000008,5.23,4.31,0.9744420766164396,0.9674629934602282,0.9410752519090725
2013-07-24,0.9100000000000001,5.28,4.37,0.9661000860984135,0.9636148686908568,0.9400167147494642
2013-07-25,0.9199999999999999,5.3,4.38,0.9601324559209736,0.9606941114101152,0.9393348719622333
2013-07-26,0.9199999999999999,5.25,4.33,0.9549373321084604,0.9579689485069119,0.9386762552434316
2013-07-29,0.9299999999999997,5.3,4.37,0.9517092085141227,0.956095951695543,0.9383807101386552
2013-07-30,0.9099999999999993,5.31,4.4,0.9463099749666048,0.9530090437082285,0.9374139589636127
2013-07-31,0.9000000000000004,5.28,4.38,0.9403151747934073,0.9494591866295938,0.9361395021718569
2013-08-01,0.8900000000000006,5.4,4.51,0.9338019037587437,0.9454773827753553,0.9345678213463035
2013-08-02,0.8899999999999997,5.31,4.42,0.928131771990617,0.9417622284135223,0.9330496777394267
2013-08-05,0.9100000000000001,5.37,4.46,0.9257846243199885,0.9396352069945442,0.9322645210985225
2013-08-06,0.8900000000000006,5.36,4.47,0.9211523248591063,0.9363112856676682,0.9308248363536735
2013-08-07,0.9100000000000001,5.33,4.42,0.9197086626881563,0.934549297577684,0.930115465977928
2013-08-08,0.8999999999999995,5.31,4.41,0.9171573874049876,0.9322356344744018,0.9290896226505809
2013-08-09,0.8999999999999995,5.31,4.41,0.9149363732701017,0.9300769104677382,0.9280987233129112
2013-08-12,0.8799999999999999,5.33,4.45,0.9104138794298107,0.9267234095806347,0.9264603042228453
2013-08-13,0.8899999999999997,5.43,4.54,0.9077713142366808,0.924264152700451,0.9252183324124983
2013-08-14,0.8999999999999995,5.43,4.53,0.9067653219862936,0.9226392549812077,0.9243593034321351
2013-08-15,0.8700000000000001,5.47,4.6,0.9020060717649312,0.919114161547385,0.9225076260001485
2013-08-16,0.8799999999999999,5.54,4.66,0.8991573981708958,0.9164948031600106,0.9210596602098937
2013-08-19,0.8700000000000001,5.58,4.71,0.8953829894019227,0.9133811852832998,0.9193203807392948
2013-08-20,0.8799999999999999,5.54,4.66,0.8933916700890221,0.9111457471659217,0.9179809842232416
2013-08-21,0.8899999999999997,5.58,4.69,0.8929526203065128,0.9097296797365009,0.917027849180302
2013-08-22,0.8899999999999997,5.58,4.69,0.8925704052710342,0.9084084421066105,0.9161071814159553
2013-08-23,0.8900000000000006,5.49,4.6,0.8922376677565982,0.907175683808263,0.9152178749755028
2013-08-26,0.8600000000000003,5.46,4.6,0.8880645198248598,0.9040164693914181,0.9133369514448683
2013-08-27,0.8700000000000001,5.38,4.51,0.8857260779092057,0.9017384881977951,0.9118607357854503
2013-08-28,0.8499999999999996,5.43,4.58,0.8811013572482201,0.8982737164207806,0.9097535320291877
2013-08-29,0.8500000000000005,5.37,4.52,0.8770753040717121,0.8950409700446804,0.9077181073685667
2013-08-30,0.8499999999999996,5.34,4.49,0.8735704212110428,0.8920247110225079,0.9057520167440835
2013-09-02,0.8499999999999996,5.34,4.49,0.8705192434624002,0.8892104418438003,0.9038528983839365
2013-09-03,0.8300000000000001,5.44,4.61,0.8652740502205252,0.8852452956837371,0.9013371975454393
2013-09-04,0.8200000000000003,5.45,4.63,0.8594133499221752,0.8808760134155008,0.8985665540020766
2013-09-05,0.8100000000000005,5.53,4.72,0.8530168196090981,0.8761296588252676,0.89554965203829
2013-09-06,0.8100000000000005,5.53,4.72,0.8474483165419082,0.8717011534030479,0.8926355168306637
2013-09-09,0.8200000000000003,5.5,4.68,0.8438951474270886,0.8682388818255492,0.8901612844769701
2013-09-10,0.8399999999999999,5.57,4.73,0.8433909227867734,0.8663478083873466,0.8884526069818393
2013-09-11,0.8300000000000001,5.54,4.71,0.8416574753750805,0.8639137043954527,0.8864614966041247
2013-09-12,0.8399999999999999,5.53,4.69,0.8414429161214257,0.8623122751508161,0.8848788474661423
2013-09-13,0.8499999999999996,5.54,4.69,0.8425506258093349,0.8614877589165901,0.8836907458785751
2013-09-16,0.8399999999999999,5.56,4.72,0.8422204487350742,0.8600487879833678,0.8822024786819391
2013-09-17,0.8200000000000003,5.53,4.71,0.8393440241630116,0.857366840459545,0.8800836339080582
2013-09-18,0.8100000000000005,5.44,4.63,0.8355454567644849,0.854194824853616,0.8776963280548625
2013-09-19,0.8200000000000003,5.48,4.66,0.8335331061430179,0.8519048997282466,0.8757309793137575
2013-09-20,0.8099999999999996,5.43,4.62,0.8304867588089117,0.8490986539534958,0.873491940854966
2013-09-23,0.8200000000000003,5.42,4.6,0.8291292537882486,0.8471500041479246,0.8716698089765108
2013-09-24,0.8199999999999994,5.35,4.53,0.8279474770278331,0.8453318495903748,0.8699097455990189
2013-09-25,0.8300000000000001,5.33,4.5,0.8282131749704018,0.8443051214890998,0.8685502731522409
2013-09-26,0.8300000000000001,5.38,4.55,0.8284444784639717,0.8433471502972723,0.8672371093277256
2013-09-27,0.8300000000000001,5.37,4.54,0.8286458398505914,0.8424533315703554,0.8659686766837964
2013-09-30,0.8300000000000001,5.39,4.56,0.8288211351191392,0.8416193692096885,0.864743451512231
2013-10-01,0.8300000000000001,5.42,4.59,0.8289737385139166,0.8408412548134864,0.8635599620079029
2013-10-02,0.8200000000000003,5.4,4.58,0.8278120931181623,0.8394455783260081,0.8620761497900195
2013-10-03,0.8300000000000001,5.4,4.57,0.8280953164315767,0.8388130362023106,0.8609835183742149
2013-10-04,0.8200000000000003,5.42,4.6,0.8270473822795695,0.8375531834477322,0.8595874692848131
2013-10-07,0.8199999999999994,5.39,4.57,0.8261351026132423,0.8363776992632319,0.8582389747523975
2013-10-08,0.8100000000000005,5.37,4.56,0.8240464226687989,0.8346112636534315,0.8565957781834291
2013-10-09,0.7999999999999998,5.39,4.59,0.8209336267995795,0.8322934508674305,0.8546679182111464
2013-10-10,0.7999999999999998,5.39,4.59,0.8182237806022047,0.8301308550698856,0.8528057282268384
2013-10-11,0.7999999999999998,5.38,4.58,0.8158647224686342,0.8281130818434173,0.8510069712696353
2013-10-14,0.7999999999999998,5.38,4.58,0.8138110430816061,0.8262304328536827,0.8492694865777666
2013-10-15,0.79,5.41,4.62,0.8107287169673605,0.8238041891501451,0.8472505502821883
2013-10-16,0.7799999999999994,5.35,4.57,0.8067509018653027,0.8208707536446039,0.8449597496577528
2013-10-17,0.7699999999999996,5.27,4.5,0.8019935183204798,0.8174640914547567,0.8424063454015351
2013-10-18,0.7599999999999998,5.26,4.5,0.7965574810286798,0.8136158931559763,0.8395992827572716
2013-10-21,0.75,5.28,4.53,0.7905306413351658,0.8093557271006064,0.8365472022608581
2013-10-22,0.75,5.2,4.45,0.7852839726450818,0.8053808516215211,0.8335990868305694
2013-10-23,0.75,5.18,4.43,0.7807164822615009,0.8016721616622839,0.8307513950345896
2013-10-24,0.75,5.21,4.46,0.776740250935225,0.7982118315749342,0.8280007060752715
2013-10-25,0.75,5.19,4.44,0.7732787405143399,0.7949832294418295,0.8253437156798937
2013-10-28,0.75,5.2,4.45,0.7702653206675829,0.7919708371350969,0.8227772321313939
2013-10-29,0.75,5.22,4.47,0.7676419863225409,0.7891601757294635,0.8202981724343099
2013-10-30,0.75,5.23,4.48,0.7653582411307505,0.7865377359099683,0.8179035586113231
2013-10-31,0.7399999999999993,5.22,4.48,0.7620756311005736,0.7834212429554276,0.815249877415203
2013-11-01,0.75,5.29,4.54,0.7605124474567606,0.781183122295581,0.8130272270532375
2013-11-04,0.75,5.29,4.54,0.7591516170551038,0.779094881880904,0.810880288322117
2013-11-05,0.75,5.35,4.6,0.7579669453823911,0.77714648467975,0.8088064822057519
2013-11-06,0.7599999999999998,5.37,4.61,0.7582301231574288,0.7759982358950871,0.8071439542495598
2013-11-07,0.7599999999999998,5.33,4.57,0.7584592327177349,0.7749268818965046,0.8055380580988206
2013-11-08,0.7699999999999996,5.46,4.69,0.7599531785415545,0.7745969433548442,0.8043275013770926
2013-11-11,0.7699999999999996,5.46,4.69,0.7612537339200146,0.7742890998102955,0.8031581806613515
2013-11-12,0.7699999999999996,5.47,4.7,0.7623859331373308,0.7740018716269998,0.8020286913018526
2013-11-13,0.7700000000000005,5.44,4.67,0.763371569803729,0.773733878255886,0.8009376764963786
2013-11-14,0.7599999999999998,5.41,4.65,0.7629351219918284,0.7728141615144916,0.7995431889496248
2013-11-15,0.7599999999999998,5.41,4.65,0.7625551721033291,0.7719560354519018,0.7981962027679821
2013-11-18,0.75,5.33,4.58,0.7609299121468329,0.7704857054399761,0.7965544631698221
2013-11-19,0.75,5.37,4.62,0.7595150411762025,0.7691138390304026,0.7949686472493249
2013-11-20,0.75,5.47,4.72,0.7582833244557289,0.7678338424102895,0.7934368500407293
2013-11-21,0.7400000000000002,5.44,4.7,0.7559165584038605,0.7659698932500365,0.7916165947576496
2013-11-22,0.75,5.4,4.65,0.7551506632512552,0.764900437273605,0.790198980762557
2013-11-25,0.7399999999999993,5.39,4.65,0.75318941842769,0.7632329294799662,0.7884890191935533
2013-11-26,0.75,5.34,4.59,0.7527765500088126,0.7623467597794884,0.7871779419037388
2013-11-27,0.75,5.37,4.62,0.7524171271741916,0.7615199342128425,0.7859115247194787
2013-11-28,0.75,5.37,4.62,0.7521042314230509,0.7607484786809156,0.7846882463536271
2013-11-29,0.7400000000000002,5.36,4.62,0.7505373454836036,0.7593590151334924,0.7831660006289117
2013-12-02,0.7400000000000002,5.41,4.67,0.749173292046397,0.7580625998032088,0.7816956081818586
2013-12-03,0.7399999999999993,5.39,4.65,0.7479858145582707,0.75685300152932,0.7802753026994732
2013-12-04,0.75,5.46,4.71,0.7482465497291197,0.7563940765179078,0.7792440147466176
2013-12-05,0.75,5.47,4.72,0.7484735328789734,0.7559658843416188,0.7782478562473719
2013-12-06,0.7400000000000002,5.46,4.72,0.7473766388208986,0.7548966968297913,0.7769449938528317
2013-12-09,0.7299999999999995,5.43,4.7,0.7451272427137265,0.7532294395224851,0.7753458750236036
2013-12-10,0.7300000000000004,5.37,4.64,0.7431690296655519,0.7516738334493877,0.7738012280521845
2013-12-11,0.75,5.41,4.66,0.7440532949274871,0.7515617418306166,0.7729904708486303
2013-12-12,0.7599999999999998,5.42,4.66,0.7461175869164067,0.7521268267368603,0.7725479677225311
2013-12-13,0.75,5.38,4.63,0.7466201631031296,0.7519843995127733,0.7717799011666177
2013-12-16,0.7399999999999993,5.39,4.65,0.7457631867185416,0.7511818401291751,0.7706973610664771
2013-12-17,0.7199999999999998,5.35,4.63,0.7424281567101295,0.7490936855773467,0.7689704228347303
2013-12-18,0.7599999999999998,5.39,4.63,0.744702821925852,0.7498240488275907,0.7686648573018829
2013-12-19,0.79,5.36,4.57,0.7505665161118257,0.7525145120897703,0.7693916105850931
2013-12-20,0.7799999999999994,5.27,4.49,0.7543766640213824,0.7543551329912696,0.7697529712727597
2013-12-23,0.7800000000000002,5.29,4.51,0.7576935904302886,0.7560724930172807,0.770102022688822
2013-12-24,0.7799999999999994,5.35,4.57,0.7605811425839736,0.7576748465798956,0.7704391841322593
2013-12-25,0.7799999999999994,5.35,4.57,0.763094902737911,0.7591698953179218,0.7707648606191881
2013-12-26,0.7800000000000002,5.37,4.59,0.7652832580559127,0.7605648251144558,0.7710794433693894
2013-12-27,0.8199999999999994,5.39,4.57,0.7723663094788461,0.7645450209740273,0.772745857119268
2013-12-30,0.8099999999999996,5.34,4.53,0.7772379695178974,0.7675890049391538,0.7740148699885441
2013-12-31,0.7999999999999998,5.37,4.57,0.7801845015420419,0.7697594723196941,0.7749000189100994
2014-01-01,0.7999999999999998,5.37,4.57,0.782749606655431,0.7717845899927926,0.7757550164099384
2014-01-02,0.79,5.34,4.55,0.7836881659897671,0.7730044215089059,0.7762402528454212
2014-01-03,0.79,5.35,4.56,0.7845052293469601,0.7741425645575559,0.7767089603465721
2014-01-06,0.7699999999999996,5.3,4.53,0.7826275355787355,0.7738651494017706,0.7764804285280702
2014-01-07,0.7700000000000005,5.28,4.51,0.7809929082111101,0.7736063119090708,0.776259681342264
2014-01-08,0.79,5.32,4.53,0.7821588711695221,0.7747041481581991,0.7767277270374889
2014-01-09,0.7200000000000006,5.28,4.56,0.7741124403104788,0.7710407750055173,0.7747953724028428
2014-01-10,0.7000000000000002,5.2,4.5,0.7645186266595377,0.7662833868244909,0.7722475674393686
2014-01-13,0.71,5.18,4.47,0.7574612211485916,0.762514256782678,0.7701271867768855
2014-01-14,0.7199999999999998,5.22,4.5,0.752611887172667,0.7596672041889061,0.7684196707745948
2014-01-15,0.7199999999999998,5.22,4.5,0.7483902967483149,0.7570108101902764,0.7667703190357616
2014-01-16,0.6999999999999993,5.18,4.48,0.7421262000923121,0.7531929667817706,0.7644958768505443
2014-01-17,0.7000000000000002,5.17,4.47,0.7366729872198876,0.7496307929251134,0.7622989105158037
2014-01-20,0.7000000000000002,5.17,4.47,0.7319256896820248,0.7463071671952624,0.7601767809196528
2014-01-21,0.6900000000000004,5.15,4.46,0.7264984327692652,0.7425364446531589,0.7577863021372926
2014-01-22,0.6899999999999995,5.17,4.48,0.7217737312067095,0.7390182361194447,0.7554772518378868
2014-01-23,0.6800000000000006,5.11,4.43,0.7163661452329819,0.7350659614017513,0.7529062195576245
2014-01-24,0.6499999999999995,5.1,4.45,0.7077750851163647,0.7293693484446305,0.7494008559430259
2014-01-27,0.6599999999999993,5.14,4.48,0.7015906272595714,0.7247238907002528,0.7463555345923454
2014-01-28,0.6399999999999997,5.12,4.48,0.6936177552545815,0.7190501851946943,0.7427326746449695
2014-01-29,0.6400000000000006,5.07,4.43,0.6866769670395496,0.7137564307737444,0.7392332226071925
2014-01-30,0.6399999999999997,5.08,4.44,0.6806346599492346,0.7088171832499042,0.7358529747525735
2014-01-31,0.6400000000000006,5.07,4.43,0.6753745261081527,0.7042087023567949,0.7325878705490267
2014-02-03,0.6500000000000004,5.0,4.35,0.6720898079968246,0.7005785077272888,0.7297746244918474
2014-02-04,0.6299999999999999,5.05,4.42,0.6666413060606614,0.6958520762029959,0.7263759345015101
2014-02-05,0.6399999999999997,5.12,4.48,0.6631926039980531,0.692111829743223,0.7234336530798415
2014-02-06,0.6299999999999999,5.13,4.5,0.6588958401077704,0.6879523863151442,0.7202509598539797
2014-02-07,0.6399999999999997,5.13,4.49,0.656449784249773,0.6847411584549477,0.7175173175540484
2014-02-10,0.6399999999999997,5.12,4.48,0.6543203689447394,0.6817449769180421,0.714876793146259
2014-02-11,0.6399999999999997,5.14,4.5,0.6524666052514512,0.6789494406954758,0.7123262146933624
2014-02-12,0.6200000000000001,5.16,4.54,0.6482638214899638,0.6750017730015214,0.7091812448844336
2014-02-13,0.6299999999999999,5.12,4.49,0.6458995800860278,0.6719881388880699,0.7064840410033689
2014-02-14,0.6299999999999999,5.13,4.5,0.6438413884000633,0.6691763188357988,0.7038787137881315
2014-02-17,0.6299999999999999,5.13,4.5,0.6420496284684756,0.666552797960765,0.7013621335821971
2014-02-18,0.6400000000000006,5.11,4.47,0.6417843052177792,0.6647746365150051,0.6992719140473835
2014-02-19,0.6399999999999997,5.14,4.5,0.6415533279124299,0.6631155532218322,0.6972528950632787
2014-02-20,0.6300000000000008,5.15,4.52,0.6400577561221108,0.6608979036889626,0.6949620145669912
2014-02-21,0.6699999999999999,5.11,4.44,0.6439337627257535,0.6615074438496567,0.6941117167134081
2014-02-24,0.6799999999999997,5.13,4.45,0.648602516824933,0.6627458350138827,0.6936310198369768
2014-02-25,0.6900000000000004,5.08,4.39,0.6539613977029036,0.6645709649111654,0.6935073339715827
2014-02-26,0.6799999999999997,5.05,4.37,0.657332080102819,0.6656042012345382,0.6930472245900725
2014-02-27,0.6799999999999997,5.01,4.33,0.6602664295647576,0.6665682448122993,0.6926027882231927
2014-02-28,0.6899999999999995,5.01,4.32,0.6641154235087947,0.6681373993602614,0.6925141277012795
2014-03-03,0.6799999999999997,4.97,4.29,0.6661716729878608,0.6689318022376982,0.6920878505714707
2014-03-04,0.6799999999999997,5.05,4.37,0.6679617421301391,0.6696730063309185,0.6916760940055986
2014-03-05,0.6799999999999997,5.06,4.38,0.6695200878302886,0.6703645742033552,0.6912783633799493
2014-03-06,0.6900000000000004,5.11,4.42,0.6721712009244026,0.6716794999288576,0.6912348176302603
2014-03-07,0.6799999999999997,5.14,4.46,0.6731846345548065,0.6722366989275397,0.6908521184979138
2014-03-10,0.6900000000000004,5.15,4.46,0.6753613741396567,0.6734262540607935,0.6908230922136838
2014-03-11,0.6799999999999997,5.14,4.46,0.6759618416443581,0.6738664781607392,0.6904544179605008
2014-03-12,0.6900000000000004,5.11,4.42,0.6777790733358559,0.6749468918542901,0.6904389388165637
2014-03-13,0.7000000000000002,5.05,4.35,0.6806555597755675,0.6766246235595132,0.6907646236598457
2014-03-14,0.6799999999999997,5.05,4.37,0.6805706979318945,0.6768506624221697,0.6903979410602489
2014-03-17,0.6899999999999995,5.1,4.41,0.6817913157731214,0.6777312342230296,0.6903843857268652
2014-03-18,0.6899999999999995,5.1,4.41,0.6828539253223708,0.6785528367646488,0.6903712921378993
2014-03-19,0.7000000000000002,5.15,4.45,0.6850734750310725,0.6799890891265421,0.6906992812753926
2014-03-20,0.6899999999999995,5.13,4.44,0.6857112109132077,0.6806594898797291,0.6906754611880386
2014-03-21,0.6800000000000006,5.07,4.39,0.684971897877596,0.680615325815372,0.6903118157895537
2014-03-24,0.6800000000000006,5.03,4.35,0.6843282884979921,0.6805741192862864,0.6899605574883108
2014-03-25,0.6699999999999999,5.03,4.36,0.6824734996229964,0.6798660021505508,0.6892806276235522
2014-03-26,0.6600000000000001,4.99,4.33,0.6795643177560348,0.678535635416405,0.6882832219553094
2014-03-27,0.6600000000000001,4.95,4.29,0.6770317278430205,0.677294359362604,0.6873197915856781
2014-03-28,0.6700000000000008,4.98,4.31,0.6761214746346866,0.676805877937435,0.6867298159020133
2014-03-31,0.6699999999999999,4.99,4.32,0.6753290531914293,0.6763501086519993,0.6861599369559792
2014-04-01,0.7300000000000004,5.03,4.3,0.6824061764598665,0.6799428813799503,0.6876532904434247
2014-04-02,0.7300000000000004,5.07,4.34,0.6885671701077205,0.6832950568662223,0.689095774828875
2014-04-03,0.7199999999999998,5.04,4.32,0.6926361322312848,0.6857530771037029,0.6901484861899366
2014-04-04,0.71,4.99,4.28,0.6948838751329456,0.6873768209945056,0.6908247016267065
2014-04-07,0.7000000000000002,4.95,4.25,0.6955461546150925,0.6882221575297989,0.6911372459725108
2014-04-08,0.7000000000000002,4.95,4.25,0.696122702391335,0.6890108844061791,0.6914391439105232
2014-04-09,0.7000000000000002,4.96,4.26,0.69662461638271,0.6897467926031535,0.6917307580964769
2014-04-10,0.6499999999999995,4.89,4.24,0.6905890860554338,0.6870850688065133,0.6903092552789616
2014-04-11,0.6500000000000004,4.86,4.21,0.6853348517292328,0.6846015926898894,0.6889361740658547
2014-04-14,0.6500000000000004,4.87,4.22,0.6807607750768687,0.6822844275393856,0.6876098650395506
2014-04-15,0.6399999999999997,4.84,4.2,0.6754843157035546,0.6794527659224943,0.6859880982569109
2014-04-16,0.6499999999999995,4.84,4.19,0.6721853853909456,0.6774804022976981,0.6847622115152671
2014-04-17,0.6399999999999997,4.89,4.25,0.6680190053819905,0.6749704518798243,0.6832374462656146
2014-04-18,0.6399999999999997,4.89,4.25,0.6643919609182889,0.6726285853328264,0.6817646201178931
2014-04-21,0.6500000000000004,4.91,4.26,0.6625289296843522,0.671113216667333,0.68068260054637
2014-04-22,0.6399999999999997,4.88,4.24,0.6596125724271715,0.6690296576234546,0.6792968018228766
2014-04-23,0.6399999999999997,4.85,4.21,0.6570737359741601,0.6670856282957011,0.6779582084912766
2014-04-24,0.6399999999999997,4.84,4.2,0.6548635504698743,0.6652717847963919,0.6766652125626277
2014-04-25,0.6299999999999999,4.81,4.18,0.6516449778670907,0.66290973888542,0.6750756241112422
2014-04-28,0.6299999999999999,4.83,4.2,0.648843047674728,0.6607058721229586,0.6735401828780095
2014-04-29,0.6200000000000001,4.86,4.24,0.6451093314004114,0.6579799216399987,0.6717164076991494
2014-04-30,0.6200000000000001,4.83,4.21,0.6418589425946172,0.6554365199061015,0.669954756998097
2014-05-01,0.6099999999999994,4.77,4.16,0.6377348204217628,0.6523937720930115,0.667912477876323
2014-05-02,0.6200000000000001,4.74,4.12,0.6354390579081212,0.650224458083104,0.6662804029895483
2014-05-05,0.6200000000000001,4.78,4.16,0.6334404805586763,0.6482004165428573,0.6647039225648866
2014-05-06,0.6299999999999999,4.76,4.13,0.632995112288365,0.6469815890941981,0.6635217795616187
2014-05-07,0.6200000000000001,4.78,4.16,0.6313129023227325,0.6451747127889765,0.6620392679780264
2014-05-08,0.6200000000000001,4.79,4.17,0.6298484534895689,0.6434888375845786,0.6606072561813826
2014-05-09,0.6200000000000001,4.83,4.21,0.6285735767329399,0.6419158603992616,0.6592240239635554
2014-05-12,0.6200000000000001,4.86,4.24,0.6274637320543234,0.6404482207904261,0.6578879097130168
2014-05-13,0.6200000000000001,4.82,4.2,0.6264975561441826,0.6390788646156963,0.6565973084188275
2014-05-14,0.6200000000000001,4.74,4.12,0.6256564511613664,0.6378012101275088,0.6553506697426125
2014-05-15,0.6399999999999997,4.72,4.08,0.6275132154788621,0.6379484565075086,0.6548277695777168
2014-05-16,0.6299999999999999,4.72,4.09,0.6278351283343273,0.6374161721533009,0.6539820446012917
2014-05-19,0.6099999999999994,4.76,4.15,0.6255263810179073,0.6355801931206825,0.6524838547007805
2014-05-20,0.5999999999999996,4.75,4.15,0.6222220053740506,0.6331974940268477,0.650696061937497
2014-05-21,0.6099999999999994,4.8,4.19,0.6206398736629879,0.6316440272480268,0.6493098046696039
2014-05-22,0.5799999999999992,4.81,4.23,0.6153790649095973,0.6281855812382349,0.6469488582810552
2014-05-23,0.5899999999999999,4.78,4.19,0.6120937592529787,0.6256284070962821,0.6450089711044638
2014-05-26,0.5899999999999999,4.78,4.19,0.6092337345630096,0.6232424792567353,0.6431351636065786
2014-05-27,0.54,4.75,4.21,0.6002714666229223,0.6176679794438523,0.6396220013172018
2014-05-28,0.54,4.67,4.13,0.5924693592192686,0.6124667872071168,0.6362285102324841
2014-05-29,0.54,4.69,4.15,0.585677230224121,0.6076139032549174,0.6329506139118726
2014-05-30,0.54,4.7,4.16,0.5797643385014153,0.6030860024234158,0.6297843747733448
2014-06-02,0.54,4.76,4.22,0.5746168672815049,0.5988613215652179,0.6267259893633772
2014-06-03,0.54,4.82,4.28,0.5701357333114613,0.5949195549458052,0.6237717837880358
2014-06-04,0.5599999999999996,4.84,4.28,0.5688236683437119,0.5925810968142186,0.6215994827212042
2014-06-05,0.5600000000000005,4.83,4.27,0.5676814494469566,0.5903992382281207,0.6195011782033895
2014-06-06,0.5499999999999998,4.83,4.28,0.56539259577594,0.5876938220997916,0.6171337129297335
2014-06-09,0.5499999999999998,4.84,4.29,0.5634000329233341,0.5851695795962247,0.6148468922144412
2014-06-10,0.54,4.85,4.31,0.5603709118425564,0.5821447079771255,0.612297332297051
2014-06-11,0.54,4.85,4.31,0.5577339087793931,0.5793224029613425,0.609834619750073
2014-06-12,0.54,4.79,4.25,0.5554382642773428,0.5766890992694372,0.607455796233248
2014-06-13,0.5300000000000002,4.79,4.26,0.5521452952959165,0.573562469963522,0.6048173674674945
2014-06-16,0.54,4.78,4.24,0.5505730936612578,0.5713148917534292,0.6026094499821243
2014-06-17,0.54,4.83,4.29,0.5492044126425907,0.5692178271323534,0.6004767422717369
2014-06-18,0.54,4.8,4.26,0.5480129066108173,0.5672611966555049,0.5984166824152954
2014-06-19,0.5300000000000002,4.83,4.3,0.5456811459966475,0.564765925783727,0.5960861590494475
2014-06-20,0.5700000000000003,4.83,4.26,0.5488292079486653,0.5651164360760651,0.595197568707973
2014-06-23,0.5700000000000003,4.82,4.25,0.5515697550542855,0.5654434737426898,0.594339247015611
2014-06-24,0.5499999999999998,4.77,4.22,0.5513665511467452,0.564409270505862,0.5928288894895513
2014-06-25,0.5499999999999998,4.75,4.2,0.5511896518705719,0.5634443247659475,0.5913699802854651
2014-06-26,0.5599999999999996,4.71,4.15,0.5523301464730914,0.5632136686401963,0.590301403595387
2014-06-27,0.5700000000000003,4.74,4.17,0.5546174990587898,0.5636681289498022,0.5896098632609498
2014-06-30,0.5599999999999996,4.71,4.15,0.5553142607736875,0.5634224853273767,0.5886012426182485
2014-07-01,0.5499999999999998,4.77,4.22,0.5546263327100361,0.5625236216388612,0.5872863425866083
2014-07-02,0.5700000000000003,4.84,4.27,0.5566164452807948,0.5630242923318456,0.5866975062986457
2014-07-03,0.5800000000000001,4.86,4.28,0.5596434332673301,0.5641611046909275,0.5864693646470648
2014-07-04,0.5800000000000001,4.86,4.28,0.5622785793640992,0.5652217881271377,0.5862489943376619
2014-07-07,0.5699999999999994,4.81,4.24,0.5632781129159702,0.5655417706820667,0.5856954939392416
2014-07-08,0.5800000000000001,4.76,4.18,0.5654427517796237,0.5665099950471635,0.5855014845070847
2014-07-09,0.5800000000000001,4.74,4.16,0.5673271793617098,0.5674133803230086,0.5853140837484103
2014-07-10,0.5599999999999996,4.75,4.19,0.5663786801207082,0.5669169284201768,0.5844517931260356
2014-07-11,0.5600000000000005,4.73,4.17,0.5655529635721684,0.5664537224161236,0.5836188752877925
2014-07-14,0.5699999999999994,4.76,4.19,0.5661286299327528,0.5666912060170959,0.5831549663995755
2014-07-15,0.5699999999999994,4.76,4.19,0.5666297766072301,0.566912786051752,0.5827068599511356
2014-07-16,0.5700000000000003,4.74,4.17,0.5670660501269904,0.567119527534352,0.5822740176533621
2014-07-17,0.5800000000000001,4.69,4.11,0.5687403426524077,0.567982094242969,0.5821965562639988
2014-07-18,0.5700000000000003,4.7,4.13,0.5689034045864935,0.568117227354878,0.5817810967831724
2014-07-21,0.5800000000000001,4.68,4.1,0.5703398526121027,0.5689129810911701,0.5817204260881973
2014-07-22,0.5800000000000001,4.67,4.09,0.5715903532499425,0.5696554455802693,0.5816618220598198
2014-07-23,0.5599999999999996,4.68,4.12,0.5700899885505384,0.5690088492743794,0.5809239408782856
2014-07-24,0.5499999999999998,4.72,4.17,0.5674893508492839,0.5677358835041465,0.5798705579278601
2014-07-25,0.5499999999999998,4.67,4.12,0.5652253642335275,0.5665481644434222,0.5788530570677741
2014-07-28,0.5900000000000007,4.69,4.1,0.5684324268780412,0.568118663713617,0.579232762865311
2014-07-29,0.5900000000000007,4.65,4.06,0.5712243370697485,0.5695839913458932,0.5795995344894552
2014-07-30,0.5899999999999999,4.74,4.15,0.5736548360598114,0.5709511903702174,0.5799538125256349
2014-07-31,0.5999999999999996,4.75,4.15,0.57706520269174,0.5728965022505407,0.5806366592620726
2014-08-01,0.5700000000000003,4.75,4.18,0.5761506161830956,0.572702532159815,0.5802743355996309
2014-08-04,0.5700000000000003,4.75,4.18,0.5753544223828122,0.5725215516657967,0.5799243540112494
2014-08-05,0.5899999999999999,4.74,4.15,0.57725028415556,0.5736920310633167,0.5802675675020799
2014-08-06,0.5899999999999999,4.75,4.16,0.5789007276897572,0.574784126957117,0.5805990898814501
2014-08-07,0.5999999999999996,4.71,4.11,0.5816320166051798,0.5764727585405865,0.5812599561022871
2014-08-08,0.6200000000000001,4.71,4.09,0.586598730443103,0.5793876476877785,0.5825795842150558
2014-08-11,0.6200000000000001,4.72,4.1,0.5909225059724376,0.5821073354287811,0.5838542609498497
2014-08-12,0.6100000000000003,4.75,4.14,0.5933920768280272,0.5839752237331829,0.5847448808048709
2014-08-13,0.6299999999999999,4.74,4.11,0.5981309518615379,0.5870573653149593,0.5862864362996006
2014-08-14,0.6300000000000008,4.69,4.06,0.6022563821913506,0.5899331050953444,0.5877754807550138
2014-08-15,0.6299999999999999,4.63,4.0,0.6058477778888078,0.5926162651855182,0.5892138028898816
2014-08-18,0.6400000000000006,4.7,4.06,0.6102687638032873,0.5957894121558573,0.5909437672033986
2014-08-19,0.6200000000000001,4.73,4.11,0.6115284668473842,0.5974107227969149,0.5919335291600651
2014-08-20,0.6200000000000001,4.73,4.11,0.6126251020420085,0.5989234591145512,0.592889576190997
2014-08-21,0.6100000000000003,4.69,4.08,0.6122852840613804,0.59966522192177,0.5934724200395834
2014-08-22,0.6299999999999999,4.66,4.03,0.6145784440610039,0.6016966512620638,0.5947166835085265
2014-08-25,0.6299999999999999,4.64,4.01,0.6165747557904043,0.6035920418565339,0.5959185627959326
2014-08-26,0.6200000000000001,4.65,4.03,0.6170181517239097,0.604690833728391,0.5967388649518689
2014-08-27,0.6200000000000001,4.61,3.99,0.617404150303586,0.6057160427956663,0.5975312246049832
2014-08-28,0.6300000000000003,4.57,3.94,0.6190346759515934,0.6073422667632886,0.5986372302902522
2014-08-29,0.6299999999999999,4.58,3.95,0.6204541309729351,0.6088595873767082,0.5997055613616509
2014-09-01,0.6299999999999999,4.58,3.95,0.6216898383413376,0.6102752975677675,0.600737501154834
2014-09-02,0.6699999999999999,4.67,4.0,0.6279435615551245,0.6142748822210085,0.6030968361333391
2014-09-03,0.6700000000000004,4.65,3.98,0.6333877438215849,0.6180066266549267,0.6053758035011801
2014-09-04,0.6699999999999999,4.7,4.03,0.6381271797603387,0.6214884673277561,0.6075771408742121
2014-09-05,0.6500000000000004,4.75,4.1,0.6396641096524492,0.6233977993775168,0.6090222191935406
2014-09-08,0.6600000000000001,4.74,4.08,0.6422965792028115,0.6258489392563741,0.6107587095510731
2014-09-09,0.6600000000000001,4.75,4.09,0.6445882770527392,0.6281359336302195,0.6124360486722416
2014-09-10,0.6699999999999999,4.8,4.13,0.6478778102739371,0.6309394449171082,0.6143968881760565
2014-09-11,0.6699999999999999,4.79,4.12,0.6507415152726321,0.6335552134399212,0.6162909342879824
2014-09-12,0.6699999999999999,4.89,4.22,0.65323451527236,0.6359958117699291,0.6181204622361505
2014-09-15,0.6699999999999999,4.88,4.21,0.6554047978264204,0.6382729705309163,0.6198876697460693
2014-09-16,0.6800000000000006,4.9,4.22,0.6585886328934082,0.6410673048665163,0.6219353163914003
2014-09-17,0.6900000000000004,4.91,4.22,0.6626548166714552,0.6443441810756472,0.6242538493856782
2014-09-18,0.6900000000000004,4.91,4.22,0.6661946352498996,0.6474016146879483,0.626493404634662
2014-09-19,0.6899999999999995,4.85,4.16,0.6692762263073304,0.6502543011176588,0.6286566724102898
2014-09-22,0.6899999999999995,4.84,4.15,0.671958907138225,0.652915951671088,0.6307462513439611
2014-09-23,0.7000000000000002,4.8,4.1,0.675588810813743,0.6560690295340117,0.6331052882589018
2014-09-24,0.71,4.84,4.13,0.6800433198702145,0.6596806252896357,0.6357246044270694
2014-09-25,0.7300000000000004,4.79,4.06,0.686510183972611,0.6643897034509911,0.6389359704923457
2014-09-26,0.75,4.81,4.06,0.6947289048937892,0.670122768904525,0.6427192190617758
2014-09-29,0.75,4.77,4.02,0.7018837170212946,0.6754719081153122,0.6463735962963412
2014-09-30,0.7599999999999998,4.81,4.05,0.7094068371162111,0.6811325015599315,0.6502441287375552
2014-10-01,0.7800000000000002,4.73,3.95,0.7185450822866626,0.6877533621647023,0.6546640900563092
2014-10-02,0.7699999999999996,4.76,3.99,0.7252058924002983,0.6932611734566877,0.6585928545557846
2014-10-03,0.7600000000000002,4.74,3.98,0.7297099700296937,0.6977304730186373,0.6620471542028667
2014-10-06,0.7500000000000004,4.73,3.98,0.7323365029800546,0.7012308068743653,0.6650431510122241
2014-10-07,0.75,4.66,3.91,0.7346230327195071,0.7044967338431527,0.6679370931717253
2014-10-08,0.75,4.67,3.92,0.7366135724721808,0.7075439514529811,0.6707324570373947
2014-10-09,0.7599999999999998,4.68,3.92,0.7396409323421731,0.7110567760999749,0.6737732372585601
2014-10-10,0.7799999999999998,4.67,3.89,0.7448653909163723,0.7156736975583675,0.677391710763963
2014-10-13,0.7799999999999998,4.67,3.89,0.7494135462710587,0.7199814375983822,0.6808869257780836
2014-10-14,0.7899999999999996,4.6,3.81,0.754667439844078,0.7246703712593119,0.6846037176483779
2014-10-15,0.81,4.59,3.78,0.7618302085876455,0.7303846412293507,0.6888751753644508
2014-10-16,0.7999999999999998,4.64,3.84,0.7667712665850792,0.7350465735493128,0.6926604948391203
2014-10-17,0.79,4.66,3.87,0.7697782130409853,0.7387266401235174,0.6959762357255388
2014-10-20,0.7600000000000002,4.65,3.89,0.7685124288708592,0.7401512533944065,0.6981571201727773
2014-10-21,0.7400000000000002,4.66,3.92,0.7648215110144672,0.7401411244070633,0.699582442268049
2014-10-22,0.7399999999999998,4.67,3.93,0.7616083803955054,0.7401316737277011,0.7009592126602913
2014-10-23,0.75,4.71,3.96,0.7601056820922629,0.7407925260166957,0.7026297219094977
2014-10-24,0.7499999999999996,4.72,3.97,0.758797507237911,0.7414091230048602,0.7042433274811112
2014-10-27,0.7599999999999998,4.71,3.95,0.7589531692486039,0.7426540984219319,0.7061426044340396
2014-10-28,0.7700000000000005,4.73,3.96,0.7603831752667352,0.744485371644344,0.7083178217523145
2014-10-29,0.77,4.7,3.93,0.7616280678113362,0.7461940099773725,0.7104189431833426
2014-10-30,0.8300000000000001,4.71,3.88,0.7704787759195144,0.7518062464204841,0.7144923129695646
2014-10-31,0.8400000000000003,4.74,3.9,0.7794782592156972,0.7577123182628444,0.7187675655379727
2014-11-03,0.8500000000000001,4.75,3.9,0.788607258835602,0.7638925482267849,0.723237824019879
2014-11-04,0.8500000000000001,4.74,3.89,0.7965545145970402,0.7696589066784257,0.7275558090872367
2014-11-05,0.8500000000000001,4.75,3.9,0.8034730025768185,0.7750391093548338,0.7317267077315525
2014-11-06,0.8599999999999999,4.79,3.93,0.8107903905518108,0.7807286860377091,0.736096166967112
2014-11-07,0.8700000000000001,4.75,3.88,0.8184550411423354,0.7867069188753422,0.7406574230912467
2014-11-10,0.8700000000000001,4.79,3.92,0.8251275070313845,0.7922848073439426,0.7450633060870794
2014-11-11,0.8700000000000001,4.79,3.92,0.8309362259696704,0.7974891613082594,0.7493191085337464
2014-11-12,0.8499999999999996,4.8,3.95,0.8334040207793465,0.8010056550873386,0.7527486693042061
2014-11-13,0.8500000000000001,4.82,3.97,0.8355523609410093,0.8042866597977534,0.7560614066446487
2014-11-14,0.8599999999999999,4.8,3.94,0.8387170940459353,0.80801761552259,0.7596019367007196
2014-11-17,0.8799999999999999,4.83,3.95,0.844061142967188,0.8128380604730895,0.7637031367270319
2014-11-18,0.8799999999999999,4.84,3.96,0.8487134077658667,0.8173356946457926,0.7676646348246345
2014-11-19,0.8900000000000001,4.87,3.98,0.8540579338739979,0.8222018057974199,0.7718318264648271
2014-11-20,0.8900000000000001,4.86,3.97,0.8587106140879823,0.8267420480423733,0.7758570682596809
2014-11-21,0.8599999999999999,4.8,3.94,0.8588775243679869,0.8289692335925881,0.7787232854097823
2014-11-24,0.8599999999999999,4.8,3.94,0.8590228282062649,0.8310472711892126,0.7814918686816527
2014-11-25,0.8500000000000005,4.73,3.88,0.8578548281774881,0.8323164787398852,0.7838255071328544
2014-11-26,0.8500000000000001,4.71,3.86,0.8568380250945066,0.8335006912577704,0.7860796532914459
2014-11-27,0.8500000000000001,4.71,3.86,0.8559528465978558,0.8346056006059481,0.788257014956736
2014-11-28,0.8700000000000001,4.7,3.83,0.8577712426930563,0.8369758576497193,0.791041481111951
2014-12-01,0.8999999999999999,4.76,3.86,0.8632377315391448,0.841196395923876,0.7947530082601896
2014-12-02,0.8900000000000001,4.82,3.93,0.8667020921163204,0.8444646272910761,0.7979974704577124
2014-12-03,0.8899999999999997,4.81,3.92,0.8697179931682415,0.8475139949806493,0.8011314143621231
2014-12-04,0.8900000000000001,4.78,3.89,0.8723434875278369,0.8503591556383474,0.8041586046322059
2014-12-05,0.8900000000000001,4.79,3.9,0.8746291131215134,0.8530137843982023,0.8070826776886467
2014-12-08,0.9200000000000004,4.74,3.82,0.8805023488706888,0.8574996508653252,0.8109290562145478
2014-12-09,0.9400000000000004,4.73,3.79,0.8882042862945819,0.8630244524440434,0.8153256863890153
2014-12-10,0.96,4.71,3.75,0.897498200991501,0.8695186147579459,0.8202538246208836
2014-12-11,0.9799999999999995,4.72,3.74,0.9081780124002075,0.8769172226184758,0.8256953657945116
2014-12-12,1.0099999999999998,4.68,3.67,0.9213588113390696,0.8858293780976896,0.8319734582317141
2014-12-15,0.9799999999999995,4.68,3.7,0.9289498801788727,0.8921357029316057,0.8370157856609015
2014-12-16,0.9699999999999998,4.67,3.7,0.9342637950663442,0.8973500419723655,0.8415457161963364
2014-12-17,0.9900000000000002,4.74,3.75,0.9414788153990177,0.9035545324957165,0.8466026140895221
2014-12-18,0.9800000000000004,4.78,3.8,0.9464653610467809,0.9086738567650485,0.851146618765462
2014-12-19,0.9600000000000004,4.73,3.77,0.9482174124352656,0.9121110150334466,0.8548545645392537
2014-12-22,0.9700000000000002,4.7,3.73,0.9510371561254733,0.9159876671796274,0.858776840778594
2014-12-23,0.96,4.79,3.83,0.9521973912162955,0.9189350414440942,0.8622248731794999
2014-12-24,0.9599999999999995,4.77,3.81,0.9532074345281668,0.9216850388712482,0.865555452938845
2014-12-25,0.9599999999999995,4.77,3.81,0.9540867283022698,0.9242508771974243,0.868772580924778
2014-12-26,0.96,4.75,3.79,0.9548521979926179,0.9266448890066961,0.8718801217211917
2014-12-29,0.96,4.71,3.75,0.9555185780627365,0.9288785810068754,0.8748818082700637
2014-12-30,0.9600000000000004,4.69,3.73,0.9560986956081478,0.9309626893359745,0.8777812463556641
2014-12-31,0.9599999999999995,4.68,3.72,0.9566037172640833,0.9329072311649607,0.8805819189360139
2015-01-01,0.9599999999999995,4.68,3.72,0.9570433641511348,0.934721552844828,0.8832871903267975
2015-01-02,0.96,4.63,3.67,0.9574260989963088,0.9364143748294048,0.8859003102427564
2015-01-05,0.9699999999999998,4.56,3.59,0.959053783398407,0.9386635036744457,0.8887650544121697
2015-01-06,0.9900000000000002,4.49,3.5,0.9630597537055993,0.9421013552583498,0.8922134882999847
2015-01-07,0.9800000000000004,4.49,3.51,0.9652526590460344,0.9446393141215075,0.8952038191593693
2015-01-08,1.0000000000000004,4.57,3.57,0.9697506827594828,0.9483466536412606,0.8987735617934569
2015-01-09,1.0000000000000004,4.53,3.53,0.9736664398369448,0.9518057237240185,0.902221705888634
2015-01-12,0.9999999999999996,4.47,3.47,0.97707530436646,0.9550331502312696,0.9055523935375334
2015-01-13,0.9699999999999998,4.46,3.49,0.9761594102017133,0.9560354353863995,0.9077477156056518
2015-01-14,0.9800000000000004,4.44,3.46,0.9766565723877122,0.9576402705876952,0.9102088936556895
2015-01-15,0.98,4.42,3.44,0.977089377208783,0.9591376347764837,0.9125862349461732
2015-01-16,0.9900000000000002,4.45,3.46,0.9787606500566022,0.9612043950496011,0.915223231975656
2015-01-19,0.9900000000000002,4.45,3.46,0.9802155775756928,0.9631327505700172,0.9177704032057004
2015-01-20,1.0099999999999998,4.43,3.42,0.9840711542810696,0.9662713100592415,0.9209120818542955
2015-01-21,1.0,4.46,3.46,0.9861331343867281,0.9685300195239567,0.9236061066840295
2015-01-22,0.9800000000000004,4.49,3.51,0.985339203595137,0.9692981298035686,0.9255270897165921
2015-01-23,1.02,4.41,3.39,0.9898260241654543,0.9726934823741127,0.9287451838579986
2015-01-26,1.0,4.41,3.41,0.991143039606275,0.9745221181710658,0.9311723844775803
2015-01-27,1.0,4.42,3.42,0.9922895681401512,0.9762282956991283,0.9335169057336232
2015-01-28,0.9900000000000002,4.32,3.33,0.9919931848341135,0.9771505455375974,0.93544092727802
2015-01-29,0.9999999999999996,4.35,3.35,0.9930296625471295,0.9786807051479605,0.9376400462961385
2015-01-30,1.0,4.29,3.29,0.9939319688040396,0.9801083945467463,0.9397642552473687
2015-02-02,1.0,4.29,3.29,0.9947174720242582,0.9814404758574807,0.9418161058435893
2015-02-03,0.9800000000000004,4.4,3.42,0.992812303561013,0.9813440114985418,0.9431167894545018
2015-02-04,0.98,4.41,3.43,0.9911537580821608,0.9812540070691443,0.9443731670067194
2015-02-05,0.9699999999999998,4.43,3.46,0.988415416014255,0.9805003598825002,0.9452461110165004
2015-02-06,0.98,4.5,3.52,0.9873260451515808,0.9804668522780141,0.9464299560594168
2015-02-09,0.9700000000000002,4.49,3.52,0.9850831983664028,0.9797659184929294,0.9472328382834359
2015-02-10,0.8999999999999999,4.54,3.64,0.9740692262649079,0.9744242335541391,0.945623914416203
2015-02-11,0.9000000000000004,4.53,3.63,0.9644810066478237,0.9694402652758525,0.9440697964023684
2015-02-12,0.8900000000000001,4.53,3.64,0.9548394822921252,0.9641203883588062,0.9422279806426176
2015-02-13,0.9000000000000004,4.57,3.67,0.9477405422002775,0.9598264377689188,0.9407895405998395
2015-02-16,0.9000000000000004,4.57,3.67,0.9415605559045139,0.955820040204525,0.93940009910554
2015-02-17,0.8900000000000001,4.67,3.78,0.9348860709865359,0.951412269015101,0.9377173503785289
2015-02-18,0.8699999999999997,4.6,3.73,0.926486605647401,0.945960332906959,0.9354106488291536
2015-02-19,0.8699999999999997,4.64,3.77,0.919174446365031,0.9408734966503118,0.9331825220026249
2015-02-20,0.8500000000000001,4.63,3.78,0.9102198532487752,0.9347879704310506,0.9303490199339256
2015-02-23,0.8399999999999999,4.54,3.7,0.9011299328002924,0.9284403036129856,0.9272714006369338
2015-02-24,0.8300000000000005,4.48,3.65,0.89192220306651,0.9218480509678155,0.9239579796406178
2015-02-25,0.8400000000000003,4.45,3.61,0.8852009031271262,0.9163669318459581,0.9210980626380052
2015-02-26,0.8299999999999996,4.47,3.64,0.8780551773117744,0.9105831967900897,0.9179949281967204
2015-02-27,0.8199999999999998,4.46,3.64,0.8705399673110216,0.9045171110840248,0.9146568611955939
2015-03-02,0.8599999999999994,4.56,3.7,0.8691755744797325,0.9015359333293039,0.9127950478538268
2015-03-03,0.8500000000000001,4.58,3.73,0.8666933071648578,0.898084726045882,0.9106560179985854
2015-03-04,0.8500000000000001,4.58,3.73,0.8645323679556421,0.8948646357898171,0.9085898513527529
2015-03-05,0.8700000000000001,4.58,3.71,0.8652401498438883,0.8931995255144463,0.9072753393494337
2015-03-06,0.8800000000000003,4.69,3.81,0.8671508041324306,0.8923155927776102,0.9063462411613714
2015-03-09,0.8800000000000003,4.66,3.78,0.8688141252995852,0.8914908543718427,0.9054487914683838
2015-03-10,0.8899999999999997,4.59,3.7,0.8715566248456328,0.8913910163145061,0.9049225489172961
2015-03-11,0.8899999999999997,4.56,3.67,0.8739441093702838,0.8912978641132002,0.9044142321193744
2015-03-12,0.8899999999999997,4.56,3.67,0.8760225353680795,0.8912109500361475,0.9039232304576591
2015-03-13,0.8999999999999995,4.6,3.7,0.8791264046582686,0.8917995264194603,0.9037895908257974
2015-03-16,0.8799999999999999,4.58,3.7,0.8792394910831629,0.8910093474338666,0.9029792300288949
2015-03-17,0.8799999999999999,4.55,3.67,0.8793379385340557,0.8902720843710886,0.9021964730956303
2015-03-18,0.8800000000000003,4.48,3.6,0.8794236420178856,0.8895841936100753,0.9014403797370723
2015-03-19,0.9000000000000004,4.48,3.58,0.8820872399680876,0.8902817090047405,0.9013913151154853
2015-03-20,0.8900000000000006,4.44,3.55,0.8831115422969917,0.8902628437954359,0.901003285104278
2015-03-23,0.9199999999999999,4.46,3.54,0.8878867323675208,0.8922542521866582,0.9016503829519943
2015-03-24,0.9100000000000001,4.41,3.5,0.8907492824062273,0.89344263183066,0.901934801560721
2015-03-25,0.94,4.46,3.52,0.8971247600560028,0.8965604394988802,0.9032314419597671
2015-03-26,0.9499999999999997,4.56,3.61,0.9039694300823355,0.900139126999228,0.9048245507375089
2015-03-27,0.9500000000000006,4.48,3.53,0.9099280614293357,0.903478160503453,0.9063633923818588
2015-03-30,0.96,4.51,3.55,0.9164098456719793,0.9072632590073735,0.9081904521413503
2015-03-31,0.9700000000000002,4.49,3.52,0.9233470609626153,0.9114645508723799,0.9102959122489114
2015-04-01,0.9699999999999998,4.42,3.45,0.929386257641585,0.915384494789506,0.9123296526559066
2015-04-02,0.9799999999999995,4.47,3.49,0.9359381780793568,0.9197116018737906,0.9146347531093771
2015-04-03,0.9999999999999996,4.43,3.43,0.9442309448412081,0.9250882757106047,0.9175426068007086
2015-04-06,0.9900000000000002,4.5,3.51,0.9501557232499823,0.9294352197004531,0.9200107716096124
2015-04-07,0.98,4.45,3.47,0.9540190480641066,0.9328213917707123,0.9220542249535549
2015-04-08,0.9799999999999995,4.43,3.45,0.9573822676572386,0.9359808020272847,0.9240280707749319
2015-04-09,0.9700000000000002,4.5,3.53,0.9590156260014893,0.9382589659458346,0.9255940434507449
2015-04-10,0.9600000000000004,4.49,3.53,0.9591430526611024,0.9397148979573384,0.9267660366376648
2015-04-13,0.9600000000000004,4.48,3.52,0.9592539840114077,0.9410733305575061,0.9278981074341631
2015-04-14,0.9700000000000002,4.44,3.47,0.960645049727942,0.9430104630748736,0.9293322524541673
2015-04-15,0.9700000000000002,4.45,3.48,0.9618560427710527,0.9448178716225561,0.930717545229936
2015-04-16,0.98,4.45,3.47,0.9642047678139192,0.9471739135113616,0.9323962865589996
2015-04-17,0.9700000000000002,4.4,3.43,0.9649549573559755,0.9487025082384278,0.9336772070848582
2015-04-20,0.9500000000000002,4.45,3.5,0.963019046550314,0.948789397380206,0.9342332213337474
2015-04-21,0.9500000000000002,4.46,3.51,0.9613337383079544,0.9488704678160913,0.9347702956961493
2015-04-22,0.9399999999999995,4.52,3.58,0.9585720979012018,0.9482764391227787,0.934948438623376
2015-04-23,0.94,4.5,3.56,0.956167950289482,0.9477221907539986,0.9351205133485253
2015-04-24,0.9400000000000004,4.49,3.55,0.9540750182318524,0.9472050587404212,0.9352867265768368
2015-04-27,0.9400000000000004,4.48,3.54,0.9522530150501424,0.9467225575107736,0.9354472779724107
2015-04-28,0.9499999999999997,4.55,3.6,0.951961363521016,0.9469420380296872,0.9359429971088066
2015-04-29,0.9499999999999997,4.64,3.69,0.9517074661180489,0.9471468205948333,0.9364218302315946
2015-04-30,0.9100000000000001,4.65,3.74,0.9463084581227215,0.9446592091456785,0.935521805697382
2015-05-01,0.9100000000000006,4.73,3.82,0.941608348671149,0.9423381855934923,0.9346524393028625
2015-05-04,0.9099999999999997,4.77,3.86,0.9375166657405289,0.9401725940451686,0.9338126867192494
2015-05-05,0.9099999999999997,4.81,3.9,0.9339546488604485,0.9381520256843894,0.9330015391914291
2015-05-06,0.9099999999999997,4.89,3.98,0.9308537330590243,0.9362667687421269,0.93221802232619
2015-05-07,0.9000000000000004,4.82,3.92,0.9268597346943219,0.9338380917328403,0.9311205582109787
2015-05-08,0.8999999999999995,4.81,3.91,0.9233827571681263,0.9315720559573888,0.9300604777524047
2015-05-11,0.9100000000000001,4.94,4.03,0.9216503667911676,0.9301274399035219,0.9293771442366363
2015-05-12,0.9199999999999999,4.93,4.01,0.9214367277396962,0.9294492355497923,0.9290577242797352
2015-05-13,0.9300000000000006,4.98,4.05,0.9225452385101345,0.9294861185973906,0.9290898216499325
2015-05-14,0.9299999999999997,4.97,4.04,0.9235102531857593,0.9295205316976283,0.929120825665869
2015-05-15,0.9100000000000001,4.86,3.95,0.921761358521136,0.9282133000862272,0.9284695001497014
2015-05-18,0.9100000000000001,4.96,4.05,0.9202388572857026,0.9269936098652102,0.9278403611716795
2015-05-19,0.9100000000000001,4.98,4.07,0.918913442977577,0.9258555986495465,0.9272326529768654
2015-05-20,0.9000000000000004,4.99,4.09,0.9164651084379989,0.9241241265559614,0.9263050088433576
2015-05-21,0.8800000000000008,4.94,4.06,0.9117447206913543,0.9211692657994575,0.9247276902529854
2015-05-22,0.8799999999999999,4.95,4.07,0.9076353844795366,0.9184122832282418,0.9232041009242563
2015-05-25,0.8799999999999999,4.95,4.07,0.9040579995255655,0.9158399275322056,0.9217324106412746
2015-05-26,0.8900000000000001,4.87,3.98,0.9022381994057977,0.9141095048864681,0.9206514882427685
2015-05-27,0.9099999999999997,4.85,3.94,0.903242960120525,0.9138343036379565,0.920288659450806
2015-05-28,0.9299999999999997,4.88,3.95,0.906706643860786,0.9149168719630468,0.9206194633609726
2015-05-29,0.8999999999999999,4.84,3.94,0.9058384725908338,0.9139179336720531,0.9199170887432983
2015-06-01,0.8900000000000006,4.94,4.05,0.9037881912357006,0.9123162212054147,0.9188980028728203
2015-06-02,0.9099999999999993,5.02,4.11,0.9045923063811513,0.9121611108003489,0.9185949042297348
2015-06-03,0.9099999999999993,5.1,4.19,0.9052923292739783,0.912016387675092,0.9183021302391305
2015-06-04,0.9100000000000001,5.03,4.12,0.9059017345976491,0.911881356224589,0.9180193292054417
2015-06-05,0.9099999999999993,5.1,4.19,0.9064322527454464,0.9117553674263745,0.9177461614131441
2015-06-08,0.8999999999999995,5.09,4.19,0.9055996012508113,0.9109681456364445,0.9171416620079202
2015-06-09,0.9199999999999999,5.15,4.23,0.907463724757205,0.911572981904047,0.917239027493104
2015-06-10,0.9400000000000004,5.2,4.26,0.9116755272598271,0.913476654265462,0.9180143497739296
2015-06-11,0.9299999999999997,5.1,4.17,0.914047619933938,0.9145831732991071,0.9184226250208524
2015-06-12,0.9299999999999997,5.09,4.16,0.9161126465475758,0.9156155920632614,0.9188169929140558
2015-06-15,0.8999999999999995,5.09,4.19,0.9140268735281835,0.9145698625774032,0.918176017056808
2015-06-16,0.9099999999999993,5.06,4.15,0.9135055970182823,0.9142638325515066,0.9178975119010799
2015-06-17,0.9299999999999997,5.08,4.15,0.9156407881930323,0.915317636610208,0.9183097670748726
2015-06-18,0.9500000000000002,5.17,4.22,0.9200885688070335,0.9176402107328557,0.9193892527455291
2015-06-19,0.9400000000000004,5.08,4.14,0.922666092358931,0.9191375789299437,0.9200913304606185
2015-06-22,0.9399999999999995,5.18,4.24,0.9249099569389444,0.9205346728583049,0.9207694928313519
2015-06-23,0.96,5.24,4.28,0.9294523432471128,0.9231775477550055,0.9221058279236563
2015-06-24,0.9700000000000006,5.19,4.22,0.9347012145734362,0.9263131073107634,0.9237372792476817
2015-06-25,0.9699999999999998,5.2,4.23,0.9392706224632359,0.9292386878232142,0.9253131573504304
2015-06-26,0.9699999999999998,5.3,4.33,0.9432485230756307,0.9319683509607278,0.9268353552598325
2015-06-29,0.9799999999999995,5.17,4.19,0.9480059810615258,0.9351848868084419,0.928646338231089
2015-06-30,0.9899999999999993,5.18,4.19,0.953442083158043,0.9388556909574518,0.9307362691848414
2015-07-01,1.0,5.26,4.26,0.9594689792673402,0.9429503424185802,0.933095646128767
2015-07-02,1.0,5.26,4.26,0.9647156970702161,0.9467707873206574,0.9353746540325325
2015-07-03,1.0,5.26,4.26,0.9692832302089656,0.950335388456644,0.9375760305606864
2015-07-06,1.0,5.14,4.14,0.9732594987557776,0.9536612789181891,0.9397024201228726
2015-07-07,1.0200000000000005,5.11,4.09,0.979310030313099,0.9581037846143121,0.9424376504719381
2015-07-08,1.0199999999999996,5.09,4.07,0.984577323968566,0.9622487889938851,0.9450797088340781
2015-07-09,1.0200000000000005,5.2,4.18,0.989162769427379,0.9661162148300912,0.9476317689892089
2015-07-10,1.0300000000000002,5.32,4.29,0.9944491259215511,0.9703943208122253,0.9504375333174028
2015-07-13,1.0500000000000007,5.32,4.27,1.0016401552794143,0.9757252750041112,0.9538289964339098
2015-07-14,1.0600000000000005,5.32,4.26,1.0091948043046197,0.9813689012261441,0.9574455705771042
2015-07-15,1.0699999999999994,5.27,4.2,1.0170660026360556,0.987304260767835,0.9612795876390174
2015-07-16,1.0499999999999998,5.24,4.19,1.0213292900432251,0.9915028068676015,0.964301730583334
2015-07-17,1.0499999999999998,5.21,4.16,1.0250406972970298,0.9954201888951718,0.9672209282444534
2015-07-20,1.0600000000000005,5.24,4.18,1.0295661593394896,0.9997449056519802,0.9703813240273925
2015-07-21,1.04,5.22,4.18,1.0309168141356506,1.0024406688958707,0.9727527917064112
2015-07-22,1.0499999999999998,5.18,4.13,1.033387121796306,1.0056255750244247,0.9753841152011979
2015-07-23,1.0499999999999998,5.13,4.08,1.0355376495218043,1.0085971975173134,0.977925806157966
2015-07-24,1.0699999999999994,5.14,4.07,1.0399987813786982,1.012709159510835,0.9810621912115111
2015-07-27,1.0899999999999999,5.13,4.04,1.046471410963733,1.0178850958800003,0.9847730128977301
2015-07-28,1.1100000000000003,5.17,4.06,1.0546951510290699,1.0240537554437905,0.9890387037961145
2015-07-29,1.1000000000000005,5.19,4.09,1.060559838208311,1.029139648245734,0.9928184528920764
2015-07-30,1.1100000000000003,5.16,4.05,1.0669598393027937,1.0345546241059986,0.9968100865688384
2015-07-31,1.0699999999999994,5.14,4.07,1.0673533863925362,1.0369282948934733,0.9993032037059765
2015-08-03,1.0899999999999999,5.08,3.99,1.0702849777672727,1.0404823482184982,1.0023926695425063
2015-08-04,1.0900000000000007,5.11,4.02,1.0728370762899038,1.0437983972244274,1.0053768968309826
2015-08-05,1.0999999999999996,5.18,4.08,1.076353301463406,1.047562050433144,1.0086001070934425
2015-08-06,1.0900000000000007,5.15,4.06,1.0781198589018357,1.050403992960948,1.0113728862709643
2015-08-07,1.13,5.09,3.96,1.0848357139431106,1.0557342994379686,1.0154137612536251
2015-08-10,1.1100000000000003,5.17,4.06,1.0880932165982302,1.0593683110667673,1.0186357157785177
2015-08-11,1.13,5.09,3.96,1.0935180261036606,1.0640983039773286,1.0224291921257582
2015-08-12,1.1100000000000003,5.11,4.0,1.0956516083403098,1.0671722032433537,1.025412175320972
2015-08-13,1.13,5.17,4.04,1.1000979882923407,1.07137959284048,1.0289748205793043
2015-08-14,1.1399999999999997,5.17,4.03,1.1052632812312486,1.0759748962274793,1.032756745772151
2015-08-17,1.1399999999999997,5.13,3.99,1.1097599299088043,1.0802624658936704,1.0364098447091976
2015-08-18,1.17,5.21,4.04,1.1175579730491116,1.0862719200996351,1.0409604158179024
2015-08-19,1.1799999999999997,5.18,4.0,1.1256410582645524,1.0925486092195615,1.0456966144799076
2015-08-20,1.1599999999999997,5.13,3.97,1.1300888039179473,1.0970656270768093,1.0495902074070405
2015-08-21,1.2000000000000002,5.15,3.95,1.1391387688700632,1.1039588340995101,1.0547137171084093
2015-08-24,1.2100000000000004,5.15,3.94,1.1483117153239766,1.111060093753815,1.0600033379713119
2015-08-25,1.21,5.29,4.08,1.156297229026516,1.1176858032927508,1.0651127749290281
2015-08-26,1.21,5.38,4.17,1.1632490224784708,1.123867808884918,1.0700481657068375
2015-08-27,1.1900000000000004,5.33,4.14,1.1667119214499109,1.1282964838870113,1.0741341655350611
2015-08-28,1.2000000000000002,5.32,4.12,1.1710210444671743,1.1330982538573904,1.0784216179198747
2015-08-31,1.21,5.36,4.15,1.1760668483042038,1.1382481337421568,1.082903660647653
2015-09-01,1.1999999999999993,5.35,4.15,1.179164981309773,1.1423834714924637,1.086892391835456
2015-09-02,1.21,5.37,4.16,1.1831565571099765,1.1469115481292795,1.091085888906822
2015-09-03,1.2199999999999998,5.35,4.13,1.1879259200383214,1.1518060631042677,1.0954771767840459
2015-09-04,1.25,5.28,4.03,1.195961374723272,1.1583818173073985,1.1007407914076786
2015-09-07,1.25,5.28,4.03,1.2029566443255963,1.1645172129231565,1.1058251079941053
2015-09-08,1.25,5.36,4.11,1.209046380218308,1.1702417394487887,1.11073623409269
2015-09-09,1.2199999999999998,5.31,4.09,1.2104643201289165,1.1735739013042354,1.1144581590749891
2015-09-10,1.2199999999999998,5.35,4.13,1.2116987085168167,1.1766829182485077,1.1180533016289251
2015-09-11,1.2699999999999996,5.31,4.04,1.2192457778584234,1.1829320840519204,1.123229163983193
2015-09-14,1.2699999999999996,5.31,4.04,1.225815883324994,1.188762761916088,1.128228717464695
2015-09-15,1.2600000000000007,5.44,4.18,1.230240997972793,1.1935333066417477,1.1327173310901288
2015-09-16,1.2700000000000005,5.45,4.18,1.2353877783891234,1.1986540523430222,1.1373936827681939
2015-09-17,1.2999999999999998,5.39,4.09,1.2437517940808374,1.2054408872774773,1.1429326508731201
2015-09-18,1.29,5.28,3.99,1.249738598285638,1.2111035580948066,1.147942304679673
2015-09-21,1.2799999999999994,5.39,4.11,1.2536559196914316,1.2157173467029556,1.1524406745760076
2015-09-22,1.2800000000000002,5.29,4.01,1.2570661460478576,1.2200221636903352,1.1567858134798192
2015-09-23,1.3099999999999996,5.31,4.0,1.2639184036245275,1.2260477102159844,1.1620048511334902
2015-09-24,1.2999999999999998,5.29,3.99,1.268589145950709,1.231000073831823,1.166705472494446
2015-09-25,1.3100000000000005,5.36,4.05,1.2739497576808163,1.2362904625561189,1.1715866101462649
2015-09-28,1.3199999999999994,5.31,3.99,1.2799109356091114,1.2418962398585731,1.176642115041391
2015-09-29,1.3399999999999994,5.31,3.97,1.2876894311465747,1.248465955194235,1.1822066843021541
2015-09-30,1.3499999999999996,5.35,4.0,1.2957554991853486,1.2552653864320449,1.187922340616695
2015-10-01,1.3800000000000003,5.36,3.98,1.3066609023612046,1.2636184903545034,1.1944652108268135
2015-10-02,1.38,5.33,3.95,1.3161546072389172,1.2714122118958924,1.200785206858207
2015-10-05,1.3600000000000003,5.4,4.04,1.3218303686338997,1.2773446710515957,1.2062086472020879
2015-10-06,1.37,5.37,4.0,1.3280659002804749,1.2835495212494434,1.2117879819687505
2015-10-07,1.3699999999999997,5.35,3.98,1.3334942458678514,1.289338851191579,1.2171772641111034
2015-10-08,1.3600000000000003,5.4,4.04,1.3369254008096696,1.2940708169418516,1.2220423308084765
2015-10-09,1.3899999999999997,5.38,3.99,1.3437958777781418,1.3004949073555738,1.2277635856063662
2015-10-12,1.3899999999999997,5.38,3.99,1.3497769753731583,1.306488795652192,1.2332899534626836
2015-10-13,1.4099999999999997,5.34,3.93,1.3575728119877066,1.313420631349787,1.2393093463636058
2015-10-14,1.4,5.3,3.9,1.3630649875768273,1.3192185926629236,1.2447830599339276
2015-10-15,1.4,5.33,3.93,1.3678462041296575,1.324628281851734,1.2500703187256301
2015-10-16,1.4000000000000004,5.32,3.92,1.372008494892965,1.3296757003388544,1.2551774740729629
2015-10-19,1.4,5.34,3.94,1.3756319794615641,1.3343851083094302,1.2601106609604145
2015-10-20,1.42,5.37,3.95,1.3813753947279306,1.3401184814858478,1.2655570788138828
2015-10-21,1.4200000000000004,5.32,3.9,1.3863753281233095,1.3454679078122378,1.2708179716810528
2015-10-22,1.4099999999999997,5.3,3.89,1.389433528590061,1.3497894289759231,1.2755590225132822
2015-10-23,1.3900000000000001,5.32,3.93,1.3895068579949865,1.3524822106260024,1.279457302327909
2015-10-26,1.3900000000000001,5.29,3.9,1.3895706949497506,1.3549946647445312,1.2832227924211714
2015-10-27,1.4099999999999997,5.3,3.89,1.3922152569807569,1.358678207496105,1.2875412895199632
2015-10-28,1.3899999999999997,5.3,3.91,1.3919284932124434,1.3607757342397957,1.2910314093325397
2015-10-29,1.3600000000000003,5.4,4.04,1.387795367751289,1.360723785638394,1.293380732719553
2015-10-30,1.3699999999999997,5.35,3.98,1.3854917674199463,1.361344985964054,1.2959906662382135
2015-11-02,1.37,5.38,4.01,1.3834863668538868,1.3619245863622484,1.2985116958399663
2015-11-03,1.3600000000000003,5.42,4.06,1.3804460698944307,1.3617957025710394,1.3006062132078429
2015-11-04,1.3600000000000003,5.41,4.05,1.3777993376637887,1.3616754497417671,1.3026293836250389
2015-11-05,1.3900000000000006,5.44,4.05,1.3793787065306256,1.3635722601386264,1.3056055475628692
2015-11-06,1.4100000000000001,5.51,4.1,1.3833426157213804,1.36668138698685,1.3091616058527586
2015-11-09,1.3899999999999997,5.51,4.12,1.3842044103661688,1.3682429647418515,1.3119152583212341
2015-11-10,1.3899999999999997,5.5,4.11,1.384954646179635,1.369699968306118,1.3145751112777682
2015-11-11,1.3899999999999997,5.5,4.11,1.385607764389653,1.3710594007003654,1.3171443598780825
2015-11-12,1.3999999999999995,5.51,4.11,1.3874708311823218,1.3729974660585937,1.319966727149917
2015-11-13,1.3900000000000006,5.48,4.09,1.3877982306610994,1.3741360748929436,1.3223523175205987
2015-11-16,1.3999999999999995,5.51,4.11,1.3893777428288105,1.3758681045844792,1.324997282636325
2015-11-17,1.4000000000000004,5.48,4.08,1.3907527880361448,1.3774841454290034,1.327552150530344
2015-11-18,1.4000000000000004,5.48,4.08,1.3919498344159473,1.3789919648526152,1.3300199902447807
2015-11-19,1.4000000000000004,5.44,4.04,1.392991923816176,1.3803988101201252,1.3324037662789185
2015-11-20,1.42,5.46,4.04,1.3964881040646273,1.3830507833379633,1.3353876155718158
2015-11-23,1.4300000000000006,5.44,4.01,1.4008262001163403,1.3861948319275101,1.3386104607146134
2015-11-24,1.4300000000000006,5.44,4.01,1.4046027320777918,1.3891283329885522,1.3417235239205407
2015-11-25,1.4400000000000004,5.44,4.0,1.4091848884711777,1.3925350563438448,1.345071181476137
2015-11-26,1.4400000000000004,5.44,4.0,1.4131738873005508,1.3957136416273717,1.3483048055258868
2015-11-27,1.4400000000000004,5.44,4.0,1.416646512478449,1.3986793665633155,1.3514282804696254
2015-11-30,1.42,5.41,3.99,1.4170806195491072,1.4001071456031104,1.3537640849687658
2015-12-01,1.4400000000000004,5.36,3.92,1.4200475204380774,1.402778650721128,1.3567015968132548
2015-12-02,1.4599999999999995,5.35,3.89,1.4252193464122913,1.4066105933025614,1.3602203196419966
2015-12-03,1.4500000000000002,5.51,4.06,1.428427188060374,1.4095162520680817,1.363278545142944
2015-12-04,1.4399999999999995,5.43,3.99,1.4299252820470385,1.4115576574738282,1.365891959545602
2015-12-07,1.4299999999999997,5.38,3.95,1.429934954243961,1.4127926859818596,1.3680757147489133
2015-12-08,1.4799999999999995,5.43,3.95,1.436415846215634,1.4172933587485008,1.371888266787028
2015-12-09,1.4400000000000004,5.4,3.96,1.4368798129040803,1.4188139545853609,1.3742084024635535
2015-12-10,1.4699999999999998,5.43,3.96,1.441167202467174,1.4222417309218405,1.3774714159337986
2015-12-11,1.46,5.37,3.91,1.4436050974993564,1.424770289246753,1.380282642475728
2015-12-14,1.4500000000000002,5.46,4.01,1.444432914025841,1.4264598475002896,1.3826574716106637
2015-12-15,1.4900000000000002,5.49,4.0,1.450331547637433,1.4307149414304903,1.3863139521900933
2015-12-16,1.5,5.51,4.01,1.4567611008177206,1.4353547545340875,1.3901865163285243
2015-12-17,1.5100000000000002,5.45,3.94,1.463652846327601,1.4403535233189404,1.3942678034266778
2015-12-18,1.5300000000000002,5.44,3.91,1.4722414479973986,1.4463568796815363,1.3988913403250596
2015-12-21,1.5399999999999996,5.47,3.93,1.4810127543860057,1.4526278793124225,1.4036980192940827
2015-12-22,1.5299999999999998,5.5,3.97,1.4873541257364116,1.4578092587733227,1.4080003284209897
2015-12-23,1.54,5.53,3.99,1.4941691045046162,1.4633133268366458,1.4124967218156854
2015-12-24,1.5099999999999998,5.47,3.96,1.4962184050090115,1.4664397936734945,1.4158180414125052
2015-12-25,1.5099999999999998,5.47,3.96,1.498002424717476,1.46935689037922,1.4190262246710434
2015-12-28,1.52,5.45,3.93,1.5008499984466497,1.4727483079297974,1.4224657621410655
2015-12-29,1.5,5.54,4.04,1.5007399666265318,1.474573272223299,1.425106862916555
2015-12-30,1.5099999999999998,5.54,4.03,1.5019386727305863,1.4769456942021444,1.4279986348147036
2015-12-31,1.46,5.5,4.04,1.4965097351695038,1.4758108917550945,1.4290887187923313
2016-01-01,1.46,5.5,4.04,1.491783570517604,1.4747520836331203,1.4301416705079009
2016-01-04,1.4500000000000002,5.48,4.03,1.4863747108506233,1.4730945106389794,1.4308181181118218
2016-01-05,1.4800000000000004,5.5,4.02,1.4855495081218602,1.4735569506034616,1.4324934335593178
2016-01-06,1.5000000000000004,5.44,3.94,1.4874201161555793,1.4753277625161922,1.4347929550339662
2016-01-07,1.4900000000000002,5.44,3.95,1.487754080666001,1.4763103183679445,1.4366735096547203
2016-01-08,1.4900000000000002,5.44,3.95,1.4880448136586695,1.4772270753936567,1.4384900056814343
2016-01-11,1.4799999999999995,5.47,3.99,1.487003417062167,1.4774127698592374,1.4399039884742335
2016-01-12,1.4900000000000002,5.41,3.92,1.487391323035506,1.478255699006602,1.4416104425330243
2016-01-13,1.4700000000000002,5.36,3.89,1.4851400260650247,1.4777028395413574,1.4425774950805486
2016-01-14,1.5,5.46,3.96,1.4870636413203415,1.4791960136744966,1.4445335164004363
2016-01-15,1.42,5.41,3.99,1.4783822907281126,1.4752318337257693,1.4436978147674548
2016-01-18,1.42,5.41,3.99,1.4708247360798763,1.471533123049218,1.4428905802000163
2016-01-19,1.4100000000000001,5.41,4.0,1.4629510082566743,1.4674124338772143,1.441770206294612
2016-01-20,1.3600000000000003,5.41,4.05,1.449624058229752,1.4602193445087066,1.4389848128836449
2016-01-21,1.4100000000000001,5.47,4.06,1.4444947462119888,1.4568563052399761,1.4379974837514014
2016-01-22,1.4700000000000006,5.49,4.02,1.4477963869478363,1.4577364991582082,1.439087606938471
2016-01-25,1.4299999999999997,5.47,4.04,1.4454926546820746,1.4558790687843413,1.4387780496848586
2016-01-26,1.4399999999999995,5.47,4.03,1.444781633627471,1.4548156950506725,1.4388196737984635
2016-01-27,1.4100000000000001,5.48,4.07,1.4402791707467544,1.4518145220209304,1.4378379699096993
2016-01-28,1.4100000000000001,5.48,4.07,1.4363595491497265,1.4490143285708705,1.4368897064592954
2016-01-29,1.37,5.42,4.05,1.4277693428923715,1.4437229753607517,1.4346111975001523
2016-02-01,1.38,5.46,4.08,1.4215856283632395,1.4394556383304684,1.4327509396314868
2016-02-02,1.3500000000000005,5.36,4.01,1.4123189090955253,1.4334650618413116,1.4299321388427197
2016-02-03,1.3400000000000007,5.4,4.06,1.4029572670500707,1.4272059862539719,1.4268687200460963
2016-02-04,1.4000000000000004,5.4,4.0,1.4025744504962563,1.4253840827422528,1.4259534728042356
2016-02-05,1.4,5.38,3.98,1.4022411893296938,1.423684186658422,1.425069402243374
2016-02-08,1.4100000000000001,5.28,3.87,1.403245563000457,1.4227677976146555,1.4245560830820567
2016-02-09,1.3600000000000003,5.28,3.92,1.3976474492301059,1.418564425980579,1.4223570659020492
2016-02-10,1.3499999999999996,5.27,3.92,1.391479513766892,1.4139728714856636,1.4198923186091985
2016-02-11,1.3699999999999997,5.26,3.89,1.3886990028090946,1.4110281398287323,1.418192803078918
2016-02-12,1.3599999999999999,5.34,3.98,1.3849839330614944,1.4076109379569606,1.4162105425758966
2016-02-15,1.3599999999999999,5.34,3.98,1.3817497770000364,1.4044225758718563,1.4142958051426353
2016-02-16,1.3600000000000003,5.37,4.01,1.3789342806189469,1.4014477288574887,1.412446290695496
2016-02-17,1.38,5.43,4.05,1.3790722373925084,1.4000114386175728,1.4113410509216358
2016-02-18,1.3600000000000003,5.37,4.01,1.3766033470053656,1.3973319922690453,1.4095921862503884
2016-02-19,1.3600000000000003,5.32,3.96,1.3744540530881222,1.394831980426816,1.4079028943300576
2016-02-22,1.3699999999999997,5.34,3.97,1.3738774784248156,1.3931690569834156,1.4066117826048021
2016-02-23,1.3900000000000001,5.32,3.93,1.3759645297609695,1.392956834717587,1.4060459243061803
2016-02-24,1.3999999999999995,5.31,3.91,1.3790759078443247,1.393428494426662,1.4058399779292692
2016-02-25,1.4199999999999995,5.27,3.85,1.3843735085214943,1.3952079086652713,1.4063223202635036
2016-02-26,1.4400000000000004,5.32,3.88,1.3915743265092,1.3982075010247683,1.4074695056686222
2016-02-29,1.4500000000000002,5.29,3.84,1.3991374970316286,1.4016758897419725,1.4089182504381899
2016-03-01,1.46,5.37,3.91,1.4070161137572723,1.40558168092723,1.4106582823532068
2016-03-02,1.44,5.34,3.9,1.4112858592516981,1.4078865727918648,1.4116577689719072
2016-03-03,1.4099999999999997,5.3,3.89,1.4111194054958853,1.4080281026895984,1.4116012992749294
2016-03-04,1.3899999999999997,5.31,3.92,1.4083855103509222,1.4068208145842087,1.4108654797216322
2016-03-07,1.3899999999999997,5.3,3.91,1.4060055163924818,1.4056943749515902,1.4101547248835693
2016-03-08,1.3599999999999999,5.21,3.85,1.400050128210204,1.4026343593574866,1.4084462708322707
2016-03-09,1.3699999999999997,5.26,3.89,1.3961601560405137,1.400448933938203,1.407136649708574
2016-03-10,1.3500000000000005,5.23,3.88,1.3901847498429063,1.3970705197522042,1.4051903656665647
2016-03-11,1.3800000000000003,5.24,3.86,1.3888663397127723,1.395927358111487,1.404332289336236
2016-03-14,1.3700000000000006,5.19,3.82,1.38642410266429,1.3941910805014068,1.4031628055250294
2016-03-15,1.37,5.16,3.79,1.3842980118260313,1.3925710762087353,1.4020331586256956
2016-03-16,1.35,5.16,3.81,1.3798581535150887,1.3897202185879778,1.4002607182252684
2016-03-17,1.3200000000000003,5.11,3.79,1.3721095492604263,1.385051264119741,1.3975267435193872
2016-03-18,1.2799999999999998,5.05,3.77,1.3601860199936162,1.3780162952263653,1.3935233511856089
2016-03-21,1.2400000000000002,5.07,3.83,1.3446280074057617,1.3687737568158826,1.388293782248467
2016-03-22,1.25,5.04,3.79,1.3323784651506756,1.3608198336379884,1.3835829883382162
2016-03-23,1.21,4.95,3.74,1.3165366417722357,1.350719880562336,1.377670114519221
2016-03-24,1.1999999999999997,4.97,3.77,1.3014510391394585,1.3406266210451465,1.3716180181783533
2016-03-25,1.1999999999999997,4.97,3.77,1.2883182592698326,1.331209276923466,1.3657720784565561
2016-03-28,1.2000000000000002,4.94,3.74,1.2768855103566858,1.3224225841652828,1.3601252729025675
2016-03-29,1.1900000000000004,4.9,3.71,1.265638229983284,1.3135546398507685,1.3543301815648436
2016-03-30,1.1800000000000006,4.94,3.76,1.2545524093516311,1.3046108851535834,1.3483918556015468
2016-03-31,1.1800000000000002,4.9,3.72,1.2449016419561456,1.2962660669528974,1.3426558108206008
2016-04-01,1.1699999999999995,4.89,3.72,1.235205666596727,1.2878104061786484,1.336774520071594
2016-04-04,1.17,4.88,3.71,1.22676482978588,1.2799209957110307,1.3310935676761584
2016-04-05,1.1799999999999997,4.81,3.63,1.220711148912545,1.2732295855455995,1.3259467660852662
2016-04-06,1.1999999999999997,4.84,3.64,1.218030102352326,1.2683256192706112,1.3216565568723584
2016-04-07,1.1799999999999997,4.76,3.58,1.2131071270250264,1.2624107167773995,1.3168312145134196
2016-04-08,1.1800000000000002,4.79,3.61,1.208821428080753,1.2568919176095095,1.3121702410294205
2016-04-11,1.1700000000000004,4.78,3.61,1.2037960160836594,1.2510730258275704,1.307327400702319
2016-04-12,1.1700000000000004,4.82,3.65,1.1994211408387945,1.245643807820839,1.3026495252951893
2016-04-13,1.1800000000000002,4.78,3.6,1.1969070850970658,1.2412478383869445,1.29847163220801
2016-04-14,1.17,4.79,3.62,1.1934239780879072,1.236476583790702,1.2940954167859884
2016-04-15,1.1600000000000001,4.75,3.59,1.189097262952025,1.2313551757567538,1.2895276346159046
2016-04-18,1.1599999999999997,4.77,3.61,1.1853306386532607,1.2265767330979587,1.2851154478752056
2016-04-19,1.23,4.75,3.52,1.191113062317518,1.2268059790415595,1.2832380133876249
2016-04-20,1.2100000000000004,4.78,3.57,1.1935579657615765,1.2256805329008513,1.2807432577893911
2016-04-21,1.2200000000000002,4.79,3.57,1.196980872199045,1.2253001246060045,1.27867411943602
2016-04-22,1.1900000000000004,4.78,3.59,1.1960772022251769,1.2229361808627626,1.2756535533986724
2016-04-25,1.17,4.79,3.62,1.1927015230863145,1.2193912031909169,1.2720546055077788
2016-04-26,1.1400000000000001,4.79,3.65,1.1858793406093548,1.2140746118149277,1.2675563408618027
2016-04-27,1.1400000000000006,4.73,3.59,1.1799402858111288,1.2091140566586096,1.263211303623136
2016-04-28,1.1000000000000005,4.73,3.63,1.1695920608429313,1.2018070147028992,1.2576517274607704
2016-04-29,1.0600000000000005,4.69,3.63,1.155405430299597,1.19231062314915,1.2509189840291106
2016-05-02,1.06,4.74,3.68,1.1430552510888234,1.1834501765289507,1.2444155825551404
2016-05-03,1.0100000000000002,4.66,3.65,1.1258313237848825,1.1718347370893942,1.2364305272560914
2016-05-04,0.9799999999999995,4.64,3.66,1.106953541067149,1.1589881386271945,1.2276955621220116
2016-05-05,0.9900000000000002,4.62,3.63,1.0918139710554828,1.1476715085175682,1.2195987786778635
2016-05-06,0.9900000000000002,4.66,3.67,1.078634209853766,1.1371127192722679,1.2117778014017235
2016-05-09,1.0,4.66,3.66,1.0684550556825416,1.1279306906403506,1.2045638720337557
2016-05-10,1.0100000000000002,4.66,3.65,1.060888081651943,1.120033225082168,1.1979363122936895
2016-05-11,1.02,4.63,3.61,1.055595142514197,1.11333429925149,1.1918751482793912
2016-05-12,1.02,4.66,3.64,1.05098737136634,1.1070839804436095,1.1860204497624085
2016-05-13,1.0400000000000005,4.61,3.57,1.049565062332111,1.1025915669574975,1.1810464571914556
2016-05-16,1.0300000000000002,4.65,3.62,1.0470323760341431,1.0977303268786984,1.1759012603566186
2016-05-17,1.0400000000000005,4.65,3.61,1.0461220389178336,1.0938642995900298,1.1712719645251317
2016-05-18,1.0300000000000002,4.74,3.71,1.0440350500614022,1.0895874984988885,1.1664597227934068
2016-05-19,1.04,4.7,3.66,1.0435127151038817,1.0862667720672448,1.162152040391917
2016-05-20,1.04,4.71,3.67,1.043057996112383,1.083168424750653,1.1579910934668478
2016-05-23,1.02,4.7,3.68,1.0400731515041148,1.0789382243157695,1.153290610247692
2016-05-24,1.0299999999999998,4.71,3.68,1.0387691877160743,1.0756609778338415,1.1490908794535597
2016-05-25,1.0500000000000003,4.74,3.69,1.0402230100399557,1.0739425389140689,1.1457154803293057
2016-05-26,1.0600000000000005,4.69,3.63,1.0427831302499817,1.073008848792612,1.1427956964013195
2016-05-27,1.0500000000000003,4.7,3.65,1.0437173499738868,1.071468015020789,1.139634734321915
2016-05-30,1.0500000000000003,4.7,3.65,1.0445306354807746,1.070030366277204,1.1365814462150645
2016-05-31,1.0499999999999998,4.68,3.63,1.0452386416369166,1.0686889925691976,1.1336321643099834
2016-06-01,1.04,4.67,3.63,1.0445605024279243,1.0667677765610157,1.1304427090628733
2016-06-02,1.0499999999999998,4.64,3.59,1.0452646423245815,1.0656448887261454,1.127702535080961
2016-06-03,1.0600000000000005,4.57,3.51,1.0471721260752946,1.0652668674150478,1.1253963381950092
2016-06-06,1.0499999999999998,4.59,3.54,1.0475381927619174,1.0642444909756579,1.1228280621304632
2016-06-07,1.0500000000000003,4.58,3.53,1.0478568723221606,1.063290580027937,1.1203472709770101
2016-06-08,1.0399999999999996,4.56,3.52,1.0468398046258027,1.0617308795580935,1.117610347966663
2016-06-09,1.04,4.53,3.49,1.045954395769828,1.060275627562814,1.1149666546014985
2016-06-10,1.02,4.5,3.48,1.0425946138574342,1.0575784892709548,1.1117317417160453
2016-06-13,1.0100000000000002,4.48,3.47,1.038375259454009,1.0543923001772808,1.1082663851283274
2016-06-14,1.0499999999999998,4.5,3.45,1.0398800755695161,1.054098160974136,1.1062816181505777
2016-06-15,1.0699999999999998,4.5,3.43,1.0437790828206055,1.0551630595627612,1.1050457330438221
2016-06-16,1.0399999999999996,4.47,3.43,1.0432898826782209,1.0541476348246939,1.102830036588575
2016-06-17,1.0399999999999996,4.51,3.47,1.0428640092187034,1.0532002100436544,1.100689814888582
2016-06-20,1.04,4.54,3.5,1.0424932648386276,1.052316231465945,1.0986224969966054
2016-06-21,1.0000000000000004,4.57,3.57,1.0369925356415586,1.048812769950603,1.0952630526983027
2016-06-22,0.9899999999999998,4.55,3.56,1.030909378373472,1.044874254687577,1.0916774066948212
2016-06-23,0.9799999999999995,4.6,3.62,1.0243191880200815,1.0405298199248707,1.0878732642466427
2016-06-24,1.0,4.55,3.55,1.0211710828297864,1.0378156591309502,1.084879978277045
2016-06-27,1.0,4.42,3.42,1.0184304980830594,1.0352832575658866,1.0819886546161497
2016-06-28,0.9900000000000002,4.41,3.42,1.0147501861209969,1.032250773273231,1.0788551833426592
2016-06-29,1.0300000000000002,4.4,3.37,1.016724265937473,1.0321000457203937,1.0771909964469586
2016-06-30,1.02,4.41,3.39,1.0171483078666588,1.0312897418562312,1.075242861155529
2016-07-01,0.9800000000000004,4.32,3.34,1.0123394803388177,1.02785502127927,1.0719985396608704
2016-07-04,0.9800000000000004,4.32,3.34,1.0081531528256618,1.024650313664255,1.0688647316664681
2016-07-05,0.98,4.2,3.22,1.0045087430509418,1.0216602157312167,1.0658376726767997
2016-07-06,0.98,4.21,3.23,1.0013361000686773,1.018870355711766,1.0629137264288806
2016-07-07,0.9700000000000002,4.19,3.22,0.9972796595662907,1.015597654187217,1.0597487438134403
2016-07-08,0.9700000000000002,4.15,3.18,0.9937483230019608,1.01254411569336,1.056691572124771
2016-07-11,0.9599999999999995,4.18,3.22,0.9893796215996565,1.0090253934530315,1.0533979022161732
2016-07-12,0.9300000000000006,4.23,3.3,0.9816929630318918,1.0037332992608554,1.0491945166637175
2016-07-13,0.9299999999999997,4.17,3.24,0.9750013380858591,0.9987956007852347,1.0451343138541227
2016-07-14,0.9500000000000006,4.23,3.28,0.9717649289538015,0.9955279053744833,1.0418936898790354
2016-07-15,0.9299999999999997,4.26,3.33,0.9663584824267545,0.991139697580695,1.0380821800316107
2016-07-18,0.9199999999999999,4.26,3.34,0.9603574029901645,0.9863756848507397,1.0340598674911767
2016-07-19,0.9200000000000004,4.23,3.31,0.9551331599062564,0.98193070380159,1.0301745696820817
2016-07-20,0.9100000000000001,4.25,3.34,0.9492906977797255,0.9771137197513455,1.026080982668833
2016-07-21,0.8999999999999999,4.25,3.35,0.9429100447173991,0.9719496446281289,1.0217862015463697
2016-07-22,0.8900000000000006,4.23,3.34,0.936060869232755,0.9664617220827614,1.01729707972465
2016-07-25,0.9300000000000006,4.23,3.3,0.9352762931246391,0.9640199896314625,1.0143234207150882
2016-07-26,0.9099999999999997,4.22,3.31,0.9320042912176925,0.9604024325286308,1.0107697820264145
2016-07-27,0.9000000000000004,4.19,3.29,0.9278613537474554,0.9563574623182886,1.0069965566064
2016-07-28,0.9000000000000004,4.2,3.3,0.9242547171990398,0.9525833716622557,1.0033518610959855
2016-07-29,0.9199999999999999,4.17,3.25,0.9237039464542898,0.9504013607363901,1.0005125907161099
2016-08-01,0.9200000000000004,4.24,3.32,0.9232244726722006,0.9483654725546637,0.9977700363085478
2016-08-02,0.9299999999999997,4.3,3.37,0.924101560868156,0.947135591798665,0.9954615400829822
2016-08-03,0.8499999999999996,4.31,3.46,0.9145091555548952,0.9406307118006065,0.9905065860275101
2016-08-04,0.8499999999999996,4.27,3.42,0.9061584817060713,0.93456144415643,0.9857204158971761
2016-08-05,0.9000000000000004,4.32,3.42,0.9053612697182692,0.9322469676331062,0.9828004638456292
2016-08-08,0.8899999999999997,4.3,3.41,0.9033727620061829,0.9294178145940758,0.9796393393695699
2016-08-09,0.8799999999999999,4.25,3.37,0.9003471711302687,0.9261084513859219,0.9762452576871392
2016-08-10,0.9100000000000001,4.21,3.3,0.9015967243900544,0.9250297165856319,0.9739887010189956
2016-08-11,0.9399999999999995,4.27,3.33,0.9065680067853455,0.9260322316817383,0.9728309210872127
2016-08-12,0.94,4.22,3.28,0.9108957594748703,0.9269676113409193,0.9717125793902036
2016-08-15,0.9199999999999999,4.25,3.33,0.912074298282465,0.9265010112532838,0.9699510590954079
2016-08-16,0.9299999999999997,4.27,3.34,0.9143947702723215,0.9267353280622977,0.9685901793592779
2016-08-17,0.94,4.25,3.31,0.9177093528372428,0.9276236234602113,0.9676162928936038
2016-08-18,0.9500000000000006,4.23,3.28,0.9218893589232654,0.929122102457327,0.9670162172869127
2016-08-19,0.9500000000000002,4.25,3.3,0.9255282655760336,0.9305202327987608,0.9664365824583079
2016-08-22,0.9500000000000002,4.2,3.25,0.928696117812383,0.9318247345337872,0.9658766921198484
2016-08-23,0.9400000000000004,4.19,3.25,0.9301593989941371,0.9323722076054519,0.9649952369909649
2016-08-24,0.9500000000000002,4.2,3.25,0.9327277536182125,0.933552688127925,0.9644844441704107
2016-08-25,0.94,4.21,3.27,0.9336691418159067,0.9339844453166272,0.9636504141177319
2016-08-26,0.9500000000000002,4.25,3.3,0.9357831622087285,0.9350569591026513,0.9631854309011858
2016-08-29,0.94,4.16,3.22,0.9363290294854801,0.9353879797642579,0.9623956500092321
2016-08-30,0.9500000000000002,4.19,3.24,0.9380987289177801,0.9363665030470492,0.9619734086645548
2016-08-31,0.9500000000000002,4.19,3.24,0.9396393417554337,0.9372794975528803,0.961565550410157
2016-09-01,0.9500000000000002,4.19,3.24,0.9409805231290743,0.9381313515479126,0.9611715853051823
2016-09-02,0.9500000000000006,4.23,3.28,0.9421480893293793,0.9389261594292502,0.9607910400979587
2016-09-05,0.9500000000000006,4.23,3.28,0.9431645147427404,0.9396677414044716,0.960423457657503
2016-09-06,0.9400000000000004,4.19,3.25,0.9427548700918517,0.9396899917686503,0.9597277597136405
2016-09-07,0.9100000000000006,4.19,3.28,0.9385147706091529,0.937701741838607,0.9580338496634508
2016-09-08,0.9200000000000004,4.28,3.36,0.9361180439830966,0.9365163091430878,0.9567382771187931
2016-09-09,0.9099999999999997,4.34,3.43,0.9327370779016776,0.93474059124429,0.9551461998203991
2016-09-12,0.9300000000000002,4.36,3.43,0.9323827647090909,0.9344231280303131,0.9542896279409269
2016-09-13,0.9199999999999999,4.43,3.51,0.9307798227926625,0.9334572542934415,0.9531215973334577
2016-09-14,0.9000000000000004,4.4,3.5,0.9267953920703073,0.9312167220620174,0.951312080714904
2016-09-15,0.9099999999999997,4.43,3.52,0.9246212380275851,0.9297959016561291,0.9499048395860012
2016-09-16,0.9000000000000004,4.41,3.51,0.9214340326339622,0.9278005592577547,0.9482048975452854
2016-09-19,0.9000000000000004,4.4,3.5,0.9186594091832033,0.9259388389706592,0.9465628617710913
2016-09-20,0.8899999999999997,4.39,3.5,0.9149494648081717,0.9235321224371538,0.9446361230526514
2016-09-21,0.8900000000000001,4.36,3.47,0.9117197706426907,0.9212865765101161,0.9427750161281643
2016-09-22,0.8800000000000003,4.32,3.44,0.9076136642006183,0.918521737991547,0.940636668627037
2016-09-23,0.8599999999999999,4.3,3.44,0.9014501021904407,0.9146027122681863,0.9378898876703294
2016-09-26,0.8599999999999999,4.29,3.43,0.8960844098105701,0.9109461319736095,0.9352366721566466
2016-09-27,0.8599999999999999,4.25,3.39,0.8914133032868,0.907534421922566,0.9326738349035134
2016-09-28,0.8699999999999997,4.26,3.39,0.8886413632383545,0.9050208539720165,0.9305389340063416
2016-09-29,0.8600000000000003,4.23,3.37,0.8849337549007186,0.9020059420630523,0.9281361189603575
2016-09-30,0.8500000000000001,4.29,3.44,0.8804116000068692,0.8985232597007796,0.9254745159050027
2016-10-03,0.8599999999999999,4.29,3.43,0.8777693298837552,0.8959434722423678,0.9232442135314097
2016-10-04,0.8599999999999994,4.35,3.49,0.8754691001396977,0.8935364454325165,0.921089883444269
2016-10-05,0.8500000000000005,4.36,3.51,0.8721721394732593,0.8906209399227799,0.9186683010378524
2016-10-06,0.8300000000000005,4.36,3.53,0.8667129797738486,0.8865613369259244,0.9156479331965062
2016-10-07,0.8600000000000003,4.36,3.5,0.8658439883235194,0.8847826036512124,0.9137523603040882
2016-10-10,0.8600000000000003,4.36,3.5,0.8650874873269359,0.8831229868227618,0.9119213575831766
2016-10-11,0.8500000000000001,4.37,3.52,0.8631344205911872,0.8809048394838758,0.9098120888259362
2016-10-12,0.8799999999999999,4.39,3.51,0.8653176603453425,0.8808442450905013,0.9087965796381062
2016-10-13,0.8599999999999999,4.34,3.48,0.8646292922090554,0.8794483683531169,0.9071343889997212
2016-10-14,0.8699999999999997,4.43,3.56,0.8653245273072943,0.8788156393896503,0.9058694553872578
2016-10-17,0.8699999999999997,4.39,3.52,0.8659297646136893,0.8782252823920352,0.9046476100573013
2016-10-18,0.8900000000000001,4.37,3.48,0.8690456430257769,0.8790138000057396,0.9041486586862723
2016-10-19,0.9099999999999997,4.38,3.47,0.8743471614666595,0.8810888531229975,0.9043479768521315
2016-10-20,0.8899999999999997,4.35,3.46,0.876373412597617,0.8816856059713265,0.9038592320880466
2016-10-21,0.8899999999999997,4.34,3.45,0.8781373666610517,0.882242396066611,0.9033871357648452
2016-10-24,0.8800000000000003,4.36,3.48,0.8783784834975644,0.8820922295102405,0.9025904840647615
2016-10-25,0.8799999999999994,4.35,3.47,0.8785883878954106,0.8819521191589211,0.901820969246151
2016-10-26,0.8699999999999997,4.39,3.52,0.8774766259201553,0.8811517214940526,0.9007370302164575
2016-10-27,0.8500000000000005,4.44,3.59,0.8739197921722681,0.8790655838971174,0.8990087407078339
2016-10-28,0.8199999999999998,4.46,3.64,0.866939905448378,0.8751101384403958,0.8963174129523
2016-10-31,0.8400000000000003,4.45,3.61,0.8634525498632298,0.8727589175023139,0.8943990351216893
2016-11-01,0.8400000000000003,4.44,3.6,0.8604166304941653,0.8705651507966915,0.8925460042824982
2016-11-02,0.8300000000000005,4.44,3.61,0.8564792148102657,0.8678486239999789,0.890415457765554
2016-11-03,0.8400000000000003,4.49,3.65,0.8543459897357547,0.8659836849608841,0.8886981221951248
2016-11-04,0.8399999999999999,4.46,3.62,0.8524889094455016,0.8642436353102037,0.8870392853786924
2016-11-07,0.8200000000000003,4.49,3.67,0.8482832384186583,0.8612807714099429,0.8847556812124392
2016-11-08,0.7999999999999998,4.5,3.7,0.8420330004031239,0.8571769814723023,0.8818685915658679
2016-11-09,0.8800000000000003,4.73,3.85,0.8469478071142758,0.8587053707472022,0.8818049404773943
2016-11-10,0.8799999999999999,4.75,3.87,0.8512263948651606,0.8601314083645949,0.8817434575786621
2016-11-11,0.8799999999999999,4.75,3.87,0.8549511218418053,0.8614619485087948,0.8816840690131691
2016-11-14,0.8599999999999999,4.83,3.97,0.8556046962753702,0.8613640461906336,0.8809454300187336
2016-11-15,0.9100000000000001,4.82,3.91,0.8626461377018598,0.8646210505210009,0.8819351353338055
2016-11-16,0.9099999999999997,4.77,3.86,0.8687760685021069,0.8676599430148119,0.8828911276525634
2016-11-17,0.8700000000000001,4.83,3.96,0.8689345057450732,0.8678166496307433,0.8824520085204187
2016-11-18,0.8700000000000001,4.86,3.99,0.8690724333761848,0.8679628620733995,0.8820278473979543
2016-11-21,0.8499999999999996,4.85,4.0,0.8666035176190654,0.8667599429369068,0.8809368613389451
2016-11-22,0.8300000000000001,4.84,4.01,0.8618652128818971,0.8642982395271446,0.8792017648486946
2016-11-23,0.8300000000000001,4.85,4.02,0.8577402790238864,0.8620013890304578,0.8775257721145716
2016-11-24,0.8300000000000001,4.85,4.02,0.854149315530236,0.8598583517404212,0.8759068698456681
2016-11-25,0.8200000000000003,4.84,4.02,0.8497287058710241,0.8571891571620915,0.8740024766204039
2016-11-28,0.81,4.79,3.98,0.8445858472750462,0.8540290404750469,0.8718223173088111
2016-11-29,0.8099999999999996,4.76,3.95,0.8401087288273651,0.8510805473489281,0.8697164222268999
2016-11-30,0.8100000000000005,4.82,4.01,0.836211170840793,0.8483295059869399,0.8676822616623777
2016-12-01,0.79,4.87,4.08,0.8302291608060258,0.8444233534658587,0.8650361186527364
2016-12-02,0.79,4.82,4.03,0.8250215186006161,0.8407787842937153,0.8624801129881934
2016-12-05,0.79,4.81,4.02,0.8204880027452521,0.8373782810161675,0.8600111742598736
2016-12-06,0.79,4.83,4.04,0.8165413479636531,0.8342054992703863,0.8576263366483
2016-12-07,0.7800000000000002,4.78,4.0,0.8118110910533579,0.8305755191419949,0.8549820986499431
2016-12-08,0.7800000000000002,4.83,4.05,0.8076931632355651,0.8271886279235826,0.8524279331050066
2016-12-09,0.7800000000000002,4.9,4.12,0.8041082988541727,0.8240285466780577,0.8499607718150645
2016-12-12,0.79,4.9,4.11,0.8022819875146501,0.8217497567046781,0.8479182878065438
2016-12-13,0.7800000000000002,4.87,4.09,0.7993975967822359,0.8189539003940998,0.845604741590714
2016-12-14,0.7800000000000002,4.86,4.08,0.7968865888053666,0.8163452742167338,0.8433700032521974
2016-12-15,0.7699999999999996,4.84,4.07,0.793406135029623,0.8132416698460327,0.8408707515946314
2016-12-16,0.7699999999999996,4.88,4.11,0.7903762240346234,0.8103459045754908,0.8384566336234629
2016-12-19,0.7700000000000005,4.82,4.05,0.7877385333111894,0.8076440600423288,0.8361247493728009
2016-12-20,0.7599999999999998,4.85,4.09,0.7841477957990642,0.8044534798702533,0.8335316609494872
2016-12-21,0.7599999999999998,4.81,4.05,0.7810218772352352,0.8014765633075636,0.831026902637294
2016-12-22,0.7600000000000007,4.82,4.06,0.7783006070686761,0.7986990019415219,0.8286074655883702
2016-12-23,0.7599999999999998,4.8,4.04,0.775931603792297,0.7961074455509868,0.8262704434472679
2016-12-26,0.7599999999999998,4.8,4.04,0.7738692666555949,0.7936894379391896,0.8240130288596754
2016-12-27,0.75,4.82,4.07,0.7707794035324935,0.7907636869789638,0.8214918733893235
2016-12-28,0.7599999999999998,4.77,4.01,0.7693840158172085,0.7887035348926845,0.8193972344403945
2016-12-29,0.75,4.76,4.01,0.7668747658886118,0.7861116749439707,0.8170333098728916
2016-12-30,0.7500000000000004,4.73,3.98,0.7646903369498212,0.7836933841023779,0.8147499092543026
2017-01-02,0.7500000000000004,4.73,3.98,0.7627886811066769,0.7814370389640404,0.8125442896433179
2017-01-03,0.7799999999999998,4.72,3.94,0.7650166766423483,0.7813408047635735,0.8114357116655334
2017-01-04,0.7799999999999998,4.71,3.93,0.7669562594109482,0.7812510150796237,0.8103648959233453
2017-01-05,0.77,4.62,3.85,0.7673502699156738,0.7804975682575671,0.8089899193856296
2017-01-06,0.75,4.66,3.91,0.7651042872484296,0.7784552373459559,0.8069805061749277
2017-01-09,0.7400000000000002,4.62,3.88,0.7618545514052681,0.7758800051411553,0.8046989042441376
2017-01-10,0.75,4.62,3.87,0.7603199864034791,0.7741468986178401,0.802835658761794
2017-01-11,0.7599999999999998,4.6,3.84,0.7602785643437958,0.7731995231383713,0.8013765189714446
2017-01-12,0.7500000000000004,4.61,3.86,0.7589480099793671,0.771645920476022,0.7996264461282149
2017-01-13,0.73,4.63,3.9,0.7552007063938398,0.7688570177670467,0.7972547137691713
2017-01-16,0.73,4.63,3.9,0.7519384891466175,0.7662548795293864,0.7949637713210846
2017-01-17,0.75,4.59,3.84,0.7516875528185313,0.7651663388743739,0.7934321402045048
2017-01-18,0.7299999999999995,4.64,3.91,0.7488801113226868,0.7628113543613542,0.7912714086449855
2017-01-19,0.7299999999999995,4.68,3.95,0.7464360915470586,0.7606140761161485,0.7891842795345912
2017-01-20,0.7200000000000002,4.69,3.97,0.7430139543876397,0.7578942729371537,0.7868276089929535
2017-01-23,0.71,4.62,3.91,0.7387403165887922,0.7546869367560328,0.784210578590727
2017-01-24,0.7300000000000004,4.69,3.96,0.7376088875297596,0.7530337264533613,0.7823639672728187
2017-01-25,0.7200000000000006,4.74,4.02,0.7353294269580504,0.7508215566143883,0.7802396216046957
2017-01-26,0.71,4.71,4.0,0.7320505469062988,0.7480878590871118,0.77784700223791
2017-01-27,0.7299999999999995,4.68,3.95,0.7317851047643436,0.7468765692745442,0.7762171576917457
2017-01-30,0.75,4.7,3.95,0.7341430126922194,0.7470857360863699,0.7753241050556087
2017-01-31,0.6899999999999995,4.68,3.99,0.7284287245647995,0.7432628751147463,0.7724176528062124
2017-02-01,0.7000000000000002,4.71,4.01,0.7247486421836766,0.7403656897907951,0.7699508417009868
2017-02-02,0.71,4.71,4.0,0.7228394387608527,0.7383321903855842,0.7679086959486058
2017-02-03,0.6900000000000004,4.73,4.04,0.718588391911589,0.7350955281829882,0.7652548397559182
2017-02-06,0.6999999999999997,4.67,3.97,0.7161821350494029,0.7327452856501377,0.7630320203584107
2017-02-07,0.6799999999999997,4.64,3.96,0.711498378048514,0.7292130916596115,0.7602036449282162
2017-02-08,0.6799999999999997,4.59,3.91,0.7074209307530481,0.7259174381339424,0.7574716143483531
2017-02-09,0.6999999999999997,4.64,3.94,0.7064602954472475,0.7241818248350823,0.7555139201810327
2017-02-10,0.6699999999999995,4.64,3.97,0.7017405307395443,0.7205534301128,0.752601002131639
2017-02-13,0.6800000000000002,4.66,3.98,0.6989262312816671,0.7178376882152246,0.7501279454753004
2017-02-14,0.6799999999999997,4.68,4.0,0.696476241303328,0.715303811428288,0.7477391302074534
2017-02-15,0.6900000000000004,4.7,4.01,0.6956378955146538,0.7136092908742189,0.7457723234679012
2017-02-16,0.6700000000000004,4.65,3.98,0.6923190843820091,0.7106889071231713,0.7431912399646905
2017-02-17,0.6799999999999997,4.63,3.95,0.6907243858480504,0.7086337628201278,0.7410387143517022
2017-02-20,0.6799999999999997,4.63,3.95,0.6893361201410252,0.7067162453830192,0.7389595116631755
2017-02-21,0.6799999999999997,4.63,3.95,0.6881275646477697,0.7049271383523499,0.7369511342511295
2017-02-22,0.69,4.63,3.94,0.6883699503493803,0.7039275125519768,0.7353518062573935
2017-02-23,0.7000000000000002,4.61,3.91,0.6898754537254912,0.7036644987856693,0.734147593957129
2017-02-24,0.69,4.54,3.85,0.6898915761705698,0.702749428179844,0.7326437648378139
2017-02-27,0.7000000000000002,4.57,3.87,0.6912001059412537,0.7025653071996554,0.7315317983697239
2017-02-28,0.71,4.55,3.84,0.6936337416372509,0.7030631863353373,0.7307983462724011
2017-03-01,0.6899999999999995,4.64,3.95,0.6931633558291813,0.7021883838254624,0.7294086048245678
2017-03-02,0.7000000000000002,4.65,3.95,0.6940483555660387,0.702041834307302,0.7284068397830445
2017-03-03,0.7000000000000002,4.65,3.95,0.6948187925854769,0.7019050987719646,0.7274391985363903
2017-03-06,0.6800000000000002,4.66,3.98,0.6929005082326554,0.7004381798371153,0.7258232452813778
2017-03-07,0.6699999999999999,4.67,4.0,0.6899360503417056,0.698399825990359,0.7239217006157652
2017-03-08,0.6499999999999995,4.72,4.07,0.6847663511207941,0.6951586344336456,0.7214036561206737
2017-03-09,0.6599999999999993,4.77,4.11,0.6815603609189969,0.6928041658639733,0.7193120221757672
2017-03-10,0.6499999999999995,4.76,4.11,0.6774748899758616,0.6899376989263006,0.716951000250818
2017-03-13,0.6600000000000001,4.79,4.13,0.6752127753120242,0.6879328607889346,0.7150110401108731
2017-03-14,0.6500000000000004,4.78,4.13,0.6719489957501413,0.685392610579449,0.7127965254242827
2017-03-15,0.6399999999999997,4.71,4.07,0.6678132162470309,0.6823528032426086,0.7103168085268159
2017-03-16,0.6600000000000001,4.74,4.08,0.6668017998050072,0.6808559028786847,0.7086028333116069
2017-03-17,0.6600000000000001,4.72,4.06,0.6659213106516765,0.6794592454541003,0.7069472423843597
2017-03-20,0.6699999999999999,4.7,4.03,0.6664492946903071,0.6788257880837201,0.7056886836726448
2017-03-21,0.6699999999999999,4.66,3.99,0.6669089314925483,0.6782347514584232,0.7044729960909146
2017-03-22,0.6699999999999999,4.63,3.96,0.667309068569651,0.6776832947878146,0.7032987192910987
2017-03-23,0.6800000000000002,4.65,3.97,0.6689519024945573,0.6778384376053658,0.7025050793806944
2017-03-24,0.6800000000000002,4.62,3.94,0.6703820724932864,0.6779831909725409,0.7017384737591502
2017-03-27,0.6900000000000004,4.61,3.92,0.672921602158328,0.6787879207243834,0.7013386182500942
2017-03-28,0.6899999999999995,4.64,3.95,0.675132391138737,0.6795387601321236,0.7009523832875763
2017-03-29,0.7000000000000002,4.62,3.92,0.6783514890979999,0.680908988155523,0.7009199416165308
2017-03-30,0.7100000000000004,4.65,3.94,0.6824483710067804,0.6828571261919151,0.7012292417386485
2017-03-31,0.6999999999999997,4.64,3.94,0.684720419493188,0.6840051331673045,0.7011873692523913
2017-04-03,0.7000000000000002,4.61,3.91,0.6866983525828664,0.6850762615498573,0.7011469230967331
2017-04-04,0.69,4.62,3.93,0.687125748981209,0.6854059895843185,0.7007672179748659
2017-04-05,0.69,4.63,3.94,0.6874978191565371,0.6857136367187054,0.7004004470033754
2017-04-06,0.6900000000000004,4.61,3.92,0.6878217250572546,0.6860006816448403,0.7000461695976179
2017-04-07,0.69,4.62,3.93,0.6881037015215791,0.6862685040309773,0.6997039601808794
2017-04-10,0.7000000000000002,4.61,3.91,0.6896436706584719,0.6871880612377472,0.699714044383903
2017-04-11,0.7099999999999995,4.56,3.85,0.6922787860250912,0.6887157085339007,0.7000644217927035
2017-04-12,0.7099999999999995,4.56,3.85,0.694572787191852,0.6901410538606441,0.7004028640606983
2017-04-13,0.6899999999999995,4.52,3.83,0.6939808424657,0.6901316079055645,0.7000485043210951
2017-04-14,0.6899999999999995,4.52,3.83,0.6934655246509083,0.6901227945178386,0.699706215375104
2017-04-17,0.69,4.55,3.86,0.6930169144369648,0.6901145713363233,0.6993755860471819
2017-04-18,0.6999999999999997,4.47,3.77,0.6939208709295546,0.6907765689213059,0.6993968558786854
2017-04-19,0.7000000000000002,4.5,3.8,0.694707810763374,0.6913942345084125,0.6994174011816447
2017-04-20,0.6999999999999997,4.52,3.82,0.6953928816789855,0.6919705368789199,0.6994372466361619
2017-04-21,0.7000000000000002,4.53,3.83,0.695989270550469,0.6925082460037042,0.6994564160816441
2017-04-24,0.7099999999999995,4.56,3.85,0.6978029515855212,0.6936796164416101,0.6998155692561923
2017-04-25,0.7200000000000002,4.61,3.89,0.7006763469992641,0.6954422137901194,0.7005031250658886
2017-04-26,0.71,4.59,3.88,0.7018832886282317,0.6964171051824418,0.7008266234898861
2017-04-27,0.71,4.58,3.87,0.702933992343195,0.6973267110146438,0.7011391023699752
2017-04-28,0.7200000000000002,4.57,3.85,0.7051431774211525,0.6988450733500147,0.7017815737830266
2017-05-01,0.7000000000000002,4.62,3.92,0.7044773960011163,0.6989224153327587,0.7017208868396855
2017-05-02,0.71,4.59,3.88,0.7051922939779103,0.6996642480389215,0.7020029038271725
2017-05-03,0.7099999999999995,4.56,3.85,0.7058146488143076,0.7003564024279725,0.7022753142807601
2017-05-04,0.7200000000000002,4.61,3.89,0.7076509345347421,0.701671875392826,0.7028790821450108
2017-05-05,0.6999999999999997,4.6,3.9,0.7066605253689615,0.7015599148992452,0.7027810100378248
2017-05-08,0.7000000000000002,4.62,3.92,0.7057983241117977,0.7014554520649856,0.7026862786266396
2017-05-09,0.6999999999999997,4.64,3.94,0.7050477343216989,0.701357984794232,0.7025947741150855
2017-05-10,0.69,4.63,3.94,0.7030998135900853,0.7005973745303917,0.7021657498723634
2017-05-11,0.71,4.63,3.92,0.7039930388340004,0.7012270402297912,0.7024326131918317
2017-05-12,0.7200000000000002,4.58,3.86,0.7060651309402799,0.7024842091856021,0.7030310228777152
2017-05-15,0.7199999999999998,4.59,3.87,0.7078689918906029,0.7036571892973094,0.7036090485328905
2017-05-16,0.7200000000000002,4.57,3.85,0.7094393440570146,0.7047516184399488,0.704167384512275
2017-05-17,0.7100000000000004,4.48,3.77,0.7095119206530188,0.7051030868522989,0.7043660648077568
2017-05-18,0.7100000000000004,4.49,3.78,0.7095751022495524,0.7054310184765046,0.7045579773230041
2017-05-19,0.6900000000000004,4.49,3.8,0.7070411162899272,0.7043976493315929,0.7040620791719536
2017-05-22,0.6800000000000002,4.49,3.81,0.7035406590183522,0.702763811742322,0.703242436421656
2017-05-23,0.6699999999999999,4.51,3.84,0.6991988396017497,0.7005697172840875,0.702110077001652
2017-05-24,0.6799999999999997,4.51,3.83,0.6967135606299351,0.6991922248526384,0.7013569266112214
2017-05-25,0.6700000000000004,4.49,3.82,0.6932555052540351,0.6972373088838725,0.700288794577209
2017-05-26,0.6800000000000002,4.49,3.81,0.691539587565675,0.6960829778739634,0.6995976837522196
2017-05-29,0.6800000000000002,4.49,3.81,0.6900457944555034,0.6950059489585644,0.6989301146990492
2017-05-30,0.6800000000000002,4.46,3.78,0.6887453720219956,0.694001045447658,0.6982852854985259
2017-05-31,0.6900000000000004,4.44,3.75,0.6889077829070213,0.6937331074033031,0.6980030582585404
2017-06-01,0.6900000000000004,4.45,3.76,0.6890491697944657,0.6934831123682321,0.6977304447144261
2017-06-02,0.6899999999999995,4.39,3.7,0.6891722542289731,0.6932498587527904,0.6974671173884092
2017-06-05,0.6999999999999997,4.42,3.72,0.6905738998198052,0.69370189551882,0.6975533966685623
2017-06-06,0.6999999999999997,4.39,3.69,0.6917941031784457,0.6941236607349132,0.6976367369596957
2017-06-07,0.6800000000000002,4.41,3.73,0.6902673631655686,0.6931778414269469,0.6970359649530616
2017-06-08,0.6799999999999997,4.42,3.74,0.6889382587873515,0.6922953608085819,0.6964556574464528
2017-06-09,0.6799999999999997,4.42,3.74,0.6877812062222153,0.6914719772772555,0.6958951173438714
2017-06-12,0.6699999999999999,4.43,3.76,0.685479439092834,0.690034063193208,0.6950130345842173
2017-06-13,0.6600000000000001,4.42,3.76,0.682181140054736,0.6880227718291644,0.6938203620907974
2017-06-14,0.6799999999999997,4.34,3.66,0.681898792703278,0.6874855108001824,0.693349589822397
2017-06-15,0.6699999999999999,4.34,3.67,0.6803585006903825,0.6863145584504433,0.6925542170749471
2017-06-16,0.6799999999999997,4.35,3.67,0.6803120929779545,0.6858916913612512,0.6921265743539001
2017-06-19,0.6900000000000004,4.36,3.67,0.6815661870847979,0.6861668125006317,0.6920541354245919
2017-06-20,0.7100000000000004,4.32,3.61,0.6852469281500143,0.6877628497696069,0.692665437452648
2017-06-21,0.7099999999999995,4.31,3.6,0.6884511993576855,0.6892520051972829,0.6932559162894927
2017-06-22,0.7099999999999995,4.31,3.6,0.6912406794624772,0.6906414363408307,0.6938262812494622
2017-06-23,0.6999999999999997,4.3,3.6,0.6923745685719682,0.6912681513525977,0.6940365807742911
2017-06-26,0.71,4.29,3.58,0.6946561707419897,0.6925225672194995,0.6945803534360304
2017-06-27,0.71,4.33,3.62,0.6966424207963196,0.693692978608426,0.6951056032046806
2017-06-28,0.7000000000000002,4.36,3.66,0.6970770575329247,0.6941153409633332,0.6952723243272276
2017-06-29,0.6999999999999997,4.38,3.68,0.6974554307888053,0.6945094189748446,0.6954333663162949
2017-06-30,0.6900000000000004,4.4,3.71,0.6964903294728099,0.6942074366761922,0.6952482859132658
2017-07-03,0.6999999999999997,4.42,3.72,0.6969446543455707,0.6945953473133212,0.6954101467389595
2017-07-04,0.6999999999999997,4.42,3.72,0.6973401671194722,0.6949572807355305,0.6955664939907268
2017-07-05,0.69,4.41,3.72,0.6963899866205442,0.6946253064745598,0.6953768787703848
2017-07-06,0.6900000000000004,4.44,3.75,0.6955628064519696,0.6943155635367332,0.6951937225405393
2017-07-07,0.6799999999999997,4.47,3.79,0.6935482099232306,0.6933568930722134,0.6946761685735113
2017-07-10,0.6800000000000002,4.46,3.78,0.6917944017803226,0.6924624219008044,0.6941762443945798
2017-07-11,0.71,4.45,3.74,0.6941511062147169,0.6936368610417971,0.6947152596006965
2017-07-12,0.6999999999999997,4.42,3.72,0.6949082422205626,0.6940629814222635,0.6948952772593759
2017-07-13,0.6900000000000004,4.44,3.75,0.6942728730299046,0.6937908957109731,0.6947285261449909
2017-07-14,0.71,4.42,3.71,0.6963087407571538,0.694876370935077,0.6952487286072208
2017-07-17,0.7100000000000004,4.4,3.69,0.698081066553907,0.695889155130662,0.6957512110638847
2017-07-18,0.6999999999999997,4.35,3.65,0.698329471407576,0.6961644461138178,0.6958959404126723
2017-07-19,0.69,4.34,3.65,0.6972512260258241,0.6957516315987428,0.6956951030377763
2017-07-20,0.6900000000000004,4.32,3.63,0.6963125589013688,0.6953664620367926,0.6955011069211583
2017-07-21,0.6800000000000002,4.29,3.61,0.6942009073403879,0.6943374160435254,0.6949730823136953
2017-07-24,0.7100000000000004,4.32,3.61,0.6962460909856071,0.6953862924358941,0.695484954295035
2017-07-25,0.69,4.38,3.69,0.695437538025919,0.6950255885447543,0.6952981166160667
2017-07-26,0.6800000000000002,4.36,3.68,0.6934391574243692,0.6940193698295132,0.6947770066035877
2017-07-27,0.6799999999999997,4.39,3.71,0.6916994660660098,0.6930805345714915,0.6942736475111677
2017-07-28,0.6699999999999995,4.35,3.68,0.6888904824069899,0.6915349002175074,0.6934467979665531
2017-07-31,0.6800000000000002,4.36,3.68,0.6877396144673794,0.6907624424570195,0.6929887506636064
2017-08-01,0.6800000000000002,4.32,3.64,0.686737725734272,0.6900417138819156,0.6925463061333242
2017-08-02,0.6900000000000004,4.32,3.63,0.6871600253003441,0.6900389204280324,0.6924595695987421
2017-08-03,0.69,4.29,3.6,0.6875276584254678,0.6900363140433989,0.692375787628944
2017-08-04,0.6700000000000004,4.32,3.65,0.6852587129155531,0.6886945420312836,0.6916135861591042
2017-08-07,0.6700000000000004,4.32,3.65,0.6832834811238087,0.6874426244768591,0.6908773480694259
2017-08-08,0.6800000000000002,4.36,3.68,0.6828584363419039,0.6869442141805289,0.6905068256626191
2017-08-09,0.7000000000000002,4.33,3.63,0.6850774021016681,0.687818521099995,0.6908301980307068
2017-08-10,0.6899999999999995,4.31,3.62,0.6857146296267268,0.6879646082159538,0.6908019184380615
2017-08-11,0.6799999999999997,4.31,3.63,0.6849748740405757,0.6874312422301501,0.6904339654414068
2017-08-14,0.6800000000000002,4.33,3.65,0.6843308793983505,0.6869335941688315,0.6900785462746012
2017-08-15,0.6800000000000002,4.36,3.68,0.6837702494998016,0.686469272109447,0.6897352339893875
2017-08-16,0.6800000000000002,4.32,3.64,0.6832821928258193,0.686036044309343,0.6894036161809334
2017-08-17,0.6599999999999997,4.3,3.64,0.6802683260792859,0.6842924883097311,0.688402021070926
2017-08-18,0.6699999999999995,4.31,3.64,0.6789390970524305,0.6833353631241332,0.6877751806780479
2017-08-21,0.6799999999999997,4.3,3.62,0.6790764303413908,0.6831120038335715,0.687510329480881
2017-08-22,0.6600000000000001,4.32,3.66,0.676606997179377,0.6815642620772474,0.6865732266662751
2017-08-23,0.6699999999999999,4.29,3.62,0.6757517251162026,0.6807898380408498,0.6860086817244611
2017-08-24,0.6699999999999995,4.31,3.64,0.6750071675398346,0.6800672748654517,0.6854633672558522
2017-08-25,0.6699999999999999,4.29,3.62,0.674358992522321,0.6793930995843357,0.6849366281999346
2017-08-28,0.6699999999999999,4.29,3.62,0.6737947233957102,0.6787640718049759,0.6844278318099601
2017-08-29,0.6600000000000001,4.28,3.62,0.6720090042226498,0.6775074980496081,0.6835957301821064
2017-08-30,0.6699999999999999,4.29,3.62,0.6717489397576921,0.6770047433641825,0.6831326097011566
2017-08-31,0.6699999999999999,4.26,3.59,0.67152254049123,0.6765356566560308,0.6826852648039381
2017-09-01,0.6699999999999995,4.31,3.64,0.6713254484822813,0.6760979832814338,0.6822531581161555
2017-09-04,0.6699999999999995,4.31,3.64,0.6711538699228699,0.6756896195834176,0.6818357705684549
2017-09-05,0.6600000000000006,4.23,3.57,0.6697100077442861,0.6746389326959906,0.6810919640621385
2017-09-06,0.6599999999999997,4.27,3.61,0.668453052711398,0.673658607166246,0.6803734943359968
2017-09-07,0.6199999999999997,4.22,3.6,0.6621808323313243,0.6700652507660209,0.6783169514832776
2017-09-08,0.6300000000000003,4.23,3.6,0.6580150417133726,0.6673822007788928,0.676671098740597
2017-09-11,0.6400000000000001,4.29,3.65,0.6556830047113796,0.6655484967075918,0.6754219464951329
2017-09-12,0.6699999999999999,4.33,3.66,0.6575363316867835,0.6658466005662483,0.6752372550931356
2017-09-13,0.6600000000000001,4.33,3.67,0.6578552521621546,0.6654550712166475,0.6747182182475547
2017-09-14,0.6599999999999997,4.31,3.65,0.6581328885616354,0.6650897614163149,0.6742168617023577
2017-09-15,0.6699999999999999,4.3,3.63,0.6596690794526339,0.6654185854051048,0.6740732199123592
2017-09-18,0.6600000000000001,4.33,3.67,0.6597119169310842,0.6650557189504226,0.6735938343782963
2017-09-19,0.6600000000000001,4.33,3.67,0.6597492091220793,0.6647171525766821,0.6731307784753839
2017-09-20,0.6699999999999999,4.34,3.67,0.6610761682269954,0.6650709290647892,0.6730241326671893
2017-09-21,0.7000000000000002,4.32,3.62,0.6661148363243674,0.6674100244537189,0.6739430297389811
2017-09-22,0.6899999999999995,4.31,3.62,0.6692067573077579,0.6689228075373099,0.674489989092416
2017-09-25,0.7000000000000002,4.28,3.58,0.6731929252285545,0.6710039541479711,0.6753589537130955
2017-09-26,0.7000000000000002,4.28,3.58,0.6766630859573968,0.6729457325959431,0.6761983182087603
2017-09-27,0.73,4.37,3.64,0.6835675194357348,0.6767664862040518,0.6780310010005872
2017-09-28,0.7200000000000002,4.36,3.64,0.6882836835225039,0.6796617052883187,0.6794606191778567
2017-09-29,0.71,4.33,3.62,0.6910948484577989,0.6816933701270347,0.6805009026010211
2017-10-02,0.7200000000000002,4.33,3.61,0.6948366040427769,0.684258650533934,0.6818463868625855
2017-10-03,0.7200000000000002,4.33,3.61,0.698093991474996,0.686652141786114,0.6831460389908272
2017-10-04,0.75,4.34,3.59,0.7048131950401043,0.6908943583432485,0.6854233303287148
2017-10-05,0.7399999999999998,4.35,3.61,0.709368107121572,0.6941828162636666,0.6872824120527748
2017-10-06,0.7199999999999998,4.35,3.63,0.7107443996657804,0.6959117158254334,0.6883968932069815
2017-10-09,0.71,4.34,3.63,0.7106480375483626,0.6968551660709834,0.6891327743309803
2017-10-10,0.7100000000000004,4.32,3.61,0.7105641494527641,0.6977354362759552,0.6898435886424208
2017-10-11,0.7200000000000002,4.32,3.6,0.7117856149909259,0.6992264275032927,0.6908708267197124
2017-10-12,0.7199999999999998,4.3,3.58,0.7128489625032193,0.7006175715084904,0.6918630732970232
2017-10-13,0.71,4.25,3.54,0.712480165911987,0.7012458846766866,0.6924808836025477
2017-10-16,0.7099999999999995,4.27,3.56,0.7121591098317481,0.7018321215916307,0.6930776490210379
2017-10-17,0.71,4.25,3.54,0.7118796142802465,0.7023790999741302,0.6936540864186036
2017-10-18,0.71,4.29,3.58,0.711636299270448,0.7028894488506597,0.6942108882422632
2017-10-19,0.7199999999999998,4.27,3.55,0.7127189756186483,0.7040352912742874,0.6950893600624991
2017-10-20,0.73,4.33,3.6,0.7149559944904802,0.7057740701432665,0.6962785446183533
2017-10-23,0.7200000000000002,4.32,3.6,0.7156089381624189,0.7067267381083793,0.6970865844718976
2017-10-24,0.71,4.34,3.63,0.7148828642767868,0.7069459386651776,0.6975264628109037
2017-10-25,0.73,4.37,3.64,0.7168397689807328,0.7084898001856976,0.6986326307003599
2017-10-26,0.7200000000000002,4.37,3.65,0.7172488591060311,0.7092606038340751,0.6993604817399242
2017-10-27,0.7199999999999998,4.35,3.63,0.7176049927450483,0.7099797890680081,0.7000635395010849
2017-10-30,0.71,4.29,3.58,0.7166205307180648,0.7099811425336617,0.7004020118231712
2017-10-31,0.71,4.29,3.58,0.7157635067459305,0.7099824053617696,0.70072895453541
2017-11-01,0.73,4.29,3.56,0.7176064127783083,0.7113229237913207,0.7017260338001416
2017-11-02,0.73,4.26,3.53,0.7192107556628966,0.7125736717118549,0.7026891488847636
2017-11-03,0.7200000000000002,4.25,3.53,0.7193129228977564,0.7130709907011776,0.7032788200231841
2017-11-06,0.7300000000000004,4.24,3.51,0.7206963590086528,0.7142046758101654,0.7041890415086544
2017-11-07,0.7199999999999998,4.22,3.5,0.720606215727239,0.714592771334233,0.7047276207980864
2017-11-08,0.6700000000000004,4.24,3.57,0.7140552696076332,0.7116065268388964,0.7035446705459977
2017-11-09,0.6599999999999997,4.26,3.6,0.7070578454060489,0.70815059211932,0.7020613792114428
2017-11-10,0.6599999999999997,4.26,3.6,0.7009662338257378,0.7049260910093577,0.7006286142250169
2017-11-13,0.6400000000000001,4.33,3.69,0.6930741891990392,0.700578184923252,0.6985633810523135
2017-11-14,0.6499999999999995,4.31,3.66,0.6874982596707473,0.6971911151854436,0.6969091340138501
2017-11-15,0.6800000000000002,4.28,3.6,0.6865276141801098,0.6960398776293283,0.6963331468346367
2017-11-16,0.6699999999999999,4.29,3.62,0.6843881238344356,0.6942960649237445,0.6954361431824878
2017-11-17,0.6700000000000004,4.28,3.61,0.6825255893088423,0.6926690301383739,0.694569694767699
2017-11-20,0.6800000000000002,4.28,3.6,0.6821986531954674,0.6918206230898769,0.6940733974774668
2017-11-21,0.6800000000000002,4.24,3.56,0.681914038777807,0.6910290313233769,0.6935940058948845
2017-11-22,0.7100000000000004,4.23,3.52,0.6855497506373068,0.6922994603432994,0.6941528542817421
2017-11-23,0.7100000000000004,4.23,3.52,0.6887148216445769,0.6934848125322928,0.6946926662409689
2017-11-24,0.7100000000000004,4.24,3.53,0.691470175992828,0.694590785231214,0.6952140902231742
2017-11-27,0.7200000000000002,4.25,3.53,0.6951633456398172,0.6962923643316784,0.6960583893011104
2017-11-28,0.7000000000000002,4.25,3.55,0.6957894478222743,0.6965406536008574,0.6961926550314637
2017-11-29,0.69,4.29,3.6,0.6950400070628543,0.6961026455958139,0.69598171046739
2017-11-30,0.69,4.3,3.61,0.6943875809875842,0.6956939696765512,0.695777951449562
2017-12-01,0.7200000000000002,4.24,3.52,0.6977030942013651,0.6973216718149282,0.6966030433441506
2017-12-04,0.7200000000000002,4.24,3.52,0.7005894160972379,0.698840371610429,0.6974000295798352
2017-12-05,0.7200000000000002,4.2,3.48,0.7031021052495439,0.7002573686238714,0.6981698675385359
2017-12-06,0.7100000000000004,4.19,3.48,0.7039950338394331,0.7009098035016905,0.6985728452794788
2017-12-07,0.7200000000000002,4.25,3.53,0.706066867693383,0.7021882168521569,0.6993027328299551
2017-12-08,0.71,4.25,3.54,0.7065760094549564,0.7027113486003311,0.6996671210202386
2017-12-11,0.7200000000000002,4.24,3.52,0.7083137374693305,0.70386911786493,0.7003597335218162
2017-12-12,0.7200000000000002,4.24,3.52,0.7098265175710994,0.7049493547853881,0.7010287530989575
2017-12-13,0.7100000000000004,4.19,3.48,0.7098489747737987,0.7052875813862197,0.7013343467025286
2017-12-14,0.71,4.17,3.46,0.7098685249042586,0.7056031579634108,0.701629530666105
2017-12-15,0.7200000000000002,4.15,3.43,0.7111800386483818,0.7065672714059184,0.702255296290991
2017-12-18,0.7200000000000002,4.2,3.48,0.7123217776770987,0.7074668210553621,0.7028597460414608
2017-12-19,0.7099999999999995,4.27,3.56,0.7120212248646466,0.7076364604711863,0.7031029693036976
2017-12-20,0.7099999999999995,4.31,3.6,0.7117595784444661,0.7077947396428155,0.7033379074887317
2017-12-21,0.7199999999999998,4.27,3.55,0.7128262963730324,0.7086120894164505,0.7039054795274593
2017-12-22,0.7199999999999998,4.27,3.55,0.7137549282666239,0.7093747037208771,0.7044537179789482
2017-12-25,0.7199999999999998,4.27,3.55,0.7145633492846847,0.7100862480267249,0.7049832814161548
2017-12-26,0.7200000000000002,4.25,3.53,0.715267120657338,0.7107501423390213,0.7054948059786231
2017-12-27,0.7099999999999995,4.18,3.47,0.7145852948551942,0.7106999075506555,0.7056482694258971
2017-12-28,0.7100000000000004,4.19,3.48,0.7139917310190682,0.7106530368357874,0.705796505344781
2017-12-29,0.7199999999999998,4.17,3.45,0.7147694980542152,0.7112789749971103,0.706280328514834
2018-01-01,0.7199999999999998,4.17,3.45,0.7154465835847755,0.7118629959522865,0.7067476708915639
2018-01-02,0.7200000000000002,4.24,3.52,0.7160360207748044,0.7124079067712148,0.7071990938712934
2018-01-03,0.71,4.21,3.5,0.715254661285573,0.7122466564580883,0.7072945030163741
2018-01-04,0.7399999999999998,4.21,3.47,0.7184579314432022,0.7141052148499413,0.7084085723079738
2018-01-05,0.7300000000000004,4.23,3.5,0.7199520457162774,0.715169641061606,0.7091440555989179
2018-01-08,0.7300000000000004,4.23,3.5,0.7212527477383316,0.7161627858341456,0.709854485628958
2018-01-09,0.7200000000000002,4.29,3.57,0.7210905802492726,0.7164197525876655,0.7102000790933815
2018-01-10,0.7000000000000002,4.28,3.58,0.7183604165162465,0.7153201708771639,0.7098526269542039
2018-01-11,0.7000000000000006,4.23,3.53,0.7159836709405699,0.7142942248643754,0.7095170103104097
2018-01-12,0.7300000000000004,4.23,3.5,0.7177980768419694,0.7153459936408039,0.7102147361338317
2018-01-15,0.7300000000000004,4.23,3.5,0.7193776089214805,0.7163273286086799,0.710888694854304
2018-01-16,0.71,4.2,3.49,0.7181636827289656,0.715903606340193,0.7108584226451008
2018-01-17,0.7300000000000004,4.23,3.5,0.7196958873323495,0.7168475996537098,0.7115104550399777
2018-01-18,0.7199999999999998,4.26,3.54,0.7197352545458713,0.7170587064743792,0.7117996401070735
2018-01-19,0.7000000000000002,4.28,3.58,0.7171805369617007,0.7159163359335383,0.711397701047661
2018-01-22,0.6999999999999997,4.3,3.6,0.7149565261297384,0.714850466530374,0.7110094535081605
2018-01-23,0.6999999999999997,4.27,3.57,0.7130204122471969,0.7138559752125521,0.7106344311051412
2018-01-24,0.69,4.3,3.61,0.7100404328491062,0.7122584119185953,0.7099315466311528
2018-01-25,0.6900000000000004,4.24,3.55,0.7074462101054876,0.7107678326592656,0.7092526049826902
2018-01-26,0.6799999999999997,4.26,3.58,0.7038933136676759,0.7087074029491784,0.7082561538684684
2018-01-29,0.7000000000000002,4.29,3.59,0.7033893264064839,0.7081242942221884,0.707974918958747
2018-01-30,0.6900000000000004,4.32,3.63,0.7016560856453202,0.7069105644576218,0.7073626272317337
2018-01-31,0.6900000000000004,4.28,3.59,0.7001472119243615,0.7057781145444709,0.7067711924087114
2018-02-01,0.7199999999999998,4.34,3.62,0.7027171441577543,0.7067305116681338,0.7072218141592176
2018-02-02,0.69,4.42,3.73,0.701070917010051,0.7056101193516603,0.7066351759463805
2018-02-05,0.7000000000000002,4.4,3.7,0.7009322874063434,0.7052344264415582,0.7064091574954172
2018-02-06,0.7000000000000002,4.4,3.7,0.7008116033267462,0.7048838925617464,0.7061908380626245
2018-02-07,0.7000000000000002,4.46,3.76,0.700706541733272,0.7045568328872307,0.7059799553911797
2018-02-08,0.6900000000000004,4.48,3.79,0.6993205859368534,0.7035820053360743,0.7054356194469389
2018-02-09,0.6800000000000002,4.5,3.82,0.6968195469705389,0.7020027889851543,0.7045691888725056
2018-02-12,0.6699999999999999,4.5,3.83,0.6933477717225496,0.6998596579443397,0.7033916353934178
2018-02-13,0.6799999999999997,4.52,3.84,0.6916199101918136,0.698529716062705,0.7025948304194665
2018-02-14,0.6900000000000004,4.57,3.88,0.6914102137299725,0.6979585064949453,0.7021658042588104
2018-02-15,0.6600000000000001,4.53,3.87,0.6873441792558792,0.6954165388692481,0.7007294821719189
2018-02-16,0.6600000000000001,4.53,3.87,0.6838044906540759,0.6930447992110542,0.6993420864881532
2018-02-19,0.6600000000000001,4.53,3.87,0.6807230127478832,0.6908318878626231,0.6980019505946105
2018-02-20,0.6599999999999997,4.55,3.89,0.6780404304208624,0.6887671685671906,0.6967074646493413
2018-02-21,0.6600000000000001,4.61,3.95,0.6757051068649863,0.6868407173462894,0.6954570736475233
2018-02-22,0.6999999999999997,4.6,3.9,0.6788500670960946,0.6877219551391299,0.6956118223965126
2018-02-23,0.6699999999999995,4.56,3.89,0.6777044308957136,0.6865351688193434,0.6947393897027626
2018-02-26,0.6799999999999997,4.56,3.88,0.6780015910231783,0.68609752811371,0.6942373119800792
2018-02-27,0.69,4.59,3.9,0.6795547783065705,0.6863588649815465,0.6940929735785469
2018-02-28,0.71,4.55,3.84,0.6834958951051096,0.6879420410704067,0.6946348252943512
2018-03-01,0.7100000000000004,4.53,3.82,0.6869268365540936,0.6894191965927255,0.6951582195515367
2018-03-02,0.6800000000000002,4.58,3.9,0.6860301614640264,0.688788421174784,0.6946418749466482
2018-03-05,0.6899999999999995,4.6,3.91,0.6865440548263134,0.688869556984226,0.6944837556452935
2018-03-06,0.75,4.63,3.88,0.6947583911845592,0.6929632798790222,0.6963748427323202
2018-03-07,0.7600000000000002,4.66,3.9,0.7032038806953727,0.6974525284827084,0.6985421491615915
2018-03-08,0.7599999999999998,4.64,3.88,0.7105561063463228,0.7016411455371582,0.700635629177537
2018-03-09,0.77,4.67,3.9,0.7182510848952764,0.7062189335225055,0.7029984342895683
2018-03-12,0.79,4.66,3.87,0.7275389415396971,0.7118295009103592,0.705962027006952
2018-03-13,0.7799999999999998,4.64,3.86,0.7343299960062724,0.7163946752998352,0.7084840321660584
2018-03-14,0.7600000000000002,4.61,3.85,0.7376529635634467,0.7193147934480715,0.710238855149472
2018-03-15,0.77,4.63,3.86,0.7418402692091983,0.7227090301041932,0.712274539130735
2018-03-16,0.7699999999999996,4.64,3.87,0.7454855304978003,0.7258759648854382,0.7142408802424474
2018-03-19,0.8000000000000003,4.65,3.85,0.7525423978670708,0.730839829772281,0.7171621506895633
2018-03-20,0.8099999999999996,4.68,3.87,0.7599802520975338,0.7361409495618684,0.7203245486517988
2018-03-21,0.7999999999999998,4.71,3.91,0.7651607859205392,0.7404173991330101,0.7230385870192884
2018-03-22,0.81,4.67,3.86,0.7709651969253699,0.7450771377541607,0.7260008119872939
2018-03-23,0.8100000000000005,4.69,3.88,0.7760182301952275,0.7494248276196326,0.7288621326983388
2018-03-26,0.8000000000000003,4.69,3.89,0.7791226567876174,0.7528116956164561,0.7312853496110905
2018-03-27,0.8099999999999996,4.64,3.83,0.7831197114733724,0.7566414252801045,0.733966659570734
2018-03-28,0.81,4.63,3.82,0.7865993496815821,0.7602146894049556,0.7365566342698617
2018-03-29,0.8199999999999998,4.59,3.77,0.7909230450508443,0.7642183328055486,0.739399021633497
2018-03-30,0.8199999999999998,4.59,3.77,0.7946870404900764,0.7679538641846505,0.7421445868489093
2018-04-02,0.81,4.59,3.78,0.7966692944729054,0.7707695681176416,0.7444559913231568
2018-04-03,0.8199999999999998,4.63,3.81,0.7996894411612917,0.7740663828661541,0.7470292975864233
2018-04-04,0.8299999999999996,4.64,3.81,0.8036131259291421,0.7778120898781333,0.7498555843023139
2018-04-05,0.8399999999999999,4.67,3.83,0.8083233862810295,0.7819766281815727,0.7529262340279018
2018-04-06,0.8300000000000005,4.61,3.78,0.8111294117165978,0.7851926097285684,0.7555516494404988
2018-04-09,0.8500000000000005,4.61,3.76,0.8161611874742326,0.7895325667813529,0.7587689069875485
2018-04-10,0.8299999999999996,4.6,3.77,0.8179526139603437,0.7922425497241896,0.7611952995102483
2018-04-11,0.8399999999999999,4.59,3.75,0.82080663566397,0.7954407233009904,0.7638796769069073
2018-04-12,0.8300000000000001,4.62,3.79,0.8219967114986826,0.7977550546761748,0.7661319778441333
2018-04-13,0.8200000000000003,4.61,3.79,0.821738238319918,0.7992447321179387,0.76796692043232
2018-04-16,0.8099999999999996,4.6,3.79,0.8202187299815087,0.7999649802332205,0.7693987214289892
2018-04-17,0.8200000000000003,4.58,3.76,0.8201904155086122,0.8013066655715027,0.7711223867382144
2018-04-18,0.8199999999999998,4.63,3.81,0.8201657663282825,0.8025585022563811,0.7727873376793025
2018-04-19,0.8000000000000003,4.69,3.89,0.8175553192363844,0.802387167014125,0.773714300857674
2018-04-20,0.8400000000000003,4.74,3.9,0.8204607705182329,0.8049059859190149,0.7759722351102448
2018-04-23,0.8000000000000003,4.74,3.94,0.8178121353001204,0.8045774467184559,0.7767907089901206
2018-04-24,0.8299999999999996,4.77,3.94,0.8193898475201429,0.8062799190592169,0.7786032127772232
2018-04-25,0.8399999999999999,4.83,3.99,0.8220578201490414,0.8085380520049579,0.780694612742251
2018-04-26,0.8099999999999996,4.8,3.99,0.8204969421228713,0.8086359542887145,0.781692861814529
2018-04-27,0.8199999999999998,4.76,3.94,0.8204326132449911,0.8093969704340382,0.7829977435695094
2018-04-30,0.79,4.74,3.95,0.816493128603,0.8080980133508218,0.7832362661293415
2018-05-01,0.7999999999999998,4.79,3.99,0.814358102395857,0.8075557136222222,0.783807300445903
2018-05-02,0.8099999999999996,4.8,3.99,0.8137939484956155,0.8077194001687693,0.7846995199480841
2018-05-03,0.7999999999999998,4.8,4.0,0.8120083296329357,0.8072024550323365,0.7852207104678645
2018-05-04,0.7999999999999998,4.81,4.01,0.8104538581261976,0.8067201281652303,0.7857241473252116
2018-05-07,0.8100000000000005,4.82,4.01,0.810395106447418,0.8069397713701476,0.7865510719857944
2018-05-08,0.8200000000000003,4.84,4.02,0.8116384545074005,0.8078143758113342,0.7876904652674869
2018-05-09,0.8200000000000003,4.86,4.04,0.8127208518613913,0.8086304106095059,0.7887910466312065
2018-05-10,0.8199999999999994,4.81,3.99,0.8136631334876182,0.8093917979984421,0.7898541381533609
2018-05-11,0.81,4.79,3.98,0.813188942921075,0.8094325274670278,0.7905403801648303
2018-05-14,0.8199999999999994,4.81,3.99,0.8140706304232997,0.8101401994895778,0.7915438829648946
2018-05-15,0.8199999999999994,4.89,4.07,0.8148381839750126,0.8108004808338046,0.7925132027756546
2018-05-16,0.8300000000000001,4.89,4.06,0.8168008725188551,0.8120862151962965,0.7937901407059658
2018-05-17,0.8499999999999996,4.93,4.08,0.8210984808703495,0.8146251879441178,0.7957048548641384
2018-05-18,0.8499999999999996,4.89,4.04,0.8248397662415691,0.8169941332824477,0.7975543468290242
2018-05-21,0.8399999999999999,4.89,4.05,0.826802249961897,0.8185347673536252,0.7990002015972103
2018-05-22,0.8399999999999999,4.89,4.05,0.8285106912700879,0.8199722297699193,0.8003968052441506
2018-05-23,0.8300000000000001,4.85,4.02,0.8287034814462533,0.8206437595437841,0.8014051987330876
2018-05-24,0.8400000000000003,4.82,3.98,0.8301658094097507,0.8219399890622311,0.8027198793486546
2018-05-25,0.8500000000000001,4.78,3.93,0.8327333342091358,0.823819084052178,0.8043304138269156
2018-05-28,0.8500000000000001,4.78,3.93,0.8349684943695171,0.82557234167203,0.8058860875884539
2018-05-29,0.8800000000000003,4.73,3.85,0.8407977974073105,0.8292171991279109,0.8084106795229337
2018-05-30,0.8599999999999999,4.75,3.89,0.8432835117164079,0.8312786312144329,0.8101680011666552
2018-05-31,0.8699999999999997,4.72,3.85,0.8467419460754246,0.8338716854456024,0.8122060986946832
2018-06-01,0.8700000000000001,4.79,3.92,0.8497526880547893,0.8362910905921277,0.8141747711388975
2018-06-04,0.8600000000000003,4.82,3.96,0.8510791968138258,0.8378788053290978,0.8157357466617657
2018-06-05,0.8700000000000001,4.82,3.95,0.853528484128261,0.8400298656444719,0.8175841863386183
2018-06-06,0.8799999999999999,4.88,4.0,0.8569552069465554,0.8427065459701335,0.8197102980850677
2018-06-07,0.8700000000000001,4.82,3.95,0.8586438480592424,0.8445343069371414,0.8214233499495656
2018-06-08,0.8700000000000001,4.83,3.96,0.8601138955310971,0.846239668220003,0.8230780489788165
2018-06-11,0.8899999999999997,4.85,3.96,0.8639826349198696,0.8491701667286662,0.8253576563061097
2018-06-12,0.8699999999999997,4.84,3.97,0.864761579439934,0.8505650783496345,0.8268783384177223
2018-06-13,0.8699999999999997,4.85,3.98,0.8654396900306526,0.851866576912276,0.828347220514075
2018-06-14,0.9000000000000004,4.82,3.92,0.869913502688496,0.855089928263554,0.8307879772261042
2018-06-15,0.8899999999999997,4.8,3.91,0.872513688450824,0.8574277513329793,0.8328049560935687
2018-06-18,0.8800000000000003,4.82,3.94,0.8734827872638545,0.858939347300497,0.8344125925455749
2018-06-19,0.8699999999999997,4.8,3.93,0.8730319424143891,0.8596800461234331,0.8356248302875199
2018-06-20,0.8599999999999994,4.85,3.99,0.8713449648096889,0.8597014724773929,0.8364551380510069
2018-06-21,0.8699999999999997,4.85,3.98,0.8711708598726882,0.8603911340571578,0.8375977991946988
2018-06-22,0.8799999999999999,4.87,3.99,0.8723137870887483,0.8617042811487058,0.8390421738157932
2018-06-25,0.8800000000000003,4.86,3.98,0.8733087630204959,0.8629294907078606,0.8404373477348853
2018-06-26,0.8900000000000001,4.87,3.98,0.8754694342453836,0.8647423217327302,0.8421256336192564
2018-06-27,0.8799999999999994,4.81,3.93,0.8760559134302685,0.865764082802383,0.8434157735778299
2018-06-28,0.9099999999999997,4.84,3.93,0.8804499563161478,0.8687264298437329,0.8456838767654683
2018-06-29,0.9099999999999997,4.84,3.93,0.8842751928255973,0.8714903973656939,0.8478747200321585
2018-07-02,0.9099999999999997,4.84,3.93,0.8876052546236395,0.8740692702512197,0.8499909351344348
2018-07-03,0.9200000000000004,4.82,3.9,0.8917987361647749,0.8771451138190269,0.8523757008922945
2018-07-04,0.9200000000000004,4.82,3.9,0.8954493738825822,0.8800149773445973,0.8546792327737872
2018-07-05,0.8999999999999999,4.79,3.89,0.8960384498701319,0.8813533145258988,0.8562230244814546
2018-07-06,0.9000000000000004,4.78,3.88,0.8965512703029176,0.8826020272698535,0.8577142289761834
2018-07-09,0.94,4.79,3.85,0.9021756838877039,0.8864457977954433,0.8605171844145042
2018-07-10,0.9300000000000002,4.78,3.85,0.9057775259351112,0.8893624924230835,0.8628840241899841
2018-07-11,0.94,4.76,3.82,0.9102076059254239,0.8927535348215418,0.8655108774246161
2018-07-12,0.94,4.75,3.81,0.9140642145564376,0.8959174892550036,0.8680482503947009
2018-07-13,0.9300000000000006,4.73,3.8,0.9161270930055406,0.8981998930405106,0.8701585544157862
2018-07-16,0.94,4.76,3.82,0.9192174273684574,0.9009991211570291,0.8725376104455802
2018-07-17,0.9199999999999999,4.76,3.84,0.9193187309547903,0.9022715531713145,0.8741543536718028
2018-07-18,0.9199999999999995,4.77,3.85,0.9194069208489365,0.9034587742201303,0.8757160246885544
2018-07-19,0.9100000000000001,4.74,3.83,0.9181892002439237,0.9038968205422905,0.8768838627467122
2018-07-20,0.8999999999999999,4.8,3.9,0.9158346185182538,0.9036358621280554,0.8776712832426363
2018-07-23,0.9100000000000001,4.87,3.96,0.9150793304376839,0.9040620494027868,0.878772518016541
2018-07-24,0.9199999999999999,4.83,3.91,0.9157163083407316,0.9051293662753164,0.8801768774020824
2018-07-25,0.9099999999999997,4.81,3.9,0.9149763354459981,0.9054555380451784,0.8811927624406918
2018-07-26,0.9100000000000001,4.83,3.92,0.9143321516256642,0.9057598670673677,0.8821740427054958
2018-07-27,0.8999999999999999,4.8,3.9,0.9124768626709674,0.9053741460007204,0.8827812602513756
2018-07-30,0.9100000000000001,4.82,3.91,0.9121562341934178,0.9056839256046397,0.883708430449253
2018-07-31,0.8999999999999999,4.79,3.89,0.9105826165246396,0.9053032901105696,0.8842633811157277
2018-08-01,0.8900000000000001,4.83,3.94,0.9079182084096331,0.9042784745522204,0.884458791414485
2018-08-02,0.9100000000000001,4.82,3.91,0.908187695158341,0.9046616279953043,0.8853288187426038
2018-08-03,0.8999999999999999,4.79,3.89,0.9071278026321907,0.9043494527138904,0.8858285730352398
2018-08-06,0.8899999999999997,4.76,3.87,0.9049106182294784,0.9033885127925572,0.8859706671512814
2018-08-07,0.8999999999999999,4.8,3.9,0.9042749414658047,0.9031615942277004,0.886448557730844
2018-08-08,0.8599999999999999,4.8,3.94,0.8985435752329591,0.9002711913817691,0.8855476227598883
2018-08-09,0.8600000000000003,4.78,3.92,0.8935541311304991,0.8975743501676834,0.8846773769414433
2018-08-10,0.8800000000000003,4.74,3.86,0.8917995564906455,0.896397448511269,0.8845180483118155
2018-08-13,0.8700000000000001,4.79,3.92,0.8889776161825371,0.8946296903534082,0.8840235102894687
2018-08-14,0.8700000000000001,4.79,3.92,0.8865209744577254,0.8929803136710658,0.8835458180476492
2018-08-15,0.8799999999999999,4.76,3.88,0.8856768379874125,0.8921110608956007,0.8834250344679817
2018-08-16,0.8699999999999997,4.76,3.89,0.883647480140644,0.8906303492934748,0.8829677285096917
2018-08-17,0.8899999999999997,4.76,3.87,0.8844698102580877,0.890588136687004,0.8832072734926488
2018-08-20,0.8799999999999999,4.71,3.83,0.883891195838005,0.8898790808478759,0.8830980219833472
2018-08-21,0.8800000000000003,4.73,3.85,0.8833874827286708,0.8892175083571277,0.8829924919815229
2018-08-22,0.8900000000000006,4.73,3.84,0.884243469364639,0.8892699094815982,0.8832311934297208
2018-08-23,0.8799999999999999,4.72,3.84,0.8836941546457163,0.888649131374891,0.8831211271195506
2018-08-24,0.8899999999999997,4.72,3.83,0.8845104427747701,0.8887395950055413,0.883355446782718
2018-08-27,0.8800000000000003,4.74,3.86,0.883926568498291,0.8881543304728404,0.8832411479472013
2018-08-28,0.8800000000000003,4.78,3.9,0.8834182764180081,0.887608259355054,0.8831307425496219
2018-08-29,0.8899999999999997,4.77,3.88,0.8842702768282376,0.887768427071066,0.8833647346759421
2018-08-30,0.8599999999999999,4.76,3.9,0.881128503164175,0.8859088585803884,0.8825688460391826
2018-08-31,0.8700000000000001,4.78,3.91,0.8796879246982152,0.8848434899131958,0.8821407050019097
2018-09-03,0.8700000000000001,4.78,3.91,0.8784338283032017,0.8838494657985556,0.8817271480201042
2018-09-04,0.8599999999999999,4.84,3.98,0.8760475796130562,0.8822523384205812,0.8809870415965462
2018-09-05,0.8799999999999994,4.85,3.97,0.8765592182057629,0.882101506054508,0.8809534193362639
2018-09-06,0.8699999999999997,4.81,3.94,0.875710131103809,0.8812911043961384,0.8805803056628452
2018-09-07,0.8799999999999999,4.87,3.99,0.8762654522159544,0.8812046429971154,0.880560538321623
2018-09-10,0.9100000000000001,4.86,3.95,0.8806323704240592,0.8831329819132283,0.8815633544608648
2018-09-11,0.9099999999999997,4.88,3.97,0.8844339935299927,0.8849321857408259,0.8825320110009905
2018-09-12,0.9200000000000004,4.86,3.94,0.8890379930333416,0.8872805723551057,0.8838083082541003
2018-09-13,0.9199999999999999,4.84,3.92,0.8930460073943971,0.8894716945431121,0.885041130137386
2018-09-14,0.9300000000000002,4.87,3.94,0.8978296809211517,0.8921857539176424,0.8865725942922967
2018-09-17,0.9300000000000002,4.87,3.94,0.9019941106044926,0.8947180608550689,0.8880518911559713
2018-09-18,0.9100000000000001,4.93,4.02,0.9030304684770546,0.8957414466031215,0.8887995243163559
2018-09-19,0.9199999999999999,4.96,4.04,0.9052271647738286,0.8973659693537551,0.8898623270574318
2018-09-20,0.9299999999999997,4.92,3.99,0.9084339943394143,0.8995513727602303,0.8912295635462696
2018-09-21,0.9100000000000001,4.9,3.99,0.9086367128900522,0.9002510860690247,0.8918689535195665
2018-09-24,0.9199999999999999,4.92,4.0,0.9101076840055393,0.9015736117553792,0.8928272002338759
2018-09-25,0.9100000000000001,4.93,4.02,0.9100937443716802,0.9021379017682709,0.8934121688365485
2018-09-26,0.9100000000000001,4.9,3.99,0.9100816092155721,0.9026644029670936,0.8939772112611505
2018-09-27,0.9099999999999997,4.89,3.98,0.9100710449485864,0.9031556459556789,0.8945230062664573
2018-09-28,0.8999999999999995,4.89,3.99,0.9087673538529724,0.902944321786258,0.8947095727794774
2018-10-01,0.9000000000000004,4.92,4.02,0.9076324248353216,0.9027471493642794,0.8948897841521644
2018-10-02,0.9099999999999997,4.89,3.98,0.9079389061067432,0.9032328510741839,0.8954044935746795
2018-10-03,0.9200000000000008,4.98,4.06,0.909500207917258,0.9043556968782027,0.8962423068154785
2018-10-04,0.9199999999999999,5.03,4.11,0.9108594000878767,0.9054033490577609,0.8970515810616204
2018-10-05,0.9100000000000001,5.08,4.17,0.9107481512305978,0.9057111730203121,0.8974926517452806
2018-10-08,0.9100000000000001,5.08,4.17,0.9106513034752276,0.9059983829329581,0.8979186979422518
2018-10-09,0.9100000000000001,5.05,4.14,0.9105669926072362,0.9062663592569532,0.8983302314417064
2018-10-10,0.9199999999999999,5.08,4.16,0.911788090100653,0.9071860600928233,0.8990683833101508
2018-10-11,0.9299999999999997,5.02,4.09,0.9141456115784251,0.908713841399666,0.9001220277268966
2018-10-12,0.9100000000000001,5.03,4.12,0.913608964494805,0.9087999715935396,0.9004585077252971
2018-10-15,0.9100000000000001,5.05,4.14,0.9131417860738682,0.9088803339059912,0.9007835259797087
2018-10-16,0.9500000000000002,5.04,4.09,0.917913061104517,0.9116339949333123,0.9024600197622147
2018-10-17,0.9400000000000004,5.07,4.13,0.9207722029030503,0.9135335814346802,0.9037387693012024
2018-10-18,0.9299999999999997,5.09,4.16,0.921966736039268,0.9146362882261024,0.9046333232257551
2018-10-19,0.9400000000000004,5.12,4.18,0.9243011319009171,0.916334820127123,0.9058380420704143
2018-10-22,0.9299999999999997,5.12,4.19,0.925038847166193,0.917249936343321,0.9066610870578594
2018-10-23,0.9399999999999995,5.13,4.19,0.9269755599729699,0.9187734400487559,0.9077967328223236
2018-10-24,0.9299999999999997,5.09,4.16,0.9273670720308135,0.9195252491840235,0.9085530576122578
2018-10-25,0.9199999999999999,5.12,4.2,0.9264134087062679,0.9195570418259349,0.9089429824925701
2018-10-26,0.9199999999999999,5.1,4.18,0.9255831965618897,0.9195867054097264,0.9093196251000154
2018-10-29,0.9199999999999999,5.1,4.18,0.9248604549119461,0.9196143825120511,0.9096834378775678
2018-10-30,0.9199999999999999,5.15,4.23,0.92423127176147,0.9196402061616301,0.9100348578563326
2018-10-31,0.9100000000000001,5.18,4.27,0.922389041648368,0.9189946303940173,0.9100336704697801
2018-11-01,0.8999999999999995,5.18,4.28,0.9194907928186471,0.9177226168196659,0.9096918868192211
2018-11-02,0.9700000000000006,5.24,4.27,0.9260291812366327,0.9212234767815369,0.9117462025497743
2018-11-05,0.9699999999999998,5.22,4.25,0.9317211789569588,0.9244898946247129,0.9137305407449975
2018-11-06,0.96,5.2,4.24,0.9353818564116302,0.9268679001519086,0.9153066483858852
2018-11-07,0.9499999999999993,5.18,4.23,0.937274166864801,0.9284169876782071,0.916488431303763
2018-11-08,1.0,5.2,4.2,0.9453939906309339,0.9332106878701815,0.9193331419108017
2018-11-09,1.0099999999999998,5.17,4.16,0.9537572021514448,0.9383530383854618,0.9224215879421699
2018-11-12,1.0099999999999998,5.17,4.16,0.9610378006515902,0.9431510210702646,0.9254048301637922
2018-11-13,0.9699999999999998,5.18,4.21,0.9621979523088696,0.9449490168694803,0.9269239053606334
2018-11-14,1.0,5.21,4.21,0.9670914060887394,0.9486356165226889,0.9294131454118857
2018-11-15,0.9900000000000002,5.24,4.25,0.97005691066623,0.9514056655410887,0.9314769560980534
2018-11-16,1.0,5.21,4.21,0.9739330267136603,0.9546598827480619,0.9338111025265976
2018-11-19,1.0099999999999998,5.22,4.21,0.9786018760891908,0.9583658448484265,0.9364063760697102
2018-11-20,1.0100000000000007,5.23,4.22,0.9826663455430037,0.9618236297534517,0.9389132450685003
2018-11-21,1.04,5.23,4.19,0.9900881548166366,0.9670588674013739,0.9423566310385416
2018-11-22,1.04,5.23,4.19,0.9965492150604741,0.9719435168454209,0.9456827226415147
2018-11-23,1.0500000000000007,5.23,4.18,1.0034683890622758,0.9771707260134408,0.9492361520649097
2018-11-26,1.0500000000000007,5.23,4.18,1.0094918798870882,0.9820478846208669,0.9526685386372375
2018-11-27,1.08,5.26,4.18,1.018619116318754,0.9886074447604489,0.9570059156546175
2018-11-28,1.0499999999999998,5.28,4.23,1.022681354034561,0.9927187205267529,0.9601736355556938
2018-11-29,1.08,5.29,4.21,1.030101220467416,0.9985636867079161,0.9642553614202563
2018-11-30,1.0600000000000005,5.28,4.22,1.0339716006360424,1.0026778928200943,0.9675167752960463
2018-12-03,1.0700000000000003,5.24,4.17,1.038635456639049,1.007186252941371,0.971007730153083
2018-12-04,1.0700000000000003,5.16,4.09,1.0426955791095984,1.0113927016722513,0.9743797702721313
2018-12-05,1.0700000000000003,5.16,4.09,1.0462301210133864,1.0153174571153705,0.9776369463257121
2018-12-06,1.08,5.16,4.08,1.0506016128257616,1.0196490535121463,0.9811238077163215
2018-12-07,1.1000000000000005,5.16,4.06,1.0569962062195468,1.025029916025624,0.9851731672289394
2018-12-10,1.08,5.16,4.08,1.0599740343664785,1.0287110981043586,0.9884033172695516
2018-12-11,1.12,5.15,4.03,1.0677443618053442,1.0348244427701996,0.992885983384663
2018-12-12,1.1400000000000006,5.15,4.01,1.0770978134683216,1.0418677352013286,0.9978972268571926
2018-12-13,1.1500000000000004,5.16,4.01,1.0865349604493284,1.0491090294932455,1.0030784056911481
2018-12-14,1.12,5.14,4.02,1.0908669909684359,1.0538563857151353,1.0070611844212676
2018-12-17,1.12,5.11,3.99,1.0946382425770609,1.058285825692736,1.010908295086759
2018-12-18,1.13,5.08,3.95,1.0992158021563194,1.0630883094105015,1.014964995750703
2018-12-19,1.15,5.04,3.89,1.105789787960642,1.0689085253297588,1.019564783719083
2018-12-20,1.12,5.07,3.95,1.1076292919045796,1.0723299685463978,1.0229859758908382
2018-12-21,1.1299999999999994,5.1,3.97,1.1105251674661984,1.0761919580308237,1.0266312664085213
2018-12-24,1.13,5.09,3.96,1.1130461735676014,1.0797953216327614,1.0301523849490366
2018-12-25,1.13,5.09,3.96,1.1152408368492506,1.0831573787538722,1.0335535612657714
2018-12-26,1.13,5.14,4.01,1.1171514022053357,1.0862942889672997,1.0368388810311842
2018-12-27,1.12,5.13,4.01,1.1175201515852509,1.0885514596032844,1.0396716540339797
2018-12-28,1.1400000000000006,5.16,4.02,1.1204301552997287,1.0919968144434502,1.0430892058104806
2018-12-31,1.1499999999999995,5.14,3.99,1.1242579550396,1.0958811142615077,1.046730979938136
2019-01-01,1.1499999999999995,5.14,3.99,1.1275902482593294,1.099505294140776,1.0502487018697768
2019-01-02,1.1600000000000001,5.11,3.95,1.1317856723658717,1.103556443620029,1.053987233989356
2019-01-03,1.13,5.04,3.91,1.131554518083972,1.1053272894839234,1.0565765078482552
2019-01-04,1.1400000000000001,5.12,3.98,1.1326477809606945,1.1076492171824954,1.059418218244853
2019-01-07,1.1600000000000001,5.12,3.96,1.1361885103079337,1.11115499249849,1.0628444029747133
2019-01-08,1.15,5.12,3.97,1.137976399868613,1.1137563264445964,1.0658132425641413
2019-01-09,1.17,5.13,3.96,1.142121836866851,1.1175227970075823,1.0693622259998234
2019-01-10,1.1800000000000002,5.16,3.98,1.1470251437478147,1.1217067083891321,1.0731309547418526
2019-01-11,1.17,5.13,3.96,1.1499992259480125,1.1249407656571526,1.0764306700368904
2019-01-14,1.17,5.17,4.0,1.1525883148826837,1.1279582477847352,1.0796179849154763
2019-01-15,1.1899999999999995,5.18,3.99,1.157431236447263,1.1321129983304061,1.0833780015699281
2019-01-16,1.1799999999999997,5.18,4.0,1.1603527501762676,1.1353198475764907,1.0866693015430742
2019-01-17,1.1799999999999997,5.18,4.0,1.16289607559873,1.1383119437219726,1.0898484877565253
2019-01-18,1.21,5.17,3.96,1.1689936520790165,1.143112678393453,1.0939412893487694
2019-01-21,1.21,5.17,3.96,1.174301900718671,1.147591922225559,1.0978946750937995
2019-01-22,1.2000000000000002,5.12,3.92,1.1776285051949993,1.1511015344134197,1.101372757296426
2019-01-23,1.2399999999999998,5.13,3.89,1.1857024600638852,1.157054798710721,1.1060949100939361
2019-01-24,1.23,5.09,3.86,1.1914367516559827,1.1619397206228095,1.1103155723210338
2019-01-25,1.2399999999999998,5.1,3.86,1.1977232367986261,1.1671671840125009,1.1147331000090597
2019-01-28,1.2400000000000002,5.11,3.87,1.203195939980707,1.1720445798171337,1.1190001504869553
2019-01-29,1.23,5.08,3.85,1.2066657104515814,1.1759256809310077,1.1227812128501593
2019-01-30,1.2200000000000002,5.07,3.85,1.2083918267224705,1.1788772062291104,1.126092841637957
2019-01-31,1.2199999999999998,5.01,3.79,1.2098944982144075,1.1816310767075957,1.1292916641920039
2019-02-01,1.1999999999999997,5.01,3.81,1.208613660994085,1.1828611885491778,1.131700249685239
2019-02-04,1.2000000000000002,5.03,3.83,1.2074986274304425,1.184008923480654,1.1340267899144763
2019-02-05,1.1900000000000004,4.98,3.79,1.2052334399664808,1.1844101279526287,1.13593344293185
2019-02-06,1.2000000000000006,4.98,3.78,1.2045559741107965,1.185454135045965,1.1381157850587371
2019-02-07,1.21,4.96,3.75,1.205260700195555,1.1870978981920783,1.140564425311992
2019-02-08,1.1599999999999997,4.93,3.77,1.1994017280504174,1.1852832330145147,1.1412264723353207
2019-02-11,1.1900000000000004,4.95,3.76,1.198184679650248,1.1855991007891507,1.1428878777388651
2019-02-12,1.1800000000000006,4.98,3.8,1.195830683112883,1.1852241457592172,1.1441520528644693
2019-02-13,1.2000000000000006,4.98,3.78,1.1963703988353602,1.1862136405152106,1.1460544389659166
2019-02-14,1.19,4.96,3.77,1.1955457542945438,1.1864672016828732,1.1475513861021946
2019-02-15,1.1800000000000006,4.94,3.76,1.1935333651579785,1.1860341125330431,1.1486567050128542
2019-02-18,1.1800000000000006,4.94,3.76,1.1917814786615704,1.1856300260679749,1.1497243727037079
2019-02-19,1.1899999999999995,4.93,3.74,1.19155086725233,1.185922670149265,1.1510963084242742
2019-02-20,1.12,4.88,3.76,1.1822886477908423,1.1815080261394628,1.1500370540024583
2019-02-21,1.1099999999999999,4.92,3.81,1.172930923054233,1.1767193475477953,1.1486732449641002
2019-02-22,1.0900000000000003,4.9,3.81,1.1621955617795303,1.1709120122666397,1.1466746188467312
2019-02-25,1.1000000000000005,4.9,3.8,1.1541443813416892,1.1661632469410375,1.145084709982778
2019-02-26,1.1,4.88,3.78,1.1471354216763276,1.1617324922231846,1.1435489592514059
2019-02-27,1.0900000000000003,4.94,3.85,1.1397392735244887,1.1569287818093887,1.1417248851170492
2019-02-28,1.0900000000000003,4.95,3.86,1.1333005525846835,1.1524467615115284,1.139962945644022
2019-03-01,1.0800000000000005,4.98,3.9,1.126400826076591,1.147595218620255,1.1379203875869064
2019-03-04,1.0700000000000003,4.94,3.87,1.119099770911343,1.1423988989582092,1.135606769844849
2019-03-05,1.0700000000000003,4.94,3.87,1.1127438332245803,1.1375505612789492,1.1333719624165508
2019-03-06,1.0800000000000005,4.94,3.86,1.1085051624581328,1.1336965723547203,1.1315539174441578
2019-03-07,1.0699999999999998,4.89,3.82,1.1035206908677362,1.1294310034547652,1.1294571650469527
2019-03-08,1.0699999999999998,4.89,3.82,1.099181456316983,1.1254510869434338,1.127431835733732
2019-03-11,1.06,4.91,3.85,1.094109438867512,1.1210680234501678,1.1251348598613045
2019-03-12,1.0600000000000005,4.86,3.8,1.0896939912198276,1.1169784806069498,1.1229161274194628
2019-03-13,1.0700000000000003,4.87,3.8,1.0871446151499697,1.1138324722985564,1.1211136098604753
2019-03-14,1.0600000000000005,4.9,3.84,1.0836307600092627,1.1102274726705443,1.1190318559559729
2019-03-15,1.0500000000000003,4.87,3.82,1.0792772770701404,1.1061942189984995,1.116680377520981
2019-03-18,1.0500000000000003,4.87,3.82,1.0754873500451874,1.1024310602592446,1.1144089990739392
2019-03-19,1.06,4.88,3.82,1.0734825213058021,1.0995895790877617,1.1125556288259562
2019-03-20,1.0500000000000003,4.83,3.78,1.0704427221503794,1.0962687133253055,1.1104247544617292
2019-03-21,1.0700000000000003,4.82,3.75,1.0703854120173966,1.0945095761777326,1.109047738922451
2019-03-22,1.0700000000000003,4.74,3.67,1.0703355206488456,1.0928682431824093,1.107717629587568
2019-03-25,1.04,4.71,3.67,1.0664086045887338,1.0893278150937786,1.1054109185273078
2019-03-26,1.0699999999999998,4.71,3.64,1.0668735087017032,1.0880334891368184,1.1042046926461244
2019-03-27,1.0499999999999998,4.67,3.62,1.0646892425050498,1.0854865001479084,1.102358281825097
2019-03-28,1.0500000000000003,4.66,3.61,1.0627877283371645,1.0831100753921743,1.1005747665349466
2019-03-29,1.0499999999999998,4.67,3.62,1.0611323641071964,1.0808927926931697,1.0988520043229975
2019-04-01,1.0500000000000003,4.73,3.68,1.0596912858443375,1.0788239947834346,1.0971879257163768
2019-04-02,1.0599999999999996,4.72,3.66,1.0597312487178905,1.0775634081654613,1.0959211684468069
2019-04-03,1.06,4.75,3.69,1.059766038419973,1.0763872392622023,1.0946975615801997
2019-04-04,1.0300000000000002,4.73,3.7,1.0559128415136017,1.0732808246179464,1.0924937251231672
2019-04-05,1.0499999999999998,4.72,3.67,1.0551474275103465,1.0717217774387264,1.0910462328478137
2019-04-08,1.0400000000000005,4.73,3.69,1.0531866015516194,1.0695974649005198,1.08930741076246
2019-04-09,1.0300000000000002,4.7,3.67,1.050185109041685,1.0669457411334058,1.0872871826299286
2019-04-10,1.0400000000000005,4.69,3.65,1.0488666524134713,1.065141265458878,1.085676407594752
2019-04-11,1.0299999999999998,4.71,3.68,1.0464243748860595,1.062787960037486,1.0837798647597983
2019-04-12,1.0,4.71,3.71,1.0404147657077296,1.0585832381862692,1.0809260150038997
2019-04-15,1.02,4.7,3.68,1.0377720857864223,1.055999434148112,1.078850651268887
2019-04-16,0.9899999999999998,4.72,3.73,1.0315880161912006,1.0515796494829495,1.0758240719092502
2019-04-17,0.9999999999999996,4.72,3.72,1.0274989652886566,1.0481255146594963,1.0732412256641546
2019-04-18,1.0000000000000004,4.69,3.69,1.0239392397221005,1.0449026929119984,1.0707463606439898
2019-04-19,1.0000000000000004,4.69,3.69,1.0208403186249557,1.0418956938957407,1.0683364798852488
2019-04-22,0.9800000000000004,4.73,3.75,1.0155535623841485,1.0377507244387896,1.0653274150905008
2019-04-23,0.98,4.71,3.73,1.0109511737607044,1.0338833311865416,1.0624208500891648
2019-04-24,0.98,4.67,3.69,1.0069445617520576,1.0302749256909474,1.0596132933619928
2019-04-25,0.9899999999999998,4.68,3.69,1.0047510977780596,1.027577834401347,1.0572420090344516
2019-04-26,0.9499999999999997,4.64,3.69,0.9976635990117709,1.0223826789084358,1.0535889525132633
2019-04-29,0.96,4.67,3.71,0.9927880673354564,1.0182050975220178,1.0504009692185834
2019-04-30,0.9400000000000004,4.65,3.71,0.9859546817541954,1.0129679360943962,1.0466403069167431
2019-05-01,0.9499999999999997,4.63,3.68,0.9813003684542476,1.0087511617850529,1.0433483832893293
2019-05-02,0.9100000000000001,4.67,3.76,0.9720705759210665,1.0021380918980431,1.038806047822558
2019-05-03,0.9200000000000004,4.65,3.73,0.965330069199238,0.9966375496027564,1.0347590776877915
2019-05-06,0.9300000000000002,4.65,3.72,0.9607566116426878,0.9921750322545422,1.031190598923298
2019-05-07,0.9199999999999999,4.62,3.7,0.9554806912235831,0.9873416862587211,1.0274030389349254
2019-05-08,0.96,4.66,3.7,0.9560657131989811,0.9855106953236353,1.0251070439871803
2019-05-09,0.9300000000000002,4.66,3.73,0.9526915213080883,0.9817933101200997,1.0218673489238708
2019-05-10,0.9499999999999997,4.67,3.72,0.9523431053908797,0.9796642072522141,1.0194192831890847
2019-05-13,0.9400000000000004,4.65,3.71,0.9507452973508539,0.9770080139494693,1.0167139708495072
2019-05-14,0.9500000000000002,4.66,3.71,0.950648819028609,0.9751993680507413,1.014441448090372
2019-05-15,0.94,4.63,3.69,0.949270335403794,0.9728421716725882,1.0119056990882633
2019-05-16,0.9599999999999995,4.64,3.68,0.9506592844417944,0.9719821698535043,1.0101376004275948
2019-05-17,0.9499999999999997,4.63,3.68,0.9505739404421765,0.9705100896988853,1.0080890929873803
2019-05-20,0.9500000000000002,4.65,3.7,0.9504996441752352,0.9691365903484392,1.006110365230804
2019-05-21,0.96,4.66,3.7,0.9517294598852374,0.9685247402252506,1.0045396769164268
2019-05-22,0.9700000000000002,4.65,3.68,0.9540945710113691,0.9686235339590716,1.0033631287229035
2019-05-23,0.9499999999999997,4.59,3.64,0.9535645311004033,0.96737637160282,1.0015453846585454
2019-05-24,0.9899999999999998,4.63,3.64,0.9582810820254977,0.968891408317162,1.0011521064731006
2019-05-27,0.9899999999999998,4.63,3.64,0.9623870780901534,0.9703049875550327,1.000772224786406
2019-05-28,0.9700000000000002,4.58,3.61,0.9633725665430537,0.9702845634508537,0.9997240098430311
2019-05-29,0.9900000000000002,4.58,3.59,0.9668194728049253,0.971604847257096,0.9993927743702065
2019-05-30,1.0,4.55,3.55,0.9711146733598653,0.9735063856911437,0.9994134587043282
2019-05-31,1.0,4.51,3.51,0.9748538626224382,0.9752805837847854,0.9994334384540959
2019-06-03,0.9900000000000002,4.49,3.5,0.9768145215742031,0.9762662990550429,0.9991121009094879
2019-06-04,1.02,4.54,3.52,0.9824048574302099,0.9791950141763506,0.999823619433558
2019-06-05,1.0300000000000002,4.57,3.54,0.98856602182571,0.9825972720919752,1.000851537735412
2019-06-06,1.0299999999999998,4.56,3.53,0.9939296269607725,0.9857716909729703,1.0018444413663394
2019-06-07,1.0299999999999998,4.51,3.48,0.9985989164323992,0.9887335285178961,1.0028035230545738
2019-06-10,1.0499999999999998,4.54,3.49,1.005252757746194,0.9928363608321481,1.004411208321149
2019-06-11,1.04,4.53,3.49,1.0097507686829623,0.9959947686554566,1.0056234932148596
2019-06-12,1.0300000000000002,4.54,3.51,1.0123720202706394,0.9982719972706994,1.0064538465239499
2019-06-13,1.0399999999999996,4.52,3.48,1.0159484466838713,1.0010663967826245,1.0075965516617946
2019-06-14,1.0199999999999996,4.51,3.49,1.0164729179784198,1.0023343235495212,1.008019058646185
2019-06-17,1.0499999999999998,4.5,3.45,1.020812979860438,1.0055263513077843,1.0094490836238867
2019-06-18,1.06,4.46,3.4,1.0258857175436078,1.009174288600777,1.0111710334118704
2019-06-19,1.0500000000000003,4.44,3.39,1.0290072978241058,1.0119082643615647,1.0124936905579167
2019-06-20,1.0599999999999996,4.39,3.33,1.0330192856627063,1.0151288240290732,1.0141119298567463
2019-06-21,1.06,4.42,3.36,1.0365119239355371,1.0181337124500718,1.0156750459843797
2019-06-24,1.0499999999999998,4.35,3.3,1.0382579477843008,1.0202677023981184,1.0168442799276376
2019-06-25,1.02,4.34,3.32,1.0358944667282544,1.020249775169358,1.0169517753381878
2019-06-26,1.0500000000000003,4.37,3.32,1.0377204200646897,1.0222420587273735,1.0180775191926856
2019-06-27,1.0500000000000003,4.32,3.27,1.039310004770276,1.0241009250154984,1.019164916078809
2019-06-28,1.0599999999999996,4.31,3.25,1.0419883129981695,1.0265049786738063,1.0205559089458267
2019-07-01,1.0500000000000003,4.32,3.27,1.0430254213676042,1.0280783699658005,1.0215588827786029
2019-07-02,1.0399999999999996,4.27,3.23,1.042633782275776,1.0288767258651956,1.0221870549298908
2019-07-03,1.0399999999999996,4.22,3.18,1.0422928406437761,1.0296216182583193,1.0227938292316388
2019-07-04,1.0399999999999996,4.22,3.18,1.0419960337139875,1.0303166274362487,1.0233799345731551
2019-07-05,1.04,4.3,3.26,1.04173764827407,1.0309650939286779,1.0239460750151026
2019-07-08,1.04,4.28,3.24,1.041512710683802,1.0315701345600203,1.0244929306352533
2019-07-09,1.0300000000000002,4.29,3.26,1.040022396770849,1.0314649873456512,1.0246805216346822
2019-07-10,1.0200000000000005,4.32,3.3,1.0374305087874012,1.0306972114410446,1.0245210858852583
2019-07-11,1.0099999999999998,4.38,3.37,1.0338796448763714,1.0293111811073077,1.0240264443920086
2019-07-12,1.0300000000000002,4.37,3.34,1.033377427032514,1.0293573092479242,1.0242299256253884
2019-07-15,0.9899999999999998,4.34,3.35,1.0277622435374916,1.02672166798643,1.0230639286979581
2019-07-16,0.9900000000000002,4.36,3.37,1.0228739423828888,1.0242625277356001,1.0219376499063386
2019-07-17,1.0,4.3,3.3,1.0199129234262267,1.0226377388353918,1.0211903730157672
2019-07-18,0.9999999999999996,4.31,3.31,1.0173352067055743,1.0211217571872144,1.0204685511193983
2019-07-19,0.9999999999999996,4.31,3.31,1.0150911739623925,1.0197072962949008,1.019771317126682
2019-07-22,0.9900000000000002,4.29,3.3,1.011843135626722,1.0177178875325017,1.0187571967726046
2019-07-23,0.9999999999999996,4.31,3.31,1.010310048391035,1.0165313736081627,1.0181182577914505
2019-07-24,0.9100000000000001,4.2,3.29,0.997324969131077,1.0093972862101492,1.0144353530208239
2019-07-25,0.9099999999999997,4.22,3.31,0.9860208010668757,1.0027409473032958,1.010877901506905
2019-07-26,0.8999999999999999,4.21,3.31,0.9748854568239526,0.9958606934157196,1.0071009931404704
2019-07-29,0.9000000000000004,4.19,3.29,0.9651915766207795,0.9894411895484616,1.003452740138311
2019-07-30,0.9100000000000001,4.2,3.29,0.9580470581164208,0.9841212507356437,1.0002693967371679
2019-07-31,0.8900000000000006,4.15,3.26,0.9492384047738942,0.9778182321410637,0.9965132162770572
2019-08-01,0.8800000000000003,4.07,3.19,0.9402755322776386,0.9712676377614186,0.9925443484018872
2019-08-02,0.8700000000000001,4.04,3.17,0.9311784042102332,0.9644860470064022,0.9883700380258063
2019-08-05,0.8400000000000003,3.99,3.15,0.9193754111456603,0.9561495888429751,0.983316009853087
2019-08-06,0.8300000000000001,3.98,3.15,0.9078058145176773,0.9477017282592993,0.9780935037228964
2019-08-07,0.8500000000000001,3.94,3.09,0.9003228843901552,0.9411589357960903,0.9737301687452156
2019-08-08,0.8800000000000003,3.97,3.09,0.8976920984536516,0.9370633048250337,0.9705373751072598
2019-08-09,0.8800000000000003,3.97,3.09,0.8954018662747169,0.933241946007878,0.9674533397415982
2019-08-12,0.8700000000000001,3.88,3.01,0.8921136089942275,0.9290068220743397,0.9641337212314651
2019-08-13,0.8900000000000001,3.9,3.01,0.8918400035005125,0.9263946518903652,0.9616084545358593
2019-08-14,0.8699999999999997,3.82,2.95,0.8890128273497605,0.9226180707599443,0.9584879342728465
2019-08-15,0.8900000000000001,3.79,2.9,0.8891406162932635,0.9204337361393101,0.9561549838071595
2019-08-16,0.8999999999999999,3.81,2.91,0.8905463573970518,0.9190653499583343,0.9542421389095218
2019-08-19,0.94,3.89,2.95,0.8969481035749581,0.9204672808448485,0.9537569993743013
2019-08-20,0.96,3.85,2.89,0.9051101360502909,0.9231146687830846,0.953969658894137
2019-08-21,0.9499999999999997,3.84,2.89,0.9109211036522943,0.9249150989862235,0.9538344377392866
2019-08-22,0.94,3.87,2.93,0.9146853504044752,0.9259252896800795,0.9533631860026258
2019-08-23,0.9100000000000001,3.79,2.88,0.9140788344338556,0.9248588206712948,0.9518860766978616
2019-08-26,0.9100000000000001,3.81,2.9,0.9135508316139846,0.9238637699016471,0.950459283158597
2019-08-27,0.9199999999999999,3.75,2.83,0.9143856728287627,0.9236050247899437,0.9494217281558975
2019-08-28,0.9199999999999999,3.73,2.81,0.9151124443185505,0.9233636070643255,0.9484195160855324
2019-08-29,0.9100000000000001,3.77,2.86,0.9144506412813342,0.9224686862769501,0.9471108063267282
2019-08-30,0.9099999999999997,3.76,2.85,0.9138745082744945,0.9216336956575167,0.9458466760266807
2019-09-02,0.9099999999999997,3.76,2.85,0.9133729553608566,0.9208546218619617,0.9446256066453702
2019-09-03,0.8900000000000001,3.75,2.86,0.9103473394552889,0.9187883801386031,0.9427648579483215
2019-09-04,0.8999999999999999,3.76,2.86,0.9090078821914179,0.9175301785268516,0.9413081298935942
2019-09-05,0.9100000000000001,3.85,2.94,0.9091363112828827,0.9170259049977146,0.9402416600549206
2019-09-06,0.8999999999999999,3.81,2.91,0.9079536209337623,0.9158857310736392,0.9388708813832917
2019-09-09,0.8699999999999997,3.86,2.99,0.9030405460830143,0.9128129009324911,0.9365248863331952
2019-09-10,0.8700000000000001,3.94,3.07,0.8987634660041797,0.9099458490334112,0.9342588044868293
2019-09-11,0.8800000000000003,3.97,3.09,0.8963345458993263,0.9079404651077533,0.9324105504178588
2019-09-12,0.8699999999999997,4.01,3.14,0.8929255537668062,0.9053997056597849,0.9302846179568055
2019-09-13,0.8600000000000003,4.11,3.25,0.88866335937853,0.9023594231866396,0.927890465849082
2019-09-16,0.8599999999999999,4.04,3.18,0.8849529036529385,0.899522739335604,0.9255778673512599
2019-09-17,0.8799999999999994,4.02,3.14,0.884311753065017,0.8982153598852918,0.9240253178694996
2019-09-18,0.8799999999999999,3.98,3.1,0.8837535990595443,0.8969955317256934,0.9225256539226138
2019-09-19,0.8900000000000001,3.96,3.07,0.8845621921427129,0.8965270618934144,0.9214177107458895
2019-09-20,0.9000000000000004,3.93,3.03,0.8865606076737814,0.8967596341689903,0.9206881448918588
2019-09-23,0.8700000000000001,3.89,3.02,0.8844168463389366,0.8949676215211236,0.9189615205968528
2019-09-24,0.8999999999999999,3.84,2.94,0.8864340768024312,0.8953046248533085,0.9183156215961569
2019-09-25,0.8800000000000003,3.93,3.05,0.885601189184647,0.894279719911231,0.9170104508650653
2019-09-26,0.8899999999999997,3.88,2.99,0.8861706127668614,0.8939931198717155,0.9160903757512061
2019-09-27,0.8799999999999999,3.88,3.0,0.8853718304200734,0.8930560424948398,0.9148610050626382
2019-09-30,0.8700000000000001,3.88,3.01,0.8833819556310873,0.8915120483019602,0.9133328745420838
2019-10-01,0.8999999999999999,3.87,2.97,0.8855331521137632,0.892080461035158,0.912878707889196
2019-10-02,0.8699999999999997,3.86,2.99,0.8835223943224009,0.8906017986141455,0.9114181016875308
2019-10-03,0.8900000000000001,3.83,2.94,0.8843609167285559,0.8905614979612588,0.9106885225165925
2019-10-04,0.9300000000000002,3.81,2.88,0.8902688703497257,0.8932025764610628,0.9113463423335626
2019-10-07,0.9199999999999999,3.84,2.92,0.8941175483355235,0.8949971197499866,0.9116411176819091
2019-10-08,0.8899999999999997,3.84,2.95,0.893584534022889,0.8946624775893978,0.9109039417674939
2019-10-09,0.9299999999999997,3.88,2.95,0.8982984955809351,0.8970289257517369,0.911554423613958
2019-10-10,0.9199999999999999,3.94,3.02,0.9011077431036096,0.898567229875329,0.9118421109500122
2019-10-11,0.9199999999999999,3.98,3.06,0.9035533351169123,0.9000025183736575,0.9121199985992786
2019-10-14,0.9199999999999999,3.98,3.06,0.9056823466216855,0.9013416898949713,0.9123884203750645
2019-10-15,0.9199999999999999,3.98,3.06,0.9075357587864297,0.9025911811056837,0.9126476987197707
2019-10-16,0.9200000000000004,3.97,3.05,0.9091492477904676,0.9037569976279136,0.9128981450922259
2019-10-17,0.9300000000000002,3.97,3.04,0.9118483659188437,0.9055144129898647,0.9134806970525793
2019-10-18,0.9400000000000004,3.97,3.03,0.915492579092943,0.9078238095870306,0.9143840418653226
2019-10-21,0.9500000000000002,3.99,3.04,0.9199595452914652,0.9106482228873611,0.9155972521482487
2019-10-22,0.9300000000000002,3.95,3.02,0.9212592764977359,0.911944153509041,0.9160878626136492
2019-10-23,0.9400000000000004,3.95,3.01,0.9236852525985271,0.9138229696184431,0.9169023977962818
2019-10-24,0.94,3.94,3.0,0.9257971874596137,0.915575967033546,0.917689186920374
2019-10-25,0.9199999999999999,3.96,3.04,0.9250467448085,0.9158722312866521,0.9177679016970346
2019-10-28,0.9299999999999997,4.01,3.08,0.9256879409028902,0.9168183256936449,0.9181845718701858
2019-10-29,0.9200000000000004,3.99,3.07,0.9249516401570061,0.9170313929038457,0.9182464120168603
2019-10-30,0.8800000000000003,3.95,3.07,0.9191326756597664,0.9145515113018501,0.9169435988181132
2019-10-31,0.8799999999999999,3.87,2.99,0.9140669728388942,0.912237699952083,0.9156851642196404
2019-11-01,0.8700000000000001,3.89,3.02,0.9083625280276543,0.9094091675419261,0.9141289598126482
2019-11-04,0.8800000000000003,3.95,3.07,0.9046910147509766,0.9074397235702505,0.912966402151453
2019-11-05,0.8999999999999999,4.01,3.11,0.9040837655338931,0.9069415075389577,0.9125247188935377
2019-11-06,0.8900000000000001,3.95,3.06,0.9022606300188613,0.9058069854602171,0.9117574442780879
2019-11-07,0.8999999999999999,4.05,3.15,0.9019679927363238,0.9054181090157571,0.9113569425635147
2019-11-08,0.8799999999999999,4.05,3.17,0.8991242484510918,0.9037159342941806,0.9102888099861086
2019-11-11,0.8799999999999999,4.05,3.17,0.8966486252617131,0.9021277491215898,0.909257061925484
2019-11-12,0.8799999999999994,4.02,3.14,0.8944934700996903,0.9006459199588928,0.9082604589914288
2019-11-13,0.8500000000000001,3.99,3.14,0.8887338154582846,0.8972543142083794,0.9062758938796572
2019-11-14,0.8700000000000001,3.95,3.08,0.8863087335998953,0.8954291743181284,0.9050402037625834
2019-11-15,0.8700000000000001,3.97,3.1,0.8841975772220353,0.8937262585863543,0.9038466057872084
2019-11-18,0.8700000000000001,3.95,3.08,0.882359708848083,0.892137382026802,0.9026936661406626
2019-11-19,0.8799999999999999,3.92,3.04,0.8820542458669135,0.8913245778618922,0.9019206365617577
2019-11-20,0.8600000000000003,3.89,3.03,0.8791993361625128,0.889226864591109,0.9004926657866569
2019-11-21,0.8799999999999999,3.92,3.04,0.8793029816452647,0.8886089690719475,0.8997946103598471
2019-11-22,0.8800000000000003,3.91,3.03,0.8793932102786575,0.8880324521672471,0.8991203332634884
2019-11-25,0.8999999999999999,3.89,2.99,0.8820607476003605,0.8888338830442468,0.8991502979418567
2019-11-26,0.8999999999999999,3.85,2.95,0.8843829737183825,0.8895816444929238,0.8991792419132772
2019-11-27,0.9199999999999999,3.86,2.94,0.888993577707605,0.8916186707636026,0.8998884733682787
2019-11-28,0.9199999999999999,3.86,2.94,0.8930073416075581,0.8935192834787731,0.9005735457962809
2019-11-29,0.9099999999999997,3.86,2.95,0.8952070316645611,0.8946229477615296,0.9008946454316814
2019-12-02,0.9100000000000001,3.94,3.03,0.897121973082762,0.8956527029489222,0.9012048072347192
2019-12-03,0.8700000000000001,3.83,2.96,0.8936110489449007,0.893934818173438,0.9001418569451122
2019-12-04,0.8599999999999999,3.88,3.02,0.8892601175919569,0.8916623049176206,0.898774477933788
2019-12-05,0.8800000000000003,3.89,3.01,0.8880614005858665,0.890881315245502,0.8981349502928436
2019-12-06,0.8800000000000003,3.91,3.03,0.8870178568209818,0.8901526261153658,0.8975172073111038
2019-12-09,0.8799999999999999,3.88,3.0,0.8861093992086372,0.8894727351163745,0.8969205069231031
2019-12-10,0.8599999999999999,3.86,3.0,0.8827295521884024,0.8874990342144028,0.8956628589193466
2019-12-11,0.8599999999999999,3.83,2.97,0.8797872244610824,0.8856575061574373,0.8944480510235183
2019-12-12,0.8700000000000001,3.92,3.05,0.8785202737677008,0.8846089698100797,0.8936152606550246
2019-12-13,0.8699999999999997,3.84,2.97,0.8774173291279092,0.8836306508051697,0.8928108381837178
2019-12-16,0.8700000000000001,3.89,3.02,0.876457160050454,0.8827178468973411,0.8920338172948791
2019-12-17,0.8899999999999997,3.88,2.99,0.8782102730532935,0.8832055109057971,0.8919645380115193
2019-12-18,0.8700000000000001,3.9,3.03,0.8771474578313596,0.8823211773452079,0.8912163452133772
2019-12-19,0.8700000000000001,3.88,3.01,0.8762222234412254,0.8814960649576549,0.8904936386086119
2019-12-20,0.8700000000000001,3.88,3.01,0.8754167601217131,0.8807262078783422,0.8897955500439151
2019-12-23,0.8700000000000001,3.89,3.02,0.8747155635751973,0.8800079058245753,0.8891212409384674
2019-12-24,0.8799999999999999,3.87,2.99,0.8753996308936854,0.8800073763951541,0.8888105379873422
2019-12-25,0.8799999999999999,3.87,2.99,0.8759951460831278,0.8800068824200374,0.8885104187193462
2019-12-26,0.8700000000000001,3.87,3.0,0.8752190777997094,0.8793367514403246,0.8878798859046271
2019-12-27,0.8599999999999999,3.84,2.98,0.8732489767513846,0.8780418270429698,0.8869301946415591
2019-12-30,0.8500000000000001,3.87,3.02,0.8702394098069763,0.87616394977406,0.8856722166385476
2019-12-31,0.8599999999999999,3.9,3.04,0.8689139239752831,0.875081498412742,0.884797726695202
2020-01-01,0.8599999999999999,3.9,3.04,0.8677600215378615,0.8740715355808982,0.883953025089645
2020-01-02,0.8599999999999999,3.86,3.0,0.8667554911209754,0.8731292069385621,0.8831370971217365
2020-01-03,0.8500000000000001,3.79,2.94,0.8645865022336683,0.8715803131417605,0.8820083259449962
2020-01-06,0.8200000000000003,3.83,3.01,0.8588148046349239,0.8681261338750622,0.8798960947260849
2020-01-07,0.8399999999999999,3.86,3.02,0.8563792387732395,0.866242610829814,0.8785370872781523
2020-01-08,0.8199999999999998,3.92,3.1,0.8516699668063278,0.8631458815190138,0.8765430991914117
2020-01-09,0.8399999999999999,3.88,3.04,0.8501592961768957,0.861595871075442,0.8752983070804887
2020-01-10,0.8299999999999996,3.82,2.99,0.8475496866424499,0.8594799901097309,0.8737552804478376
2020-01-13,0.8399999999999999,3.84,3.0,0.8465723839592939,0.8581754734471897,0.8726054516776128
2020-01-14,0.81,3.81,3.0,0.8418381094568455,0.8549493061091334,0.8704728801641551
2020-01-15,0.8299999999999996,3.8,2.97,0.840305672856018,0.8532785257157722,0.8690942252867792
2020-01-16,0.8199999999999998,3.81,2.99,0.8376771149429132,0.8510499624025216,0.8674218957449208
2020-01-17,0.81,3.82,3.01,0.8340943280039647,0.8483009692228982,0.865465895175754
2020-01-20,0.81,3.82,3.01,0.8309753308160931,0.8457360678928,0.8635765231665982
2020-01-21,0.7999999999999998,3.75,2.95,0.8269655916902335,0.8426732602471496,0.8614108733933492
2020-01-22,0.81,3.74,2.93,0.8247694054025849,0.8404852297516587,0.8596596303123918
2020-01-23,0.8400000000000003,3.72,2.88,0.8267409972938855,0.8404527353667729,0.8589899511319713
2020-01-24,0.8600000000000003,3.68,2.82,0.8310463564595247,0.8417617572028985,0.8590243571043816
2020-01-27,0.8599999999999999,3.65,2.79,0.8347943893063641,0.8429831177626458,0.8590575910830648
2020-01-28,0.8199999999999998,3.69,2.87,0.8328792639442774,0.8414440071209242,0.8577271461474234
2020-01-29,0.8399999999999999,3.65,2.81,0.8338010392156076,0.8413473062838364,0.8571232944719563
2020-01-30,0.8300000000000001,3.65,2.82,0.8333089968302578,0.8405874111278923,0.8561993754905891
2020-01-31,0.8200000000000003,3.64,2.82,0.8315861546874873,0.8392087337926555,0.8549662918707517
2020-02-03,0.8400000000000003,3.64,2.8,0.8326753222237057,0.8392617225234594,0.8544564850272516
2020-02-04,0.8400000000000003,3.7,2.86,0.8336234976358844,0.8393111627574792,0.8539640440763804
2020-02-05,0.8300000000000001,3.73,2.9,0.8331544379080214,0.838687622042297,0.8531477407613322
2020-02-06,0.8400000000000003,3.7,2.86,0.8340405920647495,0.8387755080680974,0.8526998804446567
2020-02-07,0.8700000000000001,3.64,2.77,0.8386955171661725,0.84086651888356,0.8532891860267509
2020-02-10,0.8500000000000001,3.62,2.77,0.8401588761012401,0.8414781607907831,0.8531771442758306
2020-02-11,0.8400000000000003,3.64,2.8,0.8401383096794289,0.8413791727845968,0.8527282823675087
2020-02-12,0.8400000000000003,3.68,2.84,0.8401204055693362,0.8412868137090586,0.8522947103435902
2020-02-13,0.8300000000000001,3.66,2.83,0.838810324769171,0.8405309695598816,0.8515352706637304
2020-02-14,0.8399999999999999,3.63,2.79,0.8389643275576623,0.8404954121168714,0.8511423369980782
2020-02-17,0.8399999999999999,3.63,2.79,0.8390983947719326,0.8404622358494481,0.850762788095567
2020-02-18,0.8400000000000003,3.6,2.76,0.8392151070608352,0.8404312812974062,0.850396168022028
2020-02-19,0.8199999999999998,3.61,2.79,0.8367277222756054,0.8390630595098489,0.8493607629525806
2020-02-20,0.7999999999999998,3.57,2.77,0.8319733393156119,0.8364471232730546,0.8476793541593451
2020-02-21,0.8099999999999996,3.55,2.74,0.8291289029187028,0.8346760385450008,0.846395857032937
2020-02-24,0.7899999999999996,3.51,2.72,0.824063688477036,0.8316842178936558,0.8444748071089656
2020-02-25,0.81,3.52,2.71,0.822243151925705,0.8302320906904537,0.8433004686192264
2020-02-26,0.8399999999999999,3.53,2.69,0.8245417659065587,0.8308862183558537,0.8431880425417871
2020-02-27,0.8699999999999997,3.57,2.7,0.8304263087035076,0.8335055513022448,0.8441013562415247
2020-02-28,0.8099999999999996,3.51,2.7,0.8277821345478991,0.8319314548492553,0.8429397388592967
2020-03-02,0.9300000000000002,3.54,2.61,0.8410141796517462,0.8384988119423382,0.8459053309585107
2020-03-03,0.8999999999999999,3.5,2.6,0.8486498608693437,0.8426173625234921,0.8477479939716593
2020-03-04,0.9400000000000004,3.49,2.55,0.8604750849226279,0.8491387864315494,0.850890435961032
2020-03-05,0.9199999999999999,3.44,2.52,0.8681805516492398,0.8538841499202999,0.8532445614186027
2020-03-06,0.9300000000000002,3.29,2.36,0.8761830444155901,0.8589814006967703,0.8558591334316686
2020-03-09,1.0100000000000002,3.47,2.46,0.8935055739374196,0.8690946645144092,0.8611097372096915
2020-03-10,1.02,3.69,2.67,0.9098802061374007,0.8792003433930137,0.8665221228584253
2020-03-11,1.1400000000000001,3.81,2.67,0.9396690838273263,0.8966653162042114,0.8758377833117074
2020-03-12,1.1400000000000001,4.08,2.94,0.9656018080802503,0.9129607120333523,0.884836118171461
2020-03-13,1.2100000000000004,4.24,3.03,0.9972390163557078,0.9328525445445155,0.8959123936875887
2020-03-16,1.2300000000000004,4.11,2.88,1.0273697945751015,0.9527516207088191,0.9072926440193003
2020-03-17,1.1099999999999999,4.51,3.4,1.03806622812208,0.963282074255635,0.9141976007179411
2020-03-18,1.0700000000000003,4.99,3.92,1.042200036903507,0.9704286544921322,0.919504802399805
2020-03-19,1.27,5.13,3.86,1.0716886138075117,0.9904900513220876,0.9314439555242794
2020-03-20,1.0300000000000002,5.15,4.12,1.0662920462331638,0.9931359143895816,0.9348011362057687
2020-03-23,1.5000000000000004,5.07,3.57,1.1224352965422715,1.027079085900343,0.9540538843941064
2020-03-24,1.5900000000000003,5.03,3.44,1.1829612840274892,1.0647762155189628,0.9757165436976277
2020-03-25,1.67,5.01,3.34,1.2460081714631097,1.10530624181643,0.9993663869860331
2020-03-26,1.8000000000000003,4.87,3.07,1.3177221016057603,1.151827804600036,1.0266389070314532
2020-03-27,1.75,4.7,2.95,1.37368023205243,1.191885607071832,1.051279241370898
2020-03-30,1.88,4.59,2.71,1.43922304080528,1.2379665694466973,1.0795085127059922
2020-03-31,1.9,4.63,2.73,1.4988703586191612,1.2823009677934767,1.1074574648491395
2020-04-01,1.83,4.59,2.76,1.5417349041718673,1.3189787335185332,1.1320699161043266
2020-04-02,1.9099999999999997,4.55,2.64,1.589406613384518,1.3585576596729243,1.158569070601616
2020-04-03,1.9100000000000001,4.54,2.63,1.63090724669288,1.3954861035445703,1.1841655666163402
2020-04-06,1.9500000000000002,4.58,2.63,1.6722136238647756,1.4326202403414587,1.2102526988531483
2020-04-07,1.9900000000000002,4.54,2.55,1.7133508912476463,1.4699462954237243,1.2368137544411542
2020-04-08,1.9599999999999995,4.52,2.56,1.7452794794391515,1.5027637260055027,1.2614481328359464
2020-04-09,1.88,4.34,2.46,1.7627189749382062,1.5280261107587154,1.2825182801819455
2020-04-10,1.88,4.34,2.46,1.7779009375685084,1.5515967491783593,1.3028707009592453
2020-04-13,1.8199999999999998,4.17,2.35,1.7833506374860264,1.5695709119476806,1.3204860233050946
2020-04-14,1.8900000000000001,4.12,2.23,1.7971563373882877,1.5910290893991332,1.339885760079933
2020-04-15,1.5899999999999999,3.96,2.37,1.7703400662037359,1.590960174360632,1.3484055692797825
2020-04-16,1.58,3.89,2.31,1.745700651851484,1.5902262042714657,1.3562945257906738
2020-04-17,1.5099999999999998,3.92,2.41,1.715189335238573,1.5848536953710486,1.361530298506591
2020-04-20,1.5500000000000003,3.91,2.36,1.693805668842452,1.582519647658162,1.367950268425895
2020-04-21,1.54,3.87,2.33,1.6738956116489339,1.579672234053586,1.373810913890804
2020-04-22,1.5700000000000003,3.93,2.36,1.6604463832449747,1.5790245134738616,1.3804938343885627
2020-04-23,1.62,3.87,2.25,1.6552106217172038,1.5817685192268411,1.388652293634422
2020-04-24,1.5500000000000003,3.85,2.3,1.6415911660006473,1.5796410765309141,1.39414838883279
2020-04-27,1.52,3.91,2.39,1.6258512580536961,1.5756470920541146,1.398435356719868
2020-04-28,1.52,3.87,2.35,1.6121488723242485,1.5719205727695744,1.4025762947429308
2020-04-29,1.4900000000000002,3.87,2.38,1.596336769607861,1.5664345970796048,1.4055542670829788
2020-04-30,1.4900000000000002,3.87,2.38,1.5825715346812135,1.5613160007700941,1.4084307987527644
2020-05-01,1.4700000000000002,3.89,2.42,1.5679992129278395,1.5552008413736984,1.4105280717724102
2020-05-04,1.5299999999999998,3.92,2.39,1.56308023621914,1.5535132164161463,1.4145977242382692
2020-05-05,1.5299999999999998,3.94,2.41,1.5587980182745413,1.5519386066534093,1.4185287494011412
2020-05-06,1.4200000000000004,4.03,2.61,1.5408306929932878,1.5431030728650288,1.41857886559761
2020-05-07,1.4500000000000002,3.97,2.52,1.529072710949884,1.536868238596527,1.4196491847847013
2020-05-08,1.5199999999999996,4.06,2.54,1.5278982536280445,1.5357386231196741,1.4230675019463186
2020-05-11,1.4499999999999997,4.14,2.69,1.5178143685756784,1.5299969640195965,1.4239849217012515
2020-05-12,1.4299999999999997,4.09,2.66,1.5064468480290503,1.5233004664838026,1.4241898173499112
2020-05-13,1.5300000000000002,4.07,2.54,1.5094957902842905,1.5237491142014812,1.4277941006081059
2020-05-14,1.5300000000000002,4.04,2.51,1.5121500486820472,1.524167717323653,1.4312756087469316
2020-05-15,1.54,4.05,2.51,1.5157552091923865,1.5252279579316317,1.4349791606484226
2020-05-18,1.5500000000000003,4.11,2.56,1.5201881780724742,1.5268868674824747,1.438897192686883
2020-05-19,1.5,4.0,2.5,1.5175748297929148,1.525086334400227,1.4409785786169655
2020-05-20,1.44,3.92,2.48,1.507532811773823,1.519388357124345,1.440945244636836
2020-05-21,1.4099999999999997,3.86,2.45,1.4949072442295563,1.5120629460870243,1.4398911360021867
2020-05-22,1.4299999999999997,3.84,2.41,1.4865050380260394,1.5065674360819001,1.4395542075988486
2020-05-25,1.4299999999999997,3.84,2.41,1.4791904926826374,1.5014399439417987,1.4392287562138175
2020-05-26,1.3399999999999999,3.83,2.49,1.461172361810335,1.4906287938495508,1.4358486605009533
2020-05-27,1.3199999999999998,3.79,2.47,1.4428976790958314,1.4792022939677636,1.4319024298351515
2020-05-28,1.3399999999999999,3.8,2.46,1.4295776324987397,1.4698803327695285,1.4287718956942395
2020-05-29,1.2999999999999998,3.73,2.43,1.412803880962356,1.4585039550872214,1.4243854521955868
2020-06-01,1.3099999999999996,3.76,2.45,1.3994959764808068,1.448559089470078,1.4204890637762135
2020-06-02,1.3099999999999996,3.76,2.45,1.387910772738103,1.439280201752883,1.416725400650339
2020-06-03,1.2600000000000002,3.79,2.53,1.371352795258798,1.4272743429648147,1.411386758153464
2020-06-04,1.2200000000000002,3.81,2.59,1.3517602611689896,1.4133938002852873,1.4048674225755844
2020-06-05,1.23,3.77,2.54,1.3359984639477471,1.4011124661094854,1.3989107962112097
2020-06-08,1.21,3.69,2.48,1.3196880337641577,1.3883142359741099,1.3924758009865255
2020-06-09,1.17,3.64,2.47,1.3003110021120767,1.3736943846859964,1.384897458479539
2020-06-10,1.1399999999999997,3.61,2.47,1.2795588331912344,1.3580445708489286,1.3765553520067508
2020-06-11,1.17,3.57,2.4,1.265376503948695,1.345451788481431,1.36951931843718
2020-06-12,1.2000000000000002,3.62,2.42,1.2569135523388677,1.3357113173312085,1.3637448681330517
2020-06-15,1.1300000000000003,3.64,2.51,1.2404846644785135,1.321935445802515,1.355782659829462
2020-06-16,1.27,3.64,2.37,1.2443054080358957,1.3184574843639183,1.3528605875210793
2020-06-17,1.1799999999999997,3.61,2.43,1.2359811091886361,1.3091854008367274,1.3469723213259033
2020-06-18,1.1999999999999997,3.57,2.37,1.2313233748721866,1.3018735811748372,1.3419659045151058
2020-06-19,1.1399999999999997,3.57,2.43,1.219501615437085,1.2910333916943346,1.3350862043753073
2020-06-22,1.17,3.57,2.4,1.2130936592028223,1.2829281475284113,1.3294627622104211
2020-06-23,1.1599999999999997,3.59,2.43,1.2062207149264694,1.2746960172325117,1.3236902384189981
2020-06-24,1.1800000000000002,3.58,2.4,1.202826458149265,1.2683545082450713,1.3187956214007828
2020-06-25,1.2000000000000002,3.6,2.4,1.2024605747339754,1.2637770113129263,1.314749006428218
2020-06-26,1.21,3.56,2.35,1.2034365490877332,1.2601757257412085,1.3111808707277979
2020-06-29,1.2000000000000002,3.58,2.38,1.2029916897441209,1.2561459374062183,1.307393642117477
2020-06-30,1.25,3.59,2.34,1.2090768890271455,1.2557343623639219,1.3054386039705823
2020-07-01,1.1800000000000002,3.58,2.4,1.2053129021214803,1.2506626586785425,1.3011657046248017
2020-07-02,1.1799999999999997,3.55,2.37,1.2020361612005144,1.245930591816785,1.2970383559168732
2020-07-03,1.1799999999999997,3.55,2.37,1.199183592545992,1.241515417316607,1.293051599857744
2020-07-06,1.19,3.52,2.33,1.1979947816639953,1.238065583929181,1.2895412840564213
2020-07-07,1.19,3.46,2.27,1.1969598616810206,1.2348467755634074,1.2861505424979247
2020-07-08,1.1999999999999997,3.44,2.24,1.1973534058739144,1.2325131912493377,1.2832159387553292
2020-07-09,1.19,3.35,2.16,1.1964015116256812,1.229666210011146,1.280040661678606
2020-07-10,1.2000000000000002,3.39,2.19,1.1968673339187221,1.2276795526742585,1.2773141829065482
2020-07-13,1.1999999999999997,3.38,2.18,1.1972728557783248,1.2258259358360641,1.2746805780105752
2020-07-14,1.21,3.34,2.13,1.1989203774286696,1.2247661202569926,1.272477320076272
2020-07-15,1.2000000000000002,3.35,2.15,1.1990601339623812,1.223107607272142,1.2700084764847852
2020-07-16,1.17,3.31,2.14,1.1952983159904118,1.2195511496864886,1.2666018206370802
2020-07-17,1.19,3.32,2.13,1.194612451969974,1.2175721975953364,1.2639924814151406
2020-07-20,1.1799999999999997,3.28,2.1,1.1927208782935983,1.2150560999209887,1.2611313891554292
2020-07-21,1.1600000000000001,3.24,2.08,1.1884851790300361,1.2113691576116294,1.257686482779865
2020-07-22,1.13,3.21,2.08,1.1809143055490725,1.2059201085452087,1.2533370124297083
2020-07-23,1.12,3.17,2.05,1.1730289830085374,1.2001662959091033,1.248795064296159
2020-07-24,1.1600000000000001,3.17,2.01,1.171342388497258,1.1974764792310233,1.2457703784328773
2020-07-27,1.1500000000000004,3.18,2.03,1.168579628328373,1.1942971214445568,1.2425080877631967
2020-07-28,1.1400000000000001,3.16,2.02,1.1648800115400588,1.190661005653252,1.239016285979088
2020-07-29,1.13,3.19,2.06,1.1603648136939735,1.186598719574285,1.2353027910716614
2020-07-30,1.12,3.15,2.03,1.1551396112986319,1.1821388025569162,1.231375154722549
2020-07-31,1.12,3.15,2.03,1.150590808410031,1.1779775528401946,1.2275813080861357
2020-08-03,1.1,3.19,2.09,1.1440418567589588,1.172755629399206,1.2232354203721516
2020-08-04,1.06,3.14,2.08,1.1331626857419637,1.1652047222109567,1.2176750227047801
2020-08-05,1.1100000000000003,3.14,2.03,1.1301642891201176,1.1615078271114474,1.2140072161483548
2020-08-06,1.08,3.12,2.04,1.123670550150868,1.1560494917634587,1.20944243841578
2020-08-07,1.1100000000000003,3.14,2.03,1.121900905134406,1.1529656950588096,1.2060550639026737
2020-08-10,1.0899999999999999,3.15,2.06,1.1177713509344134,1.1487490708249155,1.202101802379287
2020-08-11,1.08,3.23,2.15,1.112881870832409,1.1441451512171468,1.1979425667453554
2020-08-12,1.0700000000000003,3.24,2.17,1.1073308368083454,1.1391798722480835,1.1935843732352307
2020-08-13,1.0099999999999998,3.3,2.29,1.0947314148095881,1.1305290826499719,1.1873308155308075
2020-08-14,1.02,3.32,2.3,1.0850574752584032,1.1231272806367223,1.1816309136698286
2020-08-17,1.0100000000000002,3.33,2.32,1.075341327365788,1.115551485076905,1.1757845346802513
2020-08-18,1.0100000000000002,3.31,2.3,1.0668829293448032,1.1084830178824574,1.1701373048215558
2020-08-19,1.0,3.33,2.33,1.0582249718160133,1.1012182347058102,1.1643418036325008
2020-08-20,0.9699999999999998,3.3,2.33,1.046804298911215,1.0924309420717409,1.157721808357411
2020-08-21,0.98,3.28,2.3,1.038156520047761,1.084901778222498,1.1516679511346426
2020-08-24,0.9699999999999998,3.28,2.31,1.0293336969198819,1.077207149867836,1.1454796738022948
2020-08-25,0.96,3.32,2.36,1.0203584889090058,1.06935813767069,1.1391615552027665
2020-08-26,0.9500000000000002,3.35,2.4,1.0112506221523991,1.061365080255146,1.1327180182062748
2020-08-27,0.9900000000000002,3.45,2.46,1.0084997410851642,1.0565859743217232,1.1278565185775984
2020-08-28,1.0500000000000003,3.45,2.4,1.0138719262247546,1.056144931323582,1.1252044397377143
2020-08-31,0.9700000000000002,3.39,2.42,1.0081927300878462,1.0503760629785746,1.1199176067530852
2020-09-01,1.0100000000000002,3.35,2.34,1.0084266801599464,1.047672198827378,1.1161734095512799
2020-09-02,1.04,3.3,2.26,1.0125138286281126,1.0471584146235737,1.113578663583652
2020-09-03,1.0499999999999998,3.27,2.22,1.0173663923963883,1.0473487070955256,1.1114129408999405
2020-09-04,1.06,3.4,2.34,1.02288528888533,1.04819592633453,1.1096616273921187
2020-09-07,1.06,3.4,2.34,1.0276897673325511,1.0489864098355857,1.1079699700515768
2020-09-08,1.0699999999999998,3.36,2.29,1.0331668031181622,1.0503936271059682,1.1066765734810065
2020-09-09,1.0099999999999998,3.4,2.39,1.0301678735042865,1.0476885867377037,1.1033834144812764
2020-09-10,1.0300000000000002,3.37,2.34,1.0301461423737193,1.046504034999938,1.1008837059880145
2020-09-11,1.04,3.36,2.32,1.0314217186928014,1.0460684792330521,1.0988097834534025
2020-09-14,1.02,3.34,2.32,1.029943183641828,1.0443227511636297,1.0961252329123417
2020-09-15,1.0299999999999998,3.36,2.33,1.0299505384873888,1.0433635993652386,1.0938727647286477
2020-09-16,1.0499999999999998,3.36,2.31,1.0325459299864124,1.0438080192627117,1.0923782973017733
2020-09-17,1.04,3.34,2.3,1.0335108551508225,1.0435530076045179,1.090594100211009
2020-09-18,1.06,3.36,2.3,1.036939860030316,1.04465441348346,1.089551952844581
2020-09-21,1.06,3.34,2.28,1.039924982159704,1.045682061505586,1.0885453048432547
2020-09-22,1.0699999999999998,3.34,2.27,1.0438181762779895,1.047310561098549,1.0879135836790856
2020-09-23,1.0499999999999998,3.36,2.31,1.0446184098766063,1.0474906647762237,1.0866221078353608
2020-09-24,1.04,3.37,2.33,1.044020559319612,1.0469890373647595,1.0850339876892268
2020-09-25,1.0899999999999999,3.4,2.31,1.0499725720156474,1.0498693528635636,1.0852031482991362
2020-09-28,1.0700000000000003,3.43,2.36,1.0525651112868493,1.051217442080719,1.0846852732561676
2020-09-29,1.06,3.4,2.34,1.0535275534427226,1.051805583711228,1.0838444022275693
2020-09-30,1.12,3.44,2.32,1.0621323742058908,1.0563723597639807,1.085075994617615
2020-10-01,1.1,3.43,2.33,1.0670343170342513,1.0592939723168953,1.0855843610280844
2020-10-02,1.0899999999999999,3.46,2.37,1.0700072117576873,1.0613502631326208,1.0857347739016103
2020-10-05,1.0699999999999998,3.52,2.45,1.070006278199717,1.0619295101346231,1.0851987897389839
2020-10-06,1.0699999999999998,3.46,2.39,1.0700054654903002,1.0624699666977397,1.0846810631645747
2020-10-07,1.12,3.5,2.38,1.0764772298208534,1.06632258092478,1.0858841558116608
2020-10-08,1.13,3.46,2.33,1.0834057222713749,1.0705868671869045,1.0873869034172952
2020-10-09,1.12,3.46,2.34,1.0881428309099306,1.073895916870192,1.0884978252120308
2020-10-12,1.12,3.46,2.34,1.0922667235036203,1.0769833693953337,1.0895709049321602
2020-10-13,1.1,3.39,2.29,1.093267791789952,1.0785247242918305,1.0899261581961626
2020-10-14,1.1,3.37,2.27,1.094139272350516,1.0799628592619288,1.0902693102298315
2020-10-15,1.1100000000000003,3.39,2.28,1.0961924346104552,1.0819743567199454,1.0909414099562487
2020-10-16,1.1099999999999999,3.4,2.29,1.0979798161723837,1.0838511502106674,1.0915906154986552
2020-10-19,1.1,3.39,2.29,1.0982413278309069,1.0849325903711804,1.0918770700062534
2020-10-20,1.0900000000000003,3.45,2.36,1.097174492585504,1.0852719396346802,1.0918131301109755
2020-10-21,1.06,3.46,2.4,1.0923622754605582,1.0835795534392831,1.090729458111004
2020-10-22,1.0499999999999998,3.48,2.43,1.0868785027646946,1.0813308311999243,1.0893420632468416
2020-10-23,1.04,3.45,2.41,1.0808101069882838,1.0785630290771682,1.0876612914342316
2020-10-26,1.0500000000000003,3.41,2.36,1.0768217559938644,1.0766502484672231,1.0863784095905504
2020-10-27,1.04,3.39,2.35,1.0720552004220112,1.0741958909679405,1.0847985907012692
2020-10-28,1.08,3.41,2.33,1.073083650252107,1.0745845747866118,1.0846351330859967
2020-10-29,1.06,3.46,2.4,1.0713899790969412,1.0736078894434447,1.0837959700156627
2020-10-30,1.1,3.49,2.39,1.0750935301869284,1.0753752901344469,1.0843479387631412
2020-11-02,1.1,3.47,2.37,1.0783176586745127,1.077024333288417,1.0848811054287617
2020-11-03,1.0699999999999998,3.48,2.41,1.0772409424444018,1.0765539347016433,1.0843742003482018
2020-11-04,1.0699999999999998,3.36,2.29,1.0763036065237688,1.0761150373010113,1.0838845623155722
2020-11-05,1.0699999999999998,3.31,2.24,1.075487608210064,1.0757055315463218,1.083411603151832
2020-11-06,1.0299999999999998,3.34,2.31,1.0695992629502646,1.0726447688284444,1.0815922078704714
2020-11-09,1.04,3.43,2.39,1.065767655034503,1.070458646318031,1.080175424582282
2020-11-10,1.0,3.42,2.42,1.0572540691369516,1.0657402415537462,1.0774443552910005
2020-11-11,1.0,3.42,2.42,1.0498425621381684,1.0613378142412442,1.0748063162457404
2020-11-12,0.9700000000000002,3.33,2.36,1.0395069874443883,1.0552211940619411,1.0712362283625467
2020-11-13,0.98,3.33,2.35,1.0318038414397677,1.0501838557225835,1.0681283874894674
2020-11-16,0.98,3.33,2.35,1.0250978633462928,1.04548385286243,1.0651264110856424
2020-11-17,0.98,3.29,2.31,1.0192599703395668,1.0410985951335892,1.0622266930186128
2020-11-18,1.0100000000000002,3.27,2.26,1.0180612723952154,1.0390160152500847,1.0604476601262838
2020-11-19,0.9300000000000002,3.21,2.28,1.0066617902882282,1.0317155388342087,1.0560041339392185
2020-11-20,0.94,3.18,2.24,0.9980324590857451,1.025573623568892,1.0520526072773548
2020-11-23,0.9499999999999997,3.19,2.24,0.9918146843135934,1.0205126840797598,1.048576320830697
2020-11-24,0.9300000000000002,3.19,2.26,0.983812808249171,1.0144513203989642,1.0445371760406181
2020-11-25,0.9400000000000004,3.2,2.26,0.9781412649009009,1.009465538195711,1.0409762560608449
2020-11-26,0.9400000000000004,3.2,2.26,0.9732038996443061,1.0048136389114586,1.0375366340879877
2020-11-27,0.96,3.16,2.2,0.9714946622730561,1.0018126035752084,1.03489545168814
2020-11-30,0.9299999999999997,3.13,2.2,0.9661232016155914,0.9970035283438236,1.0313223275245553
2020-12-01,0.9700000000000002,3.2,2.23,0.9666250509826677,0.9951951828326867,1.0292334639301959
2020-12-02,0.94,3.19,2.25,0.9631784531307493,0.9914989265568027,1.026193844565981
2020-12-03,0.94,3.15,2.21,0.9601780154293066,0.988050197506228,1.0232577657959825
2020-12-04,0.9400000000000004,3.2,2.26,0.9575659826981808,0.9848324195231704,1.0204217006474559
2020-12-07,0.9000000000000004,3.16,2.26,0.9501140986645963,0.9791514461670091,1.01631969544629
2020-12-08,0.8900000000000001,3.14,2.25,0.9423323624545031,0.9731812405170371,1.012016782890294
2020-12-09,0.8999999999999999,3.19,2.29,0.9368524619804234,0.9682805117639858,1.008201080043022
2020-12-10,0.8500000000000001,3.14,2.29,0.9256094597007127,0.9603596197316562,1.0028121704887023
2020-12-11,0.8599999999999999,3.13,2.27,0.9171163521000099,0.9536388362277236,0.9979474636876463
2020-12-14,0.8900000000000001,3.14,2.25,0.9136061555951996,0.949377133743474,0.9942703767911931
2020-12-15,0.8700000000000001,3.18,2.31,0.9079613633165795,0.9440614845562908,0.9900372715517924
2020-12-16,0.8999999999999999,3.17,2.27,0.9069307693198534,0.9411108187471089,0.9869702715491478
2020-12-17,0.8900000000000001,3.17,2.28,0.9047390907684352,0.9376880801155105,0.9836671081150293
2020-12-18,0.8700000000000001,3.19,2.32,0.9002421350368565,0.9331552118815579,0.979795189132135
2020-12-21,0.9000000000000004,3.18,2.28,0.9002107907927291,0.9309349065268867,0.9770770720561582
2020-12-22,0.9199999999999999,3.15,2.23,0.9027724927774254,0.9302026285489565,0.9751328174477043
2020-12-23,0.9200000000000004,3.2,2.28,0.9050025838831998,0.9295193890365717,0.9732547912887192
2020-12-24,0.9100000000000001,3.17,2.26,0.9056494965844945,0.9282122339457632,0.9711001008843326
2020-12-25,0.9100000000000001,3.17,2.26,0.90621266680101,0.9269926151209837,0.9690188071451499
2020-12-28,0.9100000000000001,3.16,2.25,0.9067029349502291,0.9258546705203651,0.9670084099113094
2020-12-29,0.9100000000000001,3.16,2.25,0.907129738163698,0.9247929306654467,0.965066494187573
2020-12-30,0.9099999999999997,3.13,2.22,0.9075012919415999,0.9238022923523783,0.9631907272423055
2020-12-31,0.8799999999999999,3.11,2.23,0.9039412651911309,0.9208689838697094,0.9603569456730207
2021-01-01,0.8799999999999999,3.11,2.23,0.900842081898161,0.9181321102810245,0.9576196931070108
2021-01-04,0.8400000000000003,3.12,2.28,0.892966108668553,0.912899836590588,0.953613134569053
2021-01-05,0.9100000000000001,3.19,2.28,0.8951711363062839,0.9127056432090843,0.9521275110985362
2021-01-06,0.9500000000000002,3.31,2.36,0.9022687018265491,0.915203134715931,0.9520550402602669
2021-01-07,0.8500000000000001,3.31,2.46,0.8955025478178594,0.9108366758415826,0.9485786709372795
2021-01-08,0.8399999999999999,3.32,2.48,0.8883177742672076,0.9060929555709949,0.9448800828046946
2021-01-11,0.8199999999999998,3.3,2.48,0.879474076871455,0.9003275678866508,0.9406262087401974
2021-01-12,0.81,3.31,2.5,0.8704806967549233,0.894278600883526,0.9361766005318769
2021-01-13,0.7999999999999998,3.23,2.43,0.8613570102615018,0.887965045020261,0.9315379256032263
2021-01-14,0.73,3.27,2.54,0.8443529192760452,0.8773865985135005,0.924672803996309
2021-01-15,0.7800000000000002,3.24,2.46,0.8360224701255111,0.8708649093466455,0.9197447171874584
2021-01-18,0.7800000000000002,3.24,2.46,0.828770392925004,0.8647799581934216,0.9149844991066943
2021-01-19,0.77,3.21,2.44,0.8211625986659968,0.8584328279309417,0.9100457948181279
2021-01-20,0.7599999999999998,3.21,2.45,0.8132451347213383,0.8518410759098343,0.904934684217233
2021-01-21,0.7100000000000004,3.24,2.53,0.7998801101892453,0.8423424033789522,0.8982944932529181
2021-01-22,0.7300000000000004,3.24,2.51,0.7908341692884429,0.8348191687010985,0.8925617649909908
2021-01-25,0.71,3.2,2.49,0.7803702316076282,0.8264604023743234,0.8863430410774381
2021-01-26,0.7399999999999998,3.21,2.47,0.7751443278664157,0.820670407876791,0.8813580598620384
2021-01-27,0.7800000000000002,3.2,2.42,0.775772891888927,0.8179468323283046,0.8779054322500821
2021-01-28,0.7600000000000002,3.24,2.48,0.7737310999187142,0.8140663063173599,0.8738891403879415
2021-01-29,0.77,3.28,2.51,0.7732481111359508,0.8111153176092637,0.8703502948814861
2021-02-01,0.75,3.28,2.53,0.7702386562449729,0.8070226076176934,0.8662507220228454
2021-02-02,0.7199999999999998,3.3,2.58,0.7637352904933015,0.8011949639168702,0.8612688855333552
2021-02-03,0.6799999999999997,3.32,2.64,0.7528958043067081,0.7930788997425527,0.8550942018403872
2021-02-04,0.73,3.34,2.61,0.7499319553363225,0.7888546945296443,0.8508330340954873
2021-02-05,0.7400000000000002,3.37,2.63,0.7486462693126675,0.785583041787611,0.8470576540777972
2021-02-08,0.7200000000000002,3.33,2.61,0.7449380258864753,0.7811911416731782,0.8427296039417104
2021-02-09,0.73,3.33,2.6,0.7430043068500031,0.7777630240555099,0.8388896197926075
2021-02-10,0.73,3.31,2.58,0.7413209066535458,0.7745644772193568,0.8351804396004934
2021-02-11,0.7399999999999998,3.34,2.6,0.7411499160313059,0.7722497975808823,0.8319382444131536
2021-02-12,0.7400000000000002,3.39,2.65,0.7410010600487965,0.7700901251133472,0.8288064902962368
2021-02-15,0.7400000000000002,3.39,2.65,0.7408714733893731,0.7680750794502232,0.8257814152214469
2021-02-16,0.73,3.45,2.72,0.7394641672829776,0.7655253052824433,0.8225187485982307
2021-02-17,0.7599999999999998,3.42,2.66,0.7421225192604411,0.7651552921168322,0.8203891305099502
2021-02-18,0.7199999999999998,3.42,2.7,0.7392587716037063,0.7621313772874864,0.8169695081887385
2021-02-19,0.7200000000000002,3.48,2.76,0.7367657344679981,0.7593099649881093,0.8136663707574778
2021-02-22,0.7199999999999998,3.53,2.81,0.7345954195851889,0.7566774942300627,0.8104757503131916
2021-02-23,0.69,3.57,2.88,0.7288225676403132,0.7522123019096536,0.8063719039819907
2021-02-24,0.6800000000000002,3.6,2.92,0.7225025137608379,0.7473764600765231,0.8020672130116072
2021-02-25,0.7000000000000002,3.66,2.96,0.7195895760300762,0.7442038002736224,0.7985904290400221
2021-02-26,0.7000000000000002,3.56,2.86,0.7170537164477152,0.7412436040065935,0.7952320770940444
2021-03-01,0.73,3.58,2.85,0.7187296055609671,0.7404906534819271,0.7930100330763638
2021-03-02,0.69,3.57,2.88,0.7150105743043753,0.7371094454628907,0.7895011331922097
2021-03-03,0.6699999999999999,3.61,2.94,0.709183980814956,0.7326153266606171,0.7854304858980421
2021-03-04,0.6699999999999999,3.67,3.0,0.7041116365706446,0.72842216555021,0.7814984997943659
2021-03-05,0.7199999999999998,3.69,2.97,0.706168376266721,0.7278581583185306,0.7794036351257552
2021-03-08,0.73,3.73,3.0,0.7092533665347327,0.7280015910485403,0.7777207659489145
2021-03-09,0.73,3.71,2.98,0.7119390065503133,0.7281354185177056,0.7760952214741762
2021-03-10,0.71,3.7,2.99,0.71168800324461,0.7269209437923468,0.7738437755902404
2021-03-11,0.7000000000000002,3.72,3.02,0.7101749978084022,0.7251181287215676,0.771328385507587
2021-03-12,0.7000000000000002,3.83,3.13,0.7088578500736414,0.7234360427828908,0.7688986788453347
2021-03-15,0.6999999999999997,3.8,3.1,0.7077112063712011,0.7218666011075051,0.7665517369116345
2021-03-16,0.69,3.81,3.12,0.705418500683103,0.7197325901614456,0.7639441037252448
2021-03-17,0.69,3.86,3.17,0.703422584454857,0.7177414875444714,0.7614252960980009
2021-03-18,0.69,3.88,3.19,0.7016850384580655,0.7158837231132992,0.7589922883052731
2021-03-19,0.71,3.84,3.13,0.7027614055458833,0.7154897077777758,0.7573234311112231
2021-03-22,0.7000000000000002,3.77,3.07,0.7024039431534578,0.7144524083859292,0.7553707846089511
2021-03-23,0.7100000000000004,3.74,3.03,0.7033872484334134,0.7141542439158671,0.7538252891256102
2021-03-24,0.7200000000000002,3.72,3.0,0.7055377597658095,0.714545716713027,0.7526730756028135
2021-03-25,0.7200000000000002,3.74,3.02,0.7074098886176017,0.7149109737480664,0.7515601107024656
2021-03-26,0.6999999999999997,3.76,3.06,0.7064506827100147,0.7139124304428852,0.7498037840508983
2021-03-29,0.73,3.81,3.08,0.709499128567964,0.7149897668495687,0.7491291944649451
2021-03-30,0.73,3.77,3.04,0.7121529548267796,0.7159949572599881,0.7484775838767584
2021-03-31,0.73,3.77,3.04,0.7144632447712816,0.7169328330756858,0.7478481695373169
2021-04-01,0.7599999999999998,3.67,2.91,0.7203579520849616,0.719816912407592,0.7482621054931587
2021-04-02,0.7599999999999998,3.67,2.91,0.7254895928573514,0.72250785357447,0.7486619412707546
2021-04-05,0.7200000000000002,3.66,2.94,0.7247789681542336,0.7223399101229241,0.7476856103309323
2021-04-06,0.7000000000000002,3.62,2.92,0.7215713446845649,0.7208438731726552,0.7460612633856014
2021-04-07,0.6800000000000002,3.64,2.96,0.7161899575321253,0.7181086811722324,0.7438109742388251
2021-04-08,0.69,3.62,2.93,0.7127996822822932,0.7162263268822823,0.7419779749121201
2021-04-09,0.71,3.63,2.92,0.7124372649879005,0.7158093683972618,0.7408886876930642
2021-04-12,0.71,3.64,2.93,0.7121217624081186,0.7154203323746365,0.7398365055955445
2021-04-13,0.7199999999999998,3.61,2.89,0.713141595826607,0.7157270190152628,0.7391608013936574
2021-04-14,0.7200000000000002,3.62,2.9,0.7140294123835402,0.7160131677690308,0.7385081141574475
2021-04-15,0.73,3.51,2.78,0.7160967959543209,0.7169498240814153,0.7382182965553183
2021-04-16,0.71,3.56,2.85,0.7153075691523355,0.7164844151533374,0.7372570777831569
2021-04-19,0.7000000000000002,3.6,2.9,0.7133260129482601,0.7153805031842531,0.7359879649403299
2021-04-20,0.71,3.58,2.87,0.7128954624456381,0.7150201869819769,0.73510271945069
2021-04-21,0.71,3.58,2.87,0.7125206464630529,0.714684000077868,0.7342476286722298
2021-04-22,0.7000000000000002,3.56,2.86,0.7108998558312424,0.7137006565203798,0.7330810287140349
2021-04-23,0.69,3.57,2.88,0.7081943812666958,0.7121134944545963,0.7316135307223407
2021-04-26,0.69,3.56,2.87,0.7058391288605463,0.7106326198843045,0.730196021099539
2021-04-27,0.69,3.6,2.91,0.7037887625516684,0.7092509150538944,0.7288267970582742
2021-04-28,0.69,3.61,2.92,0.7020038150065114,0.707961738862556,0.7275042138143794
2021-04-29,0.7000000000000002,3.62,2.92,0.7017444222826599,0.7074285650287655,0.7265673193218256
2021-04-30,0.6699999999999999,3.61,2.94,0.6976351246996795,0.704922085997719,0.7246404287628437
2021-05-03,0.6699999999999999,3.59,2.92,0.6940577733740645,0.7025834583691574,0.7227791751700609
2021-05-04,0.6800000000000002,3.58,2.9,0.6922380025294812,0.7010711117214218,0.7213219594182015
2021-05-05,0.6799999999999997,3.57,2.89,0.6906537999956592,0.6996600424044445,0.719914381784399
2021-05-06,0.6699999999999999,3.54,2.87,0.6879801772204266,0.6976737980937273,0.7182141147013756
2021-05-07,0.6599999999999997,3.57,2.91,0.6843581590403677,0.695150896537944,0.7162311282462567
2021-05-10,0.6599999999999997,3.61,2.95,0.6812050090734486,0.6927969461519987,0.7143156895894913
2021-05-11,0.6400000000000001,3.65,3.01,0.6758710438595126,0.689261292612207,0.7117842243835917
2021-05-12,0.6299999999999999,3.71,3.08,0.6699330630708799,0.6852927411283056,0.7089983534650524
2021-05-13,0.6500000000000004,3.7,3.05,0.6673527392845716,0.6829292918344771,0.7069886529586432
2021-05-14,0.6600000000000001,3.66,3.0,0.6664009313259533,0.6813937857541427,0.7053880469399954
2021-05-17,0.6600000000000001,3.66,3.0,0.6655723343714285,0.6799611079224852,0.7038419634382876
2021-05-18,0.6600000000000001,3.67,3.01,0.6648509988259215,0.6786243722393054,0.7023485452164369
2021-05-19,0.6600000000000001,3.7,3.04,0.6642230397604548,0.6773771537459341,0.7009059983016729
2021-05-20,0.6699999999999999,3.65,2.98,0.6649708640093246,0.6768831278285958,0.6998532265412755
2021-05-21,0.6699999999999999,3.64,2.97,0.6656218828304248,0.676422185349045,0.6988363160518414
2021-05-24,0.6699999999999999,3.61,2.94,0.6661886276318498,0.6759921108084233,0.6978540452668323
2021-05-25,0.6799999999999997,3.57,2.89,0.6679765020050142,0.676260507157835,0.697245870941502
2021-05-26,0.6800000000000002,3.56,2.88,0.6695329370476754,0.6765109298066443,0.6966584132663461
2021-05-27,0.6599999999999997,3.59,2.93,0.6682989037167202,0.6754052422305475,0.6954096931347042
2021-05-28,0.6699999999999999,3.57,2.9,0.6685191096723697,0.6750432693283488,0.694544145705643
2021-05-31,0.6699999999999999,3.57,2.9,0.6687108100911017,0.674705536668555,0.6937080819995054
2021-06-01,0.6599999999999997,3.59,2.93,0.6675832006315741,0.673720750870016,0.6925598609816999
2021-06-02,0.6299999999999999,3.57,2.94,0.662718076480288,0.6707929029764865,0.6904288424547118
2021-06-03,0.6299999999999999,3.59,2.96,0.6584827399098804,0.6680611242976219,0.6883704142418822
2021-06-04,0.6600000000000001,3.54,2.88,0.6586791483738796,0.6675212949185602,0.6874040137828809
2021-06-07,0.6399999999999997,3.55,2.91,0.6562611431387728,0.6656782761288309,0.6857892590497388
2021-06-08,0.6499999999999999,3.51,2.86,0.6554506416863364,0.6646283488786232,0.6845701455014449
2021-06-09,0.6499999999999999,3.46,2.81,0.6547450591903655,0.6636487321154659,0.6833925594360634
2021-06-10,0.6400000000000001,3.45,2.81,0.6528363195840075,0.6620650472717458,0.6819144495643242
2021-06-11,0.6400000000000001,3.44,2.8,0.6511746652445067,0.660587417064358,0.680486689541069
2021-06-14,0.6400000000000001,3.47,2.83,0.649728111123251,0.6592087393315738,0.6791075642656201
2021-06-15,0.6400000000000001,3.47,2.83,0.6484688126181535,0.657922387522189,0.6777754170599256
2021-06-16,0.6800000000000002,3.48,2.8,0.652550507063338,0.6594008591838376,0.6778511945214758
2021-06-17,0.6499999999999999,3.36,2.71,0.6522203453606796,0.6587713117673123,0.676902480592246
2021-06-18,0.6599999999999997,3.3,2.64,0.6532274172714903,0.6588535933425893,0.6763267200529975
2021-06-21,0.6699999999999999,3.38,2.71,0.6553986186577649,0.6596000348515503,0.6761112087421277
2021-06-22,0.6599999999999997,3.38,2.72,0.6559942648805769,0.6596268193210315,0.6755624018269127
2021-06-23,0.6699999999999999,3.39,2.72,0.6578072994024098,0.6603214801993502,0.675372926000693
2021-06-24,0.6600000000000001,3.37,2.71,0.6580911432596281,0.6602999516321195,0.6748492677059427
2021-06-25,0.6699999999999999,3.44,2.77,0.6596327380564564,0.6609495348532647,0.6746840838458521
2021-06-28,0.7000000000000002,3.37,2.67,0.664858257376326,0.6635646276832377,0.6755464368866931
2021-06-29,0.69,3.36,2.67,0.6681128417967144,0.6653349254849019,0.6760387783064488
2021-06-30,0.69,3.32,2.63,0.6709461220971783,0.6669866717386997,0.6765143487700251
2021-07-01,0.6999999999999997,3.34,2.64,0.6747071302257617,0.6691974755717723,0.6773143562685088
2021-07-02,0.69,3.31,2.62,0.6766867836036226,0.6705905584012132,0.6777464758639549
2021-07-05,0.69,3.31,2.62,0.6784101719668504,0.671890350641025,0.6781638758796366
2021-07-06,0.6699999999999999,3.27,2.6,0.6773214799431588,0.671763759513649,0.6778857842969742
2021-07-07,0.6500000000000004,3.22,2.57,0.6737847297546007,0.6703063056461076,0.6769358921130094
2021-07-08,0.6699999999999999,3.21,2.54,0.6732947986197912,0.6702857932733124,0.6766996301654591
2021-07-09,0.6599999999999997,3.28,2.62,0.6715737944273678,0.6695969844681278,0.6761307794564262
2021-07-12,0.6499999999999999,3.29,2.64,0.6687810788911798,0.6682846330433976,0.6752406691800851
2021-07-13,0.6600000000000001,3.33,2.67,0.6676443731750643,0.6677298359522659,0.6747215160381694
2021-07-14,0.6599999999999997,3.28,2.62,0.6666548133735979,0.6672121919626314,0.6742200471581176
2021-07-15,0.6800000000000002,3.23,2.55,0.6683823402650938,0.6680685532116954,0.6744169335705534
2021-07-16,0.6800000000000002,3.24,2.56,0.6698862397735947,0.6688675665097459,0.6746071133089969
2021-07-19,0.6699999999999999,3.16,2.49,0.6699009659708222,0.6689434021928717,0.6744501781166333
2021-07-20,0.69,3.21,2.52,0.6725027746041912,0.6703534995564276,0.6749798621345455
2021-07-21,0.69,3.26,2.57,0.6747677805755593,0.6716691669179045,0.6754915031702978
2021-07-22,0.6800000000000002,3.22,2.54,0.6754450884327643,0.6722270578874185,0.6756450791233483
2021-07-23,0.6600000000000001,3.23,2.57,0.6734457304353014,0.6714082483983919,0.6751121502941457
2021-07-26,0.6699999999999999,3.23,2.56,0.6729996825714182,0.6713139422159784,0.6749380116880392
2021-07-27,0.6700000000000004,3.2,2.53,0.6726113753522577,0.6712259514364809,0.6747698048821326
2021-07-28,0.7000000000000002,3.22,2.52,0.6761568173850019,0.6731528633901545,0.6756292379497896
2021-07-29,0.7100000000000004,3.22,2.51,0.6805377983107799,0.6756204058993505,0.6768000322828703
2021-07-30,0.6800000000000002,3.19,2.51,0.6804681806223891,0.6759136942145539,0.6769090349306378
2021-08-02,0.6699999999999999,3.15,2.48,0.6791130805375063,0.6755176718040391,0.6766736878373139
2021-08-03,0.6699999999999999,3.16,2.49,0.677933397395289,0.6751481698296409,0.6764463575299653
2021-08-04,0.6599999999999997,3.15,2.49,0.675611929204282,0.6741337422124574,0.6758861342166801
2021-08-05,0.6800000000000002,3.18,2.5,0.6761799624970045,0.674526587947363,0.6760262675875705
2021-08-06,0.6699999999999999,3.25,2.58,0.6753799698329161,0.6742234558939825,0.6758209907906566
2021-08-09,0.6799999999999997,3.28,2.6,0.6759780301356,0.6746102937720181,0.6759633431857838
2021-08-10,0.69,3.31,2.62,0.6777931662360253,0.6756408963592334,0.676441483246498
2021-08-11,0.6799999999999997,3.34,2.66,0.6780788396236708,0.6759328124896365,0.6765626993907048
2021-08-12,0.69,3.35,2.66,0.6796220271192431,0.6768748499546964,0.6770204231787977
2021-08-13,0.69,3.27,2.58,0.6809654498627852,0.6777538019888608,0.6774625552143299
2021-08-16,0.69,3.23,2.54,0.6821349672889205,0.6785738932347146,0.6778896266096318
2021-08-17,0.7000000000000002,3.24,2.54,0.6844475857100661,0.6800087355077988,0.6786427870961501
2021-08-18,0.7100000000000004,3.24,2.53,0.6877553313463223,0.6820171607708699,0.6797109288823404
2021-08-19,0.7000000000000002,3.22,2.52,0.6893403968061665,0.6832214177177194,0.6804020491273127
2021-08-20,0.7100000000000004,3.22,2.51,0.6920147708021339,0.6850146992640492,0.6814102639903385
2021-08-23,0.73,3.22,2.49,0.6969319373248652,0.6880272302791529,0.6830654087754002
2021-08-24,0.7100000000000004,3.24,2.53,0.6986235906769724,0.6894986809350088,0.6839828998314188
2021-08-25,0.6999999999999997,3.28,2.58,0.6988017660885123,0.6902019228577086,0.6845285010631391
2021-08-26,0.69,3.26,2.57,0.697662382426355,0.6901884006879875,0.6847148804032124
2021-08-27,0.69,3.23,2.54,0.6966704913374536,0.6901757840575206,0.6848949109787502
2021-08-30,0.7000000000000002,3.21,2.51,0.697101494358321,0.6908336824096848,0.685409445762731
2021-08-31,0.7000000000000002,3.24,2.54,0.6974767042809195,0.6914475232773318,0.6859064536030736
2021-09-01,0.69,3.23,2.54,0.6965088491233529,0.691350586973768,0.6860458948210693
2021-09-02,0.7000000000000002,3.21,2.51,0.6969607766377831,0.6919298122890973,0.6865212228700325
2021-09-03,0.7000000000000002,3.24,2.54,0.6973542023900394,0.6924702486178329,0.686980359500683
2021-09-06,0.7000000000000002,3.24,2.54,0.6976966994002813,0.6929744935423683,0.6874238562521685
2021-09-07,0.7000000000000002,3.29,2.59,0.6979948603654746,0.6934449706927748,0.6878522458761885
2021-09-08,0.71,3.26,2.55,0.6995489189287153,0.6945536114805001,0.6886066796877155
2021-09-09,0.6900000000000004,3.2,2.51,0.6983128167522622,0.6942486697419474,0.6886541412925355
2021-09-10,0.7200000000000002,3.23,2.51,0.7011202104073757,0.695973159293277,0.689721896313115
2021-09-13,0.7200000000000002,3.2,2.48,0.7035641885352286,0.6975821649382279,0.6907532796778845
2021-09-14,0.73,3.15,2.42,0.7069862894381531,0.6997530903731679,0.6920901670497156
2021-09-15,0.7200000000000002,3.16,2.44,0.7086709069398116,0.7011089653415016,0.6930408784190967
2021-09-16,0.73,3.18,2.45,0.7114319460218576,0.7030437115039876,0.6942998417798552
2021-09-17,0.7200000000000002,3.2,2.48,0.7125410757829764,0.7041792234192045,0.6951752835160456
2021-09-20,0.73,3.15,2.42,0.7148011236883258,0.7059083635830168,0.6963615412036406
2021-09-21,0.71,3.16,2.45,0.7141796209313264,0.7061823682335812,0.6968261171780519
2021-09-22,0.6999999999999997,3.15,2.45,0.7123440769890916,0.7057683535277604,0.6969342312785298
2021-09-23,0.7000000000000002,3.22,2.52,0.7107461431762245,0.7053820641482482,0.6970386626158505
2021-09-24,0.6800000000000002,3.27,2.59,0.7067660722612455,0.7036823032436191,0.6964582632169436
2021-09-27,0.6699999999999999,3.26,2.59,0.7020067249172133,0.7014267001572438,0.6955569976415018
2021-09-28,0.6599999999999997,3.34,2.68,0.6965689780389053,0.6986524779772115,0.6943457957694217
2021-09-29,0.6699999999999999,3.36,2.69,0.6931296387979713,0.6967337072420201,0.6935164885902693
2021-09-30,0.6699999999999999,3.37,2.7,0.6901355200844097,0.6949434308428912,0.6927154306580877
2021-10-01,0.6800000000000002,3.33,2.65,0.6888234827187821,0.6939427139831662,0.6922822964105717
2021-10-04,0.69,3.34,2.65,0.6889757822181081,0.6936786822224875,0.692204553016346
2021-10-05,0.6699999999999999,3.38,2.71,0.6865193778989584,0.692092991709697,0.6914481844260264
2021-10-06,0.6800000000000002,3.37,2.69,0.6856754481022787,0.6912831602315284,0.6910582172373305
2021-10-07,0.6800000000000002,3.43,2.75,0.6849407645423966,0.690527560744812,0.6906815337626805
2021-10-08,0.6800000000000002,3.45,2.77,0.6843011853554969,0.6898225614953174,0.6903176815100104
2021-10-11,0.6800000000000002,3.45,2.77,0.6837443993340689,0.6891647739365302,0.6899662234007953
2021-10-12,0.6600000000000001,3.41,2.75,0.6806707002154019,0.6872116962734954,0.688945463823506
2021-10-13,0.69,3.35,2.66,0.6818783728173596,0.6873984206327461,0.6889813851969588
2021-10-14,0.71,3.33,2.62,0.6855187016153488,0.6889119807895145,0.6896973563780651
2021-10-15,0.69,3.35,2.66,0.6860988031669438,0.6889848421811912,0.6897076655308556
2021-10-18,0.6800000000000002,3.31,2.63,0.6853093165324152,0.6883831541788028,0.689376986805305
2021-10-19,0.6699999999999999,3.37,2.7,0.6833275341309728,0.6871520893373307,0.6887169355003415
2021-10-20,0.6699999999999999,3.4,2.73,0.6816022923450666,0.6860034652255163,0.6880793679659231
2021-10-21,0.6600000000000001,3.42,2.76,0.6788058877694854,0.6842620909496867,0.6871228816115336
2021-10-22,0.6599999999999997,3.38,2.72,0.6763714761910091,0.6826373312997243,0.6861989766937079
2021-10-25,0.6499999999999999,3.37,2.72,0.6729577034530333,0.6804517068583595,0.6849659066583562
2021-10-26,0.6399999999999997,3.34,2.7,0.6686913473059848,0.6777427770628252,0.6834342028043499
2021-10-27,0.6400000000000001,3.23,2.59,0.6649772685589498,0.6752152561918345,0.681954674406611
2021-10-28,0.6499999999999999,3.26,2.61,0.6630384695806311,0.6735266659170344,0.6808661808883104
2021-10-29,0.6500000000000004,3.24,2.59,0.6613506470379378,0.6719511554814577,0.6798147654551848
2021-11-01,0.6600000000000001,3.27,2.61,0.661175806539691,0.671150822351186,0.6791398018022881
2021-11-02,0.6400000000000001,3.27,2.63,0.6584346103113777,0.6690647449671586,0.6778065564677482
2021-11-03,0.6599999999999997,3.3,2.64,0.6586372491247918,0.6684577061142262,0.6771999997852497
2021-11-04,0.6799999999999997,3.26,2.58,0.6614026451920327,0.6692306590065594,0.6772953780715754
2021-11-05,0.6800000000000002,3.18,2.5,0.6638100622961063,0.6699518495560102,0.6773875074233279
2021-11-08,0.6800000000000002,3.18,2.5,0.6659058406121462,0.6706247441318323,0.677476498511146
2021-11-09,0.6699999999999999,3.13,2.46,0.6664358272386797,0.6705829068862685,0.6772218215250685
2021-11-10,0.6500000000000004,3.22,2.57,0.6643082186608704,0.6692045311866186,0.6762945463505721
2021-11-11,0.6600000000000001,3.23,2.57,0.6637505221820237,0.6685881312687446,0.6757394942833673
2021-11-12,0.6600000000000001,3.27,2.61,0.6632650191982153,0.6680130098093875,0.6752033493272094
2021-11-15,0.6699999999999999,3.33,2.66,0.6641368586692178,0.6681460725982985,0.6750261041472382
2021-11-16,0.6400000000000001,3.35,2.71,0.6610123559106865,0.6662612143164026,0.6738329864565226
2021-11-17,0.6799999999999997,3.34,2.66,0.6634702957423818,0.66718125969355,0.6740430575773837
2021-11-18,0.6299999999999999,3.32,2.69,0.6591375848122184,0.6646913419609799,0.6725427893509236
2021-11-19,0.6400000000000001,3.27,2.63,0.6566602352384041,0.6630378366549113,0.6714342624786057
2021-11-22,0.6399999999999997,3.34,2.7,0.6545035771714387,0.6614950616526682,0.6703634961010444
2021-11-23,0.6400000000000001,3.4,2.76,0.6526260972764047,0.6600556016770571,0.6693292039571668
2021-11-24,0.6399999999999997,3.36,2.72,0.6509916560962057,0.6587125380298152,0.6683301436006738
2021-11-25,0.6399999999999997,3.36,2.72,0.6495687924061091,0.6574594153372048,0.6673651149075486
2021-11-26,0.69,3.3,2.61,0.6548025894543957,0.6596385609457154,0.6681361421881618
2021-11-29,0.6600000000000001,3.33,2.67,0.6554753913218431,0.6596627654379226,0.6678589953168435
2021-11-30,0.6700000000000004,3.24,2.57,0.6573555937335748,0.6603550191123273,0.6679319257961409
2021-12-01,0.6500000000000004,3.24,2.59,0.656403416268141,0.6596615744597956,0.6673210985740772
2021-12-02,0.6500000000000004,3.24,2.59,0.6555744976392498,0.6590145677211787,0.6667310783695896
2021-12-03,0.6699999999999999,3.16,2.49,0.6574418707940193,0.6597502292575663,0.6668424298407784
2021-12-06,0.6800000000000002,3.22,2.54,0.6603620079128267,0.6611062958262526,0.6672906249828304
2021-12-07,0.6699999999999999,3.23,2.56,0.6616096405594678,0.661701880588925,0.6673829162422346
2021-12-08,0.6800000000000002,3.31,2.63,0.6639902622298266,0.6629272509063869,0.6678127004332868
2021-12-09,0.6499999999999999,3.3,2.65,0.6621792306648361,0.662061551585533,0.667205934464767
2021-12-10,0.6400000000000001,3.31,2.67,0.6593081417487477,0.6605841554737935,0.666279200461867
2021-12-13,0.6400000000000001,3.24,2.6,0.6568087136755738,0.6592056961599723,0.6653840344212159
2021-12-14,0.6599999999999997,3.26,2.6,0.6572218238926315,0.6592588883119497,0.6652006344436342
2021-12-15,0.6299999999999999,3.3,2.67,0.6536979741236782,0.6572995080907397,0.6640015716103095
2021-12-16,0.6400000000000001,3.31,2.67,0.6519247790893838,0.656141011786018,0.6631839899696892
2021-12-17,0.6499999999999999,3.28,2.63,0.6516756175204838,0.6557297665977712,0.6627348948719035
2021-12-20,0.6599999999999997,3.32,2.66,0.6527532041433647,0.656015731354158,0.6626417343125618
2021-12-21,0.6599999999999997,3.36,2.7,0.6536912977849141,0.6562825459062838,0.6625517471438708
2021-12-22,0.6299999999999999,3.32,2.69,0.6506244726318732,0.6545224824321434,0.6614429151362403
2021-12-23,0.6199999999999997,3.36,2.74,0.6466601519003239,0.6522106150589396,0.6600312173066438
2021-12-24,0.6199999999999997,3.36,2.74,0.6432090102543871,0.650053566527683,0.6586676070875722
2021-12-27,0.6099999999999999,3.34,2.73,0.6389101225834635,0.6473712989990426,0.6570098097277264
2021-12-28,0.6400000000000001,3.35,2.71,0.6390512066011104,0.646877665156589,0.6564303931641102
2021-12-29,0.6999999999999997,3.4,2.7,0.6469409935743775,0.6504351090036322,0.6579145339202418
2021-12-30,0.6600000000000001,3.37,2.71,0.6486314746000866,0.6510756411399354,0.657985572550821
2021-12-31,0.6600000000000001,3.37,2.71,0.6501031238092592,0.6516732787552459,0.6580541913448545
2022-01-03,0.6600000000000001,3.45,2.79,0.6513842688572786,0.652230894367314,0.6581204727308586
2022-01-04,0.6800000000000002,3.5,2.82,0.6550885591345735,0.6540905082992333,0.6588657697510345
2022-01-05,0.6699999999999999,3.51,2.84,0.657018836755046,0.6551559193646036,0.6592450425079103
2022-01-06,0.6999999999999997,3.51,2.81,0.6625827241259826,0.6581589932920382,0.6606333059746027
2022-01-07,0.6600000000000001,3.54,2.88,0.6622483919427127,0.658282280003831,0.6606117332481939
2022-01-10,0.6200000000000001,3.54,2.92,0.656779361404084,0.6557186302348241,0.6592283485250354
2022-01-11,0.6499999999999999,3.51,2.86,0.6559017768891133,0.6553356706754908,0.6589139970963117
2022-01-12,0.6499999999999999,3.51,2.86,0.6551377951952657,0.6549783567722084,0.658610353631258
2022-01-13,0.6699999999999999,3.5,2.83,0.6570616992354161,0.6559843112813749,0.6589983267988251
2022-01-14,0.6499999999999999,3.57,2.92,0.6561475662472194,0.6555835598571487,0.6586918107545231
2022-01-17,0.6499999999999999,3.57,2.92,0.6553517672594171,0.6552096455569402,0.6583957357719334
2022-01-18,0.6499999999999999,3.65,3.0,0.6546589840023154,0.6548607711788383,0.6581097461901644
2022-01-19,0.6499999999999999,3.6,2.95,0.6540558811476033,0.6545352598741674,0.6578334984634396
2022-01-20,0.6200000000000001,3.62,3.0,0.6496473665165918,0.6522225368338954,0.6565447506161587
2022-01-21,0.6399999999999997,3.59,2.95,0.6483985203553431,0.6514040301062982,0.6559811756731494
2022-01-24,0.6200000000000001,3.64,3.02,0.6447223478921204,0.6493009961563914,0.6547555247401219
2022-01-25,0.6499999999999999,3.69,3.04,0.6454055369846045,0.6493478063527021,0.6545935341095845
2022-01-26,0.6200000000000001,3.69,3.07,0.642116804532788,0.6473824715563045,0.6534151513423485
2022-01-27,0.6600000000000001,3.67,3.01,0.6444317741124839,0.6482274296903779,0.6536394554611024
2022-01-28,0.6400000000000001,3.69,3.05,0.643858083450024,0.6476764633366721,0.6531748455366312
2022-01-31,0.6600000000000001,3.72,3.06,0.6459476454547395,0.6485017337207015,0.6534073353533085
2022-02-01,0.6499999999999999,3.73,3.08,0.6464722204679478,0.6486020681313074,0.6532912690025906
2022-02-02,0.6400000000000001,3.69,3.05,0.6456343951741487,0.6480260133619571,0.652838519587115
2022-02-03,0.6200000000000001,3.74,3.12,0.6423160371586105,0.6461491950879573,0.6517199190573045
2022-02-04,0.6299999999999999,3.85,3.22,0.6407217330860044,0.6450677318038283,0.6509800588787575
2022-02-07,0.6499999999999999,3.85,3.2,0.6419227995116094,0.645398031049864,0.6509466744754772
2022-02-08,0.6600000000000001,3.87,3.21,0.6442628829320146,0.6463758812281271,0.6512550639782808
2022-02-09,0.69,3.86,3.17,0.6501835269729245,0.6492972579591223,0.6525748587347525
2022-02-10,0.69,3.94,3.25,0.6553377469778144,0.6520229988298488,0.6538496964367531
2022-02-11,0.6999999999999997,3.92,3.22,0.6611192504734623,0.6552358750732489,0.65542174519735
2022-02-14,0.7200000000000002,3.98,3.26,0.6687413303323746,0.65957293477533,0.657621517627555
2022-02-15,0.73,4.04,3.31,0.6766712306140775,0.6642892246482682,0.6600869944440089
2022-02-16,0.73,4.08,3.35,0.6835746097711961,0.6686896786973705,0.6624684880691436
2022-02-17,0.75,4.09,3.34,0.6921733391191499,0.6741347876721886,0.6654501327002673
2022-02-18,0.7599999999999998,4.05,3.29,0.7009534621636808,0.679884924072839,0.6686708482801649
2022-02-21,0.7599999999999998,4.05,3.29,0.7085970032259065,0.6852499910404825,0.6717818544639221
2022-02-22,0.7300000000000004,4.07,3.34,0.7113676091020879,0.6882467652692025,0.6737649782240686
2022-02-23,0.73,4.09,3.36,0.7137795616082689,0.6910428544927855,0.675680549508748
2022-02-24,0.8400000000000003,4.2,3.36,0.7301187262585949,0.7010180689166201,0.6812778732215321
2022-02-25,0.7999999999999998,4.17,3.37,0.7391648177805691,0.7076465927331839,0.6853219846974565
2022-02-28,0.9100000000000001,4.17,3.26,0.7612793358880784,0.7211975950701767,0.6929753427085409
2022-03-01,0.77,3.97,3.2,0.7624082209450503,0.7244657461341364,0.6955990852991936
2022-03-02,0.7799999999999998,4.1,3.32,0.7646854668343326,0.7281847089827687,0.698474090296004
2022-03-03,0.7899999999999996,4.1,3.31,0.7679624188930497,0.7323242940994742,0.7015917987790152
2022-03-04,0.8099999999999996,4.05,3.24,0.7734041600877378,0.7375260037538991,0.705284580087256
2022-03-07,0.7899999999999996,4.1,3.31,0.7755524822160078,0.7410400303046092,0.7081702982861574
2022-03-08,0.7999999999999998,4.21,3.41,0.7787171996219535,0.74498840309419,0.7112983550402673
2022-03-09,0.8499999999999996,4.26,3.41,0.7879447179775665,0.7520207155929148,0.7160230422517585
2022-03-10,0.8600000000000003,4.36,3.5,0.7972722336469094,0.7592517652456536,0.720927425982896
2022-03-11,0.8799999999999994,4.35,3.47,0.8079812964010867,0.7673379133043634,0.7263460218212928
2022-03-14,0.8999999999999999,4.47,3.57,0.819893065748187,0.7762218963868549,0.7322613138148644
2022-03-15,0.8799999999999999,4.51,3.63,0.8276738745290811,0.7831716055298105,0.7372938358261503
2022-03-16,0.8599999999999999,4.42,3.56,0.8318584732621104,0.7883165732725091,0.7414736582414622
2022-03-17,0.8999999999999999,4.37,3.47,0.8406793555144723,0.7957956782553673,0.7468736474038725
2022-03-18,1.0000000000000004,4.28,3.28,0.8613033231984224,0.8094706307978606,0.7554960602191606
2022-03-21,0.9299999999999997,4.39,3.46,0.8701960693138148,0.8175421220852835,0.7614403050251737
2022-03-22,0.9199999999999999,4.43,3.51,0.8766431600867803,0.8244034196627191,0.766841430320573
2022-03-23,0.8399999999999999,4.35,3.51,0.8718997236544966,0.8254478759901627,0.7693334797744616
2022-03-24,0.8599999999999994,4.35,3.49,0.8703593111304901,0.8277617283711507,0.7724219142969533
2022-03-25,0.9000000000000004,4.44,3.54,0.8741962816081631,0.8325993093186863,0.7767676922447397
2022-03-28,0.8900000000000006,4.4,3.51,0.8762420640518132,0.836443261857335,0.7806248003311956
2022-03-29,0.8500000000000001,4.32,3.47,0.8728450436423589,0.8373511160552681,0.782987974313487
2022-03-30,0.8800000000000003,4.28,3.4,0.8737712487124963,0.8402071842273408,0.7862925600468068
2022-03-31,0.8700000000000001,4.25,3.38,0.8732830626909934,0.8422023199733308,0.7891439427479157
2022-04-01,0.8800000000000003,4.2,3.32,0.8741525664420196,0.8447335175315659,0.792238833597336
2022-04-04,0.9000000000000004,4.23,3.33,0.877498502156341,0.8484345485307604,0.7959095745243514
2022-04-05,0.8699999999999997,4.31,3.44,0.8765278252760799,0.8498787223018136,0.7984333664075721
2022-04-06,0.8700000000000001,4.38,3.51,0.87568280197119,0.8512261840757184,0.8008711886742207
2022-04-07,0.8900000000000006,4.44,3.55,0.8775361551911973,0.85382275053487,0.8039072431865415
2022-04-08,0.8999999999999999,4.5,3.6,0.8804440872479001,0.8569151027906083,0.80718051524734
2022-04-11,0.8800000000000003,4.61,3.73,0.8803866004038121,0.8584610292974016,0.8096610142238169
2022-04-12,0.8899999999999997,4.64,3.75,0.881631049566348,0.860573099815363,0.8123976550098083
2022-04-13,0.8699999999999997,4.64,3.77,0.8801254167517094,0.8612043911198093,0.8143598023427118
2022-04-14,0.8799999999999999,4.76,3.88,0.8801091816238474,0.8624630768187599,0.8165957484450177
2022-04-15,0.8799999999999999,4.76,3.88,0.880095048124142,0.8636374721018564,0.818755530014753
2022-04-18,0.8999999999999999,4.79,3.89,0.8826717329320896,0.8660725618153544,0.8215230149170057
2022-04-19,0.8899999999999997,4.84,3.95,0.8836203729760461,0.8676749107707681,0.8238555924130911
2022-04-20,0.8899999999999997,4.76,3.87,0.8844462121006778,0.8691699552101236,0.8261087137565926
2022-04-21,0.9100000000000001,4.83,3.92,0.8877541355498954,0.8719042211651198,0.8289663589372596
2022-04-22,0.9000000000000004,4.86,3.96,0.8893393558049134,0.8737857114241352,0.8313860255216914
2022-04-25,0.9199999999999999,4.84,3.92,0.8933083589249453,0.8768805440783156,0.8344045428009826
2022-04-26,0.9100000000000001,4.83,3.92,0.8954690824597744,0.8790984549633194,0.8369796015897858
2022-04-27,0.8999999999999999,4.87,3.97,0.8960556071831084,0.8804981689066846,0.8391263077122565
2022-04-28,0.9199999999999999,4.91,3.99,0.8991551953454713,0.8831434883638223,0.8418811625649795
2022-04-29,0.9300000000000006,4.94,4.01,0.9031480379332412,0.8862813287751179,0.8448828136588911
2022-05-02,0.8900000000000006,5.07,4.18,0.901446031829022,0.8865303570625064,0.846419670654251
2022-05-03,0.9099999999999993,5.02,4.11,0.902553338190338,0.8881020488397295,0.8485854500799346
2022-05-04,0.9299999999999997,5.01,4.08,0.9061062931010004,0.8909078292896698,0.8513587285291434
2022-05-05,0.8700000000000001,5.15,4.28,0.9014323537976109,0.8895076945086815,0.8519937186689494
2022-05-06,0.9299999999999997,5.21,4.28,0.9051304195064657,0.8922193430732128,0.8546508989780063
2022-05-09,0.9399999999999995,5.22,4.28,0.9096442670594541,0.8954190707300059,0.8575582026817795
2022-05-10,0.9500000000000002,5.15,4.2,0.9148682939563799,0.8990741922823585,0.8607071096592235
2022-05-11,0.96,5.08,4.12,0.9207105678812114,0.9031542113634127,0.864089390015893
2022-05-12,0.9900000000000002,5.04,4.05,0.92968004583852,0.9089700140260316,0.8683783676192637
2022-05-13,0.9799999999999995,5.17,4.19,0.9361939355596884,0.9137266796978908,0.8721806101895528
2022-05-16,0.9900000000000002,5.17,4.18,0.9431591002927392,0.918834475784078,0.8761939711303313
2022-05-17,0.9900000000000002,5.25,4.26,0.9492226283745469,0.9236002180465331,0.8800706222641171
2022-05-18,1.0200000000000005,5.2,4.18,0.9583847192628427,0.9300558230604609,0.8848371305610634
2022-05-19,1.0300000000000002,5.21,4.18,0.9676552770136577,0.9367487856034178,0.8897819107979569
2022-05-20,1.0299999999999994,5.14,4.11,0.9757257662856988,0.9429935404671167,0.8945582536673219
2022-05-23,1.04,5.19,4.15,0.9840460296345884,0.9494897728636397,0.8995125334749943
2022-05-24,1.04,5.1,4.06,0.9912892395797364,0.9555509720102858,0.9042980523248838
2022-05-25,1.0300000000000002,5.04,4.01,0.9963003257105182,0.9605366006977495,0.9085799221239952
2022-05-26,1.02,5.0,3.98,0.999368235197357,0.9645186866620735,0.9123752990079315
2022-05-27,1.0499999999999998,5.0,3.95,1.0059224886303821,0.9702431144958192,0.9170633015543418
2022-05-30,1.0499999999999998,5.0,3.95,1.0116282976484878,0.9755841945223755,0.9215916135240118
2022-05-31,1.0300000000000002,5.03,4.0,1.0140065041691824,0.979228258228327,0.925284401142718
2022-06-01,1.0,5.02,4.02,1.0121933700942911,0.9806192796353459,0.9278294887263757
2022-06-02,1.0,5.02,4.02,1.0106149452040634,0.9819171485000284,0.9302878812837262
2022-06-03,0.9900000000000002,5.05,4.06,1.007946352159716,0.9824584328848337,0.9323218952548779
2022-06-06,0.9800000000000004,5.12,4.14,1.0043287126147127,0.9822937989890288,0.9339459865324025
2022-06-07,0.9900000000000002,5.05,4.06,1.0024738688380463,0.9828098602173496,0.935855392009605
2022-06-08,0.9699999999999998,5.1,4.13,0.9982701448093657,0.9819520221997621,0.93701848270518
2022-06-09,0.9700000000000006,5.11,4.14,0.9946105904882564,0.9811516310279583,0.9381419542618702
2022-06-10,0.9900000000000002,5.19,4.2,0.9940137521466793,0.9817441798277945,0.9399084296744942
2022-06-13,0.9699999999999998,5.41,4.44,0.9909051854581452,0.9809577072378733,0.9409334590281971
2022-06-14,0.9800000000000004,5.48,4.5,0.9894935153434371,0.9808935724491694,0.9422642088299047
2022-06-15,1.04,5.43,4.39,0.9960315513321222,0.984851753083195,0.9455934486725928
2022-06-16,1.0,5.41,4.41,0.9965452647767672,0.9858661858626752,0.9474467355413431
2022-06-17,1.0599999999999996,5.38,4.32,1.0047594445076082,0.9908307056214182,0.9512807129202976
2022-06-20,1.0599999999999996,5.38,4.32,1.0119103032993075,0.9954627663434618,0.9549840909549058
2022-06-21,1.04,5.44,4.4,1.015546498714395,0.9984452916466663,0.9578800449167731
2022-06-22,1.0600000000000005,5.33,4.27,1.0213009794153316,1.0025674263219133,0.9613586254769378
2022-06-23,1.08,5.29,4.21,1.0288995345650862,1.0077528541387406,0.9653999862345957
2022-06-24,1.0999999999999996,5.35,4.25,1.038103449765019,1.0139303695363369,0.9699849568302116
2022-06-27,1.0999999999999996,5.39,4.29,1.0461159233268504,1.0196941952080207,0.9744137464955692
2022-06-28,1.12,5.42,4.3,1.0556801754335756,1.0264113748864325,0.9793729487480082
2022-06-29,1.13,5.34,4.21,1.06530083485963,1.0333483952211033,0.9845038590768764
2022-06-30,1.0999999999999996,5.29,4.19,1.0697926222411456,1.037811853802417,0.9884380816317314
2022-07-01,1.04,5.3,4.26,1.0659359840740978,1.0379583874073492,0.990194469859032
2022-07-04,1.04,5.3,4.26,1.0625785855453451,1.03809510809512,0.9918910290554777
2022-07-05,1.1100000000000003,5.23,4.12,1.0687172609342013,1.0429103635998591,0.9959142541927568
2022-07-06,1.1500000000000004,5.32,4.17,1.0792392657200172,1.0500818361869877,1.0011629803553046
2022-07-07,1.1399999999999997,5.34,4.2,1.0871047085462748,1.0561033866240483,1.0058922789255362
2022-07-08,1.17,5.4,4.23,1.0978354573303633,1.0637307020959248,1.01148239035711
2022-07-11,1.1999999999999993,5.31,4.11,1.1110605998300567,1.0728562493219402,1.0179039922038597
2022-07-12,1.1399999999999997,5.27,4.13,1.114806788880604,1.0773526654418484,1.022063030453017
2022-07-13,1.1700000000000008,5.23,4.06,1.1219515189698879,1.0835569802792964,1.0271023067235205
2022-07-14,1.1799999999999997,5.27,4.09,1.1294658621407514,1.0900154807971485,1.0323105634554404
2022-07-15,1.1600000000000001,5.23,4.07,1.1334184890868695,1.0947021346868984,1.036660134421666
2022-07-18,1.17,5.24,4.07,1.1381539450683509,1.0997446074705812,1.0412021797439317
2022-07-19,1.1599999999999993,5.27,4.11,1.1409819045734546,1.1037797308520518,1.0452488696175797
2022-07-20,1.1600000000000001,5.24,4.08,1.1434437863136016,1.1075446340918853,1.0491577143784285
2022-07-21,1.1699999999999995,5.14,3.97,1.1468814732162935,1.1117270831092259,1.0532740462478116
2022-07-22,1.1399999999999997,5.05,3.91,1.1459906703847516,1.1136204357739294,1.0562282506101053
2022-07-25,1.15,5.12,3.97,1.1465096758450055,1.116056666359344,1.0594224606374645
2022-07-26,1.1399999999999997,5.1,3.96,1.1456670019737447,1.1176600797858949,1.0621672274343552
2022-07-27,1.1800000000000002,5.08,3.9,1.1501113892285988,1.1218347977504675,1.0661810442409048
2022-07-28,1.1999999999999997,5.1,3.9,1.1565694417908956,1.127069287511039,1.0707394091335032
2022-07-29,1.1800000000000002,5.03,3.85,1.1596025143527215,1.13061389898225,1.0744612259622566
2022-08-01,1.1800000000000006,4.98,3.8,1.1622429573799373,1.1339211384270698,1.0780562640467533
2022-08-02,1.1400000000000001,5.04,3.9,1.1593636190764762,1.1343282216014707,1.080166295093431
2022-08-03,1.1099999999999994,5.02,3.91,1.1529735263933616,1.1326990333795905,1.0811825406043214
2022-08-04,1.1099999999999999,5.0,3.89,1.1474106276085618,1.1311789470191533,1.0821641690623975
2022-08-05,1.0899999999999999,5.12,4.03,1.1399788542038176,1.1284213161256165,1.0824310862300566
2022-08-08,1.06,5.03,3.97,1.129625636578912,1.1238393452695694,1.0816670010868576
2022-08-09,1.1099999999999994,5.06,3.95,1.1270851089788168,1.122912565717777,1.0826321270424075
2022-08-10,1.1,5.07,3.97,1.1235789568784458,1.1213781797354412,1.08322374055411
2022-08-11,1.0899999999999999,5.16,4.07,1.1192321798254272,1.1192768769075383,1.0834545648269949
2022-08-12,1.0600000000000005,5.11,4.05,1.1115646075122831,1.1153072817899996,1.0826556162455172
2022-08-15,1.0999999999999996,5.06,3.96,1.1100675755841165,1.1142821989208203,1.0832464296287312
2022-08-16,1.0700000000000003,5.09,4.02,1.1048808504946626,1.111316752530921,1.0827952076069378
2022-08-17,1.0499999999999998,5.13,4.08,1.097776555312299,1.1072105530452476,1.0816780824421737
2022-08-18,1.04,5.12,4.08,1.0902974127724314,1.1027096633706506,1.0802583739508202
2022-08-19,1.0500000000000007,5.23,4.18,1.0850809353884168,1.0991798548976164,1.0792276626532904
2022-08-22,1.0799999999999992,5.27,4.19,1.0844232111644574,1.0978954373923648,1.0792539712986278
2022-08-23,1.0599999999999996,5.29,4.23,1.0812616402367186,1.095357693315794,1.078598110353421
2022-08-24,1.0700000000000003,5.34,4.27,1.0798038272517136,1.0936595644529084,1.0783052271504743
2022-08-25,1.0700000000000003,5.24,4.17,1.0785347273364372,1.0920751541999552,1.078022320624616
2022-08-26,1.0700000000000003,5.23,4.16,1.0774299116903143,1.0905968471618206,1.0777490509335996
2022-08-29,1.0799999999999992,5.31,4.23,1.0777626081742822,1.0898872080082518,1.0778257265222044
2022-08-30,1.0600000000000005,5.28,4.22,1.0754632485517297,1.087885751096622,1.0772185168372765
2022-08-31,1.0600000000000005,5.33,4.27,1.0734615397370963,1.086018325766932,1.0766319909433295
2022-09-01,1.0700000000000003,5.48,4.41,1.0730134453680011,1.084945626409732,1.0764060809852625
2022-09-02,1.0600000000000005,5.44,4.38,1.0713288621955368,1.0832750924348318,1.0758472296389483
2022-09-05,1.0600000000000005,5.44,4.38,1.0698623473658286,1.0817164291227668,1.0753074148210748
2022-09-06,1.0499999999999998,5.6,4.55,1.0672911776877054,1.0795924747452803,1.0744453513668473
2022-09-07,1.08,5.51,4.43,1.0689363275772017,1.079619765492462,1.074634563090825
2022-09-08,1.0599999999999996,5.54,4.48,1.0677795250061317,1.0783058884906824,1.0741360561473705
2022-09-09,1.0600000000000005,5.53,4.47,1.0667724698762644,1.0770799979012007,1.0736545301804665
2022-09-12,1.1100000000000003,5.57,4.46,1.072368249300882,1.0792845519603593,1.0748925903094713
2022-09-13,1.0999999999999996,5.6,4.5,1.0759451638640245,1.0806718035445488,1.0757478408547185
2022-09-14,1.1099999999999994,5.56,4.45,1.0803535432188693,1.0826358251247912,1.076914595137457
2022-09-15,1.0899999999999999,5.57,4.48,1.0816022716153748,1.0831289818859837,1.07736033206458
2022-09-16,1.0999999999999996,5.63,4.53,1.0839838471913954,1.0842587834988078,1.0781315222663828
2022-09-19,1.12,5.64,4.52,1.08864611788471,1.086652265846728,1.079557716320318
2022-09-20,1.1100000000000003,5.7,4.59,1.0914103658959753,1.0882157937573664,1.0805946922583594
2022-09-21,1.12,5.63,4.51,1.0951112779263112,1.0903442869658126,1.0819369816998858
2022-09-22,1.13,5.78,4.65,1.0996276033460683,1.092999911436187,1.08357418454614
2022-09-23,1.12,5.78,4.66,1.1022647986172278,1.0948080265955469,1.0848149815424046
2022-09-26,1.1499999999999995,5.89,4.74,1.1084440935471738,1.098504067945623,1.087035422570172
2022-09-27,1.13,6.05,4.92,1.1112344934951335,1.1006132562940647,1.0884989538036245
2022-09-28,1.1600000000000001,5.97,4.81,1.1175471608427676,1.1045902088624215,1.0909345419227872
2022-09-29,1.1400000000000006,6.03,4.89,1.1204536682240742,1.1069614966452117,1.0926058915478811
2022-09-30,1.1600000000000001,6.07,4.91,1.1255729185961725,1.1105133265482467,1.0949015822905974
2022-10-03,1.12,5.96,4.84,1.1248515074231014,1.1111486206895778,1.0957565265359575
2022-10-04,1.12,5.89,4.77,1.1242234825200164,1.1117413710827697,1.0965823482417558
2022-10-05,1.12,5.98,4.86,1.1236767550868716,1.1122944267553643,1.0973800394286013
2022-10-06,1.12,5.99,4.87,1.123200801211978,1.1128104459440515,1.0981505583252384
2022-10-07,1.1599999999999993,6.06,4.9,1.1279644367662414,1.1159705892098906,1.1002573773626294
2022-10-10,1.17,6.17,5.0,1.1334059167483816,1.1195887772195332,1.1026330671200675
2022-10-11,1.12,6.16,5.04,1.1316705283768047,1.119616315578953,1.1032246486092738
2022-10-12,1.0699999999999994,6.18,5.11,1.123687313217197,1.1162936593536645,1.10209289510746
2022-10-13,1.17,6.25,5.08,1.1296824644334738,1.119890212322255,1.1044060603921855
2022-10-14,1.1900000000000004,6.28,5.09,1.1374905354359266,1.1245852550670232,1.107321704197013
2022-10-17,1.2000000000000002,6.3,5.1,1.1455823504124067,1.1296355549291994,1.1104786671810518
2022-10-18,1.1799999999999997,6.29,5.11,1.150037695764192,1.1330083111484996,1.1128468189949028
2022-10-19,1.1499999999999995,6.39,5.24,1.1500328160687512,1.134146193719622,1.1141123927320562
2022-10-20,1.1700000000000008,6.48,5.31,1.1526175567812142,1.1365472158682377,1.116016129803209
2022-10-21,1.1900000000000004,6.57,5.38,1.1574566929985006,1.1401267889155706,1.1185362920224593
2022-10-24,1.1799999999999997,6.59,5.41,1.1603749113912871,1.1427969785797163,1.1206299715540655
2022-10-25,1.17,6.47,5.3,1.1616208736899098,1.1446186835453929,1.122311695964019
2022-10-26,1.1600000000000001,6.37,5.21,1.1614110525037828,1.1456487242945836,1.123595497956081
2022-10-27,1.17,6.3,5.13,1.1625228869190471,1.147279456380838,1.1251762056501113
2022-10-28,1.1900000000000004,6.32,5.13,1.166079783729625,1.1501403233869347,1.1273843420586895
2022-10-31,1.2000000000000002,6.38,5.18,1.1704707366186986,1.1534792767726538,1.1298578979457083
2022-11-01,1.2000000000000002,6.29,5.09,1.1742932831296884,1.1565946304387333,1.1322471954386057
2022-11-02,1.2000000000000002,6.28,5.08,1.1776210031480563,1.1595013581894906,1.1345551046876043
2022-11-03,1.1600000000000001,6.33,5.17,1.1753399742163833,1.159534750739835,1.1354218512320675
2022-11-04,1.1599999999999993,6.39,5.23,1.1733542231950205,1.159565907090978,1.1362590732073345
2022-11-07,1.1500000000000004,6.44,5.29,1.1703310321577687,1.1589253069098584,1.1367271396178678
2022-11-08,1.1500000000000004,6.37,5.22,1.1676991914973374,1.1583276058064893,1.1371792619681511
2022-11-09,1.1600000000000001,6.45,5.29,1.1667025354949319,1.1584396010426,1.1379566200821603
2022-11-10,1.1600000000000001,6.18,5.02,1.165834896050625,1.158544096292786,1.138707498525066
2022-11-11,1.1600000000000001,6.18,5.02,1.1650795720436462,1.1586415938086685,1.1394327992916753
2022-11-14,1.17,6.15,4.98,1.1657165186709382,1.1594022322922117,1.140474030362292
2022-11-15,1.17,6.03,4.86,1.1662710129161167,1.1601119330919902,1.1414797932802059
2022-11-16,1.1600000000000001,5.91,4.75,1.1654592338265628,1.1601044372676717,1.1421106595101527
2022-11-17,1.1800000000000006,5.95,4.77,1.1673415278169572,1.1614367835855475,1.1434013095418534
2022-11-18,1.17,5.95,4.78,1.167685665543545,1.1620102365716463,1.1443073585846495
2022-11-21,1.1600000000000001,5.91,4.75,1.1666907604682386,1.1618756170421398,1.1448419075601222
2022-11-22,1.1399999999999997,5.83,4.69,1.163235656560427,1.1604106724105412,1.144676974413618
2022-11-23,1.1700000000000008,5.73,4.56,1.1641112970083514,1.1610528409923808,1.1455395696278203
2022-11-24,1.1700000000000008,5.73,4.56,1.1648735862935369,1.1616520054653656,1.146372781682375
2022-11-25,1.1900000000000004,5.74,4.55,1.1681261863942272,1.1635503858552811,1.1478588848970706
2022-11-28,1.17,5.74,4.57,1.1683687505099825,1.163982297220295,1.148613092559174
2022-11-29,1.1799999999999997,5.81,4.63,1.1698744092046274,1.1650549548579043,1.1496822458503047
2022-11-30,1.17,5.83,4.66,1.1698906668623434,1.165386109737786,1.1503743431446458
2022-12-01,1.1900000000000004,5.62,4.43,1.1724938087095036,1.1670344283352878,1.1517241384859034
2022-12-02,1.1799999999999997,5.54,4.36,1.1734654809438498,1.1679026938826886,1.1526873181318862
2022-12-05,1.1799999999999997,5.59,4.41,1.1743113707547992,1.1687128142838283,1.1536176883432219
2022-12-06,1.1700000000000008,5.48,4.31,1.173753266239169,1.168799013260577,1.154175730018949
2022-12-07,1.1600000000000001,5.37,4.21,1.1719729136716701,1.1682097696650882,1.1543741260358364
2022-12-08,1.1899999999999995,5.39,4.2,1.1743065098422845,1.1696689962043412,1.1555876740883164
2022-12-09,1.1600000000000001,5.47,4.31,1.1724545402020023,1.1690214924536944,1.1557379741068483
2022-12-12,1.17,5.49,4.32,1.172136801355486,1.169087020176829,1.156223791065738
2022-12-13,1.1600000000000001,5.42,4.26,1.1705656992566316,1.1684784896197422,1.1563524226047857
2022-12-14,1.1600000000000001,5.44,4.28,1.1691979754394781,1.1679107105336217,1.1564766724813973
2022-12-15,1.17,5.41,4.24,1.1693017970670603,1.1680506239989987,1.1569373266618326
2022-12-16,1.1399999999999997,5.46,4.32,1.165508695942318,1.1661721576242599,1.1563603791375316
2022-12-19,1.17,5.55,4.38,1.1660900927226507,1.166428496777032,1.1568249946961806
2022-12-20,1.1499999999999995,5.68,4.53,1.1640072392831904,1.165328329494327,1.1565925103217602
2022-12-21,1.1500000000000004,5.69,4.54,1.162194010048205,1.164301837123354,1.1563679452186002
2022-12-22,1.1500000000000004,5.66,4.51,1.1606155023163036,1.1633440858756752,1.1561510296272492
2022-12-23,1.1500000000000004,5.75,4.6,1.1592413315211296,1.1624504723639053,1.155941502977253
2022-12-26,1.1500000000000004,5.75,4.6,1.1580450463613257,1.161616701475741,1.155739113574144
2022-12-27,1.17,5.86,4.69,1.159592608375673,1.1621781058989646,1.1562248917185944
2022-12-28,1.17,5.89,4.72,1.1609398393589987,1.162701914747427,1.156694122476117
2022-12-29,1.1600000000000001,5.84,4.68,1.1608181776833844,1.162520975599669,1.1568067328007052
2022-12-30,1.17,5.87,4.7,1.1620067594101853,1.1630218234899825,1.1572561439149887
2023-01-02,1.17,5.87,4.7,1.1630414799019753,1.1634891310953865,1.1576902464368977
2023-01-03,1.13,5.82,4.69,1.158764278940802,1.161246464169897,1.1567470149902812
2023-01-04,1.17,5.76,4.59,1.160218736702877,1.1618326622779145,1.1571984603124164
2023-01-05,1.1800000000000006,5.74,4.56,1.1627794100939808,1.163049274536903,1.1579751644603413
2023-01-06,1.1600000000000001,5.62,4.46,1.162419617022946,1.1628450737431835,1.1580441377921455
2023-01-09,1.13,5.55,4.42,1.15822291586117,1.1606455374118496,1.1570888515068076
2023-01-10,1.12,5.63,4.51,1.1532749809337621,1.1579236273639992,1.1558254690685246
2023-01-11,1.13,5.53,4.4,1.150262047762593,1.1560536655739913,1.1549457587848126
2023-01-12,1.1100000000000003,5.4,4.29,1.145050148359181,1.1529695893617369,1.1534147412413436
2023-01-13,1.1000000000000005,5.44,4.34,1.139218432030659,1.1494223744226575,1.1515952390651338
2023-01-16,1.1000000000000005,5.44,4.34,1.1341416280958811,1.1461127058564242,1.1498377158125752
2023-01-17,1.1100000000000003,5.44,4.33,1.131016507937755,1.1436943459777085,1.1484806969647503
2023-01-18,1.0999999999999996,5.33,4.23,1.1270014384566913,1.1407682663408256,1.1468292664498487
2023-01-19,1.1100000000000003,5.38,4.27,1.124800611825317,1.1387078075883819,1.1455747264315619
2023-01-20,1.0999999999999996,5.46,4.36,1.1215901865946183,1.136115661510019,1.144022283941057
2023-01-23,1.0900000000000007,5.48,4.39,1.1175008547345748,1.1330274336153918,1.1421820866301602
2023-01-24,1.0700000000000003,5.4,4.33,1.1113518958462314,1.1288066749350567,1.1397232997736721
2023-01-25,1.0700000000000003,5.42,4.35,1.1059989162222994,1.1248685678369887,1.1373482682239073
2023-01-26,1.0600000000000005,5.4,4.34,1.100044382428334,1.1205245139056539,1.1347135022568955
2023-01-27,1.0600000000000005,5.4,4.34,1.0948606596798316,1.1164713682707033,1.1321684860911438
2023-01-30,1.04,5.42,4.38,1.0877589781870742,1.1113503095045272,1.1290288890974403
2023-01-31,1.0099999999999998,5.42,4.41,1.0776931222620885,1.1045631824701903,1.124974328170784
2023-02-01,1.0099999999999998,5.3,4.29,1.0689302857165344,1.0982305690294025,1.1210578804738875
2023-02-02,1.0,5.28,4.28,1.0600072990586917,1.0916523616818663,1.1169342046523698
2023-02-03,1.0100000000000007,5.36,4.35,1.053533882364462,1.0861843472860773,1.1132916330784082
2023-02-06,0.9900000000000002,5.4,4.41,1.0453094570807722,1.079743169287344,1.1090918674429067
2023-02-07,0.9900000000000002,5.45,4.46,1.038149679017269,1.0737333377101648,1.1050351612426055
2023-02-08,1.0,5.46,4.46,1.03321122455805,1.0687956366597087,1.1014572780587115
2023-02-09,1.0099999999999998,5.51,4.5,1.0302065446138033,1.064858268761919,1.0983419074214906
2023-02-10,0.9900000000000002,5.59,4.6,1.0250018300617374,1.0598452344441998,1.09465138432343
2023-02-13,1.0099999999999998,5.56,4.55,1.023059851610718,1.0565072482073252,1.0917678474117802
2023-02-14,1.0300000000000002,5.58,4.55,1.023958249910352,1.0547321370922893,1.089663807774525
2023-02-15,1.04,5.63,4.59,1.0260348454232011,1.053745569942949,1.087972076162154
2023-02-16,1.0600000000000005,5.7,4.64,1.0304316155507278,1.054164410413512,1.0870192445604774
2023-02-17,1.0599999999999996,5.71,4.65,1.0342592262619297,1.0545552023907379,1.0860988699010703
2023-02-20,1.0599999999999996,5.71,4.65,1.0375913549226448,1.0549198241983175,1.0852098465813271
2023-02-21,1.0600000000000005,5.82,4.76,1.0404921414052055,1.0552600283742233,1.0843511066595257
2023-02-22,1.0700000000000003,5.78,4.71,1.0443119170786392,1.056247120178834,1.083862255282711
2023-02-23,1.0600000000000005,5.74,4.68,1.046342730575773,1.0564984393135795,1.0830494192676494
2023-02-24,1.0599999999999996,5.81,4.75,1.0481106564096523,1.0567329283577014,1.082264271431243
2023-02-27,1.0599999999999996,5.79,4.73,1.0496497252402017,1.056951714372021,1.0815058686124812
2023-02-28,1.0600000000000005,5.82,4.76,1.050989562477588,1.0571558489414683,1.0807732997778803
2023-03-01,1.0699999999999994,5.85,4.78,1.0534504529063584,1.0580159833141074,1.0804063216378526
2023-03-02,1.0700000000000003,5.9,4.83,1.0555927824553346,1.0588185170609345,1.0800518441204785
2023-03-03,1.08,5.76,4.68,1.0587522830180005,1.060236977608178,1.0800500781194113
2023-03-06,1.0699999999999994,5.77,4.7,1.0602082936455248,1.0608907780113173,1.079707735564072
2023-03-07,1.0599999999999996,5.76,4.7,1.0601813301504426,1.0608311252726945,1.0790364177421814
2023-03-08,1.0499999999999998,5.77,4.72,1.0588633626975716,1.060105797214892,1.0780473307590108
2023-03-09,1.0499999999999998,5.78,4.73,1.0577160053890688,1.059429042207275,1.0770919357094997
2023-03-10,1.08,5.66,4.58,1.060600655938966,1.0608066177118765,1.0771909950549565
2023-03-13,1.08,5.69,4.61,1.0631118901000915,1.0620919411060026,1.0772866800754528
2023-03-14,1.0700000000000003,5.75,4.68,1.0640035520465891,1.0626215201528844,1.0770384690021326
2023-03-15,1.1300000000000008,5.73,4.6,1.072546755058615,1.0671336553830433,1.0788425331736806
2023-03-16,1.13,5.72,4.59,1.079984045253087,1.071343626415057,1.0805851442966905
2023-03-17,1.13,5.6,4.47,1.0864585824212816,1.0752716682813401,1.0822683956875943
2023-03-20,1.1400000000000006,5.66,4.52,1.0933894887671738,1.079606331019352,1.0842349460675331
2023-03-21,1.1100000000000003,5.7,4.59,1.0955397100896267,1.0816417041072066,1.0851125983899224
2023-03-22,1.1099999999999994,5.64,4.53,1.097411586473099,1.0835407743482608,1.0859603546522831
2023-03-23,1.1099999999999994,5.64,4.53,1.0990411495131518,1.0853126695364101,1.086779233224171
2023-03-24,1.1799999999999997,5.62,4.44,1.1095212271048676,1.0916535967969225,1.0899546747609965
2023-03-27,1.1799999999999997,5.72,4.54,1.1186446645557229,1.0975698911279157,1.0930219491017932
2023-03-28,1.2300000000000004,5.74,4.51,1.1330595500029557,1.106438339349534,1.0976879243721054
2023-03-29,1.2000000000000002,5.72,4.52,1.141724953547777,1.1127038838701442,1.1011730492633103
2023-03-30,1.1799999999999997,5.66,4.48,1.1466796367508318,1.1172105034485522,1.1038581845850624
2023-03-31,1.21,5.59,4.38,1.1548764221053214,1.1234243384494085,1.1074737644726764
2023-04-03,1.1900000000000004,5.54,4.35,1.1594231494788123,1.1278827113399097,1.11028491101475
2023-04-04,1.04,5.45,4.41,1.1439638900493774,1.1219974690658416,1.107890748924397
2023-04-05,1.0600000000000005,5.44,4.38,1.1330948117790194,1.117845684030213,1.1062594142054936
2023-04-06,1.0499999999999998,5.41,4.36,1.1223382352012108,1.1133022615335704,1.1043430120251168
2023-04-07,1.0499999999999998,5.41,4.36,1.1129740914022614,1.1090630984497127,1.10249188953826
2023-04-10,1.0499999999999998,5.5,4.45,1.1048221307433004,1.1051078194359683,1.1007038230789155
2023-04-11,1.0500000000000007,5.48,4.43,1.097725436799674,1.1014174136254118,1.0989766647273025
2023-04-12,1.04,5.49,4.45,1.090252911522471,1.0973044731673713,1.096967703018922
2023-04-13,1.0399999999999991,5.52,4.48,1.0837477004331573,1.0934669640277932,1.0950271739213784
2023-04-14,1.0500000000000007,5.57,4.52,1.079379079622034,1.0905561114798747,1.0934933830794766
2023-04-17,1.0600000000000005,5.62,4.56,1.0768704686811221,1.0885098601037997,1.0923524754950633
2023-04-18,1.0700000000000003,5.59,4.52,1.0759810903804592,1.087270310145576,1.091591068122084
2023-04-19,1.08,5.61,4.53,1.0765013359668725,1.0867834392245272,1.0911962337901635
2023-04-20,1.0700000000000003,5.59,4.52,1.0756597416881382,1.085659502507937,1.0904742122543032
2023-04-21,1.0700000000000003,5.61,4.54,1.0749270913147193,1.0846108324709587,1.0897767854225497
2023-04-24,1.0799999999999992,5.56,4.48,1.075583776486479,1.0843020588138537,1.0894437522197435
2023-04-25,1.0700000000000003,5.49,4.42,1.074860959765624,1.0833442927202253,1.0887814266396634
2023-04-26,1.08,5.54,4.46,1.0755262056291626,1.0831203354413266,1.0884822990110392
2023-04-27,1.0699999999999994,5.6,4.53,1.0748108414233575,1.0822417058267872,1.0878527240568145
2023-04-28,1.0699999999999994,5.52,4.45,1.074188080711032,1.0814219154090807,1.0872445947367477
2023-05-01,1.04,5.65,4.61,1.0697624529210021,1.078648013649319,1.0856352704015562
2023-05-02,1.0699999999999994,5.6,4.53,1.069793203256569,1.078068882046075,1.0851026756934266
2023-05-03,1.0600000000000005,5.58,4.52,1.0685254786114795,1.076858863069175,1.0842475864054995
2023-05-04,1.0600000000000005,5.61,4.55,1.0674218602075927,1.0757298754433418,1.083421624597816
2023-05-05,1.08,5.64,4.56,1.0690500933185023,1.0760158329106664,1.0833050715029733
2023-05-08,1.08,5.72,4.64,1.0704675525703822,1.0762826406618566,1.083192488634416
2023-05-09,1.08,5.74,4.66,1.0717015225205555,1.0765315810961147,1.083083740751662
2023-05-10,1.0900000000000007,5.69,4.6,1.0740702501228083,1.077433520818837,1.083319333931768
2023-05-11,1.0999999999999996,5.64,4.54,1.077426841638283,1.0789447304211464,1.0838875386540308
2023-05-12,1.12,5.67,4.55,1.0829379130069123,1.0816940790064922,1.0851176616590341
2023-05-15,1.1099999999999994,5.77,4.66,1.0864410849241988,1.0835896418572228,1.0859652454478614
2023-05-16,1.0899999999999999,5.82,4.73,1.086901784476038,1.0840189243652223,1.0861026839997945
2023-05-17,1.0999999999999996,5.83,4.73,1.0885973410974408,1.0850891291925073,1.0865760776008528
2023-05-18,1.1199999999999992,5.85,4.73,1.092662397603381,1.0874270057733302,1.0877146190994988
2023-05-19,1.12,5.88,4.76,1.0962012348344579,1.0896083217533792,1.0888143776950296
2023-05-22,1.13,5.91,4.78,1.1005764659464239,1.0923132316123634,1.0902173111862516
2023-05-23,1.12,5.89,4.77,1.103090831488458,1.0941673316652967,1.091231818901737
2023-05-24,1.1100000000000003,5.91,4.8,1.1039852194603692,1.0952275980996617,1.0918711320493473
2023-05-25,1.12,5.93,4.81,1.1060583237801607,1.0968865317473753,1.0928293045549349
2023-05-26,1.1300000000000008,5.9,4.77,1.1091575602805654,1.0991040416560944,1.0940954748982104
2023-05-29,1.1300000000000008,5.9,4.77,1.1118556023617807,1.1011730515599893,1.0953185148313873
2023-05-30,1.12,5.83,4.71,1.1129098900483407,1.1024338359755077,1.0961592568238172
2023-05-31,1.13,5.8,4.67,1.1151221951547903,1.1042798595150338,1.0973119967683094
2023-06-01,1.12,5.76,4.64,1.1157536242443542,1.105332590295933,1.0980848334477458
2023-06-02,1.12,5.8,4.68,1.1163033151939556,1.1063148228457182,1.0988313444727391
2023-06-05,1.0999999999999996,5.79,4.69,1.1141928602256923,1.1058919380507655,1.0988711531702198
2023-06-06,1.1100000000000003,5.78,4.67,1.1136500968312983,1.1061670426700874,1.0992502425480752
2023-06-07,1.1099999999999994,5.85,4.74,1.113177593852572,1.1064237243560386,1.0996164187500552
2023-06-08,1.1099999999999994,5.8,4.69,1.112766256118283,1.1066632168373545,1.0999701216463353
2023-06-09,1.0999999999999996,5.8,4.7,1.1111136714549537,1.1062170011390153,1.0999711394127467
2023-06-12,1.1100000000000003,5.83,4.72,1.1109695073124368,1.1064703372557552,1.1003127592210495
2023-06-13,1.0999999999999996,5.84,4.74,1.1095495107699227,1.1060370381259892,1.100302105493818
2023-06-14,1.0899999999999999,5.77,4.68,1.10701883761292,1.1049630856580817,1.099951177960895
2023-06-15,1.1100000000000003,5.74,4.63,1.1074047474046502,1.1053003927434453,1.100293477729528
2023-06-16,1.1100000000000003,5.73,4.62,1.1077407013912226,1.1056151113823687,1.100624117511433
2023-06-19,1.1100000000000003,5.73,4.62,1.1080331663234748,1.105908754255536,1.100943494488563
2023-06-20,1.1000000000000005,5.69,4.59,1.1069932774679525,1.1055130626592986,1.1009113556026433
2023-06-21,1.1099999999999994,5.68,4.57,1.1073824960060508,1.1058135394301671,1.1012209481959139
2023-06-22,1.1000000000000005,5.74,4.64,1.106426836056599,1.105424224085946,1.1011793582181684
2023-06-23,1.1000000000000005,5.7,4.6,1.105594885749284,1.105060980025676,1.1011391849477448
2023-06-26,1.1000000000000005,5.7,4.6,1.1048706309406167,1.1047220613334645,1.101100380126391
2023-06-27,1.0899999999999999,5.71,4.62,1.1029456361419225,1.1037361689275509,1.1007222604289564
2023-06-28,1.0999999999999996,5.67,4.57,1.102564325202616,1.1034859688713596,1.1006976575872738
2023-06-29,1.0999999999999996,5.77,4.67,1.1022323747496117,1.1032525239644488,1.1006738928086979
2023-06-30,1.0900000000000007,5.69,4.6,1.100648900728724,1.102365042079963,1.100310300834971
2023-07-03,1.08,5.71,4.63,1.0979759121608363,1.1008673221177145,1.099618457427891
2023-07-04,1.08,5.71,4.63,1.0956489404573777,1.0994698999808534,1.0989501807470654
2023-07-05,1.0899999999999999,5.78,4.69,1.0949176882971963,1.09883572910869,1.0986453047340343
2023-07-06,1.0999999999999996,5.85,4.75,1.0955755906842777,1.0989136968473219,1.0986914506279812
2023-07-07,1.1000000000000005,5.87,4.77,1.0961483279779454,1.098986443319741,1.0987360246233753
2023-07-10,1.0700000000000003,5.87,4.8,1.0927634416504521,1.09704530792463,1.097757170132597
2023-07-11,1.0600000000000005,5.83,4.77,1.088522232584321,1.0945644944753197,1.0964710223084717
2023-07-12,1.0600000000000005,5.74,4.68,1.0848300456427435,1.092249813681265,1.0952286854007813
2023-07-13,1.0700000000000003,5.67,4.6,1.0829103045879975,1.0907598102201674,1.0943693037596305
2023-07-14,1.0700000000000003,5.7,4.63,1.0812390729314059,1.0893695878334593,1.093539195812032
2023-07-17,1.0899999999999999,5.71,4.62,1.082373170005439,1.0894118046503514,1.0934186378100204
2023-07-18,1.08,5.69,4.61,1.0820659644850326,1.0887815242486774,1.092961549745383
2023-07-19,1.0899999999999999,5.62,4.53,1.0830930209132337,1.0888631219246285,1.0928606684889837
2023-07-20,1.08,5.7,4.62,1.0826926310983023,1.0882695851636917,1.0924225869077682
2023-07-21,1.0700000000000003,5.69,4.62,1.081049577152337,1.0870461256994157,1.0916587912826878
2023-07-24,1.08,5.7,4.62,1.0809137099811896,1.0865742677400703,1.0912616500513004
2023-07-25,1.08,5.72,4.64,1.080795430738814,1.0861340086966818,1.0908780369081892
2023-07-26,1.0700000000000003,5.69,4.62,1.0793979683106987,1.085053562399746,1.0901668543262537
2023-07-27,1.0499999999999998,5.79,4.74,1.0755924178726404,1.082706130189857,1.0887986238123606
2023-07-28,1.08,5.76,4.68,1.076162976896253,1.0825249087465303,1.0884989103849023
2023-07-31,1.08,5.74,4.66,1.076659677375653,1.0823558231611325,1.0882094062970538
2023-08-01,1.0600000000000005,5.82,4.76,1.0745030915237064,1.0808587205622993,1.0872484903597257
2023-08-02,1.0700000000000003,5.9,4.83,1.0739201688625366,1.0801315445305044,1.086660943457569
2023-08-03,1.04,6.04,5.0,1.069529222110381,1.077444055048289,1.085071500427574
2023-08-04,1.0700000000000003,5.95,4.88,1.0695901640430048,1.07694554895087,1.0845581097944
2023-08-07,1.0499999999999998,5.99,4.94,1.0670542283427014,1.0751410861462318,1.0833809337093843
2023-08-08,1.0600000000000005,5.95,4.89,1.0661410624573582,1.0741271329021351,1.0825844932740778
2023-08-09,1.0700000000000003,5.92,4.85,1.0666405997485287,1.0738507511581492,1.0821558192345422
2023-08-10,1.0600000000000005,5.98,4.92,1.0657809778517058,1.07292320778812,1.0814011106957362
2023-08-11,1.0600000000000005,6.03,4.97,1.065032633525205,1.0720577792228012,1.0806721103003538
2023-08-14,1.08,6.03,4.95,1.0669701506843077,1.0725896459888045,1.0806492157561562
2023-08-15,1.0700000000000003,6.07,5.0,1.0673623629715216,1.0724162251439555,1.0802864643734302
2023-08-16,1.0700000000000003,6.12,5.05,1.0677038035990876,1.0722544177742914,1.0799360696344873
2023-08-17,1.0599999999999996,6.17,5.11,1.0667065505627082,1.0714337760754888,1.0792569739159268
2023-08-18,1.0600000000000005,6.15,5.09,1.0658383913701397,1.0706680902962753,1.078601010690552
2023-08-21,1.0599999999999996,6.22,5.16,1.0650826148960184,1.0699536802031184,1.0779673919807236
2023-08-22,1.0600000000000005,6.16,5.1,1.064424673260746,1.0692871120167162,1.0773553566502139
2023-08-23,1.0499999999999998,6.02,4.97,1.062557407432505,1.0679955118230622,1.0764235327791374
2023-08-24,1.0700000000000003,6.03,4.96,1.0635208468479838,1.0681297463997717,1.0762047236714083
2023-08-25,1.0599999999999996,6.01,4.95,1.0630650752067916,1.0675853216038145,1.0756527312944018
2023-08-28,1.0899999999999999,6.02,4.93,1.0665517860489335,1.0690863655616716,1.076141451936416
2023-08-29,1.08,5.96,4.88,1.0682926497695724,1.0698172190114674,1.0762728882484816
2023-08-30,1.0700000000000003,5.94,4.87,1.0685136652951575,1.0698294593074735,1.0760592106464941
2023-08-31,1.0700000000000003,5.92,4.85,1.0687060704854527,1.0698408799074732,1.0758528116880568
2023-09-01,1.0599999999999996,6.0,4.94,1.0675790745652067,1.069181865619424,1.0753128067250985
2023-09-04,1.0599999999999996,6.0,4.94,1.066597967632004,1.0685669835467801,1.0747911963135774
2023-09-05,1.08,6.11,5.03,1.0683328531727283,1.0693326184563627,1.0749686272890466
2023-09-06,1.0599999999999996,6.09,5.03,1.0672541700233824,1.0687076409172116,1.074458740892626
2023-09-07,1.0600000000000005,6.08,5.02,1.0663151218001015,1.0681245162542143,1.0739662230986988
2023-09-08,1.0499999999999998,6.05,5.0,1.0642031384733233,1.066910771620827,1.073149845558151
2023-09-11,1.0499999999999998,6.09,5.04,1.0623645501985244,1.065778307834576,1.0723612768336175
2023-09-12,1.0499999999999998,6.06,5.01,1.0607639661402286,1.064721681760283,1.0715995696547367
2023-09-13,1.0599999999999996,6.06,5.0,1.0606650711537151,1.0644054848578814,1.0712044457294045
2023-09-14,1.04,6.09,5.05,1.0579899893334213,1.0627711225468555,1.0701415077539955
2023-09-15,1.04,6.11,5.07,1.0556611953479011,1.0612462085905439,1.0691147773481542
2023-09-18,1.0099999999999998,6.09,5.08,1.0497503793308898,1.0578144033061543,1.0671011110168858
2023-09-19,1.0200000000000005,6.12,5.1,1.0458992094847794,1.0552820858399206,1.0654966742639322
2023-09-20,1.0099999999999998,6.08,5.07,1.0412520770388602,1.0522496800142476,1.0636062538060407
2023-09-21,0.9400000000000004,6.15,5.21,1.0281450527010823,1.044732654742743,1.0593957710335595
2023-09-22,1.0199999999999996,6.17,5.15,1.0270906802170037,1.0430763828432683,1.0580538064473202
2023-09-25,1.0099999999999998,6.3,5.29,1.0248783012900264,1.0408613564334712,1.0564169173905895
2023-09-26,1.0099999999999998,6.33,5.32,1.022952313568922,1.0387946637160053,1.054835786784274
2023-09-27,1.0,6.38,5.38,1.0199811495063744,1.0361967011426088,1.052967878580107
2023-09-28,1.0099999999999998,6.39,5.38,1.018689095325117,1.034442386435484,1.0515042348973571
2023-09-29,1.0099999999999998,6.37,5.36,1.0175642968298144,1.0328055529361981,1.0500904482915876
2023-10-02,1.0099999999999998,6.47,5.46,1.016585102866134,1.031278333279712,1.0487248204477275
2023-10-03,1.0300000000000002,6.63,5.6,1.0183216537435533,1.0311927271241508,1.048086984323055
2023-10-04,1.0099999999999998,6.56,5.55,1.0172444203540056,1.0297735135874695,1.04678960181683
2023-10-05,1.0100000000000007,6.57,5.56,1.0163066342199336,1.0284493405357105,1.0455364129215556
2023-10-06,1.0200000000000005,6.62,5.6,1.0167847383397046,1.0278835134765472,1.0446665489513565
2023-10-09,1.0200000000000005,6.62,5.6,1.0172009521504854,1.0273555781628436,1.0438263157413181
2023-10-10,1.0200000000000005,6.49,5.47,1.0175632873179123,1.0268629970977607,1.043014703958973
2023-10-11,1.0200000000000005,6.4,5.38,1.017878718402018,1.0264034027130322,1.0422307386534224
2023-10-12,1.0100000000000007,6.53,5.52,1.0168588227429283,1.0253049159047234,1.041132841373423
2023-10-13,1.0200000000000005,6.45,5.43,1.0172654463694433,1.0249496615564353,1.0404129792159953
2023-10-16,1.0200000000000005,6.54,5.52,1.0176194327965555,1.0246181975290956,1.0397176382063176
2023-10-17,1.04,6.63,5.59,1.0205165846141546,1.0256482708253438,1.0397272564855817
2023-10-18,1.04,6.69,5.65,1.02303870176092,1.0266093631944446,1.0397365471309448
2023-10-19,1.0099999999999998,6.8,5.79,1.0213508491626189,1.025497083828834,1.0387236111705656
2023-10-20,1.0099999999999998,6.81,5.8,1.0198814881324072,1.0244592904849137,1.0377451795275607
2023-10-23,1.0099999999999998,6.71,5.7,1.018602335059871,1.0234909950566387,1.0368000768582128
2023-10-24,1.0,6.67,5.67,1.0161942732649938,1.021917873391872,1.0355465311445742
2023-10-25,1.0100000000000007,6.78,5.77,1.0153924280800506,1.0211197690635752,1.0346763225105542
2023-10-26,1.0,6.68,5.68,1.0133998869355831,1.019705441309954,1.0334951196664588
2023-10-27,1.0099999999999998,6.72,5.71,1.012959773486915,1.0190554969396113,1.0326947896382692
2023-10-30,1.0099999999999998,6.74,5.73,1.0125766324762626,1.018449077399418,1.0319217217889114
2023-10-31,1.0100000000000007,6.73,5.72,1.0122430888536176,1.017883267961705,1.0311749874684928
2023-11-01,1.0099999999999998,6.68,5.67,1.01195272226504,1.0173553490893958,1.0304536896603456
2023-11-02,1.0099999999999998,6.51,5.5,1.0116999434677914,1.0168627833646764,1.0297569619034823
2023-11-03,1.0,6.43,5.43,1.0101853923764186,1.015733533208381,1.028743330541006
2023-11-06,1.0,6.51,5.51,1.0088668990706833,1.0146799055568594,1.027764227183853
2023-11-07,1.0,6.41,5.41,1.0077190839806733,1.0136968361971943,1.0268184756814063
2023-11-08,1.0099999999999998,6.33,5.32,1.008014347274544,1.0134492701362896,1.0262455766578094
2023-11-09,1.0099999999999998,6.45,5.44,1.0082713889013437,1.0132182828338807,1.0256921926781115
2023-11-10,1.0099999999999998,6.41,5.4,1.0084951566343447,1.0130027640601071,1.0251576589882763
2023-11-13,1.0099999999999998,6.42,5.41,1.0086899577603563,1.0128016779338809,1.0246413334782303
2023-11-14,1.0299999999999994,6.27,5.24,1.0114485307244139,1.0139533981132354,1.0248238693320293
2023-11-15,1.0200000000000005,6.33,5.31,1.012555513605129,1.0143583209529599,1.0246595506337934
2023-11-16,1.0099999999999998,6.26,5.25,1.012224703808456,1.0140664572368177,1.0241601925228943
2023-11-17,1.0099999999999998,6.22,5.21,1.0119367171536184,1.0137941387606244,1.0236778443824335
2023-11-20,1.0099999999999998,6.18,5.17,1.0116860102090277,1.0135400566381312,1.023211926790373
2023-11-21,1.0099999999999998,6.18,5.17,1.011467757137192,1.0133029896352852,1.0227618800619167
2023-11-22,0.9900000000000002,6.13,5.14,1.0086887680684868,1.0117424581311614,1.021645890155684
2023-11-23,0.9900000000000002,6.13,5.14,1.006269517569332,1.0102864307534813,1.0205679149625404
2023-11-24,0.9900000000000002,6.19,5.2,1.004163437684538,1.008927909173525,1.019526659561803
2023-11-27,1.0199999999999996,6.1,5.08,1.0062134717556004,1.0096693739736067,1.0195427832747965
2023-11-28,1.0300000000000002,6.09,5.06,1.0092926244379787,1.011030855178778,1.0198989944656855
2023-11-29,1.0,5.99,4.99,1.0080896994389819,1.0102921518066648,1.01922116166348
2023-11-30,1.0300000000000002,6.04,5.01,1.0109259755046183,1.0116119274434192,1.0195883284671476
2023-12-01,1.0,5.93,4.93,1.009511614130105,1.0108343114000418,1.0189210780893307
2023-12-04,0.9900000000000002,5.95,4.96,1.0069858466717796,1.0094390998921905,1.017935919998157
2023-12-05,0.9699999999999998,5.83,4.86,1.0021980496541016,1.0067979813559294,1.016303046586655
2023-12-06,0.9800000000000004,5.75,4.77,0.9993245246304536,1.0050034007116704,1.015066431548701
2023-12-07,0.9399999999999995,5.77,4.83,0.9916449983343162,1.0006503174260757,1.0125093933156404
2023-12-08,0.9299999999999997,5.84,4.91,0.9836650880243275,0.9959190770210764,1.009698820481126
2023-12-11,0.9299999999999997,5.84,4.91,0.9767181726089144,0.9915046736323202,1.006983986075179
2023-12-12,0.9199999999999999,5.8,4.88,0.9693760371138171,0.9867162195480268,1.0040209921847083
2023-12-13,0.9000000000000004,5.65,4.75,0.9603953481886863,0.9809090937396581,1.0004776553220172
2023-12-14,0.8900000000000006,5.49,4.6,0.9512827100190877,0.9748211836898132,0.9967143808099737
2023-12-15,0.8700000000000001,5.48,4.61,0.9407607089933523,0.9678016225945356,0.9923980238215709
2023-12-18,0.8799999999999999,5.53,4.65,0.9328952694404348,0.9619218105911653,0.9885693345086155
2023-12-19,0.8600000000000003,5.5,4.64,0.9234590178729933,0.9550964118387228,0.9841897909875625
2023-12-20,0.8799999999999999,5.49,4.61,0.9178332724896306,0.9500674297915638,0.9806407042179731
2023-12-21,0.8700000000000001,5.53,4.66,0.911641282310145,0.944705553543086,0.9768718756619686
2023-12-22,0.8499999999999996,5.55,4.7,0.9036618530373921,0.9383634059374548,0.9725501538207314
2023-12-25,0.8499999999999996,5.55,4.7,0.8967153563892155,0.9324459729842047,0.9683756456907724
2023-12-26,0.8500000000000005,5.53,4.68,0.8906680798192108,0.9269248128136154,0.9643433366326529
2023-12-27,0.8599999999999994,5.43,4.57,0.8866981141618244,0.9224430583075284,0.9607890195347142
2023-12-28,0.8499999999999996,5.46,4.61,0.8819475639554817,0.9175917634087485,0.9570151388145448
2023-12-29,0.8399999999999999,5.49,4.65,0.8765174754303448,0.9123956751318808,0.9530291736151526
2024-01-01,0.8399999999999999,5.49,4.65,0.8717903088060389,0.9075475533426256,0.9491789850232295
2024-01-02,0.8200000000000003,5.57,4.75,0.8650860825043775,0.9016847555969982,0.9447786745675759
2024-01-03,0.8200000000000003,5.57,4.75,0.8592497145210014,0.8962145718776203,0.9405282548399123
2024-01-04,0.79,5.64,4.85,0.8502853779843536,0.8891016997437774,0.9354007098795286
2024-01-05,0.8100000000000005,5.7,4.89,0.8450704584968763,0.883804495547583,0.9311291013456015
2024-01-08,0.8300000000000001,5.66,4.83,0.8431195961335867,0.8802013694388903,0.927684272901239
2024-01-09,0.8600000000000003,5.65,4.79,0.8453047549054278,0.878848544160708,0.9253786980921702
2024-01-10,0.8399999999999999,5.63,4.79,0.844618057371068,0.8762469733751153,0.9224703862035336
2024-01-11,0.8400000000000007,5.61,4.77,0.8440202524457171,0.8738196220023389,0.9196611420944556
2024-01-12,0.8199999999999994,5.6,4.78,0.840910844297134,0.8702154829202223,0.9162663177311758
2024-01-15,0.8199999999999994,5.6,4.78,0.8382039472818675,0.8668527022505205,0.9129871335483648
2024-01-16,0.8399999999999999,5.72,4.88,0.8384364452945202,0.8650544571116503,0.9105009238384549
2024-01-17,0.8500000000000005,5.73,4.88,0.8399333409374391,0.8640463051548457,0.9084400402690789
2024-01-18,0.8300000000000001,5.76,4.93,0.8386474755485,0.8617663259494007,0.9057680845382311
2024-01-19,0.7999999999999998,5.74,4.94,0.8336445816087198,0.857630019876807,0.9021652352962716
2024-01-22,0.8100000000000005,5.7,4.89,0.8305838038383723,0.8544403799326149,0.8990257490365752
2024-01-23,0.8099999999999996,5.76,4.95,0.8279192420262719,0.8514643406335599,0.895993205204174
2024-01-24,0.8099999999999996,5.79,4.98,0.8255996062398105,0.8486875977834315,0.8930639609474008
2024-01-25,0.79,5.74,4.95,0.8209912572651873,0.844757464925984,0.889553224081986
2024-01-26,0.7800000000000002,5.73,4.95,0.8156849621024251,0.8404208512242308,0.8858214390916346
2024-01-29,0.75,5.68,4.93,0.8071820807583507,0.8343656373150488,0.8811948622654631
2024-01-30,0.75,5.64,4.89,0.7997798926146267,0.8287159229669692,0.8767258836305022
2024-01-31,0.7399999999999993,5.6,4.86,0.7920414191894449,0.8227748830028202,0.8720684981030529
2024-02-01,0.75,5.5,4.75,0.7865991811571398,0.8179013667968624,0.8679103969350324
2024-02-02,0.75,5.62,4.87,0.7818614377725249,0.8133542153919147,0.8638939359574965
2024-02-05,0.7400000000000002,5.73,4.99,0.7764424982332572,0.8084419030289535,0.8596736536748342
2024-02-06,0.7599999999999998,5.67,4.91,0.7743140260989576,0.8051978936988403,0.8562784031211957
2024-02-07,0.7600000000000007,5.69,4.93,0.7724610834834831,0.8021711259689916,0.8529988072656343
2024-02-08,0.75,5.75,5.0,0.7695535088787875,0.7986773817346919,0.8494902897738045
2024-02-09,0.7400000000000002,5.76,5.02,0.7657278238018055,0.7947479330154669,0.8457606485570263
2024-02-12,0.7300000000000004,5.75,5.02,0.7611028771360066,0.7904119576372459,0.8418174159011331
2024-02-13,0.7199999999999998,5.85,5.13,0.7557821328438419,0.7856966794742425,0.8376678675146516
2024-02-14,0.71,5.83,5.12,0.7498556615361045,0.7806274992992552,0.8333190312687662
2024-02-15,0.7199999999999998,5.81,5.09,0.7459908629678341,0.7765674570405797,0.8294589690610717
2024-02-16,0.7199999999999998,5.83,5.11,0.7426263603972003,0.7727793036662018,0.8257303947427498
2024-02-19,0.7199999999999998,5.83,5.11,0.7396973907891238,0.7692448315909058,0.8221288293535864
2024-02-20,0.7400000000000002,5.83,5.09,0.7397365633810131,0.7672863927062531,0.8193312199246984
2024-02-21,0.7600000000000007,5.86,5.1,0.7423596538370257,0.7667984447842273,0.8173101807646959
2024-02-22,0.75,5.82,5.07,0.7433486923440453,0.7656735031901936,0.8150173489071181
2024-02-23,0.7400000000000002,5.75,5.01,0.742915206006414,0.7639542254847761,0.8124619826090159
2024-02-26,0.7399999999999993,5.81,5.07,0.7425378342310078,0.7623500826640078,0.8099936614679688
2024-02-27,0.7400000000000002,5.84,5.1,0.742209313019356,0.7608533644890942,0.8076094204063782
2024-02-28,0.7400000000000002,5.82,5.08,0.7419233186934978,0.7594568770528671,0.8053063953480735
2024-02-29,0.75,5.8,5.05,0.7429688405390612,0.7588235782872323,0.8034224564885842
2024-03-01,0.75,5.76,5.01,0.7438790201706549,0.7582326896453957,0.8016026915027303
2024-03-04,0.7599999999999998,5.79,5.03,0.7459658719286781,0.7583510411328696,0.8001855511035402
2024-03-05,0.71,5.72,5.01,0.741310110066947,0.7551131165521204,0.7971135001550177
2024-03-06,0.75,5.68,4.93,0.7424350114237994,0.7547707064327014,0.795508641382538
2024-03-07,0.75,5.68,4.93,0.7434142949336598,0.7544512264946472,0.7939584499914061
2024-03-08,0.75,5.68,4.93,0.7442668107447954,0.7541531411723086,0.7924610638099252
2024-03-11,0.75,5.69,4.94,0.7450089688643984,0.7538750177322737,0.7910146840988028
2024-03-12,0.75,5.71,4.96,0.7456550550334735,0.7536155193870016,0.7896175733904098
2024-03-13,0.75,5.74,4.99,0.7462175057118997,0.7533733988696134,0.7882680534016432
2024-03-14,0.75,5.82,5.07,0.7467071474668299,0.7531474924389623,0.7869645030178832
2024-03-15,0.75,5.8,5.05,0.7471334053723977,0.7529367142861645,0.7857053563456255
2024-03-18,0.7800000000000002,5.83,5.05,0.7513879675333155,0.7547490615696048,0.7855110109637016
2024-03-19,0.7599999999999998,5.8,5.04,0.7525027902850033,0.7551007012079127,0.7846420122774393
2024-03-20,0.7400000000000002,5.83,5.09,0.7508843111253829,0.7540894524223224,0.7831213414550876
2024-03-21,0.7400000000000002,5.8,5.06,0.7494753431812924,0.7531459239427151,0.7816524702634421
2024-03-22,0.7400000000000002,5.75,5.01,0.7482487653438982,0.7522655807427868,0.7802336342169205
2024-03-25,0.7300000000000004,5.78,5.05,0.7458864729495894,0.7507745214087468,0.7785224922240457
2024-03-26,0.7399999999999993,5.77,5.03,0.7451244723420923,0.7500529839423803,0.7772102747199306
2024-03-27,0.7400000000000002,5.74,5.0,0.7444611122840039,0.7493797656816307,0.7759427561612547
2024-03-28,0.7300000000000004,5.7,4.97,0.7425891294447282,0.7480819607492143,0.7743777772270917
2024-03-29,0.7300000000000004,5.7,4.97,0.7409594737295161,0.7468710659306906,0.7728661072205815
2024-04-01,0.7300000000000004,5.82,5.09,0.7395407760286594,0.745741261115727,0.7714059302439472
2024-04-02,0.7400000000000002,5.87,5.13,0.7396002223130703,0.7453567860340008,0.7703361289663081
2024-04-03,0.7299999999999995,5.85,5.12,0.7383574789424113,0.7443283880136944,0.7689621323367547
2024-04-04,0.7400000000000002,5.82,5.08,0.7385701023680904,0.7440385288169494,0.7679755757872004
2024-04-05,0.7199999999999998,5.88,5.16,0.7361662130770078,0.742428740454222,0.766341351553944
2024-04-08,0.7199999999999998,5.88,5.16,0.7340735059005543,0.7409267548024053,0.7647627949974323
2024-04-09,0.7000000000000002,5.8,5.1,0.7296627097552014,0.7381860124671817,0.7625567364507321
2024-04-10,0.71,5.95,5.24,0.7271173830533187,0.7362984795317483,0.7607664610674908
2024-04-11,0.7000000000000002,5.97,5.27,0.7236070530921834,0.7338676789457448,0.7586965323252866
2024-04-12,0.7300000000000004,5.95,5.22,0.7244346164682781,0.7336086720570523,0.7577190230871604
2024-04-15,0.7199999999999998,6.09,5.37,0.7238605578644618,0.7326973400002348,0.7564341746914431
2024-04-16,0.7299999999999995,6.13,5.4,0.7246553051905832,0.7325167072096109,0.7555337296596106
2024-04-17,0.7300000000000004,6.07,5.34,0.7253471729230164,0.7323481708566056,0.7546639570911637
2024-04-18,0.71,6.11,5.4,0.723360490033135,0.7308515807097145,0.7531425387478955
2024-04-19,0.7300000000000004,6.08,5.35,0.7242199708583354,0.7307945528971199,0.7523542189201431
2024-04-22,0.7300000000000004,6.08,5.35,0.724968192374856,0.7307413440665341,0.7515927521597053
2024-04-23,0.7300000000000004,6.07,5.34,0.7256195570375332,0.7306916984721564,0.7508572237525297
2024-04-24,0.7199999999999998,6.13,5.41,0.7248921085444993,0.7299757074100856,0.7498061134323311
2024-04-25,0.7199999999999998,6.17,5.45,0.7242588278491195,0.729307664127528,0.7487908077883433
2024-04-26,0.7300000000000004,6.12,5.39,0.7250020193500711,0.7293540277897592,0.7481507238926047
2024-04-29,0.7300000000000004,6.08,5.35,0.7256490051298614,0.7293972866162295,0.747532443604151
2024-04-30,0.7199999999999998,6.13,5.41,0.7249177445978635,0.7287679784438693,0.7465945875013239
2024-05-01,0.7299999999999995,6.06,5.33,0.7255756396968553,0.7288504832418455,0.746029314931051
2024-05-02,0.7199999999999998,6.05,5.33,0.7248538762788336,0.7282577928556855,0.745142660908928
2024-05-03,0.7200000000000006,5.99,5.27,0.7242255447287084,0.7277047931716316,0.7442862095777721
2024-05-06,0.71,5.96,5.25,0.7223840559767712,0.7265191561374679,0.7431182954123011
2024-05-07,0.71,5.92,5.21,0.7207809469064689,0.7254129176686052,0.7419901646908067
2024-05-08,0.71,5.95,5.24,0.7193853594022921,0.7243807606806492,0.7409004622431391
2024-05-09,0.6999999999999993,5.93,5.23,0.7168759355473632,0.722748054073809,0.739507242350467
2024-05-10,0.7100000000000009,5.98,5.27,0.715985849563945,0.7218943550287591,0.7385021173527059
2024-05-13,0.7000000000000002,5.96,5.26,0.7139164903426595,0.7204281555702521,0.7371905938915063
2024-05-14,0.71,5.93,5.22,0.713409502873946,0.7197298131879235,0.7362643824448479
2024-05-15,0.6999999999999993,5.85,5.15,0.7116736502804346,0.7184085666211906,0.735029084449503
2024-05-16,0.6899999999999995,5.85,5.16,0.7088680084603155,0.7165061298998421,0.7334952285279998
2024-05-17,0.71,5.9,5.19,0.7090145441274812,0.7160704338437767,0.7326948947915864
2024-05-20,0.71,5.91,5.2,0.7091421108350753,0.7156639150491851,0.7319218233603206
2024-05-21,0.6999999999999993,5.89,5.19,0.7079586697371903,0.7146149495175196,0.7308344488692555
2024-05-22,0.6799999999999997,5.89,5.21,0.7043394356887213,0.7122968899002268,0.7291028409236865
2024-05-23,0.6799999999999997,5.92,5.24,0.701188709449126,0.7101340638009435,0.7274302179016064
2024-05-24,0.6799999999999997,5.92,5.24,0.6984458429464545,0.7081160756953553,0.7258145705599832
2024-05-27,0.6799999999999997,5.92,5.24,0.6960580389675077,0.7062332262163126,0.7242539580979785
2024-05-28,0.6699999999999999,5.99,5.32,0.6926848405015562,0.703806795449636,0.7224058691148038
2024-05-29,0.6799999999999997,6.08,5.4,0.6910427950439512,0.7022125255772786,0.720961369537621
2024-05-30,0.6699999999999999,6.01,5.34,0.6883188170788366,0.7000553491043242,0.7192254382081521
2024-05-31,0.6699999999999999,5.97,5.3,0.6859474565268999,0.6980426322864907,0.7175486390724993
2024-06-03,0.6899999999999995,5.88,5.19,0.6864720559967107,0.6975040412620949,0.7166102312925655
2024-06-04,0.6800000000000006,5.82,5.14,0.6856342519936206,0.6963318479827562,0.7153631524158303
2024-06-05,0.7000000000000002,5.82,5.12,0.6874938899808763,0.6965774931499391,0.71483982704526
2024-06-06,0.6699999999999999,5.78,5.11,0.6852293157770923,0.6947976779412367,0.7133124179257234
2024-06-07,0.6899999999999995,5.89,5.2,0.6858468781624397,0.6944763918019422,0.712518311389535
2024-06-10,0.6799999999999997,5.93,5.25,0.6850900030778356,0.693506951149625,0.7114106183264425
2024-06-11,0.6699999999999999,5.87,5.2,0.68313661067955,0.6919327609530442,0.7100000206447518
2024-06-12,0.7000000000000002,5.79,5.09,0.6853195669280004,0.6924729998185764,0.7096593832307642
2024-06-13,0.7000000000000002,5.75,5.05,0.6872199407197398,0.6929770605034282,0.7093303491776025
2024-06-14,0.6900000000000004,5.73,5.04,0.6875798178275729,0.6927776956674998,0.7086718865214487
2024-06-17,0.6899999999999995,5.8,5.11,0.6878931090465144,0.6925916816982262,0.7080358535206295
2024-06-18,0.6800000000000006,5.74,5.06,0.6868713505266009,0.6917484544433753,0.7070808494279915
2024-06-19,0.6800000000000006,5.74,5.06,0.6859818580715376,0.6909616955952365,0.7061583762806407
2024-06-20,0.6799999999999997,5.79,5.11,0.6852075099137345,0.6902276236335393,0.7052673259551568
2024-06-21,0.6799999999999997,5.8,5.12,0.6845334006887717,0.6895427102751137,0.7044066280748718
2024-06-24,0.71,5.78,5.07,0.6878300376243734,0.6909126737692541,0.7045971588563303
2024-06-25,0.71,5.78,5.07,0.6906999267656444,0.6921908949064882,0.7047811994599197
2024-06-26,0.7000000000000002,5.87,5.17,0.6919038160071366,0.6927138473133754,0.7046183342541723
2024-06-27,0.7000000000000002,5.84,5.14,0.6929518624644637,0.6932017791620046,0.704461016835223
2024-06-28,0.7199999999999998,5.91,5.19,0.6964532286323278,0.6949963758436611,0.7049903316465903
2024-07-01,0.71,6.03,5.32,0.6982068505550292,0.6960011236695172,0.7051609793415765
2024-07-02,0.7200000000000006,5.99,5.27,0.7010279614746842,0.6976082566238477,0.7056664508603625
2024-07-03,0.7199999999999998,5.89,5.17,0.7034838811749105,0.6991077646920241,0.7061547041635946
2024-07-04,0.7199999999999998,5.89,5.17,0.7056218834533525,0.7005068551907082,0.7066263257669041
2024-07-05,0.7199999999999998,5.84,5.12,0.7074831225411787,0.7018122527841263,0.7070818822070465
2024-07-08,0.71,5.82,5.11,0.7078089309104758,0.7023605617212262,0.7071812840117042
2024-07-09,0.7200000000000006,5.86,5.14,0.7093870579369328,0.7035418221337268,0.7076179365367354
2024-07-10,0.7199999999999998,5.84,5.12,0.7107608973087677,0.7046439770701862,0.7080397150737797
2024-07-11,0.7300000000000004,5.78,5.05,0.7132513883148358,0.70634199407232,0.7087877629962231
2024-07-12,0.7199999999999998,5.76,5.04,0.7141249922960134,0.7072566298708692,0.7091696929495365
2024-07-15,0.7199999999999998,5.81,5.09,0.7148855087339254,0.7081100152461562,0.7095386129665463
2024-07-16,0.7100000000000009,5.73,5.02,0.7142530823803069,0.7082365818711622,0.7095543295026923
2024-07-17,0.71,5.72,5.01,0.713702523261921,0.7083546727079202,0.7095695106759204
2024-07-18,0.7299999999999995,5.77,5.04,0.7158122224453598,0.7098041955238774,0.7102654481441603
2024-07-19,0.7300000000000004,5.82,5.09,0.717648822257888,0.7111566481331509,0.7109376794273932
2024-07-22,0.71,5.84,5.13,0.7166586865251563,0.7110791908678292,0.7109057386238046
2024-07-23,0.71,5.84,5.13,0.7157967233052871,0.7110069206838499,0.7108748858412433
2024-07-24,0.71,5.93,5.22,0.7150463407386894,0.7109394902178927,0.7108450840177188
2024-07-25,0.71,5.89,5.18,0.7143930947726502,0.71087657536852,0.7108162973537084
2024-07-26,0.7199999999999998,5.85,5.13,0.7151189054959827,0.7114875438230296,0.7111291279799037
2024-07-29,0.7199999999999998,5.83,5.11,0.7157507604300261,0.7120575975478752,0.711431302446546
2024-07-30,0.7199999999999998,5.8,5.08,0.716300822098779,0.7125894764801047,0.7117231837415492
2024-07-31,0.7299999999999995,5.77,5.04,0.7180741729613982,0.7137554071560102,0.7123457591988781
2024-08-01,0.7199999999999998,5.7,4.98,0.7183234701867343,0.7141735888578428,0.7126064907398575
2024-08-02,0.7199999999999998,5.6,4.88,0.7185404960266787,0.7145637661821096,0.7128583408073861
2024-08-05,0.75,5.63,4.88,0.7226129110950085,0.716936824752096,0.7141235220693088
2024-08-06,0.7199999999999998,5.68,4.96,0.7222746712256023,0.7171419564348466,0.7143236964806202
2024-08-07,0.7299999999999995,5.76,5.03,0.7232747106838003,0.7180030211470942,0.7148576889273787
2024-08-08,0.7299999999999995,5.77,5.04,0.724145295597453,0.7188064229314695,0.7153734916310741
2024-08-09,0.7299999999999995,5.71,4.98,0.7249031837844304,0.7195560233017511,0.7158717242011312
2024-08-12,0.71,5.68,4.97,0.7229739750384415,0.7189160850084282,0.7156717117192999
2024-08-13,0.7300000000000004,5.65,4.92,0.7238834900119827,0.7196583416374741,0.7161597858183636
2024-08-14,0.7400000000000002,5.57,4.83,0.7259697631515639,0.7210205616451928,0.7169718710326081
2024-08-15,0.7399999999999993,5.6,4.86,0.7277859694084158,0.7222915578541258,0.7177562936432296
2024-08-16,0.75,5.58,4.83,0.730661563155419,0.7241471093338105,0.7188546326508105
2024-08-19,0.7400000000000002,5.54,4.8,0.7318704185446447,0.7252087299972194,0.7195749214889566
2024-08-20,0.75,5.51,4.76,0.7342172826517175,0.7268689271853088,0.7206113113557926
2024-08-21,0.75,5.48,4.73,0.7362603465221091,0.728417945934253,0.721612397979099
2024-08-22,0.75,5.56,4.81,0.7380389369253285,0.729863231531527,0.7225793839169514
2024-08-23,0.75,5.51,4.76,0.7395872898027243,0.7312117306759767,0.7235134307638825
2024-08-26,0.75,5.52,4.77,0.7409352092723223,0.7324699248668072,0.724415660546251
2024-08-27,0.75,5.54,4.79,0.7421086413258586,0.7336438615566121,0.7252871570700786
2024-08-28,0.75,5.55,4.8,0.7431301732610545,0.7347391832181756,0.7261289672229755
2024-08-29,0.7399999999999993,5.56,4.82,0.7427249740956253,0.7350914843801273,0.7266014655209647
2024-08-30,0.7299999999999995,5.6,4.87,0.7410777333668752,0.734750522902553,0.7267172320815961
2024-09-02,0.7299999999999995,5.6,4.87,0.7396437270225775,0.7344323945951331,0.7268290552081846
2024-09-03,0.7600000000000007,5.57,4.81,0.7422788350928953,0.7361445806426644,0.7279589793608252
2024-09-04,0.75,5.5,4.75,0.7432783355408177,0.7370724366280281,0.7287097774380388
2024-09-05,0.7400000000000002,5.46,4.72,0.7428539568517325,0.7372684867891356,0.7290943638657547
2024-09-06,0.7300000000000004,5.45,4.72,0.7411900193778599,0.736781737972813,0.7291252131571453
2024-09-09,0.7299999999999995,5.43,4.7,0.7397414776726905,0.7363275852685924,0.7291550116084211
2024-09-10,0.7399999999999993,5.39,4.65,0.739774943242336,0.7365735158969909,0.7295244317258057
2024-09-11,0.7400000000000002,5.4,4.66,0.739804076712842,0.7368029772869162,0.7298812680378232
2024-09-12,0.7400000000000002,5.42,4.68,0.7398294388720017,0.7370170723340004,0.7302259491950804
2024-09-13,0.7299999999999995,5.38,4.65,0.7385570235469059,0.7365471599916225,0.7302182525360195
2024-09-16,0.7400000000000002,5.33,4.59,0.7387438160359359,0.7367783863576856,0.7305514547641727
2024-09-17,0.7300000000000004,5.33,4.6,0.7376119339754418,0.7363244581011037,0.7305326701904731
2024-09-18,0.7199999999999998,5.37,4.65,0.735332079043055,0.73523125797729,0.7301738887775616
2024-09-19,0.7400000000000002,5.4,4.66,0.7359363387815098,0.7355506063646837,0.7305086021981907
2024-09-20,0.7400000000000002,5.4,4.66,0.7364623774371987,0.7358485689459161,0.7308319140509549
2024-09-23,0.7400000000000002,5.4,4.66,0.7369203206852242,0.7361265778644493,0.731144212715112
2024-09-24,0.7400000000000002,5.4,4.66,0.7373189834377505,0.7363859693573823,0.731445873340296
2024-09-25,0.7200000000000006,5.44,4.72,0.73507705078745,0.735288650008749,0.7310559848756643
2024-09-26,0.7300000000000004,5.44,4.71,0.7344198294228977,0.7349344849388543,0.7310200141541993
2024-09-27,0.7199999999999998,5.41,4.69,0.7325531906267376,0.7339343671595605,0.730644632016807
2024-09-30,0.7200000000000006,5.44,4.72,0.7309281871712702,0.7330012242760571,0.7302820367730705
2024-10-01,0.71,5.39,4.68,0.7282190451307159,0.7314609010952985,0.7295911561436984
2024-10-02,0.7199999999999998,5.43,4.71,0.727155094368301,0.7306933988346538,0.7292644461555889
2024-10-03,0.71,5.47,4.76,0.7249343770657225,0.7293076238197612,0.7286082283983
2024-10-04,0.7199999999999998,5.55,4.83,0.7242956247340802,0.728684320096651,0.7283150005376005
2024-10-07,0.7000000000000002,5.57,4.87,0.7211505697978848,0.7267634169899777,0.7273504876727948
2024-10-08,0.7000000000000002,5.59,4.89,0.7184126404515827,0.724971151017906,0.7264188296569636
2024-10-09,0.6899999999999995,5.6,4.91,0.7147346401498555,0.7226292376517223,0.7251782706225867
2024-10-10,0.6899999999999995,5.63,4.94,0.7115327549153836,0.7204441552177518,0.7239799695831061
2024-10-11,0.6900000000000004,5.62,4.93,0.7087453519209046,0.71840540121763,0.7228224870760833
2024-10-14,0.6900000000000004,5.62,4.93,0.7063187766739276,0.7165031764738886,0.7217044326724551
2024-10-15,0.6999999999999993,5.56,4.86,0.7055008145928301,0.7153980081152921,0.7209651000170277
2024-10-16,0.6900000000000004,5.53,4.84,0.7034942428753371,0.7136971794908872,0.7199103150352384
2024-10-17,0.6799999999999997,5.62,4.94,0.7004529263693406,0.7114405801867352,0.7185508231913723
2024-10-18,0.6699999999999999,5.61,4.94,0.6965108122048449,0.7086654285026505,0.7168970039197534
2024-10-21,0.6600000000000001,5.73,5.07,0.6917845081313267,0.7054064503402485,0.7149588830930691
2024-10-22,0.6600000000000001,5.75,5.09,0.6876700214578167,0.7023657161960295,0.7130867817767289
2024-10-23,0.6699999999999999,5.78,5.11,0.6853826471335569,0.7001982810056127,0.7116190878145995
2024-10-24,0.6700000000000008,5.73,5.06,0.6833913721271037,0.698175992465936,0.710201388896835
2024-10-25,0.6699999999999999,5.76,5.09,0.6816578665485582,0.6962891305400107,0.7088319820086889
2024-10-28,0.6699999999999999,5.79,5.12,0.6801487622906783,0.6945286261126479,0.7075092221463486
2024-10-29,0.6699999999999999,5.77,5.1,0.6788350107289085,0.6928860174001716,0.7062315203408704
2024-10-30,0.6600000000000001,5.73,5.07,0.6763968291997399,0.6906837391946136,0.7046567050386747
2024-10-31,0.6500000000000004,5.74,5.09,0.6729797745290651,0.6879592708876536,0.7027948970161856
2024-11-01,0.6600000000000001,5.83,5.17,0.6712995500277343,0.6860869221574954,0.7013371457205311
2024-11-04,0.6599999999999993,5.77,5.11,0.6698368296416368,0.6843399590205957,0.6999290507855211
2024-11-05,0.6600000000000001,5.71,5.05,0.668563457585575,0.6827099847788697,0.69856892073322
2024-11-06,0.6699999999999999,5.82,5.15,0.6687494171919235,0.6818588351206161,0.6975957584143914
2024-11-07,0.6600000000000001,5.75,5.09,0.6676168100649418,0.6803950143240982,0.6963151088659425
2024-11-08,0.6499999999999995,5.68,5.03,0.6653363239255158,0.6783595511426175,0.6947374462317231
2024-11-11,0.6499999999999995,5.68,5.03,0.6633510454322495,0.6764603968412375,0.6932135245785432
2024-11-12,0.6500000000000004,5.79,5.14,0.661622760121637,0.6746884232220309,0.6917415132913017
2024-11-13,0.6299999999999999,5.85,5.22,0.6575292116368693,0.6716957732059144,0.6896383706908645
2024-11-14,0.6500000000000004,5.82,5.17,0.6565545594316523,0.6702428721780185,0.6882881422696959
2024-11-15,0.6299999999999999,5.84,5.21,0.6531170866713053,0.6675479274162899,0.6863026341638392
2024-11-18,0.6499999999999995,5.84,5.19,0.6527135815575476,0.6663727952124917,0.6850660331745204
2024-11-19,0.6499999999999995,5.81,5.16,0.6523623099534729,0.6652763580969306,0.683871555354553
2024-11-20,0.6399999999999997,5.84,5.2,0.6507620158936371,0.6635836760103347,0.6823771291234001
2024-11-21,0.6400000000000006,5.86,5.22,0.6493688789984078,0.6620043477793576,0.6809336085358313
2024-11-22,0.6200000000000001,5.84,5.22,0.6455670941554396,0.6591914422661265,0.6788579861372445
2024-11-25,0.6100000000000003,5.69,5.08,0.6409629538518242,0.6558972385355741,0.6765124303465678
2024-11-26,0.6200000000000001,5.73,5.11,0.6382493112840563,0.653493307858757,0.6745874095075848
2024-11-27,0.6099999999999994,5.68,5.07,0.6345924538510628,0.6505806911432874,0.672387325234522
2024-11-28,0.6099999999999994,5.68,5.07,0.6314089745528766,0.6478631236560527,0.6702621839084746
2024-11-29,0.6100000000000003,5.62,5.01,0.6286375948565992,0.6453275435337349,0.6682094326975458
2024-12-02,0.6199999999999992,5.6,4.98,0.627519463067936,0.6436314337115594,0.6665672424394168
2024-12-03,0.6100000000000003,5.63,5.02,0.6252515784424375,0.6413792372055681,0.664640354499332
2024-12-04,0.6100000000000003,5.58,4.97,0.6232772702042191,0.6392778635620543,0.662779103436237
2024-12-05,0.6000000000000005,5.57,4.97,0.6202640406882791,0.6366475425404781,0.660640616706392
2024-12-06,0.6100000000000003,5.57,4.96,0.6189353664028758,0.6348630363336466,0.6589156113958625
2024-12-09,0.6000000000000005,5.62,5.02,0.6164841938882422,0.6325283630844387,0.6569087293880823
2024-12-10,0.5999999999999996,5.63,5.03,0.6143503242748917,0.6303500359184693,0.6549702091489017
2024-12-11,0.5800000000000001,5.68,5.1,0.6099036941469116,0.626978244636995,0.6524164486040179
2024-12-12,0.5999999999999996,5.76,5.16,0.6086216665183064,0.6251715923000672,0.650630951939843
2024-12-13,0.5899999999999999,5.82,5.23,0.6062111022770241,0.6228162559808447,0.6485656391359906
2024-12-16,0.5999999999999996,5.81,5.21,0.6054070785859532,0.6212883195734771,0.6469113151789077
2024-12-17,0.5999999999999996,5.79,5.19,0.604707135308788,0.6198627044964329,0.6453133435689504
2024-12-18,0.6100000000000003,5.87,5.26,0.6053922936616152,0.6192022286809503,0.6441104414490538
2024-12-19,0.5999999999999996,5.97,5.37,0.6046942642845772,0.617916312870361,0.6426078778805534
2024-12-20,0.6000000000000005,5.95,5.35,0.6040865944171996,0.6167165109947423,0.6411564971432199
2024-12-23,0.5899999999999999,6.01,5.42,0.6022630927048171,0.6149273861768504,0.6394139190511762
2024-12-24,0.5900000000000007,5.98,5.39,0.6006756422619313,0.6132580736957801,0.6377306995660826
2024-12-25,0.5900000000000007,5.98,5.39,0.5992936863846723,0.6117005500777574,0.6361048167158766
2024-12-26,0.6300000000000008,5.98,5.35,0.6032686013854291,0.6129260094955721,0.6358968642472929
2024-12-27,0.6299999999999999,6.02,5.39,0.6067289658783921,0.6140694035621825,0.6356959954031982
2024-12-30,0.6300000000000008,5.98,5.35,0.609741388136951,0.6151362279486576,0.6355019688893381
2024-12-31,0.5999999999999996,6.0,5.4,0.6084803709299088,0.614122600043519,0.6342926414985713
2025-01-01,0.5999999999999996,6.0,5.4,0.6073825916899922,0.6131768517668824,0.6331245082382658
2025-01-02,0.6099999999999994,6.02,5.41,0.6077214137213467,0.6129641075077232,0.6323368025958628
2025-01-03,0.5999999999999996,6.04,5.44,0.6067218810645607,0.6120959400105358,0.6312352923886151
2025-01-06,0.5999999999999996,6.06,5.46,0.6058517373471628,0.61128591109348,0.6301713036627531
2025-01-07,0.5999999999999996,6.14,5.54,0.6050942332438335,0.610530127389768,0.6291435582988765
2025-01-08,0.6100000000000003,6.15,5.54,0.6057292819870199,0.6104946263443708,0.6284914584257756
2025-01-09,0.6099999999999994,6.14,5.53,0.6062821240281213,0.6104615026977812,0.62786157146826
2025-01-10,0.6100000000000003,6.19,5.58,0.606763400978416,0.6104305972427131,0.62725314077288
2025-01-13,0.6200000000000001,6.23,5.61,0.6084768712656351,0.611071431518148,0.6270060721713308
2025-01-14,0.6099999999999994,6.22,5.61,0.608674039422326,0.6109996809546044,0.6264267829226061
2025-01-15,0.6199999999999992,6.1,5.48,0.6101401786392361,0.6116024053962889,0.626207863103059
2025-01-16,0.6100000000000003,6.07,5.46,0.6101220325933492,0.611495097100554,0.6256557637854853
2025-01-17,0.6200000000000001,6.07,5.45,0.6114007299099193,0.6120646450049999,0.6254631077082177
2025-01-20,0.6200000000000001,6.07,5.45,0.6125139005791448,0.6125960519901085,0.6252770142041968
2025-01-21,0.6299999999999999,6.03,5.4,0.6147774662993225,0.6137615423237798,0.6254378964388376
2025-01-22,0.6200000000000001,6.03,5.41,0.6154535203450422,0.6141793131717804,0.6252526617232043
2025-01-23,0.6200000000000001,6.08,5.46,0.6160420595753621,0.6145691071558673,0.625073736781996
2025-01-24,0.6199999999999992,6.06,5.44,0.6165544127338388,0.614932797802923,0.6249009066811321
2025-01-27,0.6200000000000001,5.98,5.36,0.6170004420645574,0.6152721331753394,0.624733963807976
2025-01-28,0.6200000000000001,6.0,5.38,0.617388733149661,0.6155887442729993,0.6245727076219394
2025-01-29,0.6200000000000001,6.0,5.38,0.6177267601725209,0.6158841528726026,0.6244169444135828
2025-01-30,0.6200000000000001,5.97,5.35,0.6180210297876809,0.6161597788420161,0.6242664870719212
2025-01-31,0.6000000000000005,6.03,5.43,0.615688217632842,0.6150776067955395,0.6234398814381539
2025-02-03,0.5999999999999996,6.0,5.4,0.6136573866973828,0.6140679045736579,0.622641433026804
2025-02-04,0.6100000000000003,5.98,5.37,0.6131839400495984,0.6137954891736462,0.6222108194102604
2025-02-05,0.6100000000000003,5.88,5.27,0.612771780803679,0.6135413166180327,0.6217948740743112
2025-02-06,0.6099999999999994,5.89,5.28,0.6124129753399761,0.613304165238102,0.6213930973634709
2025-02-07,0.6100000000000003,5.94,5.33,0.6121006170414358,0.6130828951766383,0.6210050066423545
2025-02-10,0.6100000000000003,5.96,5.35,0.6118286933486914,0.6128764429092531,0.6206301357159095
2025-02-11,0.5999999999999996,6.0,5.4,0.6102974756577604,0.6120141460479733,0.619927397558647
2025-02-12,0.6000000000000005,6.07,5.47,0.6089644732343915,0.6112095946279008,0.6192485972428254
2025-02-13,0.5999999999999996,5.96,5.36,0.6078040272238525,0.6104589216095851,0.6185929193576877
2025-02-14,0.6099999999999994,5.93,5.32,0.6080882946627417,0.6104281890022721,0.618300212979112
2025-02-17,0.6099999999999994,5.93,5.32,0.6083357638417934,0.6103995144657332,0.6180174772543378
2025-02-18,0.6100000000000003,5.99,5.38,0.6085511982750156,0.6103727601771252,0.6177443725462936
2025-02-19,0.6100000000000003,5.99,5.38,0.6087387448422104,0.6103477975431889,0.6174805707871932
2025-02-20,0.5999999999999996,5.97,5.37,0.6076075192448873,0.6096548364975387,0.6168851183736923
2025-02-21,0.6000000000000005,5.91,5.31,0.6066227301639229,0.6090082809800974,0.6163099492553459
2025-02-24,0.5899999999999999,5.88,5.29,0.6044709271077225,0.6077353532668325,0.6154137357979078
2025-02-25,0.5899999999999999,5.8,5.21,0.602597673745045,0.6065476697145148,0.614548050660897
2025-02-26,0.5899999999999999,5.76,5.17,0.6009669119749698,0.6054395217766968,0.6137118539376479
2025-02-27,0.5999999999999996,5.81,5.21,0.6008417457644677,0.605075253275841,0.6132447778552853
2025-02-28,0.5999999999999996,5.81,5.21,0.6007327822494094,0.6047353787467649,0.6127936120989594
2025-03-03,0.6099999999999994,5.77,5.16,0.6019324183670354,0.6050879346827858,0.6126984514153089
2025-03-04,0.6100000000000003,5.83,5.22,0.6029767622649853,0.6054168810024554,0.6126065322538856
2025-03-05,0.6199999999999992,5.85,5.23,0.605180410800659,0.6063934688557837,0.6128583809072939
2025-03-06,0.6200000000000001,5.88,5.26,0.6070987982746965,0.6073046575420731,0.6131016506710119
2025-03-07,0.6299999999999999,5.93,5.3,0.6100633459378788,0.6088244967325281,0.6136772704842676
2025-03-10,0.6299999999999999,5.86,5.23,0.6126441345759804,0.6102425568390533,0.6142332825735402
2025-03-11,0.6399999999999997,5.96,5.32,0.6161853359456668,0.6122353237870554,0.6151109915606415
2025-03-12,0.6200000000000001,5.97,5.35,0.6166791420587148,0.6127553009247215,0.6152775291360034
2025-03-13,0.6499999999999995,5.97,5.32,0.6209925083497039,0.6152494670029047,0.6164603039624312
2025-03-14,0.6600000000000001,5.96,5.3,0.6260420061710659,0.6182462763248535,0.6179434258469672
2025-03-17,0.6500000000000004,5.94,5.29,0.6291433549767763,0.6203727282069449,0.6190353904447125
2025-03-18,0.6500000000000004,5.92,5.27,0.6318432359265653,0.6223567779678518,0.6200901587195744
2025-03-19,0.6399999999999997,5.89,5.25,0.6328991244411979,0.6235382917669966,0.6207683610041094
2025-03-20,0.6399999999999997,5.88,5.24,0.6338183287823891,0.6246406831215547,0.6214234612291015
2025-03-21,0.6499999999999995,5.93,5.28,0.6359130370064361,0.6263389207095743,0.6223968830462597
2025-03-24,0.6600000000000001,5.98,5.32,0.6390310807978601,0.6285931024912964,0.6236777832535725
2025-03-25,0.6499999999999995,5.97,5.32,0.6404510012098273,0.6300266583779324,0.6245744145867916
2025-03-26,0.6499999999999995,6.01,5.36,0.6416871137243011,0.6313642133153756,0.6254405033652004
2025-03-27,0.6599999999999993,6.06,5.4,0.6440577065371124,0.633281866284635,0.6266177266910911
2025-03-28,0.6799999999999997,6.0,5.32,0.6487104161797285,0.6364104399405364,0.6284361228903298
2025-03-31,0.6800000000000006,5.99,5.31,0.6527608351799614,0.6393295023779454,0.6301925778395533
2025-04-01,0.6699999999999999,5.9,5.23,0.6549924353551606,0.6413834138517718,0.6315485647743766
2025-04-02,0.6799999999999997,5.93,5.25,0.6582296505117707,0.6439694511031797,0.6331989985270214
2025-04-03,0.6699999999999999,5.95,5.28,0.6597533156228297,0.6457126390914546,0.6344525757364332
2025-04-04,0.7000000000000002,5.95,5.25,0.6649632262446531,0.6493481012488616,0.6366853616363709
2025-04-07,0.7199999999999998,6.17,5.45,0.6720877056052814,0.6540794475504697,0.639523364073335
2025-04-08,0.71,6.26,5.55,0.6769954307588292,0.6578242796596238,0.6419240570180244
2025-04-09,0.7600000000000007,6.36,5.6,0.6877403254909468,0.6646666819883906,0.6459461571016512
2025-04-10,0.71,6.37,5.66,0.6906218278173553,0.6677025186793386,0.6481280661372402
2025-04-11,0.71,6.38,5.67,0.6931303212907493,0.670535054468911,0.6502356513411249
2025-04-14,0.75,6.28,5.53,0.7004920691651921,0.6758565841488187,0.6536339912988679
2025-04-15,0.7400000000000002,6.25,5.51,0.7056063485570937,0.6801520768209829,0.6565759346113372
2025-04-16,0.7299999999999995,6.21,5.48,0.7087640929955286,0.6834902431143847,0.6590770278237372
2025-04-17,0.75,6.26,5.51,0.7141020579292308,0.6879442025666285,0.6621741980411249
2025-04-18,0.75,6.26,5.51,0.7187490263091202,0.6920998936785392,0.6651658672709637
2025-04-21,0.7699999999999996,6.38,5.61,0.7253834359839296,0.697316630757852,0.6687369026856946
2025-04-22,0.7699999999999996,6.34,5.57,0.7311590250634723,0.7021840185610242,0.6721862955246605
2025-04-23,0.75,6.26,5.51,0.7335979786559577,0.705386111794724,0.6748369159590477
2025-04-24,0.7599999999999998,6.18,5.42,0.7370157054467876,0.7090434405083745,0.6777378832415644
2025-04-25,0.75,6.13,5.38,0.7386965150626982,0.7117861787744735,0.6801993962180182
2025-04-28,0.7599999999999998,6.1,5.34,0.7414542391876614,0.7150149141485261,0.6829176977368463
2025-04-29,0.7400000000000002,6.07,5.33,0.741265988743986,0.7166880906041955,0.6848621305053509
2025-04-30,0.75,6.13,5.38,0.7423966015812423,0.7189188895226295,0.687080965466353
2025-05-01,0.75,6.2,5.45,0.7433808572235856,0.7210002985110131,0.6892242187630735
2025-05-02,0.7400000000000002,6.23,5.49,0.7429432071604162,0.7222726516814243,0.6909538282737121
2025-05-05,0.75,6.27,5.52,0.7438567050184363,0.7241294692509361,0.6929651576456435
2025-05-06,0.7400000000000002,6.25,5.51,0.7433574567262666,0.7251922712179241,0.694567337044674
2025-05-07,0.7400000000000002,6.21,5.47,0.7429228358442937,0.7261839005165941,0.6961149403316526
2025-05-08,0.7400000000000002,6.26,5.52,0.742544476390672,0.7271091233676277,0.6976098265693087
2025-05-09,0.7599999999999998,6.26,5.5,0.7448040840892707,0.7293117269814295,0.6997350649153735
2025-05-12,0.75,6.27,5.52,0.7454766924770753,0.7306971587357529,0.7014472731307102
2025-05-13,0.7399999999999993,6.31,5.57,0.7447677377209174,0.7313201421854274,0.702760520537836
2025-05-14,0.7300000000000004,6.33,5.6,0.7428560623915542,0.7312317362125234,0.7036883972064936
2025-05-15,0.7400000000000002,6.28,5.54,0.7424863467237763,0.7318189206077869,0.7049253037002632
2025-05-16,0.7300000000000004,6.25,5.52,0.7408699961738943,0.7316971129360513,0.7057794399073268
2025-05-19,0.75,6.3,5.55,0.7420518700262879,0.7329228025289636,0.7072857545210828
2025-05-20,0.7299999999999995,6.3,5.57,0.7404917622401566,0.7327270711872702,0.7080594851077969
2025-05-21,0.7199999999999998,6.43,5.71,0.7378391151610985,0.7318747773033606,0.7084662228795529
2025-05-22,0.7400000000000002,6.41,5.67,0.7381188404862762,0.7324188991604518,0.709540379091141
2025-05-23,0.75,6.39,5.64,0.7396568498927166,0.733596252889166,0.7109185823096058
2025-05-26,0.75,6.39,5.64,0.7409957648478481,0.7346947627607652,0.7122498388669621
2025-05-27,0.7699999999999996,6.27,5.5,0.7447503467503208,0.73705904888176,0.714217021360335
2025-05-28,0.7400000000000002,6.3,5.56,0.7441354170393437,0.7372559955801851,0.7150952842640543
2025-05-29,0.75,6.24,5.49,0.7448945840001038,0.7381094234320218,0.7162842670198554
2025-05-30,0.7400000000000002,6.25,5.51,0.7442609828583905,0.73823602968905,0.7170921119473972
2025-06-02,0.7400000000000002,6.3,5.56,0.743709401027567,0.7383541575037923,0.7178724387110476
2025-06-03,0.7399999999999993,6.27,5.53,0.7432292211540396,0.7384643746521649,0.7186261846804898
2025-06-04,0.7199999999999998,6.17,5.45,0.7402222115605793,0.7372278707185658,0.7186729818736515
2025-06-05,0.71,6.17,5.46,0.7363099632981169,0.7354045016697208,0.7183775482718666
2025-06-06,0.7000000000000002,6.24,5.54,0.7316096590024374,0.7330335681067695,0.717751541512366
2025-06-09,0.7000000000000002,6.21,5.51,0.7275178064501703,0.7308214088717939,0.7171468588412118
2025-06-10,0.6799999999999997,6.18,5.5,0.7213666531717918,0.7274180511537651,0.7158815004601696
2025-06-11,0.7000000000000002,6.15,5.45,0.7186007519544564,0.7255819462901067,0.7153405182523145
2025-06-12,0.6799999999999997,6.09,5.41,0.713603906357606,0.7225294597071283,0.7141366904629421
2025-06-13,0.6900000000000004,6.16,5.47,0.7105483939756029,0.7203510591036181,0.7133145061781696
2025-06-16,0.7000000000000002,6.2,5.5,0.7091829103173306,0.7189882095563911,0.7128609652191883
2025-06-17,0.6799999999999997,6.13,5.45,0.7054051990153724,0.7163772857970635,0.7117416001087498
2025-06-18,0.6900000000000004,6.15,5.46,0.7034110046805213,0.7146108778758555,0.7110010013939978
2025-06-19,0.6900000000000004,6.15,5.46,0.7016749576789948,0.7129627610088566,0.7102856301902638
2025-06-20,0.6799999999999997,6.14,5.46,0.6988691466168685,0.7107553435134063,0.7092539904451589
2025-06-23,0.6800000000000006,6.11,5.43,0.6964265462162321,0.7086957501640557,0.7082574921369994
2025-06-24,0.6799999999999997,6.08,5.4,0.6943001390615506,0.7067740816199617,0.7072949382194359
2025-06-25,0.6500000000000004,6.08,5.43,0.6885655110141295,0.7029720912156276,0.7053432622896578
2025-06-26,0.6399999999999997,6.06,5.42,0.6822787329701145,0.6987550386502458,0.7031174308960454
2025-06-27,0.6399999999999997,6.08,5.44,0.6768057748025795,0.6948203894796996,0.7009674194908937
2025-06-30,0.6500000000000004,5.99,5.34,0.6733357823539747,0.6918189020780889,0.6992312820778065
2025-07-01,0.6600000000000001,5.98,5.32,0.6716094728402473,0.689688085393336,0.6978949205892515
2025-07-02,0.6500000000000004,6.0,5.35,0.6688121387536096,0.6870302930429126,0.6962634437681287
2025-07-03,0.6499999999999995,6.02,5.37,0.6663769179887595,0.6845504850953134,0.6946875410368072
2025-07-04,0.6499999999999995,6.02,5.37,0.6642569351801689,0.6822367424675281,0.6931653193377719
2025-07-07,0.6500000000000004,6.11,5.46,0.6624113829519724,0.6800779442618794,0.6916949500979961
2025-07-08,0.6600000000000001,6.13,5.47,0.6620992307871623,0.6787333843985706,0.6906153037431145
2025-07-09,0.6500000000000004,6.07,5.42,0.660532992177214,0.6768091956023754,0.6892317973957917
2025-07-10,0.6499999999999995,6.05,5.4,0.6591695022730671,0.6750138639735798,0.6878954183536142
2025-07-11,0.6500000000000004,6.15,5.5,0.6579825153689637,0.673338760333164,0.6866045612875614
2025-07-14,0.6600000000000001,6.16,5.5,0.6582436776180101,0.6724455034570445,0.6856983122627631
2025-07-15,0.6600000000000001,6.2,5.54,0.6584710325610291,0.6716120653217078,0.6848229334066578
2025-07-16,0.6400000000000006,6.19,5.55,0.656079967800665,0.66949509987577,0.6832960997464699
2025-07-17,0.6499999999999995,6.18,5.53,0.6552929193936912,0.6681895713573985,0.6821619123566205
2025-07-18,0.6500000000000004,6.17,5.52,0.6546077539596589,0.6669714701783658,0.6810663595529567
2025-07-21,0.6500000000000004,6.11,5.46,0.654011282805111,0.6658349415912983,0.6800081252996424
2025-07-22,0.6500000000000004,6.08,5.43,0.6534920245055295,0.6647745229237396,0.6789859383898534
2025-07-23,0.6400000000000006,6.11,5.47,0.6517454895332939,0.6631154472374341,0.6776579342079853
2025-07-24,0.6400000000000006,6.11,5.47,0.6502250425293978,0.6615674748866545,0.6763751667237546
2025-07-25,0.6499999999999995,6.09,5.44,0.6501959109007328,0.660792835698022,0.6754767317199243
2025-07-28,0.6299999999999999,6.11,5.48,0.6475815616109113,0.6587307316092269,0.6739276272890438
2025-07-29,0.6399999999999997,6.04,5.4,0.6466001327310431,0.65747639054703,0.6727719277527093
2025-07-30,0.6400000000000006,6.07,5.43,0.6457457492668388,0.6563060489533611,0.6716555955852423
2025-07-31,0.6299999999999999,6.04,5.41,0.643707470893766,0.6545444115504682,0.670236653078787
2025-08-01,0.6500000000000004,5.98,5.33,0.6445220352420108,0.6542400859037079,0.6695473183846492
2025-08-04,0.6500000000000004,5.96,5.31,0.6452311546942162,0.6539561400351097,0.6688814649607933
2025-08-05,0.6400000000000006,5.94,5.3,0.6445539846657391,0.6530215390872651,0.6678976562382002
2025-08-06,0.6399999999999997,5.97,5.33,0.6439644739160011,0.6521495255690044,0.6669473596523344
2025-08-07,0.6499999999999995,5.97,5.32,0.6447457693677862,0.652005578272033,0.6663700703675449
2025-08-08,0.6499999999999995,6.01,5.36,0.6454259265634384,0.6518712706949161,0.6658124456750677
2025-08-11,0.6500000000000004,5.99,5.34,0.6460180377932435,0.6517459572944528,0.6652738157266985
2025-08-12,0.6599999999999993,6.02,5.36,0.6478279949249229,0.6522987058421708,0.6650941702024733
2025-08-13,0.6600000000000001,5.95,5.29,0.6494036541254484,0.6528144384732156,0.6649206440642954
2025-08-14,0.6500000000000004,6.0,5.35,0.6494808507629898,0.6526259639481606,0.6644123921526599
2025-08-15,0.6499999999999995,6.02,5.37,0.6495480543392859,0.6524501109982201,0.6639214531669655
2025-08-18,0.6500000000000004,6.04,5.39,0.6496065584504861,0.6522860343942667,0.6634472373653979
2025-08-19,0.6499999999999995,6.01,5.36,0.6496574892374465,0.6521329455096386,0.6629891750949134
2025-08-20,0.6499999999999995,6.02,5.37,0.649701827062724,0.6519901085296431,0.6625467161069426
2025-08-21,0.6499999999999995,6.05,5.4,0.6497404253814946,0.6518568369148958,0.6621193288964023
2025-08-22,0.6500000000000004,5.99,5.34,0.6497740271696427,0.6517324901015011,0.6617065000632237
2025-08-25,0.6300000000000008,5.98,5.35,0.6472142904911654,0.6502771302529478,0.6606264602741257
2025-08-26,0.6399999999999997,6.01,5.37,0.6462804046508659,0.6495889015843213,0.6599238473159033
2025-08-27,0.6299999999999999,6.01,5.38,0.6441729154395002,0.6482770914461393,0.6589045312236312
2025-08-28,0.6200000000000001,5.97,5.35,0.6410437451523664,0.6463834592239512,0.6575793000686964
2025-08-29,0.6100000000000003,6.03,5.42,0.6370251498292139,0.6439469678021806,0.6559585744411702
2025-09-01,0.6100000000000003,6.03,5.42,0.6335267594069844,0.6416736409220722,0.6543930566783233
2025-09-02,0.6200000000000001,6.09,5.47,0.6317757280213214,0.6402222220270156,0.6532215029083637
2025-09-03,0.6200000000000001,6.0,5.38,0.6302513666621833,0.6388680003133879,0.6520898565606709
2025-09-04,0.6299999999999999,5.97,5.34,0.6302188273893575,0.6382741368613496,0.6513373949526908
2025-09-05,0.6399999999999997,5.88,5.24,0.6314849946741086,0.6383897127527619,0.6509512016601733
2025-09-08,0.6499999999999995,5.81,5.16,0.6338817516841144,0.6391672189571078,0.650918800239695
2025-09-09,0.6399999999999997,5.83,5.19,0.6346737554822202,0.6392229878122552,0.6505468658197947
2025-09-10,0.6600000000000001,5.79,5.13,0.6379522235688714,0.6406143621632717,0.6508688742731386
2025-09-11,0.6399999999999997,5.75,5.11,0.6382173070743764,0.6405732201670844,0.6504986405149412
2025-09-12,0.6299999999999999,5.76,5.13,0.6371535813023756,0.6398651632426721,0.6498003815669524
2025-09-15,0.6300000000000008,5.73,5.1,0.6362275542323679,0.6392045227723093,0.6491259078820932
2025-09-16,0.6300000000000008,5.73,5.1,0.6354214008449451,0.6385881234179165,0.648474409246984
2025-09-17,0.6099999999999994,5.76,5.15,0.6321306148253434,0.6366736623150421,0.6471638296255837
2025-09-18,0.6100000000000003,5.79,5.18,0.6292658192022922,0.6348874069450463,0.6458978931573248
2025-09-19,0.6100000000000003,5.82,5.21,0.6267718697589169,0.6332207717535304,0.6446750791325228
2025-09-22,0.6000000000000005,5.82,5.22,0.6233062662991157,0.6309960760503579,0.6431532819316961
2025-09-23,0.6099999999999994,5.81,5.2,0.6215837776220634,0.6295900316477997,0.6420239594409128
2025-09-24,0.6099999999999994,5.84,5.23,0.6200842641339843,0.6282781458326473,0.6409331058199934
2025-09-25,0.6099999999999994,5.85,5.24,0.6187788618222669,0.6270541130859809,0.6398794106780081
2025-09-26,0.5999999999999996,5.85,5.25,0.6163479487374346,0.6252423800659879,0.6385209715500015
2025-09-29,0.5999999999999996,5.79,5.19,0.6142317159821098,0.6235519733864777,0.6372088058456269
2025-09-30,0.6100000000000003,5.83,5.22,0.6136839227319348,0.6226444382700125,0.6362819740329537
2025-10-01,0.6199999999999992,5.81,5.19,0.6145015353764639,0.6224673481500042,0.6357273502250409
2025-10-02,0.6200000000000001,5.78,5.16,0.6152133085247168,0.6223021172255612,0.6351916189400914
2025-10-03,0.6100000000000003,5.79,5.18,0.6145384486728287,0.6214782812372018,0.6343334999186655
2025-10-06,0.6100000000000003,5.83,5.22,0.6139509490486217,0.6207096150804472,0.6335046115813289
2025-10-07,0.6299999999999999,5.81,5.18,0.6160284896539094,0.6213317643659811,0.6333852316451763
2025-10-08,0.6399999999999997,5.81,5.17,0.619131588165152,0.6225819202596773,0.6336105549386535
2025-10-09,0.6200000000000001,5.83,5.21,0.619244003588,0.6224090167837961,0.6331469294720729
2025-10-10,0.6299999999999999,5.77,5.14,0.6206363612647223,0.6229173622210795,0.6330397335016394
2025-10-13,0.6299999999999999,5.77,5.14,0.6218484790245026,0.6233916652851622,0.6329361890194835
2025-10-14,0.6100000000000003,5.74,5.13,0.620314700088983,0.6224948655226745,0.6321548982210062
2025-10-15,0.6000000000000005,5.73,5.13,0.6176849736056561,0.6209884516728392,0.6310595843445508
2025-10-16,0.6000000000000005,5.7,5.1,0.6153956637342811,0.6195829178520349,0.630001580879707
2025-10-17,0.6099999999999994,5.72,5.11,0.6146971981032348,0.6189411785111356,0.6293202536076375
2025-10-20,0.5999999999999996,5.68,5.08,0.6127946540876458,0.6176727444494775,0.6283214981329069
2025-10-21,0.5900000000000007,5.65,5.06,0.6098438989561404,0.6158195835377297,0.6270161272254005
2025-10-22,0.6000000000000005,5.66,5.06,0.6085696117812983,0.6147601933530744,0.6260958587538699
2025-10-23,0.6100000000000003,5.67,5.06,0.6087547747304771,0.6144414174445126,0.625547574715606
2025-10-24,0.6100000000000003,5.67,5.06,0.6089159684401864,0.6141439890049174,0.6250179672444772
2025-10-27,0.5999999999999996,5.64,5.04,0.6077618013479347,0.6131968083735218,0.6241657634372924
2025-10-28,0.5999999999999996,5.64,5.04,0.6067570405356372,0.6123130575954849,0.6233425888202845
2025-10-29,0.6000000000000005,5.69,5.09,0.6058823454445138,0.6114884889632803,0.6225474545526678
2025-10-30,0.5899999999999999,5.75,5.16,0.6038263847731851,0.6100494691410151,0.6214387687664522
2025-10-31,0.5800000000000001,5.8,5.22,0.6007420726856065,0.6080371460867343,0.6200272121774324
2025-11-03,0.5499999999999998,5.84,5.29,0.5941735399592676,0.6041505720335644,0.6176418282555103
2025-11-04,0.5500000000000007,5.82,5.27,0.5884553000943243,0.6005242702179059,0.6153376992668925
2025-11-05,0.5800000000000001,5.87,5.29,0.5873607662599518,0.5991498212405225,0.6141339675025124
2025-11-06,0.5700000000000003,5.83,5.26,0.5851134248468535,0.5971977449148079,0.6126306025502652
2025-11-07,0.5900000000000007,5.86,5.27,0.5857459892478395,0.5967157334701821,0.6118597211487604
2025-11-10,0.6100000000000003,5.86,5.25,0.5888856572775165,0.5976053410593117,0.6117963722192575
2025-11-11,0.6100000000000003,5.86,5.25,0.5916188970493146,0.5984353742894911,0.6117351811868522
2025-11-12,0.5999999999999996,5.83,5.23,0.592703826105238,0.5985401525926884,0.611335437834896
2025-11-13,0.6200000000000001,5.88,5.26,0.5962373004400859,0.5999772543756327,0.6116305846304982
2025-11-14,0.6100000000000003,5.91,5.3,0.5980188741456416,0.600648447666684,0.6115750409319848
2025-11-17,0.6000000000000005,5.9,5.3,0.5982753297715279,0.6006050230663014,0.6111807525449963
2025-11-18,0.6000000000000005,5.91,5.31,0.5984985873611036,0.6005645064815,0.6107998950679309
2025-11-19,0.6100000000000003,5.92,5.31,0.5999874387485076,0.6011963732558078,0.6107726477054423
2025-11-20,0.6100000000000003,5.9,5.29,0.6012835591624763,0.6017859258024929,0.6107463284881471
2025-11-21,0.5899999999999999,5.88,5.29,0.5998229087848789,0.6009966576095308,0.6100396323785098
2025-11-24,0.6099999999999994,5.84,5.23,0.6011403275099603,0.6015995845155904,0.6100382823542042
2025-11-25,0.5999999999999996,5.8,5.2,0.600992712756138,0.6014924651257972,0.6096963416059311
2025-11-26,0.6100000000000003,5.78,5.17,0.602158701016086,0.6020621892857189,0.6097066853255859
2025-11-27,0.6100000000000003,5.78,5.17,0.6031737527525804,0.6025937607230013,0.6097166767001767
2025-11-28,0.6200000000000001,5.8,5.18,0.6053519009805991,0.6037594044959764,0.6100669644426213
2025-12-01,0.6100000000000003,5.87,5.26,0.6059535947804044,0.6041773185079097,0.6100646833878742
2025-12-02,0.6099999999999994,5.85,5.24,0.6064773996567567,0.604567246068669,0.6100624800342256
2025-12-03,0.5999999999999996,5.83,5.23,0.6056389039198836,0.6042613912625349,0.6097197150241395
2025-12-04,0.6100000000000003,5.87,5.26,0.6062034453508662,0.6046456887224236,0.6097292625593645
2025-12-05,0.5999999999999996,5.88,5.28,0.6054004128445732,0.6043345808464317,0.6093978481597385
2025-12-08,0.5900000000000007,5.9,5.31,0.6034068380768361,0.6033746368495725,0.6087370862404594
2025-12-09,0.5899999999999999,5.91,5.32,0.6016713304398096,0.6024789774304751,0.6080988322978575
2025-12-10,0.5999999999999996,5.89,5.29,0.6014549776558301,0.6023129677279083,0.6078229563383705
2025-12-11,0.5899999999999999,5.87,5.28,0.5999721372508274,0.6014884051138665,0.6072158410160734
2025-12-12,0.5800000000000001,5.95,5.37,0.5973867553339354,0.6000493909067457,0.6062887695596682
2025-12-15,0.5899999999999999,5.95,5.36,0.5964305440168881,0.5993764132608437,0.6057339142711686
2025-12-16,0.5899999999999999,5.93,5.34,0.5955981137162024,0.5987485029146503,0.6051979593907109
2025-12-17,0.5900000000000007,5.94,5.35,0.5948734410490358,0.5981626418459247,0.6046802611010121
2025-12-18,0.5800000000000001,5.9,5.32,0.5929480824833899,0.5969463440557147,0.6038395608048183
2025-12-19,0.5800000000000001,5.92,5.34,0.5912719604995198,0.5958114980899154,0.6030274978469867
2025-12-22,0.5899999999999999,5.93,5.34,0.5911073059293473,0.5954223194481442,0.6025837334453947
2025-12-23,0.5899999999999999,5.92,5.33,0.5909639658005345,0.5950592029357702,0.6021550852884133
2025-12-24,0.5800000000000001,5.88,5.3,0.5895446866036147,0.5940507331653215,0.6014004017505068
2025-12-25,0.5800000000000001,5.88,5.3,0.5883091322992617,0.5931097975985253,0.6006714255044013
2025-12-26,0.5699999999999994,5.89,5.32,0.5859390254365855,0.5915622035871622,0.5996266441546132
2025-12-29,0.5700000000000003,5.88,5.31,0.5838757275722108,0.5901182473170555,0.5986174518930698
2025-12-30,0.5599999999999996,5.89,5.33,0.5807850280870929,0.5881013183940778,0.5973019997140236
2025-12-31,0.5500000000000007,5.9,5.35,0.5767999235423057,0.5855497870827229,0.5956907199545681
2026-01-01,0.5500000000000007,5.9,5.35,0.5733306885360473,0.5831691241902894,0.5941343262988487
2026-01-02,0.5499999999999998,5.93,5.38,0.5703105440471423,0.5809478871699216,0.5926309491246812
2026-01-05,0.5599999999999996,5.92,5.36,0.5689758499281292,0.5795450698325275,0.5915194192068279
2026-01-06,0.5499999999999998,5.92,5.37,0.5665194368439556,0.577566524891007,0.5901051153677351
2026-01-07,0.5599999999999996,5.88,5.32,0.565675499416879,0.5763901472699621,0.589079624620169
2026-01-08,0.5599999999999996,5.92,5.36,0.5649408092143509,0.5752925481390215,0.5880890658521186
2026-01-09,0.5599999999999996,5.88,5.32,0.5643012242446918,0.5742684519383718,0.5871322491521237
2026-01-12,0.5499999999999998,5.89,5.34,0.5624499388220405,0.5726432663120263,0.5858673884307251
2026-01-13,0.5499999999999998,5.87,5.32,0.5608383012545296,0.5711269145052745,0.584645613508896
2026-01-14,0.54,5.83,5.29,0.5581407948952651,0.5690424381581667,0.5831248200153805
2026-01-15,0.54,5.82,5.28,0.5557924792147125,0.567097552956237,0.5816558303312013
2026-01-16,0.54,5.87,5.33,0.5537481516762104,0.5652829108980848,0.5802368798284367
2026-01-19,0.54,5.87,5.33,0.5519684611860055,0.5635897899899986,0.5788662639888703
2026-01-20,0.5300000000000002,5.95,5.42,0.5491246562602261,0.5613403822394616,0.5772016996456818
2026-01-21,0.5199999999999996,5.88,5.36,0.5453544859131457,0.55857194051216,0.5752531997640116
2026-01-22,0.5299999999999994,5.85,5.32,0.5433668563608114,0.5566585631300723,0.573711709652152
2026-01-23,0.5299999999999994,5.85,5.32,0.5416365243344026,0.5548733189073243,0.5722227283524284
2026-01-26,0.5200000000000005,5.83,5.31,0.5388356884470845,0.5525379570649178,0.5704438305111841
2026-01-27,0.5099999999999998,5.85,5.34,0.5351029248206409,0.5496893173341445,0.5683848917501287
2026-01-28,0.5199999999999996,5.88,5.36,0.5331478597100279,0.5477011125689625,0.5667367247125454
2026-01-29,0.5,5.87,5.37,0.5288568879426256,0.5445067117598531,0.5644634268733042
2026-01-30,0.5,5.88,5.38,0.5251213800534259,0.5415262304167622,0.5622675659039147
2026-02-02,0.5,5.9,5.4,0.521869431556286,0.5387453429929984,0.5601465040203133
2026-02-03,0.5,5.91,5.41,0.5190384459602908,0.5361506832808769,0.5580976932910449
2026-02-04,0.5,5.93,5.43,0.516573929855014,0.5337297801676563,0.5561186725765535
2026-02-05,0.5099999999999998,5.88,5.37,0.5157229383383517,0.5321406677783391,0.554547701283483
2026-02-06,0.5,5.87,5.37,0.5136876128271223,0.5299883034072144,0.5526896063290567
2026-02-09,0.5,5.86,5.36,0.5119157590568306,0.5279800764391467,0.5508948049099844
2026-02-10,0.5,5.82,5.32,0.5103732707590247,0.5261063344234456,0.5491611410160966
2026-02-11,0.5099999999999998,5.85,5.34,0.5103249510695309,0.5250277413897997,0.5478271687895965
2026-02-12,0.5,5.77,5.27,0.508988391969585,0.5233517084203343,0.5461979998434918
2026-02-13,0.5099999999999998,5.76,5.25,0.5091193440592874,0.5224575844495517,0.5449649630832446
2026-02-16,0.5099999999999998,5.76,5.25,0.5092333444747426,0.5216233372862876,0.5437739280816221
2026-02-17,0.5,5.75,5.25,0.5080380932335943,0.5201752870752343,0.5422828273937823
2026-02-18,0.5099999999999998,5.76,5.25,0.508292060959371,0.5194938785395516,0.5411831557800645
2026-02-19,0.5,5.76,5.26,0.5072186583390662,0.5181884318104131,0.5397803063077355
2026-02-20,0.5099999999999998,5.77,5.26,0.5075787014503551,0.5176400770280648,0.5387658797491515
2026-02-23,0.5199999999999996,5.76,5.24,0.5091866315507373,0.5177981140096989,0.5381266449939405
2026-02-24,0.5199999999999996,5.77,5.25,0.5105864160053657,0.5179455677274464,0.5375091849211708
2026-02-25,0.5300000000000002,5.78,5.25,0.5130994935178745,0.5187528169954615,0.5372533945159736
2026-02-26,0.5199999999999996,5.77,5.25,0.5139927601949571,0.5188363371102815,0.5366656805602517
2026-02-27,0.5299999999999994,5.77,5.24,0.5160648883709037,0.5195839342174975,0.5364386230101552
2026-03-02,0.54,5.83,5.29,0.5191632750887346,0.5209511370675395,0.5365599365845118
2026-03-03,0.5499999999999998,5.84,5.29,0.5231550717582902,0.5228964525173837,0.5370177544839262
2026-03-04,0.5499999999999998,5.83,5.28,0.5266301325975355,0.5247114960110346,0.5374599774250026
2026-03-05,0.5299999999999994,5.89,5.36,0.5270663600345513,0.5250656513024212,0.5372058632077692
2026-03-06,0.5300000000000002,5.9,5.37,0.5274461180755707,0.5253960898734124,0.5369604050536472
2026-03-09,0.5300000000000002,5.9,5.37,0.5277767166520964,0.5257043999618234,0.53672330810535
2026-03-10,0.54,5.92,5.38,0.5293590137961544,0.5266617335305664,0.5368349242602639
2026-03-11,0.54,6.05,5.51,0.5307364834662159,0.5275549573341093,0.5369427383591902
2026-03-12,0.5500000000000007,6.11,5.56,0.5332301348304501,0.5290580346962728,0.537387516624865
2026-03-13,0.5100000000000007,6.11,5.6,0.5302230069620933,0.5277817751254756,0.5364545972669902
2026-03-16,0.54,6.08,5.54,0.531488633203508,0.5285999930940531,0.5365753666995163
2026-03-17,0.5499999999999998,6.05,5.5,0.5338849192079327,0.530033087537636,0.5370326589925686
2026-03-18,0.5700000000000003,6.07,5.5,0.5385599960729808,0.5327095521027508,0.5381556476528682
2026-03-19,0.54,6.06,5.52,0.5387464037701848,0.5331977715887865,0.5382184730645675
2026-03-20,0.5699999999999994,6.18,5.61,0.5427921641971046,0.5356623067302645,0.5393010685443621
2026-03-23,0.5899999999999999,6.13,5.54,0.5489031919497985,0.5393011394953292,0.5410280602693287
2026-03-24,0.5699999999999994,6.14,5.57,0.5516341618681468,0.5413569503465558,0.5420149508947234
2026-03-25,0.5800000000000001,6.09,5.51,0.5553061036359486,0.5439447597797415,0.5433088611132191
2026-03-26,0.5500000000000007,6.15,5.6,0.5546192315091827,0.5443502611028184,0.5435367858673765
2026-03-27,0.5599999999999996,6.22,5.66,0.555315768959353,0.5453982772999927,0.5440975833784301
2026-03-30,0.5800000000000001,6.14,5.56,0.5585111287630331,0.5477154511568851,0.5453205514890304
2026-03-31,0.5599999999999996,6.09,5.53,0.558703862305983,0.5485381106432285,0.5458205873946727
2026-04-01,0.5999999999999996,6.08,5.48,0.5640496240685191,0.5519843594233154,0.5476661370847056
2026-04-02,0.6099999999999994,6.05,5.44,0.5699978743491806,0.5558694933168117,0.5497894572878959
2026-04-03,0.6099999999999994,6.05,5.44,0.5751761269816368,0.5594944514159816,0.5518404494100975
2026-04-06,0.6200000000000001,6.04,5.42,0.5809785520947499,0.5635463270000777,0.5541622139220223
2026-04-07,0.5999999999999996,6.08,5.48,0.5834408678113766,0.5659875204283779,0.5557236171897958
2026-04-08,0.6199999999999992,6.02,5.4,0.5881734268795763,0.5696045746049687,0.5579131067517432
2026-04-09,0.6299999999999999,6.02,5.39,0.5935878532092687,0.5736490755685358,0.5603686509721816
2026-04-10,0.6100000000000003,6.03,5.42,0.5957123963664301,0.5760833882325825,0.5620592769204814
2026-04-13,0.6299999999999999,6.02,5.39,0.6001509073427216,0.5796940224291178,0.5643735873640703
2026-04-14,0.6100000000000003,5.96,5.35,0.6014258668392507,0.5817235230855924,0.5659277904764399
2026-04-15,0.6100000000000003,5.98,5.37,0.6025357835471337,0.5836171141544287,0.5674290517252059
2026-04-16,0.6100000000000003,6.03,5.42,0.603502022162393,0.5853838970941325,0.5688791745045959
2026-04-17,0.6200000000000001,5.98,5.36,0.6056376761002242,0.5877020339503924,0.5706205374893617
2026-04-20,0.6200000000000001,5.98,5.36,0.6074968708388088,0.5898649321161804,0.5723025832581919
2026-04-21,0.5999999999999996,6.0,5.4,0.6065264051316832,0.5905436472929312,0.5732460589517164
2026-04-22,0.6100000000000003,5.99,5.38,0.6069760600307244,0.5918465810293283,0.5744980331103008
2026-04-23,0.5999999999999996,6.02,5.42,0.6060730129893347,0.5923925911065412,0.575366723722201
2026-04-24,0.5999999999999996,6.01,5.41,0.6052868648787699,0.5929020365222923,0.5762058235428313
2026-04-27,0.5899999999999999,6.05,5.46,0.6033079888312448,0.5927076958179435,0.576675703832421
2026-04-28,0.5899999999999999,6.06,5.47,0.6015852771733786,0.5925263695291875,0.5771295782743813
2026-04-29,0.5800000000000001,6.11,5.53,0.5987910752021877,0.5916875160349133,0.5772273553758897
2026-04-30,0.5800000000000001,6.1,5.52,0.5963585811022043,0.5909048380496895,0.5773218018303736
2026-05-01,0.5899999999999999,6.08,5.49,0.595535466360288,0.5908442437523581,0.5777536678026494
2026-05-04,0.5800000000000001,6.14,5.56,0.5935244089910168,0.590118037189217,0.5778301861237454
2026-05-05,0.5800000000000001,6.08,5.5,0.5917736818653769,0.5894404625071358,0.5779040979499204
2026-05-06,0.5699999999999994,6.02,5.45,0.5889550910129344,0.588138592889892,0.5776348553572084
2026-05-07,0.5599999999999996,6.06,5.5,0.5852068707916005,0.5862542355016923,0.5770341474448625
2026-05-08,0.5600000000000005,6.03,5.47,0.5819438555665605,0.5844960678906558,0.576453901849255
2026-05-11,0.5600000000000005,6.07,5.51,0.5791032358243581,0.5828556395049073,0.5758934215487591
2026-05-12,0.5600000000000005,6.12,5.56,0.5766303327076737,0.5813250657007505,0.5753520332648634
2026-05-13,0.5600000000000005,6.12,5.56,0.5744775455064673,0.5798969898454902,0.5748290866533943
2026-05-14,0.5700000000000003,6.09,5.52,0.5738979297628393,0.5792342180427471,0.5746645902340397
2026-05-15,0.5599999999999996,6.21,5.65,0.5720988505836897,0.5779461600002955,0.5741650604558555
2026-05-18,0.5499999999999998,6.2,5.65,0.5692381668238279,0.576074689267042,0.573341909784976
2026-05-19,0.5200000000000005,6.24,5.72,0.5628643138641519,0.572319535076325,0.5715248885155401
2026-05-20,0.5200000000000005,6.16,5.64,0.5573155525797394,0.5688158523280785,0.5697697616609627
2026-05-21,0.5200000000000005,6.16,5.64,0.5524850753179983,0.5655468007320861,0.5680744208702548
2026-05-22,0.5199999999999996,6.13,5.61,0.5482799006168003,0.5624966677419891,0.5664368296106019
2026-05-25,0.5199999999999996,6.13,5.61,0.5446190834119139,0.5596507930336538,0.5648550207209734
2026-05-26,0.5099999999999998,6.06,5.55,0.5401376625650371,0.5563258279563649,0.5629864573383133
2026-05-27,0.5199999999999996,6.05,5.53,0.5375308534894603,0.5538931959281785,0.5615221807948548
2026-05-28,0.5199999999999996,6.02,5.5,0.5352614943803115,0.5516234699896115,0.5601077828859358
2026-05-29,0.5199999999999996,6.02,5.5,0.5332859025295207,0.5495057408071817,0.5587415645621555
2026-06-01,0.5199999999999996,6.01,5.49,0.5315660499309716,0.5475298296128345,0.5574218846499734
2026-06-02,0.5199999999999996,6.0,5.48,0.5300688312825184,0.5456862392801616,0.5561471578802444
2026-06-03,0.5200000000000005,6.03,5.51,0.52876542674473,0.5439661086768994,0.5549158529839101
2026-06-04,0.5199999999999996,6.01,5.49,0.5276307471901556,0.5423611700743037,0.5537264908525578
2026-06-05,0.5299999999999994,6.06,5.53,0.5279374456317989,0.5415333794933229,0.5529182794723886
2026-06-08,0.5200000000000005,6.08,5.56,0.526909947765895,0.5400913534865525,0.5517969620280812
2026-06-09,0.5099999999999998,6.06,5.55,0.5247209645529078,0.5380762255629495,0.5503732040616158
2026-06-10,0.5,6.08,5.58,0.5215208496167574,0.5355263746434291,0.5486573078074592
2026-06-11,0.4900000000000002,6.0,5.51,0.5174404933894405,0.5324776095273841,0.5466592245681519
2026-06-12,0.4900000000000002,6.01,5.52,0.5138883369773011,0.5296330110906676,0.544729203379089
2026-06-15,0.4800000000000004,6.0,5.52,0.5095015108447584,0.5263092368169052,0.542524289086227
2026-06-16,0.4800000000000004,5.98,5.5,0.5056825568839912,0.5232080457630636,0.5403944822685859
2026-06-17,0.47000000000000064,5.99,5.52,0.5010634699952046,0.5196448621121386,0.5379965877790831
2026-06-18,0.46999999999999975,5.97,5.5,0.49704232130225756,0.516320294210921,0.5356803743787435
2026-06-19,0.46999999999999975,5.97,5.5,0.49354170804251507,0.5132183626764806,0.533443059709813
2026-06-22,0.45999999999999996,6.02,5.56,0.4891997528303256,0.5096544881327274,0.530941319481105
2026-06-23,0.46999999999999975,6.01,5.54,0.48671435564158627,0.5069989456903394,0.5288654344194147
2026-06-24,0.4499999999999993,5.93,5.48,0.48196170298483704,0.5031818968119014,0.5261789882021526
2026-06-25,0.4500000000000002,5.94,5.49,0.4778242785373533,0.49962046427801016,0.5235840522051964
2026-06-26,0.4400000000000004,5.94,5.5,0.4729279469869625,0.4956278601421252,0.5207368725437501
2026-06-29,0.4399999999999995,5.93,5.49,0.4686654427976851,0.49190262876119817,0.5179866782737831
2026-06-30,0.41999999999999993,5.97,5.55,0.46236572864058,0.48708752481242124,0.514648892295318
2026-07-01,0.41999999999999993,6.02,5.6,0.4568815089325077,0.4825948739705332,0.5114248035605425
2026-07-02,0.4300000000000006,6.03,5.6,0.45340171274344443,0.47907275260022797,0.5086511758346972
2026-07-03,0.4300000000000006,6.03,5.6,0.4503723742108997,0.47578649716153637,0.50597202805139
2026-07-06,0.4400000000000004,6.04,5.6,0.449029676212017,0.47338998250325176,0.5037247785876866
2026-07-07,0.4299999999999997,6.1,5.67,0.44656629534571424,0.47048428517773866,0.501213441979787
2026-07-08,0.4299999999999997,6.12,5.69,0.4444217977449415,0.4677731737096147,0.49878765071605796
2026-07-09,0.41999999999999993,6.1,5.68,0.44126040978356285,0.46457394718148937,0.49610385409728197
2026-07-10,0.41999999999999993,6.14,5.72,0.43850826171298707,0.4615889632833487,0.4935114774437606
2026-07-13,0.41999999999999993,6.18,5.76,0.436112377659873,0.45880387482717727,0.49100740665586773
2026-07-14,0.41999999999999993,6.18,5.76,0.4340266394478423,0.456205295413221,0.4885886337116425
2026-07-15,0.4300000000000006,6.15,5.72,0.43350539323950954,0.4544504051735034,0.48659288976414644
2026-07-16,0.4299999999999997,6.16,5.73,0.4330516220592294,0.45281303468332085,0.4846651281820281
2026-07-17,0.41999999999999993,6.14,5.72,0.4313620969355903,0.4506156439119799,0.4824623965256028
2026-07-20,0.4299999999999997,6.21,5.78,0.4311857742545421,0.4492350759116521,0.48067533470654034
2026-07-21,0.4300000000000006,6.23,5.8,0.4310322764452337,0.44794696042028637,0.4789491467734734
2026-07-22,0.41999999999999993,6.25,5.83,0.4296041544738367,0.44607543608530054,0.47694112242762077
2026-07-23,0.4299999999999997,6.29,5.86,0.42965539645422024,0.4449989122209267,0.47534213547334775
2026-07-24,0.41000000000000014,6.28,5.87,0.4271110164550301,0.44265513977002535,0.4731163424632355
2026-07-27,0.41999999999999993,6.26,5.84,0.42619049938053444,0.4411379928333113,0.47130700484485255
