Date,GLD,HYG,IEF,IWD,IWF,LQD,SPY,TLT
2015-06-01,114.0,50.223453521728516,82.7809829711914,82.50839233398438,22.853893280029297,79.4964828491211,175.53968811035156,89.06373596191406
2015-06-02,114.45999908447266,50.1292839050293,82.20458221435547,82.42228698730469,22.853893280029297,79.08977508544922,175.36538696289062,87.82115936279297
2015-06-03,113.63999938964844,49.85786819458008,81.50359344482422,82.5788345336914,22.928495407104492,78.5814208984375,175.830078125,86.40937042236328
2015-06-04,112.83999633789062,49.69722366333008,81.90081787109375,81.92904663085938,22.727291107177734,78.98811340332031,174.34486389160156,87.53439331054688
2015-06-05,112.23999786376953,49.54763412475586,81.30886840820312,81.92120361328125,22.693382263183594,78.58819580078125,174.0461883544922,86.46823120117188
2015-06-08,112.56999969482422,49.54763412475586,81.42571258544922,81.47496795654297,22.50800132751465,78.53392791748047,172.97586059570312,86.37263488769531
2015-06-09,112.81999969482422,49.46452331542969,81.16090393066406,81.52191162109375,22.489919662475586,78.1814193725586,172.95098876953125,85.68883514404297
2015-06-10,113.77999877929688,49.531009674072266,80.84934997558594,82.46924591064453,22.75894546508789,77.97136688232422,175.0252685546875,84.93885040283203
2015-06-11,113.26000213623047,49.63075637817383,81.48807525634766,82.78239440917969,22.815458297729492,78.6627197265625,175.58946228027344,86.72557067871094
2015-06-12,113.2300033569336,49.44792175292969,81.44126892089844,82.17170715332031,22.670778274536133,78.52717590332031,174.24537658691406,86.72557067871094
2015-06-15,113.7300033569336,49.215248107910156,81.6360092163086,81.8272476196289,22.5622615814209,78.51363372802734,173.4986572265625,86.86526489257812
2015-06-16,113.31999969482422,49.49224853515625,81.94756317138672,82.26568603515625,22.68433952331543,78.710205078125,174.44444274902344,87.54903411865234
2015-06-17,113.8499984741211,49.44792175292969,81.99434661865234,82.37525939941406,22.73406982421875,78.70339965820312,174.72653198242188,86.87266540527344
2015-06-18,115.31999969482422,49.63075637817383,81.93199157714844,83.07988739013672,22.980497360229492,78.56105041503906,176.5436248779297,86.44612884521484
2015-06-19,115.12000274658203,49.65842056274414,82.36817169189453,82.52404022216797,22.871980667114258,78.98135375976562,175.7598876953125,87.55642700195312
2015-06-22,113.63999938964844,49.758155822753906,81.67495727539062,83.03289794921875,23.039274215698242,78.35768127441406,176.66030883789062,85.76969146728516
2015-06-23,112.88999938964844,49.724910736083984,81.42571258544922,83.09553527832031,23.055103302001953,78.1814193725586,176.78536987304688,85.25504302978516
2015-06-24,112.58999633789062,49.59197998046875,81.66719055175781,82.46924591064453,22.88554573059082,78.39835357666016,175.50143432617188,85.99027252197266
2015-06-25,112.44000244140625,49.44236755371094,81.46469116210938,82.14822387695312,22.826770782470703,78.26959228515625,174.9678192138672,85.68883514404297
2015-06-26,112.55999755859375,49.29833984375,81.0751953125,82.21086883544922,22.788333892822266,77.91031646728516,174.93446350097656,84.72563934326172
2015-06-29,113.06999969482422,48.96044158935547,82.01766204833984,80.64508819580078,22.295488357543945,78.58819580078125,171.26600646972656,86.96819305419922
2015-06-30,112.37000274658203,49.19307327270508,81.79180145263672,80.75469970703125,22.383663177490234,78.4390869140625,171.62454223632812,86.36527252197266
2015-07-01,111.9800033569336,49.20143127441406,81.36431884765625,81.24791717529297,22.57581901550293,78.18755340576172,173.00022888183594,85.19949340820312
2015-07-02,111.76000213623047,49.38507080078125,81.65292358398438,81.16435241699219,22.54815101623535,78.48664855957031,172.84178161621094,85.47954559326172
2015-07-06,112.05999755859375,49.22368240356445,82.23021697998047,80.75437927246094,22.505050659179688,78.79931640625,172.34991455078125,87.0638656616211
2015-07-07,110.76000213623047,49.26264190673828,82.44862365722656,81.30625915527344,22.63889503479004,79.12562561035156,173.43377685546875,87.88177490234375
2015-07-08,111.08999633789062,49.01783752441406,82.7762451171875,79.9581298828125,22.269102096557617,79.23441314697266,170.52403259277344,88.64080047607422
2015-07-09,111.36000061035156,49.129085540771484,82.198974609375,80.14736938476562,22.309938430786133,78.71095275878906,170.83255004882812,86.89437103271484
2015-07-10,111.48999786376953,49.41288375854492,81.62952423095703,80.89630126953125,22.61847686767578,78.2079086303711,172.98355102539062,85.51636505126953
2015-07-13,110.98999786376953,49.457393646240234,81.41110229492188,81.66104125976562,22.915668487548828,78.03800201416016,174.89279174804688,85.25108337402344
2015-07-14,110.73999786376953,49.40732955932617,81.66854858398438,82.00792694091797,23.02456283569336,78.10595703125,175.6514892578125,85.5311050415039
2015-07-15,110.16000366210938,49.40732955932617,81.9805908203125,81.88967895507812,23.001876831054688,78.30990600585938,175.59312438964844,86.4375
2015-07-16,109.76000213623047,49.48521041870117,81.94937133789062,82.37844848632812,23.208322525024414,78.43230438232422,177.00213623046875,87.03438568115234
2015-07-17,108.6500015258789,49.35169982910156,81.9571533203125,82.03157043457031,23.333099365234375,78.48664855957031,177.15220642089844,87.48394012451172
2015-07-20,105.69999694824219,49.12352752685547,81.79338836669922,81.80296325683594,23.421567916870117,78.3031005859375,177.2439727783203,87.11540985107422
2015-07-21,105.37000274658203,49.03452682495117,82.01953887939453,81.479736328125,23.305875778198242,78.46623992919922,176.5436248779297,87.58704376220703
2015-07-22,104.80000305175781,48.71730422973633,82.12104797363281,81.44029235839844,23.22420883178711,78.56820678710938,176.226806640625,88.13233184814453
2015-07-23,104.33000183105469,48.689491271972656,82.45650482177734,81.05398559570312,23.094894409179688,78.79931640625,175.2346649169922,89.23033142089844
2015-07-24,105.3499984741211,48.550392150878906,82.53441619873047,80.16307830810547,22.870288848876953,78.76533508300781,173.4170684814453,89.4513931274414
2015-07-27,104.86000061035156,48.344505310058594,82.80744171142578,79.74525451660156,22.70241355895996,78.77214813232422,172.40830993652344,89.93035888671875
2015-07-28,105.0199966430664,48.60603713989258,82.5734634399414,80.7228775024414,22.97918128967285,78.71095275878906,174.52597045898438,89.27455139160156
2015-07-29,105.16999816894531,48.88982391357422,82.45650482177734,81.48758697509766,23.099424362182617,78.64293670654297,175.7265625,88.94293212890625
2015-07-30,104.2699966430664,49.03452682495117,82.55005645751953,81.479736328125,23.131195068359375,78.68378448486328,175.7682647705078,89.62820434570312
2015-07-31,104.93000030517578,48.95103454589844,83.03370666503906,81.13282775878906,23.147071838378906,79.09162139892578,175.50143432617188,90.29145050048828
2015-08-03,104.0999984741211,48.859344482421875,83.286865234375,80.77017211914062,23.099424362182617,79.27568817138672,174.90940856933594,91.24186706542969
2015-08-04,104.30999755859375,48.88732147216797,82.85713958740234,80.55728912353516,23.067665100097656,78.87349700927734,174.56765747070312,90.51817321777344
2015-08-05,103.93000030517578,48.820255279541016,82.53678131103516,80.76227569580078,23.185636520385742,78.56674194335938,175.14291381835938,89.83873748779297
2015-08-06,104.38999938964844,48.6190071105957,82.82588958740234,80.54154205322266,22.8725643157959,78.71670532226562,173.70889282226562,90.63632202148438
2015-08-07,104.6500015258789,48.46809005737305,83.154052734375,80.27349090576172,22.845338821411133,78.98936462402344,173.3753662109375,91.82530975341797
2015-08-10,105.72000122070312,48.60783767700195,82.81021881103516,81.44029235839844,23.097156524658203,78.67578887939453,175.55975341796875,90.68803405761719
2015-08-11,106.26000213623047,48.38423538208008,83.35716247558594,80.76227569580078,22.865758895874023,79.00300598144531,173.9757080078125,92.12810516357422
2015-08-12,107.75,48.31714630126953,83.32588958740234,80.85688781738281,22.886180877685547,78.88033294677734,174.18411254882812,91.62590789794922
2015-08-13,106.86000061035156,48.25569534301758,83.10713958740234,80.6597900390625,22.886180877685547,78.60762786865234,173.9673309326172,91.33057403564453
2015-08-14,106.8499984741211,48.28364562988281,83.02120208740234,81.03822326660156,22.963315963745117,78.68260192871094,174.60093688964844,91.544677734375
2015-08-17,107.12999725341797,48.28364562988281,83.16964721679688,81.3377914428711,23.131195068359375,78.93482971191406,175.5764923095703,91.95824432373047
2015-08-18,107.11000061035156,48.2221565246582,83.03683471679688,81.10918426513672,23.08127784729004,78.6348876953125,175.06785583496094,91.23455047607422
2015-08-19,108.55000305175781,48.177425384521484,83.54466247558594,80.23406982421875,22.9383544921875,79.01664733886719,173.68385314941406,92.13550567626953
2015-08-20,110.44000244140625,47.94266128540039,83.77127075195312,78.68093872070312,22.400686264038086,79.0643539428711,170.05711364746094,93.06600189208984
2015-08-21,111.12999725341797,47.76940155029297,84.10719299316406,76.4813461303711,21.67244529724121,79.0848388671875,164.93801879882812,93.34667205810547
2015-08-24,110.52999877929688,47.37812042236328,84.24784851074219,73.23316955566406,20.785402297973633,78.86661529541016,157.99298095703125,93.31712341308594
2015-08-25,109.16000366210938,47.47312545776367,83.78685760498047,72.03485870361328,20.685577392578125,78.4644775390625,156.1337432861328,91.81795501708984
2015-08-26,107.66999816894531,47.869991302490234,83.2712173461914,74.47093200683594,21.477344512939453,78.4167709350586,162.1282958984375,90.0455322265625
2015-08-27,107.7300033569336,48.227725982666016,83.22435760498047,76.52861785888672,21.978710174560547,78.49169921875,166.13853454589844,90.09719848632812
2015-08-28,108.69999694824219,48.27245330810547,83.23997497558594,76.65479278564453,21.98552131652832,78.6348876953125,166.1469268798828,90.36309814453125
2015-08-31,108.81999969482422,48.20539093017578,83.0993423461914,76.2921371459961,21.733705520629883,78.43717193603516,164.8044891357422,89.66889190673828
2015-09-01,109.19999694824219,48.04983901977539,83.47262573242188,73.95061492919922,21.13250160217285,78.9123306274414,159.885498046875,90.31497192382812
2015-09-02,108.62000274658203,48.24635696411133,83.24565124511719,75.04649353027344,21.581701278686523,78.7961196899414,162.92034912109375,89.53791809082031
2015-09-03,107.83999633789062,48.31373596191406,83.4491195678711,75.26724243164062,21.563554763793945,79.17217254638672,163.037109375,89.97455596923828
2015-09-04,107.48999786376953,48.26322555541992,83.7073974609375,74.04522705078125,21.300392150878906,79.34994506835938,160.56919860839844,90.79609680175781
2015-09-08,107.5199966430664,48.527061462402344,83.339599609375,75.79544830322266,21.847129821777344,78.98072814941406,164.6044921875,89.45650482177734
2015-09-09,106.12999725341797,48.4653205871582,83.37088012695312,74.7074966430664,21.568092346191406,79.15164184570312,162.4033966064453,89.8857650756836
2015-09-10,106.37999725341797,48.583251953125,83.18309020996094,75.01494598388672,21.699674606323242,78.99440002441406,163.2872314453125,89.27886199951172
2015-09-11,106.16000366210938,48.56641387939453,83.40217590332031,75.18049621582031,21.847129821777344,79.04911804199219,164.02919006347656,89.84133911132812
2015-09-14,106.22000122070312,48.482181549072266,83.4803695678711,74.88880157470703,21.767724990844727,79.04227447509766,163.4206085205078,89.98197937011719
2015-09-15,105.9000015258789,48.470951080322266,82.8231201171875,75.9136962890625,22.01954460144043,78.44746398925781,165.46322631835938,88.25753784179688
2015-09-16,107.30999755859375,48.29688262939453,82.79962921142578,76.68633270263672,22.173818588256836,78.59100341796875,166.8972625732422,87.9244613647461
2015-09-17,108.41000366210938,48.33616638183594,83.48825073242188,76.36310577392578,22.19649887084961,79.24054718017578,166.52210998535156,88.99758911132812
2015-09-18,109.20999908447266,48.201419830322266,83.87953186035156,74.873046875,21.908390045166016,79.47985076904297,163.80088806152344,90.36685943603516
2015-09-21,108.52999877929688,48.111637115478516,83.40217590332031,75.30663299560547,21.976444244384766,79.07640838623047,164.6473388671875,88.89398956298828
2015-09-22,107.79000091552734,47.763511657714844,83.81690979003906,74.33692932128906,21.681520462036133,79.41829681396484,162.51023864746094,90.12996673583984
2015-09-23,108.22000122070312,47.67929458618164,83.72303771972656,74.14772033691406,21.64748764038086,79.37041473388672,162.25042724609375,90.1225357055664
2015-09-24,110.48999786376953,47.443477630615234,83.84821319580078,74.02159118652344,21.536325454711914,79.38408660888672,161.66378784179688,90.73688507080078
2015-09-25,109.80999755859375,47.20204162597656,83.62916564941406,74.17694854736328,21.42457389831543,79.14480590820312,161.6218719482422,89.95232391357422
2015-09-28,108.41999816894531,46.47774887084961,84.1064224243164,72.44086456298828,20.825973510742188,79.28157043457031,157.5656280517578,91.49179077148438
2015-09-29,107.9800033569336,46.47215270996094,84.39601135253906,72.66279602050781,20.7827205657959,79.38408660888672,157.6577911376953,91.75079345703125
2015-09-30,106.86000061035156,46.76410675048828,84.41165924072266,73.94707489013672,21.16737937927246,79.37041473388672,160.59945678710938,91.43258666992188
2015-10-01,106.7300033569336,46.46396255493164,84.47747802734375,74.00254821777344,21.267518997192383,79.35263061523438,161.01849365234375,91.82266998291016
2015-10-02,108.98999786376953,46.509117126464844,84.8849868774414,75.11238861083984,21.574790954589844,79.70230102539062,163.42373657226562,92.37886047363281
2015-10-05,108.7699966430664,47.0676155090332,84.41477966308594,76.68994903564453,21.91164779663086,79.48977661132812,166.33184814453125,91.12551879882812
2015-10-06,109.86000061035156,47.32711410522461,84.587158203125,76.69789123535156,21.72500991821289,79.64739990234375,165.76197814941406,91.51861572265625
2015-10-07,109.69999694824219,47.81230545043945,84.37555694580078,77.49061584472656,21.891164779663086,79.9285659790039,167.11959838867188,91.2145004272461
2015-10-08,109.13999938964844,48.009769439697266,84.1561050415039,78.32301330566406,22.034555435180664,79.61317443847656,168.6281280517578,90.45063781738281
2015-10-09,110.87000274658203,48.015419006347656,84.20316314697266,78.12482452392578,22.1506404876709,79.64739990234375,168.7286834716797,90.68798065185547
2015-10-12,111.30999755859375,47.92512893676758,84.48530578613281,78.04554748535156,22.19388198852539,79.96973419189453,168.88795471191406,91.377685546875
2015-10-13,111.86000061035156,47.81230545043945,84.56367492675781,77.53820037841797,22.03683090209961,79.90802764892578,167.82363891601562,91.53343200683594
2015-10-14,113.80999755859375,47.77846145629883,85.02609252929688,77.22107696533203,21.897987365722656,80.22340393066406,167.01904296875,92.33436584472656
2015-10-15,113.29000091552734,47.89128875732422,84.7361068725586,78.40228271484375,22.2280216217041,80.18909454345703,169.58355712890625,91.88199615478516
2015-10-16,112.48999786376953,48.111324310302734,84.66553497314453,78.66385650634766,22.32361602783203,80.21654510498047,170.35459899902344,91.91166687011719
2015-10-19,112.0199966430664,48.2410774230957,84.62637329101562,78.51326751708984,22.39872932434082,80.20973205566406,170.43836975097656,91.65950012207031
2015-10-20,112.7300033569336,48.28620147705078,84.33643341064453,78.52120971679688,22.325891494750977,80.05886840820312,170.22047424316406,91.0958251953125
2015-10-21,111.7300033569336,48.235443115234375,84.62637329101562,78.00588989257812,22.1825008392334,80.4565200805664,169.16452026367188,92.00065612792969
2015-10-22,111.69000244140625,48.25234603881836,84.71260833740234,79.14746856689453,22.546672821044922,80.62794494628906,172.0222930908203,92.15640258789062
2015-10-23,111.5,48.42158508300781,84.2344970703125,79.78164672851562,22.849384307861328,80.33313751220703,173.90802001953125,91.3702621459961
2015-10-26,111.43000030517578,48.37083053588867,84.4539794921875,79.32186126708984,22.881250381469727,80.47708129882812,173.48056030273438,91.97843170166016
2015-10-27,111.68000030517578,48.21282958984375,84.66553497314453,78.94924926757812,22.86304473876953,80.49767303466797,173.14532470703125,92.20835876464844
2015-10-28,110.77999877929688,48.34263610839844,84.22669982910156,80.1304702758789,23.09747314453125,80.18231201171875,175.11480712890625,91.83749389648438
2015-10-29,109.72000122070312,48.218502044677734,83.70942687988281,79.89263153076172,23.102025985717773,79.62005615234375,175.0142364501953,90.37646484375
2015-10-30,109.30000305175781,48.27490997314453,83.87403869628906,79.50419616699219,23.008716583251953,79.82569122314453,174.25994873046875,91.05876922607422
2015-11-02,108.58999633789062,48.42454147338867,83.63304901123047,80.63780975341797,23.247697830200195,79.48258972167969,176.32162475585938,90.64034271240234
2015-11-03,106.9800033569336,48.47556686401367,83.41326904296875,81.00248718261719,23.2681827545166,79.4894790649414,176.8328399658203,89.89704895019531
2015-11-04,105.97000122070312,48.33385467529297,83.326904296875,80.74085235595703,23.236312866210938,79.40010833740234,176.2965087890625,90.0011215209961
2015-11-05,105.63999938964844,48.146827697753906,83.27197265625,80.52681732177734,23.224943161010742,79.42069244384766,176.12049865722656,89.7633056640625
2015-11-06,104.0999984741211,47.91446304321289,82.70681762695312,80.52681732177734,23.208999633789062,78.90496826171875,176.02828979492188,88.44770050048828
2015-11-09,104.4000015258789,47.71609115600586,82.56560516357422,79.72615051269531,22.988224029541016,78.77434539794922,174.3856964111328,87.94972229003906
2015-11-10,104.18000030517578,47.60842514038086,82.7225112915039,80.04325866699219,23.017810821533203,78.97372436523438,174.78797912597656,88.2098159790039
2015-11-11,103.83000183105469,47.49501037597656,82.68330383300781,79.61518859863281,22.940431594848633,78.96688842773438,174.1007537841797,88.0240707397461
2015-11-12,103.8499984741211,47.17765426635742,82.73038482666016,78.3785171508789,22.66730308532715,78.93939208984375,171.67031860351562,88.44770050048828
2015-11-13,103.55999755859375,47.04163360595703,83.04441833496094,77.77600860595703,22.357751846313477,79.17318725585938,169.7427978515625,88.95314025878906
2015-11-16,103.70999908447266,47.26265335083008,83.15424346923828,78.9889144897461,22.651365280151367,79.18695068359375,172.323974609375,88.8713607788086
2015-11-17,102.33999633789062,47.29667282104492,83.1307144165039,78.79072570800781,22.66046905517578,79.26944732666016,172.1983642578125,89.0200424194336
2015-11-18,102.43000030517578,47.387351989746094,83.09146881103516,79.90055847167969,23.061059951782227,79.29009246826172,174.9304656982422,89.20588684082031
2015-11-19,103.55999755859375,46.96230697631836,83.27197265625,79.82920837402344,23.049684524536133,79.52384948730469,174.77960205078125,89.8004379272461
2015-11-20,103.08999633789062,46.95094299316406,83.16206359863281,79.88471221923828,23.174863815307617,79.51009368896484,175.41651916503906,89.52546691894531
2015-11-23,102.26000213623047,46.91126251220703,83.27197265625,79.7974853515625,23.174863815307617,79.53759765625,175.21533203125,89.8004379272461
2015-11-24,102.94000244140625,46.97361373901367,83.35044860839844,80.10668182373047,23.177139282226562,79.56511688232422,175.45004272460938,89.79299926757812
2015-11-25,102.45999908447266,47.02462387084961,83.39756774902344,79.97191619873047,23.213552474975586,79.64077758789062,175.4249267578125,90.0011215209961
2015-11-27,101.25,47.09831619262695,83.4838638305664,80.02740478515625,23.23859214782715,79.66830444335938,175.62603759765625,89.91191101074219
2015-11-30,101.91999816894531,47.069984436035156,83.5152816772461,79.86090850830078,23.079267501831055,79.70262908935547,174.89686584472656,90.26869201660156
2015-12-01,102.27999877929688,47.404823303222656,83.9594955444336,80.6695327758789,23.297765731811523,80.30191040039062,176.564697265625,91.48792266845703
2015-12-02,100.69000244140625,47.308013916015625,83.7236328125,79.64689636230469,23.122514724731445,80.10875701904297,174.76280212402344,91.51777648925781
2015-12-03,101.76000213623047,47.18273162841797,82.84314727783203,78.56084442138672,22.776552200317383,79.04684448242188,172.31568908691406,89.030029296875
2015-12-04,104.0199966430664,47.07453155517578,83.14974212646484,79.83714294433594,23.25907325744629,79.47441101074219,175.67636108398438,89.81208801269531
2015-12-07,102.66999816894531,46.74423599243164,83.41704559326172,79.13158416748047,23.138450622558594,79.61227416992188,174.61192321777344,90.68356323242188
2015-12-08,102.83999633789062,46.16333770751953,83.46422576904297,78.25959777832031,23.081544876098633,79.50886535644531,173.43870544433594,90.72822570800781
2015-12-09,102.63999938964844,46.40251159667969,83.59000396728516,77.95040893554688,22.815244674682617,79.48822021484375,172.08937072753906,90.6314468383789
2015-12-10,102.55000305175781,46.20886993408203,83.40919494628906,78.10102844238281,22.88807487487793,79.30199432373047,172.53359985351562,90.7505874633789
2015-12-11,103.11000061035156,45.286285400390625,84.0773696899414,76.59484100341797,22.421491622924805,79.43989562988281,169.1896514892578,92.1806640625
2015-12-14,101.79000091552734,44.89336013793945,83.45630645751953,76.78507995605469,22.55805015563965,78.85377502441406,170.0444793701172,90.98893737792969
2015-12-15,101.5199966430664,45.627994537353516,83.24406433105469,77.98212432861328,22.703720092773438,78.86064910888672,171.82960510253906,90.45269012451172
2015-12-16,102.75,45.97542190551758,83.02399444580078,78.98095703125,23.065608978271484,78.84686279296875,174.34378051757812,90.25898742675781
2015-12-17,100.5,45.462860107421875,83.36986541748047,77.76805877685547,22.726476669311523,78.9365234375,171.68714904785156,91.27945709228516
2015-12-18,102.04000091552734,45.292015075683594,83.66863250732422,76.39663696289062,22.325891494750977,78.9365234375,168.62850952148438,91.78592681884766
2015-12-21,103.1500015258789,45.14963150024414,83.70791625976562,76.99120330810547,22.52391242980957,78.99169921875,170.01956176757812,91.7635269165039
2015-12-22,102.61000061035156,45.696346282958984,83.47206115722656,77.76805877685547,22.710546493530273,78.8882064819336,171.5623321533203,91.1007080078125
2015-12-23,102.30999755859375,45.98680877685547,83.28337097167969,79.02855682373047,22.913114547729492,78.95721435546875,173.68690490722656,90.41541290283203
2015-12-24,103.05000305175781,46.08067321777344,83.43610382080078,78.86654663085938,22.86559295654297,79.21444702148438,173.400146484375,90.93341064453125
2015-12-28,102.2699966430664,45.8058967590332,83.45185089111328,78.52335357666016,22.879297256469727,79.11761474609375,173.00399780273438,91.2021255493164
2015-12-29,102.19999694824219,46.069244384765625,83.01097106933594,79.29749298095703,23.135202407836914,78.7096176147461,174.85025024414062,89.68695831298828
2015-12-30,101.41999816894531,46.103572845458984,83.0424575805664,78.69892883300781,22.97525978088379,78.7096176147461,173.61097717285156,89.597412109375
2015-12-31,101.45999908447266,46.13220977783203,83.13691711425781,78.10035705566406,22.728511810302734,78.84099578857422,171.87425231933594,90.00041961669922
2016-01-04,102.88999938964844,45.857398986816406,83.49127960205078,77.19055938720703,22.340106964111328,78.79952239990234,169.4715576171875,90.64979553222656
2016-01-05,103.18000030517578,45.94327926635742,83.46763610839844,77.34219360351562,22.374370574951172,78.84099578857422,169.75820922851562,90.28409576416016
2016-01-06,104.66999816894531,45.94327926635742,83.97154998779297,76.1610336303711,22.13905143737793,79.15222930908203,167.6168212890625,91.50065612792969
2016-01-07,106.1500015258789,45.64557647705078,84.15261840820312,74.36534881591797,21.57472038269043,79.21444702148438,163.59544372558594,91.66488647460938
2016-01-08,105.68000030517578,45.52533721923828,84.36518859863281,73.40765380859375,21.359954833984375,79.27670288085938,161.79971313476562,92.07540893554688
2016-01-11,104.73999786376953,45.456634521484375,84.09752655029297,73.37572479248047,21.37137794494629,79.02083587646484,161.95993041992188,91.06778717041016
2016-01-12,104.20999908447266,45.502464294433594,84.47541809082031,73.7987289428711,21.581575393676758,79.20060729980469,163.26663208007812,92.38143920898438
2016-01-13,104.72000122070312,44.99864196777344,84.80613708496094,72.2344741821289,20.946420669555664,79.44264221191406,159.19467163085938,93.29202270507812
2016-01-14,103.0199966430664,45.199031829833984,84.6329116821289,73.37572479248047,21.259424209594727,79.04853057861328,161.80813598632812,92.41875457763672
2016-01-15,104.08000183105469,44.6036262512207,85.0265884399414,71.74763488769531,20.83675193786621,78.930908203125,158.33477783203125,93.85930633544922
2016-01-19,103.9800033569336,44.44902801513672,84.91636657714844,71.57205200195312,20.85731315612793,78.57821655273438,158.54550170898438,93.56820678710938
2016-01-20,105.37000274658203,44.15135192871094,85.33364868164062,70.40684509277344,20.743080139160156,78.69581604003906,156.5137481689453,94.55342864990234
2016-01-21,105.48999786376953,44.44902801513672,85.12105560302734,70.77398681640625,20.807048797607422,78.46760559082031,157.39053344726562,93.91156768798828
2016-01-22,105.0,45.13032150268555,84.93212127685547,72.13867950439453,21.27085304260254,78.51599884033203,160.61947631835938,93.55326080322266
2016-01-25,106.08000183105469,44.683799743652344,85.215576171875,70.80590057373047,21.005826950073242,78.43301391601562,158.1914825439453,94.06080627441406
2016-01-26,107.29000091552734,45.084503173828125,85.27859497070312,72.13867950439453,21.218299865722656,78.65428161621094,160.34970092773438,94.10559844970703
2016-01-27,107.69000244140625,45.01580810546875,85.3415298461914,71.77159118652344,20.87787628173828,78.43993377685547,158.6045379638672,94.08323669433594
2016-01-28,106.54000091552734,45.24482345581055,85.45172882080078,72.0748291015625,20.9715518951416,78.52987670898438,159.43072509765625,94.21755981445312
2016-01-29,106.94999694824219,45.393680572509766,85.90845489501953,73.97429656982422,21.437641143798828,78.93783569335938,163.3171844482422,95.01619720458984
2016-02-01,108.05000305175781,45.12384796142578,85.71051025390625,73.76680755615234,21.519886016845703,78.68608856201172,163.25823974609375,94.725341796875
2016-02-02,108.08999633789062,44.80166244506836,86.31763458251953,72.30630493164062,21.131481170654297,78.83171844482422,160.31591796875,96.48270416259766
2016-02-03,109.25,45.02029037475586,86.2230453491211,72.94473266601562,21.1885986328125,78.63752746582031,161.27703857421875,95.68251037597656
2016-02-04,110.56999969482422,44.876468658447266,86.42805480957031,73.27198028564453,21.1885986328125,78.67219543457031,161.52996826171875,96.14615631103516
2016-02-05,112.31999969482422,44.531227111816406,86.53841400146484,72.30630493164062,20.63340950012207,78.6583023071289,158.45277404785156,96.25830841064453
2016-02-08,113.83000183105469,44.01344299316406,87.18500518798828,71.36454010009766,20.28841781616211,79.06753540039062,156.31983947753906,98.32977294921875
2016-02-09,113.58000183105469,43.84659194946289,87.20079040527344,71.11712646484375,20.306690216064453,78.79701232910156,156.32826232910156,98.43446350097656
2016-02-10,114.45999908447266,43.78330612182617,87.46099853515625,70.96550750732422,20.361534118652344,78.89417266845703,156.1934051513672,99.30189514160156
2016-02-11,119.05999755859375,43.48988342285156,87.86311340332031,69.7603988647461,20.17874526977539,79.15766143798828,154.16165161132812,99.99738311767578
2016-02-12,118.36000061035156,44.14000701904297,87.19294738769531,71.39647674560547,20.51460075378418,78.71381378173828,157.33999633789062,98.33726501464844
2016-02-16,114.7699966430664,44.18025588989258,86.93267059326172,72.48986053466797,20.912147521972656,78.33928680419922,159.99562072753906,97.29777526855469
2016-02-17,115.4800033569336,44.54273986816406,86.7198486328125,73.62312316894531,21.298269271850586,78.31848907470703,162.60910034179688,96.69950103759766
2016-02-18,118.29000091552734,44.58300018310547,87.12196350097656,73.46350860595703,21.181747436523438,78.9565658569336,161.9429931640625,97.88854217529297
2016-02-19,117.58000183105469,44.66933822631836,87.12196350097656,73.3278579711914,21.21601104736328,78.90109252929688,161.86712646484375,97.97077178955078
2016-02-22,115.48999786376953,45.05480194091797,87.03524017333984,74.49302673339844,21.49931526184082,79.06059265136719,164.21084594726562,97.91846466064453
2016-02-23,117.22000122070312,44.9627571105957,87.20866394042969,73.49542236328125,21.27541732788086,79.22015380859375,162.136962890625,98.31475067138672
2016-02-24,117.61000061035156,45.03755187988281,87.20866394042969,73.76680755615234,21.382797241210938,79.29642486572266,162.87881469726562,98.1203842163086
2016-02-25,117.91999816894531,45.27914810180664,87.46888732910156,74.65264892578125,21.627275466918945,79.74028778076172,164.85159301757812,98.47186279296875
2016-02-26,117.11000061035156,45.5841064453125,87.04308319091797,74.62071228027344,21.608991622924805,79.71256256103516,164.47225952148438,97.52214050292969
2016-02-29,118.63999938964844,46.073158264160156,87.18500518798828,73.97429656982422,21.437641143798828,79.76803588867188,163.18231201171875,97.9483871459961
2016-03-01,117.7699966430664,46.801300048828125,86.50354766845703,75.68218231201172,21.985980987548828,79.33330535888672,167.0182342529297,96.2236328125
2016-03-02,118.68000030517578,46.48323440551758,86.35357666015625,76.3764877319336,21.99054527282715,79.49330139160156,167.76858520507812,96.62075805664062
2016-03-03,120.7300033569336,46.63935089111328,86.45623779296875,76.89527130126953,22.043092727661133,79.86890411376953,168.4261474609375,96.97285461425781
2016-03-04,120.54000091552734,46.772377014160156,86.16402435302734,77.28630828857422,22.093351364135742,79.85501098632812,168.9741668701172,96.35101318359375
2016-03-07,121.13999938964844,46.8302116394043,85.9903335571289,77.70133972167969,22.05908203125,79.94542694091797,169.10906982421875,96.321044921875
2016-03-08,120.58000183105469,46.500579833984375,86.4878158569336,76.4962158203125,21.858028411865234,80.3697509765625,167.26272583007812,97.3849868774414
2016-03-09,119.58000183105469,46.61624526977539,86.14823913574219,76.9112319946289,21.94941520690918,80.2793197631836,168.08897399902344,96.79305267333984
2016-03-10,121.5,46.94013214111328,85.84026336669922,76.94315338134766,21.942567825317383,80.61320495605469,168.2238006591797,96.3959732055664
2016-03-11,119.41000366210938,47.50690841674805,85.59552001953125,78.2918930053711,22.294403076171875,80.84278869628906,170.93846130371094,95.42198944091797
2016-03-14,117.87000274658203,47.3738899230957,85.65872192382812,78.0764389038086,22.312686920166016,81.07926940917969,170.7192840576172,95.7216796875
2016-03-15,117.95999908447266,46.93433380126953,85.64288330078125,77.79710388183594,22.25786018371582,81.05143737792969,170.44102478027344,95.81156158447266
2016-03-16,120.58999633789062,47.24665451049805,86.09297943115234,78.28392028808594,22.415502548217773,81.44098663330078,171.4274444580078,96.09625244140625
2016-03-17,120.12999725341797,47.54740905761719,86.18773651123047,79.03412628173828,22.51602554321289,81.69139099121094,172.51498413085938,96.49336242675781
2016-03-18,119.80000305175781,47.657283782958984,86.33777618408203,79.40126037597656,22.607423782348633,81.87921905517578,173.1929473876953,96.69566345214844
2016-03-21,118.95999908447266,47.60523986816406,86.09297943115234,79.4411849975586,22.639406204223633,81.78180694580078,173.43870544433594,95.95394897460938
2016-03-22,119.30999755859375,47.477989196777344,85.91138458251953,79.3134536743164,22.66682243347168,81.6288070678711,173.34544372558594,95.93144226074219
2016-03-23,116.61000061035156,47.25823974609375,86.30614471435547,78.65498352050781,22.525794982910156,82.0391616821289,172.2014617919922,97.017822265625
2016-03-24,116.33000183105469,47.05001449584961,86.21932220458984,78.56668853759766,22.525794982910156,82.00439453125,172.12518310546875,97.0552749633789
2016-03-28,116.5999984741211,46.83604049682617,86.34561157226562,78.63893127441406,22.553312301635742,82.05309295654297,172.22686767578125,97.18263244628906
2016-03-29,118.76000213623047,47.015316009521484,86.92994689941406,79.20106506347656,22.819316864013672,82.4217758178711,173.81996154785156,98.20166015625
2016-03-30,117.0999984741211,47.183021545410156,86.81153869628906,79.51419830322266,22.9247989654541,82.32437133789062,174.58265686035156,97.16767883300781
2016-03-31,117.63999938964844,47.24665451049805,87.1274185180664,79.3455810546875,22.881229400634766,82.65135192871094,174.158935546875,97.85696411132812
2016-04-01,116.93000030517578,47.280941009521484,87.10210418701172,79.7069320678711,23.071561813354492,82.91776275634766,175.34532165527344,98.11226654052734
2016-04-04,116.1500015258789,47.164737701416016,87.20488739013672,79.32951354980469,23.009645462036133,82.92476654052734,174.7775421142578,98.17230224609375
2016-04-05,117.66000366210938,46.99041748046875,87.55284118652344,78.41407775878906,22.812437057495117,83.1898422241211,173.0319061279297,99.24588775634766
2016-04-06,116.94000244140625,47.38554000854492,87.36302185058594,79.17694854736328,23.099079132080078,83.12007904052734,174.9215850830078,98.525146484375
2016-04-07,118.61000061035156,47.15311050415039,87.8138198852539,78.29363250732422,22.810148239135742,83.34331512451172,172.82859802246094,99.74141693115234
2016-04-08,118.43000030517578,47.36809539794922,87.67937469482422,78.65498352050781,22.830781936645508,83.15493774414062,173.29464721679688,99.11077880859375
2016-04-11,120.02999877929688,47.432044982910156,87.66353607177734,78.6068115234375,22.7436466217041,83.14801788330078,172.8878631591797,98.98310852050781
2016-04-12,120.05000305175781,47.710914611816406,87.31559753417969,79.43389892578125,22.9247989654541,82.82014465332031,174.49794006347656,98.29988098144531
2016-04-13,118.7699966430664,48.024715423583984,87.37885284423828,80.43767547607422,23.15411949157715,83.1061019897461,176.26052856445312,98.64525604248047
2016-04-14,117.11000061035156,48.00726318359375,87.17327880859375,80.4457015991211,23.147239685058594,83.05033111572266,176.26898193359375,98.17230224609375
2016-04-15,117.91999816894531,47.931732177734375,87.4342041015625,80.26101684570312,23.147239685058594,83.39911651611328,176.07406616210938,99.01318359375
2016-04-18,117.73999786376953,48.204833984375,87.34722137451172,80.87129211425781,23.280242919921875,83.48980712890625,177.3113555908203,98.58528137207031
2016-04-19,119.58000183105469,48.408180236816406,87.20488739013672,81.56991577148438,23.24355697631836,83.64323425292969,177.8705596923828,98.27741241455078
2016-04-20,118.97000122070312,48.50116729736328,86.76203918457031,81.74658203125,23.229793548583984,83.41304016113281,178.04006958007812,97.19624328613281
2016-04-21,119.41999816894531,48.35009002685547,86.61964416503906,81.18447875976562,23.151824951171875,83.37816619873047,177.08251953125,96.6181869506836
2016-04-22,117.88999938964844,48.46049118041992,86.52474975585938,81.57794952392578,23.07386016845703,83.46884155273438,177.08251953125,96.37042999267578
2016-04-25,118.2300033569336,48.27455520629883,86.42987823486328,81.31297302246094,23.055511474609375,83.27350616455078,176.7773895263672,95.9725112915039
2016-04-26,118.69999694824219,48.43722915649414,86.24795532226562,81.7385482788086,23.048635482788086,83.23870086669922,177.04013061523438,95.53707885742188
2016-04-27,119.04000091552734,48.72195816040039,86.7224349975586,82.2605209350586,22.991304397583008,83.76880645751953,177.4044952392578,96.49053955078125
2016-04-28,121.29000091552734,48.6406135559082,87.02299499511719,81.48963165283203,22.78950309753418,83.84554290771484,175.79446411132812,96.88848114013672
2016-04-29,123.6500015258789,48.72195816040039,86.99137115478516,81.01585388183594,22.670263290405273,83.93620300292969,174.84536743164062,97.13622283935547
2016-05-02,123.23999786376953,48.740631103515625,86.73873901367188,81.56991577148438,22.87664222717285,83.82780456542969,176.235107421875,96.15823364257812
2016-05-03,122.95999908447266,48.425437927246094,87.2535171508789,80.6624984741211,22.697784423828125,83.97473907470703,174.7013397216797,97.36941528320312
2016-05-04,122.20999908447266,48.244503021240234,87.41187286376953,80.06829833984375,22.583120346069336,83.8348159790039,173.72674560546875,97.9035415649414
2016-05-05,122.06999969482422,48.203617095947266,87.64950561523438,80.10039520263672,22.578533172607422,84.0026626586914,173.69285583496094,98.55806732177734
2016-05-06,123.18000030517578,48.1744384765625,87.4436264038086,80.29312896728516,22.6679630279541,83.82072448730469,174.32846069335938,98.13677215576172
2016-05-09,120.6500015258789,48.086891174316406,87.60992431640625,80.14056396484375,22.74593734741211,83.73687744140625,174.4724578857422,98.44522857666016
2016-05-10,120.9800033569336,48.495479583740234,87.59407806396484,81.16039276123047,23.025707244873047,83.87676239013672,176.64186096191406,98.45276641845703
2016-05-11,122.12000274658203,48.46044921875,87.72869873046875,80.71871948242188,22.764280319213867,83.96772766113281,174.98941040039062,99.0094223022461
2016-05-12,121.16000366210938,48.536346435546875,87.49108123779297,80.7267837524414,22.723003387451172,83.79283905029297,175.04025268554688,98.55806732177734
2016-05-13,121.70999908447266,48.320343017578125,87.82373809814453,79.93980407714844,22.55789566040039,83.94670104980469,173.5149383544922,99.51343536376953
2016-05-16,121.80000305175781,48.5888671875,87.50691986083984,80.68663787841797,22.794095993041992,83.66695404052734,175.22665405273438,98.65582275390625
2016-05-17,122.22000122070312,48.4896354675293,87.38813781738281,80.12448120117188,22.548723220825195,83.6389389038086,173.59120178222656,98.82135772705078
2016-05-18,120.0999984741211,48.495479583740234,86.68328094482422,80.16466522216797,22.52808380126953,82.92549896240234,173.64207458496094,97.41454315185547
2016-05-19,119.87000274658203,48.36123275756836,86.7703628540039,79.98798370361328,22.41571807861328,83.12138366699219,173.04037475585938,97.83585357666016
2016-05-20,119.70999908447266,48.53049850463867,86.82585906982422,80.55813598632812,22.56706428527832,83.17733001708984,174.13352966308594,97.91107940673828
2016-05-23,119.37000274658203,48.542179107666016,86.88129425048828,80.41356658935547,22.541841506958008,83.17733001708984,173.89630126953125,98.1292495727539
2016-05-24,117.30000305175781,48.83407211303711,86.73873901367188,81.36918640136719,22.860595703125,83.03746032714844,176.1503448486328,97.69284057617188
2016-05-25,116.9800033569336,48.90993118286133,86.69913482666016,82.08383178710938,22.991304397583008,83.18434143066406,177.34518432617188,97.32424926757812
2016-05-26,116.58000183105469,48.76983642578125,86.96841430664062,81.95541381835938,23.01653289794922,83.42212677001953,177.39605712890625,97.82835388183594
2016-05-27,115.62000274658203,48.851585388183594,86.80207824707031,82.3327865600586,23.115137100219727,83.359130859375,178.15867614746094,97.68539428710938
2016-05-31,116.05999755859375,48.80485916137695,86.905029296875,82.20429229736328,23.115137100219727,83.50602722167969,177.8197784423828,97.91860961914062
2016-06-01,115.94000244140625,48.88227844238281,86.87569427490234,82.38897705078125,23.144943237304688,83.56493377685547,178.18414306640625,98.31586456298828
2016-06-02,115.66999816894531,48.89401626586914,87.14541625976562,82.61381530761719,23.23895835876465,83.73329162597656,178.72647094726562,99.02445983886719
2016-06-03,118.87999725341797,48.981998443603516,87.95442962646484,82.29264068603516,23.190805435180664,84.40662384033203,178.1925811767578,100.43411254882812
2016-06-06,118.91999816894531,49.199012756347656,87.72438049316406,82.8868637084961,23.273361206054688,84.2032699584961,179.09933471679688,99.6878890991211
2016-06-07,118.81999969482422,49.416038513183594,87.85126495361328,83.15987396240234,23.268783569335938,84.32946014404297,179.3789825439453,99.92909240722656
2016-06-08,120.58000183105469,49.60371017456055,87.95442962646484,83.42488861083984,23.344453811645508,84.61003875732422,179.96365356445312,100.4643325805664
2016-06-09,121.25,49.41014099121094,88.08922576904297,83.19198608398438,23.31692886352539,84.72931671142578,179.7178955078125,101.11260986328125
2016-06-10,121.73999786376953,49.169681549072266,88.39859008789062,82.34080505371094,23.10367202758789,84.82745361328125,178.01466369628906,101.60260009765625
2016-06-13,122.63999938964844,48.841217041015625,88.57306671142578,81.7706527709961,22.906463623046875,84.70127868652344,176.64186096191406,102.05491638183594
2016-06-14,122.7699966430664,48.676963806152344,88.54928588867188,81.47356414794922,22.885820388793945,84.51188659667969,176.29441833496094,101.97957611083984
2016-06-15,123.68000030517578,48.700435638427734,88.81891632080078,81.39324951171875,22.862884521484375,84.82745361328125,176.04864501953125,102.37152862548828
2016-06-16,122.37999725341797,48.729774475097656,88.91411590576172,81.5940170288086,22.92250633239746,84.95374298095703,176.57408142089844,102.86912536621094
2016-06-17,123.94999694824219,48.75908279418945,88.61270904541016,81.65825653076172,22.775745391845703,84.70127868652344,175.91648864746094,102.22830200195312
2016-06-20,123.20999908447266,49.04652786254883,88.23200225830078,82.18822479248047,22.933979034423828,84.59602355957031,177.04937744140625,101.13523864746094
2016-06-21,120.83999633789062,49.234214782714844,88.03372955322266,82.4532470703125,22.950029373168945,84.51883697509766,177.5519561767578,100.66785430908203
2016-06-22,120.9000015258789,49.28113555908203,88.2082290649414,82.28461456298828,22.90874481201172,84.67321014404297,177.26235961914062,100.83370971679688
2016-06-23,120.11000061035156,49.64479064941406,87.78782653808594,83.55335235595703,23.186222076416016,84.5890121459961,179.57070922851562,99.68029022216797
2016-06-24,126.0,48.829471588134766,89.00137329101562,80.3413314819336,22.374441146850586,84.98880004882812,173.12254333496094,102.35651397705078
2016-06-27,126.68000030517578,48.12565994262695,89.77073669433594,78.70317840576172,22.002952575683594,85.34649658203125,170.02191162109375,104.91197967529297
2016-06-28,125.31999969482422,48.729774475097656,89.75492858886719,80.17268371582031,22.385913848876953,85.81648254394531,173.08847045898438,105.13062286376953
2016-06-29,125.83999633789062,49.34564208984375,89.3900146484375,81.64220428466797,22.764280319213867,85.78839874267578,176.03567504882812,104.32395935058594
2016-06-30,126.47000122070312,49.67997360229492,89.58831787109375,82.8948974609375,23.014244079589844,86.09002685546875,178.4378204345703,104.70841217041016
2016-07-01,128.41000366210938,49.77841567993164,89.82504272460938,82.98320770263672,23.087614059448242,86.54082489013672,178.81265258789062,106.16227722167969
2016-07-05,129.47000122070312,49.49549865722656,90.31743621826172,82.14006042480469,22.99588394165039,86.83621978759766,177.5264129638672,107.49147033691406
2016-07-06,130.22999572753906,49.713565826416016,90.33338165283203,82.61347198486328,23.137481689453125,86.99095153808594,178.5911407470703,107.66517639160156
2016-07-07,129.74000549316406,49.77841567993164,90.2142105102539,82.39533233642578,23.169706344604492,87.00503540039062,178.4804229736328,107.65757751464844
2016-07-08,130.52000427246094,50.43842315673828,90.38897705078125,83.70410919189453,23.512741088867188,87.49030303955078,181.13807678222656,108.45062255859375
2016-07-11,129.2899932861328,50.46786117553711,89.91239166259766,84.03531646728516,23.61404037475586,87.26520538330078,181.77694702148438,107.49893951416016
2016-07-12,127.1500015258789,50.60929489135742,89.3802261352539,84.82705688476562,23.73836326599121,86.77291870117188,183.0972900390625,105.73175048828125
2016-07-13,128.32000732421875,50.46200942993164,89.61054992675781,84.88359069824219,23.708436965942383,87.11054229736328,183.07168579101562,106.97795867919922
2016-07-14,127.33000183105469,50.562164306640625,89.23724365234375,85.33600616455078,23.81894302368164,86.89949035644531,184.09388732910156,105.42215728759766
2016-07-15,126.83999633789062,50.46200942993164,88.89569091796875,85.2552261352539,23.775196075439453,86.56895446777344,183.8468780517578,104.51580810546875
2016-07-18,127.04000091552734,50.632869720458984,88.87186431884766,85.40873718261719,23.86958122253418,86.56895446777344,184.3409423828125,104.41768646240234
2016-07-19,127.20999908447266,50.497344970703125,89.11019134521484,85.30370330810547,23.835052490234375,86.72367858886719,184.15347290039062,105.0067367553711
2016-07-20,125.38999938964844,50.62700271606445,88.927490234375,85.47335052490234,23.996212005615234,86.69554901123047,184.92010498046875,104.43279266357422
2016-07-21,127.30000305175781,50.55625915527344,89.12606048583984,85.16638946533203,23.91563606262207,86.7940444946289,184.2216339111328,104.6442642211914
2016-07-22,126.3499984741211,50.78019714355469,89.05455017089844,85.57839965820312,24.007719039916992,86.74479675292969,185.0479278564453,104.82551574707031
2016-07-25,125.47000122070312,50.5385856628418,88.98306274414062,85.23907470703125,23.98469352722168,86.69554901123047,184.54531860351562,104.7499771118164
2016-07-26,126.0,50.3441162109375,89.0386734008789,85.44104766845703,23.9639835357666,86.61115264892578,184.63050842285156,104.91610717773438
2016-07-27,128.02999877929688,50.497344970703125,89.41996765136719,85.10980987548828,24.005420684814453,86.96983337402344,184.43455505371094,106.22272491455078
2016-07-28,127.66000366210938,50.28519821166992,89.46759033203125,85.14214324951172,24.074487686157227,86.88545227050781,184.6475372314453,106.0263442993164
2016-07-29,128.97999572753906,50.33235168457031,89.8091049194336,85.29564666748047,24.109020233154297,87.20189666748047,184.94570922851562,106.90992736816406
2016-08-01,129.22000122070312,50.04996871948242,89.4973373413086,84.88359069824219,24.173480987548828,86.71041870117188,184.79238891601562,105.75077819824219
2016-08-02,130.27000427246094,49.97893524169922,89.28262329101562,84.31001281738281,24.00311851501465,86.22389221191406,183.60836791992188,104.66128540039062
2016-08-03,129.64999389648438,50.203861236572266,89.33028411865234,84.67355346679688,24.0445613861084,86.33673858642578,184.14498901367188,104.72183990478516
2016-08-04,129.8699951171875,50.523529052734375,89.54508209228516,84.69781494140625,24.090606689453125,86.70341491699219,184.3409423828125,105.50872039794922
2016-08-05,127.55000305175781,50.636016845703125,88.98829650878906,85.59452819824219,24.21031951904297,86.3508529663086,185.84860229492188,104.41158294677734
2016-08-08,127.44000244140625,50.843196868896484,88.94054412841797,85.73995208740234,24.161972045898438,86.40717315673828,185.73785400390625,104.60832977294922
2016-08-09,127.95999908447266,51.02079391479492,89.25872039794922,85.72380065917969,24.20802116394043,86.9149398803711,185.84860229492188,105.6373291015625
2016-08-10,128.55999755859375,50.92606735229492,89.4973373413086,85.36833190917969,24.168874740600586,87.16171264648438,185.38865661621094,106.04585266113281
2016-08-11,127.66999816894531,51.05038070678711,89.06784057617188,85.78842163085938,24.277080535888672,86.87261962890625,186.2489471435547,105.10008239746094
2016-08-12,127.4000015258789,51.09183120727539,89.38597869873047,85.73187255859375,24.249446868896484,87.26749420166016,186.0871124267578,105.9853286743164
2016-08-15,127.83999633789062,51.245731353759766,89.12349700927734,86.05500793457031,24.330034255981445,86.99956512451172,186.62374877929688,104.98664855957031
2016-08-16,128.47000122070312,51.13916015625,88.97239685058594,85.67532348632812,24.161972045898438,86.84442138671875,185.66123962402344,104.7066650390625
2016-08-17,128.5,51.21018981933594,89.11556243896484,85.88536071777344,24.175790786743164,87.08419799804688,186.010498046875,105.33464050292969
2016-08-18,129.11000061035156,51.41147232055664,89.27458953857422,86.21660614013672,24.196510314941406,87.2956771850586,186.42787170410156,105.50114440917969
2016-08-19,127.97000122070312,51.25754928588867,88.97239685058594,85.99847412109375,24.18959617614746,87.0348129272461,186.1552276611328,104.9487533569336
2016-08-22,127.77999877929688,51.17469024658203,89.17122650146484,85.92576599121094,24.2264347076416,87.33097076416016,186.14674377441406,105.83405303955078
2016-08-23,127.76000213623047,51.34633255004883,89.16326141357422,86.07117462158203,24.279388427734375,87.4296646118164,186.5215301513672,105.947509765625
2016-08-24,126.33999633789062,51.20429611206055,89.13143157958984,85.70764923095703,24.12282371520996,87.3732681274414,185.5675506591797,105.6978530883789
2016-08-25,126.2300033569336,51.29901123046875,88.98829650878906,85.73995208740234,24.074487686157227,87.28865814208984,185.4397735595703,105.2968521118164
2016-08-26,126.05000305175781,51.239810943603516,88.64624786376953,85.5218505859375,24.0445613861084,87.01367950439453,185.09054565429688,104.68399810791016
2016-08-29,126.30000305175781,51.494346618652344,89.01217651367188,86.18428039550781,24.12282371520996,87.50728607177734,186.00192260742188,106.08372497558594
2016-08-30,125.02999877929688,51.5239372253418,89.00422668457031,86.20853424072266,24.030742645263672,87.39442443847656,185.69528198242188,105.67515563964844
2016-08-31,124.77999877929688,51.32265853881836,88.9007568359375,85.95000457763672,23.98469352722168,87.35916137695312,185.16714477539062,105.82645416259766
2016-09-01,125.29000091552734,51.424346923828125,89.04014587402344,85.8530502319336,24.023839950561523,87.3591537475586,185.17564392089844,105.94317626953125
2016-09-02,126.56999969482422,51.662105560302734,88.8092041015625,86.36203002929688,24.125139236450195,87.20365142822266,186.010498046875,105.0791015625
2016-09-06,128.7100067138672,51.72159194946289,89.22332763671875,86.61247253417969,24.201112747192383,87.5076675415039,186.5726318359375,105.84465026855469
2016-09-07,128.27000427246094,51.57892608642578,89.2711410522461,86.66902923583984,24.196510314941406,87.38742065429688,186.55563354492188,105.76885223388672
2016-09-08,127.58999633789062,51.48381423950195,88.83309936523438,86.70939636230469,24.0790958404541,86.77237701416016,186.12969970703125,104.44234466552734
2016-09-09,126.75,50.9903564453125,88.41096496582031,84.54429626464844,23.492021560668945,86.12200927734375,181.6747589111328,102.7217788696289
2016-09-12,126.58999633789062,51.16869354248047,88.4906005859375,85.73995208740234,23.814329147338867,86.1290512084961,184.28121948242188,102.77478790283203
2016-09-13,125.75,50.776363372802734,88.16400909423828,84.22924041748047,23.533464431762695,85.8462905883789,181.6321563720703,101.60752868652344
2016-09-14,126.18000030517578,50.764461517333984,88.36319732666016,83.9626235961914,23.57720947265625,85.90283966064453,181.56394958496094,101.7591323852539
2016-09-15,125.37000274658203,51.06169509887695,88.38702392578125,84.7301254272461,23.84426498413086,85.95939636230469,183.37835693359375,101.31952667236328
2016-09-16,125.05999755859375,51.07359313964844,88.48265075683594,84.34233856201172,23.777498245239258,86.0583724975586,182.6694793701172,102.13814544677734
2016-09-19,125.31999969482422,51.10328674316406,88.3313217163086,84.48776245117188,23.749876022338867,86.03011322021484,182.70372009277344,101.80457305908203
2016-09-20,125.44000244140625,51.043853759765625,88.46672058105469,84.38275909423828,23.786706924438477,86.14319610595703,182.7123260498047,102.1608657836914
2016-09-21,127.2699966430664,51.4659423828125,88.61003875732422,85.40873718261719,24.023839950561523,86.58155059814453,184.7669677734375,102.98705291748047
2016-09-22,127.56999969482422,51.638389587402344,88.87293243408203,85.933837890625,24.205713272094727,86.9349594116211,185.9312744140625,103.8056640625
2016-09-23,127.6500015258789,51.57892608642578,88.91273498535156,85.44104766845703,24.08829689025879,86.87135314941406,184.9125213623047,103.70716857910156
2016-09-26,127.55000305175781,51.35301208496094,89.16764831542969,84.71928405761719,23.91278839111328,87.00566864013672,183.41433715820312,104.36661529541016
2016-09-27,126.62000274658203,51.5015983581543,89.3189468383789,84.9953384399414,24.08599281311035,87.21778869628906,184.552978515625,105.13217163085938
2016-09-28,126.22000122070312,51.846405029296875,89.27914428710938,85.82344055175781,24.11370849609375,87.27435302734375,185.46897888183594,104.90474700927734
2016-09-29,126.06999969482422,51.650238037109375,89.3348617553711,85.00344848632812,23.908174514770508,87.239013671875,183.79100036621094,105.1700668334961
2016-09-30,125.63999938964844,51.876163482666016,89.11188507080078,85.75037384033203,24.05597686767578,87.08348083496094,185.1779022216797,104.23011016845703
2016-10-03,125.31999969482422,51.84389114379883,88.90451049804688,85.41749572753906,23.998239517211914,86.83679962158203,184.7327117919922,103.8862075805664
2016-10-04,120.97000122070312,51.75434494018555,88.49771881103516,85.00344848632812,23.908174514770508,86.43276977539062,183.79100036621094,102.6711654663086
2016-10-05,120.77999877929688,51.891658782958984,88.29834747314453,85.61233520507812,23.942813873291016,86.34061431884766,184.60430908203125,102.19282531738281
2016-10-06,119.66000366210938,51.92151641845703,88.11491394042969,85.58802032470703,23.963598251342773,86.34773254394531,184.7327117919922,101.623291015625
2016-10-07,119.73999786376953,52.04096603393555,88.24250030517578,85.3687973022461,23.857372283935547,86.55326080322266,184.09921264648438,101.691650390625
2016-10-10,120.16000366210938,52.190250396728516,88.01122283935547,85.81531524658203,23.95205307006836,86.55326080322266,185.0580291748047,101.09178924560547
2016-10-11,119.55000305175781,51.897640228271484,87.98724365234375,84.72740936279297,23.654155731201172,86.2839126586914,182.72080993652344,100.86397552490234
2016-10-12,119.73999786376953,51.87974166870117,87.98724365234375,84.81671905517578,23.700332641601562,86.39732360839844,182.96055603027344,100.96268463134766
2016-10-13,120.02999877929688,51.74839401245117,88.17073059082031,84.5082015991211,23.633371353149414,86.6099624633789,182.36126708984375,101.3423843383789
2016-10-14,119.36000061035156,51.86781311035156,87.89958190917969,84.47571563720703,23.64260482788086,86.20594787597656,182.4554443359375,99.92239379882812
2016-10-17,119.68000030517578,51.79613494873047,88.09095764160156,84.23216247558594,23.568706512451172,86.48948669433594,181.8218994140625,100.56026458740234
2016-10-18,120.41999816894531,52.00511169433594,88.26643371582031,84.7111587524414,23.72574234008789,86.70211791992188,182.96055603027344,100.88674926757812
2016-10-19,121.11000061035156,52.154415130615234,88.30634307861328,85.02779388427734,23.771930694580078,86.81549835205078,183.4485321044922,100.97027587890625
2016-10-20,120.73999786376953,52.160400390625,88.2265396118164,84.84918975830078,23.73959732055664,86.78718566894531,183.10614013671875,101.07660675048828
2016-10-21,120.83000183105469,52.1723518371582,88.32230377197266,84.6056137084961,23.80887794494629,86.83679962158203,183.19175720214844,101.228515625
2016-10-24,120.55999755859375,52.20218276977539,88.20262908935547,84.70304107666016,23.958980560302734,86.58872985839844,183.97080993652344,100.78804016113281
2016-10-25,121.47000122070312,52.1723518371582,88.18672943115234,84.61372375488281,23.831974029541016,86.52490234375,183.35438537597656,101.05378723144531
2016-10-26,120.79000091552734,51.96332550048828,87.99531555175781,84.64623260498047,23.700332641601562,86.16343688964844,182.9862823486328,100.37037658691406
2016-10-27,121.01000213623047,51.77224349975586,87.69217681884766,84.43513488769531,23.60565948486328,85.77356719970703,182.4982452392578,99.27692413330078
2016-10-28,121.58000183105469,51.521461486816406,87.70816802978516,84.35394287109375,23.50404930114746,85.67431640625,181.95887756347656,99.05672454833984
2016-10-31,121.94000244140625,51.366188049316406,87.77989196777344,84.46762084960938,23.494810104370117,85.7522964477539,181.9674835205078,99.66423797607422
2016-11-01,122.7300033569336,51.16586685180664,87.78314971923828,83.883056640625,23.333158493041992,85.644287109375,180.64906311035156,99.67181396484375
2016-11-02,123.63999938964844,50.93791961669922,88.04668426513672,83.24166107177734,23.185365676879883,85.77220153808594,179.561767578125,100.1054916381836
2016-11-03,124.30000305175781,50.94990158081055,87.99080657958984,83.11177825927734,23.035255432128906,85.60162353515625,178.7399444580078,99.33708190917969
2016-11-04,124.38999938964844,50.973907470703125,88.26236724853516,82.9737548828125,23.028331756591797,85.85747528076172,178.54293823242188,100.22720336914062
2016-11-07,122.1500015258789,51.68769836425781,87.89493560791016,84.69493103027344,23.550235748291016,85.80060577392578,182.48114013671875,99.3750991821289
2016-11-08,121.63999938964844,51.573734283447266,87.58345031738281,85.10897064208984,23.654155731201172,85.60877227783203,183.30300903320312,98.97188568115234
2016-11-09,121.55999755859375,51.21384811401367,86.2496337890625,86.40801239013672,23.820423126220703,84.35086822509766,185.24639892578125,94.77227020263672
2016-11-10,119.75,50.54203796386719,85.73049926757812,87.15493774414062,23.716501235961914,84.2797622680664,185.70870971679688,93.37239074707031
2016-11-11,117.0999984741211,50.06815719604492,85.55484008789062,86.92758178710938,23.716501235961914,83.91731262207031,185.28067016601562,92.84748077392578
2016-11-14,116.11000061035156,50.44004821777344,85.05961608886719,87.5932846069336,23.598731994628906,83.48384857177734,185.4261474609375,92.2920913696289
2016-11-15,117.12000274658203,51.10586929321289,85.05961608886719,88.24284362792969,23.781166076660156,83.73967742919922,186.8730010986328,92.74857330322266
2016-11-16,116.7699966430664,50.90193557739258,85.13951110839844,87.78006744384766,23.86429786682129,83.8604736328125,186.52203369140625,93.58545684814453
2016-11-17,116.16999816894531,50.763980865478516,84.76412963867188,88.05609893798828,24.02595329284668,83.3274917602539,187.48094177246094,92.20841979980469
2016-11-18,115.1500015258789,50.763980865478516,84.3887710571289,88.03175354003906,23.935888290405273,82.8583984375,187.06138610839844,91.94214630126953
2016-11-21,115.58000183105469,51.17184066772461,84.46064758300781,88.58380126953125,24.1275634765625,82.94371032714844,188.47393798828125,92.17036437988281
2016-11-22,115.54000091552734,51.54975128173828,84.54048156738281,88.72996520996094,24.199148178100586,83.1568603515625,188.842041015625,92.13993835449219
2016-11-23,113.25,51.35779571533203,84.2369613647461,89.04658508300781,24.171432495117188,82.85131072998047,188.94480895996094,91.78240203857422
2016-11-25,112.61000061035156,51.42378234863281,84.16510772705078,89.3551254272461,24.270740509033203,82.8583984375,189.64686584472656,91.91934204101562
2016-11-28,113.80000305175781,51.417781829833984,84.5484848022461,88.85176086425781,24.16219711303711,83.23504638671875,188.75648498535156,92.59640502929688
2016-11-29,113.2699966430664,51.351806640625,84.63633728027344,88.80301666259766,24.243017196655273,83.34877014160156,189.12457275390625,92.98445892333984
2016-11-30,111.75,51.37579345703125,84.06926727294922,89.23331451416016,24.009784698486328,83.03608703613281,188.6708526611328,91.47807312011719
2016-12-01,111.54000091552734,51.135406494140625,83.74855041503906,89.37133026123047,23.785785675048828,82.57074737548828,187.9774169921875,90.5121841430664
2016-12-02,112.13999938964844,51.442665100097656,84.12442779541016,89.34698486328125,23.820423126220703,82.94840240478516,188.07154846191406,91.17540740966797
2016-12-05,111.54000091552734,51.57520294189453,84.09243774414062,89.84223937988281,23.965909957885742,83.1265640258789,189.20167541503906,91.07625579833984
2016-12-06,111.43000030517578,51.83432388305664,84.12442779541016,90.35370635986328,24.046733856201172,83.11946868896484,189.80093383789062,91.0076904296875
2016-12-07,111.83000183105469,52.09339141845703,84.40435028076172,91.571533203125,24.342327117919922,83.4686050415039,192.28367614746094,91.78529357910156
2016-12-08,111.56999969482422,52.08734130859375,84.08444213867188,91.9693374633789,24.381587982177734,83.1265640258789,192.75454711914062,90.70278930664062
2016-12-09,110.4000015258789,52.11144256591797,83.65258026123047,92.3509292602539,24.531696319580078,82.8058853149414,193.91880798339844,89.57450103759766
2016-12-12,110.81999969482422,52.039154052734375,83.66854095458984,92.31843566894531,24.45547866821289,82.72749328613281,193.69625854492188,89.74225616455078
2016-12-13,110.44999694824219,52.16572570800781,83.7165298461914,92.73250579833984,24.642536163330078,82.91278839111328,194.98902893066406,90.06240844726562
2016-12-14,108.83000183105469,51.77407455444336,83.02070617675781,91.73387908935547,24.51090431213379,82.38548278808594,193.37950134277344,89.05609130859375
2016-12-15,107.33999633789062,51.79816436767578,82.78878021240234,92.18856811523438,24.57787322998047,82.44245910644531,194.17568969726562,89.50589752197266
2016-12-16,108.05000305175781,51.84634780883789,82.89273834228516,92.0667724609375,24.533998489379883,82.37830352783203,193.79591369628906,89.300048828125
2016-12-19,108.58999633789062,51.97890853881836,83.27664184570312,92.20479583740234,24.59865951538086,82.77739715576172,194.21786499023438,90.26061248779297
2016-12-20,107.79000091552734,52.051204681396484,83.10069274902344,92.62696075439453,24.679485321044922,82.72749328613281,194.9670867919922,89.81085205078125
2016-12-21,107.8499984741211,52.14158248901367,83.2366714477539,92.37528991699219,24.617128372192383,82.99118041992188,194.4246063232422,90.20723724365234
2016-12-22,107.58999633789062,52.25403594970703,83.20062255859375,92.2878189086914,24.532045364379883,82.9969253540039,194.08868408203125,90.04598999023438
2016-12-23,107.93000030517578,52.350746154785156,83.28072357177734,92.37773895263672,24.57145881652832,83.12554168701172,194.37289428710938,90.22942352294922
2016-12-27,108.55999755859375,52.30240249633789,83.16053009033203,92.54940032958984,24.64565086364746,82.97545623779297,194.85516357421875,89.93894958496094
2016-12-28,108.86000061035156,52.22984313964844,83.46499633789062,91.71562957763672,24.469449996948242,83.28273010253906,193.24476623535156,90.5962905883789
2016-12-29,110.29000091552734,52.30240249633789,83.72130584716797,91.65020751953125,24.476408004760742,83.60426330566406,193.20172119140625,90.91728973388672
2016-12-30,109.61000061035156,52.320533752441406,83.96965026855469,91.57667541503906,24.321063995361328,83.73291015625,192.49557495117188,91.0549087524414
2017-01-03,110.47000122070312,52.53812789916992,83.92961120605469,92.2305908203125,24.504228591918945,83.80435943603516,193.9681396484375,91.44469451904297
2017-01-04,110.86000061035156,52.82227325439453,84.0257339477539,92.84366607666016,24.694339752197266,84.09015655517578,195.1221466064453,91.79629516601562
2017-01-05,112.58000183105469,52.743690490722656,84.57046508789062,92.47579193115234,24.733755111694336,84.5403823852539,194.9670867919922,93.23326873779297
2017-01-06,111.75,52.73158645629883,84.18589782714844,92.60662078857422,24.89373207092285,84.09730529785156,195.66464233398438,92.37716674804688
2017-01-09,112.66999816894531,52.71949768066406,84.50636291503906,91.98538208007812,24.89140510559082,84.26165771484375,195.01878356933594,93.11859893798828
2017-01-10,113.1500015258789,52.725547790527344,84.46630096435547,91.96082305908203,24.900686264038086,84.2116470336914,195.01878356933594,93.05746459960938
2017-01-11,113.5,52.755775451660156,84.56241607666016,92.34504699707031,24.919231414794922,84.34026336669922,195.56993103027344,93.3708267211914
2017-01-12,113.91000366210938,52.76784896850586,84.61051177978516,92.09980010986328,24.89373207092285,84.33312225341797,195.07907104492188,93.16446685791016
2017-01-13,114.20999908447266,52.78602600097656,84.42631530761719,92.21427154541016,24.96792221069336,84.16165161132812,195.5269012451172,92.72115325927734
2017-01-17,115.8499984741211,52.73158645629883,84.85083770751953,91.7319564819336,24.92850685119629,84.5261001586914,194.837890625,93.69181823730469
2017-01-18,114.87000274658203,52.77994155883789,84.25003814697266,91.91178894042969,24.977190017700195,83.96874237060547,195.26849365234375,92.4918212890625
2017-01-19,114.7699966430664,52.61071014404297,83.92961120605469,91.5276107788086,24.907644271850586,83.68287658691406,194.54510498046875,91.85740661621094
2017-01-20,115.05000305175781,52.71345520019531,83.96965026855469,91.98538208007812,24.942415237426758,83.83293151855469,195.25991821289062,91.67398834228516
2017-01-23,115.79000091552734,52.71345520019531,84.41021728515625,91.5112533569336,24.960968017578125,84.21881103515625,194.75177001953125,92.59114074707031
2017-01-24,115.2699966430664,52.74974822998047,84.08977508544922,92.26327514648438,25.116308212280273,83.96874237060547,196.00047302246094,91.95679473876953
2017-01-25,114.31999969482422,52.93714141845703,83.67324829101562,93.05619049072266,25.30641746520996,83.64714050292969,197.69699096679688,90.80265045166016
2017-01-26,113.26000213623047,52.9129753112793,83.7854232788086,92.94991302490234,25.262367248535156,83.7471923828125,197.49024963378906,91.10838317871094
2017-01-27,113.48999786376953,52.96131896972656,83.88954162597656,92.67198181152344,25.271642684936523,83.84719848632812,197.18028259277344,91.43706512451172
2017-01-30,113.97000122070312,52.852500915527344,83.86548614501953,92.01806640625,25.139488220214844,83.70433044433594,195.95741271972656,91.16190338134766
2017-01-31,115.55000305175781,52.79806900024414,84.15389251708984,92.13250732421875,25.120935440063477,83.85437774658203,195.94024658203125,91.79629516601562
2017-02-01,115.19999694824219,52.99359893798828,83.99263763427734,91.88728332519531,25.17658233642578,83.7511978149414,196.01768493652344,91.22870635986328
2017-02-02,115.83999633789062,53.02394485473633,84.02473449707031,92.08345031738281,25.167312622070312,83.77265930175781,196.1468963623047,91.19039916992188
2017-02-03,116.12999725341797,53.11503601074219,84.08889770507812,92.94175720214844,25.318010330200195,83.86585998535156,197.4989471435547,91.152099609375
2017-02-06,117.69999694824219,53.07859802246094,84.49005126953125,92.67198181152344,25.292512893676758,84.13092041015625,197.14584350585938,91.70357513427734
2017-02-07,117.45999908447266,52.99967956542969,84.64248657226562,92.45948028564453,25.357433319091797,84.27420806884766,197.15444946289062,92.37763977050781
2017-02-08,118.19000244140625,53.03609085083008,84.98747253417969,92.4186019897461,25.413070678710938,84.56800079345703,197.41278076171875,93.63392639160156
2017-02-09,117.29000091552734,53.10895919799805,84.48204803466797,93.05619049072266,25.56145477294922,84.2313003540039,198.5840301513672,92.55384063720703
2017-02-10,117.5999984741211,53.1453857421875,84.4259033203125,93.46492004394531,25.637964248657227,84.20977020263672,199.3675994873047,92.50023651123047
2017-02-13,116.80000305175781,53.224342346191406,84.29749298095703,93.98807525634766,25.746931076049805,84.17393493652344,200.45269775390625,92.20915985107422
2017-02-14,116.93000030517578,53.26076889038086,83.99263763427734,94.47036743164062,25.842002868652344,83.97331237792969,201.25355529785156,91.54273986816406
2017-02-15,117.44999694824219,53.27897644042969,83.83219909667969,94.90357971191406,25.988056182861328,83.9088134765625,202.30418395996094,91.12144470214844
2017-02-16,118.08000183105469,53.236454010009766,84.16918182373047,94.81365203857422,25.960237503051758,84.14529418945312,202.13197326660156,91.61934661865234
2017-02-17,117.68000030517578,53.29111862182617,84.39378356933594,94.86272430419922,26.018203735351562,84.36017608642578,202.45065307617188,92.16319274902344
2017-02-21,117.75,53.467193603515625,84.35359954833984,95.52483367919922,26.154996871948242,84.39607238769531,203.65626525878906,92.0023422241211
2017-02-22,117.91000366210938,53.491519927978516,84.49005126953125,95.32047271728516,26.159631729125977,84.46049499511719,203.47535705566406,92.1555404663086
2017-02-23,118.94000244140625,53.54005813598633,84.71469116210938,95.46761322021484,26.122529983520508,84.67549133300781,203.61314392089844,92.43131256103516
2017-02-24,119.69999694824219,53.58255386352539,85.10783386230469,95.43492126464844,26.21990966796875,85.1053695678711,203.8715362548828,93.45771789550781
2017-02-27,119.12000274658203,53.64936065673828,84.80294036865234,95.6229248046875,26.259319305419922,84.90475463867188,204.19007873535156,92.90618133544922
2017-02-28,119.2300033569336,53.60682678222656,84.7628402709961,95.35315704345703,26.14571762084961,84.96208190917969,203.6390380859375,93.25089263916016
2017-03-01,119.05999755859375,53.804412841796875,84.1723403930664,96.8000259399414,26.474943161010742,84.45992279052734,206.48941040039062,91.68830871582031
2017-03-02,117.58000183105469,53.633670806884766,83.93132019042969,96.04798889160156,26.352067947387695,84.3305892944336,205.18905639648438,91.35832977294922
2017-03-03,117.51000213623047,53.65806579589844,84.0116958618164,96.0643310546875,26.382204055786133,84.41677856445312,205.31825256347656,91.59623718261719
2017-03-06,116.72000122070312,53.48733139038086,83.99557495117188,95.73735809326172,26.30105209350586,84.26589965820312,204.7068328857422,91.15882110595703
2017-03-07,115.77999877929688,53.13972473144531,83.87506103515625,95.36138153076172,26.23382568359375,83.84921264648438,204.09539794921875,90.88249969482422
2017-03-08,115.05999755859375,52.786006927490234,83.5938720703125,94.86272430419922,26.266277313232422,83.59056091308594,203.71646118164062,90.39134979248047
2017-03-09,114.47000122070312,52.64577102661133,83.36090850830078,94.92810821533203,26.261638641357422,83.13796997070312,203.97483825683594,89.669921875
2017-03-10,114.72000122070312,52.62748336791992,83.53763580322266,95.23054504394531,26.37293243408203,83.3463134765625,204.68960571289062,89.98461151123047
2017-03-13,114.73999786376953,52.670162200927734,83.32874298095703,95.24688720703125,26.412342071533203,83.0661392211914,204.7929229736328,89.41667938232422
2017-03-14,114.12000274658203,52.511592864990234,83.41712951660156,94.8708724975586,26.32887840270996,83.13796997070312,204.00921630859375,89.84645080566406
2017-03-15,116.25,53.23728561401367,84.14823150634766,95.71283721923828,26.530590057373047,83.85637664794922,205.77468872070312,90.94388580322266
2017-03-16,116.7300033569336,53.08483123779297,83.91525268554688,95.59024810791016,26.500446319580078,83.73426818847656,205.3699188232422,90.48345184326172
2017-03-17,116.98999786376953,53.10311508178711,84.14019012451172,95.33682250976562,26.484222412109375,83.9282455444336,205.00927734375,91.0513687133789
2017-03-20,117.51000213623047,52.99946212768555,84.3410415649414,95.0589370727539,26.474943161010742,84.12220001220703,204.784423828125,91.44274139404297
2017-03-21,118.54000091552734,52.621368408203125,84.62224578857422,93.71012115478516,26.173534393310547,84.3305892944336,202.155029296875,92.20256042480469
2017-03-22,118.83000183105469,52.74943923950195,84.78291320800781,93.72650146484375,26.263965606689453,84.54610443115234,202.6307830810547,92.5709228515625
2017-03-23,118.66999816894531,52.76771926879883,84.6945571899414,93.73467254638672,26.215272903442383,84.48865509033203,202.41452026367188,92.44046020507812
2017-03-24,118.86000061035156,52.950679779052734,84.74276733398438,93.63525390625,26.21550750732422,84.57486724853516,202.26754760742188,92.7704849243164
2017-03-27,119.52999877929688,52.89575958251953,84.95166015625,93.35590362548828,26.231781005859375,84.75444030761719,202.05995178222656,93.1925277709961
2017-03-28,119.04000091552734,53.1884880065918,84.66246032714844,94.18570709228516,26.375953674316406,84.57486724853516,203.5302734375,92.5709228515625
2017-03-29,119.33000183105469,53.29826354980469,84.90343475341797,94.25143432617188,26.452688217163086,84.84784698486328,203.72052001953125,93.12348937988281
2017-03-30,118.47000122070312,53.54829788208008,84.66246032714844,94.70329284667969,26.47594451904297,84.62515258789062,204.36923217773438,92.37139129638672
2017-03-31,118.72000122070312,53.53000259399414,84.83110809326172,94.43219757080078,26.46198272705078,84.71136474609375,203.89356994628906,92.64002227783203
2017-04-03,119.3499984741211,53.5012092590332,85.24871063232422,94.18570709228516,26.408506393432617,85.09172058105469,203.5388946533203,93.574462890625
2017-04-04,119.62000274658203,53.51957702636719,85.12803649902344,94.3418197631836,26.399206161499023,84.86839294433594,203.66860961914062,93.06681060791016
2017-04-05,119.62000274658203,53.476741790771484,85.28895568847656,93.9556655883789,26.317821502685547,84.97644805908203,203.06320190429688,93.35137939453125
2017-04-06,119.18000030517578,53.544063568115234,85.23261260986328,94.33360290527344,26.380596160888672,85.0556869506836,203.63406372070312,93.21295166015625
2017-04-07,119.45999908447266,53.51957702636719,84.97514343261719,94.16107940673828,26.366647720336914,84.8467788696289,203.42645263671875,92.83614349365234
2017-04-10,119.45999908447266,53.593082427978516,85.12803649902344,94.24322509765625,26.401531219482422,85.00524139404297,203.54757690429688,93.26680755615234
2017-04-11,121.19000244140625,53.48895263671875,85.52228546142578,94.25143432617188,26.366647720336914,85.4014892578125,203.305419921875,94.15122985839844
2017-04-12,122.0199966430664,53.525726318359375,85.78779602050781,93.78314208984375,26.262014389038086,85.68238067626953,202.41452026367188,94.66649627685547
2017-04-13,122.5999984741211,53.41548156738281,86.0453109741211,92.92869567871094,26.155052185058594,85.82648468017578,201.099853515625,94.95877075195312
2017-04-17,122.23999786376953,53.574729919433594,85.9084701538086,93.7420654296875,26.368972778320312,85.6607666015625,202.881591796875,94.66649627685547
2017-04-18,122.81999969482422,53.56247329711914,86.39934539794922,93.40521240234375,26.32480239868164,86.16506958007812,202.27615356445312,95.90472412109375
2017-04-19,121.7300033569336,53.51347732543945,86.17401885986328,93.1012191772461,26.34804344177246,85.90573120117188,201.9042510986328,95.38176727294922
2017-04-20,121.95999908447266,53.691062927246094,85.98095703125,93.8160171508789,26.561979293823242,85.78330993652344,203.54757690429688,95.01264190673828
2017-04-21,122.30999755859375,53.64822769165039,86.0211410522461,93.34771728515625,26.5224552154541,85.78330993652344,202.89894104003906,95.01264190673828
2017-04-24,121.4800033569336,53.8993034362793,85.84415435791016,94.3910903930664,26.796829223632812,85.66802215576172,205.13035583496094,94.54344177246094
2017-04-25,120.25,53.997291564941406,85.401611328125,94.9826431274414,26.95029640197754,85.32938385009766,206.32388305664062,93.40521240234375
2017-04-26,120.83999633789062,53.94828414916992,85.62689208984375,94.933349609375,26.961929321289062,85.53836059570312,206.1941680908203,93.92050170898438
2017-04-27,120.38999938964844,53.98503494262695,85.68321990966797,94.70329284667969,27.0526123046875,85.61756896972656,206.3671875,93.88976287841797
2017-04-28,120.7699966430664,53.96665954589844,85.77173614501953,94.25143432617188,27.050294876098633,85.71841430664062,205.9174346923828,94.09742736816406
2017-05-01,119.66999816894531,53.99433898925781,85.58641815185547,94.30895233154297,27.15027618408203,85.45262908935547,206.43643188476562,93.3151626586914
2017-05-02,119.6500015258789,54.012779235839844,85.7636489868164,94.1692886352539,27.213058471679688,85.7054443359375,206.5142059326172,93.7929916381836
2017-05-03,117.9800033569336,54.06196975708008,85.58641815185547,94.22679138183594,27.117725372314453,85.66211700439453,206.2633819580078,93.8546371459961
2017-05-04,116.79000091552734,53.77289962768555,85.39299774169922,94.04606628417969,27.18515396118164,85.4959487915039,206.50559997558594,93.39221954345703
2017-05-05,117.01000213623047,53.86519241333008,85.40912628173828,94.54721069335938,27.285144805908203,85.52483367919922,207.31857299804688,93.47701263427734
2017-05-08,116.75,53.92667770385742,85.19956970214844,94.43219757080078,27.278167724609375,85.37317657470703,207.28402709960938,92.96835327148438
2017-05-09,116.05000305175781,53.889766693115234,85.1028823852539,94.16107940673828,27.324678421020508,85.38761901855469,207.09368896484375,92.96062469482422
2017-05-10,116.04000091552734,54.12348175048828,85.07066345214844,94.4404067993164,27.338632583618164,85.503173828125,207.46560668945312,92.85275268554688
2017-05-11,116.5,54.12965393066406,85.13516998291016,94.14461517333984,27.29677963256836,85.5465316772461,207.04177856445312,92.85275268554688
2017-05-12,116.83000183105469,54.11119079589844,85.57027435302734,93.83242797851562,27.285144805908203,85.97991180419922,206.6958465576172,93.55408477783203
2017-05-15,117.13999938964844,54.23420333862305,85.51387023925781,94.4404067993164,27.40606117248535,85.97270965576172,207.83749389648438,93.29973602294922
2017-05-16,117.6500015258789,54.31415939331055,85.62671661376953,94.31716918945312,27.403736114501953,86.09554290771484,207.6472625732422,93.64656066894531
2017-05-17,119.79000091552734,54.07428741455078,86.3116226196289,92.74795532226562,26.896821975708008,86.62279510498047,203.9627685546875,95.01066589355469
2017-05-18,118.80999755859375,54.13578414916992,86.28743743896484,92.8794174194336,27.04331398010254,86.60836029052734,204.784423828125,95.11854553222656
2017-05-19,119.4000015258789,54.23420333862305,86.26325225830078,93.58596801757812,27.210735321044922,86.6589584350586,206.11631774902344,95.34207153320312
2017-05-22,119.9000015258789,54.40024185180664,86.16657257080078,93.99674987792969,27.3851375579834,86.58668518066406,207.16285705566406,95.08003234863281
2017-05-23,119.13999938964844,54.39411544799805,85.94091796875,94.31716918945312,27.392108917236328,86.31938934326172,207.6212921142578,94.44034576416016
2017-05-24,119.61000061035156,54.48636245727539,86.11829376220703,94.35001373291016,27.50139808654785,86.45667266845703,208.10562133789062,94.97212982177734
2017-05-25,119.4800033569336,54.44330596923828,86.16657257080078,94.49790954589844,27.713001251220703,86.49281311035156,209.10028076171875,95.00297546386719
2017-05-26,120.54000091552734,54.47404479980469,86.22300720214844,94.47325897216797,27.72230339050293,86.55784606933594,209.05709838867188,95.1648178100586
2017-05-30,120.13999938964844,54.5294189453125,86.44061279296875,94.2021484375,27.72927474975586,86.7600326538086,208.87538146972656,95.6349105834961
2017-05-31,120.62000274658203,54.52326202392578,86.4808578491211,94.09532928466797,27.750207901000977,86.8612060546875,208.82350158691406,95.87386322021484
2017-06-01,120.72000122070312,54.6820182800293,86.43561553955078,94.95800018310547,27.96646499633789,86.88001251220703,210.484130859375,95.88390350341797
2017-06-02,121.61000061035156,54.712890625,86.81498718261719,94.92516326904297,28.159461975097656,87.28557586669922,211.1846923828125,97.01923370361328
2017-06-05,121.7300033569336,54.66350555419922,86.6697006225586,94.79366302490234,28.124582290649414,87.03933715820312,211.02899169921875,96.4167709350586
2017-06-06,123.0999984741211,54.57700729370117,86.94410705566406,94.62936401367188,28.022266387939453,87.29283905029297,210.35443115234375,96.94197845458984
2017-06-07,122.44999694824219,54.465824127197266,86.78269958496094,94.61294555664062,28.094356536865234,87.1842041015625,210.74359130859375,96.47858428955078
2017-06-08,121.6500015258789,54.50905227661133,86.64550018310547,94.82654571533203,28.06877899169922,87.0321273803711,210.847412109375,96.22371673583984
2017-06-09,120.54000091552734,54.55230712890625,86.56477355957031,95.60701751708984,27.79206085205078,86.9451904296875,210.52737426757812,96.07698822021484
2017-06-12,120.36000061035156,54.64495086669922,86.54862213134766,95.82066345214844,27.70602798461914,86.96692657470703,210.484130859375,96.04606628417969
2017-06-13,120.4800033569336,54.74375534057617,86.58091735839844,96.1246337890625,27.906002044677734,87.0610580444336,211.51336669921875,96.0615234375
2017-06-14,119.81999969482422,54.74991989135742,87.03282165527344,95.93568420410156,27.90367889404297,87.65494537353516,211.24525451660156,97.54438781738281
2017-06-15,119.31999969482422,54.539913177490234,86.87955474853516,95.7795639038086,27.829269409179688,87.44489288330078,210.8387451171875,97.38994598388672
2017-06-16,119.33999633789062,54.44729995727539,86.92794036865234,95.9603042602539,27.787412643432617,87.51731872558594,210.88479614257812,97.58302307128906
2017-06-19,118.43000030517578,54.61406707763672,86.68582916259766,96.46150207519531,28.087379455566406,87.4086685180664,212.6404266357422,97.44397735595703
2017-06-20,118.18000030517578,54.42259979248047,86.90377044677734,95.7795639038086,27.908336639404297,87.60425567626953,211.2064208984375,98.31672668457031
2017-06-21,118.5199966430664,54.10759735107422,86.89559936523438,95.24557495117188,28.001340866088867,87.64766693115234,211.15420532226562,98.51750183105469
2017-06-22,118.91999816894531,54.255828857421875,86.97635650634766,95.20445251464844,28.015296936035156,87.72010803222656,211.0586700439453,98.73377990722656
2017-06-23,119.43000030517578,54.47816467285156,87.00060272216797,95.22090911865234,28.078081130981445,87.76356506347656,211.3106689453125,98.68741607666016
2017-06-26,118.36000061035156,54.55230712890625,87.07323455810547,95.6317138671875,28.019943237304688,87.92292022705078,211.44976806640625,99.05815124511719
2017-06-27,118.80999755859375,54.379364013671875,86.64550018310547,95.18806457519531,27.68975257873535,87.52455139160156,209.74623107910156,98.00005340576172
2017-06-28,118.9000015258789,54.60170364379883,86.56477355957031,95.88636016845703,27.97576332092285,87.61872863769531,211.6236114501953,97.67568969726562
2017-06-29,118.31999969482422,54.465824127197266,86.24198913574219,95.5248794555664,27.61766242980957,87.35072326660156,209.76365661621094,96.85699462890625
2017-06-30,118.0199966430664,54.59553909301758,86.04017639160156,95.6563491821289,27.67579460144043,87.27833557128906,210.15478515625,96.63301849365234
2017-07-03,116.08999633789062,54.56885528564453,85.72415161132812,96.37110137939453,27.582782745361328,87.08952331542969,210.51109313964844,96.32191467285156
2017-07-05,116.5199966430664,54.525413513183594,85.78883361816406,96.19857025146484,27.710674285888672,87.23477172851562,210.997802734375,96.34513854980469
2017-07-06,116.47000122070312,54.388980865478516,85.6271743774414,95.19589233398438,27.490150451660156,87.00965118408203,209.06834411621094,95.54798889160156
2017-07-07,115.27999877929688,54.339378356933594,85.48978424072266,95.55131530761719,27.746845245361328,86.93702697753906,210.42417907714844,94.97533416748047
2017-07-10,115.47000122070312,54.401397705078125,85.60293579101562,95.42733764648438,27.826196670532227,87.0822982788086,210.65013122558594,95.11463928222656
2017-07-11,115.62000274658203,54.36417007446289,85.71607971191406,95.27025604248047,27.849525451660156,87.11859893798828,210.4936981201172,95.27714538574219
2017-07-12,116.02999877929688,54.71774673461914,85.96662902832031,95.75797271728516,28.117889404296875,87.50345611572266,212.0755157470703,95.93495178222656
2017-07-13,115.81999969482422,54.76114273071289,85.87773895263672,95.98945617675781,28.155227661132812,87.35093688964844,212.43186950683594,95.33132934570312
2017-07-14,116.7699966430664,54.91623306274414,85.99895477294922,96.28703308105469,28.323253631591797,87.55431365966797,213.4226531982422,95.44743347167969
2017-07-17,117.29000091552734,54.93486404418945,86.10403442382812,96.26221466064453,28.309249877929688,87.63418579101562,213.39659118652344,95.71053314208984
2017-07-18,118.11000061035156,54.959632873535156,86.41922760009766,96.09689331054688,28.400266647338867,88.01175689697266,213.50958251953125,96.54637145996094
2017-07-19,118.08000183105469,55.052711486816406,86.41922760009766,96.64250946044922,28.54728126525879,87.98272705078125,214.66549682617188,96.5850601196289
2017-07-20,118.23999786376953,55.0837287902832,86.4434814453125,96.66730499267578,28.572954177856445,88.06260681152344,214.76112365722656,96.86363983154297
2017-07-21,119.26000213623047,55.04030990600586,86.59712982177734,96.51849365234375,28.56361961364746,88.26595306396484,214.56988525390625,97.27387237548828
2017-07-24,119.30999755859375,55.0837287902832,86.54052734375,96.3614273071289,28.619625091552734,88.1642837524414,214.5177764892578,96.89462280273438
2017-07-25,118.91999816894531,55.10853576660156,86.05557250976562,96.88221740722656,28.614957809448242,87.64143371582031,215.03921508789062,95.63311004638672
2017-07-26,119.87999725341797,55.189186096191406,86.33037567138672,96.68383026123047,28.661638259887695,87.93190002441406,215.04794311523438,95.78790283203125
2017-07-27,119.79000091552734,55.145751953125,86.19297790527344,96.82433319091797,28.551952362060547,87.7140121459961,214.84805297851562,95.3158187866211
2017-07-28,120.69000244140625,55.151939392089844,86.33840942382812,96.74168395996094,28.488941192626953,87.9464111328125,214.59597778320312,95.88079071044922
2017-07-31,120.75,55.151939392089844,86.36268615722656,96.88221740722656,28.400266647338867,87.9464111328125,214.4742889404297,95.99690246582031
2017-08-01,120.6500015258789,55.20677185058594,86.57720184326172,97.11366271972656,28.460933685302734,88.26531219482422,214.9523468017578,96.67089080810547
2017-08-02,120.4000015258789,55.21919250488281,86.49627685546875,96.97314453125,28.507610321044922,88.12699127197266,215.05662536621094,96.72516632080078
2017-08-03,120.58999633789062,55.113365173339844,86.79578399658203,96.77473449707031,28.463268280029297,88.25076293945312,214.6394805908203,97.72571563720703
2017-08-04,119.6500015258789,55.12581253051758,86.56099700927734,96.97314453125,28.519277572631836,87.90856170654297,215.03057861328125,96.89585876464844
2017-08-07,119.51000213623047,55.10085678100586,86.60958862304688,96.89873504638672,28.619625091552734,87.93038177490234,215.43035888671875,97.00439453125
2017-08-08,119.86000061035156,54.864173889160156,86.5367431640625,96.71687316894531,28.551952362060547,87.50811004638672,214.90016174316406,96.6553726196289
2017-08-09,121.30999755859375,54.65240478515625,86.64197540283203,96.58463287353516,28.551952362060547,87.5954818725586,214.89151000976562,97.18280792236328
2017-08-10,122.20999908447266,54.303565979003906,86.96577453613281,95.46038818359375,28.08289337158203,87.5663833618164,211.85821533203125,98.0126724243164
2017-08-11,122.79000091552734,54.39701843261719,87.06293487548828,95.2785415649414,28.2229061126709,87.7265396118164,212.17112731933594,98.05921936035156
2017-08-14,121.91999816894531,54.68354034423828,86.85247802734375,96.06382751464844,28.5402774810791,87.66828155517578,214.2744140625,97.55503845214844
2017-08-15,120.9800033569336,54.702213287353516,86.59336853027344,95.9977035522461,28.554279327392578,87.5663833618164,214.2483673095703,97.14398193359375
2017-08-16,121.87000274658203,54.70847702026367,86.75527954101562,96.07209777832031,28.64295768737793,87.81391143798828,214.6220245361328,97.50079345703125
2017-08-17,122.48999786376953,54.403228759765625,87.06293487548828,94.6750717163086,28.173900604248047,87.90129089355469,211.27587890625,98.2298583984375
2017-08-18,122.30000305175781,54.48421859741211,87.07911682128906,94.46843719482422,28.122562408447266,87.843017578125,210.9456787109375,98.20658874511719
2017-08-21,122.76000213623047,54.54025650024414,87.13574981689453,94.55108642578125,28.1599063873291,87.96682739257812,211.11074829101562,98.44699096679688
2017-08-22,122.20999908447266,54.7645263671875,86.96577453613281,95.25371551513672,28.516944885253906,87.87944030761719,213.318359375,98.06694793701172
2017-08-23,122.66999816894531,54.77073287963867,87.26530456542969,95.08839416503906,28.37925910949707,88.21435546875,212.55352783203125,98.73396301269531
2017-08-24,122.29000091552734,54.851715087890625,87.12761688232422,94.92308807373047,28.33025550842285,88.046875,212.05810546875,98.36943054199219
2017-08-25,122.73999786376953,54.95138168334961,87.2734146118164,95.25371551513672,28.33725929260254,88.25076293945312,212.55352783203125,98.74951171875
2017-08-28,124.69000244140625,54.9576301574707,87.3543472290039,95.13797760009766,28.407268524169922,88.25076293945312,212.5621795654297,98.68742370605469
2017-08-29,124.41999816894531,54.88910675048828,87.55672454833984,95.04707336425781,28.48194694519043,88.3163070678711,212.80557250976562,99.00543212890625
2017-08-30,124.36000061035156,55.0385856628418,87.48384857177734,95.27025604248047,28.689638137817383,88.38912200927734,213.81375122070312,98.97441101074219
2017-08-31,125.81999969482422,55.18809127807617,87.62146759033203,95.7166519165039,28.915998458862305,88.54196166992188,215.10008239746094,99.2691421508789
2017-09-01,126.05999755859375,55.244380950927734,87.36368560791016,96.08861541748047,28.944000244140625,88.19158172607422,215.40428161621094,98.50980377197266
2017-09-05,127.45999908447266,55.119293212890625,87.97175598144531,95.18757629394531,28.76197624206543,88.73908233642578,213.85719299316406,100.07196807861328
2017-09-06,126.80999755859375,55.08173751831055,87.76094818115234,95.5843734741211,28.82032012939453,88.42520904541016,214.5872802734375,99.4579849243164
2017-09-07,128.1300048828125,55.08796310424805,88.14200592041016,95.19589233398438,28.913665771484375,88.76830291748047,214.5612030029297,100.47613525390625
2017-09-08,127.97000122070312,54.912864685058594,88.07707977294922,95.25371551513672,28.83431625366211,88.50550842285156,214.3091278076172,100.25849151611328
2017-09-11,126.19000244140625,55.08796310424805,87.57443237304688,96.38623809814453,29.112018585205078,88.2353515625,216.59500122070312,99.06165313720703
2017-09-12,126.55999755859375,55.15680694580078,87.36368560791016,96.92353057861328,29.15869140625,88.14049530029297,217.32501220703125,98.54093933105469
2017-09-13,125.61000061035156,55.175575256347656,87.1853256225586,97.05582427978516,29.154033660888672,88.05291748046875,217.42933654785156,98.15232849121094
2017-09-14,126.16000366210938,55.25063705444336,87.20153045654297,97.14672088623047,29.098018646240234,88.27185821533203,217.3597869873047,98.55645751953125
2017-09-15,125.52999877929688,55.30065155029297,87.30690002441406,97.2624740600586,29.14936065673828,88.34485626220703,217.65240478515625,98.59530639648438
2017-09-18,124.36000061035156,55.27566146850586,86.9664077758789,97.65924072265625,29.186697006225586,88.25728607177734,218.11532592773438,98.02802276611328
2017-09-19,124.62000274658203,55.3319206237793,86.86913299560547,97.7419204711914,29.20770263671875,88.30838012695312,218.3336944580078,97.78704833984375
2017-09-20,123.62000274658203,55.325687408447266,86.69890594482422,97.85765075683594,29.193700790405273,88.19889831542969,218.41229248046875,97.85698699951172
2017-09-21,122.68000030517578,55.25686264038086,86.58540344238281,97.71710205078125,29.079349517822266,88.19889831542969,217.82711791992188,97.80258178710938
2017-09-22,123.23999786376953,55.31317138671875,86.73942565917969,97.75018310546875,29.079349517822266,88.31573486328125,217.8708038330078,98.08235931396484
2017-09-25,124.52999877929688,55.3444938659668,86.99884033203125,98.07257080078125,28.878652572631836,88.64422607421875,217.42530822753906,98.69635009765625
2017-09-26,123.13999938964844,55.41324996948242,86.9258804321289,98.05012512207031,28.910249710083008,88.62959289550781,217.55630493164062,98.5176010131836
2017-09-27,121.9800033569336,55.43830108642578,86.47996520996094,98.24964141845703,29.090476989746094,88.28648376464844,218.40359497070312,97.03314971923828
2017-09-28,122.20999908447266,55.43830108642578,86.46373748779297,98.36599731445312,29.1419677734375,88.41788482666016,218.66555786132812,96.74557495117188
2017-09-29,121.58000183105469,55.519615173339844,86.35838317871094,98.51566314697266,29.270692825317383,88.49821472167969,219.43421936035156,96.96316528320312
2017-10-02,120.7699966430664,55.49134063720703,86.26011657714844,99.14741516113281,29.366662979125977,88.58087158203125,220.38629150390625,96.7856216430664
2017-10-03,120.83000183105469,55.59183120727539,86.3819580078125,99.40512084960938,29.422834396362305,88.77850341796875,220.8579864501953,96.87908935546875
2017-10-04,121.16999816894531,55.53532028198242,86.35757446289062,99.51319885253906,29.474321365356445,88.7272720336914,221.11997985839844,96.88687896728516
2017-10-05,120.5199966430664,55.6043701171875,86.26823425292969,99.9454574584961,29.67327117919922,88.60284423828125,222.43014526367188,96.52086639404297
2017-10-06,121.08999633789062,55.52275085449219,86.1627197265625,99.6960678100586,29.701358795166016,88.52964782714844,222.1768035888672,96.24830627441406
2017-10-09,122.08000183105469,55.529014587402344,86.26011657714844,99.37185668945312,29.684974670410156,88.60284423828125,221.80995178222656,96.55201721191406
2017-10-10,122.4000015258789,55.572998046875,86.29261779785156,99.7625732421875,29.706029891967773,88.66142272949219,222.39520263671875,96.70777893066406
2017-10-11,122.79000091552734,55.51646041870117,86.3900146484375,99.7459487915039,29.806682586669922,88.61749267578125,222.74452209472656,96.89466094970703
2017-10-12,122.88999938964844,55.45362854003906,86.47125244140625,99.38015747070312,29.820724487304688,88.63944244384766,222.41268920898438,97.3073959350586
2017-10-13,123.81999969482422,55.47877883911133,86.7635269165039,99.42173767089844,29.89093589782715,88.99079895019531,222.68341064453125,98.00834655761719
2017-10-16,122.97000122070312,55.51017379760742,86.61735534667969,99.49657440185547,29.930734634399414,88.86636352539062,222.98036193847656,97.93821716308594
2017-10-17,122.12999725341797,55.59183120727539,86.58491516113281,99.5215072631836,29.961153030395508,88.85171508789062,223.1376190185547,98.06282043457031
2017-10-18,121.66999816894531,55.64834213256836,86.3656997680664,99.60464477539062,29.98923683166504,88.7199935913086,223.35595703125,97.41644287109375
2017-10-19,122.38999938964844,55.65464401245117,86.45502471923828,99.7459487915039,29.970516204833984,88.85171508789062,223.4171142578125,97.5877685546875
2017-10-20,121.61000061035156,55.704898834228516,86.09773254394531,100.28630065917969,30.115629196166992,88.6102066040039,224.57003784179688,96.55201721191406
2017-10-23,121.80000305175781,55.64208221435547,86.17892456054688,100.011962890625,29.968172073364258,88.697998046875,223.69659423828125,96.72334289550781
2017-10-24,121.33000183105469,55.64208221435547,85.91912078857422,100.16161346435547,30.012645721435547,88.47842407226562,224.0896453857422,96.12371063232422
2017-10-25,121.3499984741211,55.485069274902344,85.78108978271484,99.57135772705078,29.893268585205078,88.24422454833984,222.98036193847656,95.66421508789062
2017-10-26,120.33000183105469,55.41598129272461,85.66743469238281,99.72933959960938,29.93306541442871,88.23687744140625,223.2686004638672,95.34489440917969
2017-10-27,120.9000015258789,55.566680908203125,85.94348907470703,99.75424194335938,30.396493911743164,88.50035858154297,225.09410095214844,95.9757080078125
2017-10-30,121.12999725341797,55.55416488647461,86.25200653076172,99.20561218261719,30.337982177734375,88.7931900024414,224.25559997558594,96.89466094970703
2017-10-31,120.66999816894531,55.566680908203125,86.19517517089844,99.24718475341797,30.417556762695312,88.66875457763672,224.6050262451172,96.9258041381836
2017-11-01,121.11000061035156,55.51371765136719,86.24720764160156,99.58799743652344,30.398839950561523,88.8089599609375,224.90196228027344,97.35740661621094
2017-11-02,121.19000244140625,55.482215881347656,86.36103820800781,99.5963134765625,30.41990089416504,88.79421997070312,224.98927307128906,97.78665924072266
2017-11-03,120.62000274658203,55.48851013183594,86.49932861328125,99.64620208740234,30.595436096191406,88.89697265625,225.74044799804688,98.05196380615234
2017-11-06,121.6500015258789,55.49479293823242,86.60502624511719,99.81248474121094,30.653955459594727,88.91899871826172,226.08981323242188,98.41873168945312
2017-11-07,121.20999908447266,55.337120056152344,86.63761901855469,99.61293029785156,30.649267196655273,88.84564971923828,225.93260192871094,98.83238983154297
2017-11-08,121.62999725341797,55.09117126464844,86.5318374633789,99.58799743652344,30.75926971435547,88.72816467285156,226.3169403076172,98.61386108398438
2017-11-09,122.12999725341797,54.81993865966797,86.49932861328125,99.36357116699219,30.600122451782227,88.49333190917969,225.49591064453125,98.33296203613281
2017-11-10,121.12999725341797,54.93980026245117,86.06017303466797,99.21394348144531,30.61884117126465,87.98695373535156,225.4260711669922,96.8501205444336
2017-11-13,121.30999755859375,54.901939392089844,86.01953887939453,99.32197570800781,30.66330909729004,88.00164794921875,225.63563537597656,97.05302429199219
2017-11-14,121.55999755859375,54.6685905456543,86.14149475097656,98.95623779296875,30.628206253051758,88.02367401123047,225.11160278320312,97.70857238769531
2017-11-15,121.41000366210938,54.6685905456543,86.45052337646484,98.5904769897461,30.43160057067871,88.3979263305664,223.98483276367188,98.76992797851562
2017-11-16,121.4000015258789,55.20469284057617,86.23096466064453,99.2554931640625,30.747573852539062,88.29517364501953,225.88894653320312,97.91146850585938
2017-11-17,122.86000061035156,55.166866302490234,86.34480285644531,99.17235565185547,30.651611328125,88.40525817871094,225.22512817382812,98.63729858398438
2017-11-20,121.30999755859375,55.1794319152832,86.20659637451172,99.27212524414062,30.712467193603516,88.40525817871094,225.6094512939453,98.59823608398438
2017-11-21,121.51000213623047,55.29298400878906,86.22283935546875,99.68775177001953,30.993322372436523,88.69881439208984,227.0854949951172,98.91045379638672
2017-11-22,122.62999725341797,55.38129806518555,86.49932861328125,99.63788604736328,30.972267150878906,89.04376220703125,226.8846893310547,99.23040771484375
2017-11-24,122.31999969482422,55.419132232666016,86.42610931396484,99.6628189086914,31.082263946533203,88.94098663330078,227.4087371826172,98.957275390625
2017-11-27,122.83000183105469,55.24883270263672,86.4830322265625,99.48826599121094,31.093975067138672,88.8896255493164,227.29519653320312,98.81680297851562
2017-11-28,122.80999755859375,55.419132232666016,86.49932861328125,100.87649536132812,31.283546447753906,89.01441192626953,229.60105895996094,98.94947052001953
2017-11-29,122.04000091552734,55.3497428894043,86.22283935546875,101.67453002929688,31.02140998840332,88.66213989257812,229.46133422851562,97.97393035888672
2017-11-30,121.0999984741211,55.362369537353516,85.9544677734375,102.27306365966797,31.313980102539062,88.55937194824219,231.47024536132812,97.64613342285156
2017-12-01,121.58999633789062,55.3446159362793,86.27210235595703,102.33955383300781,31.2039794921875,88.8331069946289,230.98985290527344,98.96382904052734
2017-12-04,121.18000030517578,55.325626373291016,86.23136138916016,102.8050765991211,30.995668411254883,88.97294616699219,230.7103729248047,99.01074981689453
2017-12-05,120.31999969482422,55.293949127197266,86.29654693603516,102.1151123046875,30.958213806152344,89.14218139648438,229.88050842285156,99.50344848632812
2017-12-06,120.06999969482422,55.2432746887207,86.47570037841797,101.84078216552734,31.02375602722168,89.3114242553711,229.9242401123047,99.84750366210938
2017-12-07,118.48999786376953,55.268619537353516,86.32098388671875,102.08186340332031,31.173547744750977,89.13484954833984,230.64923095703125,99.06550598144531
2017-12-08,118.4800033569336,55.325626373291016,86.25581359863281,102.66374969482422,31.332704544067383,89.02448272705078,231.90695190429688,99.07333374023438
2017-12-11,118.01000213623047,55.338294982910156,86.19879913330078,102.94638061523438,31.431007385253906,89.0906753540039,232.605712890625,98.8699722290039
2017-12-12,118.1500015258789,55.31297302246094,86.12551879882812,103.22903442382812,31.428672790527344,89.02448272705078,233.0162353515625,98.83092498779297
2017-12-13,119.16999816894531,55.3446159362793,86.47570037841797,102.94638061523438,31.489521026611328,89.33349609375,232.99002075195312,99.57382202148438
2017-12-14,118.93000030517578,55.23060607910156,86.44309997558594,102.38944244384766,31.40526580810547,89.49540710449219,232.03794860839844,99.99608612060547
2017-12-15,119.18000030517578,55.23695755004883,86.42684173583984,103.2124252319336,31.679113388061523,89.62052154541016,233.97023010253906,100.3714828491211
2017-12-18,119.7300033569336,55.293949127197266,86.23136138916016,103.8691177368164,31.885072708129883,89.35558319091797,235.4539337158203,99.45652770996094
2017-12-19,119.81999969482422,55.17997741699219,85.84043884277344,103.48674011230469,31.77506446838379,88.89933776855469,234.54971313476562,98.16621398925781
2017-12-20,120.13999938964844,55.224273681640625,85.58793640136719,103.51998901367188,31.737619400024414,88.66386413574219,234.42674255371094,97.0792007446289
2017-12-21,120.30999755859375,55.282135009765625,85.64832305908203,103.96699523925781,31.73222541809082,88.90279388427734,234.90956115722656,97.64495849609375
2017-12-22,120.94000244140625,55.33302307128906,85.68095397949219,103.99207305908203,31.715791702270508,88.96917724609375,234.84815979003906,97.77822875976562
2017-12-26,121.7699966430664,55.41572189331055,85.71360778808594,103.96699523925781,31.645395278930664,89.087158203125,234.56719970703125,98.06817626953125
2017-12-27,122.2300033569336,55.441184997558594,86.08062744140625,103.97537231445312,31.69466781616211,89.58122253417969,234.6813507080078,99.34557342529297
2017-12-28,122.8499984741211,55.41572189331055,85.97460174560547,104.25111389160156,31.753339767456055,89.52222442626953,235.16421508789062,99.25936126708984
2017-12-29,123.6500015258789,55.4984016418457,86.11329650878906,103.89179992675781,31.605501174926758,89.64019012451172,234.27748107910156,99.41606903076172
2018-01-02,125.1500015258789,55.54926681518555,85.82782745361328,104.36808776855469,31.908218383789062,89.04290771484375,235.9542999267578,98.34246826171875
2018-01-03,124.81999969482422,55.81639099121094,85.91754913330078,104.76078796386719,32.18043899536133,89.20516967773438,237.4467010498047,98.81263732910156
2018-01-04,125.45999908447266,55.91180419921875,85.87676239013672,105.16181945800781,32.31420135498047,89.17564392089844,238.4475555419922,98.79698944091797
2018-01-05,125.33000183105469,55.94998550415039,85.77067565917969,105.51277923583984,32.6075439453125,89.14613342285156,240.03651428222656,98.51485443115234
2018-01-08,125.30999755859375,55.90546417236328,85.72988891601562,105.67985534667969,32.699058532714844,89.13874816894531,240.4755096435547,98.45220947265625
2018-01-09,124.7300033569336,55.73377227783203,85.32207489013672,105.83863830566406,32.767112731933594,88.81429290771484,241.0198211669922,97.1356201171875
2018-01-10,125.02999877929688,55.612911224365234,85.29761505126953,105.763427734375,32.6802864074707,88.87330627441406,240.651123046875,97.01807403564453
2018-01-11,125.44000244140625,55.79732894897461,85.35466766357422,106.62401580810547,32.917301177978516,89.087158203125,242.40687561035156,97.41771697998047
2018-01-12,126.95999908447266,55.70192337036133,85.29761505126953,107.24234771728516,33.13789749145508,89.10189056396484,243.9871826171875,97.5822982788086
2018-01-16,127.16999816894531,55.670127868652344,85.33839416503906,106.84965515136719,33.0064811706543,89.18304443359375,243.15309143066406,97.98979949951172
2018-01-17,126.13999938964844,55.67646789550781,85.15074157714844,107.70188903808594,33.367881774902344,88.9396743774414,245.47079467773438,97.85659790039062
2018-01-18,125.86000061035156,55.61923599243164,84.881591796875,107.35094451904297,33.3514518737793,88.59309387207031,245.0581512451172,96.94751739501953
2018-01-19,126.41999816894531,55.67646789550781,84.66133880615234,107.82720947265625,33.525108337402344,88.3202133178711,246.173095703125,96.43811798095703
2018-01-22,126.6500015258789,55.727386474609375,84.62871551513672,108.73796844482422,33.78559112548828,88.23912811279297,248.17474365234375,96.5322036743164
2018-01-23,127.27999877929688,55.89271545410156,84.87342834472656,108.75468444824219,33.9381217956543,88.62260437011719,248.70147705078125,96.94751739501953
2018-01-24,128.8300018310547,55.8100471496582,84.71031951904297,108.92178344726562,33.85599136352539,88.56356811523438,248.60487365722656,96.4224853515625
2018-01-25,127.97000122070312,55.77189636230469,84.89787292480469,108.89672088623047,33.877113342285156,89.01341247558594,248.71023559570312,97.21395111083984
2018-01-26,128.07000732421875,55.81639099121094,84.64498901367188,109.90773010253906,34.28543472290039,88.89543151855469,251.5897216796875,96.85350799560547
2018-01-29,127.3499984741211,55.61923599243164,84.43295288085938,109.20584869384766,34.048431396484375,88.65941619873047,249.92172241210938,96.1795883178711
2018-01-30,126.80000305175781,55.42844009399414,84.2371826171875,107.93584442138672,33.748043060302734,88.35709381103516,247.35818481445312,95.61524200439453
2018-01-31,127.6500015258789,55.523841857910156,84.26166534423828,107.81885528564453,33.802005767822266,88.54145050048828,247.48106384277344,96.1795883178711
2018-02-01,128.07000732421875,55.41907501220703,83.82701873779297,108.0611801147461,33.68937301635742,88.15029907226562,247.20025634765625,94.78560638427734
2018-02-02,126.38999938964844,55.067806243896484,83.51654052734375,105.65480041503906,33.01117706298828,87.6993179321289,241.81874084472656,93.9061279296875
2018-02-05,126.70999908447266,54.76124572753906,84.2028579711914,101.21806335449219,31.718149185180664,87.75102996826172,231.70523071289062,94.7934799194336
2018-02-06,125.37999725341797,55.09336853027344,83.83517456054688,102.57164764404297,32.40570831298828,87.5736083984375,236.27037048339844,94.20451354980469
2018-02-07,124.79000091552734,54.88900375366211,83.59004974365234,102.36275482177734,32.18982696533203,87.3296127319336,234.9886474609375,93.30927276611328
2018-02-08,124.9800033569336,54.40996170043945,83.66361236572266,98.8785400390625,30.896778106689453,86.9525375366211,226.17445373535156,93.20716857910156
2018-02-09,124.7699966430664,54.25669479370117,83.51654052734375,100.12348937988281,31.396638870239258,86.6715316772461,229.57191467285156,92.61823272705078
2018-02-12,125.37000274658203,54.627140045166016,83.49201965332031,101.30998992919922,31.891794204711914,86.6715316772461,232.9430694580078,93.026611328125
2018-02-13,126.08000183105469,54.45469284057617,83.63092041015625,101.5689926147461,32.009132385253906,86.64195251464844,233.5225372314453,93.44276428222656
2018-02-14,128.22999572753906,54.55048751831055,83.12435150146484,102.88914489746094,32.49490737915039,86.32404327392578,236.67413330078125,92.40619659423828
2018-02-15,128.3800048828125,54.991207122802734,83.14884185791016,103.87507629394531,32.950164794921875,86.73072052001953,239.6942138671875,92.7203140258789
2018-02-16,127.95999908447266,55.2147331237793,83.34494018554688,104.11739349365234,32.9219970703125,86.98945617675781,239.76438903808594,93.222900390625
2018-02-20,126.23999786376953,55.023101806640625,83.25511932373047,103.14815521240234,32.81875228881836,86.61980438232422,238.26316833496094,92.81455993652344
2018-02-21,125.66000366210938,54.774017333984375,83.00996398925781,102.51316833496094,32.68968963623047,86.14653015136719,237.07803344726562,91.67584228515625
2018-02-22,126.30000305175781,54.81235885620117,83.12435150146484,102.42123413085938,32.757728576660156,86.26485443115234,237.38523864746094,91.95072174072266
2018-02-23,126.13999938964844,55.17642593383789,83.44296264648438,104.04220581054688,33.27869415283203,86.66415405273438,241.16896057128906,92.7674331665039
2018-02-26,126.44999694824219,55.27220916748047,83.54102325439453,105.19525909423828,33.64244079589844,86.77507019042969,243.96961975097656,92.79885864257812
2018-02-27,125.12999725341797,55.12530517578125,83.2795639038086,103.92520141601562,33.2153434753418,86.39796447753906,240.92318725585938,92.66531372070312
2018-02-28,125.0,55.04227066040039,83.47564697265625,102.60506439208984,32.9219970703125,86.56062316894531,238.482666015625,93.25431823730469
2018-03-01,124.72000122070312,54.6773796081543,83.83489990234375,101.42696380615234,32.46909713745117,86.47164154052734,235.0150146484375,93.8908920288086
2018-03-02,125.38999938964844,54.985206604003906,83.52397155761719,102.00347137451172,32.66621780395508,86.19725799560547,236.22637939453125,93.12760162353516
2018-03-05,125.18000030517578,54.985206604003906,83.41757202148438,103.23175048828125,33.02056121826172,86.16761779785156,238.9567413330078,92.87579345703125
2018-03-06,126.52999877929688,55.062156677246094,83.40937805175781,103.46569061279297,33.14494705200195,86.2418212890625,239.5625457763672,92.96240234375
2018-03-07,125.72000122070312,54.927494049072266,83.40937805175781,103.29855346679688,33.20359802246094,86.2121353149414,239.47474670410156,92.86007690429688
2018-03-08,125.41999816894531,54.99161148071289,83.58124542236328,103.57429504394531,33.37727355957031,86.3826904296875,240.63356018066406,93.39514923095703
2018-03-09,125.54000091552734,55.19038772583008,83.40120697021484,105.26209259033203,33.94985580444336,86.07865905761719,244.82115173339844,92.7813949584961
2018-03-12,125.54000091552734,55.10063934326172,83.59758758544922,105.09500885009766,33.96159362792969,86.18988037109375,244.51385498046875,93.31645965576172
2018-03-13,125.77999877929688,54.927494049072266,83.73670196533203,104.51847839355469,33.71754455566406,86.19725799560547,242.93365478515625,93.78861236572266
2018-03-14,125.69999694824219,54.863380432128906,83.90037536621094,103.80826568603516,33.604888916015625,86.39008331298828,241.6869659423828,94.61479187011719
2018-03-15,124.9000015258789,54.90183639526367,83.86766052246094,103.6244125366211,33.57672882080078,86.47904968261719,241.42364501953125,94.61479187011719
2018-03-16,124.5999984741211,55.01728439331055,83.76949310302734,103.92520141601562,33.58143997192383,86.57545471191406,241.68539428710938,94.27645111083984
2018-03-19,124.87000274658203,54.792842864990234,83.68766784667969,102.76383209228516,33.069847106933594,86.28633117675781,238.41531372070312,93.97747802734375
2018-03-20,124.30999755859375,54.90183639526367,83.52397155761719,102.71368408203125,33.20595932006836,85.98230743408203,238.82080078125,93.59973907470703
2018-03-21,126.4800033569336,54.92107391357422,83.58124542236328,102.84735870361328,33.0581169128418,85.93035125732422,238.3625030517578,93.70206451416016
2018-03-22,125.9800033569336,54.594051361083984,83.92491912841797,100.39483642578125,32.19465255737305,86.07865905761719,232.404052734375,94.63056945800781
2018-03-23,127.61000061035156,54.453006744384766,84.03948974609375,98.3111572265625,31.519207000732422,85.80430603027344,227.45046997070312,94.55973052978516
2018-03-26,128.27999877929688,54.8056755065918,83.81036376953125,100.65530395507812,32.44881820678711,86.10832214355469,233.67327880859375,94.19780731201172
2018-03-27,127.48999786376953,54.75435256958008,84.2849349975586,99.57984161376953,31.698089599609375,86.41978454589844,229.69813537597656,95.20497131347656
2018-03-28,125.7300033569336,54.72870635986328,84.26860809326172,99.55464172363281,31.533336639404297,86.64958190917969,229.01942443847656,95.45679473876953
2018-03-29,125.79000091552734,54.9146614074707,84.44049072265625,100.78974914550781,32.02754592895508,87.04258728027344,231.94569396972656,95.9210433959961
2018-04-02,127.26000213623047,54.701534271240234,84.52651977539062,98.5716323852539,31.253280639648438,86.99575805664062,226.9392547607422,96.11032104492188
2018-04-03,126.30000305175781,54.85604476928711,84.25602722167969,99.92435455322266,31.61570167541504,86.76521301269531,229.84796142578125,95.36901092529297
2018-04-04,126.44999694824219,54.97841262817383,84.20682525634766,100.89896392822266,32.036964416503906,86.76521301269531,232.3071746826172,95.17188262939453
2018-04-05,125.80000305175781,55.02345657348633,83.99372100830078,101.63833618164062,32.26054382324219,86.79497528076172,234.1405029296875,94.46221923828125
2018-04-06,126.38999938964844,54.90110778808594,84.36255645751953,99.56305694580078,31.521577835083008,87.05522918701172,228.9224853515625,95.49526977539062
2018-04-09,126.81999969482422,55.10714340209961,84.37895202636719,99.96633911132812,31.61570167541504,87.09983825683594,230.05064392089844,95.65294647216797
2018-04-10,127.12000274658203,55.30678939819336,84.2314224243164,101.43668365478516,32.17817687988281,87.12218475341797,233.70851135253906,95.47943115234375
2018-04-11,128.11000061035156,55.32610321044922,84.31336212158203,100.98298645019531,32.02050018310547,87.18161010742188,232.48341369628906,95.81857299804688
2018-04-12,126.62000274658203,55.525657653808594,84.01013946533203,101.6971435546875,32.28171920776367,86.94371032714844,234.3960418701172,95.11669921875
2018-04-13,127.44999694824219,55.55788803100586,84.08387756347656,101.38628387451172,32.19465255737305,86.97344207763672,233.70851135253906,95.3375015258789
2018-04-16,127.62999725341797,55.64159393310547,84.04290771484375,102.18445587158203,32.46294021606445,86.98088836669922,235.63006591796875,95.36901092529297
2018-04-17,127.75,55.66728591918945,84.09211730957031,102.68017578125,32.978328704833984,86.98831176757812,238.15093994140625,95.62925720214844
2018-04-18,127.8499984741211,55.60938262939453,83.76421356201172,102.79781341552734,33.02775192260742,86.54212951660156,238.3271942138672,94.86439514160156
2018-04-19,127.5999984741211,55.43557357788086,83.5346908569336,102.49534606933594,32.757118225097656,86.21491241455078,237.00511169433594,94.09154510498047
2018-04-20,126.62999725341797,55.30033874511719,83.25595092773438,101.9743881225586,32.392333984375,85.86546325683594,234.9954071044922,93.41340637207031
2018-04-23,125.62000274658203,55.15224075317383,83.17401123046875,102.01641845703125,32.366451263427734,85.82825469970703,234.96018981933594,93.43707275390625
2018-04-24,126.2300033569336,55.04281234741211,83.07563781738281,101.36947631835938,31.74514389038086,85.57539367675781,231.79592895507812,93.01121520996094
2018-04-25,125.41000366210938,55.049217224121094,82.8953628540039,101.6047134399414,31.782791137695312,85.3077392578125,232.36880493164062,92.38827514648438
2018-04-26,124.97000122070312,55.24241638183594,83.13302612304688,102.01641845703125,32.298194885253906,85.56059265136719,234.73098754882812,93.03491973876953
2018-04-27,125.5,55.21664047241211,83.2723617553711,102.0500259399414,32.32173156738281,85.75391387939453,234.95138549804688,93.75250244140625
2018-04-30,124.58999633789062,55.178001403808594,83.36256408691406,101.10901641845703,32.112281799316406,85.67955017089844,233.14450073242188,93.9180908203125
2018-05-01,123.70999908447266,55.21870803833008,83.23196411132812,100.9073715209961,32.30289840698242,85.44762420654297,233.55873107910156,93.5798568725586
2018-05-02,123.6500015258789,55.1993522644043,83.2484130859375,100.05036926269531,32.14522171020508,85.38050842285156,231.9897918701172,93.47710418701172
2018-05-03,124.27999877929688,55.19287109375,83.4619369506836,99.57145690917969,32.154640197753906,85.3954086303711,231.47854614257812,93.89596557617188
2018-05-04,124.54000091552734,55.23167037963867,83.47015380859375,100.7225112915039,32.622962951660156,85.51473236083984,234.4753875732422,94.03822326660156
2018-05-07,124.56999969482422,55.283424377441406,83.42904663085938,100.94097900390625,32.80888366699219,85.41779327392578,235.26869201660156,93.88806915283203
2018-05-08,124.58999633789062,55.1993522644043,83.28947448730469,100.957763671875,32.806522369384766,85.3879623413086,235.26869201660156,93.8011245727539
2018-05-09,124.33000183105469,55.28987121582031,83.10060119628906,101.92398071289062,33.114830017089844,85.37305450439453,237.54270935058594,93.24004364013672
2018-05-10,125.18000030517578,55.451507568359375,83.27304077148438,102.84822845458984,33.41136169433594,85.80558776855469,239.76393127441406,93.99080657958984
2018-05-11,125.0,55.432125091552734,83.28126525878906,103.08348083496094,33.4725456237793,85.95470428466797,240.49559020996094,94.22787475585938
2018-05-14,124.48999786376953,55.445045471191406,83.10060119628906,103.20108795166016,33.479610443115234,85.7981185913086,240.61007690429688,93.73003387451172
2018-05-15,122.4800033569336,55.173458099365234,82.64067077636719,102.73059844970703,33.19719314575195,85.14933013916016,238.95306396484375,92.66309356689453
2018-05-16,122.29000091552734,55.244598388671875,82.46823120117188,103.13388061523438,33.36665344238281,85.03748321533203,239.9578399658203,92.30744934082031
2018-05-17,122.36000061035156,55.276912689208984,82.4189453125,103.19268035888672,33.32429504394531,84.87337493896484,239.7551727294922,91.84117126464844
2018-05-18,122.41000366210938,55.21870803833008,82.73921966552734,102.73059844970703,33.31958770751953,85.22389221191406,239.15574645996094,92.6314468383789
2018-05-21,122.4800033569336,55.296348571777344,82.79676818847656,103.48676300048828,33.56903839111328,85.27610778808594,240.95387268066406,92.67886352539062
2018-05-22,122.41000366210938,55.33512878417969,82.76386260986328,103.31874084472656,33.40195083618164,85.18656921386719,240.28395080566406,92.53668212890625
2018-05-23,122.54000091552734,55.38036346435547,83.1416244506836,103.2347183227539,33.59493637084961,85.55204010009766,240.9450225830078,93.20841979980469
2018-05-24,123.58999633789062,55.412715911865234,83.35515594482422,102.8902359008789,33.606689453125,85.79067993164062,240.45147705078125,93.95130920410156
2018-05-25,123.20999908447266,55.32217788696289,83.68365478515625,102.4701156616211,33.57844924926758,86.04421997070312,239.87852478027344,94.53608703613281
2018-05-29,123.19000244140625,55.089393615722656,84.58699798583984,101.03338623046875,33.34309768676758,86.49910736083984,237.1196746826172,96.6067123413086
2018-05-30,123.37000274658203,55.25752639770508,84.22566223144531,102.579345703125,33.69847106933594,86.16354370117188,240.28395080566406,95.95864868164062
2018-05-31,123.0999984741211,55.2057991027832,84.18460845947266,101.7055435180664,33.51960754394531,86.12625122070312,238.81204223632812,95.80061340332031
2018-06-01,122.48999786376953,55.33181381225586,83.87358856201172,102.49534606933594,33.933815002441406,85.96092224121094,241.1565704345703,95.2944107055664
2018-06-04,122.37000274658203,55.448734283447266,83.57732391357422,102.74739074707031,34.19268035888672,85.76641845703125,242.30242919921875,94.60527038574219
2018-06-05,122.8499984741211,55.51367950439453,83.791259765625,102.62137603759766,34.31271743774414,85.82625579833984,242.47869873046875,94.82701873779297
2018-06-06,122.91999816894531,55.650062561035156,83.45388793945312,103.55398559570312,34.5927848815918,85.5120849609375,244.50599670410156,94.05866241455078
2018-06-07,122.86000061035156,55.66953659057617,83.80766296386719,103.92364501953125,34.432735443115234,85.7963638305664,244.4795379638672,94.96963500976562
2018-06-08,123.01000213623047,55.63707733154297,83.69253540039062,104.22615051269531,34.54100799560547,85.65422058105469,245.20228576660156,94.68447875976562
2018-06-11,123.2300033569336,55.741031646728516,83.6102523803711,104.30176544189453,34.609249114990234,85.57194519042969,245.5284423828125,94.51020812988281
2018-06-12,122.81999969482422,55.786495208740234,83.56085968017578,104.25135040283203,34.75044631958008,85.57937622070312,245.8457794189453,94.53397369384766
2018-06-13,123.19000244140625,55.80593490600586,83.4621353149414,103.78082275390625,34.621009826660156,85.49712371826172,245.06121826171875,94.4864273071289
2018-06-14,123.37999725341797,55.96833038330078,83.72547149658203,103.68842315673828,34.83046340942383,85.8861312866211,245.67825317382812,95.2706298828125
2018-06-15,121.33999633789062,55.93584442138672,83.791259765625,103.57917785644531,34.80692672729492,85.76641845703125,245.3647918701172,95.35778045654297
2018-06-18,121.11000061035156,55.92936706542969,83.83245086669922,103.29351806640625,34.78340148925781,85.67665100097656,244.86021423339844,95.2706298828125
2018-06-19,120.80000305175781,55.851436614990234,84.05463409423828,103.05825805664062,34.58806610107422,85.72156524658203,243.9216766357422,95.82515716552734
2018-06-20,120.26000213623047,55.909881591796875,83.78306579589844,103.09186553955078,34.710445404052734,85.24275970458984,244.3377685546875,94.98542785644531
2018-06-21,120.05000305175781,55.79295349121094,84.00520324707031,102.478515625,34.46333312988281,85.17545318603516,242.80612182617188,95.48454284667969
2018-06-22,120.33999633789062,55.7994499206543,84.02169036865234,102.90703582763672,34.4162712097168,85.28020477294922,243.24880981445312,95.47663116455078
2018-06-25,119.88999938964844,55.66953659057617,84.13690185546875,101.95761108398438,33.79966735839844,85.19786834716797,239.93748474121094,95.69047546386719
2018-06-26,119.26000213623047,55.66305923461914,84.17801666259766,102.01641845703125,33.92204666137695,85.48213195800781,240.46871948242188,95.82515716552734
2018-06-27,118.58000183105469,55.546165466308594,84.49895477294922,101.43668365478516,33.503150939941406,85.77393341064453,238.4766082763672,96.72819519042969
2018-06-28,118.22000122070312,55.3902473449707,84.4166488647461,101.92398071289062,33.790252685546875,85.66166687011719,239.84014892578125,96.751953125
2018-06-29,118.6500015258789,55.26034927368164,84.35081481933594,101.98282623291016,33.8420295715332,85.70660400390625,240.1853485107422,96.41925811767578
2018-07-02,117.45999908447266,55.31318664550781,84.2931137084961,101.9408187866211,34.030311584472656,85.7178726196289,240.69894409179688,96.34379577636719
2018-07-03,118.6500015258789,55.31972885131836,84.50743103027344,101.8782730102539,33.7819938659668,86.03300476074219,239.84893798828125,96.85987854003906
2018-07-05,119.05000305175781,55.52851867675781,84.51569366455078,102.57129669189453,34.107723236083984,86.3031005859375,241.80560302734375,97.13774108886719
2018-07-06,118.86000061035156,55.67205047607422,84.58988952636719,103.20519256591797,34.4830322265625,86.42315673828125,243.850830078125,97.45532989501953
2018-07-09,119.1500015258789,55.75686264038086,84.37553405761719,104.13488006591797,34.81112289428711,86.4831771850586,246.046630859375,96.82815551757812
2018-07-10,118.93000030517578,55.76340103149414,84.30957794189453,104.52367401123047,34.889015197753906,86.38563537597656,246.93197631835938,96.8201675415039
2018-07-11,117.63999938964844,55.67859649658203,84.48272705078125,103.59400177001953,34.7285270690918,86.5582046508789,245.125732421875,97.193359375
2018-07-12,118.12999725341797,55.854740142822266,84.44973754882812,104.04191589355469,35.169918060302734,86.74575805664062,247.34814453125,97.18538665771484
2018-07-13,117.61000061035156,55.854740142822266,84.58988952636719,103.97431945800781,35.24308395385742,86.81332397460938,247.54281616210938,97.4315414428711
2018-07-16,117.55000305175781,55.815582275390625,84.44973754882812,104.03348541259766,35.13213348388672,86.6707534790039,247.3214569091797,97.02661895751953
2018-07-17,116.27999877929688,55.83515930175781,84.40026092529297,104.23633575439453,35.36582946777344,86.61075592041016,248.32203674316406,96.84400939941406
2018-07-18,116.30999755859375,55.86126708984375,84.33432006835938,104.60819244384766,35.40122604370117,86.59568786621094,248.84439086914062,96.4549789428711
2018-07-19,115.80999755859375,55.83515930175781,84.5651626586914,104.27013397216797,35.27848434448242,86.7308120727539,247.90586853027344,97.06631469726562
2018-07-20,116.55999755859375,55.86126708984375,84.26836395263672,104.01656341552734,35.271400451660156,86.47570037841797,247.6224822998047,95.87541198730469
2018-07-23,116.0,55.84168243408203,83.85616302490234,104.27013397216797,35.27848434448242,86.13053131103516,248.08297729492188,94.69245147705078
2018-07-24,116.04000091552734,55.95912551879883,83.91388702392578,104.63355255126953,35.37761688232422,86.40062713623047,249.3313751220703,95.01795196533203
2018-07-25,116.68000030517578,56.06350326538086,83.85616302490234,105.14066314697266,35.84970474243164,86.51319122314453,251.4562530517578,94.8670883178711
2018-07-26,115.7699966430664,56.070037841796875,83.76551818847656,105.698486328125,35.48382568359375,86.59568786621094,250.86300659179688,94.68450164794922
2018-07-27,115.83000183105469,56.05046844482422,83.8974380493164,105.38578796386719,35.08494567871094,86.7082748413086,249.16307067871094,94.84327697753906
2018-07-30,115.6500015258789,56.070037841796875,83.790283203125,105.5970687866211,34.5821647644043,86.58820343017578,247.8616485595703,94.51775360107422
2018-07-31,115.98999786376953,56.187461853027344,83.90564727783203,105.91822052001953,34.81821060180664,86.85832214355469,249.08346557617188,95.03384399414062
2018-08-01,115.13999938964844,56.23790740966797,83.70740509033203,105.38578796386719,34.94094467163086,86.55200958251953,248.6672821044922,94.2596206665039
2018-08-02,114.5199966430664,56.270694732666016,83.8065414428711,105.49564361572266,35.30916213989258,86.65739440917969,250.02186584472656,94.39485168457031
2018-08-03,114.91999816894531,56.3165397644043,84.02127075195312,106.1548843383789,35.39178466796875,86.92832946777344,251.09320068359375,94.86436462402344
2018-08-06,114.33000183105469,56.4213981628418,84.0626220703125,106.43380737304688,35.575904846191406,87.01111602783203,252.01402282714844,94.9200439453125
2018-08-07,114.58999633789062,56.44759750366211,83.88911437988281,106.73804473876953,35.70570755004883,86.74018096923828,252.8462677001953,94.42670440673828
2018-08-08,114.91000366210938,56.414833068847656,83.96346282958984,106.6197280883789,35.70570755004883,86.60475158691406,252.73997497558594,94.52223205566406
2018-08-09,114.73999786376953,56.375518798828125,84.19476318359375,106.39153289794922,35.71752166748047,86.67244720458984,252.3946990966797,95.31790924072266
2018-08-10,114.69000244140625,56.277244567871094,84.55821990966797,105.63086700439453,35.49799728393555,86.81541442871094,250.70372009277344,96.01020050048828
2018-08-13,112.95999908447266,56.23790740966797,84.53343963623047,105.03923797607422,35.43427276611328,86.7928695678711,249.76513671875,95.81121826171875
2018-08-14,113.06999969482422,56.336204528808594,84.4508056640625,105.71540832519531,35.665584564208984,86.90575408935547,251.3588409423828,95.59639739990234
2018-08-15,111.19000244140625,56.23790740966797,84.65735626220703,104.9547348022461,35.34929275512695,87.08636474609375,249.4818115234375,96.15338897705078
2018-08-16,111.0999984741211,56.30998992919922,84.6325454711914,106.1548843383789,35.53812789916992,87.19926452636719,251.50059509277344,96.14544677734375
2018-08-17,112.12999725341797,56.375518798828125,84.66557312011719,106.65352630615234,35.590057373046875,87.27452850341797,252.3858184814453,96.26480102539062
2018-08-20,112.69000244140625,56.401737213134766,84.92991638183594,106.95780181884766,35.67031478881836,87.5002670288086,252.92604064941406,96.90930938720703
2018-08-21,113.0199966430664,56.486907958984375,84.81422424316406,107.26207733154297,35.74818801879883,87.28202056884766,253.51919555664062,96.58309936523438
2018-08-22,113.2699966430664,56.506568908691406,84.9712142944336,107.05921936035156,35.819026947021484,87.27452850341797,253.36863708496094,96.96502685546875
2018-08-23,112.19999694824219,56.49999237060547,84.96298217773438,106.70427703857422,35.814292907714844,87.30462646484375,253.03225708007812,97.11622619628906
2018-08-24,114.16000366210938,56.59828186035156,84.98772430419922,107.1860122680664,36.11405944824219,87.47769165039062,254.55508422851562,97.30714416503906
2018-08-27,114.58999633789062,56.61796569824219,84.79771423339844,107.85370635986328,36.41147232055664,87.34222412109375,256.5648193359375,96.75016784667969
2018-08-28,113.68000030517578,56.59171676635742,84.60774993896484,107.87905883789062,36.45867919921875,87.01111602783203,256.68878173828125,96.16930389404297
2018-08-29,114.19999694824219,56.558956146240234,84.5829849243164,108.14105224609375,36.77260971069336,86.92081451416016,258.0700988769531,96.29662322998047
2018-08-30,113.63999938964844,56.513084411621094,84.73991394042969,107.54944610595703,36.65930938720703,87.0035629272461,257.0252380371094,96.50353240966797
2018-08-31,113.51000213623047,56.58522033691406,84.75643920898438,107.42266082763672,36.70652770996094,86.87564086914062,257.0340881347656,96.2806625366211
2018-09-04,112.93000030517578,56.4673957824707,84.5627670288086,107.26207733154297,36.70180892944336,86.71560668945312,256.5914001464844,95.72405242919922
2018-09-05,113.31999969482422,56.408180236816406,84.55451202392578,107.583251953125,36.35954284667969,86.66278839111328,255.9008026123047,95.4688720703125
2018-09-06,113.54000091552734,56.45425033569336,84.72830963134766,107.28741455078125,36.22499465942383,86.9043197631836,255.1305389404297,95.81974029541016
2018-09-07,113.2300033569336,56.395023345947266,84.34758758544922,107.00005340576172,36.15418243408203,86.5420150756836,254.63473510742188,95.00627899169922
2018-09-10,113.1500015258789,56.50689697265625,84.39724731445312,107.21981048583984,36.23208236694336,86.82884979248047,255.07742309570312,95.35723876953125
2018-09-11,113.22000122070312,56.520023345947266,84.09098815917969,107.27051544189453,36.472843170166016,86.63261413574219,255.9185791015625,94.6314697265625
2018-09-12,114.16999816894531,56.65167236328125,84.1903076171875,107.32122802734375,36.47047805786133,86.80622100830078,255.98048400878906,94.85478210449219
2018-09-13,113.76000213623047,56.75690460205078,84.18204498291016,107.74381256103516,36.718326568603516,86.98733520507812,257.4945068359375,94.998291015625
2018-09-14,113.0199966430664,56.80958557128906,84.02481079101562,107.92976379394531,36.70180892944336,86.88164520263672,257.5389099121094,94.54375457763672
2018-09-17,113.61000061035156,56.77008819580078,84.04132080078125,107.8367919921875,36.29346466064453,86.82884979248047,256.1752624511719,94.54375457763672
2018-09-18,113.44000244140625,56.763545989990234,83.6937255859375,108.28472900390625,36.53657531738281,86.47411346435547,257.5652770996094,93.55485534667969
2018-09-19,113.87999725341797,56.658241271972656,83.55302429199219,108.58056640625,36.47992706298828,86.34578704833984,257.8397216796875,92.99658203125
2018-09-20,114.2699966430664,56.73720169067383,83.56127166748047,109.33275604248047,36.7844123840332,86.57223510742188,259.92926025390625,93.4272232055664
2018-09-21,113.48999786376953,56.75035858154297,83.59442138671875,109.45954132080078,36.6734733581543,86.58731079101562,259.6918029785156,93.38735961914062
2018-09-24,113.47000122070312,56.72404098510742,83.50333404541016,108.68196105957031,36.699440002441406,86.39102935791016,258.8291015625,93.14810943603516
2018-09-25,113.6500015258789,56.677974700927734,83.42059326171875,108.25093078613281,36.76081848144531,86.39102935791016,258.5890197753906,93.05242156982422
2018-09-26,113.05000305175781,56.73720169067383,83.6937255859375,107.68114471435547,36.72672653198242,86.70051574707031,257.8152160644531,93.70637512207031
2018-09-27,112.05000305175781,56.842464447021484,83.6937255859375,107.6046142578125,36.9255485534668,86.81375122070312,258.5356750488281,93.77017211914062
2018-09-28,112.76000213623047,56.88197326660156,83.73509979248047,107.68114471435547,36.92082977294922,86.75341033935547,258.5623779296875,93.52295684814453
2018-10-01,112.56999969482422,57.04656219482422,83.5228042602539,108.0298080444336,37.010772705078125,86.63374328613281,259.4606628417969,92.83635711669922
2018-10-02,113.87000274658203,57.00028610229492,83.73844146728516,108.242431640625,36.88295364379883,86.70941162109375,259.30938720703125,93.40386199951172
2018-10-03,113.41999816894531,56.8482551574707,83.11639404296875,108.34449005126953,36.93265914916992,86.20215606689453,259.45172119140625,91.78134155273438
2018-10-04,113.4800033569336,56.63674545288086,82.90079498291016,108.16587829589844,36.35747528076172,85.84629821777344,257.4239501953125,91.13392639160156
2018-10-05,113.80000305175781,56.38551712036133,82.70177459716797,107.83423614501953,36.049766540527344,85.51315307617188,255.98312377929688,90.3505859375
2018-10-08,112.54000091552734,56.259952545166016,82.73492431640625,108.20841217041016,35.85091781616211,85.42231750488281,255.98312377929688,90.046875
2018-10-09,112.5999984741211,56.34587097167969,82.89246368408203,107.89375305175781,35.84382629394531,85.66458892822266,255.60952758789062,90.95808410644531
2018-10-10,112.87999725341797,55.9426155090332,82.9339599609375,105.21491241455078,34.42124938964844,85.4298324584961,247.51608276367188,90.71026611328125
2018-10-11,115.77999877929688,55.98893356323242,83.27398681640625,102.51905822753906,33.86736297607422,85.7857437133789,242.064208984375,91.8133316040039
2018-10-12,115.2300033569336,56.286380767822266,83.17445373535156,103.08885192871094,34.59877395629883,85.80085754394531,245.42605590820312,91.49359893798828
2018-10-15,116.0,56.24671936035156,83.2242202758789,102.91876220703125,34.31473159790039,85.64179229736328,244.04750061035156,91.45358276367188
2018-10-16,115.80000305175781,56.43839645385742,83.21595764160156,104.61109924316406,35.24970245361328,85.86144256591797,249.38380432128906,91.66141510009766
2018-10-17,115.79000091552734,56.326026916503906,82.97543334960938,104.81522369384766,35.16448211669922,85.43740844726562,249.4284210205078,91.11788177490234
2018-10-18,115.91999816894531,56.08806228637695,83.12467956542969,103.83723449707031,34.48751449584961,85.43740844726562,245.8262939453125,91.08597564697266
2018-10-19,116.01000213623047,56.12112808227539,83.02516174316406,103.89674377441406,34.35969543457031,85.3314208984375,245.69288635253906,90.8861083984375
2018-10-22,115.70999908447266,56.14757537841797,83.04178619384766,102.96128845214844,34.39284133911133,85.2254409790039,244.59010314941406,90.76624298095703
2018-10-23,116.38999938964844,56.09467697143555,83.25740051269531,102.34895324707031,34.191646575927734,85.34656524658203,243.34486389160156,91.053955078125
2018-10-24,116.66000366210938,55.81707000732422,83.70525360107422,99.8827133178711,32.896873474121094,85.46770477294922,235.97189331054688,91.74132537841797
2018-10-25,116.4000015258789,55.92941665649414,83.50619506835938,101.11583709716797,33.72297668457031,85.36170959472656,240.2053680419922,91.35769653320312
2018-10-26,116.7699966430664,55.678245544433594,83.87942504882812,99.72964477539062,33.00813674926758,85.5055923461914,235.98080444335938,91.90923309326172
2018-10-29,116.30999755859375,55.62535095214844,83.87110137939453,99.95924377441406,32.541831970214844,85.40714263916016,234.6734619140625,91.70138549804688
2018-10-30,115.80000305175781,55.757591247558594,83.68866729736328,101.58360290527344,33.01523208618164,85.21786499023438,238.15089416503906,91.24581146240234
2018-10-31,115.1500015258789,55.757591247558594,83.48130798339844,102.12784576416016,33.63065719604492,84.97557830810547,240.6945037841797,90.78223419189453
2018-11-01,116.62999725341797,56.013301849365234,83.55280303955078,102.97825622558594,34.05434799194336,85.23312377929688,243.2559814453125,90.8663558959961
2018-11-02,116.6500015258789,55.980125427246094,83.08735656738281,102.74018859863281,33.76557159423828,84.8912353515625,241.81517028808594,89.73664093017578
2018-11-05,116.37000274658203,56.026607513427734,83.13723754882812,103.81172180175781,33.75612258911133,85.04319763183594,243.1492919921875,90.08911895751953
2018-11-06,116.04000091552734,56.17274475097656,83.04582977294922,104.38999938964844,33.97624206542969,85.1875,244.68789672851562,90.03309631347656
2018-11-07,116.02999877929688,56.49824905395508,83.04582977294922,105.82723236083984,34.906494140625,85.40779113769531,249.92636108398438,90.15324401855469
2018-11-08,115.77999877929688,56.35874938964844,82.92945098876953,105.76769256591797,34.78340530395508,85.15713500976562,249.47276306152344,90.14527893066406
2018-11-09,114.4800033569336,56.03989028930664,83.25363159179688,105.0788345336914,34.347862243652344,85.2179183959961,247.0359344482422,90.81826782226562
2018-11-12,113.66000366210938,55.69447708129883,83.50296020507812,103.58207702636719,33.49101638793945,85.21031951904297,242.41998291015625,91.41117095947266
2018-11-13,113.69999694824219,55.6014289855957,83.5694351196289,103.45451354980469,33.46260070800781,85.09632110595703,241.9663848876953,91.3551025390625
2018-11-14,114.63999938964844,55.495174407958984,83.74393463134766,102.79119873046875,33.19039535522461,84.86846923828125,240.31214904785156,91.41117095947266
2018-11-15,114.7699966430664,55.48187255859375,83.80216217041016,103.80321502685547,33.62118911743164,84.70893859863281,242.8201904296875,91.37107849121094
2018-11-16,115.62000274658203,55.3157958984375,84.05979919433594,104.32196807861328,33.585693359375,84.87602233886719,243.4516143798828,91.89994049072266
2018-11-19,115.66999816894531,55.143096923828125,84.1844482421875,103.7181625366211,32.593902587890625,84.79248809814453,239.3337860107422,92.15630340576172
2018-11-20,115.66999816894531,54.970375061035156,84.1678466796875,101.7621841430664,32.037654876708984,84.58740234375,234.9046173095703,92.18833923339844
2018-11-21,115.86000061035156,55.249366760253906,84.15120697021484,102.04280090332031,32.22938537597656,84.76969146728516,235.705078125,92.15630340576172
2018-11-23,115.7699966430664,54.94382095336914,84.2010726928711,101.46453094482422,32.04001998901367,84.80767822265625,234.13088989257812,92.2524642944336
2018-11-26,115.63999938964844,55.20286178588867,84.13458251953125,102.71463775634766,32.63414764404297,84.84565734863281,237.91078186035156,92.04412078857422
2018-11-27,114.94999694824219,55.176292419433594,84.21768951416016,102.96975708007812,32.70515060424805,84.73933410644531,238.71127319335938,92.14833068847656
2018-11-28,115.37999725341797,55.63467025756836,84.20938110351562,104.50904846191406,33.73480987548828,84.96722412109375,244.20765686035156,91.69960021972656
2018-11-29,115.73999786376953,55.64796447753906,84.42549133300781,104.38999938964844,33.65433120727539,84.72412109375,243.67396545410156,92.0601806640625
2018-11-30,115.54000091552734,55.53501510620117,84.59169006347656,105.01081085205078,33.92417526245117,84.67095184326172,245.15924072265625,92.40465545654297
2018-12-03,116.41000366210938,55.91938018798828,84.776611328125,105.3849868774414,34.46148681640625,84.98567962646484,248.4055938720703,93.060791015625
2018-12-04,117.12000274658203,55.572364807128906,85.16806030273438,102.9527587890625,33.23063278198242,85.00093078613281,240.35658264160156,94.61878204345703
2018-12-06,117.13999938964844,55.37887954711914,85.38458251953125,102.44252014160156,33.3253173828125,85.260009765625,239.99195861816406,94.91594696044922
2018-12-07,118.08999633789062,55.272090911865234,85.63447570800781,100.59707641601562,32.335906982421875,85.26763916015625,234.4154815673828,95.09260559082031
2018-12-10,117.68000030517578,55.31215286254883,85.68439483642578,100.2059097290039,32.567867279052734,85.52674102783203,234.86016845703125,95.48609161376953
2018-12-11,117.54000091552734,55.4122314453125,85.46785736083984,100.018798828125,32.61994934082031,85.67914581298828,234.91355895996094,95.47006225585938
2018-12-12,117.79000091552734,55.59241485595703,85.23466491699219,100.33346557617188,32.875587463378906,85.77062225341797,236.09642028808594,95.04444122314453
2018-12-13,117.52999877929688,55.72587203979492,85.28465270996094,100.2398910522461,32.82114028930664,85.99922943115234,236.01634216308594,94.81957244873047
2018-12-14,117.05999755859375,55.492305755615234,85.41790008544922,98.77718353271484,32.12050247192383,85.90782165527344,231.65841674804688,95.14884185791016
2018-12-17,117.87000274658203,55.13197326660156,85.66777801513672,96.90653228759766,31.373077392578125,85.99922943115234,227.11363220214844,95.70293426513672
2018-12-18,118.1500015258789,55.03207778930664,85.8789291381836,96.4183120727539,31.532100677490234,86.30653381347656,226.8645782470703,96.27610778808594
2018-12-19,117.43000030517578,54.535911560058594,86.17931365966797,95.21919250488281,30.95534324645996,86.23773193359375,223.46713256835938,97.54794311523438
2018-12-20,119.23999786376953,54.059871673583984,86.07084655761719,93.7973861694336,30.38806915283203,85.95487976074219,219.82957458496094,97.19378662109375
2018-12-21,118.72000122070312,53.79170227050781,86.14598846435547,92.3584213256836,29.595319747924805,85.87078094482422,215.32537841796875,97.17765045166016
2018-12-24,120.0199966430664,53.38944625854492,86.36297607421875,89.75459289550781,28.90225601196289,85.67203521728516,209.63584899902344,97.66067504882812
2018-12-26,119.66000366210938,54.2878532409668,85.95401000976562,93.50615692138672,30.532861709594727,85.6032485961914,220.22760009765625,96.61419677734375
2018-12-27,120.56999969482422,54.25434494018555,86.17100524902344,94.3541030883789,30.83192253112793,85.6032485961914,221.9184112548828,96.6302719116211
2018-12-28,121.05999755859375,54.33479690551758,86.63839721679688,94.28557586669922,30.75476837158203,86.00839233398438,221.6321563720703,97.44332885742188
2018-12-31,121.25,54.375038146972656,86.96382904052734,95.1164321899414,31.077621459960938,86.24542236328125,223.5734100341797,97.8135986328125
2019-01-02,121.33000183105469,54.30126953125,87.14747619628906,95.0992660522461,31.05388069152832,86.51294708251953,223.8059539794922,98.32881164550781
2019-01-03,122.43000030517578,54.32809066772461,87.84020233154297,93.54899597167969,30.09005355834961,86.55110931396484,218.46534729003906,99.44773864746094
2019-01-04,121.44000244140625,55.239952087402344,87.13079071044922,96.23844909667969,31.281784057617188,86.4976806640625,225.78297424316406,98.29656219482422
2019-01-07,121.86000061035156,55.77629470825195,86.88871765136719,96.77803802490234,31.60701560974121,86.50527954101562,227.5631866455078,98.00680541992188
2019-01-08,121.52999877929688,56.13835906982422,86.6717300415039,97.5660400390625,32.00109100341797,86.6964111328125,229.7012176513672,97.74920654296875
2019-01-09,122.30999755859375,56.20541763305664,86.72183227539062,97.9771957397461,32.1767692565918,87.02511596679688,230.77468872070312,97.59623718261719
2019-01-10,121.58999633789062,56.42665100097656,86.68012237548828,98.38832092285156,32.340579986572266,86.7957763671875,231.5888214111328,96.96836853027344
2019-01-11,121.80000305175781,56.245601654052734,86.93881225585938,98.57673645019531,32.26459884643555,86.95631408691406,231.67828369140625,97.34671020507812
2019-01-14,122.08999633789062,56.064598083496094,86.88871765136719,98.15702056884766,32.01296615600586,86.72701263427734,230.26483154296875,96.98448181152344
2019-01-15,121.87999725341797,56.2523307800293,86.80533599853516,98.89366149902344,32.511512756347656,86.78044891357422,232.90386962890625,96.6302719116211
2019-01-16,122.2699966430664,56.33949661254883,86.7552490234375,99.2705307006836,32.53524398803711,86.94866943359375,233.46742248535156,96.7269287109375
2019-01-17,122.11000061035156,56.493736267089844,86.59666442871094,100.0413818359375,32.80350112915039,87.1244888305664,235.2386474609375,96.75101470947266
2019-01-18,121.0199966430664,56.65462875366211,86.32123565673828,101.36898803710938,33.249813079833984,87.2773666381836,238.36972045898438,96.24386596679688
2019-01-22,121.44999694824219,56.27914047241211,86.62165832519531,100.1869888305664,32.7014274597168,87.42266082763672,235.149169921875,96.89592742919922
2019-01-23,121.27999877929688,56.39313507080078,86.57997131347656,100.37541961669922,32.727535247802734,87.64435577392578,235.64125061035156,96.8556900024414
2019-01-24,121.08999633789062,56.45347595214844,86.85535430908203,100.47822570800781,32.831993103027344,87.87364959716797,235.7664337158203,97.49161529541016
2019-01-25,122.86000061035156,56.594295501708984,86.65509033203125,101.0092544555664,33.2260627746582,87.95011901855469,237.76138305664062,97.02474212646484
2019-01-28,123.29000091552734,56.50713348388672,86.68012237548828,100.64952850341797,32.874717712402344,87.93478393554688,235.954345703125,96.92811584472656
2019-01-29,123.9800033569336,56.47356414794922,86.93048858642578,100.85508728027344,32.715667724609375,88.12592315673828,235.64125061035156,97.41919708251953
2019-01-30,124.69000244140625,56.92279815673828,87.13079071044922,101.75443267822266,33.446842193603516,88.53109741210938,239.3716278076172,97.34671020507812
2019-01-31,124.75,57.06358337402344,87.5313949584961,102.37969970703125,33.831417083740234,89.15031433105469,241.4739227294922,98.18392181396484
2019-02-01,124.5,57.03599548339844,87.06304168701172,102.73085021972656,33.81005096435547,88.93787384033203,241.59017944335938,97.59092712402344
2019-02-04,123.95999908447266,57.170719146728516,86.87064361572266,103.08203125,34.17327880859375,88.81523895263672,243.28990173339844,97.15521240234375
2019-02-05,124.27999877929688,57.37274169921875,87.0212173461914,103.2362060546875,34.42491912841797,89.17558288574219,244.30979919433594,97.59898376464844
2019-02-06,123.44000244140625,57.31887435913086,87.088134765625,103.21051025390625,34.33708953857422,89.00688171386719,243.98768615722656,97.64735412597656
2019-02-07,123.73999786376953,57.1235466003418,87.37247467041016,102.4053726196289,33.98811340332031,88.99158477783203,241.66177368164062,98.29281616210938
2019-02-08,124.20999908447266,57.11007308959961,87.4896011352539,102.42251586914062,34.06170654296875,89.21391296386719,241.95693969726562,98.71234130859375
2019-02-11,123.5999984741211,57.13703155517578,87.35576629638672,102.59381866455078,34.071205139160156,89.0145492553711,242.09115600585938,98.32508087158203
2019-02-12,123.86000061035156,57.41313171386719,87.23867797851562,103.79295349121094,34.53886795043945,89.13724517822266,245.20431518554688,98.07498168945312
2019-02-13,123.37000274658203,57.33234786987305,87.0212173461914,104.13555908203125,34.64332580566406,88.90724182128906,246.00050354003906,97.70384979248047
2019-02-14,124.05999755859375,57.33907699584961,87.43103790283203,103.84432983398438,34.59822082519531,89.00688171386719,245.4547882080078,98.26055908203125
2019-02-15,124.80000305175781,57.520938873291016,87.34742736816406,105.27471923828125,34.85935974121094,89.1142349243164,248.12960815429688,98.413818359375
2019-02-19,126.69999694824219,57.5411376953125,87.49794006347656,105.56594848632812,34.868858337402344,89.16792297363281,248.55894470214844,98.66394805908203
2019-02-20,126.4800033569336,57.58827209472656,87.48121643066406,105.89141845703125,34.89498519897461,89.09126281738281,249.05996704101562,98.38155364990234
2019-02-21,125.05000305175781,57.5344123840332,87.22193908691406,105.56594848632812,34.75727081298828,88.83820343017578,248.17440795898438,97.50213623046875
2019-02-22,125.5,57.64890670776367,87.48121643066406,105.96851348876953,35.08013916015625,89.2369384765625,249.7129669189453,98.08309936523438
2019-02-25,125.37000274658203,57.69606018066406,87.34742736816406,106.13980865478516,35.137107849121094,89.20625305175781,250.05288696289062,97.79259490966797
2019-02-26,125.58000183105469,57.77012252807617,87.60665893554688,105.93424987792969,35.12997817993164,89.34425354003906,249.87403869628906,98.27662658691406
2019-02-27,124.69000244140625,57.79036331176758,87.29720306396484,105.89998626708984,35.12049865722656,89.09126281738281,249.7666778564453,97.16332244873047
2019-02-28,123.98999786376953,57.75667953491211,87.07133483886719,105.6515884399414,35.046897888183594,88.96857452392578,249.30145263671875,96.83247375488281
2019-03-01,121.87999725341797,57.92041778564453,86.78569793701172,106.24258422851562,35.315155029296875,88.8132095336914,250.85809326171875,95.93748474121094
2019-03-04,121.55999755859375,57.83244323730469,87.05381774902344,105.82289123535156,35.14186096191406,89.01318359375,249.94558715820312,96.68940734863281
2019-03-05,121.72000122070312,57.80540084838867,87.10408020019531,105.60877227783203,35.12049865722656,89.04395294189453,249.60562133789062,96.89148712158203
2019-03-06,121.61000061035156,57.71065902709961,87.34706115722656,104.86357879638672,34.91395568847656,89.1285400390625,248.09378051757812,97.24726867675781
2019-03-07,121.51000213623047,57.670066833496094,87.64037322998047,104.22978210449219,34.56498718261719,89.42080688476562,246.0183868408203,97.87789916992188
2019-03-08,122.83999633789062,57.57534408569336,87.76605224609375,103.93855285644531,34.51512908935547,89.53617858886719,245.52630615234375,98.29026794433594
2019-03-11,122.23999786376953,57.76478958129883,87.69902801513672,105.2319107055664,35.1086311340332,89.6362075805664,249.08676147460938,97.99918365478516
2019-03-12,122.9800033569336,57.86626434326172,87.9420394897461,105.54882049560547,35.22494888305664,89.88233947753906,250.02606201171875,98.6864242553711
2019-03-13,123.83999633789062,58.02190399169922,87.90853118896484,106.22547149658203,35.46234893798828,89.73614501953125,251.6810302734375,98.50041961669922
2019-03-14,122.41000366210938,57.981300354003906,87.78280639648438,106.18263244628906,35.443355560302734,89.5592269897461,251.52000427246094,97.7889404296875
2019-03-15,122.97000122070312,58.03543472290039,88.059326171875,106.67083740234375,35.607147216796875,89.88233947753906,252.76268005371094,98.43578338623047
2019-03-18,123.04000091552734,58.01512908935547,87.9420394897461,107.08199310302734,35.74485778808594,89.83615112304688,253.67910766601562,98.3791732788086
2019-03-19,123.37999725341797,58.04894256591797,87.88336181640625,106.82500457763672,35.816070556640625,89.85154724121094,253.74205017089844,98.160888671875
2019-03-20,124.18000030517578,58.29925537109375,88.49507904052734,106.02073669433594,35.82533645629883,90.45915222167969,252.97828674316406,99.18767547607422
2019-03-21,123.68000030517578,58.28574752807617,88.45317077636719,106.95074462890625,36.351505279541016,90.62836456298828,255.83560180664062,99.40599822998047
2019-03-22,123.97000122070312,58.07603073120117,89.10675048828125,105.04768371582031,35.5634765625,91.18217468261719,250.91175842285156,100.95022583007812
2019-03-25,124.91999816894531,58.055721282958984,89.3330078125,104.86685943603516,35.5634765625,91.36677551269531,250.72300720214844,101.11192321777344
2019-03-26,124.30000305175781,58.197811126708984,89.25758361816406,105.90878295898438,35.734886169433594,91.40519714355469,252.59197998046875,101.03919219970703
2019-03-27,123.6500015258789,58.238372802734375,89.51736450195312,105.44379425048828,35.53965759277344,91.52822875976562,251.27108764648438,101.968994140625
2019-03-28,121.9000015258789,58.3534049987793,89.52571105957031,105.77961730957031,35.718223571777344,91.6436538696289,252.2235870361328,102.32469940185547
2019-03-29,122.01000213623047,58.502262115478516,89.38325500488281,106.33937072753906,36.03485107421875,91.57444763183594,253.81390380859375,102.2276840209961
2019-04-01,121.52999877929688,58.487972259521484,88.7686538696289,107.54490661621094,36.432437896728516,91.23345184326172,256.8240661621094,100.77562713623047
2019-04-02,121.9800033569336,58.5151481628418,88.91975402832031,107.32102966308594,36.53004837036133,91.35687255859375,256.9498291015625,100.96202087402344
2019-04-03,121.80000305175781,58.53554153442383,88.64268493652344,107.44158172607422,36.66099166870117,91.16399383544922,257.3540954589844,100.0869140625
2019-04-04,122.11000061035156,58.62386703491211,88.73506164550781,107.81185150146484,36.67765426635742,91.31058502197266,258.0369567871094,100.37052917480469
2019-04-05,121.9800033569336,58.73258972167969,88.77705383300781,108.30269622802734,36.87049865722656,91.45718383789062,259.2860412597656,100.50011444091797
2019-04-08,122.51000213623047,58.69865036010742,88.63431549072266,108.37157440185547,36.92763137817383,91.32598876953125,259.48370361328125,100.14359283447266
2019-04-09,123.1500015258789,58.6578369140625,88.79383850097656,107.67408752441406,36.74907684326172,91.51889038085938,258.1537780761719,100.45964813232422
2019-04-10,123.52999877929688,58.91606140136719,89.00373077392578,108.02713775634766,36.90858840942383,91.96633911132812,259.0343322753906,100.70269775390625
2019-04-11,121.94999694824219,59.00443649291992,88.8022232055664,108.15630340576172,36.87763977050781,91.87374114990234,258.9624328613281,100.11119842529297
2019-04-12,121.83000183105469,59.09278106689453,88.39080047607422,108.99159240722656,37.08713912963867,91.81977844238281,260.71466064453125,99.39813232421875
2019-04-15,121.5999984741211,59.051979064941406,88.50835418701172,108.74186706542969,37.0966682434082,91.67315673828125,260.5438537597656,99.64929962158203
2019-04-16,120.51000213623047,59.0180549621582,88.20608520507812,108.95714569091797,37.084774017333984,91.4185562133789,260.71466064453125,99.02540588378906
2019-04-17,120.27999877929688,58.875308990478516,88.2228775024414,108.57823181152344,36.98477554321289,91.40314483642578,260.07666015625,99.06594848632812
2019-04-18,120.37000274658203,58.902503967285156,88.43278503417969,108.68158721923828,37.07048797607422,91.48031616210938,260.5887756347656,99.58454895019531
2019-04-22,120.37000274658203,58.800540924072266,88.3068618774414,108.56102752685547,37.168087005615234,91.3337631225586,260.8133544921875,99.10645294189453
2019-04-23,120.12000274658203,59.00443649291992,88.46639251708984,109.26714324951172,37.596622467041016,91.71173858642578,263.1585693359375,99.31710815429688
2019-04-24,120.47000122070312,58.922874450683594,88.8022232055664,109.0863037109375,37.51092529296875,92.02034759521484,262.5745849609375,100.12742614746094
2019-04-25,120.56999969482422,58.9500617980957,88.69306945800781,108.87102508544922,37.518062591552734,91.97406005859375,262.4128112792969,99.98155212402344
2019-04-26,121.37000274658203,59.099552154541016,88.92821502685547,109.31880950927734,37.751365661621094,92.29803466796875,263.63482666015625,100.32186126708984
2019-04-29,120.83000183105469,59.072383880615234,88.74346923828125,109.47381591796875,37.77755355834961,91.93546295166016,264.048095703125,99.6817855834961
2019-04-30,121.19999694824219,59.0792121887207,88.91975402832031,110.00769805908203,37.63471603393555,91.97406005859375,264.1828308105469,100.19223022460938
2019-05-01,120.4000015258789,58.88539123535156,88.87939453125,109.1810531616211,37.38235855102539,91.94461822509766,262.19720458984375,100.60554504394531
2019-05-02,119.94000244140625,58.92632293701172,88.62696075439453,108.96575927734375,37.32999038696289,91.61193084716797,261.631103515625,100.12648010253906
2019-05-03,120.6500015258789,59.07645034790039,88.74481964111328,109.8440933227539,37.741851806640625,92.02203369140625,264.19189453125,100.41069030761719
2019-05-06,120.80999755859375,59.10371780395508,88.97193145751953,109.41353607177734,37.596622467041016,92.14581298828125,263.10467529296875,100.68675994873047
2019-05-07,121.20999908447266,58.74888229370117,89.27482604980469,107.81185150146484,36.90620422363281,92.13812255859375,258.7108459472656,101.4581527709961
2019-05-08,120.91000366210938,58.76933670043945,89.10655975341797,107.5018539428711,36.87763977050781,91.8285903930664,258.3514709472656,101.01966857910156
2019-05-09,121.19999694824219,58.680660247802734,89.34211730957031,107.32102966308594,36.7800178527832,91.9136962890625,257.56976318359375,101.43376922607422
2019-05-10,121.43000030517578,58.844444274902344,89.2832260131836,107.91519927978516,36.86096954345703,91.96784210205078,258.8636474609375,101.29576110839844
2019-05-13,122.66999816894531,58.30533981323242,89.72914123535156,105.75379943847656,35.77298355102539,92.02203369140625,252.35836791992188,102.09149932861328
2019-05-14,122.45999908447266,58.434967041015625,89.64505004882812,106.5804672241211,36.15151596069336,92.15351104736328,254.64053344726562,101.79106140136719
2019-05-15,122.38999938964844,58.48956298828125,89.93108367919922,106.7096176147461,36.50624465942383,92.40892791748047,256.1321716308594,102.41625213623047
2019-05-16,121.51000213623047,58.66699981689453,89.75440216064453,107.56216430664062,36.88477325439453,92.26188659667969,258.5042724609375,102.0752182006836
2019-05-17,120.6500015258789,58.646541595458984,89.79645538330078,107.02825927734375,36.59671401977539,92.26964569091797,256.83306884765625,102.30258178710938
2019-05-20,120.63999938964844,58.59193420410156,89.64505004882812,106.65797424316406,36.21103286743164,92.05294799804688,255.13479614257812,102.09149932861328
2019-05-21,120.36000061035156,58.77620315551758,89.54405975341797,107.55353546142578,36.568153381347656,92.13034057617188,257.43499755859375,101.92908477783203
2019-05-22,120.23999786376953,58.823944091796875,89.81330108642578,107.1057357788086,36.47053146362305,92.24639892578125,256.6442565917969,102.51374053955078
2019-05-23,121.16999816894531,58.53050994873047,90.36017608642578,105.92601776123047,35.97533416748047,92.44759368896484,253.50843811035156,103.66674041748047
2019-05-24,121.30000305175781,58.44864273071289,90.3349609375,106.22740936279297,36.032466888427734,92.64105224609375,254.08349609375,103.75607299804688
2019-05-28,120.83000183105469,58.39402770996094,90.7303466796875,104.90127563476562,35.81344223022461,92.7029037475586,251.7204132080078,104.50312805175781
2019-05-29,120.87000274658203,58.23709487915039,90.69671630859375,104.28128814697266,35.57536697387695,92.74162292480469,250.03126525878906,104.81977081298828
2019-05-30,121.69000244140625,58.35991668701172,91.02484130859375,104.27265930175781,35.74441146850586,93.27547454833984,250.71405029296875,105.72106170654297
2019-05-31,123.33000183105469,57.936798095703125,91.63058471679688,102.96377563476562,35.28253173828125,93.4921646118164,247.33558654785156,107.04459381103516
2019-06-03,125.11000061035156,58.030029296875,92.07147216796875,103.87654876708984,34.79925537109375,93.78007507324219,246.70672607421875,107.7606201171875
2019-06-04,125.1500015258789,58.61275100708008,91.7342758178711,105.86573791503906,35.65155029296875,93.81111907958984,252.0618896484375,106.53201293945312
2019-06-05,125.47000122070312,58.749855041503906,91.7342758178711,106.43408966064453,36.02058029174805,93.74906158447266,254.2452850341797,105.92990112304688
2019-06-06,125.87999725341797,58.87324523925781,91.7174301147461,107.08853149414062,36.25388717651367,93.92757415771484,255.89862060546875,106.27165985107422
2019-06-07,126.58999633789062,59.0240478515625,92.07994079589844,107.59658813476562,36.7990837097168,94.34669494628906,258.4593200683594,107.19104766845703
2019-06-10,125.33000183105469,59.11319351196289,91.62470245361328,107.94103240966797,37.04428482055664,94.00518798828125,259.6453552246094,106.18212890625
2019-06-11,125.18000030517578,59.1954231262207,91.62470245361328,107.92382049560547,37.008583068847656,94.09056091308594,259.58245849609375,106.24724578857422
2019-06-12,125.83000183105469,59.05836486816406,91.86076354980469,107.73435974121094,36.93239974975586,94.23023986816406,259.1241149902344,106.32860565185547
2019-06-13,126.5999984741211,59.1954231262207,92.08831024169922,108.25104522705078,37.099056243896484,94.47086334228516,260.19342041015625,106.69474792480469
2019-06-14,126.55999755859375,59.154354095458984,92.15577697753906,108.14769744873047,37.018104553222656,94.50968170166016,259.9058837890625,106.96321868896484
2019-06-17,126.4800033569336,59.065185546875,92.13886260986328,107.96931457519531,37.129600524902344,94.55622100830078,260.0047302246094,107.15040588378906
2019-06-18,127.12000274658203,59.476531982421875,92.31594848632812,108.92186737060547,37.54023742675781,95.18489837646484,262.7273254394531,107.6874008178711
2019-06-19,127.88999938964844,59.75757598876953,92.56886291503906,109.2076416015625,37.67393112182617,95.79026794433594,263.3202819824219,107.84197998046875
2019-06-20,131.11000061035156,60.0592041015625,92.72056579589844,110.15155792236328,38.05353927612305,96.31025695800781,265.83612060546875,108.1267318725586
2019-06-21,131.97999572753906,59.867244720458984,92.34124755859375,110.30742645263672,38.003395080566406,95.96102905273438,265.4497375488281,106.93879699707031
2019-06-24,133.94000244140625,59.860389709472656,92.66157531738281,109.82249450683594,37.8458366394043,96.20160675048828,265.1247253417969,107.73627471923828
2019-06-25,134.1999969482422,59.606746673583984,92.80484771728516,109.3288803100586,37.30867004394531,95.91443634033203,262.5243225097656,108.06981658935547
2019-06-26,132.97000122070312,59.579376220703125,92.4255142211914,108.9391860961914,37.351627349853516,95.72039031982422,262.2625427246094,107.3781967163086
2019-06-27,132.83999633789062,59.743858337402344,92.70372772216797,109.41547393798828,37.525917053222656,96.27926635742188,263.1925354003906,108.1348648071289
2019-06-28,133.1999969482422,59.76445770263672,92.74589538574219,110.1688461303711,37.5640983581543,96.527587890625,264.54681396484375,108.06170654296875
2019-07-01,130.6199951171875,59.782344818115234,92.62935638427734,111.04350280761719,38.03205490112305,96.71051025390625,266.9486083984375,107.80897521972656
2019-07-02,133.41000366210938,59.91320037841797,92.95868682861328,111.04350280761719,38.201560974121094,96.97515106201172,267.6437683105469,108.64047241210938
2019-07-03,133.6300048828125,60.140380859375,93.13603210449219,111.90946960449219,38.53819274902344,97.23978424072266,269.7835693359375,109.41499328613281
2019-07-05,132.13999938964844,59.8994140625,92.54486846923828,111.8488540649414,38.466556549072266,96.38359832763672,269.47662353515625,107.96385192871094
2019-07-08,131.2899932861328,59.782344818115234,92.45199584960938,111.36392974853516,38.24452590942383,96.25126647949219,267.9958190917969,108.11061096191406
2019-07-09,131.75,59.71349334716797,92.39288330078125,111.33795928955078,38.41165542602539,96.04893493652344,268.3299560546875,108.06985473632812
2019-07-10,133.8300018310547,59.87874221801758,92.44357299804688,111.55445098876953,38.65518569946289,96.26685333251953,269.6120910644531,107.47468566894531
2019-07-11,132.6999969482422,59.7617073059082,91.98754119873047,111.75360107421875,38.72918701171875,95.69866943359375,270.2440185546875,106.03990936279297
2019-07-12,133.52999877929688,59.85806655883789,92.08888244628906,112.29914855957031,38.910621643066406,95.79204559326172,271.4539794921875,106.16217803955078
2019-07-15,133.52999877929688,59.8994140625,92.2831039428711,112.14329528808594,38.98225402832031,95.95549011230469,271.5442199707031,106.77356719970703
2019-07-16,132.39999389648438,59.77544403076172,92.08045959472656,111.86617279052734,38.82229995727539,95.75312805175781,270.6683654785156,106.45562744140625
2019-07-17,134.5800018310547,59.69968032836914,92.51111602783203,110.93960571289062,38.64562225341797,96.25904846191406,268.8265075683594,107.60516357421875
2019-07-18,136.47999572753906,59.727256774902344,92.73910522460938,111.53710174560547,38.71724319458008,96.48481750488281,269.8106994628906,107.61331176757812
2019-07-19,134.47000122070312,59.62397384643555,92.57022857666016,111.05216217041016,38.43791961669922,96.33692169189453,268.3119201660156,107.360595703125
2019-07-22,134.4499969482422,59.82366180419922,92.6124496459961,111.02619171142578,38.65518569946289,96.6326904296875,268.9710388183594,107.56442260742188
2019-07-23,133.69000244140625,59.92692947387695,92.4604263305664,111.90946960449219,38.862876892089844,96.68717193603516,270.8941650390625,106.9773941040039
2019-07-24,134.3699951171875,59.975162506103516,92.59556579589844,112.50697326660156,39.0825309753418,96.95960235595703,272.1671447753906,107.44207000732422
2019-07-25,133.4199981689453,59.89251708984375,92.43511962890625,112.04801177978516,38.812747955322266,96.64823913574219,270.86700439453125,106.92849731445312
2019-07-26,133.63999938964844,60.0233268737793,92.41822814941406,112.61087799072266,39.19712448120117,96.78057098388672,272.68182373046875,107.18122100830078
2019-07-29,134.52999877929688,59.93381881713867,92.50265502929688,112.48966979980469,39.07536315917969,96.71827697753906,272.18524169921875,107.21385192871094
2019-07-30,134.97999572753906,59.96136474609375,92.54486846923828,112.43773651123047,38.95122146606445,96.68717193603516,271.51708984375,107.47468566894531
2019-07-31,133.2100067138672,59.85806655883789,92.78134155273438,111.22537231445312,38.51430892944336,96.77279663085938,268.5466003417969,108.33883666992188
2019-08-01,136.41000366210938,59.828346252441406,93.833740234375,109.88309478759766,38.308998107910156,97.55956268310547,266.20819091796875,110.49053192138672
2019-08-02,135.88999938964844,59.738441467285156,94.02828979492188,109.24227905273438,37.9055061340332,97.6610336303711,264.2037353515625,111.51161193847656
2019-08-05,137.7899932861328,59.11609649658203,94.84042358398438,106.2719955444336,36.66166687011719,97.73124694824219,256.25830078125,113.4394302368164
2019-08-06,138.91000366210938,59.49645233154297,94.99266815185547,107.41508483886719,37.234649658203125,98.34007263183594,259.8517761230469,114.34613037109375
2019-08-07,141.02000427246094,59.48950958251953,94.99266815185547,107.24188232421875,37.401763916015625,98.32447052001953,260.00531005859375,114.38699340820312
2019-08-08,141.72999572753906,59.72462844848633,95.00110626220703,109.03446197509766,38.23497772216797,98.58984375,265.1065979003906,114.63207244873047
2019-08-09,141.25999450683594,59.64167785644531,94.85731506347656,108.26374816894531,37.95564651489258,98.30110168457031,263.3009338378906,114.4033203125
2019-08-12,142.6300048828125,59.434207916259766,95.45796203613281,106.8435287475586,37.50440979003906,98.9177017211914,260.0956115722656,116.78861999511719
2019-08-13,141.77999877929688,59.69696044921875,95.11955261230469,108.0125961303711,38.18006896972656,98.83966827392578,264.1405334472656,116.38836669921875
2019-08-14,142.75,59.16450500488281,95.75404357910156,105.0250244140625,37.053199768066406,99.1284408569336,256.3305358886719,119.01056671142578
2019-08-15,143.6999969482422,59.337398529052734,96.36310577392578,105.22418975830078,37.146305084228516,99.61239624023438,257.0076904296875,120.33390045166016
2019-08-16,142.77999877929688,59.537906646728516,96.10932922363281,106.8608627319336,37.68347930908203,99.79187774658203,260.7998352050781,119.3698959350586
2019-08-19,141.11000061035156,59.7108039855957,95.65255737304688,107.97797393798828,38.14187240600586,99.46408081054688,263.9419250488281,117.66265106201172
2019-08-20,142.2100067138672,59.75919723510742,96.07549285888672,107.00807189941406,37.93655776977539,100.04166412353516,261.91937255859375,118.87979125976562
2019-08-21,141.75999450683594,60.015079498291016,95.8216781616211,107.66621398925781,38.323326110839844,100.22119903564453,264.0503234863281,118.08745574951172
2019-08-22,141.39999389648438,60.12569808959961,95.61021423339844,107.761474609375,38.23259735107422,99.85430908203125,263.9690246582031,117.30328369140625
2019-08-23,144.1699981689453,59.84908676147461,96.25316619873047,105.16356658935547,37.222713470458984,100.22119903564453,257.188232421875,119.23109436035156
2019-08-26,144.19000244140625,60.146446228027344,96.16009521484375,106.07284545898438,37.67631912231445,100.22901153564453,260.0323486328125,118.74915313720703
2019-08-27,145.57000732421875,60.1187858581543,96.57463836669922,105.46668243408203,37.576045989990234,100.767578125,259.0120544433594,120.57891845703125
2019-08-28,145.16000366210938,60.26399612426758,96.60844421386719,106.41920471191406,37.752716064453125,100.767578125,260.8359069824219,120.73419189453125
2019-08-29,144.1199951171875,60.32625198364258,96.42231750488281,107.64887237548828,38.26362991333008,100.54901123046875,264.16766357421875,120.27665710449219
2019-08-30,143.75,60.27088928222656,96.4477310180664,107.8826904296875,38.18245315551758,100.53339385986328,264.0503234863281,120.30937194824219
2019-09-03,145.75,60.097999572753906,96.65955352783203,107.53633880615234,37.86969757080078,100.43872833251953,262.50634765625,120.46482849121094
2019-09-04,146.66000366210938,60.22300338745117,96.8121109008789,108.67939758300781,38.268402099609375,100.62655639648438,265.48583984375,120.64486694335938
2019-09-05,143.13999938964844,60.45911407470703,96.03251647949219,109.89177703857422,38.846168518066406,99.890869140625,268.8988037109375,118.45991516113281
2019-09-06,141.9199981689453,60.51469421386719,96.09184265136719,110.13421630859375,38.803199768066406,100.25086212158203,269.1064147949219,119.3028564453125
2019-09-09,141.38999938964844,60.57713317871094,95.4986801147461,111.07815551757812,38.502376556396484,99.51518249511719,269.2419128417969,117.1833724975586
2019-09-10,140.17999267578125,60.61188507080078,94.8038101196289,111.64967346191406,38.308998107910156,98.6777114868164,269.17864990234375,115.12939453125
2019-09-11,141.02999877929688,60.60495376586914,94.71063232421875,112.5156478881836,38.57876968383789,98.59944152832031,271.0927734375,114.92481231689453
2019-09-12,141.32000732421875,60.639652252197266,94.49878692626953,112.73213958740234,38.738731384277344,98.46640014648438,272.0317687988281,114.1719970703125
2019-09-13,140.14999389648438,60.528526306152344,93.6344985961914,112.79277801513672,38.6289176940918,97.58202362060547,271.85125732421875,111.73335266113281
2019-09-16,141.32000732421875,60.74384689331055,94.04120635986328,112.68019104003906,38.502376556396484,98.07510375976562,271.01153564453125,113.15725708007812
2019-09-17,141.60000610351562,60.778533935546875,94.28693389892578,112.61087799072266,38.71247100830078,98.32555389404297,271.6977844238281,113.77095031738281
2019-09-18,140.7100067138672,60.74384689331055,94.32086181640625,112.61958312988281,38.72918701171875,98.56816864013672,271.8603515625,114.25382232666016
2019-09-19,141.27999877929688,60.674373626708984,94.36321258544922,112.46368408203125,38.807979583740234,98.84992218017578,271.8421325683594,114.59756469726562
2019-09-20,142.9499969482422,60.75078201293945,94.905517578125,112.16060638427734,38.50953674316406,99.53084564208984,270.5578308105469,116.11139678955078
2019-09-23,143.75,60.7230110168457,95.04108428955078,112.2645263671875,38.49761199951172,99.46037292480469,270.4942626953125,116.08684539794922
2019-09-24,144.50999450683594,60.639652252197266,95.51558685302734,111.48279571533203,38.10500717163086,99.7734375,268.3717041015625,117.48619842529297
2019-09-25,141.8300018310547,60.57713317871094,94.88860321044922,112.01439666748047,38.3779182434082,99.20990753173828,269.9591369628906,115.76768493652344
2019-09-26,141.7899932861328,60.535484313964844,95.09192657470703,111.66580963134766,38.31806564331055,99.4212417602539,269.39678955078125,116.51236724853516
2019-09-27,141.05999755859375,60.466060638427734,95.22749328613281,111.52635955810547,37.935054779052734,99.44474792480469,267.9454650878906,116.79874420166016
2019-09-30,138.8699951171875,60.535484313964844,95.30378723144531,111.77909851074219,38.21273422241211,99.7734375,269.1881103515625,117.08512878417969
2019-10-01,139.6300048828125,60.39605712890625,95.5677490234375,110.14067077636719,37.83689498901367,99.8880386352539,265.9862060546875,117.43766784667969
2019-10-02,141.25999450683594,60.040443420410156,95.89869689941406,108.28436279296875,37.17381286621094,99.84881591796875,261.2876892089844,117.72459411621094
2019-10-03,141.89999389648438,60.075321197509766,96.39939880371094,108.87699890136719,37.60470199584961,100.24116516113281,263.4282531738281,118.79843139648438
2019-10-04,141.89999389648438,60.263553619384766,96.58609771728516,110.22781372070312,38.16007614135742,100.65705871582031,266.9930419921875,119.67554473876953
2019-10-07,140.69000244140625,60.21476364135742,96.26361083984375,109.71363830566406,38.01405334472656,100.14701080322266,265.84112548828125,118.68374633789062
2019-10-08,141.9199981689453,59.99166488647461,96.46731567382812,107.9357681274414,37.4131965637207,100.06067657470703,261.71392822265625,119.00341796875
2019-10-09,142.0500030517578,60.172935485839844,96.22118377685547,108.76372528076172,37.84169006347656,100.09988403320312,264.19927978515625,118.33121490478516
2019-10-10,140.80999755859375,60.24959945678711,95.61863708496094,109.52188873291016,38.061912536621094,99.51133728027344,265.9862060546875,116.56876373291016
2019-10-11,140.02999877929688,60.500614166259766,94.96517181396484,110.75942993164062,38.43775939941406,99.33084869384766,268.74371337890625,115.1259765625
2019-10-14,140.58999633789062,60.54248046875,95.22823333740234,110.54154968261719,38.444942474365234,99.66044616699219,268.4443664550781,115.96214294433594
2019-10-15,139.61000061035156,60.6749382019043,94.76996612548828,111.39564514160156,38.86146545410156,99.39364624023438,271.10198974609375,114.56036376953125
2019-10-16,140.41000366210938,60.626129150390625,94.9566879272461,111.32591247558594,38.73698806762695,99.50350952148438,270.6667175292969,114.69969177246094
2019-10-17,140.61000061035156,60.70981979370117,94.9227523803711,111.67450714111328,38.86625289916992,99.64478302001953,271.46484375,114.42101287841797
2019-10-18,140.4600067138672,60.72376251220703,95.0075912475586,111.54380798339844,38.559844970703125,99.77032470703125,270.2766418457031,114.42101287841797
2019-10-21,139.7899932861328,60.74466323852539,94.65966033935547,112.38043212890625,38.787261962890625,99.54275512695312,272.1087646484375,113.56021881103516
2019-10-22,140.1999969482422,60.75864791870117,94.88029479980469,112.6506118774414,38.43296813964844,99.71537780761719,271.21990966796875,114.22425842285156
2019-10-23,140.52999877929688,60.81439971923828,94.91423797607422,112.92078399658203,38.516761779785156,99.77032470703125,272.0090637207031,114.33900451660156
2019-10-24,141.52999877929688,60.88410568237305,94.89727020263672,112.68546295166016,38.81837844848633,99.99003601074219,272.45355224609375,114.10945129394531
2019-10-25,141.86000061035156,60.93294143676758,94.69359588623047,113.19096374511719,38.964393615722656,99.8174057006836,273.5691833496094,113.55207824707031
2019-10-28,140.63999938964844,60.92596435546875,94.33714294433594,113.51341247558594,39.3043327331543,99.51920318603516,275.11126708984375,112.51918029785156
2019-10-29,140.25,60.81439971923828,94.42198944091797,113.77484893798828,39.16548156738281,99.26023864746094,275.0296325683594,112.59288024902344
2019-10-30,141.02000427246094,60.73770523071289,94.88029479980469,113.84456634521484,39.37852478027344,99.61336517333984,275.8731384277344,114.24065399169922
2019-10-31,142.42999267578125,60.52851486206055,95.48287200927734,113.35652923583984,39.2923469543457,100.21759796142578,275.13848876953125,115.78180694580078
2019-11-01,142.55999755859375,60.78828048706055,95.30267333984375,114.62891387939453,39.61552810668945,100.31595611572266,277.6873474121094,115.4253921508789
2019-11-04,142.14999389648438,60.91435241699219,94.81822204589844,115.32611083984375,39.68014907836914,99.84386444091797,278.802978515625,113.90621948242188
2019-11-05,139.85000610351562,60.851287841796875,94.30823516845703,115.3958511352539,39.56285858154297,99.26941680908203,278.4945983886719,112.62519073486328
2019-11-06,140.4499969482422,60.781272888183594,94.58023071289062,115.3958511352539,39.57720947265625,99.82813262939453,278.5581359863281,113.3067398071289
2019-11-07,138.27000427246094,60.753257751464844,93.82377624511719,115.82286834716797,39.70409393310547,99.04911804199219,279.5377502441406,111.25379180908203
2019-11-08,137.38999938964844,60.80928039550781,93.6963119506836,116.01459503173828,39.86209487915039,98.9153823852539,280.2269592285156,110.78565979003906
2019-11-11,137.05999755859375,60.77426528930664,93.79828643798828,115.64859008789062,39.85490798950195,98.94683074951172,279.69189453125,110.85962677001953
2019-11-12,137.42999267578125,60.78828048706055,93.84075927734375,115.63984680175781,39.98417663574219,99.04126739501953,280.2814636230469,111.36872100830078
2019-11-13,137.97999572753906,60.72528076171875,94.09573364257812,115.64859008789062,40.03204345703125,99.27732849121094,280.37213134765625,112.09136199951172
2019-11-14,138.55999755859375,60.69026565551758,94.57172393798828,115.67473602294922,40.139774322509766,99.79663848876953,280.7803649902344,113.2492446899414
2019-11-15,138.2100067138672,60.872310638427734,94.49522399902344,116.44164276123047,40.47969436645508,99.81237030029297,282.8122253417969,113.12600708007812
2019-11-18,138.6199951171875,60.79529571533203,94.65673828125,116.3632583618164,40.54912185668945,99.9225845336914,283.0207824707031,113.33134460449219
2019-11-19,138.69000244140625,60.578224182128906,94.83522033691406,116.13661193847656,40.632904052734375,100.11927795410156,282.9390869140625,114.27572631835938
2019-11-20,138.75999450683594,60.452205657958984,95.18367767333984,115.8054428100586,40.49645233154297,100.26087951660156,281.8869323730469,115.45822143554688
2019-11-21,138.0,60.466209411621094,94.94567108154297,115.78802490234375,40.36240005493164,100.0248031616211,281.4334411621094,114.73556518554688
2019-11-22,137.74000549316406,60.697269439697266,94.92868041992188,116.13661193847656,40.3983039855957,100.30023956298828,282.0592956542969,114.88333892822266
2019-11-25,137.0800018310547,60.858299255371094,94.97118377685547,116.80767822265625,40.8148307800293,100.64645385742188,284.24530029296875,115.22008514404297
2019-11-26,137.74000549316406,60.92831039428711,95.1496353149414,116.87740325927734,40.963260650634766,100.90612030029297,284.88934326171875,115.89341735839844
2019-11-27,137.00999450683594,61.00533676147461,94.9031753540039,117.31317138671875,41.197845458984375,100.89824676513672,286.1593017578125,115.55677795410156
2019-11-29,137.86000061035156,60.872310638427734,94.82669067382812,116.85124206542969,41.03746032714844,100.69366455078125,285.09796142578125,115.31041717529297
2019-12-02,137.7899932861328,60.830841064453125,94.48627471923828,116.18891143798828,40.57784652709961,100.25656127929688,282.6761169433594,113.7729721069336
2019-12-03,139.11000061035156,60.74648666381836,95.3288803100586,115.23027038574219,40.340850830078125,101.02976989746094,280.7803649902344,116.15849304199219
2019-12-04,138.9199981689453,60.92924499511719,94.962890625,116.10176086425781,40.558685302734375,100.8956527709961,282.5127868652344,114.99869537353516
2019-12-05,139.0,61.020606994628906,94.7416000366211,116.33707427978516,40.61136245727539,100.78516387939453,283.0207824707031,114.43929290771484
2019-12-06,137.6199951171875,61.10496139526367,94.45218658447266,117.36540985107422,40.94648742675781,100.72991180419922,285.6058044433594,113.8058853149414
2019-12-09,137.5800018310547,61.10496139526367,94.52880096435547,117.05171966552734,40.79807662963867,100.71417999267578,284.7079162597656,114.05266571044922
2019-12-10,137.97000122070312,61.25261306762695,94.41813659667969,116.97325134277344,40.75499725341797,100.71417999267578,284.39044189453125,114.0609130859375
2019-12-11,138.9199981689453,61.37908935546875,94.80967712402344,117.10398864746094,40.90340805053711,101.10868072509766,285.1977844238281,114.95751190185547
2019-12-12,138.42999267578125,61.51968765258789,94.06067657470703,118.42864990234375,41.12841796875,100.64315795898438,287.65582275390625,113.06553649902344
2019-12-13,139.0500030517578,61.58298110961914,94.6139144897461,118.06263732910156,41.264869689941406,101.29803466796875,287.82818603515625,114.37350463867188
2019-12-16,139.0399932861328,61.702415466308594,94.17131805419922,118.84757995605469,41.60569381713867,101.0692138671875,289.8056640625,113.3451919555664
2019-12-17,139.00999450683594,61.892250061035156,94.17984008789062,118.95304870605469,41.57448959350586,100.99032592773438,289.8691711425781,113.18898010253906
2019-12-18,139.02000427246094,62.00468063354492,93.92449188232422,118.89151000976562,41.61769104003906,100.91934967041016,289.8872375488281,112.25934600830078
2019-12-19,139.3800048828125,61.972259521484375,93.99779510498047,119.14641571044922,41.87210464477539,101.01896667480469,291.0755310058594,112.43898010253906
2019-12-20,139.52000427246094,61.88054656982422,93.99779510498047,119.82327270507812,42.05210494995117,100.98733520507812,292.3515930175781,112.58728790283203
2019-12-23,139.9499969482422,61.908790588378906,93.91253662109375,119.7793197631836,42.143310546875,101.0347900390625,292.79827880859375,112.42251586914062
2019-12-24,141.27000427246094,61.95816421508789,94.07450866699219,119.83204650878906,42.13851547241211,101.13763427734375,292.807373046875,112.7438735961914
2019-12-26,142.3800048828125,62.04981994628906,94.21084594726562,120.13087463378906,42.44331359863281,101.31959533691406,294.36602783203125,113.0157699584961
2019-12-27,142.3300018310547,62.021629333496094,94.3472671508789,120.1133041381836,42.438514709472656,101.46199035644531,294.2930908203125,113.13935089111328
2019-12-30,142.6300048828125,61.97930908203125,94.28759002685547,119.62986755371094,42.15050506591797,101.6439437866211,292.6706237792969,112.72737121582031
2019-12-31,142.89999389648438,62.03574752807617,93.94664764404297,119.9638671875,42.22251892089844,101.22463989257812,293.381591796875,111.62335205078125
2020-01-02,143.9499969482422,62.29674530029297,94.38133239746094,120.44732666015625,42.80573654174805,101.4382553100586,296.1252746582031,112.8839111328125
2020-01-03,145.86000061035156,62.2332649230957,95.01206970214844,119.63865661621094,42.49612808227539,101.78629302978516,293.8829650878906,114.62237548828125
2020-01-06,147.38999938964844,62.169776916503906,94.90980529785156,119.7441635131836,42.767337799072266,101.44613647460938,295.0041809082031,113.97148895263672
2020-01-07,147.97000122070312,62.11333465576172,94.77340698242188,119.38375854492188,42.67853927612305,101.18511199951172,294.17462158203125,113.41122436523438
2020-01-08,146.86000061035156,62.169776916503906,94.55181121826172,119.63865661621094,43.03135299682617,101.042724609375,295.742431640625,112.6614761352539
2020-01-09,146.02999877929688,62.33204650878906,94.62002563476562,120.16605377197266,43.38416290283203,101.52527618408203,297.7477722167969,113.05694580078125
2020-01-10,146.91000366210938,62.35322189331055,94.8245620727539,119.70901489257812,43.30736541748047,101.81005859375,296.89093017578125,114.06208801269531
2020-01-13,145.82000732421875,62.35322189331055,94.71378326416016,120.38581085205078,43.700965881347656,101.56482696533203,298.9327697753906,113.71611785888672
2020-01-14,145.69000244140625,62.34613037109375,94.90128326416016,120.57918548583984,43.54736328125,101.69137573242188,298.47698974609375,114.30108642578125
2020-01-15,146.5399932861328,62.360267639160156,95.13996124267578,120.60555267333984,43.720184326171875,101.91290283203125,299.1516418457031,115.05900573730469
2020-01-16,146.30999755859375,62.38140106201172,94.94390869140625,121.48454284667969,44.12818145751953,102.0552749633789,301.6400451660156,114.69650268554688
2020-01-17,146.5800018310547,62.33204650878906,94.8671875,121.71306610107422,44.29859924316406,102.03948974609375,302.578857421875,113.71611785888672
2020-01-21,146.74000549316406,62.197994232177734,95.24221801757812,121.20325469970703,44.27460479736328,102.52992248535156,301.9864196777344,114.9107666015625
2020-01-22,146.7899932861328,62.31085205078125,95.2592544555664,121.2472152709961,44.30579376220703,102.58528137207031,302.0228576660156,115.31446075439453
2020-01-23,147.1199951171875,62.12042999267578,95.49793243408203,121.29118347167969,44.382606506347656,102.71977996826172,302.36920166015625,116.1219253540039
2020-01-24,147.97999572753906,61.85939025878906,95.8388900756836,120.20999145507812,43.98178482055664,102.89384460449219,299.68017578125,117.06114196777344
2020-01-27,148.99000549316406,61.44316864013672,96.48665618896484,118.52234649658203,43.22574996948242,103.09156799316406,294.87646484375,118.88204193115234
2020-01-28,147.66000366210938,61.972259521484375,96.16277313232422,119.47167205810547,43.7681770324707,103.03622436523438,297.9665222167969,117.95095825195312
2020-01-29,148.4600067138672,61.9370002746582,96.62306213378906,118.9618148803711,43.86418151855469,103.36845397949219,297.7204895019531,119.10443878173828
2020-01-30,148.47000122070312,62.000465393066406,96.716796875,119.50682067871094,43.94818115234375,103.43170928955078,298.6866760253906,119.12088775634766
2020-01-31,149.3300018310547,61.746524810791016,97.20264434814453,117.3972396850586,43.17774200439453,103.70071411132812,293.2630615234375,120.20846557617188
2020-02-03,148.36000061035156,61.736595153808594,97.1198501586914,117.92463684082031,43.69376754760742,103.61896514892578,295.4416809082031,120.111083984375
2020-02-04,146.42999267578125,62.10499954223633,96.5565414428711,119.22554016113281,44.560211181640625,103.36521911621094,299.9445495605469,118.49356079101562
2020-02-05,146.61000061035156,62.36000442504883,96.1383056640625,121.0802230834961,44.74262237548828,103.30179595947266,303.4083557128906,117.1978530883789
2020-02-06,147.39999389648438,62.409576416015625,96.20660400390625,121.09777069091797,45.00902557373047,103.25416564941406,304.4292907714844,117.72603607177734
2020-02-07,147.7899932861328,62.3175048828125,96.6675033569336,120.35061645507812,44.8170166015625,103.65072631835938,302.8066711425781,119.19500732421875
2020-02-10,148.1699981689453,62.40251922607422,96.85530090332031,120.76378631591797,45.299442291259766,103.89657592773438,305.0672607421875,119.5251693725586
2020-02-11,147.66000366210938,62.44501876831055,96.62481689453125,121.29118347167969,45.325836181640625,103.74591064453125,305.59600830078125,118.92269897460938
2020-02-12,147.5399932861328,62.60794448852539,96.37731170654297,121.73067474365234,45.714656829833984,103.6983413696289,307.5648498535156,118.32025146484375
2020-02-13,148.3800048828125,62.62919998168945,96.4626693725586,121.75700378417969,45.67864990234375,103.62692260742188,307.23675537109375,118.77415466308594
2020-02-14,149.0,62.622108459472656,96.70165252685547,121.72187805175781,45.84425735473633,103.8807144165039,307.72906494140625,119.29412841796875
2020-02-18,150.91000366210938,62.494564056396484,96.85530090332031,121.12417602539062,45.83466339111328,104.07903289794922,306.9359436035156,120.111083984375
2020-02-19,151.7899932861328,62.52294158935547,96.83818817138672,121.47572326660156,46.15148162841797,103.9362564086914,308.4034118652344,120.10283660888672
2020-02-20,152.41000366210938,62.62919998168945,97.1198501586914,121.50209045410156,45.86585998535156,104.28524780273438,307.136474609375,121.04362487792969
2020-02-21,154.6999969482422,62.572505950927734,97.51245880126953,120.91322326660156,45.14583206176758,104.49142456054688,303.97344970703125,122.1742935180664
2020-02-24,156.08999633789062,61.89955520629883,98.27205657958984,117.40605926513672,43.5113639831543,104.50733184814453,293.89208984375,123.9981689453125
2020-02-25,153.3000030517578,61.467403411865234,98.54518127441406,113.74068450927734,42.21051025390625,104.6103744506836,284.9865417480469,124.658447265625
2020-02-26,153.97000122070312,61.53115463256836,98.49397277832031,112.51886749267578,42.21531295776367,104.22175598144531,283.938232421875,123.9981689453125
2020-02-27,154.0,60.70235061645508,98.97196960449219,107.7547836303711,40.28563690185547,103.66661071777344,271.1861877441406,125.34333801269531
2020-02-28,148.3800048828125,60.95030212402344,100.08152770996094,106.48907470703125,40.31443405151367,104.83248138427734,270.0466613769531,128.17408752441406
2020-03-02,149.1999969482422,61.412803649902344,100.01314544677734,110.47083282470703,42.16011047363281,104.72828674316406,281.741455078125,127.23102569580078
2020-03-03,153.88999938964844,61.1495246887207,101.17530059814453,107.63172912597656,40.885658264160156,105.92105865478516,273.6745910644531,129.20631408691406
2020-03-04,154.16000366210938,61.989131927490234,100.95310974121094,111.92996978759766,42.65693283081055,106.07215118408203,285.1779479980469,127.83435821533203
2020-03-05,157.49000549316406,61.2064323425293,101.85037994384766,108.08002471923828,41.24568176269531,106.03240203857422,275.6980895996094,131.01646423339844
2020-03-06,157.5500030517578,60.516231536865234,102.88430786132812,105.99681091308594,40.61205291748047,106.77193450927734,271.1404724121094,137.8350372314453
2020-03-09,157.80999755859375,57.91202163696289,103.80722045898438,96.5740966796875,37.73191833496094,104.17959594726562,249.96595764160156,141.57078552246094
2020-03-10,154.47999572753906,58.80143356323242,101.9016342163086,100.90750122070312,39.8032112121582,101.833740234375,262.90045166015625,134.3140869140625
2020-03-11,153.92999267578125,57.52069091796875,100.88475799560547,95.4929428100586,37.94314956665039,98.48595428466797,250.0844268798828,129.3716583251953
2020-03-12,147.7899932861328,55.22243118286133,100.93602752685547,85.92078399658203,34.47980499267578,93.78633117675781,226.15708923339844,130.1733856201172
2020-03-13,143.27999877929688,56.958580017089844,100.27802276611328,93.40974426269531,37.56391906738281,97.84976196289062,245.49037170410156,127.23102569580078
2020-03-16,141.63999938964844,53.82779312133789,102.92708587646484,82.48397064208984,33.135746002197266,96.45814514160156,218.6279296875,135.47129821777344
2020-03-17,143.55999755859375,54.332977294921875,100.34640502929688,87.85456085205078,35.06302261352539,92.50601959228516,230.43212890625,126.43761444091797
2020-03-18,140.6999969482422,51.93510437011719,98.9535140991211,81.8247299194336,33.42856979370117,87.8779296875,218.76463317871094,119.30496215820312
2020-03-19,138.0399932861328,50.7681884765625,99.27826690673828,81.68409729003906,33.5821533203125,83.53609466552734,219.22955322265625,122.5531234741211
2020-03-20,140.11000061035156,49.629722595214844,101.80760955810547,78.36152648925781,32.15651321411133,84.87999725341797,209.781982421875,131.7685089111328
2020-03-23,146.3000030517578,48.83279800415039,103.01249694824219,74.86316680908203,31.59248161315918,91.15418243408203,204.4182586669922,137.1985321044922
2020-03-24,153.39999389648438,50.84645462036133,102.31182098388672,82.5630874633789,34.47739791870117,93.02291107177734,222.9392547607422,134.6446990966797
2020-03-25,151.3000030517578,52.27666091918945,102.37164306640625,84.49822998046875,34.74098587036133,97.47606658935547,226.27664184570312,134.3389129638672
2020-03-26,153.24000549316406,54.66740798950195,102.61945343017578,89.63976287841797,36.81119918823242,97.55554962158203,239.48886108398438,135.00018310546875
2020-03-27,152.25,54.80970764160156,103.37995147705078,87.07784271240234,35.56186294555664,97.35675048828125,232.35556030273438,138.6036834716797
2020-03-30,152.9199981689453,55.279335021972656,103.61922454833984,89.5511245727539,36.78470993041992,98.54161834716797,239.9014892578125,137.46307373046875
2020-03-31,148.0500030517578,54.83816909790039,103.80722045898438,87.92000579833984,36.26476287841797,98.215576171875,236.3256378173828,136.34738159179688
2020-04-01,149.4499969482422,53.332881927490234,104.22984313964844,83.78905487060547,34.702476501464844,96.78856658935547,225.6898651123047,138.2576141357422
2020-04-02,151.89999389648438,53.74762725830078,104.24695587158203,85.81907653808594,35.352420806884766,97.0436782836914,230.89772033691406,139.13497924804688
2020-04-03,152.64999389648438,52.5963134765625,104.32396697998047,84.43620300292969,34.80598449707031,96.54141998291016,227.56031799316406,139.46607971191406
2020-04-06,156.8800048828125,53.87636184692383,103.8533935546875,89.81706237792969,37.34318923950195,98.4467544555664,242.8446807861328,139.10179138183594
2020-04-07,156.0399932861328,53.87636184692383,103.39141845703125,90.40211486816406,37.26616287231445,98.59822082519531,243.0922393798828,137.6451416015625
2020-04-08,154.64999389648438,55.277957916259766,103.26309204101562,94.08092498779297,38.421627044677734,100.37601470947266,251.25242614746094,136.64369201660156
2020-04-09,158.69000244140625,58.89643096923828,103.48553466796875,96.52761840820312,38.75142288208008,105.09545135498047,255.0757293701172,136.8919219970703
2020-04-13,161.41000366210938,58.05260467529297,103.26309204101562,94.49762725830078,38.64550018310547,104.07503509521484,252.74693298339844,135.64218139648438
2020-04-14,162.67999267578125,58.29570388793945,103.40000915527344,96.35033416748047,40.142791748046875,103.56480407714844,260.201171875,135.60899353027344
2020-04-15,161.85000610351562,57.75225067138672,104.32396697998047,93.25656127929688,39.61078643798828,104.25836944580078,254.67247009277344,139.2012481689453
2020-04-16,161.7100067138672,57.69502258300781,104.43519592285156,92.89310455322266,40.082611083984375,103.74018096923828,255.9010467529297,140.78207397460938
2020-04-17,158.57000732421875,57.98823165893555,104.16139221191406,96.55422973632812,40.799964904785156,104.08302307128906,262.8143615722656,138.89491271972656
2020-04-20,159.6999969482422,57.115806579589844,104.43519592285156,94.55082702636719,40.27519607543945,103.49308013916016,258.1840515136719,140.01226806640625
2020-04-21,158.61000061035156,56.07173538208008,104.72608947753906,92.16620635986328,38.8597412109375,103.1263427734375,250.3448028564453,141.77536010742188
2020-04-22,161.72999572753906,56.56517028808594,104.4009780883789,93.63774108886719,39.923728942871094,103.19010925292969,255.9010467529297,140.32688903808594
2020-04-23,163.33999633789062,56.53656005859375,104.46942138671875,93.63774108886719,39.880409240722656,103.62854766845703,255.8826446533203,141.07171630859375
2020-04-24,162.63999938964844,56.007381439208984,104.49502563476562,94.74581909179688,40.52553939819336,103.55681610107422,259.44940185546875,141.4028778076172
2020-04-27,161.55999755859375,56.23621368408203,103.93894958496094,96.95314025878906,40.97328186035156,102.71978759765625,263.19024658203125,138.77088928222656
2020-04-28,160.83999633789062,56.407875061035156,104.39239501953125,97.7420883178711,40.46054458618164,102.99879455566406,261.97991943359375,140.36822509765625
2020-04-29,161.72999572753906,57.4018440246582,104.34105682373047,100.0025863647461,41.65211868286133,103.6764144897461,268.83819580078125,139.63990783691406
2020-04-30,158.8000030517578,57.51626205444336,104.09297180175781,97.7509536743164,41.5919303894043,102.97489929199219,266.33514404296875,138.00933837890625
2020-05-01,159.77999877929688,56.5241584777832,104.2368392944336,94.86106872558594,40.501461029052734,102.56729125976562,259.2843933105469,139.191162109375
2020-05-04,160.33999633789062,56.445098876953125,104.25395965576172,94.74581909179688,40.845699310302734,102.72708892822266,259.9995422363281,138.5364227294922
2020-05-05,161.02000427246094,56.93364334106445,104.17686462402344,95.16246795654297,41.396949768066406,102.59127044677734,262.40167236328125,137.6496124267578
2020-05-06,158.9499969482422,56.61033630371094,103.79150390625,93.66432189941406,41.44028091430664,101.44046020507812,260.6228942871094,135.42857360839844
2020-05-07,161.38999938964844,56.75403594970703,104.42522430419922,94.88766479492188,41.981910705566406,101.712158203125,263.76776123046875,137.6910858154297
2020-05-08,160.4199981689453,57.292850494384766,104.08267211914062,97.14813232421875,42.54279327392578,101.22469329833984,268.1322021484375,135.9009552001953
2020-05-11,159.4199981689453,57.03420639038086,103.79150390625,96.22622680664062,42.867767333984375,100.33757019042969,268.18719482421875,134.8401641845703
2020-05-12,160.0399932861328,56.96238708496094,104.13407135009766,94.05437469482422,42.01320266723633,101.30460357666016,262.84173583984375,136.22412109375
2020-05-13,161.5800018310547,56.6606559753418,104.34817504882812,91.79387664794922,41.384918212890625,101.53636932373047,258.1932373046875,137.17724609375
2020-05-14,163.00999450683594,56.46666717529297,104.51094055175781,93.1147232055664,41.823028564453125,102.37547302246094,261.2830505371094,138.51988220214844
2020-05-15,163.92999267578125,56.54570388793945,104.4423828125,93.0704116821289,42.1600456237793,102.73512268066406,262.4842224121094,138.16348266601562
2020-05-18,162.69000244140625,57.544273376464844,103.80003356933594,97.29883575439453,43.120521545410156,103.31855773925781,270.47943115234375,135.13018798828125
2020-05-19,164.25999450683594,57.616111755371094,104.09122467041016,95.71206665039062,42.8653678894043,103.39844512939453,267.7012634277344,135.63572692871094
2020-05-20,164.64999389648438,58.226776123046875,104.1169204711914,97.44953918457031,43.59955596923828,104.5333251953125,272.2490539550781,136.04177856445312
2020-05-21,162.25,58.2124137878418,104.18547058105469,96.9087905883789,43.320316314697266,104.45332336425781,270.3694152832031,136.3816680908203
2020-05-22,163.2100067138672,58.356082916259766,104.38243865966797,96.86446380615234,43.49604415893555,104.45332336425781,270.8828430175781,137.20205688476562
2020-05-26,160.88999938964844,58.79430389404297,104.10836029052734,99.55935668945312,43.5778923034668,104.30949401855469,274.2203063964844,135.36224365234375
2020-05-27,161.17999267578125,58.91643524169922,104.19401550292969,101.84642791748047,43.93896484375,104.74107360839844,278.3003845214844,135.1136474609375
2020-05-28,161.72000122070312,58.97393798828125,104.09982299804688,101.28794860839844,44.01359176635742,104.82902526855469,277.7870178222656,134.6163330078125
2020-05-29,162.91000366210938,59.21097946166992,104.43379211425781,101.16386413574219,44.369876861572266,105.50825500488281,279.0247802734375,135.57763671875
2020-06-01,163.66000366210938,59.658843994140625,104.3926773071289,101.70460510253906,44.651519775390625,105.4618148803711,280.1524963378906,134.6648712158203
2020-06-02,162.60000610351562,60.250244140625,104.22120666503906,102.74176788330078,44.93315505981445,105.7983169555664,282.4721374511719,134.1753387451172
2020-06-03,159.60000610351562,60.531517028808594,103.60394287109375,105.0909194946289,45.323123931884766,105.73420715332031,286.2314147949219,132.39122009277344
2020-06-04,161.27999877929688,60.343994140625,103.19246673583984,105.69371795654297,44.841678619384766,105.41375732421875,285.4795837402344,130.47427368164062
2020-06-05,158.00999450683594,60.91377639770508,102.67809295654297,108.83179473876953,45.8382682800293,105.95853424072266,292.79620361328125,129.5448455810547
2020-06-08,159.72000122070312,60.98588562011719,102.78952026367188,110.9327392578125,46.23065185546875,106.31102752685547,296.3353271484375,130.04278564453125
2020-06-09,161.25999450683594,60.5098991394043,103.15814971923828,108.75202178955078,46.27638626098633,106.08667755126953,294.1257629394531,131.51983642578125
2020-06-10,163.57000732421875,60.4233512878418,103.92972564697266,106.34970092773438,46.53636932373047,106.78370666503906,292.4844970703125,133.46994018554688
2020-06-11,162.38999938964844,58.872718811035156,104.29832458496094,99.44412231445312,44.00877380371094,105.50990295410156,275.6230773925781,135.99269104003906
2020-06-12,162.6199951171875,59.45692825317383,104.0668716430664,101.19931030273438,44.45652770996094,106.02264404296875,278.923828125,134.6815185546875
2020-06-15,162.3300018310547,60.033897399902344,103.98115539550781,102.09656524658203,44.932151794433594,107.52873229980469,281.52783203125,134.75613403320312
2020-06-16,162.25,60.27912139892578,103.76683807373047,103.80902099609375,45.860755920410156,107.23234558105469,286.9466247558594,132.68992614746094
2020-06-17,162.55999755859375,59.99781799316406,103.92972564697266,102.73873901367188,45.887298583984375,107.02405548095703,285.7546081542969,133.23765563964844
2020-06-18,162.24000549316406,59.97621536254883,104.16123962402344,102.6406478881836,45.97172546386719,107.26436614990234,285.8646240234375,134.64828491210938
2020-06-19,164.02999877929688,59.77424621582031,104.19548034667969,101.76654815673828,45.87041091918945,107.34452056884766,284.2309875488281,134.75613403320312
2020-06-22,165.08999633789062,59.7309455871582,104.10118103027344,101.69520568847656,46.376922607421875,107.24028778076172,286.0543518066406,134.77276611328125
2020-06-23,166.47999572753906,59.817527770996094,104.0668716430664,101.76654815673828,46.697696685791016,107.0400619506836,287.3712158203125,133.85169982910156
2020-06-24,165.89999389648438,59.20449447631836,104.26406860351562,98.76976776123047,45.57374572753906,106.74365234375,280.04083251953125,135.2872772216797
2020-06-25,165.8000030517578,59.226112365722656,104.28120422363281,99.82220458984375,46.097129821777344,106.85577392578125,283.04296875,135.67733764648438
2020-06-26,166.5399932861328,58.66360855102539,104.56415557861328,97.5389404296875,45.021400451660156,106.95195007324219,276.3202819824219,137.12950134277344
2020-06-29,166.6300048828125,58.33183670043945,104.6669921875,99.34060668945312,45.4748420715332,107.44861602783203,280.38153076171875,136.69798278808594
2020-06-30,167.3699951171875,58.86552047729492,104.47840118408203,100.44654846191406,46.297325134277344,107.75306701660156,283.9729919433594,136.03408813476562
2020-07-01,166.6199951171875,59.04875946044922,104.31537628173828,100.3216781616211,46.946136474609375,108.17870330810547,285.9622497558594,135.76998901367188
2020-07-02,166.97999572753906,59.48332977294922,104.44407653808594,100.8300552368164,47.16803741455078,108.44366455078125,287.5370178222656,135.91111755371094
2020-07-06,167.97999572753906,59.910606384277344,104.28961944580078,101.86466217041016,48.16658020019531,108.72467803955078,291.97576904296875,135.35450744628906
2020-07-07,169.0399932861328,59.51226043701172,104.6242446899414,100.44654846191406,47.81444549560547,108.86925506591797,288.96441650390625,137.257080078125
2020-07-08,170.08999633789062,59.671627044677734,104.46121978759766,100.74980163574219,48.472904205322266,108.69256591796875,291.1746520996094,136.708740234375
2020-07-09,169.6300048828125,59.54127883911133,104.79588317871094,99.2424545288086,48.67790603637695,109.30279541015625,289.51702880859375,138.88540649414062
2020-07-10,169.19000244140625,59.744041442871094,104.58992767333984,101.07089233398438,48.820213317871094,109.10209655761719,292.4730529785156,138.18760681152344
2020-07-13,169.39999389648438,59.418128967285156,104.70150756835938,100.9549331665039,47.83373260498047,108.81299591064453,289.9405822753906,138.64456176757812
2020-07-14,170.19000244140625,59.925113677978516,104.69290924072266,102.46223449707031,48.3740119934082,109.44741821289062,293.6979064941406,138.8439483642578
2020-07-15,170.33999633789062,60.2655143737793,104.65860748291016,104.2371597290039,48.58866882324219,109.66419219970703,296.3962707519531,138.1959228515625
2020-07-16,168.72999572753906,60.32344436645508,104.73580169677734,104.14794921875,48.23894500732422,109.9693374633789,295.4200744628906,138.8522491455078
2020-07-17,170.1199951171875,60.49001693725586,104.71006774902344,104.56714630126953,48.400543212890625,110.2664566040039,296.2765197753906,138.56146240234375
2020-07-20,170.94000244140625,60.852169036865234,104.77873229980469,103.88929748535156,49.61375045776367,110.57154083251953,298.6708679199219,138.90206909179688
2020-07-21,173.0,61.13463592529297,104.89027404785156,105.15581512451172,49.15547180175781,110.71614074707031,299.3063049316406,138.98512268066406
2020-07-22,175.6300048828125,61.257747650146484,104.92459106445312,105.75337219238281,49.45697784423828,111.0774917602539,301.0100402832031,139.4005889892578
2020-07-23,177.17999267578125,61.214290618896484,105.02757263183594,105.63743591308594,48.35230255126953,111.15774536132812,297.4184875488281,141.0288543701172
2020-07-24,178.6999969482422,61.27223205566406,104.97603607177734,104.6741714477539,48.07492446899414,110.90884399414062,295.50299072265625,141.02064514160156
2020-07-27,182.22999572753906,61.41707992553711,104.81301879882812,104.81690979003906,48.79368591308594,110.57154083251953,297.6578674316406,140.49722290039062
2020-07-28,183.75,61.257747650146484,105.06187438964844,104.47795104980469,48.31853103637695,110.45915222167969,295.7699890136719,141.46917724609375
2020-07-29,185.1300048828125,61.598140716552734,105.19915771484375,105.87825775146484,48.9625244140625,111.06139373779297,299.4075622558594,141.2283172607422
2020-07-30,183.75999450683594,61.7285041809082,105.34501647949219,104.8079605102539,49.11930465698242,110.94094848632812,298.3393249511719,142.1588592529297
2020-07-31,185.42999267578125,61.844383239746094,105.3708267211914,104.46904754638672,49.89836883544922,111.093505859375,300.6968994140625,142.0673828125
2020-08-03,185.63999938964844,61.85965347290039,105.31926727294922,104.8079605102539,50.5423469543457,111.24238586425781,302.787353515625,141.35218811035156
2020-08-04,189.58999633789062,61.83786392211914,105.67996978759766,105.28961944580078,50.696720123291016,111.65281677246094,303.9569091796875,142.69955444335938
2020-08-05,191.35000610351562,61.94692611694336,105.32782745361328,106.07445526123047,50.99098205566406,111.49986267089844,305.84478759765625,141.4519805908203
2020-08-06,193.88999938964844,62.08506393432617,105.44808197021484,106.24394989013672,51.463714599609375,111.97466278076172,307.8891296386719,142.24208068847656
2020-08-07,190.80999755859375,61.932395935058594,105.22480773925781,107.37666320800781,50.9620246887207,111.66082763671875,308.11029052734375,141.2938690185547
2020-08-10,190.14999389648438,61.961456298828125,105.11316680908203,108.35775756835938,50.7015380859375,111.41940307617188,309.0311584472656,140.66183471679688
2020-08-11,179.94000244140625,61.40157699584961,104.75247955322266,108.25072479248047,49.94900894165039,110.71935272216797,306.4801330566406,138.99005126953125
2020-08-12,179.10000610351562,61.41610336303711,104.44330596923828,108.94640350341797,50.99098205566406,110.44569396972656,310.7532043457031,137.72576904296875
2020-08-13,183.3300018310547,61.24884033203125,104.22860717773438,108.25965118408203,51.251468658447266,109.44788360595703,310.19146728515625,136.25364685058594
2020-08-14,182.5399932861328,61.139793395996094,104.28014373779297,108.33991241455078,51.15498733520508,108.965087890625,310.20068359375,135.72134399414062
2020-08-17,186.5,61.503353118896484,104.45191192626953,108.12586975097656,51.678382873535156,109.19038391113281,311.1861572265625,136.0623016357422
2020-08-18,188.17999267578125,61.59790802001953,104.63224029541016,107.7423324584961,52.102882385253906,109.50420379638672,311.8583984375,137.0354461669922
2020-08-19,182.24000549316406,61.42335510253906,104.49484252929688,107.24286651611328,51.85686492919922,109.21453094482422,310.5598449707031,136.17880249023438
2020-08-20,183.5,61.626956939697266,104.79540252685547,106.76126098632812,52.438140869140625,109.60079956054688,311.5268249511719,137.40972900390625
2020-08-21,182.02999877929688,61.61972427368164,104.8726806640625,106.83259582519531,52.70827865600586,109.80197143554688,312.6319580078125,138.2332000732422
2020-08-24,181.0,61.90330123901367,104.7267074584961,108.42911529541016,52.95671463012695,109.60883331298828,315.7998962402344,138.00860595703125
2020-08-25,181.22000122070312,61.968753814697266,104.47766876220703,108.34884643554688,53.35950469970703,109.13404083251953,316.9049987792969,136.95223999023438
2020-08-26,183.36000061035156,61.961456298828125,104.43472290039062,108.13478088378906,54.466590881347656,109.17430114746094,320.0821838378906,136.4282684326172
2020-08-27,181.24000549316406,61.866920471191406,104.06547546386719,108.90180969238281,54.403873443603516,108.30520629882812,320.78204345703125,134.10784912109375
2020-08-28,184.38999938964844,61.91781234741211,104.23724365234375,109.65100860595703,54.690914154052734,108.6351318359375,322.85406494140625,134.00799560546875
2020-08-31,184.8300018310547,61.830604553222656,104.34886169433594,108.73237609863281,54.97309875488281,109.11798858642578,321.6844482421875,134.89794921875
2020-09-01,185.0500030517578,62.167144775390625,104.69087219238281,109.08020782470703,55.83415985107422,109.80746459960938,324.7142639160156,136.4408721923828
2020-09-02,182.6199951171875,62.240169525146484,104.83698272705078,110.82833099365234,56.3985595703125,110.24295806884766,329.4110107421875,137.73988342285156
2020-09-03,181.13999938964844,61.85322189331055,104.9744873046875,108.5361328125,53.63929748535156,110.00104522705078,318.0745544433594,138.13121032714844
2020-09-04,181.63999938964844,61.685306549072266,104.39012145996094,108.38450622558594,52.80957794189453,108.83169555664062,315.4776306152344,135.50830078125
2020-09-08,181.2899932861328,61.34214782714844,104.6135482788086,106.37771606445312,50.848663330078125,108.93647003173828,306.8578186035156,136.3409423828125
2020-09-09,183.0500030517578,61.82401657104492,104.56201171875,107.67098999023438,52.27894973754883,109.00910949707031,312.9173583984375,135.97454833984375
2020-09-10,182.4600067138672,61.53197479248047,104.69087219238281,106.08340454101562,51.25628662109375,109.08975982666016,307.4841003417969,136.66574096679688
2020-09-11,182.4499969482422,61.656089782714844,104.85417938232422,106.68097686767578,51.024742126464844,109.17034149169922,307.64056396484375,136.9570770263672
2020-09-14,183.88999938964844,61.59039306640625,104.75965118408203,108.18830108642578,51.87133026123047,109.44461822509766,311.69256591796875,136.94874572753906
2020-09-15,183.4499969482422,61.75829315185547,104.70807647705078,108.10804748535156,52.44778060913086,109.56558227539062,313.26739501953125,136.61572265625
2020-09-16,183.97000122070312,61.75829315185547,104.64791870117188,108.79479217529297,51.78691864013672,109.63813018798828,312.0241394042969,136.20770263671875
2020-09-17,182.9600067138672,61.692604064941406,104.68229675292969,108.32207489013672,51.10674285888672,109.66229248046875,309.27978515625,136.62400817871094
2020-09-18,183.1999969482422,61.53929138183594,104.5877456665039,107.29639434814453,50.5712890625,109.46068572998047,305.71917724609375,136.1994171142578
2020-09-21,179.52000427246094,61.04282760620117,104.77682495117188,104.84364318847656,50.607486724853516,109.35589599609375,302.3167419433594,136.8905487060547
2020-09-22,178.64999389648438,61.2545280456543,104.77682495117188,105.12906646728516,51.415470123291016,109.4203872680664,305.3955383300781,136.7823028564453
2020-09-23,174.7899932861328,60.63396072387695,104.77682495117188,102.99327087402344,50.016841888427734,108.63004302978516,298.3130798339844,136.96543884277344
2020-09-24,175.44000244140625,60.670475006103516,104.82839965820312,103.1727523803711,50.188446044921875,108.35584259033203,299.1082763671875,137.49005126953125
2020-09-25,174.94000244140625,60.56093215942383,104.91438293457031,104.35729217529297,51.26634979248047,108.24292755126953,303.9440002441406,137.49005126953125
2020-09-28,176.6999969482422,60.95521926879883,104.8971176147461,106.0533676147461,52.12917709350586,108.79130554199219,308.9921875,137.0986785888672
2020-09-29,178.19000244140625,61.00629806518555,104.9744873046875,105.23674774169922,51.99382781982422,108.65425109863281,307.3094787597656,137.25685119628906
2020-09-30,177.1199951171875,61.2545280456543,104.69087219238281,106.00849151611328,52.41920852661133,108.63814544677734,309.639404296875,135.94126892089844
2020-10-01,178.6999969482422,61.46498489379883,104.75020599365234,106.26873016357422,53.08382797241211,108.9404067993164,311.6274719238281,136.16551208496094
2020-10-02,178.5399932861328,61.46498489379883,104.64703369140625,106.57384490966797,52.01558303833008,108.95653533935547,308.668701171875,135.6571044921875
2020-10-05,179.41000366210938,61.9268913269043,103.98490905761719,108.29681396484375,53.03548812866211,108.59284973144531,314.14227294921875,133.00643920898438
2020-10-06,177.3000030517578,61.78755187988281,104.22565460205078,107.30970764160156,52.19442367553711,108.50395202636719,309.6763916015625,133.72325134277344
2020-10-07,177.22000122070312,62.007572174072266,103.92465209960938,109.0147476196289,53.16117858886719,108.53626251220703,315.0669250488281,132.74803161621094
2020-10-08,177.85000610351562,62.146888732910156,104.11383819580078,110.44159698486328,53.371437072753906,108.802978515625,317.85919189453125,133.46484375
2020-10-09,181.0800018310547,62.28617477416992,104.06230926513672,110.6300048828125,54.18350601196289,109.05350494384766,320.69775390625,133.43988037109375
2020-10-12,180.55999755859375,62.601444244384766,104.17401885986328,111.50050354003906,55.39192581176758,109.68399047851562,325.8568420410156,133.86489868164062
2020-10-13,177.72000122070312,62.322811126708984,104.40625,110.38775634765625,55.3532600402832,109.57890319824219,323.73046875,134.8235321044922
2020-10-14,178.27000427246094,62.16884994506836,104.44061279296875,109.9300765991211,54.913394927978516,109.68399047851562,321.6962585449219,135.13189697265625
2020-10-15,178.9199981689453,62.12486267089844,104.32884979248047,110.28007507324219,54.61369705200195,109.57080841064453,321.298583984375,134.8985137939453
2020-10-16,178.3000030517578,62.0515251159668,104.26863861083984,110.55826568603516,54.38410568237305,109.38493347167969,321.1045227050781,134.52346801757812
2020-10-19,178.38999938964844,61.8315544128418,104.09666442871094,108.97885131835938,53.57686996459961,109.17474365234375,316.22259521484375,134.0149383544922
2020-10-20,179.25,62.0515251159668,103.87310028076172,109.50829315185547,53.71463394165039,108.94851684570312,317.4892883300781,132.7396240234375
2020-10-21,180.60000610351562,62.04420471191406,103.7354965209961,109.05960845947266,53.58169937133789,108.77068328857422,316.8883361816406,132.28126525878906
2020-10-22,178.8300018310547,62.15420913696289,103.3742904663086,110.55826568603516,53.54546356201172,108.52819061279297,318.6265869140625,130.90591430664062
2020-10-23,178.63999938964844,62.22752380371094,103.52047729492188,110.7107925415039,53.808895111083984,108.802978515625,319.7083435058594,131.7061004638672
2020-10-26,178.5500030517578,61.67762756347656,103.79569244384766,108.43144226074219,52.94124984741211,109.0292739868164,313.8002014160156,132.93141174316406
2020-10-27,179.02000427246094,61.706947326660156,104.02790832519531,107.06742095947266,53.216758728027344,109.4738540649414,312.7184753417969,133.82333374023438
2020-10-28,176.1300048828125,61.19369125366211,104.01927947998047,103.95347595214844,51.220436096191406,108.93234252929688,302.0299987792969,133.9482879638672
2020-10-29,175.39999389648438,61.36963653564453,103.58067321777344,104.75215911865234,51.84156799316406,108.64944458007812,305.09967041015625,132.6479949951172
2020-10-30,176.1999969482422,61.50163650512695,103.24531555175781,104.75215911865234,50.6524772644043,108.08369445800781,301.9190979003906,131.33941650390625
2020-11-02,177.91000366210938,61.64818572998047,103.42259216308594,106.70846557617188,50.940093994140625,108.50727844238281,305.3031005859375,132.3231658935547
2020-11-03,178.9199981689453,62.17837905883789,103.19020080566406,108.70963287353516,51.84397888183594,108.61254119873047,310.69354248046875,131.5554656982422
2020-11-04,178.82000732421875,62.76007080078125,104.05936431884766,108.68270874023438,54.11099624633789,110.24053192138672,317.6372375488281,134.40919494628906
2020-11-05,182.92999267578125,62.980960845947266,104.04212951660156,110.56720733642578,55.343589782714844,110.65363311767578,323.83209228515625,134.64285278320312
2020-11-06,183.19000244140625,62.76007080078125,103.68931579589844,110.40572357177734,55.396759033203125,110.30537414550781,323.7580871582031,133.0157470703125
2020-11-09,175.0800018310547,63.238704681396484,102.92347717285156,114.98238372802734,54.44210433959961,109.4710922241211,327.82635498046875,130.2203826904297
2020-11-10,175.66000366210938,63.150352478027344,102.63091278076172,116.30155181884766,53.64695739746094,109.18759155273438,327.3456115722656,129.46939086914062
2020-11-11,174.89999389648438,63.128265380859375,102.79441833496094,115.95157623291016,54.64996337890625,109.39009094238281,329.7772216796875,129.9366912841797
2020-11-12,175.9600067138672,62.70113754272461,103.3795394897461,114.44395446777344,54.33092498779297,109.82748413085938,326.5780944824219,132.1478729248047
2020-11-13,177.16000366210938,62.91472244262695,103.24188995361328,116.6784439086914,54.74421691894531,109.9570083618164,331.0994567871094,131.97265625
2020-11-16,177.14999389648438,63.26818084716797,103.16443634033203,118.86809539794922,55.03182601928711,110.31342315673828,335.23248291015625,131.65554809570312
2020-11-17,176.5,63.290245056152344,103.43116760253906,118.3655014038086,54.93514633178711,110.6698226928711,333.429443359375,132.5150146484375
2020-11-18,175.49000549316406,63.172420501708984,103.39675903320312,116.99252319335938,54.43243408203125,110.90469360351562,329.4166259765625,132.89892578125
2020-11-19,175.16000366210938,63.3859748840332,103.50862121582031,117.3245620727539,54.79255294799805,111.52021026611328,330.8035888671875,133.58316040039062
2020-11-20,175.69000244140625,63.26818084716797,103.68931579589844,116.822021484375,54.490440368652344,111.42308807373047,328.5382995605469,134.7679901123047
2020-11-23,172.22999572753906,63.36388397216797,103.48284149169922,118.41938781738281,54.507354736328125,111.56074523925781,330.5076904296875,134.15049743652344
2020-11-24,169.58999633789062,63.55534362792969,103.3193359375,120.94999694824219,55.072906494140625,111.30967712402344,335.8333740234375,132.81541442871094
2020-11-25,169.50999450683594,63.5258903503418,103.35375213623047,120.17825317382812,55.33392333984375,111.37445831298828,335.315673828125,132.4065704345703
2020-11-27,167.7899932861328,63.628997802734375,103.66351318359375,120.08854675292969,55.768959045410156,111.77135467529297,336.24951171875,133.69163513183594
2020-11-30,166.6699981689453,63.56266784667969,103.59468078613281,118.814208984375,55.88737869262695,112.16008758544922,334.7609558105469,133.5247039794922
2020-12-01,170.17999267578125,63.72608184814453,103.04358673095703,119.91801452636719,56.44808578491211,111.7348403930664,338.4222717285156,131.5559844970703
2020-12-02,171.4600067138672,63.90349197387695,102.87139892578125,120.53721618652344,56.30791473388672,111.36154174804688,339.1343078613281,130.51187133789062
2020-12-03,172.80999755859375,63.94046401977539,103.14691162109375,120.78848266601562,56.30550003051758,111.79978942871094,339.04168701171875,131.56427001953125
2020-12-04,172.32000732421875,64.20661163330078,102.74221801757812,122.33201599121094,56.66804122924805,111.1830062866211,341.9635009765625,129.6348114013672
2020-12-07,174.88999938964844,64.17707061767578,103.06079864501953,121.64998626708984,56.86378860473633,111.2803726196289,341.2608337402344,130.80418395996094
2020-12-08,175.5,64.12530517578125,103.1641616821289,122.07174682617188,57.074058532714844,111.15055084228516,342.2593688964844,131.42233276367188
2020-12-09,172.5,64.02916717529297,103.01776885986328,121.8384017944336,56.09281921386719,110.74476623535156,339.1897888183594,130.9879608154297
2020-12-10,172.1699981689453,64.14746856689453,103.25022888183594,121.70378875732422,56.26682662963867,111.29661560058594,339.0787048339844,132.14903259277344
2020-12-11,172.49000549316406,64.08094024658203,103.4568862915039,121.4615478515625,56.18465805053711,111.41020202636719,338.68115234375,132.6167755126953
2020-12-14,171.5399932861328,64.09571838378906,103.3966293334961,120.24107360839844,56.362342834472656,111.32908630371094,337.16485595703125,132.24923706054688
2020-12-15,173.94000244140625,64.29533386230469,103.29330444335938,122.06183624267578,57.01594161987305,111.54817962646484,341.72314453125,131.80662536621094
2020-12-16,174.89999389648438,64.19921875,103.20720672607422,121.7373275756836,57.3233757019043,111.45890808105469,342.2593688964844,131.45574951171875
2020-12-17,176.74000549316406,64.29498291015625,103.13224792480469,122.34125518798828,57.855934143066406,111.62153625488281,344.17333984375,131.10792541503906
2020-12-18,176.44000244140625,64.34697723388672,103.04608154296875,121.8004379272461,57.80509948730469,111.54023742675781,342.7989501953125,130.71481323242188
2020-12-21,175.8800048828125,64.11682891845703,103.11503601074219,121.1875228881836,57.76637649536133,111.32063293457031,341.5733337402344,131.2333221435547
2020-12-22,174.49000549316406,64.198486328125,103.2873306274414,120.50247955322266,58.03023147583008,111.62967681884766,340.9977111816406,131.91062927246094
2020-12-23,175.64999389648438,64.48802185058594,103.0719223022461,121.41283416748047,57.65018081665039,111.65409088134766,341.3041076660156,130.99917602539062
2020-12-24,176.35000610351562,64.62162017822266,103.21839141845703,121.75538635253906,57.92130661010742,112.03629302978516,342.6319274902344,131.51763916015625
2020-12-28,175.7100067138672,64.70326232910156,103.2270278930664,122.05279541015625,58.40060806274414,112.10945892333984,345.57537841796875,131.5761260986328
2020-12-29,176.35000610351562,64.62162017822266,103.20977020263672,121.71029663085938,58.27957534790039,112.15827941894531,344.9161071777344,131.40896606445312
2020-12-30,177.6999969482422,64.7552490234375,103.2787094116211,122.29617309570312,58.240840911865234,112.30467224121094,345.40826416015625,131.6932373046875
2020-12-31,178.36000061035156,64.80719757080078,103.3476333618164,123.24261474609375,58.373985290527344,112.32901000976562,347.1632080078125,131.88555908203125
2021-01-04,182.3300018310547,64.67362213134766,103.37351989746094,121.5841064453125,57.55093002319336,111.75983428955078,342.43695068359375,131.7266082763672
2021-01-05,182.8699951171875,64.69586181640625,103.13224792480469,122.62967681884766,57.851104736328125,111.40200805664062,344.7954406738281,130.7484130859375
2021-01-06,179.89999389648438,64.57707977294922,102.52914428710938,125.70327758789062,57.20719528198242,110.49932098388672,346.85675048828125,128.06434631347656
2021-01-07,179.47999572753906,64.76268005371094,102.16728973388672,126.8029556274414,58.50712203979492,110.48308563232422,352.01019287109375,126.93548583984375
2021-01-08,173.33999633789062,64.85916137695312,101.87429809570312,126.8840560913086,59.11232376098633,110.40168762207031,354.01580810546875,126.52581787109375
2021-01-11,173.0,64.51025390625,101.67615509033203,126.98322296142578,58.403038024902344,109.93006896972656,351.6294860839844,126.31673431396484
2021-01-12,174.1199951171875,64.59192657470703,101.658935546875,127.59617614746094,58.27957534790039,110.16588592529297,351.7037658691406,126.21646881103516
2021-01-13,173.3699951171875,64.7849349975586,102.01219940185547,127.47894287109375,58.560386657714844,111.019775390625,352.65093994140625,127.63782501220703
2021-01-14,173.27999877929688,64.77007293701172,101.77952575683594,127.95670318603516,58.03266143798828,110.53997039794922,351.41595458984375,126.44220733642578
2021-01-15,171.1300048828125,64.66616821289062,102.05525970458984,126.7398681640625,57.72037124633789,110.71074676513672,348.8531494140625,126.94388580322266
2021-01-19,172.5800018310547,64.85175323486328,102.11555480957031,127.29867553710938,58.38609313964844,110.90592956542969,351.5924072265625,127.35359954833984
2021-01-20,175.38999938964844,64.97050476074219,102.1586685180664,127.89359283447266,59.6279296875,110.87339782714844,356.45794677734375,127.47903442382812
2021-01-21,175.27999877929688,64.93341064453125,102.01219940185547,127.11843872070312,59.95957565307617,110.43431091308594,356.7828369140625,126.58434295654297
2021-01-22,173.89999389648438,64.80719757080078,102.16728973388672,126.43341064453125,59.932945251464844,110.35292053222656,355.5201110839844,126.99404907226562
2021-01-25,174.0500030517578,64.82203674316406,102.5807876586914,126.30726623535156,60.3711051940918,110.8245849609375,356.9222106933594,128.49078369140625
2021-01-26,173.6199951171875,64.7255859375,102.5463638305664,125.7303466796875,60.30332565307617,110.81645202636719,356.36505126953125,128.248291015625
2021-01-27,172.52000427246094,64.53997802734375,102.66696166992188,122.45843505859375,58.79761505126953,110.62134552001953,347.6553039550781,128.57437133789062
2021-01-28,172.67999267578125,64.73298645019531,102.39984130859375,124.2160415649414,59.119571685791016,110.44239807128906,350.64520263671875,127.86369323730469
2021-01-29,172.61000061035156,64.56222534179688,102.21895599365234,122.07986450195312,57.91404342651367,110.27164459228516,343.62542724609375,127.09436798095703
2021-02-01,174.22999572753906,64.76934814453125,102.34656524658203,123.3687973022461,59.138946533203125,110.48919677734375,349.3453063964844,127.24170684814453
2021-02-02,172.11000061035156,64.92583465576172,102.08792114257812,125.1264419555664,60.124176025390625,110.19584655761719,354.28515625,126.42133331298828
2021-02-03,171.85000610351562,64.97795867919922,101.8379135131836,125.64021301269531,59.9862060546875,109.9350814819336,354.5637512207031,125.29954528808594
2021-02-04,168.14999389648438,65.11209869384766,101.80339813232422,127.2536392211914,60.622859954833984,110.12248229980469,358.5935363769531,124.96479797363281
2021-02-05,169.80999755859375,65.20894622802734,101.58784484863281,127.92961883544922,60.869773864746094,109.82917022705078,360.0049743652344,123.91841888427734
2021-02-08,171.52000427246094,65.40267944335938,101.63097381591797,129.33575439453125,61.230472564697266,110.30175018310547,362.6048278808594,124.46247863769531
2021-02-09,172.0800018310547,65.2834701538086,101.70854187011719,129.3628387451172,61.19658279418945,110.1306381225586,362.3634338378906,124.5545654296875
2021-02-10,172.7100067138672,65.26856994628906,101.96720886230469,129.5521240234375,61.094913482666016,110.39138793945312,362.20556640625,125.38330841064453
2021-02-11,171.2100067138672,65.29834747314453,101.8896255493164,129.6422576904297,61.33456802368164,110.0980453491211,362.79058837890625,124.69683837890625
2021-02-12,170.69000244140625,65.40267944335938,101.5533676147461,130.3994140625,61.65410614013672,109.73955535888672,364.5826416015625,123.1482162475586
2021-02-16,168.24000549316406,65.29834747314453,100.82052612304688,130.61570739746094,61.363609313964844,108.9654541015625,364.2669372558594,121.27308654785156
2021-02-17,166.3300018310547,65.27605438232422,100.88948822021484,130.73284912109375,61.19173812866211,109.5113754272461,364.3505554199219,122.04320526123047
2021-02-18,166.32000732421875,65.18659973144531,100.88087463378906,130.01181030273438,60.983558654785156,109.29954528808594,362.7998352050781,121.54927825927734
2021-02-19,167.00999450683594,65.19406127929688,100.47567749023438,130.69683837890625,60.6156005859375,108.50916290283203,362.15924072265625,119.93367004394531
2021-02-22,169.50999450683594,64.99288940429688,100.31188201904297,131.21058654785156,59.32292556762695,107.8328857421875,359.3735046386719,119.02120971679688
2021-02-23,169.1199951171875,65.14935302734375,100.38945770263672,131.64321899414062,59.160728454589844,107.91435241699219,359.8099365234375,118.67803192138672
2021-02-24,169.0,65.21642303466797,100.25149536132812,133.53607177734375,59.5577278137207,108.07734680175781,363.77484130859375,117.89949798583984
2021-02-25,165.82000732421875,64.59797668457031,98.91517639160156,130.94921875,57.7252197265625,106.36619567871094,355.00946044921875,115.97412109375
2021-02-26,161.80999755859375,64.4042739868164,99.8031997680664,129.3988800048828,57.8970947265625,107.77584075927734,353.18017578125,119.8081283569336
2021-03-01,161.52999877929688,65.12730407714844,99.6910400390625,132.34629821777344,59.431846618652344,107.88114929199219,361.7413635253906,118.22575378417969
2021-03-02,162.41000366210938,65.0301513671875,99.87218475341797,131.86859130859375,58.669315338134766,107.75868225097656,358.9185485839844,118.23419189453125
2021-03-03,160.6199951171875,64.82075500488281,99.33733367919922,131.55311584472656,57.07646560668945,106.95856475830078,354.1644287109375,116.95179748535156
2021-03-04,159.0399932861328,64.57402801513672,98.84561920166016,130.0388641357422,56.07184982299805,106.08491516113281,349.78173828125,116.19749450683594
2021-03-05,159.13999938964844,64.76842498779297,98.70760345458984,132.91416931152344,56.9094352722168,105.94609069824219,356.2164001464844,116.42378234863281
2021-03-08,157.49000549316406,64.29735565185547,98.31938171386719,134.01380920410156,55.68695831298828,104.95816802978516,354.4430236816406,115.51858520507812
2021-03-09,160.83999633789062,64.38709259033203,98.78521728515625,133.93267822265625,57.51461410522461,105.7501220703125,359.5035400390625,117.11941528320312
2021-03-10,161.66000366210938,64.58898162841797,98.99226379394531,135.69032287597656,57.454097747802734,106.24821472167969,361.7413635253906,117.3541030883789
2021-03-11,161.52000427246094,64.82823181152344,98.95777130126953,136.1139678955078,58.66205596923828,106.31355285644531,365.4090881347656,116.507568359375
2021-03-12,161.49000549316406,64.6487808227539,98.24175262451172,137.2767333984375,58.337677001953125,105.08878326416016,365.901123046875,114.03511810302734
2021-03-15,162.1999969482422,64.6562728881836,98.36250305175781,137.90769958496094,58.88959884643555,105.44805145263672,368.0832824707031,114.70562744140625
2021-03-16,162.35000610351562,64.50672149658203,98.34525299072266,136.96124267578125,59.0542106628418,105.37458038330078,367.61895751953125,114.24468231201172
2021-03-17,163.50999450683594,64.59644317626953,98.1813735961914,137.66433715820312,59.11232376098633,105.47257995605469,368.8725280761719,113.3897476196289
2021-03-18,162.55999755859375,64.10295867919922,97.56883239746094,136.60072326660156,57.61145782470703,104.86835479736328,363.50555419921875,112.24154663085938
2021-03-19,163.24000549316406,64.34972381591797,97.50846099853516,136.0689697265625,57.778472900390625,105.02346801757812,362.83294677734375,112.93722534179688
2021-03-22,163.0,64.58148193359375,97.82765197753906,136.05087280273438,58.63785171508789,105.39905548095703,365.7301940917969,114.20277404785156
2021-03-23,161.80999755859375,64.6487808227539,98.31072998046875,134.12196350097656,58.43692398071289,105.70931243896484,362.8515625,115.23360443115234
2021-03-24,162.3699951171875,64.68617248535156,98.44014739990234,134.13101196289062,57.621124267578125,106.02776336669922,361.007080078125,115.85387420654297
2021-03-25,161.77999877929688,64.79837799072266,98.31072998046875,135.7728271484375,57.580406188964844,105.90528106689453,363.03790283203125,114.94029998779297
2021-03-26,162.24000549316406,64.99272155761719,97.98296356201172,138.02650451660156,58.50649642944336,105.83177185058594,368.8882141113281,114.53800964355469
2021-03-29,160.30999755859375,65.0301513671875,97.64649200439453,137.4291534423828,58.4555778503418,105.57867431640625,368.701904296875,113.5657730102539
2021-03-30,157.57000732421875,64.87310028076172,97.56021118164062,137.6826171875,58.16466522216797,105.90528106689453,367.7237548828125,114.16085815429688
2021-03-31,159.9600067138672,65.1871566772461,97.42222595214844,137.16668701171875,58.92106246948242,106.1828842163086,369.2142639160156,113.52386474609375
2021-04-01,161.97999572753906,65.32522583007812,97.8537826538086,138.3523406982422,59.85200119018555,106.84878540039062,373.2014465332031,115.40802001953125
2021-04-05,161.9199981689453,65.355224609375,97.57759094238281,139.57420349121094,60.8871955871582,106.32521057128906,378.55804443359375,114.90448760986328
2021-04-06,163.22000122070312,65.46778106689453,98.05233001708984,139.67376708984375,60.92841339111328,107.03692626953125,378.3344421386719,115.6850357055664
2021-04-07,162.75999450683594,65.44524383544922,97.99188232421875,139.3932342529297,61.06902313232422,106.82424926757812,378.7723693847656,114.87933349609375
2021-04-08,164.50999450683594,65.46778106689453,98.32858276367188,139.45655822753906,61.723594665527344,107.21690368652344,380.5702819824219,115.82762908935547
2021-04-09,163.27000427246094,65.42273712158203,98.0696029663086,140.13540649414062,62.2545280456543,106.99604034423828,383.337158203125,115.40802001953125
2021-04-12,162.27999877929688,65.355224609375,98.00920867919922,140.24400329589844,62.29088592529297,106.97151947021484,383.4768371582031,115.35769653320312
2021-04-13,163.42999267578125,65.40022277832031,98.41487121582031,139.83670043945312,62.93575668334961,107.44601440429688,384.61334228515625,116.22215270996094
2021-04-14,162.72000122070312,65.3702392578125,98.29405975341797,140.34356689453125,62.29088592529297,107.29875183105469,383.2998352050781,115.85285186767578
2021-04-15,165.35000610351562,65.6328125,98.92417907714844,141.0947723388672,63.299407958984375,107.96137237548828,387.4174499511719,117.79156494140625
2021-04-16,166.35000610351562,65.49775695800781,98.65658569335938,141.79171752929688,63.37454605102539,107.22512817382812,388.7123107910156,116.87674713134766
2021-04-19,165.88999938964844,65.3927230834961,98.5530014038086,141.31201171875,62.865455627441406,106.94696807861328,386.8025817871094,116.54104614257812
2021-04-20,166.47999572753906,65.28018951416016,98.84649658203125,140.01773071289062,62.489681243896484,107.15145111083984,383.9705505371094,117.07820129394531
2021-04-21,168.1300048828125,65.49775695800781,98.89828491210938,141.5835418701172,63.001224517822266,107.51958465576172,387.6037292480469,117.31317138671875
2021-04-22,167.0399932861328,65.3777084350586,98.97599792480469,140.56982421875,62.45816421508789,107.62596893310547,384.06365966796875,117.82510375976562
2021-04-23,166.39999389648438,65.55028533935547,98.84649658203125,141.945556640625,63.25819396972656,107.7159652709961,388.22784423828125,117.54817199707031
2021-04-26,166.83999633789062,65.52027130126953,98.74290466308594,142.01795959472656,63.59518814086914,107.66688537597656,389.0382995605469,117.38027954101562
2021-04-27,166.4199981689453,65.43022918701172,98.35448455810547,142.27139282226562,63.41335678100586,107.18419647216797,388.9544372558594,116.35639190673828
2021-04-28,166.91000366210938,65.55780792236328,98.48395538330078,142.5067596435547,63.224281311035156,107.20054626464844,388.84271240234375,116.43196105957031
2021-04-29,166.22000122070312,65.6328125,98.3113021850586,143.70144653320312,63.35517120361328,107.06967163085938,391.32073974609375,116.08787536621094
2021-04-30,165.66000366210938,65.60281372070312,98.39759826660156,142.5972442626953,62.96971893310547,107.29052734375,388.7495422363281,116.35639190673828
2021-05-03,167.80999755859375,65.62840270996094,98.565185546875,143.5114288330078,62.73211669921875,107.54874420166016,389.5879821777344,116.42619323730469
2021-05-04,166.5800018310547,65.59077453613281,98.69477081298828,143.63809204101562,61.80116653442383,107.61431121826172,387.1845397949219,117.21626281738281
2021-05-05,167.27000427246094,65.71871185302734,98.81568908691406,144.13587951660156,61.50782775878906,107.74546813964844,387.3056640625,117.40953826904297
2021-05-06,170.05999755859375,65.69615173339844,98.8588638305664,145.3215789794922,61.83026123046875,107.95040130615234,390.39849853515625,117.60291290283203
2021-05-07,171.58999633789062,65.74130249023438,98.8934097290039,146.42578125,62.29088592529297,107.99140167236328,393.2398376464844,117.02297973632812
2021-05-10,172.11000061035156,65.59077453613281,98.69477081298828,146.26284790039062,61.04962921142578,107.4094009399414,389.3457336425781,115.83784484863281
2021-05-11,172.13999938964844,65.52299499511719,98.53067016601562,144.38931274414062,60.81446838378906,107.01597595214844,385.87103271484375,115.1822509765625
2021-05-12,170.42999267578125,65.20683288574219,98.05557250976562,141.6016387939453,59.29440689086914,106.4339828491211,377.673095703125,113.971923828125
2021-05-13,171.1300048828125,65.44019317626953,98.3837890625,143.5928192138672,59.83502960205078,106.83563995361328,382.2098388671875,114.1484146118164
2021-05-14,172.69000244140625,65.65097045898438,98.59974670410156,145.4844512939453,60.95750045776367,107.4176254272461,388.078857421875,115.21585083007812
2021-05-17,174.6999969482422,65.53054809570312,98.50473022460938,145.3396759033203,60.669010162353516,107.29466247558594,387.09136962890625,114.97210693359375
2021-05-18,175.0399932861328,65.37246704101562,98.50473022460938,144.00918579101562,60.329593658447266,106.94223022460938,383.7563171386719,114.67791748046875
2021-05-19,175.16000366210938,65.19928741455078,98.2110824584961,143.1674346923828,60.322322845458984,106.75367736816406,382.7501525878906,114.40058898925781
2021-05-20,175.9600067138672,65.47782897949219,98.61705017089844,143.93675231933594,61.350250244140625,107.48322296142578,386.86773681640625,115.34191131591797
2021-05-21,176.0399932861328,65.5757064819336,98.65158081054688,144.46176147460938,61.061737060546875,107.55693817138672,386.5509948730469,115.71175384521484
2021-05-24,176.35000610351562,65.65097045898438,98.74658966064453,145.29441833496094,61.90785598754883,107.85203552246094,390.4916687011719,116.14037322998047
2021-05-25,177.9499969482422,65.65848541259766,99.109375,144.4888916015625,61.990264892578125,108.25369262695312,389.6252746582031,117.21626281738281
2021-05-26,177.63999938964844,65.68109130859375,98.99711608886719,144.90524291992188,62.16240692138672,108.1963119506836,390.39849853515625,117.0145263671875
2021-05-27,177.7100067138672,65.65097045898438,98.82433319091797,145.68360900878906,61.88117980957031,107.86843872070312,390.6034240722656,116.54387664794922
2021-05-28,178.3800048828125,65.62840270996094,98.81568908691406,145.8374786376953,62.09694290161133,107.95858764648438,391.3020935058594,116.35894775390625
2021-06-01,177.89999389648438,65.82550048828125,98.79752349853516,146.33526611328125,61.784202575683594,107.9725341796875,390.95751953125,116.3328628540039
2021-06-02,178.77000427246094,65.90863800048828,98.90991973876953,146.4710235595703,61.9102668762207,108.14503479003906,391.5723571777344,116.60220336914062
2021-06-03,175.27000427246094,65.77267456054688,98.65925598144531,146.33526611328125,61.391456604003906,107.71800231933594,390.11895751953125,116.16447448730469
2021-06-04,177.16000366210938,65.91619110107422,99.20378875732422,146.98695373535156,62.24481201171875,108.48174285888672,393.68695068359375,117.75530242919922
2021-06-07,177.8699951171875,65.93883514404297,99.12599182128906,146.50721740722656,62.43634796142578,108.39140319824219,393.3050231933594,117.39339447021484
2021-06-08,177.32000732421875,65.9841537475586,99.4112319946289,146.54339599609375,62.55998229980469,108.80204772949219,393.38885498046875,118.2182846069336
2021-06-09,176.97999572753906,66.03703308105469,99.722412109375,145.9189453125,62.56483840942383,109.19628143310547,392.802001953125,119.26199340820312
2021-06-10,177.74000549316406,66.1578598022461,100.0768051147461,145.82359313964844,63.2352294921875,109.68901062011719,394.6278076171875,119.9774398803711
2021-06-11,175.74000549316406,66.18053436279297,99.92984008789062,146.2141571044922,63.37114334106445,109.77933502197266,395.280029296875,119.78385162353516
2021-06-14,174.7100067138672,66.12010955810547,99.61869049072266,145.46017456054688,63.94639205932617,109.37689971923828,396.1650695800781,118.8664321899414
2021-06-15,174.0500030517578,66.11254119873047,99.63597869873047,145.596435546875,63.59201431274414,109.45905303955078,395.43841552734375,118.72332000732422
2021-06-16,171.11000061035156,66.02194213867188,98.95314025878906,144.65174865722656,63.32747268676758,109.14694213867188,393.2304992675781,118.62223815917969
2021-06-17,165.85000610351562,66.06722259521484,99.30751037597656,142.84402465820312,64.11386108398438,109.75472259521484,393.10003662109375,120.39828491210938
2021-06-18,164.92999267578125,66.03703308105469,99.86935424804688,140.1642608642578,63.70610046386719,110.3296127319336,387.7969665527344,122.66251373291016
2021-06-21,166.9499969482422,66.16542053222656,99.54953002929688,142.90760803222656,64.22549438476562,109.68901062011719,393.34869384765625,120.6087417602539
2021-06-22,166.25,66.21074676513672,99.73103332519531,143.0802001953125,64.87601470947266,109.86967468261719,395.45159912109375,120.90336608886719
2021-06-23,166.13999938964844,66.14276885986328,99.53226470947266,142.8531036376953,64.87115478515625,109.69722747802734,394.9749450683594,120.5918960571289
2021-06-24,166.0399932861328,66.3466796875,99.51498413085938,143.83416748046875,65.19637298583984,109.91079711914062,397.3115234375,120.7854995727539
2021-06-25,166.58999633789062,66.41464233398438,99.30751037597656,144.70623779296875,65.30804443359375,109.62330627441406,398.7227783203125,119.53136444091797
2021-06-28,166.5800018310547,66.40709686279297,99.61869049072266,144.07945251464844,65.83470916748047,110.0914535522461,399.5265808105469,120.7602767944336
2021-06-29,164.8300018310547,66.49020385742188,99.67053985595703,143.61618041992188,66.05803680419922,110.22285461425781,399.7415771484375,120.9622573852539
2021-06-30,165.6300048828125,66.4977798461914,99.82615661621094,144.08856201171875,65.89297485351562,110.34603118896484,400.0780944824219,121.50088500976562
2021-07-01,166.1999969482422,66.62808990478516,99.75438690185547,145.08779907226562,66.10655212402344,110.2497787475586,402.2931213378906,121.5077133178711
2021-07-02,167.2899932861328,66.73422241210938,100.11763763427734,145.39657592773438,66.83470916748047,110.56245422363281,405.36810302734375,122.2409439086914
2021-07-06,168.1199951171875,66.69632720947266,100.64522552490234,144.06126403808594,67.20121002197266,110.96562194824219,404.629638671875,123.67363739013672
2021-07-07,168.75999450683594,66.71902465820312,100.93932342529297,144.39739990234375,67.41725158691406,111.34413146972656,406.0596923828125,124.76937103271484
2021-07-08,168.64999389648438,66.57505798339844,101.19880676269531,142.92578125,66.9560775756836,111.40174865722656,402.7510681152344,125.2582015991211
2021-07-09,169.2100067138672,66.68872833251953,100.68848419189453,145.0423126220703,67.49491882324219,110.93268585205078,407.05035400390625,123.4967269897461
2021-07-12,169.0,66.66598510742188,100.63662719726562,145.6146240234375,67.61384582519531,110.8750991821289,408.5083312988281,123.3365478515625
2021-07-13,169.22000122070312,66.46894836425781,100.32521057128906,144.51544189453125,67.51676940917969,110.46368408203125,407.1158447265625,122.39266967773438
2021-07-14,171.0399932861328,66.57505798339844,100.7577133178711,144.2519989013672,67.6065673828125,110.97379302978516,407.7232360839844,123.78328704833984
2021-07-15,171.07000732421875,66.52960205078125,101.1814956665039,144.10667419433594,67.20121002197266,111.21247100830078,406.33074951171875,125.14867401123047
2021-07-16,169.41000366210938,66.43865203857422,101.16417694091797,143.04388427734375,66.754638671875,111.05610656738281,403.1436462402344,124.91263580322266
2021-07-19,169.61000061035156,65.9915542602539,102.02918243408203,140.4549560546875,66.03617858886719,111.85427856445312,397.1900634765625,127.65174865722656
2021-07-20,169.38999938964844,66.32496643066406,101.8994140625,142.7350616455078,67.07743072509766,111.69791412353516,402.8819274902344,126.42123413085938
2021-07-21,168.75999450683594,66.48413848876953,101.311279296875,144.04312133789062,67.5628890991211,111.302978515625,406.143798828125,124.81988525390625
2021-07-22,169.08999633789062,66.52201843261719,101.54481506347656,143.59799194335938,68.00949096679688,111.7637710571289,406.9942932128906,125.99988555908203
2021-07-23,168.55999755859375,66.65086364746094,101.38912200927734,144.39739990234375,68.96092224121094,111.71441650390625,411.181396484375,125.15697479248047
2021-07-26,168.16000366210938,66.55230712890625,101.31989288330078,144.91514587402344,68.98035430908203,111.46754455566406,412.1908874511719,124.7862319946289
2021-07-27,168.44000244140625,66.46138763427734,101.75238800048828,144.93331909179688,68.32015991210938,111.94477081298828,410.3122863769531,126.11785888671875
2021-07-28,169.2899932861328,66.51445770263672,101.83887481689453,144.81521606445312,68.45849609375,112.14227294921875,410.1440124511719,126.12627410888672
2021-07-29,171.1699981689453,66.65841674804688,101.52748107910156,145.75997924804688,68.57500457763672,111.82133483886719,411.8450622558594,125.42676544189453
2021-07-30,169.82000732421875,66.56747436523438,101.81295013427734,145.31483459472656,68.12113952636719,111.91185760498047,409.844970703125,126.01673126220703
2021-08-02,169.61000061035156,66.40248107910156,102.2595443725586,144.9515380859375,68.02645874023438,112.23580169677734,408.9850158691406,127.14069366455078
2021-08-03,169.49000549316406,66.47852325439453,102.28550720214844,146.15965270996094,68.47791290283203,112.3511734008789,412.3124084472656,127.20823669433594
2021-08-04,169.52999877929688,66.35687255859375,102.2595443725586,144.7334747314453,68.53374481201172,112.37593078613281,410.2842102050781,127.46969604492188
2021-08-05,168.86000061035156,66.50894165039062,101.88735961914062,145.5873565673828,69.00221252441406,111.91436767578125,412.88250732421875,126.81998443603516
2021-08-06,164.63999938964844,66.43289184570312,101.2901611328125,146.55934143066406,68.73764038085938,110.99935913085938,413.5647277832031,124.70198822021484
2021-08-09,161.72000122070312,66.28086853027344,101.07379913330078,146.28684997558594,68.7352066040039,110.52123260498047,413.2283020019531,124.25482940673828
2021-08-10,161.77000427246094,66.12882232666016,100.88338470458984,147.14979553222656,68.42938232421875,110.27399444580078,413.7423095703125,123.68094635009766
2021-08-11,164.0,66.23527526855469,100.99588012695312,148.06729125976562,68.32744598388672,110.44711303710938,414.7703857421875,123.60498046875
2021-08-12,164.0399932861328,66.34928894042969,100.89204406738281,148.2307586669922,68.68424224853516,110.60369110107422,416.0133972167969,123.40257263183594
2021-08-13,166.38999938964844,66.49374389648438,101.47190856933594,148.23985290527344,68.84442138671875,111.34557342529297,416.77056884765625,125.35173797607422
2021-08-16,167.22000122070312,66.51653289794922,101.69693756103516,148.26712036132812,68.99249267578125,111.41152954101562,417.75189208984375,125.65556335449219
2021-08-17,166.97000122070312,66.3644790649414,101.64498901367188,147.54039001464844,68.35413360595703,111.21371459960938,415.01348876953125,125.60491943359375
2021-08-18,167.10000610351562,66.21244049072266,101.59309387207031,145.9143829345703,67.72306060791016,111.1395034790039,410.47113037109375,126.02685546875
2021-08-19,166.61000061035156,66.204833984375,101.81809997558594,145.46017456054688,67.93665313720703,111.39502716064453,411.106689453125,126.95502471923828
2021-08-20,166.6999969482422,66.3644790649414,101.7229232788086,146.3322296142578,68.65998077392578,111.46920776367188,414.3778991699219,127.03943634033203
2021-08-23,168.72999572753906,66.56977844238281,101.7488784790039,147.23153686523438,69.53617858886719,111.55164337158203,418.0229187011719,126.95502471923828
2021-08-24,168.64999389648438,66.66095733642578,101.47190856933594,147.69480895996094,69.69152069091797,111.2961196899414,418.6866455078125,125.96776580810547
2021-08-25,167.47999572753906,66.72943878173828,101.07379913330078,148.23985290527344,69.80559539794922,111.00762176513672,419.56512451171875,124.92141723632812
2021-08-26,167.6699981689453,66.69142150878906,101.07379913330078,147.34056091308594,69.3978271484375,110.97463989257812,417.0883483886719,125.26737976074219
2021-08-27,170.19000244140625,66.87385559082031,101.40267944335938,148.61228942871094,70.07984924316406,111.59284973144531,420.8174743652344,126.11967468261719
2021-08-30,169.35000610351562,66.95751190185547,101.60173034667969,148.22171020507812,70.80558013916016,111.78245544433594,422.6680908203125,126.4487533569336
2021-08-31,169.69000244140625,66.97270965576172,101.41133880615234,148.14901733398438,70.60655212402344,111.52693939208984,422.04193115234375,125.58804321289062
2021-09-01,169.6999969482422,67.02992248535156,101.45462036132812,148.1126708984375,70.78617858886719,111.67058563232422,422.26617431640625,125.79845428466797
2021-09-02,169.25,67.11377716064453,101.57589721679688,149.03921508789062,70.77401733398438,111.86876678466797,423.5653381347656,126.34761047363281
2021-09-03,171.05999755859375,67.12146759033203,101.33338165283203,148.5124053955078,71.0385971069336,111.4642105102539,423.4625244140625,125.19847869873047
2021-09-07,167.7100067138672,66.94601440429688,100.93498229980469,147.27694702148438,71.0046157836914,110.93572998046875,421.9483947753906,124.14239501953125
2021-09-08,167.2899932861328,67.02227783203125,101.21212768554688,147.1951904296875,70.79346466064453,111.29076385498047,421.4343566894531,124.98728942871094
2021-09-09,168.02999877929688,67.08328247070312,101.49796295166016,146.56842041015625,70.52161407470703,112.01739501953125,419.6304626464844,126.49964141845703
2021-09-10,167.17999267578125,66.98413848876953,101.177490234375,145.45108032226562,69.96820831298828,111.69535827636719,416.3219299316406,125.38446044921875
2021-09-13,167.74000549316406,67.15193176269531,101.29871368408203,146.3322296142578,69.84443664550781,111.96786499023438,417.3873596191406,126.14484405517578
2021-09-14,168.82000732421875,67.12146759033203,101.67982482910156,144.9696807861328,69.68907928466797,112.30638885498047,415.135009765625,127.67413330078125
2021-09-15,167.8300018310547,67.2205810546875,101.506591796875,146.31407165527344,70.24006652832031,112.17430877685547,418.6024169921875,127.2263412475586
2021-09-16,164.02999877929688,67.19767761230469,101.18614959716797,145.78721618652344,70.3298568725586,112.01739501953125,417.9388427734375,126.64331817626953
2021-09-17,163.77000427246094,67.11377716064453,100.89168548583984,144.93331909179688,69.51918029785156,111.76970672607422,413.86767578125,126.03498077392578
2021-09-20,164.94000244140625,66.87737274169922,101.40269470214844,142.753173828125,68.2060775756836,112.11649322509766,406.966796875,127.59806823730469
2021-09-21,166.0399932861328,66.99176025390625,101.342041015625,142.34437561035156,68.3808364868164,112.10826873779297,406.58233642578125,127.4882583618164
2021-09-22,165.4199981689453,67.11377716064453,101.43734741210938,143.76148986816406,69.0216064453125,112.4220199584961,410.5484619140625,128.24864196777344
2021-09-23,163.50999450683594,67.14429473876953,100.51922607421875,145.7781219482422,69.7133560180664,111.64582824707031,415.53662109375,125.35061645507812
2021-09-24,163.3000030517578,67.04515838623047,100.21611022949219,145.96343994140625,69.78335571289062,111.4063720703125,416.2212219238281,124.1255111694336
2021-09-27,163.63999938964844,66.98413848876953,99.9476547241211,146.4747772216797,69.18533325195312,111.34855651855469,415.0303039550781,123.66921997070312
2021-09-28,162.0500030517578,66.67909240722656,99.56655883789062,144.65785217285156,67.22103881835938,110.15950775146484,406.6667175292969,121.74280548095703
2021-09-29,161.32000732421875,66.8011245727539,99.67047119140625,145.1234893798828,67.16026306152344,110.1347427368164,407.35113525390625,121.95406341552734
2021-09-30,164.22000122070312,66.72484588623047,99.79174041748047,142.895751953125,66.62057495117188,109.84573364257812,402.3724365234375,121.93717956542969
2021-10-01,164.58999633789062,66.88475799560547,100.19908905029297,144.75831604003906,67.33287811279297,110.64410400390625,407.1542663574219,122.96340942382812
2021-10-04,165.36000061035156,66.64756774902344,100.07775115966797,144.08267211914062,65.87908935546875,110.46208190917969,401.9035339355469,122.6503677368164
2021-10-05,164.58999633789062,66.6169662475586,99.76576232910156,145.10523986816406,66.72266387939453,110.00704193115234,406.08538818359375,121.46598052978516
2021-10-06,165.02999877929688,66.57870483398438,99.79173278808594,145.47044372558594,67.15782165527344,110.04019165039062,407.7730407714844,122.15123748779297
2021-10-07,164.16000366210938,66.58634185791016,99.39305877685547,146.63909912109375,67.86770629882812,109.55206298828125,411.298583984375,120.87378692626953
2021-10-08,164.22999572753906,66.38738250732422,99.17637634277344,146.59349060058594,67.57353973388672,109.0473861694336,410.5484619140625,120.02780151367188
2021-10-11,163.9199981689453,66.1807861328125,98.93368530273438,145.4065399169922,67.1554183959961,108.84058380126953,407.57623291015625,119.7232666015625
2021-10-12,164.66000366210938,66.30322265625,99.38439178466797,145.1964874267578,67.1384048461914,109.53549194335938,406.5729064941406,121.77055358886719
2021-10-13,167.58999633789062,66.47924041748047,99.57506561279297,145.34262084960938,67.6221694946289,110.08982849121094,408.03564453125,122.95490264892578
2021-10-14,168.0,66.85415649414062,99.80908203125,147.6433868408203,68.78178405761719,110.61104583740234,414.8990478515625,123.4117202758789
2021-10-15,165.3300018310547,66.73937225341797,99.31502532958984,148.55642700195312,69.33604431152344,110.2138900756836,418.0588684082031,122.69263458251953
2021-10-18,164.9199981689453,66.70877075195312,99.17637634277344,148.14559936523438,69.98031616210938,110.12288665771484,419.2965087890625,123.26792907714844
2021-10-19,165.4499969482422,66.75469207763672,98.82100677490234,149.30508422851562,70.48595428466797,109.51895904541016,422.5312805175781,121.56749725341797
2021-10-20,166.89999389648438,66.77764129638672,98.77769470214844,150.68374633789062,70.39356231689453,109.25422668457031,424.19097900390625,120.74687957763672
2021-10-21,166.75,66.60932159423828,98.51766967773438,150.51028442382812,70.91866302490234,109.02257537841797,425.29736328125,120.6030502319336
2021-10-22,167.77000427246094,66.44861602783203,98.76901245117188,150.83897399902344,70.56375122070312,109.46106719970703,424.8565673828125,121.93123626708984
2021-10-25,168.92999267578125,66.56340026855469,98.89037322998047,151.1219940185547,71.139892578125,109.51072692871094,427.1349792480469,121.74517822265625
2021-10-26,167.67999267578125,66.57870483398438,99.0116958618164,151.08546447753906,71.24443817138672,109.98226928710938,427.5195007324219,122.75187683105469
2021-10-27,168.1199951171875,66.52510833740234,99.56640625,149.01296997070312,71.26874542236328,110.65238952636719,425.62548828125,124.9852523803711
2021-10-28,168.0800018310547,66.69347381591797,99.30638122558594,150.37330627441406,72.06858825683594,110.48687744140625,429.7322998046875,124.56222534179688
2021-10-29,166.64999389648438,66.5174560546875,99.34969329833984,150.2272491455078,72.44536590576172,110.42899322509766,430.6042175292969,124.94300842285156
2021-11-01,167.52000427246094,66.4460678100586,99.34190368652344,150.99417114257812,72.4405288696289,110.23175048828125,431.3450012207031,124.04336547851562
2021-11-02,167.16000366210938,66.60726165771484,99.58475494384766,151.4232940673828,72.71035766601562,110.65443420410156,433.0890197753906,124.5939712524414
2021-11-03,165.77000427246094,66.73779296875,99.27250671386719,152.18109130859375,73.2889404296875,110.37261962890625,435.7330322265625,123.30644989013672
2021-11-04,167.64999389648438,66.9143295288086,99.81028747558594,151.54196166992188,74.0984878540039,110.9529037475586,437.7864990234375,124.60236358642578
2021-11-05,169.83999633789062,67.16767883300781,100.35665893554688,152.2724151611328,74.17871856689453,111.7652359008789,439.3053894042969,126.46597290039062
2021-11-08,170.4499969482422,67.08321380615234,99.9229965209961,152.60108947753906,74.23949432373047,111.50833129882812,439.6804504394531,126.22880554199219
2021-11-09,171.2899932861328,67.13699340820312,100.38265991210938,152.4550018310547,73.87725830078125,111.80668640136719,438.2272033691406,127.87211608886719
2021-11-10,173.14999389648438,66.76081085205078,99.52406311035156,151.98934936523438,72.80030059814453,110.66275787353516,434.70166015625,125.53418731689453
2021-11-11,174.1199951171875,66.64566802978516,99.2031478881836,151.98934936523438,72.90970611572266,110.3477783203125,434.8423767089844,125.34783172607422
2021-11-12,174.4499969482422,66.66870880126953,99.4112777709961,152.44586181640625,73.78731536865234,110.23175048828125,438.1239929199219,124.79730987548828
2021-11-15,174.17999267578125,66.5919418334961,99.02100372314453,152.5645294189453,73.73139190673828,109.39449310302734,438.2740783691406,123.23021697998047
2021-11-16,172.9199981689453,66.62266540527344,98.93425750732422,152.31800842285156,74.44612884521484,109.2121353149414,440.0086669921875,122.91677856445312
2021-11-17,174.5,66.5535659790039,99.28987121582031,151.6059112548828,74.29054260253906,109.65142822265625,438.93975830078125,123.89096069335938
2021-11-18,173.94000244140625,66.49982452392578,99.35059356689453,150.95762634277344,74.86913299560547,109.900146484375,440.43060302734375,124.35681915283203
2021-11-19,172.61000061035156,66.4460678100586,99.61942291259766,149.62466430664062,75.13411712646484,110.31461334228516,439.6429748535156,125.66971588134766
2021-11-22,168.74000549316406,66.19278717041016,98.8908920288086,150.2728729248047,74.19573211669922,109.35303497314453,438.40533447265625,124.19585418701172
2021-11-23,167.27999877929688,66.10063171386719,98.48329162597656,151.2772216796875,73.83592987060547,108.57386016845703,438.9866638183594,122.40010070800781
2021-11-24,167.1199951171875,66.08529663085938,98.78685760498047,151.21327209472656,74.3027114868164,109.0960693359375,440.15863037109375,124.36524200439453
2021-11-26,166.85000610351562,65.609375,100.06180572509766,147.82601928710938,72.66659545898438,109.9830551147461,430.3417053222656,127.50782775878906
2021-11-29,166.6199951171875,66.01622009277344,99.8363037109375,148.41033935546875,74.03771209716797,110.05763244628906,435.62060546875,126.48291015625
2021-11-30,165.5,65.7398681640625,100.43473052978516,144.8678436279297,72.90242004394531,110.29803466796875,427.1444396972656,128.40574645996094
2021-12-01,166.16000366210938,65.74913787841797,100.62395477294922,143.45269775390625,71.55316162109375,110.3138427734375,422.4000244140625,129.19784545898438
2021-12-02,165.24000549316406,66.23430633544922,100.40694427490234,146.55690002441406,72.34327697753906,110.57122802734375,428.8696594238281,129.3589324951172
2021-12-03,166.6300048828125,66.23430633544922,100.99717712402344,146.2008514404297,71.13501739501953,111.49300384521484,425.1379089355469,130.9025115966797
2021-12-06,166.22000122070312,66.52696228027344,100.49373626708984,148.22775268554688,71.78898620605469,110.92831420898438,430.1730041503906,129.10462951660156
2021-12-07,166.80999755859375,66.8812484741211,100.11183166503906,150.08114624023438,73.90157318115234,110.9781494140625,439.0710754394531,128.06143188476562
2021-12-08,166.89999389648438,66.8658447265625,99.79068756103516,150.19073486328125,74.37806701660156,110.23907470703125,440.2337341308594,125.84791564941406
2021-12-09,165.8800048828125,66.56549835205078,100.04243469238281,149.64288330078125,73.48831176757812,110.14772033691406,437.2615051269531,126.55181121826172
2021-12-10,166.5800018310547,66.7195053100586,100.11183166503906,150.345947265625,74.2103042602539,110.27225494384766,441.3775939941406,126.24649047851562
2021-12-13,167.0,66.7195053100586,100.5892333984375,149.69119262695312,73.30500030517578,110.77053833007812,437.4676818847656,128.11227416992188
2021-12-14,165.44000244140625,66.60397338867188,100.4156265258789,149.41612243652344,72.41651153564453,110.27225494384766,434.4578857421875,127.80694580078125
2021-12-15,166.14999389648438,66.85813903808594,100.26807403564453,150.736572265625,73.94766235351562,110.41346740722656,441.246337890625,126.57723236083984
2021-12-16,168.16000366210938,66.8086929321289,100.55998992919922,151.38763427734375,72.30209350585938,110.41012573242188,437.355224609375,126.62648010253906
2021-12-17,167.8000030517578,66.74687194824219,100.78588104248047,149.5169677734375,71.9686050415039,110.6680679321289,432.7004699707031,128.06138610839844
2021-12-20,167.08999633789062,66.63095092773438,100.69898223876953,147.9030303955078,71.08743286132812,110.18548583984375,428.099365234375,127.10193634033203
2021-12-21,167.02000427246094,66.9864273071289,100.29936218261719,150.11302185058594,72.73297119140625,110.40181732177734,435.7019958496094,126.61803436279297
2021-12-22,168.58999633789062,67.1641616821289,100.3948974609375,151.03919982910156,73.64580535888672,110.57653045654297,440.05841064453125,127.2038345336914
2021-12-23,168.97000122070312,67.35737609863281,100.1864013671875,151.88282775878906,74.23248291015625,110.41012573242188,442.7965393066406,126.10006713867188
2021-12-27,169.3699951171875,67.42694854736328,100.22116088867188,153.5242462158203,75.34492492675781,110.73462677001953,449.0630798339844,126.40579223632812
2021-12-28,168.63999938964844,67.39601135253906,100.20377349853516,153.78103637695312,75.01630401611328,110.59314727783203,448.696044921875,125.90479278564453
2021-12-29,168.58999633789062,67.28782653808594,99.69122314453125,154.1294708251953,75.05525207519531,109.98577880859375,449.2700500488281,124.52935028076172
2021-12-30,169.8000030517578,67.25691986083984,100.02135467529297,154.028564453125,74.76559448242188,110.4267578125,448.028076171875,125.57368469238281
2021-12-31,170.9600067138672,67.2414779663086,99.90841674804688,153.99192810058594,74.38823699951172,110.2603759765625,446.89898681640625,125.81989288330078
2022-01-03,168.3300018310547,67.2105484008789,98.97882080078125,154.53294372558594,74.9213638305664,109.08721160888672,449.4864501953125,122.51715850830078
2022-01-04,169.57000732421875,67.04051971435547,98.92669677734375,155.89013671875,74.14482879638672,109.17877197265625,449.3359680175781,122.0077133178711
2022-01-05,169.05999755859375,66.52273559570312,98.50969696044922,154.5238037109375,71.77874755859375,108.5380630493164,440.7076721191406,121.3454360961914
2022-01-06,166.99000549316406,66.53047180175781,98.26641845703125,154.82640075683594,71.57913970947266,108.39661407470703,440.2936706542969,121.65955352783203
2022-01-07,167.75,66.36048126220703,97.94500732421875,155.21153259277344,70.7904281616211,107.93070220947266,438.55291748046875,120.78509521484375
2022-01-10,168.25999450683594,66.41456604003906,97.9189224243164,154.97311401367188,70.74905395507812,107.83085632324219,438.0072937011719,121.08222961425781
2022-01-11,170.2899932861328,66.72367858886719,98.15350341796875,156.22940063476562,71.5572280883789,108.15536499023438,441.99676513671875,121.88886260986328
2022-01-12,170.74000549316406,66.83187866210938,98.17086791992188,156.3577880859375,71.79092407226562,108.08045196533203,443.1917419433594,121.42188262939453
2022-01-13,170.16000366210938,66.59229278564453,98.4836196899414,155.71588134765625,70.00173950195312,108.42161560058594,437.0851135253906,122.50016021728516
2022-01-14,169.6699981689453,66.53047180175781,97.80601501464844,155.45912170410156,70.179443359375,107.4647216796875,437.2638244628906,120.64920806884766
2022-01-18,169.38999938964844,66.2059326171875,97.06753540039062,153.19415283203125,68.55580139160156,106.44135284423828,429.52020263671875,118.95113372802734
2022-01-19,172.0800018310547,66.14409637451172,97.30210876464844,151.8461456298828,67.81578826904297,106.60778045654297,425.0601501464844,119.77471923828125
2022-01-20,171.64999389648438,66.02046966552734,97.51058959960938,150.406494140625,66.9735336303711,106.54954528808594,420.3555908203125,120.51338958740234
2022-01-21,171.08999633789062,66.0281753540039,98.0753173828125,148.3065185546875,65.22574615478516,107.2484130859375,412.1037292480469,121.94825744628906
2022-01-24,172.02999877929688,65.95862579345703,97.98843383789062,148.55409240722656,65.74666595458984,106.91561889648438,413.85382080078125,120.94635772705078
2022-01-25,172.5800018310547,65.76541900634766,97.8581314086914,147.95806884765625,64.27151489257812,106.61608123779297,408.8011169433594,120.75112915039062
2022-01-26,169.7899932861328,65.54130554199219,97.16309356689453,146.94935607910156,64.30316162109375,105.89221954345703,407.7755432128906,119.29082489013672
2022-01-27,167.60000610351562,65.2553939819336,97.57140350341797,146.5183868408203,63.75301742553711,106.13350677490234,405.761962890625,121.48126220703125
2022-01-28,167.10000610351562,65.44080352783203,97.79729461669922,148.67332458496094,65.99495697021484,106.24998474121094,415.8392333984375,121.52373504638672
2022-01-31,168.08999633789062,65.4562759399414,97.79729461669922,150.34230041503906,67.93017578125,106.2999267578125,423.3288879394531,120.89547729492188
2022-02-01,168.22999572753906,65.71612548828125,97.66512298583984,151.4334716796875,68.45841217041016,106.4766616821289,426.1893310546875,120.4941177368164
2022-02-02,168.83999633789062,65.81690216064453,97.86514282226562,152.65310668945312,68.9282455444336,106.48497772216797,430.329345703125,120.90220642089844
2022-02-03,168.60000610351562,65.22747802734375,97.44773864746094,151.02088928222656,66.40877532958984,105.62635803222656,420.21441650390625,119.9585189819336
2022-02-04,168.86000061035156,64.9715576171875,96.6998291015625,151.0667266845703,67.20964813232422,104.5760269165039,422.1903991699219,118.19003295898438
2022-02-07,170.11000061035156,64.92501068115234,96.72594451904297,151.21340942382812,66.75201416015625,104.76773071289062,420.83544921875,118.26658630371094
2022-02-08,170.6300048828125,64.85520935058594,96.41290283203125,152.24046325683594,67.4482192993164,104.37596893310547,424.2980041503906,117.475830078125
2022-02-09,171.2100067138672,65.19647216796875,96.5433578491211,153.95526123046875,68.77974700927734,104.72608947753906,430.5080871582031,117.6968994140625
2022-02-10,170.55999755859375,64.33555603027344,95.65634155273438,151.89199829101562,67.38494110107422,103.30058288574219,422.7738342285156,115.82638549804688
2022-02-11,173.80999755859375,64.11062622070312,96.64766693115234,150.2414093017578,65.41316223144531,104.0675048828125,414.43719482421875,117.54391479492188
2022-02-14,174.74000549316406,64.00203704833984,95.97808074951172,149.10430908203125,65.46188354492188,103.1422119140625,413.08233642578125,116.08149719238281
2022-02-15,173.0800018310547,64.11062622070312,95.69110870361328,150.819091796875,66.939453125,102.62537384033203,419.7439880371094,114.7635726928711
2022-02-16,174.86000061035156,64.46741485595703,95.89115142822266,151.08505249023438,66.90536499023438,102.77542114257812,420.21441650390625,115.44378662109375
2022-02-17,177.25,64.1959228515625,96.40421295166016,148.74668884277344,64.97743225097656,102.85044860839844,411.238037109375,116.30255126953125
2022-02-18,177.1199951171875,64.28903198242188,96.71726989746094,148.0955810546875,64.27639770507812,103.10054016113281,408.5752868652344,117.52682495117188
2022-02-22,177.49000549316406,64.14165496826172,96.70857238769531,146.8485107421875,63.41952133178711,102.96711730957031,404.190673828125,117.83292388916016
2022-02-23,178.2899932861328,64.02531433105469,96.20418548583984,145.03285217285156,61.871337890625,102.03353118896484,397.02081298828125,116.208984375
2022-02-24,177.13999938964844,64.48291778564453,96.4302749633789,145.2162322998047,63.8723030090332,102.51701354980469,402.99560546875,116.28550720214844
2022-02-25,176.5500030517578,64.84744262695312,96.40421295166016,149.33358764648438,64.95311737060547,102.933837890625,411.8873291015625,116.37056732177734
2022-02-28,178.3800048828125,64.89397430419922,97.49987030029297,148.5357666015625,65.10160827636719,104.0342025756836,410.8334655761719,118.92122650146484
2022-03-01,181.6199951171875,64.71257781982422,98.44950866699219,146.2432403564453,64.14006805419922,104.39002990722656,404.5764465332031,120.29618072509766
2022-03-02,179.72999572753906,64.86830139160156,96.96981811523438,149.12266540527344,65.19410705566406,102.80290985107422,412.01904296875,116.18413543701172
2022-03-03,180.8000030517578,64.67367553710938,97.38761901855469,149.23268127441406,64.26421356201172,103.17881774902344,409.9678955078125,117.36750793457031
2022-03-04,183.67999267578125,64.2533187866211,98.35375213623047,148.68251037597656,63.30998611450195,103.2790298461914,406.6369934082031,119.39373016357422
2022-03-07,186.41000366210938,63.692840576171875,97.93596649169922,145.28041076660156,60.834354400634766,102.02603912353516,394.6496887207031,118.48279571533203
2022-03-08,191.50999450683594,63.46706771850586,97.30058288574219,144.10665893554688,60.493560791015625,101.41626739501953,391.6575622558594,117.2908935546875
2022-03-09,185.82000732421875,63.99641418457031,96.69998168945312,146.68344116210938,62.764713287353516,101.59170532226562,402.1581726074219,116.14151763916016
2022-03-10,186.39999389648438,63.45929718017578,96.2560806274414,146.5275421142578,62.27055740356445,100.43060302734375,400.34222412109375,114.47288513183594
2022-03-11,185.08999633789062,63.00002670288086,96.23002624511719,145.3629608154297,61.05342102050781,100.38882446289062,395.2518310546875,114.85602569580078
2022-03-14,182.3000030517578,62.2526969909668,95.0114517211914,145.20706176757812,60.03349304199219,98.93538665771484,392.36328125,112.17425537109375
2022-03-15,178.88999938964844,62.71977233886719,94.96795654296875,147.03192138671875,61.88838195800781,99.71223449707031,400.9914855957031,111.97843933105469
2022-03-16,180.00999450683594,63.59941482543945,94.8373794555664,149.3702850341797,63.91853332519531,100.56425476074219,409.8831787109375,113.07669830322266
2022-03-17,180.88999938964844,64.03535461425781,94.65459442138672,151.14007568359375,64.75591278076172,101.54989624023438,415.01123046875,112.23385620117188
2022-03-18,179.3000030517578,64.24556732177734,94.93316650390625,151.6719207763672,66.1531982421875,101.75041198730469,419.5566101074219,113.60452270507812
2022-03-21,180.6699981689453,63.506011962890625,93.69718170166016,151.97454833984375,65.93655395507812,100.3387222290039,419.43408203125,110.97383880615234
2022-03-22,179.36000061035156,63.83296585083008,93.18363952636719,152.93736267089844,67.07333374023438,100.09648132324219,424.3420104980469,109.55209350585938
2022-03-23,181.80999755859375,63.63056945800781,93.81031799316406,151.17674255371094,66.109375,100.38047790527344,418.87713623046875,111.95286560058594
2022-03-24,183.1300048828125,63.76288986206055,93.2881088256836,152.6980743408203,67.34610748291016,100.42225646972656,425.1915283203125,111.07599639892578
2022-03-25,182.3800048828125,63.303611755371094,92.33067321777344,154.15316772460938,67.26078033447266,99.6286849975586,427.2679443359375,109.53504180908203
2022-03-28,179.05999755859375,63.70062255859375,92.53955841064453,154.05186462402344,68.2895736694336,100.17998504638672,430.3070983886719,110.4715347290039
2022-03-29,179.13999938964844,64.48684692382812,93.00086212158203,155.53456115722656,69.51337432861328,101.023681640625,435.6303405761719,111.30587768554688
2022-03-30,180.5800018310547,64.2922592163086,93.3664321899414,155.1293487548828,68.72349548339844,101.25756072998047,432.9403991699219,112.17425537109375
2022-03-31,180.64999389648438,64.0587158203125,93.54049682617188,152.85462951660156,67.68252563476562,101.023681640625,426.27685546875,112.44669342041016
2022-04-01,179.5,64.05402374267578,92.93140411376953,153.4624481201172,67.83368682861328,101.36270141601562,427.4849548339844,112.8747329711914
2022-04-04,180.3699951171875,64.53863525390625,92.87039947509766,153.2230224609375,69.04286193847656,101.71429443359375,431.1471252441406,112.09030151367188
2022-04-05,179.24000549316406,63.70227813720703,91.7637710571289,152.16397094726562,67.71422576904297,99.93128967285156,425.7012023925781,109.5578842163086
2022-04-06,179.66000366210938,63.20206069946289,91.44136047363281,152.26528930664062,66.2125015258789,99.3453369140625,421.4443664550781,108.67112731933594
2022-04-07,180.33999633789062,63.100467681884766,91.21483612060547,152.93756103515625,66.446533203125,98.88494110107422,423.56805419921875,107.85258483886719
2022-04-08,181.47000122070312,62.71742630004883,90.75300598144531,153.7664031982422,65.72980499267578,98.1064224243164,422.4353942871094,106.68444061279297
2022-04-11,182.3699951171875,62.28754806518555,90.3172836303711,152.3113555908203,64.23538208007812,97.15214538574219,415.215087890625,104.99617767333984
2022-04-12,183.77000427246094,62.764339447021484,90.75300598144531,151.83241271972656,64.0062255859375,97.2191162109375,413.6766357421875,104.85124206542969
2022-04-13,184.64999389648438,63.1395149230957,90.95340728759766,153.00201416015625,65.100830078125,97.72135925292969,418.4146728515625,105.06437683105469
2022-04-14,184.0399932861328,62.71742630004883,90.1343002319336,152.16397094726562,63.8428840637207,96.58295440673828,413.20465087890625,102.95832824707031
2022-04-18,184.61000061035156,62.615840911865234,89.8729248046875,151.99819946289062,63.760009765625,95.84628295898438,413.3745422363281,102.44673156738281
2022-04-19,181.82000732421875,62.56111145019531,89.28036499023438,153.9966278076172,65.1130142211914,95.0845718383789,420.0474853515625,101.6793441772461
2022-04-20,182.7100067138672,62.75654602050781,89.97745513916016,155.09249877929688,64.50843048095703,96.07231140136719,419.7360534667969,103.72571563720703
2022-04-21,182.05999755859375,62.32664108276367,89.48077392578125,153.0940704345703,63.28217697143555,95.05107116699219,413.4595031738281,102.95832824707031
2022-04-22,180.2899932861328,61.951438903808594,89.52436828613281,149.1065216064453,61.44402313232422,94.94222259521484,402.114501953125,102.31031799316406
2022-04-25,177.0500030517578,62.47511672973633,90.09944915771484,149.15252685546875,62.24120330810547,95.99695587158203,404.4458312988281,103.33351135253906
2022-04-26,177.32000732421875,62.1077766418457,90.70066833496094,146.12269592285156,59.88134765625,95.9467544555664,392.7327575683594,104.37373352050781
2022-04-27,175.97999572753906,61.80294418334961,90.19530487060547,146.21481323242188,60.09345245361328,95.02594757080078,393.8370361328125,103.0350570678711
2022-04-28,176.92999267578125,62.146881103515625,90.06461334228516,148.51712036132812,62.1485710144043,95.31059265136719,403.7850646972656,103.18854522705078
2022-04-29,176.91000366210938,61.38086700439453,89.58535766601562,144.05984497070312,59.423030853271484,94.25582122802734,388.8630065917969,101.84986877441406
2022-05-02,173.6300048828125,61.384765625,88.91792297363281,144.12432861328125,60.20314407348633,93.69708251953125,391.20367431640625,100.08441162109375
2022-05-03,174.08999633789062,61.706504821777344,89.02265167236328,145.3675537109375,60.23241424560547,94.30113983154297,392.9970397949219,100.7591781616211
2022-05-04,175.8000030517578,62.334259033203125,89.59844970703125,149.18936157226562,62.17293930053711,95.22401428222656,404.96490478515625,101.31434631347656
2022-05-05,175.1300048828125,61.22785186767578,88.6998291015625,145.51487731933594,59.16218566894531,93.76421356201172,390.57135009765625,98.53850555419922
2022-05-06,175.4199981689453,60.88260269165039,88.19383239746094,145.10044860839844,58.494205474853516,92.96714782714844,388.2400207519531,97.08653259277344
2022-05-09,172.8800048828125,60.23917770385742,88.84813690185547,141.0484161376953,56.10997772216797,93.29438018798828,375.80963134765625,97.94062805175781
2022-05-10,171.4199981689453,60.58442687988281,89.144775390625,140.6063995361328,56.539039611816406,93.68866729736328,376.6780090332031,98.82889556884766
2022-05-11,172.82000732421875,60.22346115112305,89.69441223144531,139.74070739746094,54.91053771972656,94.12496948242188,370.6939697265625,100.73355102539062
2022-05-12,170.1699981689453,60.199947357177734,89.99103546142578,139.9433135986328,54.83740997314453,94.16694641113281,370.30706787109375,100.54564666748047
2022-05-13,168.7899932861328,60.27055740356445,89.51992797851562,142.38381958007812,56.78037643432617,93.67188262939453,379.1602783203125,99.05951690673828
2022-05-16,170.39999389648438,60.184234619140625,89.89507293701172,142.4942626953125,56.13679122924805,93.79776763916016,377.6217956542969,98.9570083618164
2022-05-17,169.3300018310547,60.12930679321289,89.21459197998047,144.95314025878906,57.465431213378906,93.26080322265625,385.3896179199219,97.76127624511719
2022-05-18,169.4199981689453,59.63496780395508,89.85147857666016,140.27490234375,54.73257064819336,93.60477447509766,369.8540344238281,99.84527587890625
2022-05-19,171.91000366210938,60.035152435302734,90.17424011230469,139.42759704589844,54.542423248291016,93.85649108886719,367.5887756347656,100.08441162109375
2022-05-20,172.02999877929688,59.99592208862305,90.59302520751953,139.7960205078125,54.43516159057617,94.31791687011719,367.74920654296875,101.22039031982422
2022-05-23,172.8300018310547,60.231346130371094,90.04341125488281,142.27325439453125,55.395694732666016,93.98233032226562,374.6298522949219,99.55488586425781
2022-05-24,174.1300048828125,60.592262268066406,90.81983947753906,142.42056274414062,54.28157424926758,95.21564483642578,371.77008056640625,101.51932525634766
2022-05-25,173.0800018310547,61.51032638549805,91.0030746459961,143.40597534179688,55.049495697021484,96.19723510742188,375.0545959472656,101.92079162597656
2022-05-26,172.75999450683594,62.365631103515625,90.95945739746094,145.52410888671875,56.500022888183594,96.222412109375,382.5486145019531,101.45954132080078
2022-05-27,172.85000610351562,62.92277526855469,91.09030151367188,148.16714477539062,58.37962341308594,96.72578430175781,391.9399108886719,101.7072525024414
2022-05-31,171.13999938964844,62.381324768066406,90.13932800292969,146.91470336914062,58.06513977050781,96.01265716552734,389.7407531738281,99.55488586425781
2022-06-01,172.22999572753906,62.15053176879883,89.63185119628906,145.80963134765625,57.6043815612793,95.45255279541016,386.58831787109375,99.44105529785156
2022-06-02,174.35000610351562,62.41046905517578,89.76284790039062,147.5225372314453,59.24507141113281,95.49461364746094,393.9503173828125,99.49238586425781
2022-06-03,172.5800018310547,61.94570541381836,89.58816528320312,146.12269592285156,57.850608825683594,95.1918716430664,387.4849853515625,99.27850341796875
2022-06-06,171.82000732421875,61.4809684753418,88.91553497314453,146.41741943359375,58.08464813232422,94.51907348632812,388.66485595703125,97.44747924804688
2022-06-07,172.94000244140625,61.62274932861328,89.27368927001953,148.029052734375,58.630741119384766,95.02366638183594,392.3929443359375,98.49990844726562
2022-06-08,172.77999877929688,61.09498596191406,88.9417495727539,146.12269592285156,58.165096282958984,94.47701263427734,388.12677001953125,97.62712097167969
2022-06-09,172.22999572753906,60.60660171508789,88.86315155029297,142.89926147460938,56.626956939697266,93.85466766357422,378.89599609375,97.95228576660156
2022-06-10,174.5399932861328,59.57469177246094,87.9896469116211,139.6444091796875,54.519630432128906,92.94639587402344,367.90966796875,97.34476470947266
2022-06-13,169.92999267578125,57.5817985534668,86.426025390625,134.6234588623047,52.10950469970703,90.80187225341797,353.9408264160156,94.29019927978516
2022-06-14,168.57000732421875,57.95988082885742,85.73592376708984,133.6710205078125,52.153446197509766,90.33092498779297,352.8742370605469,93.10088348388672
2022-06-15,170.77000427246094,59.08632278442383,86.93265533447266,134.6881866455078,53.34508514404297,91.74375915527344,357.905029296875,94.83781433105469
2022-06-16,172.69000244140625,58.14894104003906,87.50043487548828,130.83229064941406,51.25484085083008,91.84471130371094,346.05975341796875,95.59074401855469
2022-06-17,171.27000427246094,58.33011245727539,87.52664184570312,130.3699493408203,51.738346099853516,92.02973175048828,346.8057556152344,95.89881134033203
2022-06-21,170.6300048828125,58.29074478149414,87.07240295410156,133.3936004638672,53.05450439453125,91.10464477539062,355.5360107421875,94.2730712890625
2022-06-22,171.30999755859375,58.27497100830078,88.17305755615234,133.1717071533203,53.03740310668945,91.76898956298828,354.8914794921875,96.86565399169922
2022-06-23,170.25999450683594,58.692466735839844,88.67096710205078,133.73574829101562,53.965328216552734,92.47545623779297,358.37042236328125,97.66140747070312
2022-06-24,170.08999633789062,59.10993957519531,88.35652160644531,137.33274841308594,55.9554443359375,92.58479309082031,369.7643737792969,96.30948638916016
2022-06-27,169.89999389648438,58.74760818481445,87.85861206054688,137.3512420654297,55.56229782104492,91.73535919189453,368.3519287109375,95.48809814453125
2022-06-28,169.6199951171875,58.101680755615234,87.97217559814453,135.60360717773438,53.9824104309082,91.71013641357422,360.8255310058594,95.93302154541016
2022-06-29,169.49000549316406,58.015018463134766,88.67967224121094,134.9748077392578,54.07765579223633,92.25677490234375,360.5315856933594,97.43037414550781
2022-06-30,168.4600067138672,57.9835319519043,89.36105346679688,134.05015563964844,53.40369415283203,92.53433227539062,357.60260009765625,98.28600311279297
2022-07-01,168.32000732421875,58.536590576171875,90.31900024414062,135.72381591796875,53.9702033996582,93.70390319824219,361.384765625,99.2950668334961
2022-07-05,164.75,58.481204986572266,90.65143585205078,134.92860412597656,54.658809661865234,93.67861938476562,362.06719970703125,100.07524108886719
2022-07-06,162.13999938964844,58.25966262817383,89.8815689086914,134.80838012695312,54.92009735107422,93.2148208618164,363.2901306152344,98.39484405517578
2022-07-07,162.22999572753906,59.20915985107422,89.3304214477539,136.5745086669922,55.9627685546875,93.2063980102539,368.7311096191406,97.52896881103516
2022-07-08,162.3000030517578,59.256614685058594,88.78802490234375,136.23239135742188,56.00429153442383,93.05461120605469,368.4277648925781,96.44872283935547
2022-07-11,161.42999267578125,58.92433547973633,89.48788452148438,135.12278747558594,55.06904220581055,93.31602478027344,364.218994140625,98.11195373535156
2022-07-12,160.8300018310547,59.16167449951172,89.69786071777344,134.42002868652344,54.39020538330078,93.45094299316406,360.99609375,98.6949462890625
2022-07-13,161.60000610351562,59.098384857177734,90.08279418945312,133.59703063964844,54.216827392578125,94.15083312988281,359.1001892089844,99.82657623291016
2022-07-14,159.3300018310547,58.98759841918945,89.5841293334961,132.23780822753906,54.31206512451172,93.55213165283203,358.22821044921875,99.01212310791016
2022-07-15,159.00999450683594,59.73928451538086,89.89034271240234,135.03956604003906,55.266841888427734,94.30265808105469,365.0721740722656,99.56937408447266
2022-07-18,159.16000366210938,59.16167449951172,89.62784576416016,134.383056640625,54.7393913269043,93.64490509033203,362.0577697753906,98.53202819824219
2022-07-19,159.5399932861328,59.94502639770508,89.21668243408203,137.88754272460938,56.34613800048828,93.90631103515625,371.8403015136719,98.00050354003906
2022-07-20,158.0399932861328,60.20610427856445,89.12922668457031,138.359130859375,56.99323272705078,93.80509948730469,374.2100830078125,98.2576675415039
2022-07-21,160.27000427246094,60.91826248168945,90.14400482177734,139.12661743164062,57.79172897338867,95.08689880371094,378.020751953125,99.95516967773438
2022-07-22,160.6699981689453,60.83913803100586,91.17636108398438,138.27590942382812,57.01521301269531,95.820556640625,374.51336669921875,101.63553619384766
2022-07-25,160.22999572753906,60.82330322265625,90.85264587402344,138.8861846923828,56.84916687011719,95.01100158691406,374.9684753417969,100.64107513427734
2022-07-26,160.0399932861328,60.396034240722656,90.88763427734375,137.924560546875,55.82847213745117,94.99414825439453,370.5321960449219,100.71820831298828
2022-07-27,161.6699981689453,61.06067657470703,91.07134246826172,140.25473022460938,57.823463439941406,95.62655639648438,380.1535339355469,100.15239715576172
2022-07-28,163.63999938964844,61.685794830322266,91.97245788574219,141.6232452392578,58.74894332885742,96.41926574707031,384.92156982421875,100.9496841430664
2022-07-29,164.10000610351562,61.86777114868164,92.00746154785156,142.8900146484375,59.86731719970703,96.64693450927734,390.5332336425781,100.67533874511719
2022-08-01,165.02999877929688,61.8868408203125,92.5455322265625,142.5294189453125,59.72569274902344,96.83795166015625,389.3768310546875,103.09996795654297
2022-08-02,164.0500030517578,61.60087203979492,91.26605224609375,141.49378967285156,59.466854095458984,95.65454864501953,386.8080139160156,100.91840362548828
2022-08-03,164.4499969482422,62.14101791381836,91.64287567138672,142.96401977539062,60.74639892578125,96.69426727294922,392.8652038574219,102.5073471069336
2022-08-04,167.1699981689453,62.30781173706055,92.10735321044922,142.28900146484375,60.931976318359375,96.84642028808594,392.5997314453125,102.47296905517578
2022-08-05,165.2899932861328,61.99009323120117,90.77525329589844,142.57565307617188,60.74639892578125,95.53617858886719,391.9361877441406,100.03376770019531
2022-08-08,166.69000244140625,62.045692443847656,91.30986785888672,142.87158203125,60.599876403808594,95.91658782958984,391.481201171875,101.6484375
2022-08-09,167.1999969482422,61.58496856689453,91.03819274902344,142.7328643798828,60.05289840698242,95.48550415039062,389.92657470703125,101.25334930419922
2022-08-10,166.77999877929688,62.506412506103516,91.09077453613281,145.34970092773438,61.61326217651367,96.38993835449219,398.1166076660156,100.592041015625
2022-08-11,166.33999633789062,62.148948669433594,90.48606872558594,145.99693298339844,61.320228576660156,95.46013641357422,398.1166076660156,98.2472915649414
2022-08-12,167.8699951171875,62.70498275756836,90.84537506103516,148.17919921875,62.49965286254883,96.56745910644531,404.8564147949219,99.24358367919922
2022-08-15,165.7100067138672,62.59379577636719,91.13459014892578,148.39186096191406,62.86594772338867,96.49983978271484,406.524658203125,99.15768432617188
2022-08-16,165.4199981689453,62.29987335205078,91.0294189453125,149.0113983154297,62.870819091796875,96.12792205810547,407.3209533691406,99.56996154785156
2022-08-17,164.35000610351562,61.656490325927734,90.41593933105469,147.7168426513672,62.382450103759766,95.22344970703125,404.42974853515625,98.53070068359375
2022-08-18,163.9199981689453,61.75177764892578,90.59122467041016,148.09596252441406,62.53139877319336,95.46858978271484,405.605224609375,98.6767349243164
2022-08-19,162.72000122070312,61.124271392822266,89.81126403808594,146.40382385253906,61.49360656738281,94.33588409423828,400.15472412109375,97.08777618408203
2022-08-22,161.63999938964844,60.433197021484375,89.4168701171875,143.6482696533203,60.05534744262695,93.70187377929688,391.82244873046875,96.76143646240234
2022-08-23,162.77000427246094,60.58412170410156,89.19778442382812,143.380126953125,59.93325424194336,93.80333709716797,390.8746032714844,96.2289047241211
2022-08-24,163.25,60.65562438964844,88.89984130859375,144.0181427001953,60.087100982666016,93.52434539794922,392.12579345703125,95.524658203125
2022-08-25,163.75,61.2275276184082,89.46946716308594,145.97848510742188,61.02964401245117,94.48802185058594,397.6616516113281,96.85587310791016
2022-08-26,161.75999450683594,60.218727111816406,89.36428833007812,141.8081817626953,58.70743179321289,93.92164611816406,384.20111083984375,97.58592224121094
2022-08-29,161.86000061035156,59.98834991455078,88.85601043701172,141.26263427734375,58.158016204833984,93.22853088378906,381.6607666015625,96.77859497070312
2022-08-30,160.50999450683594,59.52762985229492,88.8297119140625,139.59820556640625,57.54021453857422,93.34687042236328,377.4709167480469,97.01908874511719
2022-08-31,159.27000427246094,59.201961517333984,88.46160125732422,138.66427612304688,57.068939208984375,92.3663330078125,374.5987854003906,96.09148406982422
2022-09-01,157.8699951171875,59.35842514038086,87.75840759277344,139.00640869140625,57.078704833984375,91.81025695800781,375.77410888671875,94.33223724365234
2022-09-02,159.25999450683594,59.31852340698242,88.25003814697266,137.85057067871094,56.39741897583008,91.8780517578125,371.8118896484375,94.86585998535156
2022-09-06,158.3300018310547,59.15885543823242,87.2667465209961,137.28651428222656,56.19718933105469,90.63197326660156,370.4090270996094,92.51614379882812
2022-09-07,159.94000244140625,60.01298522949219,87.83741760253906,139.6536865234375,57.28627014160156,91.8696060180664,377.0633544921875,93.97935485839844
2022-09-08,158.97999572753906,60.27640914916992,87.5125732421875,140.97596740722656,57.59882736206055,91.65766906738281,379.52789306640625,93.015380859375
2022-09-09,159.82000732421875,60.51590347290039,87.52136993408203,142.94552612304688,58.704994201660156,91.8696060180664,385.4239501953125,93.22193145751953
2022-09-12,160.6300048828125,60.69951629638672,87.31066131591797,144.21234130859375,59.427791595458984,91.66613006591797,389.56640625,92.45592498779297
2022-09-13,158.5399932861328,59.31852340698242,86.81901550292969,138.90469360351562,56.5366096496582,91.00495147705078,372.6271057128906,92.67107391357422
2022-09-14,157.92999267578125,59.406314849853516,86.86290740966797,139.12661743164062,56.85161590576172,91.43728637695312,374.0489501953125,92.98954772949219
2022-09-15,154.97999572753906,59.0311279296875,86.56439208984375,138.1927032470703,56.01893615722656,90.99649047851562,369.80224609375,92.92929077148438
2022-09-16,155.83999633789062,59.230690002441406,86.63465881347656,136.87966918945312,55.51835250854492,90.78458404541016,366.9810791015625,92.1546859741211
2022-09-19,155.9600067138672,59.45421600341797,86.38882446289062,137.7581024169922,55.98475646972656,90.9371566772461,369.8270263671875,92.36983489990234
2022-09-20,155.07000732421875,58.84755325317383,85.85330200195312,135.7700653076172,55.45974349975586,90.03015899658203,365.58184814453125,91.44889068603516
2022-09-21,155.7899932861328,58.67192077636719,86.19567108154297,133.51380920410156,54.49764633178711,90.36922454833984,359.20477294921875,92.98094940185547
2022-09-22,155.6999969482422,58.32068634033203,84.89631652832031,132.30252075195312,53.870086669921875,89.09773254394531,356.18756103515625,90.60542297363281
2022-09-23,153.00999450683594,57.57830810546875,85.0016860961914,129.75965881347656,53.042293548583984,88.84345245361328,350.21966552734375,90.97550964355469
2022-09-26,151.22999572753906,56.89979553222656,83.58821105957031,127.7983169555664,52.68800354003906,87.30072021484375,346.7550354003906,89.2369384765625
2022-09-27,151.5399932861328,56.78005599975586,83.01754760742188,127.26771545410156,52.72718048095703,85.98681640625,345.869873046875,86.8872299194336
2022-09-28,154.69000244140625,57.79383850097656,84.88755798339844,130.1813507080078,53.65758514404297,87.71604919433594,352.67535400390625,89.79637145996094
2022-09-29,154.66000366210938,57.25102615356445,84.49247741699219,127.93795776367188,52.40399169921875,87.0633544921875,345.308349609375,89.33160400390625
2022-09-30,154.6699981689453,56.98759078979492,84.27299499511719,126.58822631835938,51.51520538330078,86.84294128417969,339.9686584472656,88.17826080322266
2022-10-03,158.42999267578125,57.734432220458984,85.2731704711914,130.06961059570312,52.734527587890625,88.44949340820312,348.9442138671875,89.57935333251953
2022-10-04,160.6999969482422,58.97787094116211,85.4491195678711,134.18405151367188,54.38723373413086,88.85772705078125,359.7568054199219,89.32916259765625
2022-10-05,159.80999755859375,58.74523162841797,84.63983917236328,133.7093048095703,54.35539627075195,88.18587493896484,358.9192199707031,88.47505187988281
2022-10-06,159.6300048828125,58.56874465942383,84.17359161376953,132.20132446289062,53.96364212036133,87.98174285888672,355.2167053222656,87.98330688476562
2022-10-07,157.8800048828125,57.854793548583984,83.76016998291016,129.25050354003906,52.10038375854492,87.10575866699219,345.308349609375,87.129150390625
2022-10-10,155.47999572753906,57.14883041381836,83.2675552368164,128.4499053955078,51.59110641479492,86.32333374023438,342.6717529296875,85.7746353149414
2022-10-11,155.16000366210938,57.325340270996094,83.47868347167969,127.9193344116211,51.086727142333984,86.14469909667969,340.5015869140625,86.15425109863281
2022-10-12,155.99000549316406,57.421592712402344,83.75135040283203,127.3235855102539,51.013275146484375,86.04266357421875,339.37847900390625,86.57701110839844
2022-10-13,154.91000366210938,57.54994201660156,83.39950561523438,130.8608856201172,52.13465881347656,86.19573211669922,348.3350830078125,85.74877166748047
2022-10-14,152.97999572753906,57.365421295166016,82.93328094482422,128.4499053955078,50.690086364746094,85.37081146240234,340.39697265625,85.0412826538086
2022-10-17,153.4199981689453,58.07136917114258,83.02125549316406,131.20529174804688,52.28890609741211,85.77901458740234,349.14410400390625,84.62716674804688
2022-10-18,153.75,58.48050308227539,83.23238372802734,132.955322265625,52.87898635864258,86.28929901123047,353.24639892578125,84.82560729980469
2022-10-19,151.69000244140625,57.9189567565918,82.36150360107422,131.72657775878906,52.511722564697266,85.10712432861328,350.74310302734375,83.28129577636719
2022-10-20,151.4499969482422,57.598079681396484,81.74576568603516,130.48851013183594,52.149349212646484,84.36723327636719,347.8020324707031,81.85777282714844
2022-10-21,154.14999389648438,58.15160369873047,81.93051147460938,133.3834991455078,53.41519546508789,84.6053695678711,356.2541809082031,80.38243865966797
2022-10-24,153.64999389648438,58.19169616699219,81.82494354248047,134.75189208984375,54.039554595947266,84.56282806396484,360.6134033203125,79.71813201904297
2022-10-25,154.0,58.753231048583984,82.8453369140625,136.8556365966797,55.094825744628906,85.69393920898438,366.3719482421875,82.03892517089844
2022-10-26,154.97999572753906,58.91368865966797,83.2675552368164,137.2931365966797,54.15951919555664,86.085205078125,363.6116943359375,83.22088623046875
2022-10-27,154.74000549316406,59.34687423706055,83.85692596435547,137.1256103515625,53.711456298828125,86.4848861694336,361.66998291015625,84.0922622680664
2022-10-28,153.16000366210938,59.80414581298828,83.4259033203125,140.06712341308594,54.977298736572266,86.66349029541016,370.2742614746094,83.51423645019531
2022-10-31,151.91000366210938,58.905677795410156,83.04764556884766,139.3875732421875,54.49740219116211,86.19573211669922,367.5998229980469,82.91893005371094
2022-11-01,153.4600067138672,59.25996780395508,83.0326919555664,139.68544006347656,53.98078918457031,86.81591796875,365.9911804199219,83.69386291503906
2022-11-02,152.38999938964844,58.720436096191406,82.89161682128906,137.00457763671875,52.24728775024414,86.39791870117188,356.80615234375,83.33061981201172
2022-11-03,151.80999755859375,58.30172348022461,82.53022003173828,136.44606018066406,51.39033508300781,86.09080505371094,353.13226318359375,82.88088989257812
2022-11-04,156.47000122070312,58.704345703125,82.35386657714844,138.47532653808594,51.916744232177734,86.26142120361328,358.2148742675781,81.4884262084961
2022-11-07,155.85000610351562,58.6963005065918,82.0629653930664,139.64822387695312,52.45541000366211,85.9457778930664,361.64141845703125,80.67544555664062
2022-11-08,159.4499969482422,58.63993453979492,82.60950469970703,140.32777404785156,52.7614631652832,86.30409240722656,363.5926208496094,81.55762481689453
2022-11-09,158.64999389648438,57.9393424987793,82.89161682128906,137.7678680419922,51.4956169128418,86.08229064941406,356.1018371582031,81.82573699951172
2022-11-10,163.47999572753906,59.74314498901367,84.75165557861328,143.81851196289062,55.104610443115234,88.96562194824219,375.67108154296875,84.9738540649414
2022-11-11,164.55999755859375,59.95250701904297,84.57534790039062,144.8331298828125,55.91994857788086,89.2044677734375,379.30706787109375,84.66250610351562
2022-11-14,164.9199981689453,59.509605407714844,84.37259674072266,143.7161102294922,55.26866149902344,88.75236511230469,376.0804443359375,84.45494842529297
2022-11-15,165.5,60.03303909301758,84.99852752685547,144.76797485351562,55.92729187011719,89.98929595947266,379.2879638671875,85.82145690917969
2022-11-16,165.1199951171875,59.90420150756836,85.6243896484375,143.61370849609375,55.40087890625,90.7570571899414,376.3945617675781,87.69823455810547
2022-11-17,163.9199981689453,59.646514892578125,85.04256439208984,143.1110382080078,55.14134216308594,90.27079010009766,375.24285888671875,86.77281951904297
2022-11-18,162.7899932861328,59.77536392211914,84.74284362792969,144.0512237548828,55.251522064208984,90.26226806640625,376.9465637207031,86.1760482788086
2022-11-21,161.8800048828125,59.751190185546875,84.6899642944336,144.04193115234375,54.791221618652344,90.12580108642578,375.57598876953125,86.5392837524414
2022-11-22,162.07000732421875,60.18603515625,85.17481231689453,145.93154907226562,55.5649299621582,90.92765808105469,380.6300964355469,87.76742553710938
2022-11-23,163.0800018310547,60.52426528930664,85.63323974609375,146.3876953125,56.09868240356445,91.8404541015625,383.0286865234375,89.29824829101562
2022-11-25,163.22000122070312,60.40346908569336,85.60675048828125,146.80657958984375,55.95912170410156,91.93428039550781,382.9429931640625,88.99549865722656
2022-11-28,161.92999267578125,59.76729202270508,85.64203643798828,144.4514617919922,55.072792053222656,91.2688980102539,376.8323059082031,89.24634552001953
2022-11-29,162.72999572753906,60.02500534057617,85.28060913085938,144.91690063476562,54.7153205871582,90.81678009033203,376.1851501464844,88.1998519897461
2022-11-30,164.80999755859375,60.926876068115234,86.04752349853516,147.998046875,56.953189849853516,91.92574310302734,388.0352478027344,88.84852600097656
2022-12-01,167.83999633789062,61.15253829956055,86.98734283447266,147.97947692871094,57.02174758911133,93.075927734375,387.74969482421875,91.6868667602539
2022-12-02,167.25999450683594,61.10398864746094,87.16402435302734,147.86776733398438,56.8870849609375,93.6407470703125,387.30230712890625,92.83985900878906
2022-12-05,164.38999938964844,60.52175521850586,86.2807388305664,145.00071716308594,55.85383987426758,92.8448715209961,380.3349609375,91.53948211669922
2022-12-06,164.83999633789062,60.30340576171875,86.81073760986328,143.31585693359375,54.849979400634766,93.12728881835938,374.8525695800781,92.718505859375
2022-12-07,166.3300018310547,60.63496780395508,87.57035064697266,143.24134826660156,54.6394157409668,94.16279602050781,374.21484375,94.90316772460938
2022-12-08,166.47000122070312,60.683494567871094,87.07569122314453,144.00465393066406,55.26131820678711,93.8632583618164,377.14642333984375,94.64305114746094
2022-12-09,167.05999755859375,60.683494567871094,86.430908203125,142.92483520507812,54.8475341796875,93.16151428222656,374.3291015625,92.1810073852539
2022-12-12,165.67999267578125,60.917999267578125,86.3072509765625,144.89833068847656,55.6628532409668,93.04171752929688,379.7259216308594,92.47577667236328
2022-12-13,168.50999450683594,61.54877471923828,87.08453369140625,145.83970642089844,56.17637252807617,93.8547134399414,382.6003112792969,93.36869049072266
2022-12-14,168.10000610351562,61.201053619384766,87.3230209350586,145.15594482421875,55.817989349365234,93.9402847290039,380.1541748046875,93.76749420166016
2022-12-15,165.35000610351562,60.97016906738281,87.4929428100586,142.24269104003906,54.1390266418457,94.01924133300781,370.85491943359375,94.13334655761719
2022-12-16,166.7899932861328,60.64500045776367,87.271728515625,140.64085388183594,53.48365783691406,93.61579132080078,366.4765930175781,93.08183288574219
2022-12-19,166.32000732421875,60.33606719970703,86.56367492675781,139.7135009765625,52.79635238647461,92.67158508300781,363.3690490722656,91.517578125
2022-12-20,169.0800018310547,60.18159866333008,85.93531799316406,140.1537628173828,52.791446685791016,91.58142852783203,363.8662414550781,89.89247131347656
2022-12-21,168.8000030517578,60.69377136230469,86.04149627685547,142.13961791992188,53.63338088989258,92.20805358886719,369.306884765625,90.11843872070312
2022-12-22,166.75999450683594,60.31981658935547,86.01497650146484,140.81884765625,52.614715576171875,92.18228912353516,364.038330078125,90.10108184814453
2022-12-23,167.25999450683594,60.47426986694336,85.62556457519531,141.811767578125,52.806175231933594,91.8990478515625,366.1323547363281,88.78013610839844
2022-12-27,168.6699981689453,59.848323822021484,84.90868377685547,141.98976135253906,52.3005256652832,90.71443939208984,364.6885986328125,87.02470397949219
2022-12-28,167.91000366210938,59.04350280761719,84.70511627197266,140.36920166015625,51.61324691772461,90.43119812011719,360.1562805175781,86.511962890625
2022-12-29,168.85000610351562,59.807655334472656,85.12110900878906,142.38319396972656,52.734989166259766,91.0749740600586,366.63916015625,87.49394226074219
2022-12-30,169.63999938964844,59.856449127197266,84.76708221435547,142.0552978515625,52.58771896362305,90.49983978271484,365.67340087890625,86.52064514160156
2023-01-03,171.05999755859375,59.970272064208984,85.43087005615234,142.00851440429688,52.190067291259766,91.1264877319336,364.13397216796875,88.17182159423828
2023-01-04,172.6699981689453,60.661251068115234,86.08574676513672,143.6759033203125,52.37416458129883,91.78743743896484,366.9451599121094,89.3797607421875
2023-01-05,170.52000427246094,60.539329528808594,85.96186065673828,142.63609313964844,51.527320861816406,91.71876525878906,362.7570495605469,89.75343322753906
2023-01-06,173.7100067138672,61.40101623535156,87.068115234375,145.5961456298828,52.749725341796875,93.22093963623047,371.07586669921875,91.40461730957031
2023-01-09,174.10000610351562,61.620521545410156,87.2894058227539,145.00604248046875,53.02463150024414,93.59004211425781,370.865478515625,91.8912582397461
2023-01-10,174.74000549316406,61.54736328125,86.74069213867188,146.05517578125,53.417381286621094,93.2724609375,373.4662780761719,90.37044525146484
2023-01-11,174.6199951171875,61.953819274902344,87.2982406616211,147.33847045898438,54.36240005493164,94.07076263427734,378.18988037109375,91.839111328125
2023-01-12,176.63999938964844,62.303382873535156,88.07707977294922,148.0316619873047,54.59559631347656,95.1351547241211,379.5667724609375,93.6467056274414
2023-01-13,178.75999450683594,62.303382873535156,87.60800170898438,148.4532012939453,54.89505386352539,94.82615661621094,381.039306640625,92.76896667480469
2023-01-17,177.58999633789062,62.09202194213867,87.33364868164062,147.73191833496094,54.9809684753418,94.4827880859375,380.3413391113281,92.1693344116211
2023-01-18,177.0800018310547,62.16519546508789,88.51958465576172,145.10906982421875,54.26668167114258,95.59008026123047,374.3363952636719,94.40275573730469
2023-01-19,179.88999938964844,61.79934310913086,88.35140228271484,144.14422607421875,53.78556823730469,95.39266967773438,371.61126708984375,93.81180572509766
2023-01-20,179.2899932861328,61.92131042480469,87.7673110961914,146.1675567626953,55.084068298339844,94.89483642578125,378.53411865234375,92.291015625
2023-01-23,179.6300048828125,61.91316604614258,87.48410034179688,147.6007843017578,55.96281814575195,94.6201400756836,383.075927734375,91.85647583007812
2023-01-24,180.27999877929688,61.953819274902344,87.98854064941406,147.4415283203125,55.83517837524414,95.11799621582031,382.664794921875,93.17742156982422
2023-01-25,181.11000061035156,61.945682525634766,88.0859146118164,147.74131774902344,55.77381896972656,95.16091918945312,382.8082580566406,93.40337371826172
2023-01-26,179.47000122070312,62.10014724731445,87.7673110961914,148.88409423828125,56.57156753540039,95.1265640258789,387.01544189453125,92.96885681152344
2023-01-27,179.22000122070312,61.91316604614258,87.63455200195312,148.7623291015625,56.996212005615234,94.85187530517578,387.9046936035156,92.73420715332031
2023-01-30,178.75999450683594,61.57173538208008,87.36019134521484,147.31976318359375,56.04627227783203,94.49136352539062,383.0377197265625,92.39529418945312
2023-01-31,179.41000366210938,62.05134582519531,87.80269622802734,149.36183166503906,56.96675491333008,95.16951751708984,388.6697082519531,93.13397216796875
2023-02-01,181.6699981689453,62.70323944091797,88.43421173095703,150.25172424316406,57.963321685791016,96.13561248779297,392.80029296875,94.2535400390625
2023-02-02,177.89999389648438,63.06266403198242,88.39872741699219,151.33831787109375,59.36981964111328,96.27334594726562,398.518310546875,94.3755111694336
2023-02-03,173.4600067138672,62.40098571777344,87.44971466064453,150.0643768310547,58.55488967895508,95.17986297607422,394.2825012207031,92.96407318115234
2023-02-06,173.82000732421875,62.000728607177734,86.69585418701172,149.16510009765625,58.11061477661133,94.44794464111328,391.8728332519531,92.27576446533203
2023-02-07,173.97999572753906,62.22128677368164,86.48296356201172,150.55145263671875,59.06789779663086,94.1379623413086,396.99798583984375,91.53520965576172
2023-02-08,174.41000366210938,61.95988082885742,86.8022689819336,149.22134399414062,58.31678771972656,94.23267364501953,392.656982421875,91.97080993652344
2023-02-09,173.02999877929688,61.55961227416992,86.41201782226562,147.6007843017578,57.88232421875,93.44051361083984,389.2528991699219,91.09955596923828
2023-02-10,173.36000061035156,61.08583450317383,85.99517822265625,148.58433532714844,57.65158462524414,92.78611755371094,390.1612548828125,90.0801773071289
2023-02-13,172.47999572753906,61.24102020263672,86.19917297363281,149.9238739013672,58.47634506225586,93.13055419921875,394.7414245605469,90.83818054199219
2023-02-14,172.61000061035156,61.25735855102539,85.80891418457031,149.46485900878906,58.72426223754883,92.89807891845703,394.5596923828125,90.62908172607422
2023-02-15,170.88999938964844,61.15937423706055,85.55170440673828,149.8302001953125,59.141536712646484,92.54502868652344,395.8410949707031,89.7839584350586
2023-02-16,170.75,60.669227600097656,85.26789855957031,148.34078979492188,58.086055755615234,91.8045425415039,390.3907775878906,88.51190948486328
2023-02-17,171.25999450683594,60.90611267089844,85.50740051269531,148.20030212402344,57.75959396362305,92.16615295410156,389.41546630859375,89.20022583007812
2023-02-21,170.6199951171875,59.96673583984375,84.57611846923828,145.5118408203125,56.436561584472656,90.85739135742188,381.6033935546875,87.46637725830078
2023-02-22,169.66000366210938,60.358821868896484,84.72689819335938,145.18399047851562,56.483192443847656,91.11570739746094,381.07757568359375,88.26795959472656
2023-02-23,169.57000732421875,60.955142974853516,85.05503845214844,145.4837646484375,56.95448684692383,91.83035278320312,383.1046447753906,89.13050842285156
2023-02-24,168.35000610351562,60.58753967285156,84.54063415527344,144.5845184326172,56.070823669433594,91.14152526855469,379.01220703125,87.97171020507812
2023-02-27,169.00999450683594,60.995994567871094,84.7978515625,144.54702758789062,56.42674255371094,91.1673583984375,380.30303955078125,88.21566772460938
2023-02-28,169.77999877929688,60.88160705566406,84.930908203125,144.097412109375,56.289283752441406,91.20181274414062,378.8974304199219,88.616455078125
2023-03-01,170.75999450683594,60.70903015136719,84.25188446044922,143.8163604736328,55.95299530029297,90.63323211669922,377.4439697265625,87.66443634033203
2023-03-02,170.66000366210938,60.78297424316406,83.90528869628906,144.81866455078125,56.402183532714844,90.71099090576172,380.3795166015625,86.8871078491211
2023-03-03,172.49000549316406,61.40756607055664,84.58070373535156,146.8232879638672,57.44540023803711,91.73926544189453,386.47998046875,88.99201202392578
2023-03-06,171.6199951171875,61.40756607055664,84.42962646484375,146.5142059326172,57.538673400878906,91.48869323730469,386.7477722167969,88.30201721191406
2023-03-07,168.6199951171875,60.97199630737305,84.43852233886719,144.00369262695312,56.79001998901367,91.2294692993164,380.8193359375,88.84354400634766
2023-03-08,168.5399932861328,60.684349060058594,84.41185760498047,143.94754028320312,56.98393249511719,91.08257293701172,381.4408874511719,88.93089294433594
2023-03-09,170.1999969482422,60.34743118286133,84.93622589111328,140.90313720703125,55.98490905761719,90.99616241455078,374.4033203125,89.14923095703125
2023-03-10,173.8699951171875,60.35564041137695,86.50038146972656,138.7018280029297,55.01778793334961,92.30091094970703,369.0009460449219,92.22364807128906
2023-03-13,177.86000061035156,60.026912689208984,87.5490951538086,137.26861572265625,55.33934020996094,92.37866973876953,368.47503662109375,92.43326568603516
2023-03-14,176.8300018310547,60.46245193481445,86.72257995605469,139.28260803222656,56.414466857910156,92.1021957397461,374.56597900390625,90.91352844238281
2023-03-15,178.2100067138672,60.265228271484375,87.97566986083984,137.31544494628906,56.34819030761719,92.98355102539062,372.2232666015625,92.66908264160156
2023-03-16,178.57000732421875,60.65972137451172,87.1847152709961,138.95474243164062,57.62459182739258,92.84526824951172,378.7539978027344,91.94416046142578
2023-03-17,183.77000427246094,60.298091888427734,88.21563720703125,136.43496704101562,57.26866912841797,93.31188201904297,374.32537841796875,93.32415771484375
2023-03-20,183.83999633789062,60.133731842041016,87.8601303100586,138.2428436279297,57.553409576416016,93.03538513183594,377.9247131347656,92.50313568115234
2023-03-21,180.3699951171875,60.79121398925781,87.0958251953125,140.06944274902344,58.422332763671875,93.48471069335938,382.8870849609375,91.70833587646484
2023-03-22,183.44000244140625,60.8487434387207,88.24229431152344,137.27798461914062,57.56568145751953,94.0290756225586,376.36016845703125,92.9311294555664
2023-03-23,185.74000549316406,60.61041259765625,88.74886322021484,136.7252655029297,58.015377044677734,94.29693603515625,377.37762451171875,92.9311294555664
2023-03-24,183.64999389648438,60.48712921142578,88.7755355834961,137.8363800048828,58.23432922363281,94.59069061279297,379.8540344238281,93.32415771484375
2023-03-27,181.9499969482422,60.33921432495117,87.68241882324219,138.94752502441406,58.04982376098633,93.4587631225586,380.5643005371094,91.13188934326172
2023-03-28,183.44000244140625,60.30631637573242,87.62907409667969,139.09814453125,57.83580017089844,93.30326843261719,379.7100524902344,91.29784393310547
2023-03-29,182.52999877929688,61.062442779541016,87.47797393798828,140.99085998535156,58.721412658691406,93.73526000976562,385.2290344238281,91.1144027709961
2023-03-30,184.17999267578125,61.424015045166016,87.61128997802734,141.6217498779297,59.14945602416992,93.8648910522461,387.48468017578125,91.53365325927734
2023-03-31,183.22000122070312,62.08969497680664,88.0912094116211,143.3732147216797,60.10642623901367,94.71170043945312,392.9461364746094,92.9049072265625
2023-04-03,184.5399932861328,62.04182815551758,88.50619506835938,144.15475463867188,60.18760299682617,95.28372955322266,394.4434509277344,93.34186553955078
2023-04-04,187.97999572753906,61.86020278930664,89.07609558105469,142.9965057373047,59.94898223876953,95.40509033203125,392.2550354003906,93.8059310913086
2023-04-05,187.8300018310547,61.51347351074219,89.45011138916016,143.39202880859375,59.40776824951172,95.71713256835938,391.2280578613281,94.78665161132812
2023-04-06,186.49000549316406,61.78590393066406,89.47682189941406,143.5426788330078,59.76447677612305,95.6304702758789,392.754150390625,95.03180694580078
2023-04-10,185.11000061035156,61.72809982299805,88.59524536132812,144.0511932373047,59.774314880371094,95.18841552734375,393.15728759765625,93.49945068359375
2023-04-11,186.27999877929688,61.86020278930664,88.55960845947266,144.69146728515625,59.56767272949219,95.16239166259766,393.2628173828125,93.69209289550781
2023-04-12,187.19000244140625,61.843692779541016,88.81788635253906,144.27713012695312,59.22325897216797,94.96304321289062,391.6599426269531,93.59579467773438
2023-04-13,189.72000122070312,62.264732360839844,88.52400970458984,145.44479370117188,60.2859992980957,95.12775421142578,396.8622131347656,92.86026000976562
2023-04-14,186.36000061035156,62.14915466308594,88.087646484375,145.30352783203125,60.08674240112305,94.81571197509766,395.8927917480469,92.01090240478516
2023-04-17,185.52999877929688,61.98402404785156,87.526611328125,146.00038146972656,60.20236587524414,94.2176513671875,397.3133239746094,90.91636657714844
2023-04-18,186.25,62.02530288696289,87.66912841796875,146.05682373046875,60.26140213012695,94.52967834472656,397.5725402832031,91.24034118652344
2023-04-19,185.36000061035156,61.777645111083984,87.48211669921875,146.0474395751953,60.31060791015625,94.06160736083984,397.50531005859375,91.15279388427734
2023-04-20,186.08999633789062,61.719844818115234,87.98973083496094,145.04930114746094,59.993255615234375,94.41700744628906,395.3360900878906,91.9321060180664
2023-04-21,184.25,61.90972137451172,87.77596282958984,145.134033203125,60.03999328613281,94.47765350341797,395.64324951171875,91.41546630859375
2023-04-24,184.80999755859375,62.083091735839844,88.20343780517578,145.42596435546875,59.993255615234375,94.8936996459961,396.0559997558594,92.29986572265625
2023-04-25,185.75,61.98402404785156,89.07609558105469,143.3732147216797,58.87147521972656,95.30975341796875,389.76904296875,93.6570816040039
2023-04-26,184.74000549316406,61.74462890625,88.72880554199219,141.7252960205078,59.07073974609375,94.8936996459961,388.11810302734375,92.65885925292969
2023-04-27,184.75,61.95102310180664,88.1500015258789,144.22064208984375,60.273704528808594,94.5470199584961,395.8447570800781,91.73944091796875
2023-04-28,184.8000030517578,62.21519088745117,88.80895233154297,145.60487365722656,60.721435546875,95.28372955322266,399.2233581542969,93.21925354003906
2023-05-01,183.97000122070312,61.92995834350586,87.7636947631836,145.52012634277344,60.721435546875,93.7461166381836,398.8202819824219,90.53134155273438
2023-05-02,187.52000427246094,61.871925354003906,88.90625,143.29786682128906,60.17776107788086,94.8767318725586,394.337890625,92.78736114501953
2023-05-03,189.11000061035156,61.83876419067383,89.48646545410156,142.13963317871094,59.87763595581055,95.03328704833984,391.6311340332031,93.30529022216797
2023-05-04,190.44000244140625,61.65634536743164,89.46861267089844,140.8025665283203,59.55290985107422,94.7723617553711,388.8572082519531,92.3835678100586
2023-05-05,187.4600067138672,61.98798751831055,88.9865951538086,143.0624542236328,60.79523468017578,94.39839935302734,396.0559997558594,92.07632446289062
2023-05-08,187.69000244140625,61.813873291015625,88.44210052490234,143.1283721923828,60.89609909057617,93.72002410888672,396.16156005859375,90.785888671875
2023-05-09,189.02000427246094,61.65634536743164,88.33497619628906,142.55398559570312,60.62548828125,93.68524169921875,394.42425537109375,90.46109771728516
2023-05-10,188.75,62.02946090698242,88.9955062866211,142.4221649169922,61.19868469238281,94.42446899414062,396.26715087890625,91.33895111083984
2023-05-11,187.1300048828125,61.92995834350586,89.32579040527344,141.6970672607422,61.250343322753906,94.78976440429688,395.5760803222656,92.3045654296875
2023-05-12,186.80999755859375,61.706085205078125,88.79021453857422,141.58409118652344,61.11258316040039,94.2070541381836,395.0578308105469,91.53205871582031
2023-05-15,187.2100067138672,61.68950653076172,88.59384155273438,142.2432403564453,61.3339958190918,93.70263671875,396.4207458496094,90.58397674560547
2023-05-16,184.8699951171875,61.258358001708984,88.30818176269531,140.4635467529297,61.1863899230957,93.23297119140625,393.7716369628906,90.31185150146484
2023-05-17,184.22999572753906,61.424190521240234,88.02256774902344,142.20555114746094,61.914554595947266,93.22427368164062,398.5515441894531,90.04850769042969
2023-05-18,181.83999633789062,61.45733642578125,87.47801971435547,142.94007873535156,62.81248092651367,92.8328857421875,402.39093017578125,89.38137817382812
2023-05-19,183.63999938964844,61.52367401123047,87.14776611328125,142.78939819335938,62.65748596191406,92.71987915039062,401.805419921875,88.74932098388672
2023-05-22,183.2100067138672,61.79729461669922,86.98706817626953,142.9306182861328,62.726375579833984,92.68505859375,401.96856689453125,88.43329620361328
2023-05-23,183.42999267578125,61.47393035888672,87.12989807128906,141.9042510986328,61.84321594238281,92.87640380859375,397.4573059082031,88.68788146972656
2023-05-24,181.9499969482422,61.04277801513672,86.90674591064453,140.60479736328125,61.484046936035156,92.5111083984375,394.5777893066406,88.24895477294922
2023-05-25,180.1999969482422,61.00128936767578,86.36223602294922,139.8797607421875,62.60337448120117,92.20671844482422,397.99481201171875,88.02948760986328
2023-05-26,180.9199981689453,61.37444305419922,86.52290344238281,140.97203063964844,63.732540130615234,92.59809112548828,403.14910888671875,88.74054718017578
2023-05-30,182.0399932861328,61.63974380493164,87.20130920410156,140.70835876464844,63.899803161621094,93.29388427734375,403.3027038574219,89.62715911865234
2023-05-31,182.32000732421875,61.44904327392578,87.53160095214844,139.94566345214844,63.567710876464844,93.5982666015625,401.06634521484375,90.40841674804688
2023-06-01,183.75999450683594,61.81812286376953,87.77496337890625,141.05677795410156,64.28605651855469,93.88532257080078,404.87689208984375,90.76315307617188
2023-06-02,181.0500030517578,62.13471221923828,87.07705688476562,143.70277404785156,65.0831069946289,93.6323013305664,410.7318420410156,89.76856231689453
2023-06-05,182.13999938964844,62.084720611572266,87.05023956298828,143.2036895751953,65.01667785644531,93.4316177368164,409.94482421875,89.60128784179688
2023-06-06,182.33999633789062,62.184722900390625,87.10388946533203,144.07943725585938,65.05604553222656,93.6148452758789,410.8374328613281,90.1294174194336
2023-06-07,180.14999389648438,61.843109130859375,86.46861267089844,145.2773895263672,64.21124267578125,92.77721405029297,409.41680908203125,88.79151153564453
2023-06-08,182.52999877929688,62.234676361083984,87.05023956298828,145.4381103515625,64.80992126464844,93.39669799804688,411.8932189941406,89.83014678955078
2023-06-09,182.0399932861328,62.25136184692383,86.737060546875,145.25848388671875,65.03658294677734,93.15240478515625,412.63226318359375,89.7069091796875
2023-06-12,181.8800048828125,62.184722900390625,86.88020324707031,145.7501220703125,65.96537017822266,93.44904327392578,416.3756408691406,89.97099304199219
2023-06-13,180.5399932861328,62.25967788696289,86.26287078857422,146.95091247558594,66.37928771972656,93.03020477294922,419.1208190917969,89.0820083618164
2023-06-14,180.63999938964844,62.284671783447266,86.37913513183594,146.51597595214844,66.62812042236328,93.31818389892578,419.6198425292969,89.79496002197266
2023-06-15,181.91000366210938,62.58460235595703,87.05023956298828,148.3502655029297,67.48794555664062,94.1296157836914,424.8221740722656,90.65752410888672
2023-06-16,181.6300048828125,62.42631912231445,86.67443084716797,148.09498596191406,67.08145904541016,93.9638671875,423.3751525878906,90.3054428100586
2023-06-20,179.75,62.25967788696289,86.93389892578125,146.8563690185547,66.9681167602539,94.30416870117188,421.1785583496094,90.9303970336914
2023-06-21,179.49000549316406,62.10138702392578,87.01443481445312,146.57273864746094,66.36203002929688,94.1994400024414,419.0205993652344,91.15043640136719
2023-06-22,177.7100067138672,61.918094635009766,86.5223159790039,146.05270385742188,66.94841766357422,93.71080017089844,420.53314208984375,90.05020141601562
2023-06-23,178.1999969482422,61.80979919433594,86.88020324707031,145.1166229248047,66.33495330810547,93.97257995605469,417.35394287109375,90.94796752929688
2023-06-26,178.50999450683594,61.843109130859375,87.09495544433594,145.75955200195312,65.6180191040039,94.07727813720703,415.64862060546875,91.04476928710938
2023-06-27,177.69000244140625,62.05140686035156,86.79072570800781,146.9698486328125,66.62812042236328,93.97257995605469,420.20562744140625,90.80712890625
2023-06-28,177.27999877929688,62.40964889526367,87.13968658447266,146.83746337890625,66.75623321533203,94.38267517089844,420.4175109863281,91.19440460205078
2023-06-29,177.08999633789062,62.243011474609375,86.24493408203125,147.99098205566406,66.82522583007812,93.66720581054688,422.07452392578125,89.54850769042969
2023-06-30,178.27000427246094,62.54295349121094,86.432861328125,149.22958374023438,67.79591369628906,94.35649871826172,427.0553283691406,90.6047134399414
2023-07-03,178.47000122070312,62.44495391845703,86.05792999267578,149.796875,67.72940826416016,94.09213256835938,427.54669189453125,90.09107971191406
2023-07-05,177.83999633789062,62.25229263305664,85.64534759521484,149.0404815673828,67.820556640625,93.41812896728516,426.9107971191406,89.23497009277344
2023-07-06,177.30999755859375,61.79995346069336,84.94576263427734,147.45205688476562,67.36723327636719,92.47273254394531,423.5678405761719,87.97293090820312
2023-07-07,178.63999938964844,61.85859298706055,84.83815002441406,147.63169860839844,67.07158660888672,92.38517761230469,422.4984130859375,87.44338989257812
2023-07-10,178.77999877929688,62.168556213378906,85.27761840820312,148.61502075195312,67.13072204589844,92.86665344238281,423.5678405761719,87.5581283569336
2023-07-11,179.4499969482422,62.503597259521484,85.45700073242188,150.20347595214844,67.46330261230469,93.30432891845703,426.26531982421875,88.00823974609375
2023-07-12,181.8800048828125,62.989402770996094,86.2911148071289,150.8369598388672,68.15808868408203,94.12716674804688,429.6950378417969,88.98787689208984
2023-07-13,182.00999450683594,63.36634826660156,87.00865173339844,151.47994995117188,69.03269958496094,94.79244232177734,433.10546875,89.92338562011719
2023-07-14,181.42999267578125,62.905616760253906,86.578125,150.4114532470703,69.21009063720703,94.05712127685547,432.835693359375,89.39385223388672
2023-07-17,181.55999755859375,63.02290344238281,86.72164916992188,150.50601196289062,69.72498321533203,94.2146987915039,434.3385925292969,89.4379653930664
2023-07-18,183.63999938964844,63.19880676269531,86.8203125,151.52716064453125,70.30888366699219,94.4510269165039,437.5660400390625,89.84392547607422
2023-07-19,183.6699981689453,63.24905014038086,87.11627197265625,152.35922241210938,70.3064193725586,94.98499298095703,438.5390930175781,90.8588638305664
2023-07-20,182.74000549316406,62.97267532348633,86.42566680908203,153.20074462890625,69.03269958496094,94.34599304199219,435.62957763671875,89.75569915771484
2023-07-21,182.17999267578125,63.13182067871094,86.4974136352539,153.6167755126953,68.81835174560547,94.51232147216797,435.62957763671875,89.78215026855469
2023-07-24,181.39999389648438,63.02290344238281,86.2911148071289,154.25967407226562,69.04747772216797,94.3985366821289,437.5756530761719,89.45559692382812
2023-07-25,182.41000366210938,62.98101806640625,86.12967681884766,154.18408203125,69.44166564941406,94.24971008300781,438.770263671875,89.28795623779297
2023-07-26,183.3000030517578,63.23230743408203,86.42566680908203,154.64736938476562,69.2938461303711,94.68738555908203,438.8376770019531,89.37619018554688
2023-07-27,180.4199981689453,62.72972869873047,85.48392486572266,153.34254455566406,68.899658203125,93.53192138671875,435.9282531738281,87.63758087158203
2023-07-28,181.86000061035156,63.08991241455078,85.76195526123047,154.00440979003906,69.98614501953125,94.1446533203125,440.196044921875,88.08765411376953
2023-07-31,182.35000610351562,63.24068069458008,85.86956787109375,154.48663330078125,70.12657928466797,94.40727996826172,441.03424072265625,88.29949188232422
2023-08-01,180.4600067138672,62.927616119384766,85.36785888671875,153.96661376953125,69.92948913574219,93.46654510498047,439.7721862792969,86.8525390625
2023-08-02,179.60000610351562,62.65828323364258,85.19700622558594,152.68069458007812,68.57442474365234,92.8956069946289,433.6546630859375,85.92328643798828
2023-08-03,179.5399932861328,62.45631790161133,84.56759643554688,152.17013549804688,68.38227844238281,92.0611572265625,432.411865234375,83.94093322753906
2023-08-04,180.19000244140625,62.82663345336914,85.46674346923828,151.62173461914062,68.05213165283203,93.01858520507812,430.4561462402344,85.42768859863281
2023-08-07,179.77999877929688,62.94444274902344,85.25992584228516,152.99270629882812,68.54736328125,92.79020690917969,434.21337890625,84.58695983886719
2023-08-08,178.63999938964844,63.079105377197266,85.69155883789062,152.31195068359375,68.21966552734375,93.15910339355469,432.32513427734375,85.56930541992188
2023-08-09,177.7899932861328,63.0875129699707,85.74549102783203,151.84866333007812,67.5125961303711,93.24697875976562,429.4349670410156,86.01178741455078
2023-08-10,177.60000610351562,63.0706901550293,85.08909606933594,151.65956115722656,67.60620880126953,92.58821105957031,429.58905029296875,84.5958023071289
2023-08-11,177.60000610351562,62.97811508178711,84.63953399658203,152.0850372314453,67.3228988647461,92.27198028564453,429.33856201171875,84.40111541748047
2023-08-14,177.05999755859375,62.96969223022461,84.50463104248047,151.98101806640625,68.05461120605469,92.23684692382812,431.70849609375,84.21524047851562
2023-08-15,176.58999633789062,62.76773452758789,84.34278106689453,149.95767211914062,67.40665435791016,91.75374603271484,426.6795654296875,83.70197296142578
2023-08-16,175.57000732421875,62.57413864135742,84.01908111572266,148.9270477294922,66.84986877441406,91.34090423583984,423.5486145019531,83.04708862304688
2023-08-17,175.3000030517578,62.3132438659668,83.91116333007812,148.23681640625,66.11814880371094,91.094970703125,420.3211364746094,82.69309997558594
2023-08-18,175.3300018310547,62.35532760620117,84.16293334960938,148.5015411376953,66.03192138671875,91.43753051757812,420.52349853515625,82.98512268066406
2023-08-21,175.80999755859375,62.33847427368164,83.64140319824219,148.28408813476562,66.92623138427734,90.89293670654297,423.2595520019531,81.87891387939453
2023-08-22,176.10000610351562,62.37214660644531,83.67737579345703,147.58441162109375,66.87449645996094,91.17402648925781,422.1130676269531,82.50726318359375
2023-08-23,177.88999938964844,62.87712860107422,84.5855484008789,148.61502075195312,67.85997009277344,92.45643615722656,426.8144836425781,84.55155944824219
2023-08-24,177.85000610351562,62.53203201293945,84.27085876464844,147.2913360595703,66.61332702636719,92.14021301269531,420.8992614746094,83.99402618408203
2023-08-25,177.6199951171875,62.79295349121094,84.2438735961914,148.18006896972656,67.14550018310547,92.19290924072266,423.8664855957031,84.26836395263672
2023-08-28,178.1300048828125,63.02858352661133,84.47765350341797,149.06886291503906,67.61360931396484,92.48277282714844,426.55438232421875,84.35688018798828
2023-08-29,179.8699951171875,63.42417907714844,85.08012390136719,150.4776611328125,68.91934204101562,93.22059631347656,432.7200622558594,85.23297882080078
2023-08-30,180.32000732421875,63.39891815185547,85.07109069824219,150.87478637695312,69.37022399902344,93.08883666992188,434.50244140625,85.1445083618164
2023-08-31,180.02000427246094,63.35683822631836,85.24195861816406,150.31690979003906,69.4539794921875,93.24697875976562,433.8665771484375,85.52503967285156
2023-09-01,180.11000061035156,63.47605895996094,84.72090148925781,151.1395263671875,69.47369384765625,92.58318328857422,434.6758117675781,84.19269561767578
2023-09-05,178.63999938964844,63.061763763427734,84.20707702636719,149.3997802734375,69.53034973144531,91.92205810546875,432.79718017578125,83.01214599609375
2023-09-06,177.8300018310547,62.90953063964844,83.99071502685547,148.9081268310547,68.82080841064453,91.83391571044922,429.88775634765625,83.21629333496094
2023-09-07,178.02000427246094,63.12093734741211,84.27919006347656,148.8041229248047,68.56214141845703,92.2394027709961,428.56787109375,83.44708251953125
2023-09-08,178.0800018310547,63.095558166503906,84.29722595214844,148.96484375,68.59415435791016,92.30992126464844,429.2133483886719,83.76663970947266
2023-09-11,178.41000366210938,63.20548629760742,84.15296936035156,149.32412719726562,69.33818817138672,92.13362121582031,432.0361022949219,83.16302490234375
2023-09-12,177.49000549316406,63.104026794433594,84.27015686035156,149.522705078125,68.55475616455078,92.107177734375,429.6661376953125,83.64236450195312
2023-09-13,177.0800018310547,63.27313232421875,84.36931610107422,149.12557983398438,68.7666244506836,92.30992126464844,430.1671142578125,83.6246109008789
2023-09-14,177.1699981689453,63.3492431640625,84.1800308227539,150.8275146484375,69.21993255615234,92.1424331665039,433.87615966796875,83.02103424072266
2023-09-15,178.33999633789062,63.112457275390625,83.91857147216797,149.7117919921875,68.1408462524414,92.00141143798828,428.6487121582031,82.51506805419922
2023-09-18,179.38999938964844,63.15474319458008,83.99972534179688,149.5794219970703,68.19502258300781,92.17769622802734,428.9001159667969,82.98551177978516
2023-09-19,179.22000122070312,62.96030044555664,83.69322204589844,149.2012481689453,68.06939697265625,91.86918640136719,428.0106506347656,82.37305450439453
2023-09-20,179.35000610351562,62.90953063964844,83.63011932373047,148.6339111328125,67.13318634033203,91.90442657470703,424.0758056640625,82.63045501708984
2023-09-21,178.0500030517578,62.461395263671875,83.00809478759766,146.44036865234375,65.89640045166016,90.97887420654297,417.0664978027344,80.50899505615234
2023-09-22,178.6199951171875,62.57131576538086,83.3326187133789,145.80685424804688,65.82495880126953,91.53421783447266,416.1287841796875,81.15696716308594
2023-09-25,177.6999969482422,62.48676300048828,82.7196273803711,146.23236083984375,66.16987609863281,90.64392852783203,417.87860107421875,79.15977478027344
2023-09-26,176.27999877929688,62.21616744995117,82.69258117675781,144.38247680664062,65.11685180664062,90.3882827758789,411.7393798828125,78.88459014892578
2023-09-27,174.10000610351562,62.131614685058594,82.32296752929688,144.41099548339844,65.23040771484375,89.96515655517578,411.9037780761719,78.47630310058594
2023-09-28,173.22999572753906,62.427589416503906,82.54832458496094,145.14373779296875,65.71422576904297,90.12384033203125,414.291748046875,78.71593475341797
2023-09-29,171.4499969482422,62.33457946777344,82.56637573242188,144.46812438964844,65.6574478149414,89.92991638183594,413.28631591796875,78.72483825683594
2023-10-02,169.64999389648438,61.95631790161133,81.8966064453125,142.85044860839844,66.21778869628906,89.10601043701172,413.1219482421875,77.4069595336914
2023-10-03,169.16000366210938,61.327301025390625,81.21875,141.30886840820312,65.03292846679688,88.07946014404297,407.5918884277344,75.7418212890625
2023-10-04,169.13999938964844,61.641815185546875,81.73391723632812,141.57530212402344,65.92154693603516,88.84938049316406,410.55999755859375,76.81036376953125
2023-10-05,168.8300018310547,61.701297760009766,81.8875732421875,141.27084350585938,65.92650604248047,88.74317932128906,410.4052734375,76.42749786376953
2023-10-06,169.6999969482422,61.78630447387695,81.4085693359375,142.3270721435547,67.01260375976562,88.47769165039062,415.27789306640625,75.50139617919922
2023-10-09,172.82000732421875,62.24531936645508,82.44794464111328,143.430908203125,67.33843231201172,89.57503509521484,417.9366455078125,77.2734146118164
2023-10-10,172.52999877929688,62.22830581665039,82.28528594970703,144.52520751953125,67.66178894042969,89.6104507446289,420.1119384765625,77.16655731201172
2023-10-11,173.7899932861328,62.21978759765625,82.7371826171875,144.40150451660156,68.20731353759766,90.15911102294922,421.832763671875,78.77825164794922
2023-10-12,173.25999450683594,61.8883171081543,81.94184112548828,142.91705322265625,67.86419677734375,89.2210464477539,419.2611083984375,76.64118194580078
2023-10-13,178.8300018310547,61.837310791015625,82.4660415649414,142.8980255126953,67.20758819580078,89.71662139892578,417.17279052734375,78.01246643066406
2023-10-16,177.9600067138672,61.82030487060547,81.97796630859375,144.45858764648438,67.97282409667969,89.09716033935547,421.5621032714844,76.7569351196289
2023-10-17,178.2899932861328,61.531314849853516,81.17353820800781,145.06761169433594,67.80001831054688,88.3891830444336,421.5427551269531,75.91101837158203
2023-10-18,180.8699951171875,61.23381042480469,80.79395294189453,143.12637329101562,66.78057098388672,87.68124389648438,415.92572021484375,75.24315643310547
2023-10-19,183.08999633789062,61.0128059387207,80.3962631225586,141.7275848388672,66.22517395019531,86.97327423095703,412.27117919921875,73.70268249511719
2023-10-20,183.58999633789062,61.14030075073242,80.86626434326172,140.25262451171875,65.2896499633789,87.31839752197266,407.2052001953125,74.1211929321289
2023-10-23,182.97000122070312,61.38682174682617,81.245849609375,139.14878845214844,65.46243286132812,87.99982452392578,406.4993591308594,75.01163482666016
2023-10-24,182.9499969482422,61.701297760009766,81.39046478271484,140.0242156982422,66.05238342285156,88.49537658691406,409.56414794921875,76.00005340576172
2023-10-25,183.72000122070312,61.36981964111328,80.67646026611328,138.81576538085938,64.679931640625,87.6900863647461,403.68603515625,74.3082046508789
2023-10-26,184.00999450683594,61.582305908203125,81.2910385131836,138.65399169921875,63.42352294921875,88.32725524902344,398.8520202636719,75.4479751586914
2023-10-27,186.14999389648438,61.505802154541016,81.41759490966797,136.7318115234375,63.55434799194336,88.15027618408203,397.0440673828125,75.12741088867188
2023-10-30,185.10000610351562,61.52278518676758,81.14642333984375,138.06402587890625,64.44790649414062,87.884765625,401.79107666015625,74.7890396118164
2023-10-31,184.08999633789062,61.684303283691406,80.9747085571289,139.32958984375,64.69969177246094,87.7608871459961,404.314453125,74.42393493652344
2023-11-01,183.50999450683594,62.272239685058594,81.90733337402344,140.00523376464844,65.70681762695312,89.01680755615234,408.6263427734375,76.03762817382812
2023-11-02,184.1199951171875,62.97300338745117,82.41487884521484,142.80287170410156,66.90153503417969,90.07376861572266,416.4574279785156,77.77104949951172
2023-11-03,184.7899932861328,63.58829879760742,83.04936218261719,144.4776153564453,67.54576873779297,90.51792907714844,420.25689697265625,78.2981948852539
2023-11-06,183.35000610351562,63.3318977355957,82.56898498535156,143.7830047607422,67.93578338623047,90.03826904296875,421.2237243652344,77.53872680664062
2023-11-07,182.58999633789062,63.3404541015625,83.04027557373047,143.12637329101562,68.58253479003906,90.75772094726562,422.4225769042969,78.68242645263672
2023-11-08,180.77000427246094,63.374637603759766,83.3756332397461,142.68865966796875,68.8639144897461,91.21955871582031,422.73187255859375,80.02269744873047
2023-11-09,181.49000549316406,62.981536865234375,82.55084991455078,141.54678344726562,68.25914001464844,90.29584503173828,419.4351501464844,78.18206787109375
2023-11-10,179.50999450683594,63.2891845703125,82.64149475097656,143.01220703125,69.57727813720703,90.74884796142578,425.98040771484375,78.61988067626953
2023-11-13,180.50999450683594,63.2293586730957,82.59617614746094,142.95510864257812,69.50076293945312,90.75772094726562,425.5743408203125,78.44115447998047
2023-11-14,182.1199951171875,63.87027359008789,83.83788299560547,146.1048126220703,70.88060760498047,92.17887115478516,433.8307189941406,80.2192611694336
2023-11-15,181.63999938964844,63.66521453857422,83.18531799316406,146.88510131835938,70.8830795288086,91.69921875,434.7492370605469,79.09343719482422
2023-11-16,183.69000244140625,63.750640869140625,83.81070709228516,146.39981079101562,71.07563018798828,92.45419311523438,435.2808837890625,80.07630157470703
2023-11-17,183.6699981689453,63.89591979980469,83.86505889892578,147.1515350341797,71.0509262084961,92.72064971923828,435.8222961425781,80.45157623291016
2023-11-20,183.3699951171875,63.96426773071289,83.98292541503906,147.67494201660156,71.7988510131836,93.09371948242188,439.1771545410156,80.94297790527344
2023-11-21,185.35000610351562,64.04975128173828,84.09165954589844,147.47508239746094,71.58658599853516,93.12035369873047,438.2199401855469,80.9072494506836
2023-11-22,184.55999755859375,64.16083526611328,84.0644760131836,148.10311889648438,71.91240692138672,93.49339294433594,439.911865234375,81.19317626953125
2023-11-24,185.52000427246094,64.09246063232422,83.62943267822266,148.60743713378906,71.8260269165039,93.01376342773438,440.1826171875,80.23712921142578
2023-11-27,186.77000427246094,64.18648529052734,84.26387786865234,148.25538635253906,71.7420883178711,93.76875305175781,439.3898010253906,81.57738494873047
2023-11-28,189.25999450683594,64.4684829711914,84.63545989990234,148.14120483398438,71.90994262695312,94.14180755615234,439.82489013671875,81.73821258544922
2023-11-29,189.5399932861328,64.81885528564453,85.07959747314453,148.57891845703125,71.76676177978516,94.9056625366211,439.5154724121094,82.7657699584961
2023-11-30,188.75,64.69920349121094,84.66268920898438,149.86355590820312,71.79639434814453,94.40825653076172,441.24603271484375,81.80970001220703
2023-12-01,192.00999450683594,65.2348861694336,85.46146392822266,151.509765625,72.07038116455078,95.54499053955078,443.8564147949219,83.35050201416016
2023-12-04,187.86000061035156,65.07178497314453,85.10708618164062,151.55734252929688,71.4606704711914,95.10811614990234,441.52642822265625,83.01887512207031
2023-12-05,187.14999389648438,65.13187408447266,85.70684051513672,150.3583526611328,71.81861114501953,95.86592864990234,441.4394226074219,84.80258178710938
2023-12-06,187.83999633789062,65.14046478271484,86.06128692626953,150.05389404296875,71.38909149169922,96.2225341796875,439.6605529785156,85.93197631835938
2023-12-07,188.14999389648438,65.25206756591797,85.93404388427734,150.49156188964844,72.23328399658203,96.2314453125,443.0152893066406,85.43897247314453
2023-12-08,185.63999938964844,65.12330627441406,85.37969207763672,151.1005859375,72.59615325927734,95.7143783569336,444.919921875,84.7398452758789
2023-12-11,183.58999633789062,65.08037567138672,85.38877868652344,152.29005432128906,72.6800765991211,95.68760681152344,446.6504821777344,84.56056213378906
2023-12-12,183.49000549316406,65.22630310058594,85.57054138183594,152.27101135253906,73.24535369873047,96.2314453125,448.6904296875,84.81153869628906
2023-12-13,187.6300048828125,66.22212219238281,86.84281921386719,154.93544006347656,74.12410736083984,97.84510803222656,454.8779296875,86.80140686035156
2023-12-14,188.72999572753906,66.51459503173828,87.56470489501953,157.09548950195312,73.96367645263672,98.88569641113281,456.3377990722656,89.05939483642578
2023-12-15,187.0,66.36792755126953,87.49178314208984,156.10586547851562,74.21051025390625,98.7425308227539,455.5863952636719,89.1583023071289
2023-12-18,187.85000610351562,66.41107177734375,87.30037689208984,156.2676544189453,74.69677734375,98.3309555053711,458.14910888671875,88.44792175292969
2023-12-19,189.1300048828125,66.60083770751953,87.46446990966797,157.67593383789062,75.03990173339844,98.45620727539062,460.93511962890625,88.92450714111328
2023-12-20,188.10000610351562,66.60948181152344,87.89285278320312,155.03713989257812,74.08121490478516,98.7156753540039,454.54779052734375,89.52699279785156
2023-12-21,189.42999267578125,66.91143035888672,87.75609588623047,156.62599182128906,74.82817840576172,98.67987823486328,458.8576965332031,88.96044921875
2023-12-22,190.27000427246094,66.83378601074219,87.67408752441406,157.23855590820312,74.8900146484375,98.50990295410156,459.7799377441406,88.5558090209961
2023-12-26,191.72000122070312,66.96320343017578,87.72876739501953,158.13827514648438,75.15217590332031,98.7156753540039,461.7213134765625,88.80760192871094
2023-12-27,192.58999633789062,67.23926544189453,88.4123764038086,158.3679962158203,75.221435546875,99.63725280761719,462.5561828613281,90.38123321533203
2023-12-28,191.47000122070312,67.0235824584961,88.07511138916016,158.59768676757812,75.2412338256836,99.37779235839844,462.7309265136719,89.72480010986328
2023-12-29,191.1699981689453,66.76477813720703,87.85638427734375,158.1669921875,74.98399353027344,99.0109634399414,461.3913269042969,88.91548156738281
2024-01-02,190.72000122070312,66.54047393798828,87.52823638916016,158.72210693359375,73.87100219726562,98.33990478515625,458.80914306640625,88.4029312133789
2024-01-03,189.1300048828125,66.35929107666016,87.73789978027344,157.2864227294922,73.14878845214844,98.1162109375,455.062255859375,88.77161407470703
2024-01-04,189.32000732421875,66.10049438476562,87.20923614501953,157.047119140625,72.8222885131836,97.57042694091797,453.596435546875,87.42276763916016
2024-01-05,189.35000610351562,66.15225219726562,86.8902359008789,157.51611328125,72.9063949584961,97.22148895263672,454.21771240234375,86.58650207519531
2024-01-08,187.8699951171875,66.52322387695312,87.18189239501953,158.66470336914062,74.4002914428711,97.96411895751953,460.70208740234375,87.44075775146484
2024-01-09,187.92999267578125,66.62672424316406,87.14542388916016,157.74581909179688,74.61300659179688,98.13410949707031,460.0032043457031,86.88324737548828
2024-01-10,187.5,66.74752044677734,87.00870513916016,157.71713256835938,75.38468170166016,98.00885009765625,462.6047058105469,86.47858428955078
2024-01-11,187.8699951171875,66.96320343017578,87.47355651855469,157.1332550048828,75.49102783203125,98.599365234375,462.4008483886719,86.96417236328125
2024-01-12,189.7100067138672,67.0322036743164,87.7105484008789,157.0662841796875,75.57512664794922,98.81410217285156,462.72119140625,86.79331970214844
2024-01-16,187.91000366210938,66.60948181152344,86.99959564208984,155.93685913085938,75.47125244140625,97.81199645996094,461.0224609375,85.26463317871094
2024-01-17,185.83999633789062,66.3248062133789,86.71705627441406,154.90313720703125,75.1249771118164,97.60621643066406,458.4598083496094,85.1297607421875
2024-01-18,187.3699951171875,66.46282958984375,86.525634765625,155.41041564941406,76.13656616210938,97.41831970214844,462.5367736816406,84.33842468261719
2024-01-19,187.92999267578125,66.5749740600586,86.53474426269531,156.75997924804688,77.22483825683594,97.51675415039062,468.3028259277344,84.60816955566406
2024-01-22,187.22000122070312,66.62672424316406,86.79907989501953,157.35340881347656,77.47217559814453,97.78515625,469.29302978515625,85.11177062988281
2024-01-23,187.9499969482422,66.54910278320312,86.580322265625,157.6597137451172,77.66756439208984,97.42729187011719,470.66162109375,84.43736267089844
2024-01-24,186.39999389648438,66.51459503173828,86.33422088623047,156.99929809570312,77.96186828613281,97.23938751220703,471.1761474609375,83.94275665283203
2024-01-25,187.13999938964844,67.0235824584961,86.70793151855469,158.60726928710938,78.06082153320312,97.88359069824219,473.73883056640625,84.4913101196289
2024-01-26,187.00999450683594,66.97181701660156,86.55296325683594,158.68382263183594,77.96685028076172,97.60621643066406,473.1369934082031,84.32945251464844
2024-01-29,188.3300018310547,67.11847686767578,87.072509765625,159.45912170410156,78.79293060302734,98.00885009765625,476.8839416503906,85.30058288574219
2024-01-30,188.58999633789062,67.0322036743164,87.19100189208984,159.9376983642578,78.47880554199219,98.322021484375,476.5151062011719,86.07392120361328
2024-01-31,188.4499969482422,66.8424301147461,87.92017364501953,158.26272583007812,76.8117904663086,98.572509765625,468.7395935058594,86.91921997070312
2024-02-01,190.41000366210938,67.22737884521484,88.4647445678711,159.77496337890625,77.94458770751953,99.33485412597656,474.87457275390625,88.62423706054688
2024-02-02,188.61000061035156,66.9239273071289,87.31346130371094,159.621826171875,79.4879379272461,98.42796325683594,479.87371826171875,86.6666259765625
2024-02-05,187.57000732421875,66.6117935180664,86.46373748779297,158.1287078857422,79.41621398925781,97.48516082763672,478.12646484375,84.91648864746094
2024-02-06,188.5500030517578,66.85457611083984,86.92974090576172,159.07627868652344,79.51019287109375,98.03288269042969,479.5146179199219,85.7464599609375
2024-02-07,188.5,66.96728515625,86.77438354492188,159.4974365234375,80.52921295166016,97.74556732177734,483.51397705078125,85.33150482177734
2024-02-08,188.3300018310547,66.9325942993164,86.49116516113281,159.72711181640625,80.67018127441406,97.24273681640625,483.72747802734375,84.83533477783203
2024-02-09,187.60000610351562,67.07131958007812,86.3358154296875,159.8323974609375,81.49134063720703,97.11701202392578,486.52313232421875,84.66390991210938
2024-02-12,187.11000061035156,66.9239273071289,86.41805267333984,160.86611938476562,81.11043548583984,97.1259994506836,486.30963134765625,84.76315307617188
2024-02-13,184.52999877929688,66.38638305664062,85.46778106689453,158.4349822998047,79.94550323486328,96.05752563476562,479.61163330078125,83.31074523925781
2024-02-14,184.4199981689453,66.64647674560547,85.78759765625,159.717529296875,80.9026870727539,96.50646209716797,483.9701843261719,83.7347412109375
2024-02-15,185.66000366210938,66.88057708740234,86.02515411376953,161.81365966796875,81.04366302490234,96.85662841796875,487.3094482421875,84.16776275634766
2024-02-16,186.33999633789062,66.6811752319336,85.6505355834961,161.3638458251953,80.53662872314453,96.50646209716797,484.8827209472656,83.68061065673828
2024-02-20,187.47000122070312,66.81988525390625,85.7967300415039,161.15325927734375,79.73031616210938,96.82972717285156,482.21319580078125,83.75279235839844
2024-02-21,187.47999572753906,66.69849395751953,85.52262878417969,161.89981079101562,79.52010345458984,96.58727264404297,482.6500244140625,83.15738677978516
2024-02-22,187.55999755859375,67.01927947998047,85.53176879882812,163.20152282714844,81.9365234375,96.73990631103516,492.6387023925781,83.56332397460938
2024-02-23,188.6199951171875,67.06263732910156,85.92464447021484,163.64181518554688,81.8499755859375,97.02723693847656,492.9784240722656,84.68196868896484
2024-02-26,188.1999969482422,66.84588623046875,85.7967300415039,162.89524841308594,81.67188262939453,96.72193908691406,491.1728515625,84.42935943603516
2024-02-27,188.0,66.9325942993164,85.6048583984375,163.3450927734375,81.77823638916016,96.58727264404297,492.0853576660156,83.83396911621094
2024-02-28,188.33999633789062,66.9239273071289,85.91551971435547,163.43124389648438,81.46907043457031,96.57828521728516,491.43499755859375,84.3661880493164
2024-02-29,189.30999755859375,67.04530334472656,86.089111328125,163.91940307617188,81.90191650390625,96.66807556152344,493.2016296386719,84.96161651611328
2024-03-01,192.88999938964844,67.2964096069336,86.48214721679688,164.771240234375,82.8936996459961,97.25655364990234,497.83197021484375,85.49102783203125
2024-03-04,196.00999450683594,67.27896118164062,86.28974914550781,165.3168182373047,82.5499267578125,97.07630157470703,497.29815673828125,85.1471176147461
2024-03-05,197.19000244140625,67.22666931152344,86.82109832763672,164.7616424560547,81.24151611328125,97.60799407958984,492.3280944824219,86.35975646972656
2024-03-06,198.80999755859375,67.39232635498047,87.03180694580078,165.71878051757812,81.67931365966797,97.86934661865234,494.82281494140625,86.86653900146484
2024-03-07,199.94000244140625,67.4708023071289,87.17839813232422,166.60894775390625,82.7848892211914,98.1126708984375,499.73455810546875,86.78510284423828
2024-03-08,201.6300048828125,67.4882583618164,87.24250793457031,166.59934997558594,81.8425521850586,98.24784851074219,496.735107421875,86.63126373291016
2024-03-11,202.0,67.47953796386719,87.132568359375,167.1066436767578,81.4740219116211,98.26587677001953,496.3079833984375,86.58600616455078
2024-03-12,199.7899932861328,67.5405502319336,86.77528381347656,167.50863647460938,82.85413360595703,97.95046997070312,501.64697265625,85.8620376586914
2024-03-13,201.19000244140625,67.56671905517578,86.5829086303711,167.78623962402344,82.52518463134766,97.85132598876953,500.86065673828125,85.44575500488281
2024-03-14,200.35000610351562,67.24410247802734,85.94164276123047,166.46534729003906,82.58702850341797,97.13037109375,499.87054443359375,84.13359069824219
2024-03-15,199.7100067138672,67.20050811767578,85.79505157470703,166.39837646484375,81.6422119140625,97.15742492675781,496.43817138671875,84.10641479492188
2024-03-18,200.02999877929688,67.35746002197266,85.69427490234375,166.75250244140625,82.35205078125,96.9952163696289,499.38848876953125,83.8530502319336
2024-03-19,199.8000030517578,67.62774658203125,85.94164276123047,167.55648803710938,82.8887710571289,97.27456665039062,502.1636657714844,84.08832550048828
2024-03-20,202.17999267578125,67.85446166992188,86.1431655883789,169.03050231933594,83.81130981445312,97.45481872558594,506.808349609375,84.06116485595703
2024-03-21,201.97000122070312,67.819580078125,86.15229797363281,170.13601684570312,83.8841323852539,97.5989990234375,508.4831848144531,84.24214935302734
2024-03-22,200.35000610351562,67.74983215332031,86.5737533569336,169.18431091308594,83.95843505859375,97.93243408203125,507.5191955566406,85.04757690429688
2024-03-25,200.99000549316406,67.64519500732422,86.34473419189453,168.982421875,83.6340103149414,97.5989990234375,506.1170654296875,84.62225341796875
2024-03-26,201.63999938964844,67.56671905517578,86.47297668457031,168.85743713378906,83.34423065185547,97.57196044921875,505.1822814941406,84.85755157470703
2024-03-27,203.10000610351562,67.92423248291016,86.80278015136719,171.6356964111328,83.68849182128906,98.24784851074219,509.4277648925781,85.69913482666016
2024-03-28,205.72000122070312,67.77599334716797,86.72035217285156,172.1836700439453,83.4730224609375,98.15774536132812,509.33038330078125,85.62673950195312
2024-04-01,207.82000732421875,67.49993133544922,85.93565368652344,171.34730529785156,83.4234848022461,97.21788024902344,508.4441833496094,84.03057861328125
2024-04-02,210.88999938964844,67.38599395751953,85.75188446044922,170.2706298828125,82.69537353515625,97.07311248779297,505.21148681640625,83.5675277709961
2024-04-03,212.74000549316406,67.43856048583984,85.85298919677734,170.42445373535156,82.92074584960938,97.13644409179688,505.7664794921875,83.54936981201172
2024-04-04,211.52000427246094,67.38599395751953,86.1469955444336,168.751708984375,81.75674438476562,97.24498748779297,499.5930480957031,84.14862060546875
2024-04-05,215.13999938964844,67.32464599609375,85.57733917236328,169.9149169921875,82.8885498046875,96.8198471069336,504.81219482421875,82.97737121582031
2024-04-08,216.47999572753906,67.4823989868164,85.38438415527344,170.17446899414062,82.89846801757812,96.81078338623047,505.0945739746094,82.96827697753906
2024-04-09,217.6699981689453,67.62260437011719,85.724365234375,170.4436492919922,82.9851303100586,97.30833435058594,505.6788635253906,83.74004364013672
2024-04-10,215.61000061035156,67.02667236328125,84.58502197265625,168.011474609375,82.380859375,95.92427825927734,500.6153869628906,81.91505432128906
2024-04-11,219.8000030517578,66.96533203125,84.46558380126953,167.7711639404297,83.55475616455078,95.72525024414062,504.39349365234375,81.54279327392578
2024-04-12,216.88999938964844,66.93025970458984,84.81471252441406,165.1851806640625,82.37588500976562,95.94234466552734,497.4313659667969,81.97863006591797
2024-04-15,220.9499969482422,66.54466247558594,84.27262115478516,164.02194213867188,80.98654174804688,94.88397979736328,491.1994323730469,80.70748138427734
2024-04-16,221.22000122070312,66.3255615234375,83.94187927246094,163.1375274658203,80.98900604248047,94.5673599243164,490.3035888671875,80.17180633544922
2024-04-17,219.58999633789062,66.41319274902344,84.47476196289062,162.84915161132812,80.3005142211914,95.08299255371094,487.4018859863281,81.06157684326172
2024-04-18,220.33999633789062,66.46576690673828,84.18075561523438,163.0125732421875,79.86465454101562,94.89302062988281,486.39898681640625,80.65302276611328
2024-04-19,221.02999877929688,66.58847045898438,84.29100799560547,163.95468139648438,78.29695892333984,94.99254608154297,482.15350341796875,80.94355773925781
2024-04-22,215.57000732421875,66.95655822753906,84.30020904541016,165.32936096191406,79.07708740234375,95.22772216796875,486.5937194824219,80.80735778808594
2024-04-23,215.0399932861328,67.22824096679688,84.41044616699219,166.9444122314453,80.2485122680664,95.39056396484375,492.367919921875,80.8345947265625
2024-04-24,214.63999938964844,67.07926940917969,84.15319061279297,166.9059600830078,80.26338195800781,95.0196762084961,492.13427734375,80.26260375976562
2024-04-25,215.9199981689453,66.93902587890625,83.83161163330078,166.50218200683594,79.7581558227539,94.7392349243164,490.2646484375,79.69965362548828
2024-04-26,216.6199951171875,67.14937591552734,84.06128692626953,166.35800170898438,81.22923278808594,95.10107421875,494.90936279296875,80.11731719970703
2024-04-29,216.17999267578125,67.35094451904297,84.40127563476562,167.1270751953125,81.33821105957031,95.49909973144531,496.662109375,80.7892074584961
2024-04-30,211.8699951171875,66.86016082763672,84.0062026977539,164.86793518066406,79.95380401611328,94.97444152832031,488.7943420410156,80.09915161132812
2024-05-01,213.7899932861328,67.21258544921875,84.33885955810547,164.60836791992188,79.6640396118164,95.3695068359375,487.2071533203125,80.68958282470703
2024-05-02,213.1300048828125,67.62666320800781,84.73509979248047,165.44471740722656,80.64724731445312,95.95982360839844,491.7641906738281,81.03581237792969
2024-05-03,212.9600067138672,67.90853881835938,85.20510864257812,166.42527770996094,82.0985107421875,96.63188171386719,497.8597717285156,81.8558120727539
2024-05-06,215.1999969482422,67.98785400390625,85.27881622314453,167.72308349609375,83.17335510253906,96.90433502197266,503.0010986328125,82.17472076416016
2024-05-07,214.2100067138672,67.99665069580078,85.4999771118164,168.10760498046875,83.13125610351562,96.94976806640625,503.55615234375,82.67583465576172
2024-05-08,213.5800018310547,67.83806610107422,85.26039123535156,168.28065490722656,83.01236724853516,96.70452880859375,503.60479736328125,82.17472076416016
2024-05-09,216.9499969482422,67.8556900024414,85.5184326171875,169.79957580566406,83.26746368408203,96.85894012451172,506.5065002441406,82.57561492919922
2024-05-10,218.7100067138672,67.7499771118164,85.24195098876953,170.0494842529297,83.37890625,96.5501708984375,507.15899658203125,82.1109390258789
2024-05-13,216.25999450683594,67.73236083984375,85.34333801269531,169.8668212890625,83.42595672607422,96.58647155761719,507.22705078125,82.32048797607422
2024-05-14,218.08999633789062,67.83806610107422,85.59214782714844,170.55899047851562,83.84945678710938,96.86801147460938,509.5543212890625,82.78516387939453
2024-05-15,220.88999938964844,68.23454284667969,86.23721313476562,171.84718322753906,85.20166778564453,97.73082733154297,515.8641357421875,83.91497039794922
2024-05-16,220.02999877929688,68.07595825195312,86.07133483886719,171.6549072265625,84.93419647216797,97.5763931274414,514.802734375,83.83296966552734
2024-05-17,223.66000366210938,68.08477783203125,85.80409240722656,172.1259765625,84.91439056396484,97.34935760498047,515.5427856445312,83.26805114746094
2024-05-20,224.55999755859375,68.1199951171875,85.67507934570312,171.52992248535156,85.37503814697266,97.30394744873047,516.13671875,83.0220718383789
2024-05-21,224.22999572753906,68.06713104248047,85.89624786376953,171.77992248535156,85.56077575683594,97.46742248535156,517.402587890625,83.4503173828125
2024-05-22,220.11000061035156,67.91736602783203,85.78565216064453,171.24154663085938,85.2437744140625,97.32212829589844,515.9127197265625,83.55052185058594
2024-05-23,215.72000122070312,67.67948913574219,85.48157501220703,168.7709197998047,85.00849914550781,96.89525604248047,512.1444702148438,83.01295471191406
2024-05-24,215.9199981689453,67.91736602783203,85.59214782714844,169.7130584716797,85.69698333740234,97.15864562988281,515.5330200195312,83.25895690917969
2024-05-28,218.19000244140625,67.64423370361328,85.1129379272461,168.6459503173828,86.0759048461914,96.5774154663086,515.8932495117188,82.06537628173828
2024-05-29,216.16000366210938,67.44161224365234,84.69825744628906,166.74253845214844,85.67965698242188,96.05973815917969,512.28076171875,81.07225799560547
2024-05-30,216.57000732421875,67.71473693847656,85.12214660644531,167.63658142089844,84.5503158569336,96.65005493164062,508.8824768066406,81.8558120727539
2024-05-31,215.3000030517578,67.95262145996094,85.5184326171875,170.30906677246094,84.770751953125,97.076904296875,513.5173950195312,82.41161346435547
2024-06-03,217.22000122070312,68.16326904296875,86.07852935791016,169.20350646972656,85.2165298461914,97.7469711303711,513.9360961914062,83.74456787109375
2024-06-04,215.27000427246094,68.12788391113281,86.54991149902344,168.5305938720703,85.48646545410156,98.12986755371094,514.5105590820312,84.72282409667969
2024-06-05,217.82000732421875,68.34913635253906,86.86418151855469,169.29965209960938,86.9897689819336,98.45804595947266,520.6256713867188,85.34449768066406
2024-06-06,219.42999267578125,68.23407745361328,86.82717895507812,169.02088928222656,87.10862731933594,98.3942642211914,520.6159057617188,85.21650695800781
2024-06-07,211.60000610351562,68.05705261230469,85.91216278076172,168.68441772460938,86.99470520019531,97.50994873046875,519.9829711914062,83.65316009521484
2024-06-10,213.5399932861328,68.1190185546875,85.727294921875,169.1170196533203,87.33153533935547,97.30935668945312,521.589599609375,83.09546661376953
2024-06-11,214.14999389648438,68.2075424194336,86.18020629882812,167.99644470214844,88.13016510009766,97.72875213623047,522.8457641601562,83.95486450195312
2024-06-12,214.72000122070312,68.48192596435547,86.66083526611328,168.27638244628906,89.28558349609375,98.33045196533203,527.1400146484375,84.58568572998047
2024-06-13,212.97000122070312,68.47306060791016,87.2339096069336,167.7069091796875,89.72197723388672,98.79536437988281,528.2012939453125,85.82902526855469
2024-06-14,215.72999572753906,68.2075424194336,87.4372329711914,166.77069091796875,90.02943420410156,98.87740325927734,528.5226440429688,86.55128479003906
2024-06-17,214.61000061035156,68.25180053710938,87.03056335449219,167.64898681640625,90.91461181640625,98.41246795654297,532.7291870117188,85.6919174194336
2024-06-18,215.47000122070312,68.4642105102539,87.40951538085938,168.29568481445312,91.0782470703125,98.86830139160156,534.0825805664062,86.47816467285156
2024-06-20,218.16000366210938,68.41996002197266,87.18769836425781,168.7879180908203,90.45836639404297,98.54010772705078,532.6317749023438,85.9021987915039
2024-06-21,214.77999877929688,68.49959564208984,87.2061767578125,168.7686004638672,90.2575454711914,98.56745147705078,531.9177856445312,85.9021987915039
2024-06-24,215.6300048828125,68.42879486083984,87.28012084960938,170.16807556152344,89.3748550415039,98.66775512695312,530.188720703125,86.2496109008789
2024-06-25,214.55999755859375,68.51731872558594,87.35404968261719,168.92303466796875,90.37655639648438,98.63127136230469,532.230224609375,86.39588165283203
2024-06-26,212.5800018310547,68.3668441772461,86.82717895507812,168.21844482421875,90.85507202148438,98.0933837890625,532.8945922851562,85.16165924072266
2024-06-27,214.99000549316406,68.4465103149414,87.02131652832031,168.24742126464844,91.05345153808594,98.28485870361328,533.7346801757812,85.49991607666016
2024-06-28,215.00999450683594,68.27833557128906,86.5591812133789,168.39218139648438,90.37903594970703,97.65581512451172,531.6343994140625,83.90914916992188
2024-07-01,215.57000732421875,68.26499938964844,85.91484069824219,167.3208465576172,91.22702026367188,97.07577514648438,532.7284545898438,82.46096801757812
2024-07-02,215.55999755859375,68.45185852050781,86.23929595947266,167.97714233398438,91.98077392578125,97.69789123535156,536.3136596679688,83.10296630859375
2024-07-03,217.99000549316406,68.69209289550781,86.81410217285156,167.98680114746094,92.77667999267578,98.42060089111328,538.7069702148438,84.19436645507812
2024-07-05,220.92999267578125,68.89674377441406,87.2962417602539,167.7358856201172,93.72383117675781,98.93295288085938,541.8134155273438,84.89139556884766
2024-07-08,218.19000244140625,68.87895202636719,87.32404327392578,167.9289093017578,93.83293914794922,98.92378234863281,542.4386596679688,85.0748519897461
2024-07-09,218.55999755859375,68.7988510131836,87.20350646972656,167.89993286132812,93.95939636230469,98.74082946777344,542.9662475585938,84.69882202148438
2024-07-10,219.36000061035156,68.95903015136719,87.28695678710938,169.4924774169922,94.90406799316406,98.97869110107422,548.3388671875,84.96478271484375
2024-07-11,223.25,69.20818328857422,87.84320068359375,171.355224609375,92.8932113647461,99.50932312011719,543.6109008789062,85.79021453857422
2024-07-12,223.11000061035156,69.38612365722656,88.02862548828125,172.44586181640625,93.43373107910156,99.87523651123047,547.0396728515625,86.15707397460938
2024-07-15,223.8300018310547,69.3950424194336,87.7504653930664,173.06356811523438,93.71639251708984,99.32632446289062,548.5441284179688,85.16654968261719
2024-07-16,228.2899932861328,69.6619644165039,88.13988494873047,176.0362548828125,93.58993530273438,99.90267944335938,551.7969970703125,86.3680191040039
2024-07-17,227.22999572753906,69.58187866210938,88.21403503417969,176.42233276367188,90.93939208984375,99.94843292236328,544.0602416992188,86.38636779785156
2024-07-18,225.77999877929688,69.43952178955078,87.96372985839844,174.73330688476562,90.227783203125,99.5184555053711,539.8792114257812,85.72600555419922
2024-07-19,221.72999572753906,69.38612365722656,87.68560028076172,173.57508850097656,89.6798324584961,99.15251159667969,536.2940673828125,85.22158813476562
2024-07-22,221.8000030517578,69.6441650390625,87.6021728515625,174.4920196533203,91.0881576538086,99.09761810302734,541.8232421875,84.97396087646484
2024-07-23,222.5800018310547,69.653076171875,87.66705322265625,173.78744506835938,91.20470428466797,99.02442932128906,540.9732666015625,84.85472106933594
2024-07-24,221.8000030517578,69.43061828613281,87.47237396240234,172.5906524658203,87.74336242675781,98.42060089111328,528.7134399414062,83.93757629394531
2024-07-25,218.3300018310547,69.43952178955078,87.66705322265625,173.27590942382812,86.85074615478516,98.81401824951172,525.9586791992188,84.62542724609375
2024-07-26,220.6300048828125,69.6619644165039,88.0842514038086,175.67918395996094,87.57722473144531,99.3629150390625,531.8493041992188,85.28578186035156
2024-07-29,220.32000732421875,69.59967803955078,88.23260498046875,175.60195922851562,87.73097229003906,99.57333374023438,532.1619873046875,85.74437713623047
2024-07-30,222.52000427246094,69.63529205322266,88.41802978515625,176.6250457763672,86.51850891113281,99.65569305419922,529.4656982421875,86.07453155517578
2024-07-31,226.5500030517578,69.8843994140625,89.06696319580078,177.00143432617188,88.81201934814453,100.23204040527344,538.0718994140625,86.95498657226562
2024-08-01,225.77000427246094,69.73146057128906,89.44731903076172,175.13870239257812,87.20035552978516,100.56441497802734,530.4524536132812,87.70497131347656
2024-08-02,225.33999633789062,69.4989013671875,90.83285522460938,172.14666748046875,85.32340240478516,101.54681396484375,520.5763549804688,90.43797302246094
2024-08-05,222.47999572753906,69.06958770751953,90.92585754394531,168.00611877441406,82.32324981689453,101.28975677490234,505.4150695800781,90.91648864746094
2024-08-06,220.6999969482422,69.32896423339844,90.11685180664062,169.41525268554688,83.39933776855469,100.62870025634766,510.07476806640625,88.88284301757812
2024-08-07,220.5500030517578,69.46312713623047,89.79137420654297,168.71067810058594,82.47698974609375,100.16962432861328,506.6654968261719,88.25708770751953
2024-08-08,224.00999450683594,69.74935913085938,89.5217056274414,171.57723999023438,84.94155883789062,100.21551513671875,518.3782348632812,87.71417236328125
2024-08-09,224.55999755859375,69.74040985107422,89.88436126708984,171.75096130371094,85.70027923583984,100.72967529296875,520.6640625,88.57917022705078
2024-08-12,228.41000366210938,69.78514099121094,90.13543701171875,171.00778198242188,85.95318603515625,100.94084930419922,520.9376831054688,88.90123748779297
2024-08-13,228.05999755859375,70.10713195800781,90.53530883789062,172.65821838378906,87.921875,101.6478271484375,529.5048217773438,89.51776885986328
2024-08-14,226.1999969482422,70.23236846923828,90.65618896484375,173.31451416015625,88.19711303710938,102.09772491455078,531.1752319335938,90.0791015625
2024-08-15,226.91000366210938,70.29496002197266,90.08894348144531,175.47650146484375,90.05918884277344,101.7855453491211,540.2796630859375,89.35211181640625
2024-08-16,231.99000549316406,70.5185775756836,90.26563262939453,175.98800659179688,90.17571258544922,102.08854675292969,541.4910888671875,89.6650161743164
2024-08-19,231.61000061035156,70.63485717773438,90.3864974975586,177.32960510253906,91.30387115478516,102.3272476196289,546.66845703125,90.0791015625
2024-08-20,232.4600067138672,70.5722427368164,90.74918365478516,176.5767822265625,91.19477844238281,102.59352111816406,545.7794799804688,90.79684448242188
2024-08-21,232.14999389648438,70.73326110839844,90.9351577758789,177.5129852294922,91.57661437988281,102.82305145263672,547.6551513671875,90.8520736694336
2024-08-22,229.3699951171875,70.64380645751953,90.51669311523438,177.10763549804688,90.23522186279297,102.40071105957031,543.3568725585938,89.95027160644531
2024-08-23,232.02000427246094,71.01947784423828,90.9351577758789,179.3854217529297,91.27163696289062,102.9883041381836,549.1302490234375,90.53919982910156
2024-08-26,232.75999450683594,70.87635803222656,90.82356262207031,179.61703491210938,90.67411041259766,102.85977172851562,547.8211669921875,90.30915069580078
2024-08-27,233.38999938964844,70.92110443115234,90.78636932373047,179.64599609375,90.8650131225586,102.77713775634766,548.5734252929688,90.15271759033203
2024-08-28,231.75,70.88531494140625,90.7398910522461,179.3178253173828,89.98479461669922,102.56597900390625,545.3887939453125,90.04228973388672
2024-08-29,232.9499969482422,70.95684051513672,90.5818099975586,180.24440002441406,89.69718933105469,102.39151763916016,545.4376220703125,89.7478256225586
2024-08-30,231.2899932861328,70.96581268310547,90.26563262939453,181.7597198486328,90.61457824707031,102.10690307617188,550.6444091796875,88.79080963134766
2024-09-03,230.2899932861328,70.71416473388672,90.86067962646484,179.48191833496094,87.968994140625,102.41560363769531,539.3126220703125,90.24300384521484
2024-09-04,230.42999267578125,70.97480010986328,91.39229583740234,179.4143524169922,87.71855926513672,103.05145263671875,538.2088012695312,91.40625
2024-09-05,232.35000610351562,71.21746826171875,91.60681915283203,178.00521850585938,87.810302734375,103.55825805664062,536.8997192382812,91.92323303222656
2024-09-06,230.6300048828125,71.1275863647461,91.73741149902344,176.23898315429688,85.81929779052734,103.51219940185547,527.8637084960938,91.91400146484375
2024-09-09,231.60000610351562,71.29832458496094,91.86796569824219,178.00521850585938,86.87554931640625,103.74256896972656,533.773681640625,92.31097412109375
2024-09-10,232.6199951171875,71.16352844238281,92.25967407226562,177.6577606201172,87.69625854492188,104.02822875976562,536.0987548828125,92.95721435546875
2024-09-11,232.25,71.27140045166016,92.19437408447266,177.4357452392578,89.54842376708984,104.0743179321289,541.5985107421875,92.88334655761719
2024-09-12,236.3300018310547,71.3702621459961,92.04515838623047,178.23684692382812,90.54267883300781,104.00057983398438,546.1605224609375,92.44947052001953
2024-09-13,238.67999267578125,71.5679702758789,92.22237396240234,179.69424438476562,90.9666748046875,104.32312774658203,549.0130004882812,92.6987075805664
2024-09-16,238.66000366210938,71.74774932861328,92.4648666381836,181.08407592773438,90.65673828125,104.78385162353516,549.8238525390625,93.54805755615234
2024-09-17,237.33999633789062,71.76568603515625,92.29698181152344,181.10340881347656,90.75343322753906,104.79309844970703,550.0484619140625,93.095703125
2024-09-18,235.50999450683594,71.82860565185547,91.89595031738281,180.77525329589844,90.44102478027344,104.3599853515625,548.4171142578125,91.94170379638672
2024-09-19,239.1699981689453,72.04432678222656,91.82131958007812,182.60906982421875,92.57089233398438,104.45211791992188,557.7754516601562,91.63703918457031
2024-09-20,242.2100067138672,72.13420104980469,91.79335021972656,182.06857299804688,92.49154663085938,104.54426574707031,556.8113403320312,91.28622436523438
2024-09-23,242.67999267578125,71.9993896484375,91.73741149902344,182.89859008789062,92.59320831298828,104.39682006835938,558.2027587890625,91.09233856201172
2024-09-24,246.07000732421875,72.00837707519531,91.8399887084961,182.98545837402344,92.96263122558594,104.5718994140625,559.7998657226562,91.07389831542969
2024-09-25,245.72999572753906,71.92748260498047,91.46692657470703,181.7559814453125,93.09872436523438,103.95450592041016,558.5652465820312,90.31684875488281
2024-09-26,246.97999572753906,72.04432678222656,91.40160369873047,183.01748657226562,93.27005767822266,103.95450592041016,560.77978515625,90.52920532226562
2024-09-27,245.02000427246094,72.22408294677734,91.76536560058594,183.68707275390625,92.77838897705078,104.36919403076172,559.966552734375,91.00003051757812
2024-09-30,243.05999755859375,72.17015075683594,91.51353454589844,184.18194580078125,93.21293640136719,104.11115264892578,562.21044921875,90.56611633300781
2024-10-01,245.61000061035156,72.13400268554688,91.84651947021484,183.46385192871094,91.93659973144531,104.61151885986328,557.1738891601562,91.22000122070312
2024-10-02,245.66000366210938,72.14305877685547,91.58463287353516,183.44444274902344,92.0061264038086,104.38027954101562,557.4090576171875,90.45127868652344
2024-10-03,245.49000549316406,71.971435546875,91.11693572998047,182.6681365966797,92.05329132080078,103.70513916015625,556.3900756835938,89.59918975830078
2024-10-04,245.0,71.89016723632812,90.23766326904297,184.0072784423828,93.0564956665039,103.14097595214844,561.4461059570312,88.49703216552734
2024-10-07,244.1699981689453,71.58309173583984,89.91028594970703,182.76516723632812,92.04833984375,102.61380004882812,556.370361328125,87.8302001953125
2024-10-08,242.3699951171875,71.75469207763672,89.98509979248047,182.95924377441406,93.54071807861328,102.8172836303711,561.63232421875,87.97836303710938
2024-10-09,241.0500030517578,71.70953369140625,89.64836883544922,184.2595977783203,94.19379425048828,102.61380004882812,565.5224609375,87.47821807861328
2024-10-10,242.82000732421875,71.67341613769531,89.63899230957031,183.65792846679688,94.17640686035156,102.5028305053711,564.5327758789062,87.13553619384766
2024-10-11,245.47000122070312,71.86308288574219,89.66705322265625,185.73458862304688,94.36265563964844,102.48432159423828,567.913330078125,86.78358459472656
2024-10-14,245.07000732421875,71.89920043945312,89.50804138183594,186.96701049804688,95.24665069580078,102.49356842041016,572.5579223632812,86.8484115600586
2024-10-15,245.9199981689453,71.88115692138672,89.9664077758789,186.21011352539062,94.33781433105469,102.99299621582031,568.1092529296875,87.90428924560547
2024-10-16,247.14999389648438,72.00758361816406,90.10669708251953,187.67538452148438,94.42223358154297,103.31671142578125,570.5784912109375,88.27474212646484
2024-10-17,248.6300048828125,71.89920043945312,89.63899230957031,187.46189880371094,94.54640197753906,102.54905700683594,570.6275634765625,86.87619018554688
2024-10-18,251.27000427246094,72.07080841064453,89.74190521240234,187.9180145263672,95.06041717529297,102.42884826660156,572.8224487304688,86.94104766845703
2024-10-21,251.22000122070312,71.78179168701172,89.04972076416016,186.22952270507812,95.39811706542969,101.38373565673828,571.8817749023438,85.42210388183594
2024-10-22,253.92999267578125,71.68243408203125,88.96551513671875,185.656982421875,95.48255157470703,101.37447357177734,571.5780639648438,85.50543975830078
2024-10-23,250.8699951171875,71.46568298339844,88.75971984863281,185.3076171875,94.02742767333984,101.03228759765625,566.3552856445312,85.2739028930664
2024-10-24,252.8000030517578,71.67341613769531,88.95618438720703,184.90003967285156,94.66808319091797,101.33747863769531,567.5801391601562,85.82035827636719
2024-10-25,253.32000732421875,71.60115814208984,88.75971984863281,183.66766357421875,95.0479965209961,101.09703826904297,567.3842163085938,85.33872985839844
2024-10-28,253.3300018310547,71.78179168701172,88.55393981933594,184.76419067382812,95.26651000976562,101.0137939453125,569.1381225585938,85.107177734375
2024-10-29,256.0899963378906,71.79985809326172,88.59134674072266,183.7452850341797,96.0611343383789,101.13402557373047,570.0592041015625,85.2368392944336
2024-10-30,257.5,71.67341613769531,88.46039581298828,183.53179931640625,95.63154602050781,101.0045394897461,568.3345947265625,85.4869384765625
2024-10-31,253.50999450683594,71.47472381591797,88.41363525390625,182.1247100830078,92.86032104492188,100.80107879638672,557.1934814453125,85.62582397460938
2024-11-01,252.47000122070312,71.47926330566406,87.89006805419922,182.19265747070312,93.56804656982422,100.24884033203125,559.545166015625,84.4186782836914
2024-11-04,252.8300018310547,71.678955078125,88.35921478271484,181.99855041503906,93.26012420654297,100.99134063720703,558.3399047851562,85.72900390625
2024-11-05,253.39999389648438,71.8786392211914,88.40614318847656,183.94906616210938,94.55880737304688,101.47396087646484,565.09130859375,86.18436431884766
2024-11-06,245.6999969482422,72.00569152832031,87.49598693847656,189.0436553955078,96.99977111816406,100.4158935546875,579.1425170898438,83.82391357421875
2024-11-07,249.64999389648438,72.31433868408203,88.19969177246094,188.58758544921875,98.66099548339844,101.60391235351562,583.62060546875,84.87403106689453
2024-11-08,247.9600067138672,72.43231964111328,88.3873519897461,189.56768798828125,98.98629760742188,101.95662689208984,586.148681640625,85.9520492553711
2024-11-11,242.13999938964844,72.35063934326172,88.1434097290039,190.62542724609375,98.94905090332031,101.76170349121094,586.7071533203125,85.53385925292969
2024-11-12,240.0500030517578,72.06017303466797,87.58983612060547,189.21835327148438,99.02603149414062,100.84284973144531,584.8846435546875,84.25141143798828
2024-11-13,237.6300048828125,72.07833862304688,87.53351593017578,189.36387634277344,98.92172241210938,100.46227264404297,585.1688232421875,83.45221710205078
2024-11-14,237.00999450683594,71.92402648925781,87.52412414550781,188.08297729492188,98.28356170654297,100.43444061279297,581.4061279296875,83.9354476928711
2024-11-15,236.58999633789062,71.9149398803711,87.5616683959961,187.33575439453125,96.23493957519531,100.48087310791016,573.9591064453125,83.71240234375
2024-11-18,241.08999633789062,72.05110168457031,87.7586898803711,188.18971252441406,96.60990142822266,100.66648864746094,576.3108520507812,83.86107635498047
2024-11-19,243.25,72.16001892089844,87.94636535644531,187.53953552246094,97.68759155273438,100.87996673583984,578.4175415039062,84.28857421875
2024-11-20,244.6199951171875,72.14186096191406,87.81500244140625,188.17999267578125,97.5286865234375,100.63866424560547,578.6134033203125,84.01907348632812
2024-11-21,246.66000366210938,72.16910552978516,87.76810455322266,190.30519104003906,97.7670669555664,100.5179672241211,581.7196655273438,83.95399475097656
2024-11-22,249.83999633789062,72.15093994140625,87.82437896728516,191.8578338623047,97.86638641357422,100.61079406738281,583.5225830078125,84.00048065185547
2024-11-25,242.47999572753906,72.4232406616211,88.77206420898438,193.2746124267578,97.91356658935547,101.86380004882812,585.501953125,86.17508697509766
2024-11-26,242.9499969482422,72.28707885742188,88.58438873291016,193.22607421875,98.82240295410156,101.60391235351562,588.5592651367188,85.84053039550781
2024-11-27,243.49000549316406,72.50494384765625,88.94096374511719,193.42018127441406,98.1693344116211,101.97518920898438,586.7758178710938,86.43528747558594
2024-11-29,245.58999633789062,72.65016174316406,89.31627655029297,193.87625122070312,98.9242172241211,102.60630798339844,590.4208984375,87.32743072509766
2024-12-02,243.44000244140625,72.62371063232422,89.30874633789062,192.73117065429688,99.78338623046875,102.76742553710938,591.4791259765625,87.5372314453125
2024-12-03,243.92999267578125,72.62371063232422,89.05463409423828,191.75108337402344,100.36941528320312,102.4041976928711,591.7535400390625,86.7818832397461
2024-12-04,244.6699981689453,72.79695129394531,89.39346313476562,191.5278778076172,101.79475402832031,102.89784240722656,595.4279174804688,87.71442413330078
2024-12-05,242.86000061035156,72.73312377929688,89.38404846191406,190.7709503173828,101.732666015625,102.8698959350586,594.4481811523438,87.89160919189453
2024-12-06,242.9499969482422,72.8516616821289,89.66638946533203,190.12081909179688,102.49996948242188,103.10273742675781,595.5750122070312,88.02216339111328
2024-12-09,245.36000061035156,72.76049041748047,89.35580444335938,188.93692016601562,101.83198547363281,102.8419418334961,592.5079956054688,87.21086120605469
2024-12-10,248.58999633789062,72.79695129394531,89.19579315185547,188.06356811523438,101.5563735961914,102.68359375,590.6658935546875,86.80054473876953
2024-12-11,250.9600067138672,72.815185546875,88.9322738647461,187.67538452148438,103.25981903076172,102.4041976928711,595.2321166992188,85.9798812866211
2024-12-12,247.27999877929688,72.61458587646484,88.59345245361328,186.86996459960938,102.62164306640625,101.8267593383789,592.1650390625,84.93546295166016
2024-12-13,244.2899932861328,72.40489196777344,88.1793441772461,186.345947265625,102.81285095214844,101.25862884521484,592.0475463867188,84.0682144165039
2024-12-16,244.8800048828125,72.54165649414062,88.20756530761719,185.42405700683594,104.02959442138672,101.38903045654297,594.5755615234375,84.31997680664062
2024-12-17,243.94000244140625,72.38665771484375,88.20756530761719,184.12680053710938,103.67314147949219,101.39832305908203,592.1257934570312,84.52515411376953
2024-12-18,239.25999450683594,71.64334869384766,87.52579498291016,179.25955200195312,100.15837097167969,100.14117431640625,574.4783935546875,83.46822357177734
2024-12-19,239.60000610351562,71.57005310058594,87.12918090820312,178.72305297851562,100.16832733154297,99.59906768798828,574.3020629882812,82.20440673828125
2024-12-20,242.10000610351562,72.01912689208984,87.45026397705078,180.97622680664062,101.2496109008789,99.99165344238281,581.199951171875,82.6724853515625
2024-12-23,240.9600067138672,71.82666778564453,87.06307983398438,181.25909423828125,102.2737045288086,99.70188903808594,584.6802978515625,81.91419219970703
2024-12-24,241.44000244140625,72.05579376220703,87.11030578613281,182.75148010253906,103.58863067626953,100.01033020019531,591.1791381835938,82.26057434082031
2024-12-26,243.07000732421875,72.23908233642578,87.17640686035156,183.06358337402344,103.43452453613281,100.1037826538086,591.218505859375,82.2137680053711
2024-12-27,241.39999389648438,71.99164581298828,86.94979095458984,181.92237854003906,101.9356460571289,99.68318176269531,584.9949951171875,81.53972625732422
2024-12-30,240.6300048828125,72.09244537353516,87.4596939086914,180.10812377929688,100.72016143798828,100.11315155029297,578.3192749023438,82.1950454711914
2024-12-31,242.1300048828125,72.08329772949219,87.29915618896484,180.57630920410156,99.82032775878906,99.86079406738281,576.2152709960938,81.75504302978516
2025-01-02,245.4199981689453,72.25743103027344,87.34638214111328,180.2154083251953,99.59413146972656,99.87012481689453,574.7994384765625,81.97970581054688
2025-01-03,243.49000549316406,72.3674087524414,87.2047348022461,181.92237854003906,101.21977996826172,99.6364517211914,581.9864501953125,81.71760559082031
2025-01-06,243.19000244140625,72.49571228027344,87.1197509765625,181.717529296875,102.40048217773438,99.38407897949219,585.3390502929688,81.35250854492188
2025-01-07,244.55999755859375,72.25743103027344,86.72315216064453,181.4444122314453,100.36965942382812,98.92609405517578,578.7223510742188,80.43505859375
2025-01-08,245.86000061035156,72.34906768798828,86.87422943115234,181.64927673339844,100.51632690429688,99.08499908447266,579.56787109375,80.53803253173828
2025-01-10,248.2100067138672,71.97331237792969,86.24156951904297,179.0546875,98.96774291992188,98.51485443115234,570.7194213867188,80.0044174194336
2025-01-13,245.74000549316406,71.95498657226562,86.09046173095703,180.66412353515625,98.59986114501953,98.23444366455078,571.6043090820312,79.97633361816406
2025-01-14,247.02999877929688,72.046630859375,86.11880493164062,182.22474670410156,98.25930786132812,98.34661102294922,572.3906860351562,79.84527587890625
2025-01-15,248.8800048828125,72.67902374267578,87.02532196044922,184.31211853027344,100.64558410644531,99.5242919921875,582.8026123046875,81.22145080566406
2025-01-16,250.60000610351562,72.76151275634766,87.2330551147461,185.45333862304688,99.9371566772461,99.7205810546875,581.681640625,81.4835433959961
2025-01-17,249.27000427246094,72.8256607055664,87.29915618896484,186.7701416015625,101.16261291503906,99.8046875,587.5216674804688,81.62397766113281
2025-01-21,253.1300048828125,73.01811981201172,87.59190368652344,189.0135498046875,101.85363006591797,100.38420104980469,592.8995971679688,82.35420227050781
2025-01-22,254.42999267578125,72.91732025146484,87.36526489257812,187.91136169433594,103.30775451660156,100.0664291381836,596.2326049804688,81.92357635498047
2025-01-23,254.07000732421875,73.00897216796875,87.13863372802734,189.1793670654297,103.71788787841797,99.92620849609375,599.4868774414062,81.2869644165039
2025-01-24,255.64999389648438,73.09143829345703,87.31805419921875,189.02328491210938,103.27792358398438,100.12249755859375,597.73681640625,81.6520767211914
2025-01-27,252.99000549316406,73.14643096923828,87.88461303710938,189.66708374023438,100.3348617553711,100.81414031982422,589.2815551757812,82.61630249023438
2025-01-28,255.17999267578125,73.11893463134766,87.89405822753906,188.48683166503906,102.53470611572266,100.67395782470703,594.344970703125,82.56014251708984
2025-01-29,254.1999969482422,73.0731201171875,87.79019165039062,188.18446350097656,101.80391693115234,100.54309844970703,591.680419921875,82.39164733886719
2025-01-30,258.04998779296875,73.21058654785156,87.97903442382812,190.0767364501953,102.09474182128906,100.76741790771484,594.8561401367188,82.7005615234375
2025-01-31,258.55999755859375,73.06396484375,87.83740234375,188.77947998046875,101.74176788330078,100.44026947021484,591.6904296875,82.15760040283203
2025-02-03,259.94000244140625,72.97189331054688,87.89993286132812,188.06739807128906,100.68038940429688,100.59881591796875,587.70849609375,82.82652282714844
2025-02-04,262.5,73.20206451416016,88.11779022216797,188.36978149414062,101.99032592773438,100.79581451416016,591.651123046875,83.08018493652344
2025-02-05,264.1300048828125,73.3954086303711,88.62934112548828,189.6378173828125,102.0375747680664,101.49937438964844,594.0498657226562,84.45187377929688
2025-02-06,263.42999267578125,73.28490447998047,88.52513885498047,189.62808227539062,102.62915802001953,101.31175231933594,596.1146850585938,84.41429138183594
2025-02-07,263.8999938964844,73.05475616455078,88.23148345947266,188.49658203125,101.44347381591797,100.870849609375,590.6580200195312,83.86937713623047
2025-02-10,268.3699951171875,73.20206451416016,88.21253204345703,188.92578125,102.47504425048828,100.89899444580078,594.6693725585938,83.61571502685547
2025-02-11,267.3900146484375,73.1744384765625,87.98519134521484,189.33543395996094,102.17427825927734,100.6738510131836,595.1216430664062,83.08018493652344
2025-02-12,267.6700134277344,73.01791381835938,87.37891387939453,188.3990478515625,102.0673828125,100.12977600097656,593.2044067382812,81.95279693603516
2025-02-13,270.30999755859375,73.349365234375,88.03253936767578,189.8719024658203,103.34503936767578,100.90838623046875,599.4672241210938,83.31505584716797
2025-02-14,266.2900085449219,73.43222045898438,88.40199279785156,189.69631958007812,103.49665832519531,101.3023681640625,599.4376831054688,83.75664520263672
2025-02-18,270.70001220703125,73.36776733398438,87.92833709716797,190.8083038330078,103.4867172241211,100.8896255493164,601.1975708007812,82.77015686035156
2025-02-19,270.8500061035156,73.42301177978516,88.07044219970703,191.3837890625,103.52400970458984,100.94589233398438,602.6133422851562,82.87348175048828
2025-02-20,270.989990234375,73.46906280517578,88.25042724609375,190.49615478515625,102.9771499633789,101.18981170654297,600.1063232421875,83.18353271484375
2025-02-21,270.739990234375,73.33094787597656,88.77143096923828,187.90159606933594,100.6406021118164,101.5462646484375,589.842041015625,84.18880462646484
2025-02-24,272.2099914550781,73.42301177978516,88.96089935302734,188.1259307861328,99.61151885986328,101.80892944335938,587.1580200195312,84.43306732177734
2025-02-25,268.6199951171875,73.60713958740234,89.66190338134766,188.3600311279297,98.61228942871094,102.5875473022461,584.2379150390625,85.88929748535156
2025-02-26,269.0299987792969,73.70840454101562,89.90819549560547,187.67727661132812,98.97270965576172,102.80327606201172,584.5328979492188,86.39665222167969
2025-02-27,264.92999267578125,73.57030487060547,89.80398559570312,187.07247924804688,96.3453369140625,102.37177276611328,575.2025756835938,85.78594970703125
2025-02-28,263.2699890136719,73.7728500366211,90.29658508300781,189.5890350341797,98.08531188964844,102.82203674316406,584.178955078125,86.83820343017578
2025-03-03,266.739990234375,73.61932373046875,90.62435913085938,187.7260284423828,95.66425323486328,103.14690399169922,573.9441528320312,87.24345397949219
2025-03-04,269.05999755859375,73.61007690429688,90.33934783935547,184.0682830810547,95.04780578613281,102.80793762207031,567.150390625,86.16905212402344
2025-03-05,269.6199951171875,73.64706420898438,89.83582305908203,185.6484375,96.4547119140625,102.47834777832031,573.2461547851562,85.48104858398438
2025-03-06,268.25,73.36956024169922,89.788330078125,183.81463623046875,93.7701644897461,102.1581802368164,563.0702514648438,85.19831085205078
2025-03-07,268.3900146484375,73.48981475830078,89.67433166503906,185.004638671875,94.17036437988281,101.99810791015625,566.2262573242188,84.92501831054688
2025-03-10,266.0400085449219,73.21234130859375,90.30133819580078,182.2930145263672,90.44927978515625,102.3465347290039,551.1445922851562,85.81092071533203
2025-03-11,269.1600036621094,72.95333862304688,89.97832489013672,180.1276397705078,90.22557067871094,101.67797088623047,546.5628662109375,85.19831085205078
2025-03-12,270.3299865722656,73.03659057617188,89.71233367919922,179.44483947753906,91.45349884033203,101.37664794921875,549.4631958007812,84.68939971923828
2025-03-13,275.1300048828125,72.62959289550781,90.07333374023438,178.32315063476562,89.50222778320312,101.69679260253906,542.1386108398438,85.43392181396484
2025-03-14,275.239990234375,72.96258544921875,89.75982666015625,181.55172729492188,91.77166748046875,101.64971160888672,553.3369750976562,84.9815444946289
2025-03-17,276.7300109863281,73.13831329345703,89.83582305908203,183.96096801757812,92.05752563476562,101.85688018798828,557.6039428710938,85.40567016601562
2025-03-18,279.9599914550781,73.00884246826172,89.94032287597656,183.30662536621094,90.44158172607422,102.10169982910156,551.5771484375,85.49048614501953
2025-03-19,281.1099853515625,73.48981475830078,90.21583557128906,184.61923217773438,91.83008575439453,102.704345703125,557.5842895507812,85.93342590332031
2025-03-20,280.75,73.38807678222656,90.34886169433594,184.1490478515625,91.6210708618164,102.55368041992188,555.9718017578125,85.98998260498047
2025-03-21,278.489990234375,73.27706909179688,90.2728500366211,183.32620239257812,92.04408264160156,102.41244506835938,556.1552124023438,85.48104858398438
2025-03-24,277.25,73.48981475830078,89.75031280517578,185.8730926513672,94.04721069335938,101.96986389160156,566.1151123046875,84.60457611083984
2025-03-25,278.4700012207031,73.45281219482422,89.90233612060547,185.471435546875,94.62201690673828,102.07344055175781,567.4760131835938,84.59514617919922
2025-03-26,278.239990234375,73.1568374633789,89.69329833984375,185.42250061035156,92.57659149169922,101.65911865234375,560.7012939453125,84.03909301757812
2025-03-27,281.9700012207031,73.01808166503906,89.61732482910156,184.97189331054688,92.08638000488281,101.53671264648438,559.2122802734375,83.79405975341797
2025-03-28,284.05999755859375,72.88858795166016,90.33934783935547,182.4641876220703,89.7149887084961,102.1487808227539,547.9507446289062,84.95326232910156
2025-03-31,288.1400146484375,72.97183990478516,90.6053695678711,184.31556701660156,89.85185241699219,102.3465347290039,551.62890625,85.79204559326172
2025-04-01,287.57000732421875,73.14099884033203,90.92369842529297,184.06088256835938,90.54609680175781,102.71232604980469,553.18701171875,86.5354995727539
2025-04-02,288.1600036621094,73.28970336914062,90.83790588378906,185.26576232910156,91.2876205444336,102.94866180419922,556.687744140625,86.47875213623047
2025-04-03,286.4200134277344,72.37882995605469,91.77192687988281,177.6936798095703,86.20890045166016,102.93921661376953,529.2537841796875,86.8759994506836
2025-04-04,279.7200012207031,71.34709167480469,92.02925872802734,166.90863037109375,81.03811645507812,102.82575225830078,498.2696838378906,87.82183837890625
2025-04-07,273.7099914550781,70.73362731933594,90.9332275390625,165.71356201171875,81.12769317626953,100.82181549072266,497.3821716308594,85.17347717285156
2025-04-08,275.20001220703125,70.40831756591797,90.47573852539062,163.41159057617188,79.73171997070312,99.54570007324219,489.591796875,83.5655517578125
2025-04-09,285.3800048828125,72.29517364501953,90.18981170654297,175.07823181152344,88.99835205078125,101.20935821533203,541.0084228515625,84.05738830566406
2025-04-10,292.3500061035156,71.11473083496094,89.62750244140625,169.90611267089844,85.56442260742188,99.48897552490234,517.3019409179688,81.74005889892578
2025-04-11,297.92999267578125,71.32849884033203,89.12237548828125,172.5215606689453,87.09723663330078,99.47008514404297,526.5321044921875,82.18460845947266
2025-04-14,296.2300109863281,71.68172454833984,89.83719635009766,174.6276397705078,87.6421890258789,100.08450317382812,531.64013671875,82.77104949951172
2025-04-15,297.7799987792969,71.87689208984375,90.10403442382812,174.1378631591797,87.6421890258789,100.62329864501953,530.151123046875,83.06423950195312
2025-04-16,307.4700012207031,71.86760711669922,90.49481201171875,172.20811462402344,85.01698303222656,101.0486831665039,518.366943359375,83.52771759033203
2025-04-17,306.1199951171875,72.28587341308594,90.23746490478516,172.71746826171875,85.00702667236328,100.90689086914062,519.1065063476562,82.78994750976562
2025-04-21,315.5899963378906,71.85832214355469,89.75140380859375,169.3673553466797,82.74761199951172,99.81982421875,506.7503356933594,81.34280395507812
2025-04-22,311.1099853515625,72.13715362548828,89.81810760498047,173.40316772460938,84.9273910522461,100.06560516357422,519.9349365234375,81.79681396484375
2025-04-23,303.6499938964844,72.4996566772461,89.91341400146484,174.8431396484375,86.97034454345703,100.50987243652344,527.9915161132812,82.59131622314453
2025-04-24,308.07000732421875,73.15027618408203,90.39949035644531,177.11575317382812,89.42384338378906,101.54022216796875,539.1051635742188,83.46150207519531
2025-04-25,304.7300109863281,73.21536254882812,90.74262237548828,176.74349975585938,90.77005004882812,102.07899475097656,543.0003662109375,84.07630157470703
2025-04-28,309.07000732421875,73.25253295898438,91.10477447509766,177.35086059570312,90.69540405273438,102.31532287597656,543.2073974609375,84.6059799194336
2025-04-29,306.05999755859375,73.4477310180664,91.41929626464844,178.35000610351562,91.25279998779297,102.55162811279297,546.6292724609375,85.31536102294922
2025-04-30,303.7699890136719,73.05731964111328,91.5622329711914,178.54591369628906,91.27020263671875,102.06957244873047,546.8462524414062,84.62489318847656
2025-05-01,297.4599914550781,73.15169525146484,91.16352081298828,178.38917541503906,92.47208404541016,101.71080780029297,550.7216796875,84.19580841064453
2025-05-02,297.9800109863281,73.37591552734375,90.55155181884766,181.12216186523438,93.79339599609375,101.46406555175781,558.8966674804688,83.28445434570312
2025-05-05,306.8800048828125,73.34790802001953,90.38900756835938,180.3581085205078,93.24346923828125,101.32170867919922,555.6917724609375,82.81926727294922
2025-05-06,315.4800109863281,73.29183959960938,90.61848449707031,179.18263244628906,92.37503051757812,101.52100372314453,551.0471801757812,83.09458923339844
2025-05-07,310.75,73.35721588134766,90.85753631591797,180.1328125,92.68856048583984,101.72980499267578,553.3645629882812,83.44583892822266
2025-05-08,304.6300048828125,73.33855438232422,90.14995574951172,181.3082733154297,93.42760467529297,101.21730041503906,557.2203369140625,82.51548767089844
2025-05-09,306.8399963378906,73.38526153564453,90.21688842773438,181.2691192626953,93.25093078613281,101.17933654785156,556.5103149414062,82.638916015625
2025-05-12,298.19000244140625,74.11398315429688,89.64317321777344,185.08941650390625,97.22980499267578,101.16034698486328,574.9015502929688,81.86994171142578
2025-05-13,299.4599914550781,74.24475860595703,89.57624816894531,184.76617431640625,98.70539855957031,101.2457504272461,578.6981201171875,81.53767395019531
2025-05-14,293.1600036621094,73.97383117675781,89.24156188964844,183.53192138671875,99.439453125,100.73326873779297,579.437744140625,80.99656677246094
2025-05-15,297.8399963378906,74.11398315429688,89.82483673095703,185.39308166503906,99.34241485595703,101.4545669555664,582.267822265625,81.70857238769531
2025-05-16,294.239990234375,74.19806671142578,89.8535385131836,187.1857147216797,99.86994934082031,101.64436340332031,585.9559936523438,81.9269027709961
2025-05-19,298.0299987792969,74.16069030761719,89.80573272705078,187.3914337158203,99.95206451416016,101.65386199951172,586.5969848632812,81.68959045410156
2025-05-20,303.5799865722656,74.12332916259766,89.69096374511719,187.0779571533203,99.40213775634766,101.4071044921875,584.6246948242188,81.10098266601562
2025-05-21,305.82000732421875,73.62818145751953,89.06945037841797,183.36537170410156,97.92654418945312,100.27772521972656,574.7733154296875,79.7149658203125
2025-05-22,303.1099853515625,73.77764892578125,89.40412902832031,182.84622192382812,98.16293334960938,100.79022979736328,575.0001220703125,80.13268280029297
2025-05-23,309.75,73.75895690917969,89.66230010986328,182.4641876220703,97.1949691772461,100.86613464355469,571.075439453125,80.26557922363281
2025-05-27,304.5,74.20741271972656,90.03520965576172,185.4518585205078,99.55640411376953,101.7772445678711,582.9483032226562,81.38578796386719
2025-05-28,303.80999755859375,74.16069030761719,89.78660583496094,183.96292114257812,99.1209487915039,101.53047943115234,579.5757446289062,81.03453826904297
2025-05-29,305.6099853515625,74.2728042602539,90.1595230102539,184.64862060546875,99.47679138183594,101.98604583740234,581.8635864257812,81.7845230102539
2025-05-30,303.6000061035156,74.33819580078125,90.42723846435547,184.76617431640625,99.39217376708984,102.2802505493164,581.2127685546875,81.90791320800781
2025-06-02,311.6700134277344,74.3250503540039,90.12027740478516,185.0502471923828,100.01924896240234,101.99066162109375,584.4867553710938,81.14563751220703
2025-06-03,308.9100036621094,74.46587371826172,90.03392791748047,186.1277618408203,100.72843170166016,102.03829193115234,587.81982421875,81.00269317626953
2025-06-04,310.8999938964844,74.6066665649414,90.69586944580078,185.4029083251953,101.03946685791016,102.78131103515625,587.6619262695312,82.31764221191406
2025-06-05,309.3299865722656,74.44708251953125,90.42724609375,185.0502471923828,100.41987609863281,102.46694946289062,584.8219604492188,82.37481689453125
2025-06-06,305.17999267578125,74.43770599365234,89.70775604248047,186.86245727539062,101.41769409179688,101.84778594970703,590.8274536132812,81.32666778564453
2025-06-09,306.6199951171875,74.4752426147461,89.87084197998047,186.9310302734375,101.49732971191406,102.15260314941406,591.3599243164062,81.41243743896484
2025-06-10,306.7099914550781,74.65359497070312,90.02432250976562,187.6363067626953,102.14678955078125,102.40026092529297,594.7128295898438,81.8316879272461
2025-06-11,308.3699951171875,74.63484191894531,90.39847564697266,187.3914337158203,101.81583404541016,102.7241439819336,593.0166625976562,82.07942962646484
2025-06-12,312.20001220703125,74.71929168701172,90.79179382324219,187.8224334716797,102.2139663696289,103.29566955566406,595.3734741210938,83.0608901977539
2025-06-13,316.2900085449219,74.4940185546875,90.45603942871094,185.95147705078125,100.92003631591797,102.67650604248047,588.7171020507812,82.26048278808594
2025-06-16,311.7799987792969,74.64421081542969,90.197021484375,187.27676391601562,102.16392517089844,102.49551391601562,594.318359375,81.43148803710938
2025-06-17,311.94000244140625,74.55975341796875,90.6383056640625,185.73204040527344,101.25977325439453,102.84797668457031,589.2398681640625,82.4224624633789
2025-06-18,310.260009765625,74.6723861694336,90.69586944580078,186.08624267578125,101.12277221679688,102.92418670654297,589.1510620117188,82.56538391113281
2025-06-20,310.1300048828125,74.90703582763672,90.75343322753906,186.37158203125,100.4203872680664,103.0099105834961,587.7673950195312,82.41292572021484
2025-06-23,311.0799865722656,75.0478515625,91.07000732421875,187.91632080078125,101.64584350585938,103.26709747314453,593.5730590820312,82.67974090576172
2025-06-24,306.19000244140625,75.25436401367188,91.38658905029297,189.4708709716797,103.11788940429688,103.75292205810547,600.13037109375,83.28003692626953
2025-06-25,307.1199951171875,75.23558044433594,91.42496490478516,188.39840698242188,103.47655487060547,103.62908935546875,600.4666748046875,83.3848648071289
2025-06-26,306.7799987792969,75.45148468017578,91.75113677978516,189.7365264892578,104.44297790527344,104.0101089477539,605.1646118164062,83.80410766601562
2025-06-27,301.2200012207031,75.4139404296875,91.51130676269531,190.25799560546875,105.03578186035156,103.83863067626953,608.1712646484375,83.27051544189453
2025-06-30,304.8299865722656,75.70491027832031,91.87584686279297,191.10415649414062,105.75312042236328,104.41017150878906,611.0790405273438,84.08997344970703
2025-07-01,307.54998779296875,75.60966491699219,91.70550537109375,192.8751983642578,104.63973999023438,104.53636169433594,610.8812866210938,84.2984619140625
2025-07-02,309.25,75.75112915039062,91.51303100585938,193.22940063476562,105.48909759521484,104.51725006103516,613.6505737304688,83.76287841796875
2025-07-03,307.1400146484375,75.79830169677734,91.19544982910156,194.2329864501953,106.67221069335938,104.26866912841797,618.4869995117188,83.17945861816406
2025-07-07,307.3699951171875,75.54364776611328,90.90672302246094,192.72760009765625,105.92250061035156,103.64722442626953,613.8780517578125,82.38563537597656
2025-07-08,304.1600036621094,75.43989562988281,90.77201080322266,192.57017517089844,105.84030151367188,103.35084533691406,613.5418090820312,82.28043365478516
2025-07-09,305.5199890136719,75.64739227294922,91.24356079101562,193.1014862060547,106.81169128417969,103.943603515625,617.2210083007812,83.1412124633789
2025-07-10,306.20001220703125,75.57194519042969,91.19544982910156,194.16409301757812,106.7843017578125,103.96273803710938,618.9617309570312,83.19859313964844
2025-07-11,309.1400146484375,75.47763061523438,90.77201080322266,193.14085388183594,106.49786376953125,103.33174133300781,616.7858276367188,82.05088806152344
2025-07-14,308.010009765625,75.53421783447266,90.7334976196289,193.46554565429688,106.83162689208984,103.30305480957031,617.9627685546875,81.87873077392578
2025-07-15,306.7300109863281,75.30787658691406,90.37743377685547,191.0057830810547,107.07322692871094,102.93017578125,615.322021484375,81.30490112304688
2025-07-16,308.260009765625,75.50592803955078,90.62763977050781,191.68467712402344,107.44684600830078,103.09270477294922,617.3792114257812,81.41963195800781
2025-07-17,307.5899963378906,75.58136749267578,90.5987777709961,192.8555145263672,108.21151733398438,103.3412857055664,621.1573486328125,81.40054321289062
2025-07-18,308.3900146484375,75.68511962890625,90.84900665283203,192.72760009765625,108.1641845703125,103.53250122070312,620.7025146484375,81.52487182617188
2025-07-21,313.1300048828125,75.78886413574219,91.16658020019531,192.67843627929688,108.44813537597656,103.93403625488281,621.8794555664062,82.25172424316406
2025-07-22,316.1000061035156,75.92090606689453,91.4264144897461,194.32154846191406,107.76068878173828,104.18263244628906,621.9683837890625,82.74906921386719
2025-07-23,312.17999267578125,75.95861053466797,91.09920501708984,195.82691955566406,108.7445297241211,104.02008819580078,627.259765625,82.29000854492188
2025-07-24,310.2699890136719,75.86431121826172,90.9644775390625,195.12835693359375,109.05838012695312,103.86711883544922,627.4674072265625,82.14653778076172
2025-07-25,307.3999938964844,75.91146087646484,91.17620849609375,195.87611389160156,109.56399536132812,104.20173645019531,630.1181030273438,82.66300964355469
2025-07-28,305.4100036621094,75.87373352050781,90.97409057617188,195.01028442382812,109.9450912475586,103.99140167236328,629.9598999023438,82.12741088867188
2025-07-29,306.25,75.92090606689453,91.57078552246094,194.86268615722656,109.37470245361328,104.6797866821289,628.2982788085938,83.51420593261719
2025-07-30,300.9599914550781,75.76055908203125,91.2531967163086,193.89845275878906,109.648681640625,104.28779602050781,627.5070190429688,83.08381652832031
2025-07-31,302.9599914550781,75.80772399902344,91.33019256591797,192.27500915527344,109.69600677490234,104.31647491455078,625.1531982421875,83.13164520263672
2025-08-01,309.1099853515625,75.81151580810547,92.38163757324219,189.65780639648438,107.578857421875,105.24188995361328,614.9066162109375,84.31349182128906
2025-08-04,310.9100036621094,76.06743621826172,92.50716400146484,191.67483520507812,109.68853759765625,105.42428588867188,624.2530517578125,84.54391479492188
2025-08-05,311.1600036621094,76.02952575683594,92.4395751953125,191.4682159423828,108.82672882080078,105.50108337402344,621.0880737304688,84.80313110351562
2025-08-06,310.5,76.10536193847656,92.37198638916016,191.51739501953125,110.326171875,105.4722900390625,625.845458984375,84.31349182128906
2025-08-07,313.1199951171875,76.02952575683594,92.30440521240234,191.5370635986328,110.16427612304688,105.36669158935547,625.3212280273438,84.16947174072266
2025-08-08,313.04998779296875,76.03900909423828,92.09198760986328,192.5111541748047,111.0709228515625,105.03070831298828,630.197265625,83.80464935302734
2025-08-11,308.54998779296875,76.03900909423828,92.12095642089844,192.0093536376953,110.86666107177734,105.19390106201172,628.9509887695312,83.9006576538086
2025-08-12,308.2699890136719,76.2096176147461,92.10163879394531,194.1149139404297,112.15937805175781,105.28988647460938,635.6468505859375,83.47821807861328
2025-08-13,309.2099914550781,76.40867614746094,92.429931640625,196.03353881835938,112.05726623535156,105.84666442871094,637.8228149414062,84.16947174072266
2025-08-14,307.25,76.2096176147461,92.13060760498047,195.46287536621094,112.19175720214844,105.48187255859375,637.882080078125,83.5454330444336
2025-08-15,307.42999267578125,76.26648712158203,91.94715881347656,195.0988006591797,111.83807373046875,105.34748077392578,636.388671875,82.95018768310547
2025-08-18,306.95001220703125,76.2096176147461,91.86026000976562,195.11849975585938,111.87543487548828,105.15550231933594,636.2501831054688,82.71015930175781
2025-08-19,305.2699890136719,76.19066619873047,92.09198760986328,195.74819946289062,110.32368469238281,105.31867980957031,632.7984008789062,83.1902084350586
2025-08-20,308.3599853515625,76.1622314453125,92.22716522216797,195.9449920654297,109.67109680175781,105.36669158935547,631.1170043945312,83.37261199951172
2025-08-21,307.2900085449219,76.02005004882812,91.95680236816406,195.2169189453125,109.20284271240234,104.9635009765625,628.5850830078125,82.95980072021484
2025-08-22,310.5799865722656,76.63616180419922,92.46853637695312,198.5228271484375,110.90403747558594,105.7890625,638.2381591796875,83.57423400878906
2025-08-25,309.8299865722656,76.4844970703125,92.28507995605469,197.18470764160156,110.7247085571289,105.51068115234375,635.42919921875,83.33421325683594
2025-08-26,312.0799865722656,76.65512084960938,92.5264663696289,197.5487518310547,111.37230682373047,105.58747100830078,638.0897827148438,83.28621673583984
2025-08-27,312.7099914550781,76.74992370605469,92.70027160644531,198.26698303222656,111.59896087646484,105.6258773803711,639.543701171875,83.1902084350586
2025-08-28,315.0299987792969,76.78782653808594,92.9126968383789,198.3555450439453,112.31879425048828,105.7890625,641.8085327148438,83.7374496459961
2025-08-29,318.07000732421875,76.64564514160156,92.83544921875,198.3850860595703,110.9862289428711,105.40509033203125,637.9810180664062,83.14220428466797
2025-09-02,325.5899963378906,76.56278991699219,92.55839538574219,197.37164306640625,110.01482391357422,105.05249786376953,633.2533569335938,82.52349090576172
2025-09-03,328.1400146484375,76.7723159790039,92.87805938720703,197.22406005859375,111.11823272705078,105.67865753173828,636.6853637695312,83.42937469482422
2025-09-04,326.69000244140625,76.98184967041016,93.29460144042969,198.83766174316406,112.10210418701172,106.40117645263672,642.00634765625,84.0654525756836
2025-09-05,331.04998779296875,77.01993560791016,93.74989318847656,198.345703125,111.9078140258789,107.09477996826172,640.14697265625,85.34718322753906
2025-09-08,334.82000732421875,77.01993560791016,94.04048156738281,198.26698303222656,112.54046630859375,107.47048950195312,641.719482421875,86.48438262939453
2025-09-09,334.05999755859375,76.93424224853516,93.81769561767578,198.49331665039062,112.89913177490234,107.27783203125,643.2030639648438,85.99288940429688
2025-09-10,335.260009765625,76.99136352539062,94.0695571899414,197.99151611328125,113.6388931274414,107.59571838378906,645.0625,86.48438262939453
2025-09-11,334.760009765625,77.18183898925781,94.21485900878906,200.57920837402344,114.2366943359375,108.0966567993164,650.4231567382812,87.06260681152344
2025-09-12,335.4200134277344,77.10565948486328,93.94361877441406,199.36898803710938,114.61030578613281,107.90399169921875,650.20556640625,86.68675994873047
2025-09-15,338.9100036621094,77.32471466064453,94.0986328125,199.29025268554688,115.71121215820312,108.24116516113281,653.6671142578125,86.88915252685547
2025-09-16,339.5899963378906,77.26756286621094,94.15672302246094,199.13412475585938,115.51950073242188,108.14482879638672,652.76708984375,87.07225799560547
2025-09-17,336.9700012207031,77.19136810302734,93.95330810546875,199.7270965576172,115.05828857421875,107.95215606689453,651.9561767578125,86.85060119628906
2025-09-18,335.6199951171875,77.3628158569336,93.6433334350586,200.7351837158203,115.71146392822266,107.73059844970703,655.00244140625,85.95433807373047
2025-09-19,339.17999267578125,77.3913803100586,93.60457611083984,200.39915466308594,116.83834075927734,107.64388275146484,658.2465209960938,85.7905044555664
2025-09-22,345.04998779296875,77.44851684570312,93.44959259033203,200.112548828125,117.84305572509766,107.4030532836914,661.3607177734375,85.48210906982422
2025-09-23,346.4599914550781,77.3913803100586,93.71115112304688,200.26080322265625,116.6114730834961,107.61498260498047,657.7605590820312,86.0796127319336
2025-09-24,343.32000732421875,77.28661346435547,93.45927429199219,199.865478515625,115.98321533203125,107.18148803710938,655.6677856445312,85.751953125
2025-09-25,344.75,77.06755065917969,93.25585174560547,198.93646240234375,115.39734649658203,106.98881530761719,652.6429443359375,85.751953125
2025-09-26,346.739990234375,77.21996307373047,93.20741271972656,200.606689453125,115.88848114013672,107.13331604003906,656.3819580078125,85.67487335205078
2025-09-29,352.4599914550781,77.35326385498047,93.47865295410156,200.84388732910156,116.31729125976562,107.48976135253906,658.2266845703125,86.37837982177734
2025-09-30,355.4700012207031,77.32471466064453,93.43991088867188,201.20956420898438,116.77851104736328,107.3837890625,660.7061157226562,86.12781524658203
2025-10-01,356.0299987792969,77.46920013427734,93.75473022460938,201.4862823486328,117.4690933227539,107.81501007080078,662.9574584960938,86.3502426147461
2025-10-02,354.7900085449219,77.44049072265625,93.85188293457031,201.674072265625,117.60371398925781,107.98904418945312,663.7210693359375,86.60167694091797
2025-10-03,357.6400146484375,77.35437774658203,93.66726684570312,202.5635528564453,117.15995025634766,107.85369110107422,663.7112426757812,86.4372787475586
2025-10-06,364.3800048828125,77.3735122680664,93.39520263671875,202.82049560546875,117.89789581298828,107.50563049316406,666.0914916992188,85.75064849853516
2025-10-07,366.260009765625,77.28736877441406,93.62840270996094,202.1484375,117.2397232055664,107.70865631103516,663.6219482421875,86.24386596679688
2025-10-08,372.29998779296875,77.17256164550781,93.64784240722656,202.55364990234375,118.4114761352539,107.57328796386719,667.5791625976562,86.31156158447266
2025-10-09,365.42999267578125,76.95247650146484,93.57981872558594,201.31826782226562,118.32172393798828,107.3605728149414,665.6452026367188,86.24386596679688
2025-10-10,369.1199951171875,76.50273895263672,94.16280364990234,197.1080780029297,114.54969024658203,107.66030883789062,647.6542358398438,87.63644409179688
2025-10-13,378.0899963378906,76.9811782836914,94.21138763427734,199.21319580078125,116.82088470458984,108.0277328491211,657.5919189453125,87.58809661865234
2025-10-14,380.7900085449219,77.06729888916016,94.45430755615234,200.74505615234375,115.94581604003906,108.38545989990234,656.78857421875,87.86854553222656
2025-10-15,387.3900146484375,77.31609344482422,94.34742736816406,201.4862823486328,116.43446350097656,108.38545989990234,659.7044067382812,87.67513275146484
2025-10-16,396.45001220703125,77.0385971069336,94.78466796875,199.4800262451172,115.87102508544922,108.69485473632812,655.2117309570312,88.33273315429688
2025-10-17,388.989990234375,77.23954010009766,94.62920379638672,200.4683380126953,116.45689392089844,108.48213958740234,658.9308471679688,88.19735717773438
2025-10-20,403.1499938964844,77.39263916015625,94.7555160522461,202.51412963867188,117.84056854248047,108.81088256835938,665.7840576171875,88.53583526611328
2025-10-21,377.239990234375,77.2778091430664,94.930419921875,202.68214416503906,117.81063842773438,108.83021545410156,665.7741088867188,88.97102355957031
2025-10-22,377.2799987792969,77.20126342773438,94.94984436035156,201.84207153320312,116.86327362060547,108.93656921386719,662.3128051757812,89.02903747558594
2025-10-23,378.7900085449219,77.3735122680664,94.638916015625,202.69203186035156,117.9053726196289,108.80121612548828,666.2402954101562,88.41979217529297
2025-10-24,377.5199890136719,77.58403015136719,94.72637176513672,203.8878631591797,118.96743774414062,108.98490905761719,671.6851806640625,88.45845794677734
2025-10-27,367.010009765625,77.775390625,94.72637176513672,205.07383728027344,120.91951751708984,109.16860961914062,679.6094970703125,88.75826263427734
2025-10-28,364.3800048828125,77.69883728027344,94.8138198852539,203.69021606445312,122.0389175415039,109.17828369140625,681.4144897460938,88.99036407470703
2025-10-29,363.0,77.45960998535156,94.2016830444336,202.33624267578125,122.58738708496094,108.55948638916016,681.7418823242188,88.09097290039062
2025-10-30,370.1300048828125,77.31609344482422,94.06564331054688,201.41709899902344,120.715087890625,107.9793701171875,674.2440185546875,87.57842254638672
2025-10-31,368.1199951171875,77.31609344482422,94.1045150756836,202.17811584472656,121.05913543701172,107.54429626464844,676.4556274414062,87.31731414794922
2025-11-03,368.7799987792969,77.07564544677734,94.05967712402344,201.674072265625,121.65248107910156,107.25511932373047,677.7251586914062,87.09893798828125
2025-11-04,362.32000732421875,77.08527374267578,94.1766357421875,200.4979705810547,119.51840209960938,107.40067291259766,669.6917114257812,87.29304504394531
2025-11-05,366.510009765625,77.16221618652344,93.728271484375,201.80255126953125,119.66050720214844,107.08045196533203,672.012451171875,86.3418960571289
2025-11-06,366.07000732421875,77.19107818603516,94.20589447021484,200.7252960205078,117.71590423583984,107.64327239990234,664.8021850585938,87.11836242675781
2025-11-07,368.30999755859375,77.25837707519531,94.24488067626953,202.02984619140625,117.53142547607422,107.42977905273438,665.4567260742188,86.93395233154297
2025-11-10,378.3800048828125,77.51805877685547,94.1181640625,203.44314575195312,120.12921142578125,107.48802185058594,675.8407592773438,86.91453552246094
2025-11-11,379.8699951171875,77.60462188720703,94.41057586669922,204.82676696777344,119.90234375,107.91497039794922,677.3878784179688,87.31246185302734
2025-11-12,385.989990234375,77.45073699951172,94.43006896972656,205.577880859375,119.68793487548828,107.8082275390625,677.7647705078125,87.4677505493164
2025-11-13,382.8699951171875,77.13335418701172,94.15715789794922,203.06759643554688,117.15496826171875,107.2745361328125,666.5180053710938,86.7495346069336
2025-11-14,375.9599914550781,77.15259552001953,94.0011978149414,202.39553833007812,117.4067611694336,106.98341369628906,666.4088745117188,86.2545394897461
2025-11-17,371.6499938964844,77.0275650024414,94.10841369628906,200.2113800048828,116.29983520507812,107.05133056640625,660.2002563476562,86.46807098388672
2025-11-18,374.3500061035156,77.04680633544922,94.26435852050781,199.96429443359375,114.8962173461914,107.09986877441406,654.6561889648438,86.43894958496094
2025-11-19,374.9599914550781,77.08527374267578,94.19613647460938,199.71722412109375,115.7463607788086,107.10956573486328,657.185302734375,86.26424407958984
2025-11-20,374.8500061035156,77.03717803955078,94.42031860351562,197.6022491455078,113.42282104492188,107.25511932373047,647.1683349609375,86.60395050048828
2025-11-21,374.2699890136719,77.29685974121094,94.73223114013672,200.66598510742188,114.08348083496094,107.63356018066406,653.6148681640625,86.86600494384766
2025-11-24,380.20001220703125,77.5084457397461,94.87842559814453,202.08914184570312,116.60897827148438,108.06053161621094,663.2351684570312,87.3609848022461
2025-11-25,380.0799865722656,77.77774047851562,95.12210083007812,204.83663940429688,117.42919921875,108.361328125,669.4734497070312,87.58422088623047
2025-11-26,383.1199951171875,77.85466766357422,95.20008850097656,206.04238891601562,118.32172393798828,108.73008728027344,674.09521484375,87.97245788574219
2025-11-28,387.8800048828125,77.89315032958984,95.03439331054688,207.5248565673828,118.78295135498047,108.54570770263672,677.7747192382812,87.55509185791016
2025-12-01,389.75,77.7530517578125,94.52408599853516,206.111572265625,118.38155364990234,107.96424102783203,674.6802978515625,86.46514892578125
2025-12-02,387.239990234375,77.89797973632812,94.60228729248047,205.99298095703125,118.9026107788086,108.03241729736328,675.9300537109375,86.50411224365234
2025-12-03,386.8800048828125,77.96560668945312,94.79781341552734,207.87075805664062,118.7904281616211,108.27591705322266,678.2706298828125,86.74763488769531
2025-12-04,387.1300048828125,78.02359008789062,94.50452423095703,207.7818145751953,119.02726745605469,108.08113098144531,678.7665405273438,86.28009796142578
2025-12-05,386.44000244140625,78.02359008789062,94.30901336669922,208.00912475585938,119.36882019042969,107.97399139404297,680.0557861328125,85.88074493408203
2025-12-08,385.4200134277344,77.83035278320312,94.11349487304688,206.68479919433594,119.30150604248047,107.7499771118164,678.0127563476562,85.5982666015625
2025-12-09,387.3999938964844,77.74337005615234,93.97663116455078,206.20053100585938,119.2915267944336,107.61361694335938,677.4276123046875,85.68592834472656
2025-12-10,389.04998779296875,78.00425720214844,94.27969360351562,209.01719665527344,119.48599243164062,108.11034393310547,681.92041015625,86.01710510253906
2025-12-11,393.239990234375,77.9946060180664,94.2894515991211,210.36129760742188,119.4186782836914,107.95451354980469,683.5072631835938,85.90021514892578
2025-12-12,395.44000244140625,77.84967041015625,94.03528594970703,209.3136749267578,117.51396942138672,107.30196380615234,676.1581420898438,85.07228088378906
2025-12-15,395.79998779296875,77.88832092285156,94.11349487304688,209.6200714111328,116.9804458618164,107.4285659790039,675.1365356445312,85.1307373046875
2025-12-16,395.8900146484375,77.9366226196289,94.37744140625,207.87124633789062,117.2409896850586,107.67207336425781,673.2918701171875,85.5982666015625
2025-12-17,399.2900085449219,77.84000396728516,94.3578872680664,207.20587158203125,115.13719177246094,107.55518341064453,665.8832397460938,85.52034759521484
2025-12-18,398.57000732421875,78.0525894165039,94.60228729248047,207.61305236816406,116.60960388183594,107.96424102783203,670.9114990234375,85.929443359375
2025-12-19,399.0199890136719,78.01470947265625,94.38945770263672,208.4273681640625,118.16685485839844,107.6865463256836,676.9923095703125,85.60871887207031
2025-12-22,408.2300109863281,78.08267211914062,94.29138946533203,210.01629638671875,118.86811828613281,107.6669921875,681.2098388671875,85.42292022705078
2025-12-23,413.6400146484375,78.14091491699219,94.25215911865234,210.14540100097656,119.61430358886719,107.7745590209961,684.3233032226562,85.55982208251953
2025-12-24,411.92999267578125,78.28654479980469,94.49734497070312,211.0789031982422,119.90629577636719,108.19500732421875,686.7305297851562,86.07807159423828
2025-12-26,416.739990234375,78.24771118164062,94.58561706542969,210.97958374023438,119.87135314941406,108.18523406982422,686.660888671875,85.79449462890625
2025-12-29,398.6000061035156,78.27684020996094,94.72293090820312,210.57240295410156,119.27490234375,108.33191680908203,684.2138671875,86.1171875
2025-12-30,398.8900146484375,78.35449981689453,94.62484741210938,210.47311401367188,119.02784729003906,108.20480346679688,683.3782958984375,85.9118423461914
2025-12-31,396.30999755859375,78.27684020996094,94.31099700927734,208.88418579101562,118.116943359375,107.74522399902344,678.3152465820312,85.22736358642578
2026-01-02,398.2799987792969,78.31566619873047,94.23252868652344,210.73130798339844,117.73262023925781,107.71588897705078,679.55859375,85.1002426147461
2026-01-05,408.760009765625,78.51953887939453,94.51696014404297,213.1345672607422,118.184326171875,108.01901245117188,684.0845947265625,85.52070617675781
2026-01-06,413.17999267578125,78.5389633178711,94.44831085205078,215.07107543945312,118.72338104248047,108.01901245117188,688.1529541015625,85.34469604492188
2026-01-07,409.2300109863281,78.51953887939453,94.62484741210938,212.86643981933594,119.02784729003906,108.09724426269531,685.9347534179688,85.84339141845703
2026-01-08,411.489990234375,78.57779693603516,94.34042358398438,214.64404296875,118.11195373535156,107.79411315917969,685.8651123046875,85.41314697265625
2026-01-09,414.4700012207031,78.63603210449219,94.44831085205078,216.08399963378906,118.83567810058594,108.18523406982422,690.4010009765625,85.98029327392578
2026-01-12,422.2300109863281,78.67487335205078,94.33061218261719,216.21311950683594,119.10270690917969,108.05812072753906,691.4852294921875,85.72604370117188
2026-01-13,421.6300048828125,78.67487335205078,94.44831085205078,216.0045623779297,118.74333953857422,108.29280090332031,690.1026000976562,85.87273406982422
2026-01-14,425.94000244140625,78.67487335205078,94.64445495605469,216.80897521972656,117.32833862304688,108.56658935546875,686.7105712890625,86.37142181396484
2026-01-15,423.3299865722656,78.67487335205078,94.44831085205078,217.682861328125,117.46060943603516,108.4296875,688.5806884765625,86.35186004638672
2026-01-16,421.2900085449219,78.72340393066406,94.08541870117188,217.4743194580078,117.4381332397461,108.11679077148438,688.0037231445312,85.8531723022461
2026-01-20,437.2300109863281,78.51953887939453,93.71273040771484,214.4454345703125,114.46337890625,107.46165466308594,673.9981689453125,84.72866821289062
2026-01-21,443.6000061035156,78.75253295898438,93.95792388916016,217.61334228515625,115.40172576904297,108.10701751708984,681.77685546875,85.37403106689453
2026-01-22,451.7900085449219,78.81078338623047,93.94810485839844,218.1893310546875,116.29016876220703,108.3123550415039,685.3379516601562,85.74560546875
2026-01-23,458.0,78.7719497680664,94.10502624511719,216.9678497314453,116.85916137695312,108.38079071044922,685.5865478515625,85.98029327392578
2026-01-26,464.70001220703125,78.81078338623047,94.24234008789062,217.59349060058594,117.58787536621094,108.46881103515625,689.068115234375,86.3909683227539
2026-01-27,476.1000061035156,78.80107879638672,94.13446807861328,217.60340881347656,118.40394592285156,108.35145568847656,691.8134765625,85.8531723022461
2026-01-28,494.55999755859375,78.67487335205078,94.05599212646484,217.79209899902344,118.11444854736328,108.19500732421875,691.7438354492188,85.6576156616211
2026-01-29,495.8999938964844,78.66515350341797,94.1540756225586,218.72560119628906,117.15364074707031,108.2243423461914,690.3711547851562,85.67716217041016
2026-01-30,444.95001220703125,78.75253295898438,94.09523010253906,218.3383026123047,116.28268432617188,108.11679077148438,688.3121337890625,85.19801330566406
2026-02-02,427.1300048828125,78.80033874511719,93.91024017333984,220.13575744628906,116.66450500488281,108.01667785644531,691.73388671875,84.95459747314453
2026-02-03,454.2900085449219,78.75157165527344,93.99879455566406,220.37411499023438,114.59314727783203,108.06575012207031,685.885009765625,85.16072845458984
2026-02-04,453.9700012207031,78.65399169921875,93.97911834716797,221.08912658691406,113.28545379638672,107.92835998535156,682.5626831054688,84.94478607177734
2026-02-05,441.8800048828125,78.56619262695312,94.53014373779297,219.3015899658203,111.3313980102539,108.4485092163086,674.0379638671875,85.8674545288086
2026-02-06,455.4599914550781,78.83936309814453,94.53014373779297,223.0157012939453,114.0091781616211,108.50740051269531,686.96923828125,85.92635345458984
2026-02-09,467.0299987792969,78.9466781616211,94.54981994628906,223.0653533935547,115.04236602783203,108.50740051269531,690.2816162109375,85.9067153930664
2026-02-10,462.3999938964844,78.8686294555664,94.96308898925781,222.7872772216797,114.6780014038086,108.7625732421875,688.4613037109375,86.89810180664062
2026-02-11,467.6300048828125,78.85888671875,94.69741821289062,223.27389526367188,114.2787094116211,108.64479064941406,688.3021850585938,86.436767578125
2026-02-12,451.3900146484375,78.81985473632812,95.27796173095703,220.67202758789062,112.04264831542969,109.15514373779297,677.668701171875,87.58519744873047
2026-02-13,462.6199951171875,78.87838745117188,95.65186309814453,222.1616668701172,111.59593200683594,109.51827239990234,678.1461181640625,88.066162109375
2026-02-17,448.20001220703125,78.83936309814453,95.64203643798828,221.65516662597656,112.13996887207031,109.62622833251953,679.2402954101562,88.2134017944336
2026-02-18,458.2799987792969,78.93693542480469,95.44523620605469,222.75750732421875,112.84373474121094,109.51827239990234,682.662109375,87.87966918945312
2026-02-19,459.55999755859375,78.96620178222656,95.53378295898438,222.4198455810547,112.48685455322266,109.60659790039062,680.8616943359375,87.96800994873047
2026-02-20,468.6199951171875,79.02472686767578,95.53378295898438,223.7108612060547,113.26548767089844,109.51827239990234,685.7855834960938,87.76187896728516
2026-02-23,481.2799987792969,78.89791107177734,95.87818145751953,221.51614379882812,111.80057525634766,109.63603973388672,678.7827758789062,88.0857925415039
2026-02-24,474.6099853515625,78.83936309814453,95.85850524902344,222.83694458007812,112.96601867675781,109.60659790039062,683.7164916992188,88.24285125732422
2026-02-25,473.4200134277344,78.9466781616211,95.77978515625,223.48243713378906,114.42345428466797,109.57715606689453,689.4859008789062,88.25267028808594
2026-02-26,477.4800109863281,78.87838745117188,96.0356216430664,223.82009887695312,113.33786010742188,109.64586639404297,685.6561889648438,88.60602569580078
2026-02-27,483.75,78.75157165527344,96.41936492919922,223.95912170410156,112.34960174560547,109.60659790039062,682.3637084960938,89.14588165283203
2026-03-02,490.0,78.70645904541016,95.8401107788086,223.5916748046875,112.66903686523438,109.2353286743164,682.7516479492188,88.25067138671875
2026-03-03,468.1400146484375,78.54960632324219,95.73155212402344,220.7316131591797,111.9677734375,109.18608093261719,676.7337036132812,88.07340240478516
2026-03-04,471.79998779296875,78.82411193847656,95.5341796875,221.704833984375,113.06584167480469,109.2845687866211,681.50830078125,87.79766082763672
2026-03-05,466.1300048828125,78.51038360595703,95.2381362915039,219.06324768066406,113.05586242675781,108.85125732421875,677.7084350585938,87.443115234375
2026-03-06,473.510009765625,78.12802124023438,95.17892456054688,216.21311950683594,111.56847381591797,108.48688507080078,668.8256225585938,87.11811828613281
2026-03-09,472.5299987792969,78.5986099243164,95.4749755859375,217.20619201660156,112.9111099243164,109.13684844970703,674.6845092773438,87.8764419555664
2026-03-10,477.8599853515625,78.4711685180664,95.16907501220703,216.56069946289062,112.64408111572266,108.38838195800781,673.6002807617188,86.94084930419922
2026-03-11,476.239990234375,78.2947006225586,94.73486328125,216.07406616210938,112.6316146850586,107.50205993652344,672.7548217773438,85.81814575195312
2026-03-12,466.8800048828125,77.79468536376953,94.42894744873047,213.18421936035156,110.63013458251953,106.9210205078125,662.5390625,85.65071868896484
2026-03-13,460.8399963378906,77.64762878417969,94.33026123046875,213.2537384033203,109.37983703613281,106.52709197998047,658.7890014648438,85.22724914550781
2026-03-16,460.42999267578125,77.89273071289062,94.75459289550781,215.1107940673828,110.69501495361328,107.03919219970703,665.493408203125,85.8870849609375
2026-03-17,459.2699890136719,78.24566650390625,94.92236328125,216.15847778320312,110.82989501953125,107.63993072509766,667.2440185546875,86.12344360351562
2026-03-18,444.739990234375,77.84371948242188,94.4881591796875,213.54672241210938,109.16386413574219,107.05889129638672,657.9335327148438,85.640869140625
2026-03-19,426.4100036621094,78.09861755371094,94.47828674316406,213.27755737304688,108.75922393798828,107.53160858154297,656.3121337890625,86.16283416748047
2026-03-20,413.3800048828125,77.37311553955078,93.62962341308594,210.64585876464844,106.76597595214844,106.21195983886719,646.9034423828125,84.52801513671875
2026-03-23,404.0400085449219,77.88292694091797,93.92566680908203,212.46014404296875,108.4095230102539,106.91117095947266,653.6959228515625,85.07952117919922
2026-03-24,404.1300048828125,77.61820983886719,93.6098861694336,213.14797973632812,107.26054382324219,106.69451141357422,651.5015869140625,84.70529174804688
2026-03-25,416.2900085449219,77.86331939697266,94.10330200195312,214.19467163085938,107.9549331665039,107.0785903930664,655.1322021484375,85.52269744873047
2026-03-26,400.6400146484375,77.37311553955078,93.34343719482422,211.8420867919922,105.49459838867188,106.24149322509766,643.432373046875,84.80377197265625
2026-03-27,414.70001220703125,77.17704010009766,93.35330963134766,209.38983154296875,103.1116943359375,105.9854507446289,632.4606323242188,84.34089660644531
2026-03-30,414.5799865722656,77.26527404785156,94.01447296142578,208.7617950439453,102.63711547851562,106.66496276855469,630.3460693359375,85.46360778808594
2026-03-31,430.2900085449219,78.00057220458984,94.1822509765625,212.99844360351562,106.5062026977539,107.33464050292969,648.6688842773438,85.37496948242188
2026-04-01,437.82000732421875,78.19169616699219,94.10005950927734,214.2644500732422,107.4328842163086,107.44935607910156,653.5562744140625,85.29092407226562
2026-04-02,429.4100036621094,78.37886810302734,94.3178939819336,214.84263610839844,107.4154052734375,107.90422058105469,654.144775390625,85.81497192382812
2026-04-06,427.6499938964844,78.51679992675781,94.07035827636719,215.92919921875,107.84002685546875,107.73611450195312,657.23681640625,85.67654418945312
2026-04-07,431.80999755859375,78.5364990234375,94.3079833984375,215.9989776611328,107.89747619628906,107.85478210449219,657.5260009765625,85.66665649414062
2026-04-08,434.5299987792969,78.99952697753906,94.51591491699219,221.25242614746094,110.69001770019531,108.27008819580078,674.27294921875,85.94351196289062
2026-04-09,437.9100036621094,79.08818054199219,94.48619842529297,222.4685821533203,111.2045669555664,108.27008819580078,678.162841796875,85.72598266601562
2026-04-10,437.1300048828125,78.77293395996094,94.3277816772461,221.15274047851562,111.46683502197266,107.98332977294922,677.7140502929688,85.51834106445312
2026-04-13,435.3599853515625,79.0684814453125,94.53571319580078,223.00689697265625,113.00548553466797,108.39865112304688,684.3369750976562,85.77542114257812
2026-04-14,445.0899963378906,79.30492401123047,94.84264373779297,224.0436248779297,115.04119110107422,108.75464630126953,692.675537109375,86.23025512695312
2026-04-15,440.4599914550781,79.26551055908203,94.63472747802734,223.31591796875,117.12435150146484,108.715087890625,698.1414184570312,85.85453033447266
2026-04-16,440.0799865722656,79.15715026855469,94.4664077758789,224.2330322265625,117.20428466796875,108.21076965332031,699.8569946289062,85.31069946289062
2026-04-17,445.92999267578125,79.45269775390625,94.98126220703125,226.43606567382812,118.9977035522461,108.81397247314453,708.3152465820312,86.0918197631836
2026-04-20,442.0899963378906,79.38372802734375,94.89215087890625,226.5756378173828,118.57807922363281,108.8040771484375,706.8988037109375,86.07205200195312
2026-04-21,429.57000732421875,79.17684936523438,94.47631072998047,225.16009521484375,117.71134185791016,108.38876342773438,702.2708129882812,85.5974349975586
2026-04-22,435.260009765625,79.30492401123047,94.5753173828125,225.8379669189453,119.6121597290039,108.59642028808594,709.3825073242188,85.7655258178711
2026-04-23,431.0400085449219,79.17684936523438,94.42680358886719,226.77500915527344,118.15843963623047,108.29975891113281,706.6295776367188,85.57766723632812
2026-04-24,433.25,79.28521728515625,94.61491394042969,226.9344940185547,119.67960357666016,108.37886810302734,712.10546875,85.73587036132812
2026-04-27,429.8900146484375,79.31477355957031,94.3970947265625,226.95443725585938,119.87942504882812,108.07232666015625,713.332275390625,85.31069946289062
2026-04-28,421.9100036621094,79.20640563964844,94.3079833984375,226.36630249023438,118.96773529052734,108.12177276611328,709.8612060546875,85.39969635009766
2026-04-29,417.4100036621094,78.9404067993164,93.86244201660156,226.35633850097656,118.69547271728516,107.51856994628906,709.7515258789062,84.73722076416016
2026-04-30,423.6600036621094,79.18669128417969,94.04065704345703,230.523193359375,119.16505432128906,107.6372299194336,716.8132934570312,84.65811157226562
2026-05-01,423.17999267578125,79.28473663330078,94.1121826171875,230.13441467285156,119.94437408447266,107.81095886230469,718.7982177734375,84.96080017089844
2026-05-04,414.7099914550781,79.02725982666016,93.76449584960938,228.87838745117188,119.71456909179688,107.4635009765625,716.1649780273438,84.31572723388672
2026-05-05,418.2699890136719,79.1460952758789,93.90357208251953,231.3007354736328,120.3040542602539,107.860595703125,721.9102172851562,84.78216552734375
2026-05-06,430.9599914550781,79.38377380371094,94.37045288085938,233.7430419921875,122.33226776123047,108.39667510986328,731.9443359375,85.42723846435547
2026-05-07,431.67999267578125,79.08667755126953,94.08238220214844,231.290771484375,122.63200378417969,107.94994354248047,729.7001342773438,85.00050354003906
2026-05-08,433.7699890136719,79.36396789550781,94.33072662353516,233.16485595703125,123.4312973022461,108.40660095214844,735.724609375,85.42723846435547
2026-05-11,434.6499938964844,79.20551300048828,94.01284790039062,233.892578125,123.41131591796875,108.13856506347656,737.4002685546875,84.91117858886719
2026-05-12,432.92999267578125,79.09658813476562,93.6949691772461,233.47389221191406,123.24146270751953,107.77124786376953,736.2831420898438,84.34550476074219
2026-05-13,430.5,79.13619995117188,93.6949691772461,233.95237731933594,124.20062255859375,107.83081817626953,740.4025268554688,84.15695190429688
2026-05-14,427.2099914550781,79.07677459716797,93.63536071777344,234.4308624267578,125.77922821044922,107.7613296508789,746.2474975585938,84.27603149414062
2026-05-15,417.2900085449219,78.6905517578125,92.89034271240234,231.45025634765625,124.26057434082031,107.07633209228516,737.2706298828125,83.02558898925781
2026-05-18,418.42999267578125,78.769775390625,92.85060119628906,231.938720703125,123.99080657958984,106.87779235839844,736.751953125,82.92634582519531
2026-05-19,411.5,78.58161163330078,92.49298095703125,230.99171447753906,122.96171569824219,106.34171295166016,731.8446044921875,82.39044189453125
2026-05-20,417.3999938964844,79.08667755126953,93.11881256103516,233.065185546875,124.5503158569336,107.16567993164062,739.3452758789062,83.27369689941406
2026-05-21,416.989990234375,79.12629699707031,93.17841339111328,233.96234130859375,124.57029724121094,107.38408660888672,740.8114624023438,83.58134460449219
2026-05-22,413.82000732421875,79.13619995117188,93.25788116455078,235.5772705078125,124.8900146484375,107.58263397216797,743.7239990234375,84.03784942626953
2026-05-26,414.0,79.40357971191406,93.65523529052734,237.55104064941406,125.5494384765625,107.98965454101562,748.6613159179688,84.45466613769531
2026-05-27,408.489990234375,79.35406494140625,93.6949691772461,237.18218994140625,125.5993881225586,108.13856506347656,748.5316162109375,84.65315246582031
2026-05-28,412.7699890136719,79.45309448242188,93.91350555419922,237.28187561035156,127.00814819335938,108.4661636352539,752.6609497070312,85.08981323242188
2026-05-29,417.1199951171875,79.53231811523438,94.02278137207031,237.2121124267578,127.73750305175781,108.56543731689453,754.5361328125,85.10967254638672
2026-06-01,411.260009765625,79.47159576416016,93.86031341552734,236.71368408203125,128.65670776367188,108.54849243164062,756.5908203125,85.1554946899414
2026-06-02,411.95001220703125,79.53132629394531,93.93008422851562,238.56784057617188,128.17710876464844,108.53852844238281,757.6182250976562,85.3348388671875
2026-06-03,407.8699951171875,79.31233978271484,93.69087219238281,238.5478973388672,126.5185775756836,108.23957824707031,752.3018798828125,84.99608612060547
2026-06-04,411.2699890136719,79.4616470336914,93.81048583984375,240.27244567871094,126.7184066772461,108.4687728881836,755.1445922851562,85.18538665771484
2026-06-05,396.239990234375,79.06349182128906,93.31212615966797,235.67694091796875,122.58204650878906,107.79115295410156,735.65478515625,84.74700164794922
2026-06-08,397.2699890136719,79.17298126220703,93.21244812011719,236.52427673339844,122.87179565429688,107.6815414428711,737.3204345703125,84.30862426757812
2026-06-09,390.7799987792969,79.25261688232422,93.47159576416016,237.42144775390625,121.91263580322266,108.03031921386719,735.1560668945312,84.8067855834961
2026-06-10,374.5799865722656,79.10330963134766,93.38189697265625,234.5006561279297,119.58468627929688,107.78119659423828,723.56591796875,84.56766510009766
2026-06-11,386.32000732421875,79.5711441040039,94.02975463867188,239.02638244628906,121.4630355834961,108.69796752929688,735.8642578125,85.66361999511719
2026-06-12,386.5400085449219,79.5711441040039,93.87028503417969,241.36900329589844,121.50299835205078,108.62821197509766,739.843994140625,85.45439147949219
2026-06-15,396.54998779296875,79.6706771850586,93.96995544433594,243.77999877929688,124.36000061035156,108.60828399658203,752.890380859375,85.40457916259766
2026-06-16,397.6300048828125,79.66072082519531,94.20915985107422,242.9600067138672,123.3499984741211,108.73783111572266,748.4019775390625,85.87284851074219
2026-06-17,388.6000061035156,79.36211395263672,93.71080780029297,240.3800048828125,121.5999984741211,108.38905334472656,739.0560302734375,86.01233673095703
2026-06-18,387.1199951171875,79.64081573486328,94.04969024658203,242.17999267578125,123.19000244140625,108.68800354003906,746.739990234375,86.4307861328125
2026-06-22,384.5899963378906,79.5711441040039,93.69087219238281,243.52999877929688,121.76000213623047,108.39901733398438,744.3900146484375,85.77320861816406
2026-06-23,377.32000732421875,79.50146484375,93.81048583984375,240.9499969482422,119.80999755859375,108.528564453125,733.5800170898438,85.88280487060547
2026-06-24,365.9200134277344,79.48155212402344,94.4184799194336,241.0,119.66999816894531,109.02681732177734,733.239990234375,87.05846405029297
2026-06-25,369.4599914550781,79.51141357421875,94.47827911376953,244.41000366210938,118.0999984741211,109.11650085449219,734.2999877929688,87.02857971191406
2026-06-26,373.6300048828125,79.4616470336914,94.71748352050781,242.75999450683594,119.04000091552734,109.11650085449219,728.989990234375,87.03854370117188
2026-06-29,368.5799865722656,79.64081573486328,94.74738311767578,242.75,121.9800033569336,109.3157958984375,741.0,87.12820434570312
2026-06-30,368.3800048828125,79.60099792480469,94.25900268554688,242.42999267578125,124.16999816894531,108.68800354003906,746.77001953125,86.10199737548828
2026-07-01,370.6000061035156,79.58999633789062,94.02999877929688,243.8800048828125,123.0199966430664,108.45999908447266,745.760009765625,85.5199966430664
2026-07-02,378.1300048828125,79.70999908447266,94.12000274658203,246.80999755859375,121.16000366210938,108.63999938964844,744.780029296875,85.51000213623047
2026-07-06,382.1300048828125,79.87000274658203,94.18000030517578,247.24000549316406,123.0,108.66999816894531,751.280029296875,85.44999694824219
2026-07-07,377.489990234375,79.76000213623047,93.69999694824219,247.74000549316406,121.3499984741211,107.87999725341797,747.7100219726562,84.55000305175781
2026-07-08,374.45001220703125,79.66000366210938,93.51000213623047,245.1999969482422,121.80000305175781,107.66999816894531,745.4000244140625,84.36000061035156
2026-07-09,378.17999267578125,79.75,93.70999908447266,246.3800048828125,123.30000305175781,107.70999908447266,751.7100219726562,84.48999786376953
2026-07-10,377.010009765625,79.70999908447266,93.62999725341797,246.83999633789062,123.94999694824219,107.45999908447266,754.9500122070312,84.47000122070312
2026-07-13,367.1300048828125,79.5199966430664,93.29000091552734,247.6199951171875,121.58999633789062,106.95999908447266,749.1699829101562,83.97000122070312
2026-07-14,372.1499938964844,79.68000030517578,93.55000305175781,246.3699951171875,123.2300033569336,107.20999908447266,751.8300170898438,84.08000183105469
2026-07-15,372.3500061035156,79.80999755859375,93.77999877929688,247.27999877929688,123.58000183105469,107.58000183105469,754.8099975585938,84.23999786376953
2026-07-16,364.9599914550781,79.80000305175781,93.72000122070312,249.4600067138672,121.19999694824219,107.5,750.719970703125,84.20999908447266
2026-07-17,368.4100036621094,79.6500015258789,93.83999633789062,248.02999877929688,119.37999725341797,107.55999755859375,743.2899780273438,84.5199966430664
2026-07-20,367.6000061035156,79.68000030517578,93.54000091552734,246.9600067138672,119.47000122070312,107.1500015258789,742.0900268554688,83.88999938964844
2026-07-21,374.80999755859375,79.6500015258789,93.30999755859375,247.44000244140625,121.33000183105469,106.8499984741211,748.280029296875,83.66000366210938
