Date,spy_ret,vol_index,yield_slope,nfci
2016-01-13,-2.51659942149366,1.8767935161311269,-1.9502674184155022,2.536243295282223
2016-01-14,1.691312708061997,1.5815366579103618,-1.7241573748541708,2.4997901791137602
2016-01-15,-2.14363679621112,2.2396908337568675,-1.8490131190571601,2.718178167349037
2016-01-19,0.0882344643247707,2.005014748719386,-1.8331977616479074,2.674543166654706
2016-01-20,-1.135915796515763,2.3147061386885843,-1.9543661114712974,2.6329443005670314
2016-01-21,0.5558924763947787,2.096109201234687,-1.8004024953614597,2.5932279876257405
2016-01-22,2.0263867767563246,1.1482902511583672,-1.7179613477051483,2.782061146351068
2016-01-25,-1.5283304841303884,1.5303397085198553,-1.974769601751776,2.736276834307439
2016-01-26,1.4200555349303945,1.1686102651767174,-1.889474985172834,2.692681000312654
2016-01-27,-1.0475428892415661,1.2936243042123898,-1.7395722795736352,2.651104674140762
2016-01-28,0.5778400432547734,1.1398701676669856,-1.7929545300672731,2.611396603488463
2016-01-29,2.423244973896499,0.6597976857191944,-1.712422238488303,2.7336275906161056
2016-02-01,-0.02155343993256154,0.6107619976651191,-1.8319454972752296,2.6907899638035735
2016-02-02,-1.8240701738179816,1.0385275578501267,-2.0791495060080543,2.64990508875106
2016-02-03,0.51526405725908,0.9637836265839064,-1.7980954963991653,2.6108289757246896
2016-02-04,0.17620639893171652,1.0010477809346516,-1.718896236672079,2.5734320739124192
2016-02-05,-1.7920872811509276,1.3266973370715094,-2.0299467814709344,2.638677824456856
2016-02-08,-1.354541743969307,1.8756911303141983,-2.2029023035561526,2.6004704751158223
2016-02-09,-0.02690075398894675,1.9735019373269738,-2.432327838767866,2.563876164411034
2016-02-10,0.019534566453207988,1.9037523090734128,-2.7129876221872946,2.5287844970841467
2016-02-11,-1.1703234491820569,2.2706300678041518,-2.733462770122883,2.495095373855737
2016-02-12,1.9195427733265533,1.6813030643003712,-2.449043937710182,2.510848262924578
2016-02-16,1.6213170416452405,1.4027184689912182,-2.357859799668801,2.4780354697288893
2016-02-17,1.6073171364237295,1.0215127374822413,-2.1495568338142523,2.4464763766215376
2016-02-18,-0.4291670632713006,0.8782256564442921,-2.307592169177046,2.4160931297137203
2016-02-19,0.02216757432910046,0.6437749954654266,-2.518176990524656,2.386814479764631
2016-02-22,1.4124106393553213,0.4014860697051179,-2.543945626717366,2.358575078829566
2016-02-23,-1.1916160035754941,0.7358892394169714,-2.5683127973259676,2.3313148663410668
2016-02-24,0.45248707365137997,0.6793996094654362,-2.4196024791089057,2.3049785314870452
2016-02-25,1.1137391262366545,0.33958494803261946,-2.4474976345233044,2.2795150409274805
2016-02-26,-0.16314601279578506,0.486203738958937,-2.5864607856566035,2.131357543339089
2016-02-29,-0.7718900735898003,0.6409404920881048,-2.5520209477944418,2.110787403487965
2016-03-01,2.2915649017174102,0.038148723113590056,-2.4085222194621387,2.0908015730489566
2016-03-02,0.4071828195314439,-0.0909215774587884,-2.325396049718389,2.0713729028789842
2016-03-03,0.349112182031579,-0.17337611637343484,-2.3542832807682195,2.0524759776627692
2016-03-04,0.32985754995373123,-0.13911623108557786,-2.219606540269463,1.8696852526090622
2016-03-07,0.09530841566861613,-0.034713180271595555,-2.197114827203835,1.8552608768279233
2016-03-08,-1.0851421674994386,0.24640862465310037,-2.44217670300236,1.841165277804767
2016-03-09,0.5016394535917638,0.17558909899050207,-2.1485937634128756,1.827386152615579
2016-03-10,0.026484056088741124,0.11332708377306969,-2.1281546537465768,1.8139118333676953
2016-03-11,1.5864494790832797,-0.21856849956439464,-2.055736938888932,1.584923298712902
2016-03-14,-0.11659416087594097,-0.12816047966063387,-2.0899286346255663,1.575509172839119
2016-03-15,-0.1724538029513007,-0.14511574242362218,-2.123054914677328,1.5662608325102991
2016-03-16,0.5502365983181591,-0.5425012342261397,-1.688711219599934,1.5571734682754526
2016-03-17,0.6452367004769473,-0.6595389923554895,-1.8333176790683898,1.5482424637755783
2016-03-18,0.4315607044411786,-0.7482543084900385,-1.8200041918394636,1.336103500904612
2016-03-21,0.0976008226599703,-0.7957676802651532,-1.755575066774571,1.3299031730163131
2016-03-22,-0.08486252893219222,-0.7118174393897854,-1.8461344698549407,1.3237883714525442
2016-03-23,-0.6262591426205122,-0.5440318067088622,-1.9345631126791947,1.3177571478957668
2016-03-24,-0.03369790787749305,-0.5860500724067033,-1.8688192125824237,1.3118076156042133
2016-03-28,0.057100348429269886,-0.47664851846413686,-1.955996633491875,1.1138838836462381
2016-03-29,0.8664533068475517,-0.7829074197416961,-1.789806337428226,1.109787905741839
2016-03-30,0.4278908030219118,-0.8370570006866369,-1.5765544673720704,1.1057367832874785
2016-03-31,-0.20227490003363824,-0.7503521412564155,-1.6679814478193589,1.1017297035211715
2016-04-01,0.622731738646657,-0.9324115496184151,-1.7576885062111922,0.9589768989077749
2016-04-04,-0.31997411489560385,-0.7087368397311906,-1.7460973202647951,0.9559926988487887
2016-04-05,-1.0092346877502758,-0.4248298377555583,-1.8338551510298025,0.9530361857401308
2016-04-06,1.0352445094167182,-0.7130992709941383,-1.7222765764367662,0.9501069340874451
2016-04-07,-1.1914352229490157,-0.26092225591415397,-1.8590125491988532,0.9472045274950824
2016-04-08,0.2777996313707185,-0.4349340341429051,-1.7478099960608882,0.8480453260397647
2016-04-11,-0.27019363066447927,-0.2375775517314465,-1.6876384029009133,0.8457184900214824
2016-04-12,0.9553139362964265,-0.5454750130789491,-1.5796669185426953,0.8434107023634836
2016-04-13,0.9894008508028453,-0.7651506168297625,-1.717103356450856,0.841121704580999
2016-04-14,0.01346120612774175,-0.7894620755024293,-1.6579022093979188,0.838851243073436
2016-04-15,-0.10164346521779748,-0.8093101408577856,-1.6965690919662928,0.7829435544022751
2016-04-18,0.6452845608669339,-0.8662641981949105,-1.6380057546625695,0.7809591864512387
2016-04-19,0.3014074675069554,-0.8879530058485037,-1.6767613906998327,0.7789898305430423
2016-04-20,0.06954949146828932,-0.8767214586833735,-1.5226339792330017,0.7770352983467126
2016-04-21,-0.526953487978767,-0.72755190783079,-1.466758482081497,0.7750954048225003
2016-04-22,-0.00022562540543114777,-0.8858372134619018,-1.507572294755418,0.740862666034043
2016-04-25,-0.18679074962676076,-0.6947968781091439,-1.4520966219304732,0.7390872277553725
2016-04-26,0.18334477492061496,-0.7195602020216346,-1.3494763513868422,0.7373244928353416
2016-04-27,0.16063793959001535,-0.7596280748107815,-1.5346584693784315,0.7355743105042717
2016-04-28,-0.9379109194228686,-0.4387173073723901,-1.431536553978567,0.7338365324858155
2016-04-29,-0.5135722280467536,-0.33205459498041334,-1.4248880970787172,0.7104902716690427
2016-05-02,0.7824624855671486,-0.556704374941547,-1.3232341637309875,0.7088611167625372
2016-05-03,-0.8814618308666924,-0.35225552163801677,-1.4127166436553429,0.7072431176667027
2016-05-04,-0.6013035872529913,-0.25200867640539,-1.5010744476558557,0.7056361476423492
2016-05-05,-0.02310307590807993,-0.28265184292774054,-1.4937297197883315,0.7040400819569681
2016-05-06,0.32169009265429827,-0.5463452812504139,-1.4393007479743236,0.7024547978440778
2016-05-09,0.07643866020203727,-0.5785913754574532,-1.4326885560285172,0.7008801744635548
2016-05-10,1.2555116715488037,-0.7862524013691756,-1.4261666645512558,0.6993160928629464
2016-05-11,-0.9762570966933402,-0.5487223529027082,-1.7011699470243082,0.6977624359397272
2016-05-12,-0.018112215215229856,-0.609999712442038,-1.6913682690961636,0.6962190884044623
2016-05-13,-0.8642775861419519,-0.46833337136256303,-1.867718655393034,0.7273709719150182
2016-05-16,0.9903039683727448,-0.5478366695552433,-1.8091213343233978,0.7257264177129003
2016-05-17,-0.9602545133617301,-0.34789135706250834,-1.8900309070450634,0.7240929681032486
2016-05-18,0.022428117309755326,-0.2622438580613366,-1.739499946640857,0.722470498675985
2016-05-19,-0.3761420400231667,-0.17662487787133696,-1.7751680824427591,0.7208588869636854
2016-05-20,0.6135352829197411,-0.4300470484584609,-1.7644605901112076,0.752054438566551
2016-05-23,-0.21196510960318415,-0.28996569631006447,-1.8905669353381824,0.7503389725166937
2016-05-24,1.3847644832397679,-0.6044598402870495,-1.832738968756879,0.7486351923038302
2016-05-25,0.7055053093922066,-0.7202366745604715,-1.7760035273420742,0.7469429658535093
2016-05-26,-0.026096285566106287,-0.824384184862452,-1.7202748598101836,0.7452621631716746
2016-05-27,0.43238165648500076,-0.8921167704517331,-1.755527282655337,0.7874548046072388
2016-05-31,-0.10868741860017857,-0.6489316581777114,-1.6554941272746913,0.7856229690087023
2016-06-01,0.11069807932013107,-0.6453557376090151,-1.7810029711562267,0.7838038582728557
2016-06-02,0.28349156623837546,-0.7726411870574017,-1.8595939031834496,0.7819973257563831
2016-06-03,-0.3061388557323619,-0.8069828527327055,-1.8034551013396058,0.8241531300441305
2016-06-06,0.4965034519126468,-0.7644590957108103,-1.792628727312518,0.8221887492338573
2016-06-07,0.12547305497552658,-0.6723570190524742,-1.7378228099416826,0.8202383481843757
2016-06-08,0.3330521025873599,-0.6641920679336475,-1.7720643325461132,0.8183017618639943
2016-06-09,-0.18599814346959184,-0.5360178204911253,-1.8495585342580525,0.8163788279556948
2016-06-10,-0.9596424882873066,0.007387302070373388,-1.8381485806328122,0.891536496458796
2016-06-13,-0.8468963777943946,0.9021866555922313,-1.914036676309844,0.8892975390714983
2016-06-14,-0.18915154317687574,0.793333122862963,-1.9450022581437614,0.8870753657961622
2016-06-15,-0.19321783316634544,0.7098095508389791,-1.8024876337622109,0.8848697679747656
2016-06-16,0.32249190304817843,0.5332773460322651,-1.9642134431256093,0.8826805405629401
2016-06-17,-0.3415747060006262,0.5414348063523349,-1.736457945443186,0.9466371832210831
2016-06-20,0.5999826946783549,0.30336254561497417,-1.6839838441990405,0.944160868083218
2016-06-21,0.2783123321271725,0.3280244743892282,-1.589467531477291,0.9417038852569138
2016-06-22,-0.1764774434781929,0.9417018243202367,-1.6245626697578845,0.9392659845023428
2016-06-23,1.3776691491217556,0.04365369317521728,-1.5311407445794523,0.9368469200911089
2016-06-24,-3.7452512224465924,1.9822976787213364,-1.6519578409591453,1.0116261824809953
2016-06-27,-1.8569694387144682,1.5388166121020728,-1.982477891113611,1.008841396093289
2016-06-28,1.796168834109257,0.3752435331503939,-1.9692944282545535,1.0060794815418173
2016-06-29,1.7131649388346428,-0.10633185103185618,-1.830443990933743,1.0033401274485294
2016-06-30,1.3611061532191362,-0.3367204095476022,-1.6939633924717792,1.000623028337991
2016-07-01,0.19178609916209802,-0.5326373450833407,-1.852436825279181,1.0420125035998524
2016-07-05,-0.7022331507784789,-0.3465387271454144,-2.090791494381928,1.0390956603390493
2016-07-06,0.5375653815140815,-0.4879408713741381,-2.117135271142212,1.0362031755738286
2016-07-07,-0.0940245141768799,-0.5329459983844745,-2.019526821757641,1.0333347121519911
2016-07-08,1.529753960418021,-0.8893527002799024,-2.2513115184631847,1.0415055715132144
2016-07-11,0.33615868872012905,-0.8094007917387978,-2.192701919936068,1.0386225706380559
2016-07-12,0.6993762601851939,-0.8053341344715835,-1.8922520698476681,1.0357633793594376
2016-07-13,0.0016531573607475438,-0.9204318663660263,-2.042618851443042,1.0329276717475926
2016-07-14,0.522015437481571,-0.9685796049413877,-1.8273291884096274,1.030115128085057
2016-07-15,-0.10821846748595314,-1.0004608194210365,-1.6558348060453296,1.0053000959902616
2016-07-18,0.2296993179644081,-1.0504882065832952,-1.5672255571750318,1.0026510185503323
2016-07-19,-0.1606147783886297,-1.1551075957153196,-1.7609345679289088,1.0000227731848093
2016-07-20,0.42260379901744793,-1.1972929116485573,-1.751557902691361,0.9974150882818273
2016-07-21,-0.3852562513820273,-0.9718157243906242,-1.7024256639516941,0.9948276971616489
2016-07-22,0.45237511754249315,-1.1339768839736786,-1.7336600166653584,0.9261517403259599
2016-07-25,-0.3243676790524991,-0.9363335842008214,-1.7247112018519188,0.9239252947186207
2016-07-26,0.019263334704461173,-0.8928763882777728,-1.874146020070008,0.9217148292534474
2016-07-27,-0.13741658912149193,-0.9411654771434259,-1.9813968408008467,0.9195201536801932
2016-07-28,0.15175604129467757,-0.9640615666145325,-1.929740737128789,0.9173410809046045
2016-07-29,0.1541425701026254,-1.1560688112468398,-1.9571964912103872,0.8489648629932874
2016-08-01,-0.1457387806251698,-1.0223513488270637,-1.7503024235616036,0.847098154635514
2016-08-02,-0.6739306219169391,-0.8068688213491383,-1.5853882305841223,0.8452437059584234
2016-08-03,0.3114897653712451,-0.9219761702769798,-1.578330800427345,0.8434013833536691
2016-08-04,0.008823051042155907,-1.0205280666942016,-1.6102268098023453,0.8415710552425839
2016-08-05,0.8749048342915363,-1.2533305842292253,-1.6029349268346427,0.7844472819343241
2016-08-08,-0.10967638327526537,-1.2241686360183126,-1.6731102428691345,0.782848181340511
2016-08-09,0.02529634334909325,-1.1838219617003476,-1.7037141794493003,0.781258820373929
2016-08-10,-0.3137988061280739,-1.0912736803347236,-1.8107395202081202,0.7796791005659103
2016-08-11,0.47745170567496453,-1.17268759377435,-1.8010839475106424,0.7781089248359145
2016-08-12,-0.09878070745113002,-1.1988411162455375,-1.8297806428321428,0.7432717809465265
2016-08-15,0.27568662828175367,-1.135970699569486,-1.7055790359375858,0.7418335978521098
2016-08-16,-0.5902933229954566,-0.9435140754220217,-1.7733981139994803,0.7404037309556282
2016-08-17,0.1805515279228238,-1.0439477774070844,-1.7263956483800331,0.7389821004183762
2016-08-18,0.21491966638763466,-1.2144012597038971,-1.7179324620411747,0.7375686274706111
2016-08-19,-0.16691818808232647,-1.231175015427228,-1.7095925331443766,0.7250376400731146
2016-08-22,-0.07454143478897875,-1.0157335095260063,-1.814325991935685,0.7236758381123803
2016-08-23,0.1897641363610268,-0.9881460291459896,-1.7297306461802493,0.7223216808524787
2016-08-24,-0.5684745806235383,-0.7417983606711941,-1.758772272521508,0.7209750970353881
2016-08-25,-0.15822220550826904,-0.6992952592534646,-1.7500156220347602,0.7196360163295356
2016-08-26,-0.1805816083540369,-0.6934560259054386,-1.8158971994528097,0.7406219761570936
2016-08-29,0.536889269969565,-0.8544725005361233,-1.880690895948948,0.7392273052792893
2016-08-30,-0.22150024682633357,-0.8115419933671191,-1.8333957904544154,0.7378404837896376
2016-08-31,-0.2659754485092538,-0.7412990103715341,-1.7868508316055547,0.7364614383343834
2016-09-01,-0.018074333249230478,-0.7261787199383798,-1.7410072621635757,0.7350900965158773
2016-09-02,0.43084254290117285,-1.0680393745293313,-1.6958195689303373,0.8008530568139395
2016-09-06,0.30130931582386605,-1.0561550386765515,-1.6512452070625785,0.7992740131154124
2016-09-07,-0.031015839597898682,-1.0717575685414926,-1.6805365003598485,0.7977042729469072
2016-09-08,-0.2521801615243413,-0.9387450920459207,-1.5631510083497746,0.7961437453070571
2016-09-09,-2.6373017274327224,0.20704237490277969,-1.373869093217279,0.8730153293180902
2016-09-12,1.5282627293425524,-0.33055936506025246,-1.3325783962869149,0.8711853131758923
2016-09-13,-1.584970602296245,0.2882411908347486,-1.181875893782222,0.8693667572445984
2016-09-14,-0.07020409750337685,0.3545907416068315,-1.1785258725367247,0.8675595424082392
2016-09-15,1.0519421249919743,-0.06975090305623691,-1.0288284107103414,0.8657635512769701
2016-09-16,-0.4092658313561172,-0.2841596474315872,-1.1727041233194526,0.9312719394917989
2016-09-19,-0.011586547430203025,-0.24686088551106544,-1.242522970927576,0.9292280584255068
2016-09-20,0.022020051148114395,-0.15640926244277642,-1.2753266111721144,0.9271975757976912
2016-09-21,1.1380660179772009,-0.7620733111410798,-1.3807813326961864,0.9251803458585378
2016-09-22,0.6729358569321371,-1.056186709907191,-1.4852476283749658,0.9231762250682992
2016-09-23,-0.6228781324075285,-0.9913045732693261,-1.4433976181046835,0.977292297150704
2016-09-26,-0.9255292551467579,-0.4783526384149004,-1.510774353313722,0.9750729518112861
2016-09-27,0.6701472378540386,-0.801624963880093,-1.577418372457487,0.9728686579411332
2016-09-28,0.5481780282904046,-0.964254380156322,-1.5349514666316946,0.9706792461755606
2016-09-29,-1.006023367680333,-0.584994156856735,-1.4929417120209771,0.9685045498059719
2016-09-30,0.8308794412559788,-0.7532050570707733,-1.4874062286182794,0.988790870967685
2016-10-03,-0.35948789183786856,-0.6869652387804321,-1.481931865004228,0.9865456165340211
2016-10-04,-0.5397783903992407,-0.6718909477438443,-1.332635091855595,0.9843155879121016
2016-10-05,0.4452577043575143,-0.8192460712002166,-1.3284129447624864,0.9821006137908216
2016-10-06,0.0395167528892469,-0.8524782778013116,-1.2523368754883215,0.9799005255454831
2016-10-07,-0.3591564316324008,-0.7022528868431702,-1.2127393293195647,0.9440344252296187
2016-10-11,-1.3446192412002242,-0.26390849929481236,-1.2093409572104274,0.9420075334126524
2016-10-12,0.11418530332199192,-0.135471054170205,-1.1341265012092578,0.9399936413151052
2016-10-13,-0.3394608840921191,0.04660437715615109,-1.2030216118593215,0.9379926105696664
2016-10-14,0.014057372471047854,-0.08654114311889466,-0.9842197649945853,0.8573408561951841
2016-10-17,-0.33287893725306245,-0.0654052982065252,-0.9820400946579271,0.8556668610085439
2016-10-18,0.650399690338261,-0.2829479255033671,-1.0876737925120652,0.8540026333296268
2016-10-19,0.22630397325039603,-0.4863129373961543,-1.0131715816293911,0.8523480785398888
2016-10-20,-0.15638883903176679,-0.6402228831309286,-1.1186291806211301,0.8507031032990391
2016-10-21,-0.017451897950763216,-0.7352583541892294,-1.1875910597891375,0.7477146372525402
2016-10-24,0.5007643294704487,-0.8089655859408864,-1.0767879168418826,0.7464169687728841
2016-10-25,-0.41872117763499067,-0.7043496679474762,-1.145954326445258,0.7451260332877844
2016-10-26,-0.19612874963606425,-0.5201380366880248,-1.0712966150531984,0.7438417727739756
2016-10-27,-0.33052013309505773,-0.256167443977446,-0.8893151847484375,0.7425641299058472
2016-10-28,-0.34326675212872393,-0.06050091938267666,-0.8157093004454691,0.6170340266646812
2016-10-31,-0.019893953914376834,0.1445874800377987,-0.8860909546530488,0.6160958198451575
2016-11-01,-0.7424543859450919,0.49816686890549094,-0.812458882751007,0.6151618797126145
2016-11-02,-0.7127791092558188,0.6767247439482476,-0.81098077852265,0.6142321740254152
2016-11-03,-0.4831220547886939,1.3254813675718966,-0.7735246469085261,0.6133066708819719
2016-11-04,-0.18301718911002682,1.4223789000057703,-0.8441733306747361,0.4649444399735885
2016-11-07,2.366729204586136,0.5246632626379552,-0.7705779504200768,0.46432835985684645
2016-11-08,0.3989431505644134,0.5310089985259372,-0.7692435815880604,0.4637147223004171
2016-11-09,1.1797326610758094,-0.49910351145798676,-0.19048500357354128,0.46310351120689314
2016-11-10,0.19975256429033275,-0.4133982330118627,0.026667238854760765,0.46249471062700365
2016-11-14,-0.023515880476159358,-0.47434405317261696,0.026638404516473983,0.3251434954053066
2016-11-15,0.7946221563625433,-0.736213683584659,-0.045862468589362645,0.3247559420024644
2016-11-16,-0.18406023480223577,-0.652212519414718,-0.009537885691230128,0.3243697711320186
2016-11-17,0.4929147857268994,-0.7387802885648537,0.09941446712077669,0.323984974593547
2016-11-18,-0.2724435703686898,-0.8558894696300511,0.17200873809072612,0.1633984465851934
2016-11-21,0.7933307574837674,-0.9560407369888138,0.09904177591004655,0.16321912654319481
2016-11-22,0.22028550169685232,-0.956457219876105,0.06250620128118164,0.16304039558746697
2016-11-23,0.07275674818365536,-0.9497791350931015,0.06243941039126607,0.16286225049970296
2016-11-25,0.4097450573886254,-0.969156153224722,0.062372833152656446,0.013278258886762132
2016-11-28,-0.5895001270256687,-0.7754205806355108,-0.047331272709495456,0.01326418299909295
2016-11-29,0.1305604576651385,-0.8333369282557892,-0.04728110121155654,0.013250151781017835
2016-11-30,-0.30489613668759186,-0.729930469894942,0.13588383379283572,0.013236164996770746
2016-12-01,-0.3989245883910633,-0.5531626732068626,0.3190144549433387,0.013222222412325565
2016-12-02,0.02970629493542623,-0.5405264823333376,0.24527086579291826,-0.1138868122464962
2016-12-05,0.6209519142786248,-1.010010379169932,0.13481280192972628,-0.11376582469916635
2016-12-06,0.3576193996297997,-1.090869804355619,0.17143712467453237,-0.1136452219273961
2016-12-07,1.4139867410467084,-0.986430300381507,0.0608333443838084,-0.11352500189600363
2016-12-08,0.2173088717581981,-0.8847599067756918,0.20814687273460805,-0.11340516258484568
2016-12-09,0.6292344062423362,-1.0942524895768726,0.35541737324670214,-0.22941702099387662
2016-12-12,-0.14531033988443792,-0.8806693892753807,0.42880063224307907,-0.22916640135439728
2016-12-13,0.6946953678645523,-0.8600596241531308,0.3174780140125056,-0.2289166012698686
2016-12-14,-0.9157897036091927,-0.7468669221866067,0.1692130468144879,-0.22866761628327512
2016-12-15,0.40570562623152207,-0.840735989397162,0.317086364849761,-0.22841944197146183
2016-12-16,-0.2132527487562535,-0.9794429719645523,0.35376897541299585,-0.3331899028479451
2016-12-19,0.19680779792806663,-1.0938145374511148,0.27920692919293993,-0.33280971182564856
2016-12-20,0.37911017947910897,-1.153040197881787,0.35312221929328375,-0.3324308193072118
2016-12-21,-0.2926523829156255,-1.1929730120215989,0.426994736639885,-0.3320532179179114
2016-12-22,-0.22662313906866216,-1.1521106429472776,0.3893105010433734,-0.33167690034152864
2016-12-23,0.11767748263929827,-1.1470149688437143,0.3888538410597113,-0.4016228602794881
2016-12-27,0.22752864550467644,-1.0139797260518242,0.23943424539945948,-0.40114874696163055
2016-12-28,-0.9488889551002233,-0.7841516262653255,0.09003704351898531,-0.40067630875282295
2016-12-29,-0.05174724411873809,-0.683109780182134,0.16459338516350236,-0.4002055358122462
2016-12-30,-0.5339091906463914,-0.5227854149338267,0.08970050019028854,-0.47028672957145556
2017-01-03,0.917896597064819,-0.805210945334522,0.014809074301706941,-0.4697076998353833
2017-01-04,0.612416558871745,-1.0415634297635004,-0.022644123501870412,-0.46913080359740417
2017-01-05,-0.10676719790957707,-1.0821311638782196,-0.0975726049658543,-0.468556027787776
2017-01-06,0.3687933071053189,-1.1628492813688849,-0.09747385794675542,-0.5387429574602081
2017-01-09,-0.41685454026007074,-1.103180037383507,-0.21001958263180764,-0.5380478023854998
2017-01-10,-0.020983165460324117,-1.1173484958856306,-0.13463370811608896,-0.5373553313190156
2017-01-11,0.2936575114811501,-1.1693865122517146,-0.1721182804749321,-0.5366655270334121
2017-01-12,-0.2608560324474561,-1.1002659274298854,-0.17194204034742486,-0.5359783724557494
2017-01-13,0.18510107421763972,-1.1713250675268372,-0.13407220974754003,-0.606291051746257
2017-01-17,-0.3532739139695521,-1.01691432337646,-0.2471253039331879,-0.6054701457311504
2017-01-18,0.17616944224827819,-0.8701899683952155,-0.13357214659037728,-0.604652565183035
2017-01-19,-0.4255720880429178,-0.7974686253362466,-0.020023516573770488,-0.6038382877100877
2017-01-20,0.355890927211416,-1.0904676686263894,0.20704549093839905,-0.6741866361825568
2017-01-23,-0.32286077440425887,-1.0335876727981708,0.09320486562720938,-0.6732235237083851
2017-01-24,0.7130786303649703,-1.1974108314185343,0.13102702788874676,-0.6722645270527629
2017-01-25,0.8745323312551293,-1.256117266322285,0.28268642573060543,-0.6713096169843463
2017-01-26,-0.10611602712961835,-1.2955357704623067,0.28238819349680805,-0.6703587645616128
2017-01-27,-0.12074883973031406,-1.3039768662305826,0.16804520175854312,-0.7169700115717174
2017-01-30,-0.7006516747826037,-0.993212080609995,0.1678770425542904,-0.7159143306351763
2017-01-31,-0.12196476605069582,-0.9652638263316252,0.12961862564953566,-0.7148632992251628
2017-02-01,0.01201325257231209,-1.0060620261685935,0.12949085719707307,-0.7138168833117973
2017-02-02,0.042643955009995335,-0.9757047977812423,0.1675271772573595,-0.7127750492128742
2017-02-03,0.7945499858154962,-1.2009543885732201,0.20555915969918023,-0.7594015042226403
2017-02-06,-0.26228374555891004,-1.1035919153771017,0.12888375623471252,-0.7582484011264934
2017-02-07,0.0028350946063719516,-1.1201508074299389,0.05221172833873963,-0.7571005348708322
2017-02-08,0.05556242130095777,-1.0799174976120234,-0.13938968623513318,-0.755957865936599
2017-02-09,0.6261182859486994,-1.2123256379008664,-0.10090816981539621,-0.7548203552210001
2017-02-10,0.3789686353208995,-1.2165480349964102,-0.0624279897913145,-0.7775662218011298
2017-02-13,0.5680096612860613,-1.1617666687300476,0.014471814949676119,-0.7763761393525631
2017-02-14,0.42755832028129354,-1.2370006308304475,-0.023998841652086798,-0.7751915045737678
2017-02-15,0.5383136653582348,-0.9438796323181149,0.053011054353627886,-0.7740122760294764
2017-02-16,-0.12608251858825736,-0.991767548616782,0.014430515628591753,-0.7728384127243142
2017-02-17,0.16301870333902335,-1.0536335199091014,-0.06271669597250513,-0.7836313504250955
2017-02-21,0.6579566827121146,-1.0326564194158654,-0.06265715644747145,-0.7824363223673118
2017-02-22,-0.15255470781839484,-0.9905246061742866,-0.10123688740458135,-0.781246744896228
2017-02-23,0.018739293742741473,-0.9957594758011106,-0.1011405397862412,-0.7800625767034159
2017-02-24,0.14116671228053143,-1.0505367458511345,-0.13975508116532667,-0.7788837769173976
2017-02-27,0.08682018302486828,-0.9021228207064298,-0.2558521875864365,-0.7777103050977457
2017-02-28,-0.32458511858499595,-0.7044766206536995,-0.33314199664811966,-0.7765421212292442
2017-03-01,1.5212540166260737,-0.7933440391568575,-0.21637758703076732,-0.775379185716162
2017-03-02,-0.7028931743739525,-0.9647067254767536,-0.2161662072503888,-0.7742214593766114
2017-03-03,0.02710067561374207,-1.1637207469334847,-0.21595544575433656,-0.749063555434314
2017-03-06,-0.4060521441781958,-1.0950971512077914,-0.17683104445900213,-0.7479771337585579
2017-03-07,-0.36383958278547646,-1.0432954814167994,-0.09875881601251416,-0.7468954255623557
2017-03-08,-0.29119701286473154,-0.9444658929219322,-0.05967762358044609,-0.7458183968613227
2017-03-09,0.06304114263581766,-0.8388507988436268,0.018428749360077143,-0.7447460140131326
2017-03-10,0.3457664287346127,-0.9887794316609342,-0.020650022742042494,-0.7196201617073049
2017-03-13,0.01264893417768603,-1.0601988700715048,-0.020630991124712957,-0.7186146368699422
2017-03-14,-0.41866692221648455,-0.8336836852177578,-0.09887915024736325,-0.717613315345198
2017-03-15,0.9302424036583984,-0.9907567003156784,-0.17712277050520323,-0.7166161679298464
2017-03-16,-0.21784638292683756,-1.0881710818616845,-0.1769554120851734,-0.7156231657039225
2017-03-17,-0.1816024067181185,-1.069472540844659,-0.21602390723536954,-0.6784608981200096
2017-03-20,-0.26175174129896,-1.0532157825919597,-0.21581752608074128,-0.6775570742341404
2017-03-21,-1.4672336376527257,-0.7842042528478104,-0.2549138977538251,-0.6766568528866908
2017-03-22,0.19099960368919283,-0.7026262564101519,-0.37266004723258267,-0.6757602102088989
2017-03-23,-0.1494032698334321,-0.6282876284909273,-0.29355350511369205,-0.6748671225528284
2017-03-24,-0.12426760048842893,-0.6653943629237578,-0.3326594396661584,-0.6497987846250529
2017-03-27,-0.14446639009192916,-0.773516091928275,-0.4505872729698394,-0.648963289339731
2017-03-28,0.8090422120955624,-1.0021401084420627,-0.41065207255708763,-0.6481310085668363
2017-03-29,0.09772792607954359,-1.0263684403337565,-0.37074051962668997,-0.6473019217463978
2017-03-30,0.31143092573160447,-0.9960725147295642,-0.3308481194444152,-0.6464760085020728
2017-03-31,-0.29025358216808167,-0.7977259609682339,-0.3700633870820941,-0.6214082483275241
2017-04-03,-0.21873819747718246,-0.7941865250181389,-0.4488278969089422,-0.6206364713363184
2017-04-04,0.03723461841041869,-0.9328726286818537,-0.4483454834123789,-0.6198675628168345
2017-04-05,-0.3833241302966963,-0.670488954000717,-0.4874868857196084,-0.6191015050441875
2017-04-06,0.19704664802641547,-0.7882758370746142,-0.48694908506491963,-0.6183382804464542
2017-04-07,-0.1238375260332393,-0.6731940828199666,-0.5260855229892504,-0.6297344249671568
2017-04-10,0.05277213285884107,-0.3918895090074352,-0.5651827158062389,-0.6289534377546968
2017-04-11,-0.19475833861532174,-0.14875799040730897,-0.5645216041741576,-0.6281753490595519
2017-04-12,-0.4666802382076261,0.018133285220207077,-0.7227807540811751,-0.627400140996946
2017-04-13,-0.8244369518555624,0.06342036532737012,-0.7615411759805496,-0.6266277958362195
2017-04-17,0.9762635013905494,-0.24686675774701244,-0.6809798633689518,-0.6746116114798738
2017-04-18,-0.36623403660383813,-0.30394800022557217,-0.8789010704700411,-0.6737476409597998
2017-04-19,-0.22679409466743605,-0.18176545079659828,-0.798016572164732,-0.6728869814035413
2017-04-20,0.8548723682038852,-0.36817174731982016,-0.7570898281602236,-0.6720296117175057
2017-04-21,-0.38281749764422746,-0.2529109314398466,-0.7162442834177551,-0.7322240958410328
2017-04-24,1.2348009912921656,-1.1594889273298277,-0.75511743372367,-0.7312411333723857
2017-04-25,0.682062156532519,-1.176215619437821,-0.6345591893461036,-0.7302621189913292
2017-04-26,-0.08669546144556482,-1.1523009316049448,-0.7135144451679934,-0.7292870263391533
2017-04-27,0.03513862157630451,-1.26683011653706,-0.6726985639085352,-0.7283158293028634
2017-04-28,-0.2544353314843155,-1.1543241469168053,-0.8314098186511077,-0.8251987638845697
2017-05-01,0.17391260797052835,-1.3211524185883383,-0.6705885121186639,-0.8239972954337458
2017-05-02,0.11000621511339992,-1.2037508408906565,-0.7895176718814748,-0.8228010596701352
2017-05-03,-0.17951937245520255,-1.1797816890748027,-0.7484807487360052,-0.8216100187209793
2017-05-04,0.038920406911980114,-1.2297078192159168,-0.7075221005171717,-0.8204241350961675
2017-05-05,0.45103590404948046,-1.2008887982982415,-0.7066086150589832,-0.9416745190935588
2017-05-08,-0.026065801800871684,-1.3884895356678948,-0.625707059385186,-0.9401492268020601
2017-05-09,-0.15151635197075716,-1.3399142642842652,-0.6649800927510563,-0.9386313224297875
2017-05-10,0.10323567117766029,-1.2773942491874137,-0.6241200277007991,-0.937120746528358
2017-05-11,-0.2863629250809255,-1.181989710666356,-0.7034938907065776,-0.9356174403169533
2017-05-12,-0.20499754400752443,-1.2270215823814903,-0.7025967588030152,-1.0565494994509033
2017-05-15,0.534445264201285,-1.2196646262640094,-0.7417871862514283,-1.0546468251751715
2017-05-16,-0.1119765972113841,-1.1625669226587387,-0.7007098258750644,-1.0527543932386425
2017-05-17,-2.196678021429408,0.013348173064584882,-1.0205737733867872,-1.0508721120768267
2017-05-18,0.40831290679629173,-0.20803469944137173,-1.0188096199623307,-1.048999891267154
2017-05-19,0.7700481732715566,-0.8315482824133266,-1.0571125819265648,-1.1694378165802475
2017-05-22,0.5801850753146716,-1.0942462340529362,-1.0151693106503916,-1.1671024087492505
2017-05-23,0.1877697113791347,-1.142097128263747,-0.9333001149648672,-1.1647809369370787
2017-05-24,0.26458826508018257,-1.3059908459973741,-0.9719062992235389,-1.1624732630927568
2017-05-25,0.49501077264457405,-1.3101376793239798,-1.0504502030219682,-1.160179251072316
2017-05-26,0.005583777428798805,-1.3497905884522254,-1.0485983344094087,-1.2677384789874129
2017-05-30,-0.17441722840474363,-1.2116492645791084,-1.1268417408938838,-1.264974725849985
2017-05-31,-0.0857004899477111,-1.2020489288750535,-1.1247057240830252,-1.2622289697473241
2017-06-01,0.8656754395854204,-1.322639445110945,-1.1225818083639318,-1.2595010162014462
2017-06-02,0.4078622550445691,-1.3527041044592814,-1.360351864492328,-1.366344489733509
2017-06-05,-0.17810839868929138,-1.2739319048666016,-1.3970486647483071,-1.3630918336583033
2017-06-06,-0.3643230916353071,-1.1813910554733578,-1.4733695611091409,-1.3598622968961418
2017-06-07,0.15462486432254563,-1.19322030322081,-1.3898405396179043,-1.3566556068583504
2017-06-08,-0.0006129954269991643,-1.2451304315743463,-1.3864742558982304,-1.3534714954346996
2017-06-09,-0.13168227066511443,-1.115048990882969,-1.3831323143565513,-1.4351736995714865
2017-06-12,-0.14936904236653892,-0.9334808990792416,-1.3798144230292761,-1.4315582875898416
2017-06-13,0.5062427617859764,-1.177669056627681,-1.4956510052513055,-1.4279700619153735
2017-06-14,-0.15221437021541434,-1.1234434988385333,-1.610587391734934,-1.4244086835321197
2017-06-15,-0.3013005159994775,-1.05999629118632,-1.566274421484703,-1.4208738193133381
2017-06-16,0.0017304547265911885,-1.1808479000784748,-1.4431969852521742,-1.4897656610204146
2017-06-19,0.9643051085849388,-1.1808951625012398,-1.479093513408006,-1.485849880097821
2017-06-20,-0.8396002153515104,-1.063046143495968,-1.5936582785627582,-1.4819648150929678
2017-06-21,-0.10245925547080087,-1.087142840117779,-1.5890693952867492,-1.4781100665280664
2017-06-22,-0.0871295971947213,-1.148865094418711,-1.5451578904158332,-1.4742852421612735
2017-06-23,0.15523105768411663,-1.2550647977388398,-1.5409130346098396,-1.5185085166522887
2017-06-26,0.005451560673035576,-1.2806902358843475,-1.654496789116455,-1.5144436054308572
2017-06-27,-1.0076781322973964,-1.0048663650469976,-1.4533878020789763,-1.5104111646164817
2017-06-28,1.0240566868492391,-1.2457399844258548,-1.2535213585799279,-1.506410764210553
2017-06-29,-1.0714911488231094,-0.9112682566844199,-1.21166672165141,-1.5024419821446107
2017-06-30,0.15357374387128112,-0.971177589516694,-1.0522071746100512,-1.5343268473970801
2017-07-03,0.24694183565530184,-0.9602361674300751,-1.0111433763610853,-1.530193308250482
2017-07-05,0.14354058380823653,-0.994090726232631,-1.0880532495788107,-1.5260929978740112
2017-07-06,-1.1663388244701223,-0.6459707684355009,-0.8897380713971353,-1.522025473440285
2017-07-07,0.7396929826661301,-0.9636534289739841,-0.8098351084060691,-1.55365465518351
2017-07-10,0.0807836130018371,-0.9810247854634132,-0.8480902497030287,-1.5494220682333635
2017-07-11,-0.12583376260328918,-1.0313386250631944,-0.768246907525638,-1.545223886097515
2017-07-12,0.8481924762443771,-1.1686237422119043,-0.8459785846139048,-1.5410596451852585
2017-07-13,0.1939445306851476,-1.2605631289514216,-0.8448235156951458,-1.5369288906043892
2017-07-14,0.5311917360980954,-1.3496641729721264,-0.8436731651626559,-1.5682952896744522
2017-07-17,-0.04006229772894957,-1.2738143541518208,-0.9606218414256922,-1.564000124863814
2017-07-18,0.03878866495467903,-1.254728211037686,-1.116528990853246,-1.5597400579638994
2017-07-19,0.6157740584532275,-1.275655706868585,-1.1538620769536674,-1.5555146135601141
2017-07-20,-0.05334094655988238,-1.322284154142713,-1.1517396944498883,-1.5513233252048346
2017-07-21,-0.07931096061536476,-1.3709951985483462,-1.228195849158377,-1.5824260946186646
2017-07-24,-0.1638508224221923,-1.3514955455996118,-1.1865092836661733,-1.5780711608448974
2017-07-25,0.3205715661458128,-1.3484976317246806,-1.0271741854655934,-1.5737519854330262
2017-07-26,-0.00045336495108244185,-1.3057419571243563,-1.0255186586477183,-1.5694680816933997
2017-07-27,-0.1533697865795502,-1.1836519763580757,-0.905979686663176,-1.5652189721598722
2017-07-28,-0.1981942153563867,-1.139308792092582,-0.9046896517282812,-1.5843741399183764
2017-07-31,-0.1232042185861768,-1.1442850927800563,-0.903405111833245,-1.5800402380575118
2017-08-01,0.2643337138644797,-1.181989217566182,-1.059371710450894,-1.5757417076353926
2017-08-02,0.025515355995197622,-1.1353568216411294,-1.096912011453616,-1.5714780701111406
2017-08-03,-0.30189952511688356,-1.0959243894337702,-1.1343107196365019,-1.567248855958952
2017-08-04,0.19659183073230418,-1.1898977702475289,-1.0930312702854055,-1.5514344711946821
2017-08-07,0.16687568796173052,-1.211033966316751,-1.1304359950589487,-1.5473469106252726
2017-08-08,-0.33099245902971036,-0.9680436962732697,-1.0106582513435405,-1.5432914891962324
2017-08-09,-0.0789739762757013,-0.9315195628774229,-1.0876126339065464,-1.5392677879374654
2017-08-10,-1.8184097431178086,0.2245588886375742,-1.2427306461405456,-1.535275395485685
2017-08-11,0.12468722157243171,0.10008572480893137,-1.1618722065853517,-1.4966309857839064
2017-08-14,1.1918657067597531,-0.6461487348534888,-1.159774405522331,-1.492909212747841
2017-08-15,-0.09459503407901827,-0.7134680721565205,-1.04004738781801,-1.4892150678812028
2017-08-16,0.14065048233300811,-0.7830218768852646,-1.1168194098683124,-1.485548211042564
2017-08-17,-1.9369604625872172,0.11281348244948632,-1.2324653450852583,-1.4819083079244344
2017-08-18,-0.2554749972772389,-0.19060883736649104,-1.2692516753905476,-1.4207333104174549
2017-08-21,0.11220059904903469,-0.44219190121524604,-1.2667255853719388,-1.4174659773630465
2017-08-22,1.1813460839063215,-0.8746025981677887,-1.1468238800473751,-1.41422108327901
2017-08-23,-0.45619947005623734,-0.6617574985973361,-1.3012738331570322,-1.4109983724965551
2017-08-24,-0.28619748846150556,-0.6657420971901984,-1.25953056519679,-1.4077975934067124
2017-08-25,0.17408948434536534,-0.8886277934007258,-1.4132771890508353,-1.3472472179779813
2017-08-28,0.02845195813347666,-0.8780104228391363,-1.3710630756393367,-1.3443788610781657
2017-08-29,0.07213434841808312,-0.7873760971361917,-1.485009854241119,-1.3415287471388302
2017-08-30,0.5347938176642318,-0.8994415126356307,-1.4035490176856664,-1.338696683598689
2017-08-31,0.6695821173446829,-1.046507661667593,-1.5171235458252919,-1.3358824807300753
2017-09-01,0.21047319688224791,-1.1530635486536542,-1.4356359116706645,-1.2758618570394475
2017-09-05,-0.9671073959282749,-0.6567705767296267,-1.5876251351243116,-1.2733446726010482
2017-09-06,0.35264140649734826,-0.7974455423382968,-1.467118733683827,-1.2708423282912562
2017-09-07,-0.0548599733695867,-0.8153188146723483,-1.5411513301325734,-1.2683546788635556
2017-09-08,-0.216666884437711,-0.679929450727005,-1.4985643804803936,-1.2430274470563927
2017-09-11,1.2973194464177316,-1.0068851839337782,-1.3788751112413382,-1.240666190378159
2017-09-12,0.3800785796595978,-1.040709977153024,-1.2985238484326176,-1.238318339117533
2017-09-13,0.05847248422850108,-1.0579389306513896,-1.2572489718256414,-1.2359837669097775
2017-09-14,-0.17125019030099084,-1.0704023943890086,-1.332156783565142,-1.2336623490515282
2017-09-15,0.1933831955758579,-1.1322645962264117,-1.4066550568113743,-1.2313539624728145
2017-09-18,0.1448846655481966,-1.135056875265783,-1.3263668859915265,-1.2290584857096318
2017-09-19,0.10200426617455749,-1.12607568215957,-1.2850750602531527,-1.2267757988771308
2017-09-20,0.04299064008372678,-1.2182709654897699,-1.32112583642699,-1.2245057836432909
2017-09-21,-0.41411024426003645,-1.241894076000651,-1.3569893326262843,-1.2222483232031722
2017-09-22,0.04526534186999708,-1.2583632739136061,-1.4311533079585672,-1.2427731576065102
2017-09-25,-0.3115379721767407,-1.1103264877829044,-1.504854484402581,-1.2404476820369752
2017-09-26,-0.02580883049271981,-1.117903701862288,-1.4628356585006714,-1.2381352120837013
2017-09-27,0.4723164084916739,-1.1865203917334601,-1.2674170891731154,-1.235835626970068
2017-09-28,0.11436871398992667,-1.2595369025142917,-1.1881507841559138,-1.2335488074838787
2017-09-29,0.42493399406560567,-1.266537854368045,-1.1860555579103915,-1.2880800034070758
2017-10-02,0.4455294672144501,-1.2781972343477852,-1.2223774286721416,-1.285579835902024
2017-10-03,0.231938860241459,-1.2616826958203622,-1.181762043325647,-1.2830941706083057
2017-10-04,0.11813244526743023,-1.2311896932147364,-1.179700177979917,-1.2806228678658775
2017-10-05,0.6654557579911176,-1.3319602384776652,-1.17764906735679,-1.2781657898904057
2017-10-06,-0.17274597480292386,-1.2216317660554163,-1.290669598187891,-1.332381193183218
2017-10-10,0.2516974899744271,-1.1187764651071264,-1.2498485379586945,-1.3297020304856229
2017-10-11,0.18672313002086052,-1.1707852521908455,-1.2475311502536246,-1.3270389649073666
2017-10-12,-0.2503524754395166,-1.1547409388471244,-1.3218143749685476,-1.3243918358985018
2017-10-13,0.07129450692745877,-1.2229614988739854,-1.510412628333416,-1.400881266374663
2017-10-16,0.18050262284179025,-1.1506209502758935,-1.5450256725975422,-1.3978922571003711
2017-10-17,0.045266144424760714,-1.0551575030526914,-1.541263726167305,-1.3949222991624757
2017-10-18,0.053985294375311674,-1.1096791525992924,-1.5756270261216705,-1.3919711910349053
2017-10-19,0.001915872708393146,-1.112577567599315,-1.5716941175299084,-1.3890387341634947
2017-10-20,0.6022411837542628,-1.129491755586368,-1.4156566310104102,-1.4649472057139825
2017-10-23,-0.5407858690577833,-0.8704586086943162,-1.3745860700574453,-1.4616521676070287
2017-10-24,0.1640071199672923,-0.8483057356610426,-1.2957119156982313,-1.4583792640772952
2017-10-25,-0.6281822660907146,-0.830880595957031,-1.2552228633609472,-1.4551282484126227
2017-10-26,0.1212045349263274,-0.8134907003980095,-1.2529199788722107,-1.4518988777335795
2017-10-27,0.9741201800335765,-1.1635585619091136,-1.2506297229579968,-1.5271669855540786
2017-10-30,-0.44354121382200123,-0.9979031087294743,-1.4001786826639075,-1.5235552762253572
2017-10-31,0.07928853588167263,-1.0713444895649074,-1.4351502937548857,-1.5199690710765719
2017-11-01,0.16089314854229847,-1.065036833750473,-1.5077809756941134,-1.516408071349849
2017-11-02,-0.016209500073153044,-1.126557358540361,-1.5799286693424637,-1.51287198316401
2017-11-03,0.3507123103097249,-1.3093159046986105,-1.6892956983345477,-1.565137791603908
2017-11-06,0.1199855309217229,-1.2461164509820726,-1.6847104232265644,-1.5613333295748588
2017-11-07,-0.06487418812769585,-1.1294826609407587,-1.7554300230258442,-1.5575564764645875
2017-11-08,0.14188625360855892,-1.1533555603997192,-1.8255172008709164,-1.5538068999514238
2017-11-09,-0.5188042625438254,-0.9833549842881696,-1.7074596861583236,-1.5500842732869717
2017-11-10,-0.15429300044653194,-0.7974004949906118,-1.590320382907732,-1.5907778468907114
2017-11-13,0.08458659186810567,-0.7473826903214493,-1.6987337299632257,-1.5868483821187316
2017-11-14,-0.33401239731940807,-0.7255138571029662,-1.694123697889426,-1.582947893364013
2017-11-15,-0.7438384885190208,-0.36419681704256085,-1.876103337728203,-1.5790760262512977
2017-11-16,0.9981713453530804,-0.6848625853342113,-1.8702015525352693,-1.5752324324433757
2017-11-17,-0.37452005898306306,-0.7614611468328336,-1.9757762437038864,-1.5934931660119411
2017-11-20,0.12240288537248599,-0.9433083283384076,-2.0431323752054675,-1.58957480460988
2017-11-21,0.7896445739083533,-1.1573905027412708,-2.0727519212878502,-1.5856852072460779
2017-11-22,-0.13664446029624322,-1.1204273077791034,-2.1020078274214296,-1.581824023714048
2017-11-24,0.22078899130802207,-1.167785281530859,-2.05737945622304,-1.588982551045028
2017-11-27,-0.09025329181849494,-1.1191170986990064,-2.0866373037071937,-1.5851125812248241
2017-11-28,1.2080442169051768,-1.0799673668516057,-2.0423425331213387,-1.581270750322609
2017-11-29,-0.08991560641761953,-0.9216569894876164,-2.0350776865820888,-1.5774567189818063
2017-11-30,0.9978016719867506,-0.7847432269006308,-1.845495233046765,-1.5736701535480575
2017-12-01,-0.30274331579212216,-0.7487455260834206,-2.0220143120500786,-1.5808462425248744
2017-12-04,-0.17815104978348262,-0.6893747604737662,-2.087578969323419,-1.5770503855563787
2017-12-05,-0.522189145376011,-0.7706977310196549,-2.2246930030365117,-1.5732817412538447
2017-12-06,-0.05738480072809195,-0.8425054980443532,-2.1434895918784216,-1.5695399860155834
2017-12-07,0.33188814857290705,-1.043005776936343,-2.0632696139039948,-1.5658248016017697
2017-12-08,0.6596279043245505,-1.1773004052909597,-2.0199204496649985,-1.5730168526885415
2017-12-11,0.3652783781819985,-1.231530065872256,-2.0488243529005623,-1.5692919167355361
2017-12-12,0.15367946577052116,-1.0937515547365906,-2.0415888628143812,-1.5655933182444017
2017-12-13,-0.10557744741889857,-1.0312804512720108,-2.0344294923557533,-1.5619207483023818
2017-12-14,-0.5681506639261894,-0.9572807534949379,-2.1698801906693865,-1.5582739030455768
2017-12-15,1.1021126999108084,-1.2063802160481338,-2.2325292775502668,-1.5654804313354553
2017-12-18,0.6408710907443924,-1.1786574113083983,-2.081783659326739,-1.5618234156988309
2017-12-19,-0.46186585979399514,-1.059852824364779,-1.9327069509955326,-1.5581919096422623
2017-12-20,-0.15224085708581964,-1.1308105731580562,-1.8204348635473964,-1.5545856179673399
2017-12-21,0.2094002622092395,-1.1524424029825278,-1.9210843960018114,-1.5510042502361183
2017-12-22,-0.10491969511874871,-1.0852021133755063,-1.985478136792217,-1.5797743726257014
2017-12-26,-0.18218243338623008,-1.0018038601916641,-2.0491675917905923,-1.5760611915843978
2017-12-27,0.056222548118458074,-0.9490180306738409,-2.112115558681881,-1.5723740710010834
2017-12-28,0.19047020958501917,-1.0156112520040153,-2.1393460139784515,-1.5687127074588212
2017-12-29,-0.7161399600509522,-0.8131041382982239,-2.1662307429676497,-1.5972719798062351
2018-01-02,1.021260102444534,-1.1092201660412864,-2.0536485208331645,-1.5934785855784388
2018-01-03,0.7762979284650097,-1.2524109208746053,-2.1853304262304776,-1.5897120906394497
2018-01-04,0.4713706581568876,-1.2339207215004282,-2.1769308131229153,-1.5859721785761247
2018-01-05,0.8565820197208073,-1.231845327965389,-2.134105335042758,-1.6250038099223116
2018-01-08,0.16522336340135277,-1.1597735397157316,-2.057320649748783,-1.6210688502043247
2018-01-09,0.11872822062916549,-1.0272541283882564,-1.912522839371064,-1.6171623383498002
2018-01-10,-0.19367223793801627,-1.0865460820789443,-1.906619498548826,-1.6132839332286275
2018-01-11,0.8571246875114525,-1.0709705444388664,-1.9350814103187308,-1.6094332994102534
2018-01-12,0.8196760145648536,-1.0040921764754558,-1.929013740049734,-1.637493901630182
2018-01-16,-0.5087902071957826,-0.6523779414112357,-2.0938146842164844,-1.6335109689801997
2018-01-17,1.1616563864557072,-0.5933081943631238,-2.0523195309225604,-1.6295569591303427
2018-01-18,-0.26212745402758,-0.5202520452218777,-1.8751485808718542,-1.6256315237196577
2018-01-19,0.5145674072632771,-0.7421406243652707,-1.8355819350289442,-1.6217343202331866
2018-01-22,0.9879151058578118,-0.7975446375438859,-1.830314248949671,-1.6178650118764641
2018-01-23,0.22723700816141268,-0.7803027443321034,-1.8589869175119247,-1.6140232674532535
2018-01-24,-0.1273379564938769,-0.6928433766126095,-1.8535612019785437,-1.610208761246462
2018-01-25,0.023658155418167872,-0.6664014366297265,-1.915735921955125,-1.6064211729021438
2018-01-26,1.4723615668529468,-0.782932005842125,-1.9772959270985184,-1.5605462618334123
2018-01-29,-0.9326976045917449,-0.1348537254764295,-1.769028221868684,-1.5570450057788756
2018-01-30,-1.475672116225611,0.08827092424716208,-1.7306277159834904,-1.5535672108204603
2018-01-31,0.010098411415282988,-0.2054415025250062,-1.7933110846682685,-1.5501126161110208
2018-02-01,-0.13749963013553756,-0.2217556338135707,-1.6541858626183605,-1.5466809648456832
2018-02-02,-2.8225016783553856,0.6814332566809504,-1.415286906520698,-1.4489023409523065
2018-02-05,-5.355858252209437,5.290308501009039,-1.412527964321132,-1.4459875863837806
2018-02-06,2.146754923324961,3.5606786873902974,-1.4097850942102035,-1.4430903521573286
2018-02-07,-0.6788483695005363,3.024180409426455,-1.4070581407461598,-1.440210463451238
2018-02-08,-4.815545620785984,4.277803826263251,-1.3038378239999087,-1.4373477478762846
2018-02-09,1.8105114938230507,3.259867583350876,-1.1004838984696061,-1.2881079066783419
2018-02-12,1.6807421294870057,2.4745664731371093,-1.1324353152161954,-1.2858979763182254
2018-02-13,0.2840767363212891,2.32185826525896,-1.2647831775717153,-1.28369938140799
2018-02-14,1.6146272750867203,1.0475769588766073,-1.2291841509442143,-1.2815120253725019
2018-02-15,1.447784349142446,1.0172645619771183,-1.3276010970837326,-1.279335812784622
2018-02-16,0.0013710534891808461,1.0892872062573427,-1.4923855588015822,-1.089175090177069
2018-02-20,-0.7738262063320492,1.3409465391144626,-1.5894297480480606,-1.087647931427925
2018-02-21,-0.7299070990486882,1.209832205030065,-1.41908872654014,-1.0861271785160176
2018-02-22,0.07796637575250134,0.9192464993923204,-1.4496979156442789,-1.084612786782893
2018-02-23,1.933149992611259,0.4222791687202274,-1.5800444150198547,-0.9263947337953498
2018-02-26,1.4061862346417595,0.2683429433990474,-1.543260486750796,-0.9252960307609286
2018-02-27,-1.6341666064848375,0.88938867073604,-1.573173440940509,-0.9242012276582015
2018-02-28,-1.4288202200468167,1.1685930945172072,-1.602896280150361,-0.9231103014697818
2018-03-01,-1.7046822194385713,1.7481652451692724,-1.6987194281068463,-0.9220232293680235
2018-03-02,0.5855103304126511,1.105380036558369,-1.6283173450129416,-0.7640651981720074
2018-03-05,1.3167406241451813,0.9128674087715953,-1.5252757541641098,-0.7632975363574909
2018-03-06,0.28287335236183053,0.8296025233410831,-1.5551383779589887,-0.7625321837293288
2018-03-07,-0.10408081898813777,0.6953393745788077,-1.5187374673340188,-0.7617691287336757
2018-03-08,0.5084490238050545,0.4232627018334452,-1.6145984880868407,-0.7610083598974475
2018-03-09,2.088250553940558,-0.0001913988020703102,-1.5449820484290506,-0.6030919802218018
2018-03-12,-0.20506873349262847,0.2538709146041141,-1.64051646811385,-0.6025734272120197
2018-03-13,-0.8377828281381277,0.38078775507223245,-1.7024945205095243,-0.6020562094992611
2018-03-14,-0.7572822336018539,0.5767752459959042,-1.7968371574275546,-0.6015403213625976
2018-03-15,-0.14194717047099908,0.4335030304862734,-1.8576225846468037,-0.6010257571153583
2018-03-16,0.1663613025838845,0.2567889999061598,-1.8197312086039097,-0.46398718160708585
2018-03-19,-1.8173188731419285,0.9755926744057696,-1.8148291130452314,-0.4636338364338005
2018-03-20,0.14086072939232516,0.7914268790442806,-1.777331427307201,-0.4632812972932476
2018-03-21,-0.27183382486973606,0.714706295212122,-1.6749056022155127,-0.4629295611256096
2018-03-22,-3.185265705091323,1.9349870870389387,-1.8012032821276123,-0.46257862488731116
2018-03-23,-2.6416694255563415,2.2679674760236908,-1.7964500618060295,-0.3463957755641988
2018-03-26,3.237921536760633,1.4099183204705958,-1.856648418482204,-0.3461541583882763
2018-03-27,-2.1622380615441807,1.7328511572394547,-1.8515284660273974,-0.345913046104803
2018-03-28,-0.39208218013944296,1.810292108500444,-1.9434792749135479,-0.3456724369578225
2018-03-29,1.6301805421865936,1.1646876516299078,-2.0022775667674417,-0.34543232919991385
2018-04-02,-2.777215824380165,1.9689543470068605,-1.963877394111938,-0.2712688971987601
2018-04-03,1.4854434287201796,1.407949065175655,-1.8614944168001502,-0.27108863669352545
2018-04-04,1.3573570000429573,1.1759033552808367,-1.8563721511591196,-0.27090873506531193
2018-04-05,0.7913100544101339,0.9268709775836942,-1.7871131114147936,-0.2707291911248955
2018-04-06,-2.7129765994440924,1.4885276865687402,-1.8786353137000529,-0.2599646770606369
2018-04-09,0.3673586306970605,1.547234649841733,-1.9053920074417732,-0.25979374006264006
2018-04-10,1.9642459697121875,1.2578526179103513,-1.9319053074171548,-0.2596231398152082
2018-04-11,-0.7057107659279759,1.2052072377456076,-1.9581706613400762,-0.25945287521411187
2018-04-12,0.953974451922428,0.8177590400708135,-1.8887555273385048,-0.25928294516018424
2018-04-13,-0.38673886419545683,0.5786433458913521,-2.0105129745208017,-0.3015758637234247
2018-04-16,0.9368896506302655,0.39047101016022995,-2.0360109101751256,-0.3013744703055773
2018-04-17,1.2404257964946885,0.10067683946717601,-2.124448882981374,-0.3011734798232852
2018-04-18,0.06009623863500766,0.17802090228024592,-1.9911495303322686,-0.3009728909347238
2018-04-19,-0.7335117914758705,0.2575695724265298,-1.8905998368540788,-0.30077270230431574
2018-04-20,-1.0742207005937126,0.4610642386527648,-1.8223823217419157,-0.4070160492601506
2018-04-23,-0.031304307104592755,0.34113245423424454,-1.849048441890797,-0.40672741433219883
2018-04-24,-1.6632841162843945,0.7130788084670159,-1.7498850054953325,-0.4064393925899262
2018-04-25,0.18555179016375736,0.6725518379628047,-1.6828186821844227,-0.4061519818652801
2018-04-26,1.2165082315316615,0.3172581967920179,-1.7729537398854258,-0.4058651800009298
2018-04-27,0.09667633944093092,0.13287716492944338,-1.8936492643441158,-0.5549497839052306
2018-04-30,-1.030589007844595,0.24825100099608757,-1.9196327318154969,-0.5545109241288708
2018-05-01,0.2709703837629385,0.15034356176858393,-1.8830493557567245,-0.5540731038724445
2018-05-02,-0.9108202691735244,0.256947954734455,-1.8467725212221449,-0.5536363190386003
2018-05-03,-0.30864922068216544,0.24121454619826838,-1.9351136991528721,-0.5532005655525583
2018-05-04,1.5024050807428309,-0.010417059838383935,-1.9606209342177567,-0.6917194867928982
2018-05-07,0.3799466824881552,-0.014864671698345521,-1.8929989511629988,-0.6911049693842015
2018-05-08,-0.06991051337907185,-0.023768641318103755,-1.8878061796466017,-0.690492086866194
2018-05-09,1.1274951854496833,-0.31135044716866955,-1.8826559085964307,-0.6898808320024764
2018-05-10,1.088701341284234,-0.35352234478920236,-1.9700189248876405,-0.6892711976014119
2018-05-11,0.16604775062527596,-0.4826964726032154,-1.9642861939421965,-0.8170891937120305
2018-05-14,0.0663161211120908,-0.4198403323138145,-1.8971686162955415,-0.816275454989988
2018-05-15,-0.8719038054587573,-0.039796912152198737,-1.738513162685045,-0.8154641426414665
2018-05-16,0.45120514073138934,-0.31023989610733144,-1.703680862594804,-0.8146552446322769
2018-05-17,-0.143986915579671,-0.30780112734400966,-1.6077758410790204,-0.8138487490116304
2018-05-18,-0.3596680265736563,-0.30983824399838467,-1.6962279132589562,-0.9094312370362851
2018-05-21,0.8529506270465752,-0.38574708128478397,-1.7840521406351426,-0.908444978004378
2018-05-22,-0.4217685743415298,-0.3541294866464542,-1.8101603495574659,-0.9074619207600295
2018-05-23,0.3535405993044141,-0.4972917057687672,-1.7751032429950366,-0.9064820480168617
2018-05-24,-0.28664438078145593,-0.5081313090787837,-1.7707540903631258,-0.9055053426188808
2018-05-25,-0.3271395067530504,-0.353015993002134,-1.8576411787371938,-0.9580965092472066
2018-05-29,-1.4526214451162491,0.5000203954170349,-1.8527738235204174,-0.9570123120825537
2018-05-30,1.492994856471757,0.03266662862653781,-1.9388377712695912,-0.9559317872912311
2018-05-31,-0.8778794078158196,0.1427390095372615,-1.9031765917398877,-0.9548549141882849
2018-06-01,1.270477069640621,-0.30020449959656614,-1.928214970923631,-0.953781672251501
2018-06-04,0.5021889740479524,-0.4619200391186614,-1.922885767529334,-0.9527120411197786
2018-06-05,0.04430546264609155,-0.5380691259020474,-1.887496359498457,-0.9516460005914905
2018-06-06,0.9951536588967326,-0.7086422972656988,-1.8223246798419332,-0.9505835306228891
2018-06-07,-0.1290786305021483,-0.5977568064989421,-1.8777847533454963,-0.9495246113265318
2018-06-08,0.33739486150165093,-0.5860252596616826,-1.8728284526131822,-0.8948762886171201
2018-06-11,0.08742158015351782,-0.5472747248566006,-1.8379713719289288,-0.8939353791008827
2018-06-12,0.16938822776775803,-0.5491132333174492,-1.8930816380192803,-0.8929974312892723
2018-06-13,-0.5342109175613208,-0.41342171087965934,-1.9775514563109826,-0.8920624296772133
2018-06-14,0.25852118561411647,-0.5980972083524162,-2.0909820413188114,-0.8911303588730232
2018-06-15,-0.16667927159251356,-0.6292086075912158,-1.9953552421760306,-0.8258382982481244
2018-06-18,-0.30207626618898836,-0.5542220698007425,-2.048919769408683,-0.8250318836551742
2018-06-19,-0.5341095371499123,-0.31893027310532296,-2.0723588503792025,-0.8242278268012267
2018-06-20,0.16738659736446546,-0.44527266249036584,-2.0069353025123324,-0.8234261162196435
2018-06-21,-0.8191713175387879,-0.02665956263451013,-2.0895859640137777,-0.8226267405217017
2018-06-22,0.1865375672195213,-0.223491700748166,-2.083126749075039,-0.7573936770002507
2018-06-25,-1.7277965244908822,0.5824839211644924,-2.1060936591955066,-0.756705674024649
2018-06-26,0.22996730586219144,0.2628005632167,-2.0408891456726486,-0.7560195425582967
2018-06-27,-1.0944941031452318,0.7133774206997073,-2.1518548818180667,-0.7553352741317332
2018-06-28,0.7144080395300562,0.4726400161286077,-2.115723872852576,-0.7546528603290629
2018-06-29,0.05382459811473212,0.3000093073640374,-2.0799538824603467,-0.6894446260607855
2018-07-02,0.3356657599375375,0.18865885372104366,-2.160839350603008,-0.6888607931966623
2018-07-03,-0.6459837234630152,0.31111979833594955,-2.153841182399472,-0.6882784410223154
2018-07-05,1.011411770089335,0.045199426428005174,-2.175853871708797,-0.6876975632895523
2018-07-06,0.9933397164382768,-0.31842440366883407,-2.168742787314496,-0.6548112101920743
2018-07-09,1.0336026571438839,-0.4727985531830037,-2.1617009712138664,-0.6542766368826506
2018-07-10,0.3822444695387279,-0.48383762369446226,-2.183485547708867,-0.6537433706804675
2018-07-11,-0.9138479922350533,-0.2582496560338104,-2.2050245921551146,-0.6532114062674254
2018-07-12,1.0246304296857445,-0.49711688577494106,-2.2549336634835635,-0.6526807383556653
2018-07-13,0.0894315495212453,-0.5878371161835959,-2.2757071359919876,-0.6629383679097741
2018-07-16,-0.16881371584231414,-0.43933144635943544,-2.210783158335176,-0.6623962058765546
2018-07-17,0.44351548319559947,-0.6144999447873223,-2.2602695392963112,-0.6618553718387785
2018-07-18,0.22155462282177538,-0.604903138143356,-2.1390177896026272,-0.6613158603838633
2018-07-19,-0.5293745712498285,-0.4288406113628895,-2.2455210845437343,-0.6607776661300669
2018-07-20,-0.15931608014809548,-0.43083530096071754,-2.0966382942584243,-0.7142585944108059
2018-07-23,0.18288924972158632,-0.48533367430170193,-2.005614974038266,-0.7136492796369936
2018-07-24,0.5431777312629631,-0.5329506803279853,-1.9999480187898513,-0.713041521577465
2018-07-25,1.0697399043812452,-0.559977273915684,-2.1068152417175137,-0.712435313614849
2018-07-26,-0.418044680298394,-0.5938398158981765,-2.072325657569518,-0.711830649171078
2018-07-27,-0.8537148943558491,-0.3899079527594712,-2.0661752203282515,-0.7977623739817006
2018-07-30,-0.7529788751381137,-0.10822281050470675,-1.9761693128372912,-0.7970291464194278
2018-07-31,0.5569820443162338,-0.4355296604828575,-2.054522203534264,-0.7962979368877136
2018-08-01,-0.17125923662812217,-0.3619580762235922,-1.9370140167941086,-0.7955687361466129
2018-08-02,0.5621783281578021,-0.581654876177662,-1.9597195033486114,-0.7948415350153026
2018-08-03,0.5271709985119998,-0.7072252628097219,-1.9544296755328234,-0.8915456227048186
2018-08-06,0.3910826546709362,-0.7914033670239665,-2.004684149490753,-0.8906520050309414
2018-08-07,0.30307590630296743,-0.8685825626647276,-1.9990869935313487,-0.8897610690652541
2018-08-08,-0.07741706544119094,-0.8860622524274997,-2.04883569212073,-0.8888728014217151
2018-08-09,-0.2230706315432523,-0.7889329240581264,-2.015326399730064,-0.8879871888076442
2018-08-10,-0.9260966436442974,-0.35474910570609036,-2.0923139811202445,-0.9845639733832963
2018-08-13,-0.5394581355700097,0.01738926881580649,-2.0585918087634756,-0.9834873398017699
2018-08-14,0.743631784454613,-0.3202920395144445,-2.08007135238278,-0.9824142304520649
2018-08-15,-0.9866684675818882,-0.014432893925475301,-2.101338945398024,-0.9813446261491231
2018-08-16,0.9316630672438652,-0.28806820345470224,-2.122392264886358,-0.980278507853776
2018-08-17,0.3661421858318356,-0.47421475864606705,-2.06138453339357,-1.0766565360326827
2018-08-20,0.2555507990579523,-0.5084070048140871,-2.1643498407229247,-1.0753730464587405
2018-08-21,0.21102407534351553,-0.42288331559105147,-2.103240841556102,-1.0740941361378948
2018-08-22,-0.09421279591953392,-0.5630822435230611,-2.151217073653696,-1.072819777904877
2018-08-23,-0.2544938634984485,-0.5258175351688051,-2.1716350562950515,-1.0715499448194916
2018-08-24,0.7210782967901004,-0.6222295612836996,-2.2188299505252624,-1.1460189009538673
2018-08-27,0.9014446778190819,-0.582570818554086,-2.238570253940073,-1.1445633982445194
2018-08-28,-0.01299712764797073,-0.5037362644677984,-2.1505679033060434,-1.14311342717472
2018-08-29,0.6586824507883066,-0.561066461947454,-2.117119295381951,-1.141668952794679
2018-08-30,-0.5979617669513524,-0.26519629270498035,-2.1107846499239806,-1.1402299404629648
2018-08-31,-0.029795323652926094,-0.4197929360136847,-2.051010784457104,-1.2036421099204944
2018-09-04,-0.2521003147632214,-0.3502031535900864,-2.0451937842086427,-1.2020329662943001
2018-09-05,-0.3949974717995936,-0.1765837094024312,-2.039425998740628,-1.200430259230235
2018-09-06,-0.5006223787371993,-0.005283901279503581,-2.033706737974313,-1.1988339459320834
2018-09-07,-0.32084527280381603,0.04796001542968774,-2.054605195898481,-1.240424957562625
2018-09-10,0.1909534974995811,-0.1188234009313375,-2.1018213266674537,-1.2387133597187467
2018-09-11,0.4194843208916075,-0.3365670166283072,-2.069186622231728,-1.2370088276121802
2018-09-12,-0.0012550392427535786,-0.3549075271079297,-2.0368473631125794,-1.235311312762271
2018-09-13,0.6107105134958439,-0.5332382485535235,-2.0839354825535152,-1.2336207671527781
2018-09-14,-0.01203546650771035,-0.6024443493554947,-2.0779236242647237,-1.2534946909591045
2018-09-17,-0.7428014795898232,-0.22838946651987105,-2.0719634976456014,-1.2517523678097249
2018-09-18,0.6223128724556944,-0.4349194742856081,-1.987327082673819,-1.2500172898651891
2018-09-19,0.11002919265741232,-0.676158142868478,-1.9033868052715828,-1.2482894070507011
2018-09-20,0.9283488325522538,-0.6640144009380867,-1.9248362947767976,-1.246568669774654
2018-09-21,-0.09345734111733904,-0.6913764301019109,-1.9199700511430544,-1.244855028922642
2018-09-24,-0.48732204196984147,-0.56997810196672,-1.9412448513067315,-1.243148435851593
2018-09-25,-0.2100778618169679,-0.5184167006185971,-1.8841450923258443,-1.2414488423839511
2018-09-26,-0.4586219132996388,-0.4087196705907907,-1.9836697562904357,-1.2397562008019716
2018-09-27,0.2990532455594872,-0.5201839461626447,-1.978433152593742,-1.2380704638421043
2018-09-28,-0.04737648992725275,-0.5873439588992303,-1.9472947823692048,-1.2041478282613278
2018-10-01,0.40865359671814633,-0.6148653724523819,-1.8645729593517177,-1.2025699445182363
2018-10-02,-0.09666198205128149,-0.6027650429917915,-1.9636316435020276,-1.200998247415756
2018-10-03,0.04229480227053257,-0.7048470006275549,-1.777636643399125,-1.199432696631145
2018-10-04,-1.0751718413485358,-0.09575366506255135,-1.7220324124086142,-1.1978732522086575
2018-10-05,-0.7408042485888413,0.044306164252493646,-1.6409515876082743,-1.1426328445693634
2018-10-09,-0.22300386241631862,0.3080910755788226,-1.689321417949209,-1.1412311288009598
2018-10-10,-4.198966785081063,1.9414520203522847,-1.6600969441889488,-1.139834559039262
2018-10-11,-2.61620603520506,2.404140103444468,-1.785478696040097,-1.1384431038742657
2018-10-12,1.7095841059462462,1.5470819173976114,-1.7558177086678017,-1.0619234045843609
2018-10-15,-0.7722291898943288,1.541986840927514,-1.7263479883599218,-1.0607261570976483
2018-10-16,2.5879893721670166,0.6861233308108066,-1.774013580774465,-1.0595329499503272
2018-10-17,-0.0718307829153546,0.6345035305637831,-1.7445112978509827,-1.0583437604685912
2018-10-18,-1.8290244450986075,1.2514255189927759,-1.7407911590656144,-1.0571585661563567
2018-10-19,-0.08316736440570738,1.2103231225613085,-1.7882197594355538,-0.9486431396211008
2018-10-22,-0.5705781580439153,1.1508002972183897,-1.7842696009424288,-0.9476929589291316
2018-10-23,-0.7206000270725911,1.3972872267583347,-1.7803455049017611,-0.9467456276916963
2018-10-24,-3.8804261589187643,2.4382347965072957,-1.8273847995177532,-0.9458011316953802
2018-10-25,2.2249617165385174,2.197478428201849,-1.772349350382764,-0.9448594568258145
2018-10-26,-2.169267636376185,2.177014007058729,-1.793914889461227,-0.825778359884673
2018-10-29,-0.8364387856936768,2.29404444321044,-1.7899538001810464,-0.8250498687166088
2018-10-30,1.8641817861751095,1.9781171108892381,-1.7606646450616168,-0.8243233021500097
2018-10-31,1.282164443804518,1.4882600241314867,-1.756893452616324,-0.8235986517254313
2018-11-01,1.2450592209080684,1.0529012245950853,-1.7025362363790615,-0.8228759090353893
2018-11-02,-0.8088970217813488,1.0907037298898525,-1.6737896522082623,-0.6716116438554247
2018-11-05,0.6454924134720925,1.1925566843265023,-1.7209963370455903,-0.6711030527303872
2018-11-06,0.7248859949144183,1.1796010040715035,-1.717448729070401,-0.6705956152800682
2018-11-07,2.5159506705816455,0.3643090147558185,-1.7895277222766686,-0.6700893271494462
2018-11-08,-0.3452282778452347,0.44672270764230576,-1.7856236974141935,-0.6695841840064718
2018-11-09,-1.1635992802868336,0.5933767143331702,-1.8068832957601664,-0.5074975964321656
2018-11-13,-0.21849780184849635,1.2033146863978539,-1.8028913430376963,-0.5071662136324514
2018-11-14,-0.9624785787045929,1.4835269982648875,-1.7738452602433032,-0.5068354791393096
2018-11-15,1.2457697451093688,1.1903414211002035,-1.79509567279509,-0.5065053908416186
2018-11-16,0.23237181063565626,0.7671925937538022,-1.741128066487349,-0.33350883947144166
2018-11-19,-2.078250969546542,1.2158003780156192,-1.7375061670893683,-0.3333171805817726
2018-11-20,-2.2578614831053274,1.7585682450942444,-1.733906776915356,-0.333125851736981
2018-11-21,0.3350693330063315,1.3711812576697355,-1.7802296032722353,-0.3329348519909002
2018-11-23,-0.8322015673498792,1.5335973325365526,-1.8013296030090962,-0.12728509778382444
2018-11-26,1.8352523318923062,0.932437962956303,-1.8222869151016023,-0.12721847625582533
2018-11-27,0.3598877792776457,0.9589844519238613,-1.8182460143569115,-0.12715195922836003
2018-11-28,2.7103586406562044,0.8368124186824828,-1.7645728838750443,-0.12708554642851957
2018-11-29,-0.3023932993348461,0.9047169874726357,-1.8352586245649376,-0.12701923758439176
2018-11-30,0.9463881590470686,0.7391144309178409,-1.8559220057533297,0.10072788353679368
2018-12-03,1.2769238831187169,0.36523875575514425,-2.0000386340544267,0.10067574462176429
2018-12-04,-3.9869674232652605,1.3494623618544477,-2.093599920390099,0.1006236865876724
2018-12-06,-0.2185361931988151,1.450316926774543,-2.0632372046967715,0.10057170922562284
2018-12-07,-2.8572896597351836,1.9131454210224272,-2.033131854052931,0.31778513506218437
2018-12-10,0.17823951539786687,1.7743831250895372,-2.027822115900215,0.317606594409377
2018-12-11,-0.07528678763729077,1.5704746002621233,-2.0715617170470244,0.31742835434635014
2018-12-12,0.6146880931562121,1.4994735567690294,-1.9926005021320357,0.31725041403059917
2018-12-13,-0.057152704719907264,1.3127801556440424,-1.9386995647431302,0.3170727726229201
2018-12-14,-2.3367442003199104,1.5337494382823318,-1.9340240556520405,0.5237300096794096
2018-12-17,-2.5330998482551954,2.1862116579170183,-1.9293822116101644,0.5233912200231549
2018-12-18,-0.017741265758075546,2.4189721163796,-1.900429549639243,0.5230530869846235
2018-12-19,-1.876167049414503,2.4106112984347874,-1.968927942114053,0.5227156084455371
2018-12-20,-1.9172054363206519,3.0289222652685788,-2.012612855875216,0.5223787822971703
2018-12-21,-2.492180423528945,3.3972865573217157,-1.9105587481349564,0.6637852841068428
2018-12-24,-3.266498319759404,4.679001594986536,-1.8334450958059196,0.6633023655538686
2018-12-26,5.607992604708973,3.401237104361365,-1.805228816274498,0.6628204994715529
2018-12-27,0.9675199113183076,3.2822618233072522,-1.7771951861840696,0.6623396820425187
2018-12-28,-0.16896506093553804,2.912463233195088,-1.7976232160067085,0.7273410986187319
2018-12-31,0.9591339364519584,2.2665544772071002,-1.769690585251738,0.7267817632286602
2019-01-02,0.12219797395091798,1.7824588666827712,-1.8864391238768001,0.7262237162670897
2019-01-03,-2.930920409091347,2.261840568230905,-1.8580862442018449,0.725666952795114
2019-01-04,3.863248334937059,1.3740282497250076,-1.85394695440499,0.6923405821345388
2019-01-07,0.7780910402138075,1.3763790636090805,-1.8498352054198524,0.6918275101080898
2019-01-08,1.0837262078594103,1.1727532560187184,-1.8936674725796825,0.6913155770586835
2019-01-09,0.44295551353383594,1.0650841687969774,-1.81754707771286,0.6908047787784959
2019-01-10,0.4908985139789844,0.9598123669978225,-1.8136487690548746,0.6902951110814234
2019-01-11,-0.04580102177191444,0.6745240134408127,-1.8575303168012285,0.5585089393744199
2019-01-14,-0.6366296788725,0.8651356353673654,-1.8057212173414436,0.5581436663507184
2019-01-15,1.200971078066002,0.7623147302000358,-1.7780710198318028,0.5577791090725676
2019-01-16,0.22647825292327947,0.8572892667357581,-1.7981994172422586,0.5574152652055354
2019-01-17,0.842538697141114,0.643623805372398,-1.7706478510010286,0.5570521324258341
2019-01-18,1.479105629375177,0.586648841477183,-1.8145195527635505,0.33745559093495175
2019-01-22,-1.6740015157627954,1.2381834353930856,-1.8343833322378464,0.3372691101847663
2019-01-23,0.2232201706110772,0.9586915312973529,-1.783038398873683,0.3370829382457061
2019-01-24,0.1279256777918158,0.8208916007559864,-1.8266931287673562,0.33689707426639615
2019-01-25,0.9437638835203082,0.5005868022582964,-1.8227839228994995,0.08408986733354487
2019-01-28,-0.9398116140035856,0.8156734321628364,-1.8425096925080817,0.08404801705579132
2019-01-29,-0.19878640178621987,0.8715432442077393,-1.8149393128802807,0.08400622920069112
2019-01-30,1.7473884234887351,0.5509843903633914,-1.7639830270369734,0.08396450361321905
2019-01-31,0.9542390207494743,0.31330262639576767,-1.7604175075271928,0.08392284013888816
2019-02-01,0.0703972928191502,0.2194501841963704,-1.7568735218161737,-0.18038796073768928
2019-02-04,0.7455090849115132,0.12996416452774343,-1.7063606688934485,-0.18029636826497641
2019-02-05,0.5078811353046002,0.0950041893058177,-1.7500354430044323,-0.1802049151697047
2019-02-06,-0.29148678380545684,0.053498684755482154,-1.7465538484516674,-0.1801136010987452
2019-02-07,-1.1190103669549167,0.2695915260912034,-1.7665157216922645,-0.18002242570021976
2019-02-08,0.044920850563881974,0.1274911436870992,-1.739559431407624,-0.4447930921356931
2019-02-11,0.048696494299940815,0.1820549143130262,-1.759515914477862,-0.44453240505988667
2019-02-12,1.4453591397414203,0.0639109933390172,-1.7326480143270462,-0.4442721758027278
2019-02-13,0.3140872053106887,0.11199879350955033,-1.7292687875903996,-0.44401240302574574
2019-02-14,-0.34174439596135736,0.23667198178140364,-1.7725224793926597,-0.44375308539594627
2019-02-15,1.2152695674766785,-0.05024566922368948,-1.8155062727512747,-0.664579304781005
2019-02-19,0.13726381723167436,-0.056792246675109896,-1.7884670929407385,-0.6641128853639963
2019-02-20,0.16932910110765317,-0.2452231475927771,-1.784822429870484,-0.6636474466071848
2019-02-21,-0.4447775652364828,-0.1486339477478488,-1.7579956119995857,-0.663182985078939
2019-02-22,0.7036722004509807,-0.3569230622703736,-1.7313277489702599,-0.8507745984352053
2019-02-25,0.10608184417342884,-0.06269474738521702,-1.7511397572480367,-0.8500635587394264
2019-02-26,-0.1281255677216672,0.007591642578760372,-1.7476964997177622,-0.8493542988352908
2019-02-27,-0.09949343616488633,-0.09565035331877939,-1.6749156678469925,-0.848646811310219
2019-02-28,-0.3643413978907766,-0.07802289207445898,-1.6256271633302415,-0.8479410887947818
2019-03-01,0.7606800300728824,-0.34400591815103887,-1.622771257656706,-0.9910852156901776
2019-03-04,-0.4877112838054083,-0.11067947777969443,-1.7122006394632399,-0.9901375050019705
2019-03-05,-0.16768111199173877,-0.0864184994126124,-1.7089609477232366,-0.9891925078279571
2019-03-06,-0.7957998473692172,0.13379442487443946,-1.7057395763371908,-0.9882502112437802
2019-03-07,-0.9823007765478176,0.32094944004515025,-1.7025363532851427,-0.9873106024110957
2019-03-08,-0.2822318230937345,0.20179005193648597,-1.6993511087999433,-1.0859337800112885
2019-03-11,1.6549425018807498,-0.17751903746586822,-1.6961836753294615,-1.0847978132506062
2019-03-12,0.306506446813249,-0.30094349925611014,-1.7159708171626675,-1.083665403962652
2019-03-13,0.7679011347521425,-0.3802152267297174,-1.7127320525181549,-1.0825365336180548
2019-03-14,-0.1376737826288861,-0.3601419324211253,-1.6866164641741488,-1.0814111838222862
2019-03-15,0.541014373028705,-0.4968413989789076,-1.7063946729955293,-1.1355655512003553
2019-03-18,0.39270847546579063,-0.44795495585563894,-1.72606197631029,-1.1343236261444776
2019-03-19,-0.05280656062514892,-0.3460519199400816,-1.7227880921560956,-1.133085766935339
2019-03-20,-0.3806133119724522,-0.2684880567313366,-1.7423400961530813,-1.13185195143646
2019-03-21,1.2181727887952862,-0.33028194282747997,-1.7617779644516505,-1.1306221576797262
2019-03-22,-2.26194299872473,0.30058243371043497,-1.7583418596548734,-1.1735814585141051
2019-03-25,-0.13364149894103153,0.2672201989134697,-1.6639571394327284,-1.1722551637969212
2019-03-26,0.7952500860108728,-0.09838015530784675,-1.6609817688695603,-1.1709333555798154
2019-03-27,-0.5776801667309037,0.00582017399567716,-1.6580223024795049,-1.1696160086253187
2019-03-28,0.38019657591896,-0.15381128332700258,-1.6777686372514318,-1.1683030978942595
2019-03-29,0.7436512675410979,-0.31342845505437567,-1.72007488300348,-1.21113552730349
2019-04-01,1.2994609508159671,-0.38204483266285677,-1.671563804966917,-1.2097220393833767
2019-04-02,-0.036558431022847455,-0.3907156888432445,-1.6233039416597173,-1.2083134888856615
2019-04-03,0.2110794897169311,-0.3061247333900721,-1.5979008747499175,-1.2069098471324624
2019-04-04,0.20357295736588268,-0.3415103048828542,-1.6178269624629877,-1.205511085678543
2019-04-05,0.499546277593612,-0.5102147983340578,-1.6828137847434073,-1.226161841680317
2019-04-08,0.08245798625132271,-0.42989005480481324,-1.657220933283983,-1.2247164472447274
2019-04-09,-0.7485979423833232,-0.1850037048931749,-1.6543028429056064,-1.2232761522625837
2019-04-10,0.36576024756549064,-0.40297360419697364,-1.6288746171907833,-1.2218409268188484
2019-04-11,-0.034798159917448335,-0.46507221704466506,-1.6485911314473285,-1.2204107412436085
2019-04-12,0.7290907603463306,-0.6896353567590001,-1.645718385672718,-1.2630197706655586
2019-04-15,-0.11338305248799557,-0.6201432451391876,-1.6653310365468785,-1.2614836981876085
2019-04-16,0.01961204477339894,-0.6509189519082936,-1.5725692324417826,-1.2599532165815608
2019-04-17,-0.3057281317038965,-0.5569201198758008,-1.5700161885513704,-1.2584282920141572
2019-04-18,0.14475730891436475,-0.6702283857215007,-1.5674755389144537,-1.2569088909380997
2019-04-22,0.07848579898548591,-0.5962200925186318,-1.520113196213629,-1.2993632673376494
2019-04-23,0.9891475132915797,-0.6270584280556789,-1.5177669079426805,-1.2977340299267315
2019-04-24,-0.297373948018976,-0.4348197107431,-1.5154314506987143,-1.2961109057606992
2019-04-25,-0.08369071902385987,-0.4100293368622032,-1.5131067414063504,-1.2944938567046114
2019-04-26,0.5066504613550011,-0.52589694033533,-1.4660568120432933,-1.3148370489470462
2019-04-29,0.08446594563666722,-0.44072229629238147,-1.4415527442898466,-1.3131698701541021
2019-04-30,0.07037024921908677,-0.4382434592127224,-1.4394933488096724,-1.3115090171375838
2019-05-01,-0.9233659911930746,-0.06245409390849818,-1.5044488345306593,-1.3098544499952578
2019-05-02,-0.2894797772268097,-0.1474169120654156,-1.5244930861511048,-1.308206129176375
2019-05-03,1.0842015361553274,-0.4941332283114504,-1.4998431599453148,-1.2956050720037968
2019-05-06,-0.5663493063068296,0.08138107575626363,-1.5198820244227655,-1.293999905190514
2019-05-07,-1.9896831639781527,0.9498713817708656,-1.584382499822259,-1.292400689710601
2019-05-08,-0.22679703626403094,0.9669306908839199,-1.5372995081243033,-1.2908073888793405
2019-05-09,-0.3929779992815196,0.8989584644567999,-1.5349157922554013,-1.2892199663278354
2019-05-10,0.3972153222887465,0.213140702628966,-1.488072734616543,-1.2438646887619824
2019-05-13,-2.8917929022107742,1.222822399779965,-1.463645299304891,-1.2424058333924846
2019-05-14,0.8971336941852796,0.6642794790378168,-1.461530467556864,-1.2409520990276148
2019-05-15,0.6438952461032351,0.30093289758621755,-1.4816279707608448,-1.2395034557769506
2019-05-16,0.9978597451690954,0.04298090357996258,-1.5016443506587989,-1.2380598739937714
2019-05-17,-0.7223044111625317,0.1932312649874867,-1.521577775082172,-1.1710280192099216
2019-05-20,-0.8290427172299293,0.2716690539701845,-1.4971055443546388,-1.169755135958223
2019-05-21,0.952475746658326,-0.033752859455301085,-1.5613256112537415,-1.1684863944966164
2019-05-22,-0.3682605386176203,-0.07865440844909699,-1.5810000691422361,-1.1672217724123326
2019-05-23,-1.4382216108485442,0.40892481866379254,-1.512125722279475,-1.1659612474620442
2019-05-24,0.12238637213998384,0.1682270964790158,-1.5761662397455851,-1.077296508772438
2019-05-28,-1.0195760723644334,0.5391213840241615,-1.6178281481953891,-1.0762342920483043
2019-05-29,-0.8462497502240686,0.6287407307296305,-1.5710286048226572,-1.0751752111848172
2019-05-30,0.2110621536885884,0.4933934640805384,-1.5685488438708424,-1.074119250782874
2019-05-31,-1.5876716087938618,0.8102991676271245,-1.4999511242786445,-0.9856591045767422
2019-06-03,-0.35690015851506085,0.8434258057222513,-1.3654977804870863,-0.9847753898925056
2019-06-04,2.44250939859,0.417471366303424,-1.3857576106920089,-0.9838940478964273
2019-06-05,0.9140327663691378,0.21906876055062752,-1.2737693442138058,-0.9830150679900783
2019-06-06,0.6785312311373642,0.1829131033785584,-1.3823771338689412,-0.9821384396411917
2019-06-07,1.1827953954804626,0.26623169076127084,-1.3805549474595387,-0.8938284192768131
2019-06-10,0.5055719383020048,0.18491807018359066,-1.3567368508996511,-0.8931004184085222
2019-06-11,-0.07868511607076199,0.19611236576963653,-1.4209739015766738,-0.8923741934629782
2019-06-12,-0.2761305104277365,0.17796311082675517,-1.3530872584449751,-0.8916497372314398
2019-06-13,0.4405610775679138,0.15755670304223704,-1.3073999361568105,-0.8909270425460721
2019-06-14,-0.22657136323942711,0.03548654181013557,-1.3497482293516216,-0.8245858476197625
2019-06-17,0.07124332881282854,0.051292453007590354,-1.3919549788523249,-0.8239614419336203
2019-06-18,1.0937347422025245,0.0060435867183813675,-1.4559574589714714,-0.8233384525691201
2019-06-19,0.310112265093345,-0.17946500782989427,-1.2564383850377594,-0.8227168741799946
2019-06-20,1.0644213408320367,-0.08432598509067069,-1.2549828179594982,-0.8220967014482073
2019-06-21,-0.1876007057697463,0.06289109550223662,-1.2315929208984144,-0.7995861931114742
2019-06-24,-0.24296715047468262,0.031148603499942407,-1.2302027807525326,-0.7989979874195623
2019-06-25,-1.1573270043552626,0.2622923385121219,-1.250746832992737,-0.798411077939401
2019-06-26,-0.1833406470684437,0.24629678621014617,-1.2712334874328133,-0.7978254599172753
2019-06-27,0.4088197469982097,0.15772376755676654,-1.2916610528939738,-0.7972411286238283
2019-06-28,0.6342923545008519,-0.010269428850643508,-1.3339329717923787,-0.7966580793539201
2019-07-01,0.8568618460768999,-0.24182308035473854,-1.3322779608663058,-0.7960763074264622
2019-07-02,0.3027903984897607,-0.4983052637074008,-1.4181726638746701,-0.7954958081842612
2019-07-03,0.8562852311860863,-0.5797866960246224,-1.4600116515989952,-0.7949165769938583
2019-07-05,-0.2534661765696715,-0.41813850746018527,-1.5016890097705275,-0.8162629627372044
2019-07-08,-0.610213808520974,-0.2633479379952371,-1.4995154391183871,-0.8156575198493633
2019-07-09,0.10461388088531727,-0.2336576464426151,-1.5410082222558912,-0.8150534221829959
2019-07-10,0.48819023393139444,-0.4746959578172053,-1.3204725484731328,-0.8144506647639287
2019-07-11,0.2272284814386177,-0.49719194802934147,-1.2533841938071135,-0.8138492426437101
2019-07-12,0.500739537100291,-0.6198192820070312,-1.2519557267499073,-0.8571279564380764
2019-07-15,-0.02109974937101459,-0.5534204918544714,-1.294166342792753,-0.8564690751014257
2019-07-16,-0.44306160915430604,-0.5121075286699633,-1.2926346150943433,-0.8558117108950344
2019-07-17,-0.8127034253107258,-0.2589050317742043,-1.3565091385174506,-0.8551558580056198
2019-07-18,0.3803429972575128,-0.35908725425666477,-1.2676350224321171,-0.8545015106510405
2019-07-19,-0.7707555518860084,-0.14909234764315313,-1.3097548295464747,-0.8757997167145262
2019-07-22,0.29243795573241815,-0.3589316737418641,-1.3081867209197116,-0.8751169646405585
2019-07-23,0.7635432114911854,-0.5686985899233274,-1.3066242311108751,-0.8744358068515588
2019-07-24,0.5100316122202225,-0.6916035391139245,-1.3703620350955916,-0.8737562371525149
2019-07-25,-0.6639215937829657,-0.5382100163515967,-1.3686279954057958,-0.8730782493820626
2019-07-26,0.8268047202118668,-0.6703474955801927,-1.3669005217995636,-0.8724018374122543
2019-07-29,-0.23277072834503806,-0.5168867596186419,-1.3869164997965238,-0.8717269951483232
2019-07-30,-0.34649660941680543,-0.2629178917629625,-1.3851384213801796,-0.8710537165284541
2019-07-31,-1.3327878726125801,0.23572038266379858,-1.5570604078828465,-0.8703819955235563
2019-08-01,-1.1066732572281288,0.6358651144687801,-1.4679483844091945,-0.869711826137031
2019-08-02,-0.9016716305312973,0.5760051031102466,-1.5309776489660105,-0.8250928349173989
2019-08-05,-3.5863042686638855,2.1690246655050602,-1.4853983821835077,-0.8244863247980956
2019-08-06,1.4819404526567592,1.157283804503688,-1.548296931606489,-0.8238811502177674
2019-08-07,0.053491976389877224,1.0009605798643668,-1.5676455679973833,-0.8232773062821553
2019-08-08,2.141577723999297,0.4109674990587481,-1.6085360529937858,-0.8226747881220746
2019-08-09,-0.8163019786991894,0.6529629994778409,-1.5844139871470104,-0.7340978103287954
2019-08-12,-1.4892446666739152,1.3649215690434855,-1.6683684989112193,-0.7336058454973831
2019-08-13,1.7212648019904313,0.548323059299221,-1.7734645689948945,-0.7331148684312757
2019-08-14,-3.4997305129900704,1.5934110107710182,-1.7918157405823645,-0.7326248758295072
2019-08-15,0.25217359978652154,1.3813797313392633,-1.7239744353348807,-0.7321358644065304
2019-08-16,1.6326614244302737,0.7616816965730202,-1.6564729909489122,-0.6105343350540434
2019-08-19,1.3641584326865979,0.3981355928074613,-1.653787835369924,-0.610170895799639
2019-08-20,-0.9620800186269918,0.5395674652726216,-1.694076919615705,-0.6098081048184918
2019-08-21,0.9193405994460494,0.15075644344406777,-1.7341624164114395,-0.6094459601856634
2019-08-22,-0.09625928730427888,0.3519028075072201,-1.7740357807298495,-0.609084459984206
2019-08-23,-3.0866674074254092,1.0809412770142264,-1.7708621001627005,-0.48742102460738956
2019-08-26,1.232396901688289,0.9542908289365784,-1.7891002093109165,-0.48716054982156004
2019-08-27,-0.4077243591571838,1.179631984777063,-1.871341747689418,-0.486900492178266
2019-08-28,0.7219191976624185,0.9591799619482374,-1.8463743135428459,-0.48664085056529205
2019-08-29,1.4265820714586799,0.6224454964552134,-1.8428752999381572,-0.4863816238745701
2019-08-30,0.03755744363599347,0.8735479334313606,-1.775482733605057,-0.37564926926578945
2019-09-03,-0.8404941446102785,1.0282901417564134,-1.7723189185893238,-0.37546495662684354
2019-09-04,1.214933884276644,0.4946987897980918,-1.6840797554552362,-0.3752809150214088
2019-09-05,1.4617364139143576,0.25187583191575197,-1.7238287056754504,-0.37509714378587666
2019-09-06,0.06699271664432961,-0.039016172397054495,-1.720897856873681,-0.26426462667705286
2019-09-09,-0.049598063973151016,0.022847354081918618,-1.6543089815011802,-0.26414347515350134
2019-09-10,-0.001238367395581673,0.0067962147171022605,-1.651666773419866,-0.26402249010224743
2019-09-11,0.7979828086952172,-0.1284682500643984,-1.6066408425473306,-0.2639016711423965
2019-09-12,0.2946776326261819,-0.21785720123322364,-1.6041854671335507,-0.26378101789427094
2019-09-13,-0.12386470329252558,-0.3278844608808408,-1.5170390055636758,-0.18604640639924722
2019-09-16,-0.4047111564355789,-0.11427534772926613,-1.536071718247543,-0.1859642720595833
2019-09-17,0.26072319884938305,-0.16704029730095177,-1.5550277529102583,-0.1858822464040745
2019-09-18,0.00042471431250504596,-0.2795265465352704,-1.6795706689638958,-0.1858003291932385
2019-09-19,-0.03714045766357009,-0.25641846228701826,-1.6346158984789605,-0.1857185201883313
2019-09-20,-0.6109563591017833,0.03567606413892745,-1.6320677165602002,-0.13008196954837098
2019-09-23,-0.05023585450142274,-0.058642132782776184,-1.6506170354153056,-0.13002576317166759
2019-09-24,-1.023568120577476,0.4337731238419064,-1.6480115845894625,-0.12996962958973823
2019-09-25,0.6774091152090773,0.18268547126572357,-1.62436308989931,-0.12991356864558662
2019-09-26,-0.3221173620027354,0.20793485884333068,-1.6429033355982592,-0.12985758018269059
2019-09-27,-0.6599076295765467,0.47273047622262093,-1.5982802828738487,-0.085264073622981
2019-09-30,0.5494315175205641,0.24668469743974342,-1.6168947861912175,-0.08522773617941776
2019-10-01,-1.476137444942469,0.7812317710513552,-1.5304170025004742,-0.0851914451546554
2019-10-02,-2.13977892666897,1.2412491246750645,-1.46526826162071,-0.08515520044994955
2019-10-03,0.8891830612733618,0.9084521609999308,-1.4003485875817379,-0.08511900196684918
2019-10-04,1.6063689539560255,0.4285075449158409,-1.4615535239587114,-0.08508284960719721
2019-10-07,-0.5595410165180517,0.6173377227203178,-1.5015645692964186,-0.08504674327312683
2019-10-08,-1.8598436555151432,1.1746453881825292,-1.4575923609963684,-0.08501068286706226
2019-10-09,1.0183875828182878,0.7956807511877717,-1.4556793167402244,-0.0849746682917167
2019-10-10,0.7075289519812191,0.5484485166416571,-1.4118883526818358,-0.08493869945009289
2019-10-11,1.2280658718954651,0.08902798202782929,-1.4310508334038983,-0.12962748771079613
2019-10-15,1.1138014491606603,-0.3819097470337384,-1.3664409297241493,-0.12957218908792895
2019-10-16,-0.2713324157359838,-0.34940178303043906,-1.3438774995785465,-0.12951696117531863
2019-10-17,0.28255140051101557,-0.32382986204858705,-1.3632159284813037,-0.12946180382239875
2019-10-18,-0.4955822740207292,-0.21738419593065877,-1.3197682327583073,-0.2302008871476094
2019-10-21,0.7587578939593023,-0.2750825620337523,-1.3182568059296345,-0.2300995316172209
2019-10-22,-0.45507581442943,-0.16857619155047832,-1.316750559990624,-0.22999830984703318
2019-10-23,0.2926091824476067,-0.2726162285757017,-1.294356786397497,-0.22989722154309622
2019-10-24,0.18476939952912155,-0.3419253465910377,-1.2929139314078288,-0.2297962664123645
2019-10-25,0.43477310782280065,-0.5871417939889046,-1.3332368372409225,-0.3643446074047036
2019-10-28,0.609557312510999,-0.48030887538191586,-1.2481955707749335,-0.3641727664451639
2019-10-29,-0.1369536235637597,-0.45921677315661463,-1.2677410426775624,-0.36400116839978436
2019-10-30,0.33922565605289995,-0.6605406352785465,-1.3289623916571915,-0.3638298126967983
2019-10-31,-0.39336675643126434,-0.4539089232347205,-1.3274371339661994,-0.36365869876632195
2019-11-01,1.0825164637350053,-0.6669406934140356,-1.3259171158900498,-0.5208415081339484
2019-11-04,0.39102303708766506,-0.5436648104963511,-1.2827132246575752,-0.5205669812494217
2019-11-05,-0.1795140410119917,-0.4807489675890795,-1.1979359231094007,-0.5202928880034347
2019-11-06,0.04123087348722693,-0.5918675034498064,-1.2592500296380038,-0.5200192272555717
2019-11-07,0.2778019331765236,-0.5660108760635075,-1.1745607640068576,-0.5197459978696123
2019-11-08,0.25792156702547797,-0.7188872054113586,-1.1317333650661487,-0.6545271931090129
2019-11-12,0.14153971690488026,-0.5768294430242827,-1.13066822579257,-0.6541411999196466
2019-11-13,0.04175872218956913,-0.5021940123220916,-1.1504386689503263,-0.6537558888191166
2019-11-14,0.05642381119090693,-0.4903182591329495,-1.1701661589205044,-0.6533712578009141
2019-11-15,0.8560089820027703,-0.7224341649208204,-1.1898493361707487,-0.7543550296308582
2019-11-18,0.0166173297482737,-0.6267025659107534,-1.230305105480162,-0.7538680132422527
2019-11-19,-0.1117980821384691,-0.5333515046229973,-1.2706584047267275,-0.753381938899931
2019-11-20,-0.48338513966927105,-0.5516749401349326,-1.3109028149844204,-0.7528968035707674
2019-11-21,-0.22762545358753994,-0.469956305288375,-1.3094411527533012,-0.7524126042353015
2019-11-22,0.21316236489405788,-0.6535506509872117,-1.3287744157932238,-0.8082872083138868
2019-11-25,0.8356258268551494,-0.7625365480673983,-1.3480518592328574,-0.8077396257884054
2019-11-26,0.21482879299254545,-0.8388332121568364,-1.325722676777777,-0.8071931546534932
2019-11-27,0.44632420970838826,-0.7893772791161179,-1.3657649246434054,-0.8066477911547036
2019-11-29,-0.5152044097203643,-0.5863089023532708,-1.3018809626829881,-0.806103531555334
2019-12-02,-1.0607585589222979,-0.052479329691429565,-1.1966413269800076,-0.8055603721362921
2019-12-03,-0.8241504498439306,0.19229820001847814,-1.2577321723962862,-0.8050183091960151
2019-12-04,0.6993466520868671,-0.07828682961760408,-1.256408824566443,-0.8044773390503548
2019-12-05,0.13439402370908746,-0.14357490552397031,-1.1928406281911945,-0.8039374580324519
2019-12-06,1.0268941377541394,-0.35354364623982926,-1.1709159256547155,-0.7356801717693475
2019-12-09,-0.4151769873872243,0.16956358355219814,-1.2320204423773808,-0.7352189410180229
2019-12-10,-0.17151415928893285,0.1274533156056413,-1.2307603470296489,-0.7347585766788279
2019-12-11,0.29935215382295943,-0.03381887712272172,-1.2709695274445105,-0.7342990760426037
2019-12-12,0.9620883007571382,-0.27923127325986585,-1.1452404478529032,-0.7338404364120187
2019-12-13,-0.03480845181437413,-0.5853605082337873,-1.2063562013854674,-0.6429934424842341
2019-12-16,0.7951375393824803,-0.6995941423225662,-1.14297943777781,-0.6426252136172096
2019-12-17,-0.0045107989296949156,-0.6641003278476236,-1.100460136591186,-0.6422576166573193
2019-12-18,-0.09494977808192746,-0.5958862277684944,-1.0372939179457838,-0.6418906497993039
2019-12-19,0.480438862586212,-0.6142763298750824,-1.01569478418302,-0.6415243112451039
2019-12-20,0.5371547262976548,-0.6115944532461725,-1.035590638895569,-0.5506484553637357
2019-12-23,0.05730986000580681,-0.5878478210541305,-1.0347249212615883,-0.5503588565920523
2019-12-24,-0.06792216453022114,-0.5734800884183712,-1.0545881387920766,-0.5500697142603791
2019-12-26,0.5588450270572574,-0.5778573498641821,-1.095139603506941,-0.5497810271709775
2019-12-27,-0.04127407328410403,-0.3947935718073949,-1.0320008689593891,-0.5041823716167647
2019-12-30,-0.7298795936957284,-0.06875395550831259,-0.9689661861386204,-0.5039279968394403
2019-12-31,0.30281026039435516,-0.3126362430750642,-0.9267532735512705,-0.5036740066926024
2020-01-02,0.940771594325169,-0.619774599973661,-1.0089786869515542,-0.5034204002079149
2020-01-03,-0.882747942515843,-0.2557590362975962,-1.0703385630956412,-0.5598730236366255
2020-01-06,0.37185833970022286,-0.2955573695734765,-1.0694181846692719,-0.5595781646017088
2020-01-07,-0.37720191107751744,-0.30951862616034703,-1.0270547083739712,-0.5592837709421757
2020-01-08,0.5333262103842028,-0.38925181225669014,-1.0262102244219975,-0.5589898414351462
2020-01-09,0.7391325720273653,-0.6028794077448791,-1.0668117573187976,-0.5586963748622296
2020-01-10,-0.38438718136021366,-0.5978511372578597,-1.0659005514161646,-0.7060211044750176
2020-01-13,0.7769431657790802,-0.6539351646944357,-1.064991676422429,-0.7055986428413751
2020-01-14,-0.22584498452146332,-0.6371068916474661,-1.126233215281832,-0.7051769386660146
2020-01-15,0.17504000756247132,-0.6296956179701166,-1.14592674647755,-0.7047559896881473
2020-01-16,0.9404105766355959,-0.6528647951203166,-1.144871309167328,-0.704335793656417
2020-01-17,0.40954601370149224,-0.7042455258169956,-1.0816955080360178,-0.9311755146076152
2020-01-21,-0.3622214783239741,-0.5273486180471845,-1.1014698288206315,-0.9304841728380084
2020-01-22,-0.012956083322491044,-0.5129566793989822,-1.1212061682094845,-0.9297943686244027
2020-01-23,0.08802314663475375,-0.4962160741858725,-1.1409032552323404,-0.9291060962759852
2020-01-24,-1.1245796128427268,-0.12374095905430642,-1.181256624148745,-1.17832700092556
2020-01-27,-1.9248325552086576,0.7412044637550814,-1.2628977584897156,-1.1772117685602428
2020-01-28,1.1401636547580747,0.28118412219161903,-1.1995447766516028,-1.176099696761322
2020-01-29,-0.14851929558261265,0.30700330347273114,-1.2397519825718681,-1.1749907706285287
2020-01-30,0.3253422950927343,0.09455027906907165,-1.2798597057534034,-1.1738849753597773
2020-01-31,-2.160530251911031,0.8848933796367725,-1.2371854568686522,-1.3202662596834738
2020-02-03,0.8116438025837667,0.6790680059042663,-1.2359498179965207,-1.318837110695246
2020-02-04,1.714297060486903,0.22550861345462708,-1.193388989680213,-1.317412592715973
2020-02-05,1.277100887919599,0.01286187273532777,-1.1509219836058175,-1.315992680789064
2020-02-06,0.3457071904342057,-0.03203413213591129,-1.1705299569864451,-1.314577350145807
2020-02-07,-0.6882355140766407,0.08852278114223643,-1.231406960808297,-1.2905132737646992
2020-02-10,0.8170782767160918,-0.013187450404874016,-1.2095379477144677,-1.28916116324038
2020-02-11,0.15222882806395746,0.01993444639475258,-1.2290149148869083,-1.287813293773448
2020-02-12,0.7152020718071949,-0.3208227909070229,-1.2278038870368129,-1.286469643239184
2020-02-13,-0.24152788231778072,-0.22363567622992575,-1.2472343338012297,-1.285130189674134
2020-02-14,0.17022396902842038,-0.3348348599868614,-1.2459852613705729,-0.9895440753969824
2020-02-18,-0.39486027590966843,-0.06227448236613425,-1.3066197371451609,-0.988776927974401
2020-02-19,0.5088121535463689,-0.16889253681959548,-1.3052358287990602,-0.9880115619908326
2020-02-20,-0.5017701424616644,0.11092485811645646,-1.324469144792006,-0.987247970562306
2020-02-21,-1.3018099963128136,0.47133804569387133,-1.343649811509936,-0.3067455548231455
2020-02-24,-4.064337549419285,2.352122040820704,-1.3421786314923987,-0.3066144395179515
2020-02-25,-3.649772221411936,3.008346094028107,-1.320119430132525,-0.3064834922009132
2020-02-26,-0.4845587094336385,2.92885479326876,-1.236347605512595,-0.30635271251361684
2020-02-27,-5.2831670457695035,5.588706236150376,-1.1939505726350994,-0.30622210009872386
2020-02-28,-0.9958235707993293,5.73262152645397,-1.0280861743549965,0.829191964377262
2020-03-02,5.138996295526015,4.165453606264986,-1.0478592344330218,0.8286475980231157
2020-03-03,-3.3023986132161376,4.893483149339086,-0.9440206838136662,0.8281043023963156
2020-03-04,4.659023937438205,3.778108221562057,-0.8609193303132019,0.827562073991379
2020-03-05,-3.9358187882641866,5.429980430170818,-0.9015475598994608,0.827020909318903
2020-03-06,-1.975843692021591,5.864137505299485,-1.0657288637035813,2.389359463433518
2020-03-09,-8.683912863583716,8.373457135020034,-1.2501737385200455,2.3831655151068336
2020-03-10,5.199343347727302,6.720024795375163,-1.043053689122446,2.3770194881881794
2020-03-11,-5.400267671704923,7.904332082165948,-0.918636396197713,2.3709207679162656
2020-03-12,-10.292869927764377,11.65429240094861,-0.794366386159043,2.364868750514506
2020-03-13,8.831969941710195,8.022706064982128,-0.6495919779688715,4.148905280569266
2020-03-16,-12.014094527604197,11.991672025375644,-0.814153858810705,4.120011435960294
2020-03-17,5.398145057126053,10.325018233798367,-0.44245982574188714,4.091712971731792
2020-03-18,-4.917151575797896,10.003223179599482,-0.2565518070775649,4.063989717674711
2020-03-19,0.4201955616445118,8.976161640527796,-0.173874100589223,4.036822447449469
2020-03-20,-4.071263776397864,7.832641368298064,-0.44224894326468805,5.762004045711661
2020-03-23,-2.72495920671864,7.002358892483897,-0.5866094426754883,5.6876173379232595
2020-03-24,7.983443661834011,6.882913224279289,-0.62761595421173,5.616039158304393
2020-03-25,1.0084836203188345,7.081034124032154,-0.461990001308091,5.547097111414513
2020-03-26,5.323378452330507,6.535258699214571,-0.4824441850363581,5.480633262093144
2020-03-27,-3.0295046375824985,7.050159672608122,-0.606257961409772,6.834264325258812
2020-03-30,2.8733598265425373,5.773175305555061,-0.6059403096662447,6.712576665850297
2020-03-31,-1.4319323494501601,5.2201251651850775,-0.6056231567054882,6.597165936260494
2020-04-01,-3.9493143865939677,5.635999148262902,-0.7707823591821485,6.487510421656124
2020-04-02,1.9505203553603927,4.750334523181506,-0.7496274524161639,6.383147164513744
2020-04-03,-1.3419497761714099,4.162657551580384,-0.7698690536261174,7.1102945607036325
2020-04-06,5.823662968475115,3.9272525302664745,-0.7487090862247496,6.974276463645981
2020-04-07,-0.1562192736811452,4.095179233476492,-0.6033753554999125,6.8457771176666125
2020-04-08,2.8513256714462107,3.628496376733923,-0.5409423538591502,6.724128410173246
2020-04-09,1.2118492553081082,3.38917450945083,-0.5406760749295875,6.608742495097951
2020-04-13,-0.891435250147302,3.307909412615686,-0.519691447164654,6.803412629002167
2020-04-14,2.5540932707613293,2.8486910399827945,-0.4779899296318439,6.684204645055891
2020-04-15,-1.925107509155848,3.2391672649653285,-0.685058498483954,6.571051006979912
2020-04-16,0.4744559711387332,3.1306749773003584,-0.7261357262592627,6.463455995210613
2020-04-17,2.234132877643765,2.864863376045279,-0.6427787014150397,6.252660790837307
2020-04-20,-1.5613293800559107,3.5850152976994503,-0.683913183762706,6.15966901090021
2020-04-21,-2.6718140563504784,3.7678124437630203,-0.7872389712114436,6.070706544231102
2020-04-22,1.9066782178362587,3.310627145209486,-0.7245259118372792,5.985490568929432
2020-04-23,-0.06709117181605355,3.219654671337522,-0.765603346765441,5.903765297147254
2020-04-24,1.1536312702882803,2.5153500125989168,-0.7858942683704165,5.417003301500719
2020-04-27,1.2192370709597264,2.173538365786443,-0.6816428387984009,5.355930508140391
2020-04-28,-0.4697629116013864,2.204350551118407,-0.7020260464006702,5.296877859964067
2020-04-29,2.2043935055211348,1.9030908084711256,-0.680866984608095,5.239736388300459
2020-04-30,-0.8099247759977789,2.269227889266379,-0.6597227302296713,5.184405179857323
2020-05-01,-2.435115406353929,2.6472799837500234,-0.6593662535250175,4.58567924474309
2020-05-04,0.3376937975934695,2.485953006702935,-0.6382320103728112,4.548113040462751
2020-05-05,0.7409551745071863,2.182758771216158,-0.5963265039031603,4.511455198344
2020-05-06,-0.616483818133801,2.242068857746127,-0.42968935470266045,4.47566969131445
2020-05-07,0.947889012277902,1.9008467125567534,-0.5334924159558835,4.440722461527521
2020-05-08,1.3954234589365904,1.4632758253127156,-0.470823441809207,3.7478348443429996
2020-05-11,-0.012597482403191872,1.4100697852824016,-0.40817353295294007,3.726860357737207
2020-05-12,-1.7789334207968923,2.094316895948419,-0.49126608900268304,3.706234121603227
2020-05-13,-1.514505508967303,2.3700061181118692,-0.5743248348166493,3.685946604420194
2020-05-14,0.9491234303782083,2.0310498372599795,-0.5948648488897361,3.6659886359390508
2020-05-15,0.3099060280871202,1.9373538158068795,-0.5737331987682304,2.9857233330452577
2020-05-18,2.599745633621468,1.6108890614618423,-0.42758237774677493,2.974722368486493
2020-05-19,-0.915304336025336,1.7621022503091464,-0.46908479991086494,2.963842114578311
2020-05-20,1.3721866346520195,1.4428440797145705,-0.48972238479404395,2.9530803798041685
2020-05-21,-0.6842586725092016,1.6330895414026803,-0.5103525894877432,2.942435027948217
2020-05-22,0.17474994849301195,1.4602569209522103,-0.5518359768153318,2.343909485349111
2020-05-26,1.008702691353164,1.4398793195853172,-0.5098344274579666,2.338263110556321
2020-05-27,1.219493392364466,1.3896878035759206,-0.551340882135461,2.3326573457523936
2020-05-28,-0.20432192107485878,1.5088687264898977,-0.46755963702237047,2.3270917064662946
2020-05-29,0.38046996701060154,1.3727157355422643,-0.5508866135823507,1.8015058955473777
2020-06-01,0.29089389913008623,1.4607724061880536,-0.48795087586113844,1.7986736297983907
2020-06-02,0.6660086431073928,1.2862957756736253,-0.5086231646371407,1.7958546805564186
2020-06-03,1.1207831400062875,1.1383214246642763,-0.3620629631694068,1.7930489437967738
2020-06-04,-0.31326573818625164,1.1560055543277843,-0.2573502300370019,1.7902563166288872
2020-06-05,2.1605576215040645,0.9946018831231022,-0.1317238927195566,1.373638766756101
2020-06-08,0.9832570337219194,1.1542774673952452,-0.19446047450389548,1.3721745671612433
2020-06-09,-0.69180814415928,1.3719990483171411,-0.2362573405358879,1.3707150397994112
2020-06-10,-0.47978664255366876,1.3705410269808092,-0.3618171959798503,1.3692601598750036
2020-06-11,-5.120008618221159,3.004668886411388,-0.592066136457654,1.3678099027762551
2020-06-12,1.0627497056060404,2.415360353953889,-0.48702614130625965,1.064340877415328
2020-06-15,0.6683589629207812,2.2012767912846485,-0.48680427898273815,1.0635054401632216
2020-06-16,1.5477722765985646,2.10675571911896,-0.44465749889033784,1.0626719671168723
2020-06-17,-0.32938965484435434,2.0779750856105976,-0.42349221317206426,1.0618404505915482
2020-06-18,0.022912125446263424,2.0088564704702128,-0.4862348390487777,1.0610108829445444
2020-06-19,-0.5020177047097354,2.272366311445135,-0.5069944843286601,0.8697057677283861
2020-06-22,0.5165036608053262,1.8570978880039395,-0.4857745848556761,0.8691455382612883
2020-06-23,0.3337139124209932,1.8050963621305474,-0.44356909503477804,0.8685863900331371
2020-06-24,-2.2219841208397013,2.104317094148141,-0.5273683130818452,0.8680283195704296
2020-06-25,0.887821411457734,1.9023407748627448,-0.5061183117594054,0.8674713234152645
2020-06-26,-2.0787050858154226,2.2052432645098805,-0.5899186564537902,0.7223017322879147
2020-06-29,1.1953335543017543,1.841216731009822,-0.5686155642343452,0.7219000409804004
2020-06-30,1.253899317839606,1.6737992636460777,-0.5263037822720088,0.7214990191021771
2020-07-01,0.3928312517611105,1.450957136947011,-0.4840083526754425,0.7210986647959379
2020-07-02,0.3526050723815824,1.334772643103679,-0.4837904728305009,0.7206989762115849
2020-07-06,1.2918050568210226,1.3650978383301826,-0.4625353224490471,0.6018503353168797
2020-07-07,-0.9383120734625046,1.5450939969248891,-0.546502371921478,0.6015517766938945
2020-07-08,0.6255153281877824,1.3789053673820988,-0.5041485209175693,0.6012536619465759
2020-07-09,-0.5016081381271724,1.521008657729693,-0.6091821673226397,0.6009559899761427
2020-07-10,0.8446460553150865,1.2795904006786034,-0.5457076212604862,0.48866819994839483
2020-07-13,-0.8158158648625266,1.8738021096515858,-0.5665134188080339,0.4884483772497945
2020-07-14,1.0880127905792276,1.546730844375502,-0.5451737150387936,0.4882288509399416
2020-07-15,0.7292022794790826,1.3311590458060671,-0.5659908556286943,0.488009620353394
2020-07-16,-0.31457163054422776,1.3589603951708806,-0.6078759865506292,0.4877906848268017
2020-07-17,0.2099839931862772,1.0758885712749224,-0.5232412650389899,0.36881489886611113
2020-07-20,0.6732747857433088,0.9268586188864023,-0.6073556887209447,0.36866329697702754
2020-07-21,0.11159105278507554,0.9724011494584952,-0.5859622191414028,0.3685118818829008
2020-07-22,0.4515641176287412,0.9085419711677648,-0.6067757699077737,0.36836065320045003
2020-07-23,-1.0694502333687763,1.1217484152455321,-0.6697807633493064,0.3682096105474937
2020-07-24,-0.54981468753011,1.0916885044512763,-0.6272198063021104,0.2424954541415669
2020-07-27,0.5900230534281293,0.957222069684674,-0.5846820959363199,0.24240288265723414
2020-07-28,-0.574014744644787,1.0415898371980692,-0.626632196451223,0.24231041710819307
2020-07-29,1.008546052442354,0.87803154564897,-0.6051973536325032,0.24221805729255
2020-07-30,-0.34465040860084867,0.9576596396207484,-0.6471504209417009,0.24212580300894962
2020-07-31,0.6129489113466652,0.9205514152159082,-0.6468203932138487,0.11624871915287029
2020-08-03,0.5718354700471826,0.8980693863776376,-0.6253570467154915,0.11620639157144796
2020-08-04,0.2732634575045312,0.8342930905430936,-0.7095948643148065,0.11616411019235237
2020-08-05,0.5088403297795552,0.7401864058300845,-0.6457892658364528,0.11612187493159153
2020-08-06,0.5084396790903096,0.6984349613695886,-0.6454612835657031,0.11607968570538717
2020-08-07,0.022529267645936567,0.6445491792875363,-0.645133800512998,0.003289972818282261
2020-08-10,0.19970590523629964,0.6344904511618594,-0.6236512268929194,0.0032887950812090084
2020-08-11,-0.7042733375114484,0.8653230267270245,-0.5598572046023773,0.0032876186080418195
2020-08-12,1.1393300439656813,0.6518639371246089,-0.4537507788589809,0.003286443396521554
2020-08-13,-0.20371117144002343,0.6332748694191962,-0.41120265687004653,0.003285269444395083
2020-08-14,-0.045538633720104756,0.6232188118709956,-0.3686642067005171,-0.08973341474791131
2020-08-17,0.19693322341759226,0.5376664693842671,-0.4108948028068218,-0.08970114951904856
2020-08-18,0.16269443723061908,0.5569095024716927,-0.4531145996798933,-0.08966891906976819
2020-08-19,-0.4034126922679399,0.682136458664671,-0.4317187956871993,-0.08963672333763244
2020-08-20,0.23489122081840327,0.7037122588517281,-0.4739509793931084,-0.08960456226035923
2020-08-21,0.2585512645984938,0.6814026605649942,-0.5585913421499191,-0.15613027065595514
2020-08-24,0.8116879556070519,0.6603264867704637,-0.4946809232112841,-0.15607342539839136
2020-08-25,0.2709621939927891,0.6185363833095813,-0.4307908750339346,-0.15601664218578642
2020-08-26,0.8239714836172665,0.769436990380252,-0.4518400076116657,-0.1559599209053553
2020-08-27,0.10835199176455078,0.9153148494995239,-0.345461134029141,-0.15590326144459976
2020-08-28,0.5338008464322646,0.7305923535687828,-0.30283396828801096,-0.20251718325275567
2020-08-31,-0.21889531812221472,1.1508536102615021,-0.34522070604629596,-0.20244251759783527
2020-09-01,0.6003654430084582,1.1145663944577178,-0.4088570937113965,-0.20236793446705803
2020-09-02,1.254743991252888,1.1685169600199026,-0.4724767597798538,-0.2022934337085196
2020-09-03,-3.0463379357694493,2.022873966231392,-0.5148076184313793,-0.20221901517070695
2020-09-04,-0.7201691848496852,1.6731651631779085,-0.3443827428832245,-0.2155016238553805
2020-09-08,-2.399124774514836,1.757130246902241,-0.4080928305271124,-0.21542203882356403
2020-09-09,1.6465857654857088,1.4329525095909361,-0.3653487447596414,-0.2153425418992422
2020-09-10,-1.5216151806602924,1.5406502965831197,-0.4290861003887071,-0.2152631329199644
2020-09-11,0.014809184214343022,1.1941608227546432,-0.42890718232327013,-0.2018088599223133
2020-09-14,1.0341288922643672,1.069295439807118,-0.4287284878842887,-0.20173494706505213
2020-09-15,0.4069199199337943,1.03691695651644,-0.4285500166063058,-0.20166111536049813
2020-09-16,-0.42034900399693814,1.0908039753890304,-0.40705318848157485,-0.20158736466025715
2020-09-17,-0.741267436162312,1.1409558108909268,-0.3855613331052015,-0.20151369481631443
2020-09-18,-0.9760642800144027,1.0635549093804118,-0.3854059222273247,-0.17464476751480748
2020-09-21,-1.008427224038951,1.2994274824425363,-0.42792632334274344,-0.17458165382373764
2020-09-22,0.8512877634572974,1.1865899555841584,-0.4064051705508169,-0.17451860850793957
2020-09-23,-2.0465398069913383,1.3942035915771378,-0.42758935397705666,-0.17445563144404322
2020-09-24,0.22275925623030138,1.384283816317433,-0.4487680872893388,-0.17439272250898996
2020-09-25,1.3037960948516336,1.124675468401423,-0.4272178671530615,-0.14748867227833376
2020-09-28,1.3136221750775459,1.1007481791110565,-0.4484091504289556,-0.1474360092462505
2020-09-29,-0.43533855222537604,1.109598148705924,-0.40547309333632026,-0.14738340258627658
2020-09-30,0.6612228903062193,1.120858028983328,-0.38392750177892726,-0.14733085219791311
2020-10-01,0.4137027118929308,1.1599774698612348,-0.4265479280608077,-0.1472783579809116
2020-10-02,-0.8395944666472086,1.2717248188289603,-0.3621922889228619,-0.10689479985171663
2020-10-05,1.4673469044938423,1.310538803443317,-0.2122397744812487,-0.10685714859240467
2020-10-06,-1.213361362978498,1.4933109845938308,-0.2549809775440336,-0.1068195370904827
2020-10-07,1.4188692687109192,1.319806663558387,-0.19063771671655388,-0.10678196527603079
2020-10-08,0.6393798494817047,1.1127857734219182,-0.19056905910504976,-0.1067444330793018
2020-10-09,0.7043341854790526,0.9472511058900839,-0.23336198181906295,-0.0865064849599592
2020-10-13,-0.5637278931207571,1.0761941795109695,-0.3404613162240596,-0.0864762390781911
2020-10-14,-0.5902238899342198,1.1153394566992003,-0.31888660217470405,-0.08644602489950715
2020-10-15,-0.15971693737566853,1.183463213285116,-0.297314897775076,-0.08641584236856185
2020-10-16,-0.019677912645640498,1.2357208022540107,-0.2542885097550779,-0.08638569143014499
2020-10-19,-1.415747096750005,1.4486988519102781,-0.25419481797471943,-0.08635557202918084
2020-10-20,0.3667363845851702,1.4676926110295436,-0.1467419303544736,-0.08632548411072818
2020-10-21,-0.21528337170140904,1.3815242844162592,-0.10373072913749595,-0.08629542761997981
2020-10-22,0.4080362900802534,1.3149042706437672,-0.06072002343123591,-0.08626540250226183
2020-10-23,0.25921481533173435,1.2460214917783137,-0.14667718992061857,-0.10649851035932809
2020-10-26,-1.6098676564338528,1.8374462237983284,-0.1896283886264218,-0.1064613640304413
2020-10-27,-0.28461884460783654,1.9418644333383275,-0.2325771469588087,-0.10642425654400989
2020-10-28,-3.045118081079799,2.7707205276060995,-0.23249271406836367,-0.10638718783238749
2020-10-29,0.9699017796988891,2.4406431715327654,-0.10327274097359279,-0.10635015782809268
2020-10-30,-1.052264156586583,2.486218058076679,0.004415773189816661,-0.1469082486143221
2020-11-02,1.0006825076923955,2.37389351392725,-0.060199704425646525,-0.14685666684352794
2020-11-03,1.4527356304643417,2.1801112280456874,-0.017088236030308304,-0.14680513936809272
2020-11-04,1.799839377024781,1.462381087890942,-0.21105434811027812,-0.14675366609283047
2020-11-05,1.5852815725189722,1.223107819980667,-0.18941974928703145,-0.14670224692278866
2020-11-06,-0.055170431528899874,0.8969941082233022,-0.1462197258427742,-0.20764502804219265
2020-11-09,0.944198690273904,1.0028362882471373,0.112720923544595,-0.20757083960071174
2020-11-10,-0.14914528235070493,0.8885780304651819,0.11268185032362081,-0.20749673062168983
2020-11-12,-0.8727060633518305,0.9537934549220857,-0.06006749008546225,-0.2074227009633756
2020-11-13,1.1027967681901214,0.6841010064193119,-0.03845071386564807,-0.2955641478405367
2020-11-16,0.9395616832356538,0.6059918137441215,-0.038437560139409445,-0.295454371677975
2020-11-17,-0.4353541206097257,0.636823061780993,-0.10325700116116455,-0.2953447177412777
2020-11-18,-1.0078604220861944,0.7717571904386401,-0.03836690317315729,-0.2952351858038005
2020-11-19,0.29913335135509556,0.6839614668398855,-0.12485578569102683,-0.2951257756394873
2020-11-20,-0.6037081239027754,0.7542524136340567,-0.146445102972482,-0.4105478372017265
2020-11-23,0.44066247192491387,0.6293210867071248,-0.0814746464200747,-0.41038453363995775
2020-11-24,1.3142677591504996,0.5068438775280416,-0.038151980339193745,-0.4102214247950012
2020-11-25,-0.16554986420853227,0.4598960331451779,-0.05979376350192402,-0.4100585102802095
2020-11-27,0.1687929233132481,0.41056352535589086,-0.12475929698001624,-0.5187443908752435
2020-11-30,-0.41943040518659735,0.37802768945055365,-0.12471628215732984,-0.5185209157014451
2020-12-01,0.9096120321536206,0.4018682170972522,0.027062721090768883,-0.5182977290984541
2020-12-02,0.11764597544965794,0.449696177908099,0.11378915559561058,-0.518074830445758
2020-12-03,-0.08535788010417152,0.46271253146780755,0.04867668936012986,-0.5178522191247104
2020-12-04,0.7070124517194738,0.40370800071651464,0.15715204691222895,-0.6197911491858613
2020-12-07,-0.19628737400110585,0.4647812276305278,0.1353922306938117,-0.6195009406901489
2020-12-08,0.20103419430573738,0.3901308328582923,0.09192014824966857,-0.6192111394711979
2020-12-09,-0.7050288450106634,0.5809754572975382,0.11360890042481059,-0.6189217445772817
2020-12-10,-0.14111859522523562,0.6107471986833467,0.09184271768636636,-0.6186327550597863
2020-12-11,-0.13937416347560327,0.70538446312028,0.1135460733864101,-0.700149397881623
2020-12-14,-0.400727004918357,0.8744388083529078,0.07002349212297503,-0.6997976492793959
2020-12-15,1.0491120302490256,0.6540197317152121,0.15699615593314817,-0.6994464302908088
2020-12-16,0.11612847158235527,0.606823550179694,0.11342970040021061,-0.6990957395881651
2020-12-17,0.45071187814553776,0.538005144736608,0.15691780059842503,-0.6987455758484231
2020-12-18,-0.33009862319057875,0.49447090687926987,0.1786340484250306,-0.7734407036465965
2020-12-21,-0.3634255200183261,0.9260697790144534,0.1785720987280932,-0.7730253957999843
2020-12-22,-0.20817094621354323,0.8136530898392464,0.13494104714088623,-0.7726107562486252
2020-12-23,0.029964083141486138,0.7025298781030384,0.20027000996731226,-0.7721967832021206
2020-12-24,0.2650568238963877,0.4879733854088993,0.15660286125485787,-0.771783474876779
2020-12-28,0.7001469785711775,0.5082361787396287,0.1565490849894852,-0.8191546892190432
2020-12-29,-0.22199544132262966,0.6741757329783388,0.17830836968690322,-0.8186963545786334
2020-12-30,0.07976220330119661,0.6365193049193689,0.1564267005889089,-0.8182387884225193
2020-12-31,0.5088524715381619,0.6338113034008216,0.134545725207444,-0.8177819886055844
2021-01-04,-1.28990702476972,1.1416708267233817,0.17816888040570647,-0.8582988929608943
2021-01-05,0.5634185752556975,0.9445897027478877,0.19994877587380758,-0.8578011351413105
2021-01-06,0.4478819253650168,0.9114846044038767,0.3528110410903455,-0.8573042423204684
2021-01-07,1.2120014002849906,0.5857284374907061,0.4400868483121453,-0.8568082119959575
2021-01-08,0.4284993208362969,0.4878573046731252,0.5491917461869136,-0.890467225616077
2021-01-11,-0.5909714411612343,0.7913662402311128,0.5926723092487662,-0.8899355198657855
2021-01-12,0.0007047935092685484,0.7005493516810319,0.5924057155295593,-0.8894047654378927
2021-01-13,0.15787551045032416,0.5651777782154275,0.48279147578865445,-0.8888749594989526
2021-01-14,-0.3528983567145248,0.6903387547987345,0.5482206900996665,-0.8883460992273179
2021-01-15,-0.6452807800764259,0.8214378751839547,0.5261034943425094,-0.921982437891724
2021-01-19,0.6522487552674315,0.6883229755589768,0.48210780280727633,-0.9214162770546368
2021-01-20,1.1374156169887144,0.48771377869819577,0.5038028262273944,-0.9208511579237194
2021-01-21,-0.008311975853795506,0.4561336692959291,0.5473871173028535,-0.9202870773084124
2021-01-22,-0.29059398757463095,0.5271766836801856,0.5033474513749391,-0.9402258213849701
2021-01-25,0.27093223910441555,0.6814948297598222,0.3935934832003471,-0.9396394225909962
2021-01-26,-0.16146093076397383,0.6606376446633883,0.4372746348415126,-0.9390541196034967
2021-01-27,-2.23740416345063,2.3704820808958944,0.3932590316320491,-0.9384699090138204
2021-01-28,0.7889578062394791,1.5240578360474222,0.4588917769162078,-0.9378867874281426
2021-01-29,-1.6842172271881086,1.8686808484394266,0.5683659681909374,-0.944139902607132
2021-02-01,1.3143531981290553,1.5235092258447969,0.5242463671109349,-0.9435507100924413
2021-02-02,1.1338694981230784,0.9590863069773805,0.5898480679493109,-0.9429626192633297
2021-02-03,0.050799611271774334,0.6395265382606344,0.655417296975273,-0.9423756266908107
2021-02-04,0.879006994668253,0.5019495778211917,0.6551086930196399,-0.9417897289608198
2021-02-05,0.2941537415207131,0.3933233772829989,0.7864954235003234,-0.9480412946792768
2021-02-08,0.5888725749649313,0.4377599276718819,0.7421756427620722,-0.9474493137254582
2021-02-09,-0.13011803688799453,0.48459517003487773,0.7198424370403835,-0.9468584403321583
2021-02-10,-0.0649271202496283,0.5277986254774445,0.6536042820633905,-0.9462686710500471
2021-02-11,0.10514258166626475,0.4383428946152817,0.675262576912951,-0.9456800024448162
2021-02-12,0.36274257030096696,0.28376382841065845,0.7628072849854821,-0.9587673559377858
2021-02-16,-0.08426557475794111,0.46345580702879713,0.9381343883718539,-0.9581642182889707
2021-02-17,-0.06311532305357681,0.4680989725775584,0.9595190774755659,-0.957562217468405
2021-02-18,-0.4114508544320274,0.5874168338820788,0.9589158047910226,-0.9569613499093045
2021-02-19,-0.19324010154816648,0.5340354082027652,1.0681179734606956,-0.9700377597473288
2021-02-22,-0.694589911674865,0.7028662575679803,1.133238206114383,-0.9694222409385601
2021-02-23,0.07155305689139395,0.6614632891207495,1.1323926604589016,-0.9688078923416753
2021-02-24,0.9235583025240778,0.44732843328636235,1.1315490046502765,-0.9681947102533927
2021-02-25,-2.1381292983041797,1.3589540453234505,1.3720706391654838,-0.9675826909868235
2021-02-26,-0.4383401273048412,1.2442923872336547,1.2172467769962196,-0.9806491179073126
2021-03-01,1.9592972429448459,0.6880175079680504,1.2601291013530254,-0.980022285444217
2021-03-02,-0.7232213166902837,0.7782687625965364,1.193278570275128,-0.9793966534634014
2021-03-03,-1.1498558384104944,1.088191003224683,1.2800419183079,-0.9787722181378978
2021-03-04,-1.1791142638050287,1.3167026335536753,1.432348155998966,-0.978148975657799
2021-03-05,1.6026815187914056,0.8436799562683319,1.4747315594336414,-0.9912048840551161
2021-03-08,-0.4897077609441963,0.9410066598874562,1.4732117966154141,-0.9905666677877196
2021-03-09,1.1570507286136607,0.7665538700611358,1.38415083621218,-0.9899296827375508
2021-03-10,0.4748511330375872,0.5885889100262067,1.3609589591833835,-0.9892939249510162
2021-03-11,0.8416005534292358,0.5097857543060824,1.4253294784161608,-0.9886593904922729
2021-03-12,0.05044669801405043,0.362101207166682,1.6425298400891621,-1.0153820556736377
2021-03-15,0.51318430193654,0.2821569193857719,1.5968806018071569,-1.0147144574657943
2021-03-16,-0.16927560804550806,0.2530263497044942,1.5732142673945795,-1.014048174335665
2021-03-17,0.208120715797118,0.18517568355498348,1.636913776479996,-1.0133832019713693
2021-03-18,-1.297787036501254,0.46954899766186603,1.7439898948340182,-1.0127195360807948
2021-03-19,-0.08636723704601691,0.3930972792147005,1.8070668809473591,-1.046248837188635
2021-03-22,0.5591702573319443,0.14226479998497868,1.7175079387891374,-1.0455417023042122
2021-03-23,-0.6859389525024154,0.3142441730125535,1.5847449767541255,-1.0448359992916756
2021-03-24,-0.5007012560433047,0.42318676943515554,1.5829529564738647,-1.044131723325227
2021-03-25,0.4092503762146431,0.25455056033164547,1.6029127609775138,-1.0434288696018108
2021-03-26,1.3658509273312183,0.1392750984169282,1.687997504384234,-1.083748660239868
2021-03-29,-0.10968840566326556,0.3672466955940781,1.8161733502388626,-1.0829907234626384
2021-03-30,-0.3046358615985073,0.2300245135557334,1.77028351244393,-1.0822343746895873
2021-03-31,0.27171534754006393,0.20446113975702226,1.7896128054066982,-1.0814796083832259
2021-04-01,0.9635121092073194,-0.0469067382266827,1.6572017588984227,-1.0807264190330599
2021-04-05,1.1819949773649754,0.023544090624380586,1.741836017018282,-1.1278158093118493
2021-04-06,-0.12004233180613672,0.04904742238300789,1.6313709571808934,-1.1269943834608527
2021-04-07,0.08821766564263123,-0.06762648245205796,1.6510931862531535,-1.1261747498148604
2021-04-08,0.32109354583423877,-0.09313157105758747,1.6058779775873964,-1.1253569018662168
2021-04-09,0.6169536867649872,-0.12471621800015895,1.625653654197606,-1.1723608336740177
2021-04-12,-0.05454157469238656,-0.09791645682611871,1.623761364878937,-1.1714707827772084
2021-04-13,0.24222756533806974,-0.1295195431323281,1.557098396885061,-1.1705827559747404
2021-04-14,-0.38685587217566075,-0.08809597435083406,1.5553964695105948,-1.1696967456064586
2021-04-15,0.9019976397785083,-0.13920208617230403,1.3810558893184357,-1.1688127440527367
2021-04-16,0.2685850982737151,-0.17812810609070168,1.4445085848694588,-1.222544267380689
2021-04-19,-0.49194810662095056,-0.05137203686769536,1.4862221126988304,-1.2215723018089446
2021-04-20,-0.6200026395574059,0.11803587966871998,1.441586011932476,-1.220602650797289
2021-04-21,0.7518491291537391,-0.025847509879431817,1.418620521930312,-1.2196353051741078
2021-04-22,-0.8272223785684479,0.12170988488789672,1.395713594170925,-1.218670255818582
2021-04-23,0.8889896541907552,-0.04666151959873253,1.4159473546921553,-1.2654520449808269
2021-04-26,0.11352104362195362,-0.008820841043882432,1.371525406975553,-1.264406298298404
2021-04-27,-0.05677524372671247,-0.018582658185710487,1.4994320226155742,-1.263363139896891
2021-04-28,-0.11060748699704276,-0.05276363553952859,1.4978872087972157,-1.2623225591169798
2021-04-29,0.5370016239929029,-0.012442224439128052,1.5608595812666926,-1.2612845453607129
2021-04-30,-0.6551997284530632,0.1097354735482081,1.5591607235169984,-1.3011305552985606
2021-05-03,0.19608219263114174,0.07303668900356504,1.5144990767116007,-1.300021047899179
2021-05-04,-0.6108211878759519,0.21604409354911203,1.469964705221577,-1.2989143739840276
2021-05-05,0.02203495973976977,0.17561897180601793,1.42554980746602,-1.2978105215132483
2021-05-06,0.656949350107383,0.08259580819128956,1.4027159969855878,-1.296709478518483
2021-05-07,0.5894796789729768,-0.1254483392942717,1.4872394453016082,-1.3296395138565675
2021-05-10,-0.9356594229902441,0.2381212031705547,1.5071801991059326,-1.3284778382660294
2021-05-11,-0.7831081182127042,0.5049215893743708,1.5270635490081774,-1.3273192021529086
2021-05-12,-1.8900507693854427,1.208392740141813,1.6325871434576227,-1.3261635922858315
2021-05-13,0.9970663279574625,0.6617947368072523,1.566463901176545,-1.32501099551392
2021-05-14,1.2275890615948317,0.1325092037359203,1.5005390626397501,-1.3578464946041313
2021-05-17,-0.2544141242430804,0.243946359850347,1.5204045124979317,-1.3566315637993218
2021-05-18,-0.7687366144192835,0.44236635805842617,1.518821654933973,-1.3554198883412285
2021-05-19,-0.289304700594919,0.5451406766035541,1.6027620921555517,-1.354211453718208
2021-05-20,0.8603342546274265,0.35982290334543104,1.5154896904846247,-1.3530062455090153
2021-05-21,-0.10477583836204826,0.29593023440933175,1.4711929448518724,-1.3653798269612498
2021-05-24,0.8057532007163373,0.08116017290067233,1.4697329803461283,-1.3641532137611887
2021-05-25,-0.22017337061282874,0.1351267805415626,1.3615098362480902,-1.362929900481703
2021-05-26,0.12239636382168392,-0.04658355980881522,1.4243399963892827,-1.361709872353148
2021-05-27,0.06154864221436809,-0.12269650734394964,1.4870054796392118,-1.360493114698266
2021-05-28,0.027618471211523003,-0.12020098517219002,1.4215198768561,-1.3728367298003294
2021-06-01,-0.08039774456999117,0.0199003720968224,1.4628264603265342,-1.3715985210805397
2021-06-02,0.08569733227233961,-0.03172446789703663,1.4613914432437896,-1.370363656677736
2021-06-03,-0.3497890974661182,0.03713194596757375,1.4812683407255074,-1.3691321215643604
2021-06-04,0.7158373549472864,-0.1621032875235345,1.3732804927247393,-1.3814458423447256
2021-06-07,-0.1068300916413402,-0.16205135653864575,1.350744383796524,-1.3801927751691516
2021-06-08,-0.023426553771589954,-0.082016112538632,1.3069624367854356,-1.3789431116757624
2021-06-09,-0.1950489996594892,0.018944318272258898,1.1993819772454706,-1.3776968364834756
2021-06-10,0.35998458216382995,-0.20146114818700958,1.1345808083359803,-1.3764539343083517
2021-06-11,0.12853533000493408,-0.2568181958459545,1.1337732300362724,-1.3819758022906021
2021-06-14,0.11707586795858925,-0.16556708841355727,1.2181379426488037,-1.3807255234147406
2021-06-15,-0.21169964813483488,-0.08787420594260517,1.2171976249162877,-1.3794786318068595
2021-06-16,-0.5029478114437166,0.051456904426465146,1.237543315595045,-1.378235112199827
2021-06-17,-0.07576464415621201,0.0021145380579337125,1.0875873191300451,-1.3769949494226772
2021-06-18,-1.1735089898811994,0.3659942728309002,0.8739521416040198,-1.3757581283998377
2021-06-21,1.1572153136920647,0.019161383025822418,0.9586498054834472,-1.374524634150345
2021-06-22,0.4010354250569001,-0.13265764280264283,0.9580797009102019,-1.3732944517870915
2021-06-23,-0.13169511423229943,-0.17459251133793627,0.9788037002986099,-1.372067566516069
2021-06-24,0.459822135164085,-0.21776040975572705,0.9569171129244077,-1.3708439636356273
2021-06-25,0.24726751990341592,-0.26092556171190584,1.0202295537483665,-1.342651259871879
2021-06-28,0.1600485770400932,-0.24354016637583623,0.9770009080565889,-1.341488457413002
2021-06-29,-0.015148561377841556,-0.21132367049941173,0.9338219911142399,-1.340328670864128
2021-06-30,0.07525370308095186,-0.23474707102827583,0.8906883717584259,-1.3391718872107026
2021-07-01,0.40942491267646697,-0.2779565169959939,0.9540892918756111,-1.3380180935166603
2021-07-02,0.6042635378186525,-0.3285836364141435,0.889631591861024,-1.309925798405435
2021-07-06,-0.21409642762193365,-0.15894245432330661,0.7826259252426685,-1.308829817356931
2021-07-07,0.24940579915506456,-0.18860049979736038,0.6970033943131944,-1.3077365826501854
2021-07-08,-0.780844984288333,0.15816569712726647,0.6966845690833333,-1.3066460828345492
2021-07-09,0.9274174706988016,-0.19117165047655246,0.760312843890209,-1.271908078493659
2021-07-12,0.2571974364159206,-0.19234968181672507,0.7812610239072509,-1.270884841494622
2021-07-13,-0.34387543231137174,-0.074551618086521,0.8021934468547526,-1.269864070079777
2021-07-14,0.06061346850532035,-0.1724662502717908,0.7591451919505597,-1.2688457543632479
2021-07-15,-0.3218580626766549,-0.08808598979371901,0.6308162859014126,-1.2678298845145655
2021-07-16,-0.6928320792628105,0.09057028554664626,0.5878795711119272,-1.2197453054671301
2021-07-19,-1.419505149189129,0.5930266692747864,0.41691953385228897,-1.21881555479197
2021-07-20,1.2598548305696637,0.24905359710014233,0.5234983286087525,-1.2178879269876364
2021-07-21,0.6690585984442808,0.02303095651003287,0.6300356844322388,-1.2169624139879296
2021-07-22,0.13430756518525205,-0.004296576795659384,0.6084150879642404,-1.2160390077694947
2021-07-23,0.8316493221878947,-0.0651641499087886,0.629515577612638,-1.1680757921871856
2021-07-26,0.16526064882088687,-0.01792541306539874,0.6078875697467423,-1.1672321200684281
2021-07-27,-0.44823469428085694,0.20332859351407198,0.5649047684226619,-1.1663902734030944
2021-07-28,-0.05612111028708938,0.07271476273465641,0.5860462661966747,-1.1655502456177698
2021-07-29,0.3227002869940601,-0.0031745178037931626,0.6285511169199736,-1.1647120301721385
2021-07-30,-0.5087392254248024,0.06400793420804278,0.5641536112169957,-1.1235719167988871
2021-08-02,-0.19938538431165265,0.21581226216779228,0.5211622565041157,-1.1227977223939662
2021-08-03,0.6666823219094932,0.038978701152158124,0.4995726528448917,-1.1220251261568703
2021-08-04,-0.4418190104808003,0.03025005942694036,0.49938267222766114,-1.1212541225966646
2021-08-05,0.4780497726326988,-0.05570554485027564,0.4991929081867709,-1.1204847062487897
2021-08-06,0.1045998954626805,-0.1964823281322885,0.6702101256368126,-1.079425284764239
2021-08-09,-0.12173563254951417,-0.1253803610243379,0.6699151059006782,-1.0787156122010249
2021-08-10,0.04564504641893262,-0.11661457841386962,0.7124313248445813,-1.0780073375311885
2021-08-11,0.07012208114327245,-0.1938968254577675,0.7121054914930612,-1.0773004561715271
2021-08-12,0.3181456172330921,-0.2661848061491012,0.7331910850866179,-1.076594963559849
2021-08-13,0.09862146565428753,-0.28356658607792756,0.5829396459559459,-1.0423200211235344
2021-08-16,0.1862733527875269,-0.19985162613073854,0.5612810317585668,-1.0416616367180613
2021-08-17,-0.6551588328201335,0.0236938835359418,0.5182031680689795,-1.041004498349692
2021-08-18,-0.977411895043341,0.4807498810074486,0.5394365378556538,-1.040348602093028
2021-08-19,0.06914648775212771,0.4930602076222639,0.4963519338580657,-1.0396939440399655
2021-08-20,0.6635949902653218,0.104323980694455,0.517607178068613,-1.0256131646688675
2021-08-23,0.6961867683086617,-0.07193611314116488,0.49596211387752925,-1.0249779735027242
2021-08-24,0.08904447504271135,-0.06316279086521995,0.5601297255611866,-1.0243439610520582
2021-08-25,0.15178842972198797,-0.11691890272825589,0.7100813635659005,-1.0237111236758303
2021-08-26,-0.5481229900029999,0.13956497872545404,0.645392896674043,-1.0230794577487274
2021-08-27,0.7210525538180228,-0.16705491460946187,0.6451175396371267,-1.009022151773502
2021-08-30,0.3323491005580695,-0.19203654891506877,0.6448425347431783,-1.0084093569898787
2021-08-31,-0.15848504592818421,-0.15566762263145165,0.6660353379998268,-1.0077976773311537
2021-09-01,-0.014001859587246583,-0.20195853613363487,0.6872167816214664,-1.0071871094193712
2021-09-02,0.20571490830526992,-0.16431251138614397,0.6439643579065213,-1.0065776498908778
2021-09-03,-0.07037323346738497,-0.16426182910025297,0.7081239622349451,-1.0126826384916006
2021-09-07,-0.3371034893718628,0.05264915831430672,0.7937204000076287,-1.012067219419453
2021-09-08,-0.1558278191311396,0.030062904084729163,0.7288894839430516,-1.0114529209774195
2021-09-09,-0.4427356469253949,0.13541336027107895,0.5996350015534972,-1.010839739768652
2021-09-10,-0.7155679314768629,0.4051044138126281,0.706846168725405,-1.0169407873982657
2021-09-13,0.15776563360133525,0.20669488901542873,0.7065288245105938,-1.0163216322230002
2021-09-14,-0.5423238829693311,0.2179277019090658,0.5987241225239587,-1.0157036065734408
2021-09-15,0.6950521997652526,0.057134265880184755,0.6629876291817915,-1.0150867070194325
2021-09-16,-0.1757286608954299,0.1211759963950114,0.6842071915230583,-1.014470930145388
2021-09-17,-0.8379738907220006,0.3874865379768418,0.7484283652842225,-1.0272817316567016
2021-09-20,-1.5314501846811188,1.0028790911812953,0.6190152991558471,-1.0266516725582953
2021-09-21,-0.10975423729113037,0.8327460517904994,0.6833066264689142,-1.0260227713354562
2021-09-22,0.786799954147592,0.39383282126901836,0.596930652392328,-1.0253950244460934
2021-09-23,1.0117804193569726,0.11210553226572448,0.7473475348527545,-1.024768428363269
2021-09-24,0.0873040091010294,0.0014074424810730057,0.8330892390349105,-1.0375671655096403
2021-09-27,-0.28245025192771894,0.12845730012740195,0.8111461551221535,-1.0369261413619701
2021-09-28,-1.8325614616866237,0.6932956981968187,0.9398875515700863,-1.0362863038503716
2021-09-29,0.09791321348435729,0.6061872465367849,0.9824041090855157,-1.035647649318277
2021-09-30,-1.0830365718768975,0.6789203897266698,0.9603095512539772,-1.0350101741248736
2021-10-01,0.957698136092287,0.4218745946871666,0.8951918164827132,-1.041085163023412
2021-10-04,-1.1778334829112327,0.6558838866306868,0.9162387380441795,-1.0404416171223094
2021-10-05,0.8744284986682141,0.44659388201715383,1.0018368182467738,-1.0397992631697208
2021-10-06,0.3183779046795722,0.4086488122107043,0.9366698511505497,-1.0391580974907202
2021-10-07,0.6817951134212527,0.22455533863016716,1.000723742156615,-1.03851811642623
2021-10-08,-0.20623723280262282,0.1274360273001716,1.0646982841039354,-1.0378793163329223
2021-10-12,-0.25015438323573,0.2635576741021715,0.9564142195945544,-1.0372416935831392
2021-10-13,0.2244386591322944,0.11088217093965103,0.8482381119741552,-1.0366052445648064
2021-10-14,1.4369364587154183,-0.11369722597610243,0.783212363164425,-1.0359699656813421
2021-10-15,0.6086133194142319,-0.18432665970749113,0.8259080524117964,-1.021915797616156
2021-10-18,0.25377580149788415,-0.18300817688998988,0.7608876882946616,-1.0212993698083401
2021-10-19,0.6025923966616695,-0.2599669686853133,0.9543699226044999,-1.0206840561590491
2021-10-20,0.27855619236770157,-0.28640508913538404,0.9753667439093918,-1.0200698533160248
2021-10-21,0.2203053985828721,-0.3469457686429116,0.9317360359688799,-1.0194567579411156
2021-10-22,-0.13486792622366578,-0.29376457856995264,0.8235310045566068,-0.9852950076897578
2021-10-25,0.3729191939926278,-0.31768375651519387,0.8015816585373947,-0.9847237070889164
2021-10-26,0.11765924425824816,-0.22403008209531577,0.7796488411090882,-0.9841533991034968
2021-10-27,-0.48415447141443113,-0.09750028929684247,0.5206580269827815,-0.9835840808624337
2021-10-28,0.8142381443795697,-0.15439564776220532,0.5851400458935196,-0.9830157495062717
2021-10-29,0.12877778539330817,-0.18851334450627721,0.5849094286343013,-0.9153394809142511
2021-11-01,0.11570476148711659,-0.16947073602101953,0.606245318948791,-0.9148459715282637
2021-11-02,0.27977704691855776,-0.2175292510276753,0.6491411916547332,-0.914353259515895
2021-11-03,0.5218763934139442,-0.33523359884736004,0.7135862678988509,-0.9138613427322343
2021-11-04,0.3231862661741518,-0.2920579436823286,0.6916964531276778,-0.9133702190404377
2021-11-05,0.28390175108878435,-0.16019161564827897,0.5619196302577811,-0.8121782325024803
2021-11-08,0.03514497049970386,-0.06635164544588297,0.5617033185118269,-0.8117839301983315
2021-11-09,-0.3497698716712506,0.00466714499336823,0.5398972932585817,-0.8113902016235386
2021-11-10,-0.766338687032424,0.12514540841210162,0.5396935281279795,-0.8109970453881084
2021-11-12,0.588861878232582,-0.18442249845591974,0.5394899935351827,-0.6964124930882033
2021-11-15,-0.04328879675653795,-0.15898887972525733,0.647299011447356,-0.6961106550193273
2021-11-16,0.2960233931541199,-0.17417240360071598,0.6254259221453734,-0.6958092090771762
2021-11-17,-0.27105873858132373,-0.08016677377031255,0.6035627474300541,-0.6955081544134466
2021-11-18,0.25415991578402614,-0.01918219266394707,0.5817087927584411,-0.6952074901824007
2021-11-19,-0.16539202043854537,0.02147605202496097,0.4733842510160481,-0.5671656455776933
2021-11-22,-0.32361386058396213,0.1815847301492558,0.4299638446492175,-0.5669474809801308
2021-11-23,0.10315329196483274,0.20822278716968828,0.5812256961789409,-0.5667295679450808
2021-11-24,0.15895001700443925,0.1064436678652051,0.42956036791157853,-0.5665119059894573
2021-11-26,-2.0599731336898786,1.3825762185580965,0.3861304615834001,-0.4451652843711367
2021-11-29,1.1097351727860596,0.6624167068495759,0.45094028176525225,-0.4450104016607701
2021-11-30,-1.7209667132149309,1.1996584752592003,0.2342602182018013,-0.44485568049921137
2021-12-01,-1.0832957843441318,1.6976092893883539,0.14754937341839247,-0.4447011206058193
2021-12-02,1.1959072182516997,1.2936269165377854,0.017506745721926918,-0.44454672170063547
2021-12-03,-0.7850408230998245,1.637583405058278,-0.11253547320047985,-0.33658679964349436
2021-12-06,0.9825004910481507,1.193390249560438,-0.0474654609306751,-0.3364783008692599
2021-12-07,1.7556131426304307,0.5212619084997446,-0.04745169379027137,-0.3363699069511849
2021-12-08,0.22810871347799527,0.26835543449718385,0.08271187149241552,-0.33626161772048513
2021-12-09,-0.6741499123667448,0.48167991085113765,-0.025801550908378965,-0.3361534330087555
2021-12-10,0.7917724432585838,0.11430095835234079,0.0176142553513634,-0.2618295786705808
2021-12-13,-0.8472397900352374,0.3201744897658285,-0.09094286627291169,-0.26174880172977405
2021-12-14,-0.6995481252432945,0.5209251651309846,-0.06919985571369704,-0.2616680995042544
2021-12-15,1.380878130251596,0.19013515678207407,-0.04745695370118131,-0.2615874718789124
2021-12-16,-0.8123710217252985,0.3528884379003767,-0.003984934363435569,-0.26150691873888676
2021-12-17,-0.9486792312691295,0.4799908751287628,-0.1126605679973568,-0.24791420700441177
2021-12-20,-1.0456792689829066,0.6452189096014379,-0.04740322585502971,-0.247838449297051
2021-12-21,1.5045652721188794,0.4082623776514479,-0.04738955596611136,-0.24776276099746933
2021-12-22,0.8467922133769409,0.10513207639558159,-0.047375897896524743,-0.2476871419997484
2021-12-23,0.5023076897353107,0.019775751770977876,-0.025601905170484773,-0.24761159219819523
2021-12-27,1.163160687593366,-0.01589869266232797,-0.17795932339435683,-0.267831844489597
2021-12-28,-0.13146710307834103,-0.0337336260461055,-0.1125897671098655,-0.2677494458654991
2021-12-29,0.08017564891025782,-0.1089262855359092,-0.00366314973382023,-0.26766712324459213
2021-12-30,-0.3056035630813223,-0.06044572217462338,-0.025447211361089093,-0.26758487651010815
2021-12-31,-0.27350070401403,-0.07445718840079328,-0.02543991413128328,-0.30813691086854
2022-01-03,0.515435765168928,-0.15352882465178117,0.10535270208663079,-0.3080402818408803
2022-01-04,-0.09812097444882342,-0.11392638577171627,0.1925356610212715,-0.307943743662285
2022-01-05,-1.7617767515139247,0.24605509648161847,0.17066935220896243,-0.3078472961904854
2022-01-06,-0.12638892606520297,0.23066009338521978,0.10517261831990966,-0.30775093928352437
2022-01-07,-0.3981047256701558,0.1220384940339798,0.19242869460637613,-0.36868340717324355
2022-01-10,-0.16813369954973395,0.2037597928515087,0.12688899950158525,-0.3685638089352593
2022-01-11,0.7598056239091358,0.07719647537690615,0.10501826040172015,-0.3684443270122305
2022-01-12,0.20549697385682478,-0.023802561359483044,0.03946720698134246,-0.3683249612157439
2022-01-13,-1.3024857469361022,0.320126376369697,-0.026083795724079435,-0.3682057113578105
2022-01-14,0.030865591228046673,0.17679872389632992,-0.026076358329820748,-0.40203233667098465
2022-01-18,-1.6715829015638566,0.6372001007022499,0.0176491513852784,-0.4018993505983355
2022-01-19,-0.8956449240448286,0.7725094766157192,-0.026086408823664708,-0.4017664964076415
2022-01-20,-1.0147803509685842,0.9946600785520409,-0.11356455284404426,-0.4016337738810684
2022-01-21,-1.7158425457580886,1.4107292588900555,-0.13540920286937042,-0.4015011828012849
2022-01-24,0.2049532401017701,1.5436024228172782,-0.0916030051774224,-0.4013687229514626
2022-01-25,-1.1137976006626098,1.7028808823145223,-0.09157677450076243,-0.4012363941152724
2022-01-26,-0.1692152940884638,1.802975093743642,-0.1791335231567751,-0.4011041960768847
2022-01-27,-0.5119086011305215,1.6135172226012178,-0.3761866197979667,-0.4009721286209677
2022-01-28,2.0744876506389116,1.2512116674298976,-0.37606489127716025,-0.3532136712706574
2022-01-31,1.6032946126480196,0.8894234102948504,-0.41976295131745894,-0.353101117220662
2022-02-01,0.5609466528763328,0.522769215789638,-0.37579324084393023,-0.3529886707005854
2022-02-02,0.783526970132811,0.5391752232663826,-0.39759233441283137,-0.3528763315393189
2022-02-03,-2.2050242205256687,0.8274736989004788,-0.3755364209096503,-0.35276409956613636
2022-02-04,0.41229175613855074,0.6828310508413175,-0.3973463208947615,-0.2572767513533458
2022-02-07,-0.36433485664355597,0.6365808423004633,-0.3972163448480781,-0.2571992549406565
2022-02-08,0.6951299819350164,0.4549605420481396,-0.41902765148702614,-0.25712182851577003
2022-02-09,1.2250435035998926,0.26570497735644255,-0.48472533730867146,-0.2570444719734054
2022-02-10,-1.6427556227188318,0.7703840477648863,-0.8356896254389131,-0.25696718520850353
2022-02-11,-1.7171496671009348,1.2106905519000402,-0.8352896544030449,-0.12727515451017235
2022-02-14,-0.3752518167246934,1.3336621398615238,-0.8787786932004625,-0.12723871670272205
2022-02-15,1.333087116517669,0.9969243664863117,-0.7247091892654831,-0.12720231017287723
2022-02-16,0.03868447116651371,0.8163088859474599,-0.6365838119468408,-0.12716593487591674
2022-02-17,-1.9129507482345403,1.303653308511895,-0.7022049585792469,-0.12712959076720867
2022-02-18,-0.6674762064138737,1.256729122619093,-0.7677872978520371,0.04369401246646893
2022-02-22,-0.9301854891896835,1.391038634083735,-0.9211526902831491,0.04368171371741215
2022-02-23,-1.663757226242301,1.6715977925723544,-0.8548010895355822,0.04366942534786438
2022-02-24,1.2641429452388673,1.5806591875723,-0.832425080951246,0.04365714734323333
2022-02-25,1.89938282783717,1.2313363004716302,-0.8320299531883998,0.24197730612431753
2022-02-28,-0.2513530188413571,1.5565480880311922,-0.897527737624284,0.2419055080845097
2022-03-01,-1.4014394663104135,1.9582844113163487,-0.8531439197032642,0.2418337739172369
2022-03-02,1.5788178718195305,1.6277524637179086,-0.962559230701171,0.24176210352785096
2022-03-03,-0.49809667640209615,1.593046944352094,-1.027929477685943,0.24169049682190266
2022-03-04,-0.7338182176578235,1.7819930757140807,-1.2249556815018547,0.4401973442065604
2022-03-07,-2.653104973894326,2.346638156657065,-1.2460497521709737,0.4400504669636975
2022-03-08,-0.6691661228365514,2.175354303113173,-1.2451617374555606,0.4399037366449716
2022-03-09,2.1791803409328887,1.8328060742027192,-1.1784434876973136,0.4397571530055939
2022-03-10,-0.41123251945087896,1.5496175706321504,-1.177658404089939,0.43961071580134653
2022-03-11,-1.1740739224032959,1.613954338902148,-1.1988152485533488,0.624530579585344
2022-03-14,-0.685070162094086,1.741322399212971,-1.1541249116977847,0.6242886339418525
2022-03-15,1.8129110290784414,1.4941375543867919,-1.0875599376536405,0.6240469692727978
2022-03-16,1.8937661286303025,1.0931700947092287,-1.218515637285676,0.623805585034763
2022-03-17,1.0329328641297817,0.9659801553927256,-1.1738110389481557,0.6235644806858122
2022-03-18,0.9733355479684557,0.7376531850097987,-1.3703646626205013,0.7673626881028808
2022-03-21,-0.07566039830919394,0.6942929687463381,-1.3473532242487567,0.7670238634923151
2022-03-22,0.9422637042201801,0.6192979266681873,-1.3024746822664242,0.7666854873039761
2022-03-23,-1.1147395098782311,0.6988476841125814,-1.3234093104720768,0.7663475585496269
2022-03-24,1.203787339123239,0.4578760474158865,-1.2785893489134186,0.7660100762440611
2022-03-25,0.40228736021360156,0.3487417368519285,-1.34335798463798,0.8411552884047085
2022-03-28,0.5823104183654011,0.19905445034187993,-1.4955477818433387,0.8407572604585085
2022-03-29,1.0234294635640617,0.10643240035827548,-1.6035878797276348,0.840359797009006
2022-03-30,-0.5900633991499986,0.16094230839927892,-1.6457280673590495,0.8399628967231542
2022-03-31,-1.4146450372180188,0.3169421930821938,-1.6440410049525827,0.8395665582722969
2022-04-01,0.2586052150531942,0.1988314024992906,-1.8388683695680197,0.8803565576146796
2022-04-04,0.6644561142482315,0.06422220634748549,-1.7493775662017574,0.8799247247692452
2022-04-05,-1.1405157960371695,0.37654322524177886,-1.6601779254049285,0.8794935267694785
2022-04-06,-0.8899001599074315,0.5122953371809955,-1.4840005371197154,0.8790629620614056
2022-04-07,0.3325960826686562,0.44226400597510074,-1.3082151705613791,0.8786330290963706
2022-04-08,-0.2695647885056779,0.3925731054369959,-1.307237479078516,0.8988022443449981
2022-04-11,-1.522639998469217,0.8002723743162664,-1.0881607286688801,0.8983544557702917
2022-04-12,-0.3356250076210187,0.7859370201265797,-1.0002450602138424,0.8979073358021259
2022-04-13,0.932978968041606,0.4755355593121903,-0.9996942811971108,0.8974608827782934
2022-04-14,-1.103384345846733,0.5872322187034538,-0.9336900244911323,0.8970150950423702
2022-04-18,-0.054525501235462896,0.5196356510614426,-0.8677460948110597,0.9103057069293957
2022-04-19,1.3534628311476655,0.41772207967586256,-1.0200761243177197,0.9098482312181554
2022-04-20,-0.09135851952293356,0.2840226483122094,-1.1722117785000263,0.9093914445300411
2022-04-21,-1.3343194589392697,0.5841987851598346,-1.2368739309948669,0.9089353451371756
2022-04-22,-2.4879813416716337,1.2872693769429067,-1.3232240989377808,0.9565620864614994
2022-04-25,0.4600661795580399,1.135087901313467,-1.3222263026880492,0.9560597856380075
2022-04-26,-2.5201253580034835,1.9597657238405883,-1.2122620143576477,0.9555582752747487
2022-04-27,0.1484698021704555,1.7137380640925053,-1.1896482810268054,0.9550575533006775
2022-04-28,2.0921221483447003,1.5077416829778574,-1.2324438442835857,0.9545576176523348
2022-04-29,-3.2412247108627934,1.9384981423560528,-1.2969512506756282,1.0227495131587847
2022-05-02,0.4577086450701726,1.8018163699906928,-1.1435163454209296,1.0221773165179642
2022-05-03,0.38520756718312804,1.4085791143865944,-1.2952667047458855,1.0216060791826291
2022-05-04,2.51626098488133,0.9222588894229282,-1.120094688131608,1.0210357984752572
2022-05-05,-3.1730546562668565,1.6538196800293494,-0.9669228214029901,1.0204664717287881
2022-05-06,-0.5253079509150899,1.5243673056775051,-0.835680978729439,1.1229142540824022
2022-05-09,-2.842852639636558,2.0992615037831173,-0.7481191738329553,1.1222219805568765
2022-05-10,0.18049027578100887,1.8740730878830423,-0.9003685286456574,1.121530985808834
2022-05-11,-1.4639492155340752,1.8175220594454455,-1.1613993735913724,1.1208412659061617
2022-05-12,-0.1426414852564046,1.7157653832777537,-1.095305166227051,1.1201528169336443
2022-05-13,2.0038060884814204,1.3481636681962872,-1.0075069159770718,1.2430168160894595
2022-05-16,-0.372807669048241,1.1704843222351675,-1.0505276495787075,1.242156634492385
2022-05-17,1.6902298905328952,0.996828607410117,-1.1152783991648811,1.2412982361933056
2022-05-18,-3.576051383603992,1.6093733191398725,-1.245269216541373,1.24044161503894
2022-05-19,-0.5333008796925974,1.4048834022413972,-1.2444069872088772,1.239586764905695
2022-05-20,-0.017516749042407215,1.4138329422301188,-1.30884985820946,1.3690208531507029
2022-05-23,1.5501331036692902,1.2929674662010484,-1.2425961836023922,1.3679540058162403
2022-05-24,-0.7318275541799254,1.4142453484270876,-1.1329182550331551,1.3668896487116755
2022-05-25,0.7781572677913351,1.2770575513286253,-1.1104521433759083,1.3658277721642529
2022-05-26,1.6608703692492628,1.166551438389673,-1.0662502745893363,1.3647683665537413
2022-05-27,2.0665554667643726,0.9415270746624795,-1.1091625880633675,1.500655621410172
2022-05-31,-0.5733844458879784,1.0002766450399685,-0.9996717576650923,1.4993362797047547
2022-06-01,-0.6776558823292202,0.9367249001208908,-1.0861906282667129,1.498020411695914
2022-06-02,1.5356611721267768,0.8139876204603844,-1.1073126618422036,1.496708002167187
2022-06-03,-1.4476424797709433,0.8224468417550433,-1.0413632454145594,1.6389497542035336
2022-06-06,0.23663435040904568,0.8573747061337467,-1.0190149721162838,1.637320252163682
2022-06-07,0.7813552694849354,0.7245797618971006,-1.1925291647955178,1.6356956008055439
2022-06-08,-0.9646035610685095,0.7167146222217915,-1.148241928224585,1.6340757761110383
2022-06-09,-2.0983695264411537,0.9850399072149547,-1.2345308911969817,1.6324607542282363
2022-06-10,-2.5613899117989405,1.1937861254886835,-1.4945793277710862,1.7876588506125564
2022-06-13,-3.4065116382026153,1.982464370318305,-1.6236199833982283,1.7856416549136884
2022-06-14,-0.35078430698686197,1.812647911595822,-1.600321703607544,1.783631272455922
2022-06-15,1.2097744311679934,1.4245766268218458,-1.4034194501435855,1.7816276649716352
2022-06-16,-2.8459267796611054,1.8419582292880545,-1.380592027846924,1.7796307944934378
2022-06-17,0.16077557182902336,1.6112373938630988,-1.5097142048256749,1.947509964030649
2022-06-21,2.0336101843488263,1.491636756087391,-1.4650052013153283,1.9450070017217516
2022-06-22,-0.1388517199600822,1.334625828929585,-1.463769050591362,1.9425136651814428
2022-06-23,0.7808203457516856,1.34618808845697,-1.5058903178850664,1.9400298928703053
2022-06-24,2.5340637359995553,1.1166252268916006,-1.4829027979396872,2.093295557858091
2022-06-27,-0.2829994122957792,1.0807854959905232,-1.416638758553435,2.0902817362913275
2022-06-28,-1.760648455726629,1.2572225096166236,-1.4588175501930947,2.087280894798645
2022-06-29,-0.08901763500267623,1.231246421822201,-1.587487621536076,2.084292940474737
2022-06-30,-0.7771906037958684,1.299452563108109,-1.5427191343310966,2.0813177813425954
2022-07-01,0.8656530006923242,1.0462308113477021,-1.5845851069538488,2.186168300779307
2022-07-05,0.10633204151079599,1.1510912943892595,-1.6695687850565066,2.182797877947147
2022-07-06,0.2752564066962571,1.0487055842147253,-1.7542897185028539,2.1794429957787087
2022-07-07,1.2361539474845655,0.9665195368662012,-1.709204438501148,2.1761035352126705
2022-07-08,-0.10005608780769776,0.7852100334547484,-1.728996623302484,2.2130387566878693
2022-07-11,-1.0167752084748065,0.9770013704181485,-1.834975909357991,2.2095647008579626
2022-07-12,-0.8197664265186841,1.117102542689287,-1.8112954690435585,2.2061069546770127
2022-07-13,-0.408855369665212,1.0574356236608737,-2.1320962057270543,2.202665390928289
2022-07-14,-0.28400025269189777,1.0041143694409915,-2.0644676660312338,2.199239883779962
2022-07-15,1.5922279629692107,0.7310992763566453,-2.0830598220422365,2.1758035981270534
2022-07-18,-0.7442897181407435,0.8651863150392782,-2.058647153429316,2.172491240809935
2022-07-19,2.2908874523991907,0.7643045956624324,-2.120104280051344,2.1691939653836747
2022-07-20,0.4707929044180649,0.6860938211033236,-2.095595930344063,2.1659116577426603
2022-07-21,0.8055120987782082,0.5890701122431629,-2.0497973016337907,2.1626442049862336
2022-07-22,-0.828453514066736,0.5788046939443254,-2.089739320783595,2.0730148099824026
2022-07-25,0.08210636378642973,0.6200826799218532,-2.0440395075306035,2.0701065125870426
2022-07-26,-1.0185029531150789,0.7870529757330591,-2.0839317923229626,2.0672104213712927
2022-07-27,2.167197889880508,0.6044117783672492,-2.016999184783884,2.0643264511907407
2022-07-28,0.9955268663509435,0.4897459184999157,-1.9929810657530758,2.061454517730164
2022-07-29,1.1690613976567505,0.36378183870167813,-2.096838597509724,1.9328486258429078
2022-08-01,-0.2721173347331305,0.5536750981246308,-2.2639815761742788,1.9304302539551548
2022-08-02,-0.600287333333001,0.6906438826881554,-2.2815580077504123,1.928020936980336
2022-08-03,1.2891214302675844,0.44117423761678354,-2.4050672780058373,1.9256206185531792
2022-08-04,-0.09799304968466496,0.376825365261736,-2.358411875885335,1.9232292427984026
2022-08-05,-0.17027419671618332,0.3401908674310286,-2.4812278032368607,1.8020971790014249
2022-08-08,-0.13712718083127853,0.3577258064426454,-2.539891174013678,1.800079846682288
2022-08-09,-0.3942393016451511,0.41809449685789923,-2.61921796282763,1.7980692740532809
2022-08-10,1.7618222256581417,0.16213728136837072,-2.550675440041918,1.7960654234478486
2022-08-11,-0.09242039969816972,0.22008167956972724,-2.3564300998781604,1.7940682574926257
2022-08-12,1.4295444651561078,0.13553846101663689,-2.457384611546749,1.706538649351519
2022-08-15,0.30425413547113683,0.1884752305456774,-2.4528430229690312,1.704783475904765
2022-08-16,0.12637812880287816,0.15562275005715465,-2.490209742164706,1.7030337069248553
2022-08-17,-0.6519864929008818,0.18208076364125753,-2.4018463832796146,1.7012893147332089
2022-08-18,0.16019343799133848,0.13911548857359027,-2.293100871517115,1.6995502718492863
2022-08-19,-1.13910658629595,0.27038234414030166,-2.14315897535837,1.6452973282770107
2022-08-22,-1.874018220206624,0.6743551757138068,-2.181752587735251,1.64369800290735
2022-08-23,-0.22220472084283313,0.7132383414000469,-2.0742160985111746,1.6421033324026233
2022-08-24,0.21670168058288458,0.550050488196609,-2.092171088317668,1.640513294226436
2022-08-25,1.160333208272065,0.4184869643116497,-2.2348983139371996,1.6389278659948596
2022-08-26,-2.9446561159415645,0.8958814749940465,-2.2521782289285914,1.650448626736127
2022-08-29,-0.5990416220132387,0.9775492993086827,-2.186318186867793,1.6488411722975915
2022-08-30,-0.972848697588074,0.9770492387775938,-2.2867195522839068,1.6472384054695424
2022-08-31,-0.6968546236932638,0.9336106252673022,-2.1794131708715203,1.6456403035130744
2022-09-01,0.22516789815569122,0.8939993655214291,-2.0726186039114833,1.6440468438433986
2022-09-02,-0.9474146304070787,0.8822107835889436,-1.9662841022879167,1.7274187697433994
2022-09-06,-0.3779536873058656,1.0636840769406368,-1.9017362840580798,1.725623767332191
2022-09-07,1.5168356012048223,0.7763627014916092,-1.9201197499077511,1.7238343490074648
2022-09-08,0.53092391593604,0.645887451013073,-1.938431600333493,1.7220504858765109
2022-09-09,1.2591008413785911,0.5420053797145922,-2.0185829367875106,1.8506762396407466
2022-09-12,0.8649940283471359,0.6783517490333973,-1.974677075126823,1.8485450862918307
2022-09-13,-3.7766468086382026,1.107820607652161,-2.219338286535046,1.846421278440592
2022-09-14,0.2578380238344987,0.9669226066527192,-2.2981847746410615,1.8443047739872556
2022-09-15,-0.9938194604009791,0.980336967276967,-2.397118034886099,1.8421955311690723
2022-09-16,-0.639547174570947,0.9836282074891715,-2.3519042417767007,2.0090197565903516
2022-09-19,0.5514036684225376,0.9148810094215506,-2.470812000818522,2.0063941934356913
2022-09-20,-0.9896805219252474,1.0913674607807207,-2.3230711695854973,2.0037788973963773
2022-09-21,-1.4914338282722834,1.1956072566437268,-2.564367397816952,2.001173801731437
2022-09-22,-0.7446258342292309,1.1140083567070627,-2.355357737099262,1.998578840305692
2022-09-23,-1.4999764691493425,1.4379100650984067,-2.555109901505093,2.177111734383327
2022-09-26,-0.9069301724567645,1.7319865458775714,-2.3059708872912363,2.1738782315257983
2022-09-27,-0.20540343792065593,1.7730482177886986,-2.180174837389005,2.170659093450756
2022-09-28,1.6255845438851444,1.466189654728896,-2.2175757290736566,2.1674542141133903
2022-09-29,-1.8345739439123687,1.6741457358190068,-2.3156663782680034,2.164263488561652
2022-09-30,-1.3107069996896592,1.6448009441395897,-2.2915922732468474,2.3219394134596416
2022-10-03,2.137373937738571,1.4518788054382066,-2.4093649207843364,2.318110197550631
2022-10-04,2.5194559403094816,1.3210393137308012,-2.4657768611438273,2.3142998641724954
2022-10-05,-0.1975733051930161,1.2546357305115157,-2.2795542233081663,2.3105082586452563
2022-10-06,-0.8970209266554298,1.5017396676834252,-2.2960908602662022,2.3067352280570588
2022-10-07,-2.4235161010033357,1.6061227322440037,-2.3125349304711356,2.4244892263828555
2022-10-11,-0.577152282345977,1.8898709687585193,-2.2282278240912547,2.420198272283509
2022-10-12,-0.30305758122290305,1.8801155870527944,-2.224808332291091,2.41593002072216
2022-10-13,2.137855250361156,1.6733945050787271,-2.482511448625689,2.411684272211727
2022-10-14,-2.0440908835057243,1.6817949375291297,-2.43784228540747,2.4583540877638956
2022-10-17,2.1762090325478654,1.5986261746506518,-2.333342665371072,2.4539080348936375
2022-10-18,0.9311599969143857,1.4880803397640723,-2.309470239326317,2.4494860178049045
2022-10-19,-0.5900045059864554,1.5194446387129756,-2.285725381161409,2.445087820709121
2022-10-20,-0.6982925694332294,1.4204000827329308,-2.2221570752862654,2.4407132305202377
2022-10-21,1.9481949810369938,1.3829598691232379,-2.019155266412673,2.4237201752910695
2022-10-24,0.9677765334027997,1.401972163151048,-1.956664093147134,2.4194526670299927
2022-10-25,1.3309762447444786,1.226775316840804,-2.0938080041208766,2.415207621423528
2022-10-26,-0.6518177887810668,1.0781382450861718,-2.1506649455069997,2.4109848421015374
2022-10-27,-0.5409845772547498,1.0913244507846114,-2.127674790800127,2.4067841350888663
2022-10-28,2.0194255027017705,0.8851894475900314,-2.2240390256080533,2.3397731529252592
2022-10-31,-0.6575923526557771,0.9010798518719961,-2.2603587764807873,2.335902412753077
2022-11-01,-0.37358828615935513,0.8918877611521449,-2.375773399442522,2.332050819600543
2022-11-02,-2.156233425105748,0.8977462116303141,-2.450917324167098,2.3282182161318907
2022-11-03,-0.9212040276361553,0.8271259036324342,-2.5651016923184606,2.324404446815442
2022-11-04,1.11123961644215,0.7327270899753385,-2.402270314959852,2.226862345738331
2022-11-07,0.7779358282534892,0.7073568485941409,-2.41784121176826,2.22347975548326
2022-11-08,0.44250969367299836,0.856337214109211,-2.472692085024417,2.22011253294873
2022-11-09,-1.7919011940464409,0.9249353413391806,-2.389557434018588,2.2167605621221833
2022-11-10,4.486339153310741,0.603380818580852,-2.4444025757324574,2.2134237282134586
2022-11-14,-0.7791966531118505,0.6282663692804361,-2.440066876456761,2.1043448561304463
2022-11-15,0.6977495152413256,0.7296891770560969,-2.533688323923132,2.1014398362720192
2022-11-16,-0.7216506915141995,0.6754392300633467,-2.7439426469516373,2.0985468143144046
2022-11-17,-0.28693669301345504,0.6525947739787662,-2.698985646720831,2.095665707897624
2022-11-18,0.3695098986200893,0.5506635576737599,-2.751746719898578,1.9873663474782184
2022-11-21,-0.35384543281305986,0.45503902844029304,-2.6679821834955817,1.9848693527531083
2022-11-22,1.101378045356012,0.3204895645095078,-2.778982897604167,1.982381746366308
2022-11-23,0.46537156611321123,0.2022856155240406,-2.850341776397652,1.9799034696335733
2022-11-25,-0.05239400956212369,0.22108506760402008,-2.824422979145812,1.89702639370501
2022-11-28,-1.3320464186619196,0.4359907072845463,-2.8759154319179325,1.8948160818514352
2022-11-29,-0.16142535427864274,0.39562548874697895,-2.7921044931949948,1.892613478042646
2022-11-30,2.5215917838171027,0.23075854871791177,-2.7281765163856706,1.8904185375819673
2022-12-01,-0.10177302565386066,0.13760453110537038,-2.7607787985592553,1.8882312161347352
2022-12-02,-0.12914369585707855,0.03941809469243998,-2.850635543351715,1.8367203687420852
2022-12-05,-1.5396152653373898,0.2521195007905092,-2.9206003259709794,1.8346900760210532
2022-12-06,-1.2414737867667205,0.43080915344199505,-2.9517655776155336,1.8326665012465981
2022-12-07,-0.18359227872563255,0.49489028487125686,-2.963593482891382,1.830649607452388
2022-12-08,0.5995512019214408,0.44562363061547366,-2.9372764388374257,1.8286393579562494
2022-12-09,-0.645237300150864,0.5135018816405305,-2.797257922834371,1.7958912464680346
2022-12-12,1.1590357817098003,0.7866604447226341,-2.828959876551543,1.7939781347467194
2022-12-13,0.5798402382029859,0.4777146330739244,-2.6900564028458693,1.7920711239782616
2022-12-14,-0.5366566614138221,0.29988140770816823,-2.7411897249350377,1.7901701818046765
2022-12-15,-2.139001278309917,0.5128159052747772,-2.829650119951159,1.7882752761077307
2022-12-16,-0.963847833285438,0.48618002022309204,-2.6348878826820408,1.7618567934481626
2022-12-19,-0.7834467518247007,0.46081100453471474,-2.6108158647322837,1.7600382261282226
2022-12-20,0.06059361253861366,0.3421186490943397,-2.380118219161318,1.7582252785178094
2022-12-21,1.2085485271230343,0.16414259549624333,-2.319778745587767,1.7564179217331841
2022-12-22,-1.2445045871616165,0.4038518799800885,-2.3911237975202098,1.7546161270980187
2022-12-23,0.46336437257162505,0.2649041155488265,-2.3683552486065405,1.7161182586899912
2022-12-27,-0.3659898671428179,0.3632998589976896,-2.214631666769761,1.7144197302529705
2022-12-28,-1.0382510040757262,0.425065010898737,-2.117782079049439,1.7127262352098824
2022-12-29,1.4225529606002947,0.3365369255906028,-2.2644458165412176,1.7110377487499369
2022-12-30,-0.23930049177799662,0.36549634840002765,-2.2983160227030015,1.6482949031500418
2023-01-03,-0.36181998915329416,0.5207901646626736,-2.4438700075140622,1.6467608118267216
2023-01-04,0.6026248615564997,0.40816313095224827,-2.5512939490139273,1.6452309959469058
2023-01-05,-1.0070343321728656,0.46491919179875596,-2.6765677019047565,1.6437054356883054
2023-01-06,1.8634952515562515,0.29664067589074583,-2.5783619770516544,1.5385382212096461
2023-01-09,-0.09110654993378575,0.4027779510743375,-2.517852063599276,1.5372434581093024
2023-01-10,0.5552244905979,0.22685579115098242,-2.4577147240727415,1.5359519583562444
2023-01-11,1.041503013371459,0.2913172436194069,-2.508858981701408,1.5346637082651196
2023-01-12,0.2578665857994368,0.005247808462103763,-2.5596732852010926,1.5333786942307905
2023-01-13,0.30626180800022645,-0.05551123367541668,-2.6285726900527906,1.392066755070634
2023-01-17,-0.19813639930199822,0.07237900145154103,-2.476164818961077,1.3910469872797546
2023-01-18,-1.341210756538225,0.19646796041994521,-2.545304783276705,1.390029457323493
2023-01-19,-0.6692894177468036,0.2192173892037685,-2.558926607231254,1.389014157029097
2023-01-20,1.542259534373187,0.13427163628294891,-2.4807962540219526,1.2419737857373607
2023-01-23,0.9613011792085142,0.1291682133579351,-2.53131579378902,1.2411878565035077
2023-01-24,-0.08764842341994662,0.05180993869967298,-2.4718032393570946,1.2404034174074827
2023-01-25,-0.04323098511560117,0.036581429522620106,-2.449175990907172,1.2396204637463455
2023-01-26,0.8890723032741354,-0.00781729386477872,-2.4996473201196276,1.2388389908379043
2023-01-27,0.18033942285659288,-0.03572421635044169,-2.476938113986411,1.110336961394436
2023-01-30,-1.1221797343606275,0.14573725578719512,-2.5271350322329815,1.1097213668996682
2023-01-31,1.1897921247711096,0.07716333009183059,-2.5043441033873477,1.1091067951670253
2023-02-01,0.842586876158321,-0.11709284174890625,-2.517978928991621,1.1084932433675763
2023-02-02,1.1934418076463373,-0.007857927432735431,-2.4952852137022705,1.107880708683331
2023-02-03,-0.9015408330331474,-0.058661992878879875,-2.635564484629706,1.0099660026363693
2023-02-06,-0.5452140570806397,0.08110381377714648,-2.702622240668097,1.0094606402615542
2023-02-07,1.0428183315887776,-0.016766378439178137,-2.679049885735561,1.008956035741397
2023-02-08,-0.9629936539784786,0.10653357410378998,-2.70964281243615,1.0084521871836263
2023-02-09,-0.7720948815131593,0.24381547075386648,-2.686092562681852,1.0079490927025734
2023-02-10,0.15527897988868994,0.22086207195774327,-2.590904938904636,0.9648727642269682
2023-02-13,0.925578130946162,0.19663749989543766,-2.6576760534870347,0.964412374493512
2023-02-14,-0.052576875595352644,0.01464939972481578,-2.7060764660168197,0.9639526431576491
2023-02-15,0.20319541131244023,-0.07189222639806248,-2.664798757617628,0.9634935686515973
2023-02-16,-1.1934044856090753,0.17507295757116118,-2.5702676161972575,0.9630351494127938
2023-02-17,-0.2609875112294738,0.15593033676347148,-2.6010980258237266,0.9869079541011843
2023-02-21,-1.7255500012939835,0.5188172137390127,-2.489340325632526,0.9864277562629802
2023-02-22,-0.15962004453786446,0.4447888504668219,-2.5027137485864173,0.9859482586900694
2023-02-23,0.41828206765949855,0.2981597274673175,-2.587007992260224,0.9854694596821251
2023-02-24,-0.9161929647393662,0.36561283552750995,-2.6707292379914116,1.0701440829917208
2023-02-27,0.23013998828296028,0.27374793819218,-2.718469465525223,1.0695793697839153
2023-02-28,-0.2825187401920115,0.2418052960683801,-2.7658524352189238,1.069015549628218
2023-03-01,-0.42476341848214444,0.22644086184439033,-2.7423575485713036,1.0684526201732816
2023-03-02,0.6070040968886127,0.10011384059846343,-2.6133848572082345,1.0678905790764142
2023-03-03,1.3170313155285787,-0.040246226232532045,-2.7490213336235345,1.2193331025723781
2023-03-06,0.02967462701383807,-0.02492315723082996,-2.778356753917046,1.218589136445314
2023-03-07,-1.3243431212347656,0.10017016104341397,-2.9825446477447684,1.2178465304331645
2023-03-08,0.09133205458685778,0.03886339441802792,-3.045192448619002,1.217105280396716
2023-03-09,-1.5909502307762804,0.4857849546533644,-2.86320256879695,1.216365382214368
2023-03-10,-1.2503046066864052,0.7652770591756758,-2.734861664186491,1.4039433023358614
2023-03-13,-0.1528063782508879,0.9845679238007417,-1.997733647664668,1.4029225657259623
2023-03-14,1.3453767490143604,0.6278702069230336,-2.134661485301795,1.401904052262437
2023-03-15,-0.6144963927910834,0.9354164855837545,-1.888048639161937,1.4008877538870281
2023-03-16,1.434414608296356,0.5326962175548062,-2.164288737557241,1.3998736625823143
2023-03-17,-0.9566786496284038,0.854433636754956,-1.8831906267850904,1.599013209099775
2023-03-20,0.7185412367883911,0.6803477504065609,-1.9332300260737574,1.5976251263502939
2023-03-21,1.0554735036956935,0.3261366877417845,-2.156644794523802,1.5962406522662052
2023-03-22,-1.4199685910108597,0.4385348597763422,-1.9802667249429708,1.5948597712385246
2023-03-23,0.22337201276598886,0.48315284827160365,-1.8045191306218022,1.5934824677526285
2023-03-24,0.4451969062140552,0.3717598210423331,-1.8026487364485817,1.7796932973321395
2023-03-27,0.1111185624042961,0.22584348111450256,-1.852748390133649,1.77788801997538
2023-03-28,-0.15933754884869317,0.14518253582844734,-1.9545958459257127,1.7760882251844012
2023-03-29,1.1599149504180255,0.036368574179888626,-2.02147132693713,1.7742938852646593
2023-03-30,0.45100167375835926,0.023559052669976092,-2.0880736598771064,1.7725049727170707
2023-03-31,1.175744053790965,-0.017418589160003977,-2.1371298126903113,1.8853498276456937
2023-04-03,0.28171056698015406,-0.036624813888748595,-2.065267608061436,1.8832650347471662
2023-04-04,-0.5168817458614748,0.021029009661988975,-1.9764588249170674,1.8811871425911433
2023-04-05,-0.2379384944720073,0.03127434560320451,-1.974107033850652,1.8791161131919196
2023-04-06,0.2720970147076057,-0.05588331145295531,-2.0233965154397557,1.8770519088558695
2023-04-10,0.055411241916238634,0.01720016128737077,-2.1412556701521166,1.8990486642439657
2023-04-11,-0.03180696721027269,0.033865240022279273,-2.1555356645516124,1.8969300047256217
2023-04-12,-0.3767760586625209,0.03257444250819835,-2.0496149687524343,1.8948184204221261
2023-04-13,1.0798504714198374,-0.13292216960616268,-1.99557605913169,1.8927138720417447
2023-04-14,-0.20291012336850317,-0.2265583208549464,-2.0788731534764238,1.872620735040114
2023-04-17,0.24912369675188,-0.24190146748782287,-2.110446669520081,1.8705806461766805
2023-04-18,0.04323670753949715,-0.257243993431918,-2.1589878967655745,1.8685472104192822
2023-04-19,-0.035823084965154274,-0.3046847296970602,-2.207305540714687,1.866520391684687
2023-04-20,-0.5313508635936708,-0.2134213855122731,-2.13588222594272,1.8645001541630464
2023-04-21,0.04755421380141447,-0.2647502395264972,-2.1330171066995343,1.7966918803296732
2023-04-24,0.04319948280665141,-0.24926376060397581,-2.1301634866106482,1.794859759941885
2023-04-25,-1.3706016596701653,-0.008870420503118096,-1.888782610383474,1.7930332328903091
2023-04-26,-0.3520192770833768,0.0014158212950972982,-1.903737667335985,1.7912122707726328
2023-04-27,1.60382596540239,-0.23131566470610399,-2.020754410499636,1.7893968453880515
2023-04-28,0.6636831932350459,-0.39201026216264073,-2.120291437206404,1.7040536044453491
2023-05-01,-0.06130801553476456,-0.3533137695674728,-2.0325547670017032,1.7024529031277813
2023-05-02,-1.010338928901856,-0.13449720837872914,-1.9960930577504765,1.7008567042045362
2023-05-03,-0.6198835853101742,-0.0623953035227949,-1.9597686567260006,1.6992649866081655
2023-05-04,-0.6383782821194977,0.1628900305756759,-1.7369940209444577,1.6976777294089695
2023-05-05,1.5142069039434194,-0.21054114414206812,-1.9048608109643894,1.6305975072372367
2023-05-08,0.009688379060647673,-0.23753257256884616,-1.902744957339329,1.629165235780594
2023-05-09,-0.41516848610978424,-0.14343956782016481,-1.9006361387386632,1.6277367319078797
2023-05-10,0.34885977884485037,-0.2426127890621477,-1.881615192357273,1.6263119791303162
2023-05-11,-0.17153300116963913,-0.24383987234109952,-1.9302921609982668,1.6248909610599795
2023-05-12,-0.16192009904525553,-0.23088798350410264,-1.961897538882084,1.5759262208536549
2023-05-15,0.22088583709542453,-0.21922608798669635,-1.9089676502392006,1.574611367639436
2023-05-16,-0.5680520713187447,-0.10697578532545342,-1.9574668914411324,1.5732998000341907
2023-05-17,0.9690574157254767,-0.2514187710344904,-2.0057844240264417,1.5719915043769905
2023-05-18,0.7645334127534233,-0.3571461787801772,-2.070755585097417,1.5706864670862843
2023-05-19,-0.15101097239242078,-0.2589790904104066,-2.051309121233234,1.5278492332631348
2023-05-22,-0.01576611027991704,-0.20728383352904053,-2.031939599739252,1.5266319471777445
2023-05-23,-0.9813826246544968,-0.036811947510153764,-2.0126452869180826,1.5254175660154106
2023-05-24,-0.6484551395944492,0.1569036857358378,-2.0438088806606247,1.52420607824067
2023-05-25,0.7080757382322586,0.041905956226265514,-2.1922801307422626,1.5229974723820905
2023-05-26,1.0661095701493188,-0.11185086554817616,-2.3065323235749475,1.492167805911668
2023-05-30,-0.027522588498233958,-0.17514577210937093,-2.3532611207117156,1.491020067988914
2023-05-31,-0.5464169576772967,-0.11305876056242305,-2.3328850279167943,1.489874974431839
2023-06-01,0.7996203762281389,-0.4090903274935877,-2.262512438832306,1.4887325151017345
2023-06-02,1.1896521264808277,-0.544735987796818,-2.4093474328518956,1.475756246024263
2023-06-05,-0.19903365795006348,-0.5277574707331192,-2.3388129569388285,1.4746403758163293
2023-06-06,0.16913712292137942,-0.6271801460967426,-2.4017866655537192,1.4735270330303687
2023-06-07,-0.35238807556115864,-0.6295591820185122,-2.3314335465986957,1.4724162081398424
2023-06-08,0.49205557192066646,-0.666864099398976,-2.36108673038816,1.471307891668403
2023-06-09,0.067323130824964,-0.6433476815077285,-2.4403339918202636,1.4583816696358407
2023-06-12,0.7547929768114227,-0.4904366669788841,-2.403180093369889,1.457299183024147
2023-06-13,0.554176560141214,-0.5420647176338855,-2.415868978524128,1.4562191032730154
2023-06-14,0.03893108413194435,-0.6363933008236901,-2.5441493761996514,1.455141421476402
2023-06-15,0.9935638693545118,-0.5559142530651082,-2.5231503825877004,1.4540661287743333
2023-06-16,-0.34207556165156755,-0.6800440877147935,-2.5681864736175544,1.4470906842767015
2023-06-20,-0.4323570008198583,-0.6357805929175699,-2.580028388940905,1.4460303520208462
2023-06-21,-0.4756294037407978,-0.7236354059826219,-2.608221760237925,1.444972347178299
2023-06-22,0.2832928529937749,-0.7609339367946942,-2.61982181990762,1.443916661247103
2023-06-23,-0.6813823428283964,-0.6919983959131444,-2.6149582942727454,1.4310700681761566
2023-06-26,-0.4109294256833076,-0.5868146391045076,-2.5446668053337667,1.4300390380566845
2023-06-27,0.9347636844247924,-0.6527140045235484,-2.6055508765295974,1.4290102331818606
2023-06-28,-0.060354296891600656,-0.6926673393080304,-2.6497182505830943,1.4279836455587056
2023-06-29,0.3478496414843696,-0.6781686700654573,-2.6772941910440013,1.4269592672343818
2023-06-30,1.0026870208482024,-0.6714537441558815,-2.737206029112218,1.4023785574233678
2023-07-03,0.06817446597142536,-0.6738167615552048,-2.7642105257692458,1.4013974377872487
2023-07-05,-0.19802768399764062,-0.5944917341981603,-2.612645739929933,1.4004183744806642
2023-07-06,-0.7052389487958203,-0.43088703808922535,-2.52683128030876,1.399441360330531
2023-07-07,-0.27389455679991065,-0.5098979042247983,-2.425328112321879,1.3631582862179217
2023-07-10,0.1732542472412915,-0.4786080548634661,-2.3567164033186643,1.3622411683587552
2023-07-11,0.5394409335732627,-0.5083160806408211,-2.4338593814031544,1.3613258990926431
2023-07-12,0.5956304190970814,-0.6768799577989627,-2.381496914396199,1.3604124722177067
2023-07-13,0.6845675519231924,-0.667562731201471,-2.3294067189681504,1.3595008815611602
2023-07-14,-0.11842568753153629,-0.7023826845577473,-2.454705535911002,1.3115566876373557
2023-07-17,0.295261442056014,-0.6839618512813695,-2.4828179275800055,1.3107188284034872
2023-07-18,0.57060211824781,-0.7070960612228423,-2.494706533898564,1.309882572864761
2023-07-19,0.16819420680127695,-0.6471155361951542,-2.5706619003610816,1.309047915911806
2023-07-20,-0.6077348744288791,-0.6170290793358646,-2.502026772764481,1.3082148524580095
2023-07-21,-0.004085817461096289,-0.6674871159448674,-2.5457605282607516,1.231007270889224
2023-07-24,0.3104836351536428,-0.626989402742452,-2.4933818137709127,1.2302817285664365
2023-07-25,0.207115716553575,-0.6332812240226577,-2.4732171465163186,1.22955746761358
2023-07-26,-0.04509181685838941,-0.7201343225795106,-2.500979094308654,1.2288344842634094
2023-07-27,-0.5798790005614258,-0.5613265295015031,-2.401219274940635,1.2281127747641625
2023-07-28,0.8042186322954967,-0.7015348657286516,-2.413330162351137,1.1393056829898265
2023-07-31,0.09284936276346109,-0.6622924366318124,-2.4094860775142144,1.138693601881363
2023-08-01,-0.25904798805928536,-0.6230655378673764,-2.3421774068574956,1.1380825062183137
2023-08-02,-1.217322876575511,-0.3419590434055303,-2.2276229779431715,1.1374723933592459
2023-08-03,-0.2483955712091891,-0.36398441233164613,-2.0660171995797687,1.1368632606726345
2023-08-04,-0.48343540322550205,-0.2103516004741849,-2.111004619302306,1.0423141712911614
2023-08-07,0.7335328650086523,-0.3833921292192277,-2.013341051631044,1.0418069078695058
2023-08-08,-0.3911768515580107,-0.35465314364961886,-2.0900673615799885,1.0413003843379445
2023-08-09,-0.6325200695666139,-0.3584658355144121,-2.1980730234776797,1.0407945988995593
2023-08-10,-0.009542919725022692,-0.37269565052892095,-2.100362309680563,1.0402895497635416
2023-08-11,-0.12204823871049553,-0.5041391704839407,-2.097719088519496,0.9399682003461334
2023-08-14,0.4576253742547319,-0.5065971893576996,-2.1581423033117,0.9395561593935986
2023-08-15,-1.020764917465225,-0.29277698399101953,-2.0607963643895078,0.9391446598286425
2023-08-16,-0.6767270964582811,-0.25099923317910494,-2.0267998486073364,0.9387337004667391
2023-08-17,-0.6900198690704114,-0.10624234220280526,-1.9457272999899509,0.938323280126987
2023-08-18,-0.042632196951724266,-0.18314571533496,-1.9750159057768677,0.8498161741593501
2023-08-21,0.5544417134005193,-0.20527227752286306,-1.9256270441230197,0.849476335642191
2023-08-22,-0.2673421374733402,-0.22609348171650742,-2.0020458824656755,0.8491369044999336
2023-08-23,0.9064773878193002,-0.355201847870598,-2.1252328875877136,0.8487978799193364
2023-08-24,-1.1856559496152894,-0.19590451090038,-2.106844258783597,0.8484592610894354
2023-08-25,0.5409646530616332,-0.3942530129742542,-2.151173488214096,0.7717376648882288
2023-08-28,0.5023937697386212,-0.47247157625138114,-2.148372794126222,0.7714523877212495
2023-08-29,1.1978726435900102,-0.5545884864813123,-2.09867943029013,0.7711674266834861
2023-08-30,0.29531737601505204,-0.6288454118839992,-2.1429246062623397,0.7708827811915056
2023-08-31,-0.1674951446070841,-0.6691227825850571,-2.108937799107713,0.7705984506633836
2023-09-01,0.12230907043510787,-0.731582949775278,-1.9970849243157707,0.7232839238200477
2023-09-05,-0.38986104350279693,-0.6111623367220425,-1.9636002618191872,0.7230292798196024
2023-09-06,-0.6281499638164599,-0.55348731185862,-2.023725905156916,0.7227749045847406
2023-09-07,-0.3052950336476715,-0.5598534778206444,-1.9590656824377617,0.7225207976430108
2023-09-08,0.0911988562510768,-0.6328639737018569,-2.03468056298492,0.6928587170457573
2023-09-11,0.5417513588174752,-0.6378871830444517,-1.9700766361667132,0.6926221190480619
2023-09-12,-0.5188201716425375,-0.5814733976960792,-2.0144774174853253,0.6923857632660185
2023-09-13,0.07541151094808045,-0.6793425344034564,-2.0121315521735084,0.6921496492866307
2023-09-14,0.6867203086980798,-0.7653997528156671,-2.0097938631236523,0.6919137766978868
2023-09-15,-1.0764224359587855,-0.6382912868146348,-1.9764525735874245,0.691678145088759
2023-09-18,0.031147956433943007,-0.6106209561578443,-2.0362026893426024,0.6914427540491982
2023-09-19,-0.21459434873610164,-0.5960401173095787,-2.0028284936180483,0.6912076031701297
2023-09-20,-0.8374385700600315,-0.461102519088961,-2.093350055376146,0.6909726920434544
2023-09-21,-1.4435340580825435,-0.14689331079061124,-1.8742973307125588,0.6907380202620429
2023-09-22,-0.22584381945804616,-0.1913658183371291,-1.9187256165226554,0.7199473160021316
2023-09-25,0.3140772623592654,-0.2305995313501332,-1.7312662628613582,0.7196962724192315
2023-09-26,-1.2985677747692943,0.036617949870717884,-1.6369904799155324,0.7194454912678694
2023-09-27,-0.009198898912074361,-0.05770553205582712,-1.6510529446731743,0.7191949720911386
2023-09-28,0.4737819485202872,-0.1729912249419193,-1.5878899267848405,0.7189447144332419
2023-09-29,-0.26115885122542376,-0.14936136845774226,-1.571174721107541,0.7717207267504013
2023-10-02,-0.022127355086511077,-0.1375291821146307,-1.554497187297923,0.7714385979007684
2023-10-03,-1.213048289884998,0.1470125845488442,-1.414437154071909,0.7711567782505547
2023-10-04,0.6628333121304514,-0.010389722805692298,-1.3826134980337668,0.7708752672353937
2023-10-05,-0.14035261732710788,-0.022192707502434017,-1.3662690255170606,0.7705940642923594
2023-10-06,0.9767607380735877,-0.15863513319136846,-1.3499524527352154,0.8410428643235689
2023-10-10,0.41565004303796477,-0.21371315575680672,-1.3490818255523813,0.840714612600416
2023-10-11,0.3375666245274887,-0.3370385794749092,-1.5177576574788585,0.8403867449188849
2023-10-12,-0.5660364954080462,-0.25818656269944634,-1.4395771134712625,0.8400592605307016
2023-10-13,-0.46013426166071486,0.0872255243410228,-1.5155852691611924,0.9045802241142981
2023-10-16,0.87380868327583,-0.1899263211870239,-1.468250299473446,0.9042049402264309
2023-10-17,-0.0377683937399814,-0.10186365702054231,-1.436402767247122,0.9038301230342787
2023-10-18,-1.1850927603677857,0.07423743767374469,-1.3122463233106663,0.9034557715713536
2023-10-19,-0.75871366671765,0.36073001504726904,-1.1266817317917832,0.9030818848739669
2023-10-20,-1.1135513162437778,0.40138480266262677,-1.0953041551119007,0.9616692753209959
2023-10-23,-0.1725118091353281,0.22510450740379281,-1.1717378952456758,0.9612479058395798
2023-10-24,0.592616367370141,0.04093775933316677,-1.1711053253197126,0.9608270897608536
2023-10-25,-1.2658860103397733,0.20140655836175753,-1.078109531593219,0.9604068258745292
2023-10-26,-1.0475878170977888,0.26582553981940144,-1.1237617272253069,0.959987112974022
2023-10-27,-0.4395115684566953,0.34339838759580754,-1.10779120197343,0.9890493642412345
2023-10-30,0.9963633483133465,0.14325148270560814,-1.1072308832685667,0.9886049921062413
2023-10-31,0.5259279811825212,-0.068742544285034,-1.1682341377187542,0.9881612183922965
2023-11-01,0.8683879770445366,-0.23596101795559216,-1.152218474727329,0.9877180417574859
2023-11-02,1.573168416236581,-0.3952640521783088,-1.3516202126193506,0.9872754608640996
2023-11-03,0.7726770756205125,-0.4939493351515989,-1.273849747440512,0.9927298018835625
2023-11-06,0.12110457508152396,-0.49644473370363196,-1.2730928450245216,0.9922831471822781
2023-11-07,0.21407921293785895,-0.506845244597098,-1.3799706085598022,0.9918370948233498
2023-11-08,0.056935363215587675,-0.5541413082366804,-1.5481227240451274,0.9913916434541657
2023-11-09,-0.7254444655985265,-0.44326364266222035,-1.500846402795843,0.9909467917263631
2023-11-10,1.3000326947680951,-0.590786832071466,-1.5304591664497607,0.9610197623222599
2023-11-13,-0.10122806604566226,-0.5128206722895626,-1.4678868036832942,0.9606018047802545
2023-11-14,1.5908509209649924,-0.5917918006212443,-1.4207854024673479,0.9601843920866598
2023-11-15,0.10669722623296778,-0.5889736458021575,-1.4351656819522702,0.959767523058732
2023-11-16,0.0718409202500571,-0.5703287664612128,-1.449519213385344,0.9593511965173186
2023-11-17,0.07967681820504413,-0.6387544526336137,-1.5405403813812395,0.9117562699280514
2023-11-20,0.601604827902936,-0.6900031022335007,-1.585365590831067,0.9113795963015737
2023-11-21,-0.20423332568922514,-0.6976896805019321,-1.5534565692921296,0.91100338913492
2023-11-22,0.31747407377021103,-0.7634306870033506,-1.58290618659981,0.9106276474661374
2023-11-24,0.020595920587478094,-0.8146206100349216,-1.5510230024242113,0.8453664650809765
2023-11-27,-0.1986784652408214,-0.7839640362530973,-1.5498341327565262,0.8450400424959639
2023-11-28,0.0535854889385743,-0.7836791042728027,-1.456792669603547,0.8447139977452583
2023-11-29,-0.11196315166855685,-0.7451172034417735,-1.4251552568203139,0.8443883301005166
2023-11-30,0.2940648873449003,-0.7527768707514241,-1.4088797870733551,0.8440630388353586
2023-12-01,0.4727613748553098,-0.7907963167264048,-1.3773313838395755,0.7788262758312049
2023-12-04,-0.4972107556497662,-0.7310947582250688,-1.4070325418817446,0.778545124364734
2023-12-05,-0.07964171494496416,-0.7612128977573935,-1.4519740184851067,0.7782642771604149
2023-12-06,-0.36733134703802384,-0.7450963018425382,-1.588550247482213,0.777983733669857
2023-12-07,0.6522538123281717,-0.7329498763059915,-1.5261699753978821,0.7777034933460492
2023-12-08,0.3208642150935585,-0.8264733237453571,-1.5861380329137653,0.7124783537397239
2023-12-11,0.3061273032612447,-0.7891778192517572,-1.5848885915891486,0.7122375269380046
2023-12-12,0.36389479980471573,-0.8628630465879684,-1.6599632533132203,0.7119969441789334
2023-12-13,1.135748692064602,-0.8466743216913589,-1.490710529490675,0.7117566050506197
2023-12-14,0.1958068318727447,-0.8080372745000105,-1.5354084044017184,0.7115165091421471
2023-12-15,-0.038444622380719176,-0.8341623935391599,-1.6562578051500323,0.6581071565751104
2023-12-18,0.3572708627078459,-0.7968494618771006,-1.5786536947385685,0.6578961710885947
2023-12-19,0.471842432045208,-0.8005225517562218,-1.5774218290587145,0.6576853883943673
2023-12-20,-1.3063682682209314,-0.6495622989106612,-1.5761928426587586,0.6574748081677733
2023-12-21,0.8511212136444684,-0.6519998143529088,-1.5140435321322006,0.6572644300848886
2023-12-22,0.11085803891241784,-0.7337575512175415,-1.4672468166229484,0.603848402797493
2023-12-26,0.33178027167620106,-0.7387940051076484,-1.4053116556573768,0.6036644691419716
2023-12-27,0.09094815003589868,-0.8125814164005966,-1.4652694917157376,0.6034807034640041
2023-12-28,-0.0003964194191005124,-0.8069916341727352,-1.479459280318458,0.6032971055080679
2023-12-29,-0.2763739307267823,-0.8093393676706488,-1.371904135507348,0.5498752551620172
