date,europe_ex_uk_ret_local,europe_ex_uk_dy_local,europe_ex_uk_ret_usd,europe_ex_uk_dy_usd,europe_ret_local,europe_dy_local,europe_ret_usd,europe_dy_usd,uk_ret_local,uk_dy_local,uk_ret_usd,uk_dy_usd,scandinavia_ret_local,scandinavia_dy_local,scandinavia_ret_usd,scandinavia_dy_usd,asia_pacific_ret_local,asia_pacific_dy_local,asia_pacific_ret_usd,asia_pacific_dy_usd,all_ret_local,all_dy_local,all_ret_usd,all_dy_usd,europe_ex_uk_dp_local,europe_ex_uk_dp_usd,europe_dp_local,europe_dp_usd,uk_dp_local,uk_dp_usd,scandinavia_dp_local,scandinavia_dp_usd,asia_pacific_dp_local,asia_pacific_dp_usd,all_dp_local,all_dp_usd
1975-01-31,0.12869999999999998,0.003899999999999973,0.1519,0.0040000000000000036,0.2223,0.004499999999999976,0.2444,0.004599999999999993,0.5309,0.006700000000000039,0.5489999999999999,0.006699999999999928,0.09210000000000002,0.0037000000000000227,0.11349999999999999,0.003799999999999984,0.0728,0.002600000000000005,0.0848,0.002599999999999991,0.15990000000000001,0.003700000000000009,0.1779,0.003699999999999981,,,,,,,,,,,,
1975-02-28,0.0564,0.003499999999999996,0.0849,0.003700000000000009,0.1081,0.0040000000000000036,0.1362,0.0041999999999999815,0.23989999999999997,0.005299999999999971,0.267,0.005500000000000005,0.050300000000000004,0.003600000000000006,0.0808,0.003699999999999995,0.0953,0.002600000000000005,0.13470000000000001,0.002700000000000008,0.10189999999999999,0.0034999999999999892,0.1341,0.003599999999999992,,,,,,,,,,,,
1975-03-31,0.0144,0.0034999999999999996,-0.0059,0.003400000000000001,-0.011000000000000001,0.003599999999999999,-0.0271,0.003599999999999999,-0.0677,0.0040000000000000036,-0.07440000000000001,0.00399999999999999,-0.0174,0.0034000000000000002,-0.026600000000000002,0.003300000000000001,0.042300000000000004,0.0025000000000000022,0.0181,0.0023,0.0084,0.0031999999999999997,-0.0104,0.0032000000000000015,,,,,,,,,,,,
1975-04-30,0.0437,0.003600000000000006,0.0381,0.003500000000000003,0.0848,0.0040000000000000036,0.0727,0.0040000000000000036,0.18239999999999998,0.0050000000000000044,0.15460000000000002,0.0049000000000000155,0.0509,0.003599999999999999,0.0416,0.003499999999999996,0.0058,0.0023999999999999994,0.0055000000000000005,0.0023000000000000004,0.0538,0.0034000000000000002,0.0462,0.0032999999999999974,,,,,,,,,,,,
1975-05-31,-0.0504,0.0032999999999999974,-0.0374,0.0032999999999999974,-0.0172,0.0036999999999999984,-0.014499999999999999,0.003700000000000002,0.054000000000000006,0.004500000000000004,0.0346,0.0045000000000000005,-0.0332,0.0032000000000000015,-0.0242,0.0032000000000000015,0.0005,0.0024000000000000002,0.0062,0.0024,-0.011200000000000002,0.003199999999999998,-0.0072,0.0031999999999999997,,,,,,,,,,,,
1975-06-30,-0.0253,0.0034000000000000002,-0.0297,0.003300000000000001,-0.0533,0.003499999999999996,-0.0706,0.003400000000000014,-0.1094,0.0039000000000000007,-0.1525,0.003700000000000009,0.0278,0.003499999999999996,0.0268,0.0034999999999999996,0.022099999999999998,0.0023999999999999994,0.005699999999999999,0.002299999999999999,-0.0235,0.003100000000000002,-0.04,0.0029999999999999957,,,,,,,,,,,,
1975-07-31,0.0405,0.003499999999999996,-0.0355,0.0033000000000000043,0.0212,0.0036999999999999984,-0.0391,0.003499999999999996,-0.0245,0.004299999999999998,-0.0475,0.004199999999999995,0.043,0.003599999999999999,-0.048,0.0032000000000000015,-0.044500000000000005,0.0022999999999999896,-0.052300000000000006,0.0022999999999999965,-0.0031,0.0032,-0.0444,0.0030000000000000027,,,,,,,,,,,,
1975-08-31,-0.0182,0.0034000000000000002,-0.0189,0.0034000000000000002,0.0305,0.0038000000000000013,0.024300000000000002,0.0038000000000000048,0.1476,0.0050000000000000044,0.1282,0.004900000000000002,-0.02,0.003300000000000001,-0.032,0.0032000000000000015,-0.0377,0.0023000000000000034,-0.0407,0.0022000000000000006,0.0034000000000000002,0.0032,-0.0017000000000000001,0.0031999999999999997,,,,,,,,,,,,
1975-09-30,-0.0349,0.0032000000000000015,-0.0623,0.0030999999999999986,-0.0168,0.0036999999999999984,-0.0462,0.003499999999999996,0.0208,0.0045000000000000005,-0.0126,0.004299999999999998,0.0128,0.003400000000000002,-0.019799999999999998,0.0034000000000000002,-0.0288,0.0023,-0.044000000000000004,0.0022999999999999965,-0.0204,0.003199999999999998,-0.0447,0.0031000000000000055,,,,,,,,,,,,
1975-10-31,0.054400000000000004,0.003500000000000003,0.0934,0.003699999999999995,0.0504,0.0038999999999999937,0.0821,0.0040000000000000036,0.0424,0.004499999999999997,0.059699999999999996,0.0046,0.013600000000000001,0.0035000000000000014,0.0516,0.003599999999999999,0.0913,0.002600000000000019,0.0967,0.0024999999999999883,0.0644,0.0034000000000000002,0.0866,0.0034000000000000002,,,,,,,,,,,,
1975-11-30,0.07719999999999999,0.003599999999999992,0.0526,0.003499999999999996,0.0546,0.0039000000000000007,0.0287,0.003799999999999998,0.0085,0.004400000000000001,-0.02,0.004199999999999999,-0.008100000000000001,0.0033999999999999985,-0.025699999999999997,0.0034000000000000037,0.0209,0.002399999999999996,0.0159,0.0023999999999999994,0.0406,0.0032999999999999974,0.0226,0.003199999999999998,,,,,,,,,,,,
1975-12-31,0.0069,0.0034000000000000002,0.0097,0.0034000000000000002,0.018000000000000002,0.003800000000000003,0.0212,0.0036999999999999984,0.0421,0.004500000000000004,0.0463,0.004500000000000004,0.0129,0.0035000000000000014,0.020499999999999997,0.003499999999999996,0.026099999999999998,0.0024999999999999988,0.0204,0.0025000000000000022,0.0208,0.0032999999999999974,0.0209,0.0032999999999999974,0.04179999999999996,0.04160000000000001,0.046099999999999974,0.045799999999999993,0.056600000000000025,0.055999999999999946,0.04170000000000003,0.041299999999999976,0.029300000000000017,0.028799999999999982,0.03969999999999999,0.03919999999999997
1976-01-31,0.0182,0.0039000000000000007,0.0189,0.0039000000000000007,0.042800000000000005,0.004500000000000004,0.044000000000000004,0.004500000000000004,0.0949,0.005899999999999989,0.0971,0.005900000000000016,0.0695,0.004200000000000009,0.0709,0.004200000000000009,0.0594,0.0023000000000000034,0.0638,0.0022999999999999896,0.0495,0.003700000000000002,0.0519,0.0038000000000000048,0.04179999999999999,0.04150000000000001,0.0461,0.045700000000000005,0.055799999999999975,0.055200000000000034,0.042200000000000015,0.0417,0.029000000000000015,0.02849999999999998,0.039699999999999985,0.039299999999999995
1976-02-29,-0.0015,0.0036999999999999997,-0.0126,0.0036999999999999984,-0.011399999999999999,0.004200000000000002,-0.0187,0.004199999999999999,-0.030699999999999998,0.005200000000000003,-0.030699999999999998,0.005200000000000003,-0.0029,0.0039000000000000007,-0.0018,0.0038999999999999994,0.0089,0.0023,0.013500000000000002,0.0022000000000000023,-0.0037,0.0034999999999999996,-0.0064,0.0034999999999999988,0.041999999999999996,0.041499999999999995,0.0463,0.04570000000000002,0.05570000000000001,0.05490000000000003,0.04250000000000001,0.04190000000000001,0.02870000000000001,0.027999999999999976,0.03969999999999999,0.0392
1976-03-31,-0.004,0.0038000000000000004,-0.010700000000000001,0.003799999999999998,-0.005,0.004300000000000001,-0.027999999999999997,0.004200000000000002,-0.0072,0.0052,-0.0623,0.0049999999999999975,0.0179,0.004,0.0148,0.004,-0.0087,0.0022000000000000006,-0.0028000000000000004,0.0020999999999999994,-0.0059,0.0034999999999999988,-0.0175,0.0033999999999999968,0.0423,0.04189999999999999,0.047,0.04630000000000002,0.056900000000000006,0.05590000000000004,0.04310000000000001,0.04260000000000001,0.02840000000000001,0.027799999999999974,0.039999999999999994,0.0394
1976-04-30,-0.0195,0.0036999999999999984,-0.0212,0.0038000000000000013,0.0007000000000000001,0.0043,-0.0129,0.0043,0.0429,0.005499999999999998,0.0044,0.0053,0.0836,0.004299999999999998,0.0876,0.004299999999999998,0.0085,0.0022000000000000006,0.0086,0.0021999999999999997,0.005600000000000001,0.003500000000000001,-0.0023,0.0034999999999999996,0.04239999999999999,0.042199999999999994,0.047299999999999995,0.046600000000000016,0.0574,0.056300000000000024,0.043800000000000006,0.04340000000000001,0.02820000000000001,0.027699999999999975,0.04009999999999999,0.039599999999999996
1976-05-31,-0.011000000000000001,0.0037999999999999996,-0.0192,0.003700000000000002,-0.0273,0.004100000000000003,-0.0464,0.0040000000000000036,-0.0605,0.004900000000000002,-0.10189999999999999,0.00470000000000001,-0.0361,0.0038000000000000048,-0.0481,0.0038000000000000048,0.0062,0.0021999999999999997,0.0038,0.0021,-0.0146,0.003400000000000002,-0.027000000000000003,0.0033999999999999968,0.042899999999999994,0.0426,0.047700000000000006,0.04690000000000002,0.0578,0.056500000000000036,0.04440000000000001,0.04400000000000002,0.02800000000000001,0.027399999999999973,0.0403,0.039799999999999995
1976-06-30,-0.004,0.0038000000000000004,-0.0025,0.0038,-0.0059,0.0042,-0.0016,0.0042,-0.0101,0.0052000000000000015,0.0005,0.005299999999999999,0.0137,0.0039000000000000007,0.0116,0.003899999999999999,0.0337,0.0022000000000000006,0.041100000000000005,0.0023000000000000034,0.0104,0.0034000000000000002,0.015700000000000002,0.003400000000000002,0.0433,0.04309999999999999,0.0484,0.047700000000000006,0.0591,0.05810000000000003,0.04480000000000002,0.04440000000000001,0.027800000000000012,0.027399999999999976,0.0406,0.0402
1976-07-31,-0.0123,0.0037,-0.0124,0.0037,-0.0173,0.004199999999999999,-0.0169,0.004100000000000003,-0.0285,0.005099999999999997,-0.0268,0.005099999999999997,0.0103,0.0039,0.0132,0.004,-0.0111,0.0020999999999999994,0.0003,0.0022,-0.013999999999999999,0.0034000000000000002,-0.0091,0.003299999999999999,0.0435,0.04349999999999999,0.048900000000000006,0.04830000000000001,0.059899999999999995,0.05900000000000003,0.045100000000000015,0.04520000000000001,0.02760000000000002,0.02729999999999998,0.040799999999999996,0.040499999999999994
1976-08-31,-0.012199999999999999,0.003700000000000002,-0.0066,0.0037999999999999996,-0.0217,0.0040999999999999995,-0.0199,0.0040999999999999995,-0.0433,0.0051,-0.0501,0.0049999999999999975,-0.051,0.003700000000000002,-0.0424,0.003700000000000002,0.0184,0.002199999999999997,0.032400000000000005,0.002200000000000004,-0.006,0.003300000000000001,0.001,0.0033,0.0438,0.04389999999999999,0.0492,0.048600000000000004,0.05999999999999999,0.05910000000000002,0.04550000000000002,0.04570000000000001,0.027500000000000017,0.027299999999999984,0.0409,0.040600000000000004
1976-09-30,-0.0134,0.0037999999999999996,0.0052,0.0037999999999999996,-0.0252,0.004100000000000003,-0.0271,0.004100000000000003,-0.053099999999999994,0.0050000000000000044,-0.1039,0.004799999999999985,-0.044800000000000006,0.003699999999999988,-0.0182,0.0038000000000000013,-0.0076,0.0021999999999999997,-0.004699999999999999,0.002100000000000001,-0.0182,0.0032999999999999974,-0.0174,0.0032000000000000015,0.0444,0.04459999999999999,0.049600000000000005,0.049200000000000015,0.0605,0.059600000000000014,0.0458,0.046100000000000016,0.027400000000000015,0.02709999999999999,0.040999999999999995,0.04069999999999999
1976-10-31,-0.0593,0.003599999999999999,-0.0536,0.003499999999999996,-0.0694,0.0039000000000000007,-0.0757,0.003799999999999998,-0.09699999999999999,0.004600000000000007,-0.1361,0.004500000000000004,-0.0819,0.0034999999999999892,-0.0695,0.003599999999999992,-0.0322,0.0021000000000000046,-0.0493,0.0020000000000000018,-0.0537,0.0030000000000000027,-0.0641,0.0030999999999999917,0.04449999999999999,0.04439999999999999,0.04960000000000002,0.04900000000000001,0.0606,0.05950000000000001,0.045799999999999993,0.0461,0.0269,0.026600000000000002,0.0406,0.04039999999999999
1976-11-30,0.032400000000000005,0.004000000000000007,0.0325,0.004,0.042199999999999994,0.004299999999999991,0.0495,0.004400000000000001,0.0712,0.005499999999999991,0.09949999999999999,0.005699999999999983,0.0319,0.0039000000000000007,0.0401,0.003999999999999997,-0.0043,0.0021000000000000003,-0.0287,0.0019999999999999983,0.0215,0.0032999999999999974,0.0149,0.0034000000000000002,0.04490000000000001,0.044899999999999995,0.05,0.04960000000000001,0.06169999999999999,0.061,0.046299999999999994,0.046700000000000005,0.026600000000000006,0.0262,0.0406,0.04059999999999999
1976-12-31,0.0274,0.0040000000000000036,0.0379,0.0040000000000000036,0.0699,0.004500000000000004,0.08839999999999999,0.004599999999999979,0.1865,0.006000000000000005,0.22699999999999998,0.006299999999999972,0.0388,0.0039000000000000007,0.0535,0.003999999999999997,0.1273,0.0022999999999999965,0.14529999999999998,0.0023999999999999855,0.0932,0.003500000000000003,0.1114,0.003600000000000006,0.04550000000000001,0.0455,0.05070000000000001,0.05049999999999999,0.06319999999999999,0.06279999999999997,0.04669999999999999,0.04719999999999999,0.026400000000000003,0.026099999999999984,0.0408,0.0409
1977-01-31,-0.0002,0.0045,-0.0206,0.004400000000000001,0.0285,0.0046,0.016399999999999998,0.004499999999999999,0.09539999999999998,0.004599999999999979,0.10289999999999999,0.004699999999999982,-0.049100000000000005,0.004499999999999997,-0.0796,0.004299999999999998,-0.0349,0.0022000000000000006,-0.0252,0.0023,-0.0031,0.0035,-0.006999999999999999,0.003700000000000002,0.046100000000000016,0.046,0.0508,0.05049999999999998,0.06189999999999998,0.06159999999999993,0.04699999999999998,0.04729999999999998,0.0263,0.026099999999999995,0.040600000000000004,0.040799999999999996
1977-02-28,-0.0037,0.004499999999999999,-0.0002,0.0045,0.0067,0.0044,0.0079,0.0045000000000000005,0.028399999999999998,0.004399999999999998,0.024900000000000002,0.004400000000000005,0.07400000000000001,0.005100000000000007,0.08410000000000001,0.005100000000000007,0.018500000000000003,0.002400000000000003,0.039,0.0023999999999999994,0.013999999999999999,0.003599999999999999,0.020099999999999996,0.0036999999999999984,0.04690000000000001,0.0468,0.051,0.05079999999999999,0.06109999999999999,0.06079999999999993,0.048199999999999986,0.0485,0.026400000000000003,0.02629999999999999,0.04070000000000001,0.040999999999999995
1977-03-31,-0.005600000000000001,0.004399999999999999,-0.0025,0.004499999999999999,0.0070999999999999995,0.004399999999999999,0.0115,0.0044,0.0329,0.004399999999999998,0.04,0.004400000000000001,0.016200000000000003,0.004700000000000003,0.0239,0.004800000000000002,-0.0181,0.0023,-0.0023,0.0023999999999999994,-0.0016,0.0035000000000000005,0.005699999999999999,0.003499999999999999,0.04750000000000001,0.0475,0.0511,0.05099999999999999,0.06029999999999998,0.060199999999999934,0.04889999999999999,0.0493,0.026500000000000003,0.02659999999999999,0.0407,0.0411
1977-04-30,0.0368,0.004700000000000003,0.0464,0.004699999999999996,0.035699999999999996,0.004499999999999994,0.0415,0.0046,0.0336,0.004399999999999998,0.0318,0.004300000000000002,-0.0231,0.0045000000000000005,-0.0499,0.004299999999999998,0.0154,0.0023999999999999994,0.0148,0.002400000000000001,0.02,0.003700000000000002,0.023,0.003599999999999999,0.048500000000000015,0.04839999999999999,0.0513,0.051299999999999985,0.05919999999999998,0.05919999999999994,0.04909999999999999,0.0493,0.0267,0.026799999999999994,0.040900000000000006,0.0412
1977-05-31,-0.0213,0.004399999999999998,-0.0206,0.004300000000000002,-0.0038,0.004399999999999999,-0.0033,0.0044,0.0311,0.004299999999999998,0.0311,0.004299999999999998,-0.0177,0.004399999999999998,-0.025,0.004399999999999998,-0.0016,0.0024000000000000002,-0.0011,0.0023,-0.0044,0.0036,-0.0045000000000000005,0.0034999999999999996,0.04910000000000001,0.048999999999999995,0.051599999999999986,0.05169999999999998,0.05859999999999998,0.05879999999999993,0.04969999999999999,0.049899999999999986,0.0269,0.026999999999999996,0.0411,0.041299999999999996
1977-06-30,0.005,0.0046,0.0102,0.0046,0.014499999999999999,0.004499999999999999,0.018500000000000003,0.004500000000000004,0.0325,0.004300000000000002,0.034300000000000004,0.004400000000000001,-0.0721,0.004199999999999995,-0.0782,0.004199999999999995,0.0011,0.0024000000000000002,0.0319,0.0024999999999999988,0.0118,0.0036999999999999984,0.024700000000000003,0.003700000000000002,0.04990000000000001,0.0498,0.05189999999999999,0.051999999999999984,0.057699999999999974,0.05789999999999993,0.049999999999999975,0.05019999999999998,0.0271,0.02719999999999999,0.0414,0.0416
1977-07-31,-0.011899999999999999,0.004399999999999999,-0.0123,0.004399999999999999,-0.015600000000000001,0.0043,-0.0128,0.0043,-0.0223,0.0040999999999999995,-0.0138,0.004200000000000002,-0.0187,0.004499999999999997,-0.0085,0.0045000000000000005,-0.0195,0.0023,-0.013300000000000001,0.0023,-0.0151,0.0035000000000000014,-0.0121,0.0034000000000000002,0.05060000000000001,0.050499999999999996,0.05199999999999999,0.05219999999999999,0.05669999999999998,0.05699999999999993,0.05059999999999998,0.05069999999999999,0.027300000000000005,0.02729999999999999,0.0415,0.0417
1977-08-31,0.0262,0.0045000000000000005,0.018799999999999997,0.004499999999999997,0.0593,0.0046,0.0558,0.0046,0.12050000000000001,0.004600000000000007,0.1244,0.004699999999999996,-0.048499999999999995,0.004200000000000002,-0.13470000000000001,0.00379999999999997,0.046799999999999994,0.0024999999999999953,0.0412,0.0025000000000000022,0.0431,0.003700000000000002,0.037200000000000004,0.003600000000000006,0.05140000000000001,0.051199999999999996,0.05249999999999999,0.05269999999999999,0.056199999999999986,0.05669999999999993,0.05109999999999998,0.050799999999999956,0.0276,0.02759999999999999,0.04190000000000001,0.042
1977-09-30,0.013000000000000001,0.004400000000000001,0.028300000000000002,0.004400000000000001,0.039900000000000005,0.004400000000000008,0.050199999999999995,0.004399999999999994,0.08529999999999999,0.00449999999999999,0.0872,0.004500000000000004,0.055,0.004699999999999996,0.0565,0.004700000000000003,-0.0011,0.0023999999999999994,0.004699999999999999,0.0022999999999999995,0.0203,0.003599999999999999,0.0279,0.003599999999999999,0.052000000000000005,0.0518,0.05279999999999999,0.05299999999999998,0.05569999999999997,0.05639999999999995,0.05209999999999999,0.05169999999999996,0.0278,0.027799999999999988,0.04220000000000001,0.0424
1977-10-31,0.012199999999999999,0.0043999999999999985,0.0273,0.004500000000000004,-0.0034999999999999996,0.004300000000000001,0.024300000000000002,0.004300000000000002,-0.028399999999999998,0.004000000000000007,0.0197,0.004199999999999999,-0.043899999999999995,0.004200000000000002,-0.0342,0.004299999999999998,-0.0241,0.0023,0.025699999999999997,0.002399999999999996,-0.0149,0.0034999999999999996,0.015700000000000002,0.003500000000000003,0.05280000000000001,0.05280000000000001,0.0532,0.05349999999999998,0.055099999999999975,0.05609999999999994,0.0528,0.05239999999999996,0.027999999999999997,0.028199999999999982,0.0427,0.04280000000000001
1977-11-30,-0.0007000000000000001,0.0044,0.011200000000000002,0.004400000000000001,-0.0172,0.0040999999999999995,-0.0132,0.004199999999999999,-0.0434,0.0040000000000000036,-0.0521,0.0038999999999999937,-0.0538,0.004199999999999995,-0.0554,0.004200000000000002,-0.0168,0.0023,0.0006,0.0023,-0.0109,0.003299999999999999,-0.002,0.0035000000000000005,0.053200000000000004,0.053200000000000004,0.053,0.05329999999999998,0.05359999999999999,0.05429999999999995,0.053099999999999994,0.05259999999999997,0.028199999999999996,0.028499999999999984,0.0427,0.042900000000000015
1977-12-31,-0.006999999999999999,0.0043,0.0472,0.004399999999999994,0.004,0.0042,0.056900000000000006,0.004400000000000008,0.022799999999999997,0.004299999999999995,0.07339999999999999,0.004399999999999987,0.060899999999999996,0.004699999999999996,0.0956,0.004799999999999999,-0.0062,0.0024000000000000002,0.015600000000000001,0.002400000000000001,0.004699999999999999,0.0034999999999999996,0.0416,0.003599999999999999,0.0535,0.053599999999999995,0.052700000000000004,0.05310000000000001,0.051899999999999974,0.05239999999999997,0.05389999999999999,0.053399999999999975,0.0283,0.028499999999999998,0.0427,0.04290000000000001
1978-01-31,0.0083,0.0046,0.01,0.0045,-0.0127,0.0045000000000000005,-0.0032,0.0046,-0.0475,0.004500000000000004,-0.0253,0.004600000000000003,0.0737,0.004199999999999995,0.0785,0.004299999999999998,0.0346,0.0020999999999999977,0.0294,0.0020999999999999977,0.0024,0.0034999999999999996,0.0043,0.0035,0.053599999999999995,0.05369999999999999,0.0526,0.05320000000000001,0.0518,0.05229999999999999,0.05359999999999999,0.053399999999999975,0.028199999999999996,0.028299999999999995,0.0427,0.0427
1978-02-28,-0.0028000000000000004,0.0045,0.0301,0.004699999999999999,-0.018000000000000002,0.004499999999999997,0.0001,0.004600000000000001,-0.044500000000000005,0.004499999999999997,-0.0519,0.004499999999999997,-0.0227,0.0039000000000000007,-0.0223,0.003799999999999998,0.0154,0.002,0.0252,0.0020000000000000018,-0.003,0.0034000000000000002,0.0096,0.0034999999999999996,0.053599999999999995,0.05389999999999999,0.0527,0.05330000000000001,0.051899999999999995,0.05239999999999999,0.05239999999999998,0.052099999999999966,0.02779999999999999,0.027899999999999998,0.042499999999999996,0.04250000000000001
1978-03-31,0.0316,0.004700000000000003,0.0417,0.004799999999999999,0.045,0.004800000000000006,0.0364,0.004799999999999999,0.0701,0.0050000000000000044,0.0264,0.004799999999999999,0.0629,0.004199999999999995,0.0681,0.004199999999999995,0.0537,0.0020999999999999977,0.12029999999999999,0.0021999999999999797,0.049800000000000004,0.003700000000000002,0.071,0.003699999999999995,0.0539,0.0542,0.0531,0.05370000000000001,0.052500000000000005,0.052799999999999986,0.051899999999999974,0.051499999999999956,0.02759999999999999,0.027699999999999978,0.0427,0.0427
1978-04-30,-0.0011,0.004599999999999999,-0.0218,0.0045000000000000005,0.0044,0.0047,-0.0137,0.0046,0.0148,0.0048000000000000004,0.0018,0.004699999999999999,0.0516,0.0040999999999999995,0.0435,0.004199999999999995,0.0073,0.0018999999999999998,0.004699999999999999,0.001999999999999999,0.0072,0.0034999999999999996,-0.0029,0.0033,0.053799999999999994,0.054,0.05330000000000001,0.053700000000000005,0.0529,0.053199999999999976,0.05149999999999997,0.05139999999999995,0.027099999999999992,0.027299999999999974,0.0425,0.0424
1978-05-31,0.0285,0.004700000000000003,0.022000000000000002,0.004700000000000003,0.035,0.004700000000000006,0.0288,0.004799999999999999,0.0472,0.004899999999999995,0.0415,0.004900000000000002,-0.0229,0.0039000000000000007,-0.0298,0.003799999999999998,0.0086,0.002,0.0059,0.0018999999999999998,0.0233,0.003500000000000003,0.0195,0.0034000000000000002,0.0541,0.0544,0.05360000000000002,0.05410000000000001,0.053500000000000006,0.05379999999999998,0.050999999999999976,0.050799999999999956,0.02669999999999999,0.026899999999999976,0.04240000000000001,0.042300000000000004
1978-06-30,0.001,0.0046,0.0172,0.0046,-0.0083,0.0046,0.0092,0.0046,-0.0252,0.0046,-0.0053,0.004599999999999999,0.012,0.004,0.0274,0.0039000000000000007,0.0184,0.0020000000000000018,0.099,0.0021000000000000046,0.0037,0.0033,0.0463,0.003499999999999996,0.0541,0.0544,0.05370000000000001,0.054200000000000005,0.0538,0.05399999999999998,0.050799999999999984,0.05049999999999996,0.02629999999999999,0.026499999999999982,0.042,0.0421
1978-07-31,0.0378,0.004700000000000003,0.0662,0.004799999999999999,0.0464,0.004799999999999999,0.07919999999999999,0.004900000000000002,0.06269999999999999,0.0049999999999999975,0.10369999999999999,0.005099999999999993,0.0712,0.004199999999999995,0.0859,0.004200000000000009,0.0163,0.0019999999999999983,0.0808,0.0020999999999999908,0.035,0.003599999999999999,0.0786,0.003600000000000006,0.054400000000000004,0.054799999999999995,0.05420000000000001,0.0548,0.0547,0.05489999999999997,0.05049999999999998,0.05019999999999997,0.025999999999999992,0.026299999999999973,0.0421,0.042300000000000004
1978-08-31,0.0155,0.004499999999999999,0.0453,0.004700000000000003,0.021400000000000002,0.004600000000000003,0.042800000000000005,0.004800000000000006,0.0322,0.004899999999999998,0.0382,0.004899999999999995,0.0254,0.003999999999999997,0.0429,0.003999999999999997,0.0104,0.002,0.0118,0.002,0.018000000000000002,0.003500000000000003,0.0274,0.0034000000000000002,0.05440000000000001,0.055,0.05420000000000002,0.05500000000000001,0.05499999999999999,0.05509999999999997,0.05029999999999998,0.05039999999999999,0.025499999999999995,0.02579999999999997,0.0419,0.0421
1978-09-30,0.032799999999999996,0.0045999999999999965,0.0611,0.004700000000000003,0.0208,0.0045999999999999965,0.044800000000000006,0.004800000000000006,-0.0012,0.0047,0.014499999999999999,0.004699999999999999,-0.021,0.003799999999999998,-0.011699999999999999,0.0038000000000000013,0.0131,0.002,0.0182,0.0019999999999999983,0.019299999999999998,0.0033999999999999968,0.030899999999999997,0.0033999999999999968,0.0546,0.0553,0.054400000000000004,0.05540000000000002,0.055200000000000006,0.05529999999999996,0.04939999999999998,0.04949999999999999,0.025099999999999994,0.025499999999999967,0.0417,0.0419
1978-10-31,-0.0349,0.004299999999999998,0.055999999999999994,0.004799999999999992,-0.0349,0.004299999999999998,0.045,0.004800000000000006,-0.0349,0.004499999999999997,0.0236,0.004699999999999999,-0.06860000000000001,0.003699999999999995,0.0077,0.004,0.0039000000000000003,0.0019000000000000002,0.07150000000000001,0.0020000000000000018,-0.0197,0.0032000000000000015,0.0499,0.003500000000000003,0.0545,0.05559999999999999,0.054400000000000004,0.055900000000000026,0.05569999999999999,0.05579999999999997,0.04889999999999997,0.049199999999999994,0.024699999999999993,0.025099999999999973,0.041400000000000006,0.0419
1978-11-30,-0.0031,0.004399999999999999,-0.1052,0.0040000000000000036,0.0059,0.0046,-0.0855,0.004100000000000006,0.023799999999999998,0.004799999999999999,-0.0461,0.004399999999999994,0.023399999999999997,0.003999999999999997,-0.056900000000000006,0.003699999999999988,-0.0021,0.0019000000000000002,-0.1017,0.0016999999999999932,0.006500000000000001,0.0034000000000000007,-0.0823,0.0030999999999999917,0.0545,0.05519999999999999,0.054900000000000004,0.05580000000000003,0.05649999999999999,0.05629999999999997,0.04869999999999997,0.04869999999999998,0.0243,0.024499999999999966,0.04150000000000001,0.04149999999999999
1978-12-31,0.0091,0.0045000000000000005,0.0616,0.004800000000000006,0.0033,0.0046,0.052199999999999996,0.004699999999999996,-0.0076,0.004599999999999999,0.0348,0.004799999999999999,0.0001,0.0039,0.0282,0.004,0.0278,0.0019999999999999983,0.0424,0.0020000000000000018,0.0166,0.003299999999999999,0.045599999999999995,0.0034000000000000002,0.0547,0.055600000000000004,0.0553,0.05610000000000002,0.05679999999999999,0.05669999999999998,0.04789999999999998,0.047899999999999984,0.023899999999999994,0.02409999999999997,0.0413,0.04129999999999999
1979-01-31,0.029300000000000003,0.004900000000000005,0.006500000000000001,0.0048000000000000004,0.025,0.0051,0.0037,0.005,0.0167,0.0056999999999999985,-0.0016,0.0055,0.0934,0.00470000000000001,0.0741,0.004500000000000004,0.0354,0.0020000000000000018,0.0048,0.001999999999999999,0.030899999999999997,0.003699999999999995,0.0063,0.0036,0.05500000000000001,0.055900000000000005,0.055900000000000005,0.056500000000000015,0.05799999999999999,0.05759999999999997,0.04839999999999999,0.04809999999999999,0.023799999999999998,0.02399999999999997,0.041499999999999995,0.04139999999999999
1979-02-28,-0.0178,0.004600000000000003,-0.011399999999999999,0.004700000000000001,0.0132,0.005099999999999999,0.0226,0.005099999999999997,0.07400000000000001,0.005900000000000016,0.0892,0.006000000000000005,-0.023700000000000002,0.004099999999999996,-0.020099999999999996,0.004100000000000003,-0.0262,0.001899999999999999,-0.0308,0.001899999999999999,-0.0032,0.0035,-0.0002,0.0036,0.0551,0.05590000000000001,0.05650000000000001,0.057000000000000016,0.05940000000000001,0.05909999999999998,0.048599999999999983,0.04839999999999999,0.0237,0.023899999999999966,0.0416,0.04149999999999999
1979-03-31,0.0232,0.004899999999999998,0.0155,0.004799999999999999,0.0603,0.005399999999999995,0.0645,0.005299999999999999,0.1265,0.006200000000000011,0.1521,0.006200000000000011,0.0104,0.0042,0.0068000000000000005,0.004200000000000001,0.0062,0.002,-0.0252,0.001899999999999999,0.0379,0.0038000000000000048,0.0291,0.003700000000000002,0.0553,0.055900000000000005,0.0571,0.057500000000000016,0.060600000000000015,0.06049999999999999,0.04859999999999999,0.0484,0.0236,0.023599999999999986,0.04170000000000001,0.041499999999999995
1979-04-30,0.0115,0.0048,-0.0034999999999999996,0.0048000000000000004,0.0291,0.0052,0.0174,0.0052,0.0567,0.0058,0.0501,0.005699999999999997,-0.0118,0.004000000000000002,-0.02,0.004,0.016,0.0019000000000000006,-0.022400000000000003,0.001799999999999996,0.0222,0.0038000000000000013,0.0023,0.0037,0.05550000000000001,0.05620000000000001,0.0576,0.05810000000000001,0.061600000000000016,0.06149999999999999,0.048499999999999995,0.0482,0.0236,0.023399999999999983,0.042,0.0419
1979-05-31,-0.031400000000000004,0.0046,-0.037599999999999995,0.0046,-0.0446,0.004800000000000006,-0.0467,0.004800000000000006,-0.0642,0.005100000000000007,-0.0603,0.0051,0.0098,0.004,0.0129,0.004,0.0092,0.002,0.004,0.0019000000000000002,-0.0154,0.003599999999999999,-0.02,0.003599999999999999,0.055400000000000005,0.056100000000000004,0.057699999999999994,0.05810000000000002,0.06180000000000002,0.06169999999999999,0.04859999999999999,0.048400000000000006,0.0236,0.023399999999999983,0.0421,0.0421
1979-06-30,0.016,0.004799999999999999,0.0473,0.004900000000000002,-0.0076,0.005,0.0302,0.0052,-0.043899999999999995,0.00520000000000001,0.0038,0.0055,0.0222,0.004,0.0449,0.0040000000000000036,-0.0086,0.0019000000000000006,0.0038,0.0019,0.0003,0.0035,0.023700000000000002,0.003600000000000006,0.055600000000000004,0.056400000000000006,0.05809999999999999,0.05870000000000002,0.06240000000000004,0.06259999999999999,0.04859999999999999,0.04850000000000001,0.0235,0.023199999999999978,0.042300000000000004,0.04220000000000001
1979-07-31,0.016399999999999998,0.004799999999999999,0.0204,0.0048000000000000004,-0.0045000000000000005,0.004899999999999998,0.0173,0.0051,-0.0382,0.005200000000000003,0.0123,0.0055,0.0177,0.004,0.0332,0.0040999999999999995,0.0059,0.0018999999999999998,0.0054,0.0019000000000000006,-0.0040999999999999995,0.0035000000000000005,0.0067,0.0037,0.0557,0.056400000000000006,0.0582,0.05890000000000002,0.06260000000000003,0.063,0.04839999999999999,0.0484,0.0234,0.02299999999999999,0.0422,0.042300000000000004
1979-08-31,0.0332,0.004800000000000002,0.0379,0.004800000000000006,0.0373,0.0051,0.0348,0.005099999999999997,0.043899999999999995,0.005599999999999994,0.0298,0.005499999999999998,-0.0022,0.0038999999999999994,-0.0024,0.0039000000000000003,0.025099999999999997,0.0019999999999999983,0.015,0.001899999999999999,0.0382,0.003699999999999995,0.0333,0.003700000000000002,0.055999999999999994,0.05650000000000001,0.058699999999999995,0.05920000000000001,0.06330000000000004,0.0636,0.048299999999999996,0.0483,0.0234,0.02289999999999999,0.04239999999999999,0.0426
1979-09-30,0.0259,0.004699999999999999,0.0709,0.0050000000000000044,0.0317,0.005099999999999997,0.05,0.005199999999999996,0.0412,0.005600000000000001,0.016,0.0055,0.0335,0.0039000000000000007,0.0575,0.0040000000000000036,0.0417,0.0020000000000000018,0.03,0.0020000000000000018,0.0384,0.003699999999999995,0.0438,0.003700000000000002,0.056100000000000004,0.05680000000000002,0.05919999999999999,0.0596,0.06420000000000003,0.06440000000000001,0.0484,0.0485,0.0234,0.02289999999999999,0.04269999999999999,0.04290000000000001
1979-10-31,-0.0479,0.004400000000000008,-0.0848,0.004200000000000009,-0.0513,0.004699999999999996,-0.0941,0.004399999999999987,-0.0572,0.0051,-0.11,0.004799999999999999,0.0338,0.003799999999999998,0.004699999999999999,0.0036999999999999993,-0.0173,0.0017999999999999995,-0.0701,0.001700000000000007,-0.0405,0.0033999999999999933,-0.08449999999999999,0.0032000000000000084,0.056200000000000014,0.05620000000000003,0.059599999999999986,0.05919999999999998,0.06480000000000004,0.0645,0.0485,0.0482,0.0233,0.022599999999999995,0.04289999999999998,0.04260000000000001
1979-11-30,0.0019,0.0047,0.0383,0.004799999999999999,-0.0025,0.0049,0.042,0.0051,-0.0102,0.0054,0.048499999999999995,0.005599999999999994,0.0666,0.003700000000000009,0.08310000000000001,0.0038000000000000117,0.0089,0.002,-0.0271,0.001899999999999999,0.011899999999999999,0.003599999999999999,0.0216,0.003599999999999999,0.056500000000000015,0.05700000000000002,0.059899999999999995,0.060199999999999976,0.06540000000000004,0.06570000000000001,0.048200000000000014,0.048300000000000023,0.023399999999999997,0.0228,0.04309999999999998,0.04310000000000001
1979-12-31,-0.0007000000000000001,0.0046,0.0078000000000000005,0.004700000000000001,-0.004,0.0049,0.0054,0.005,-0.009899999999999999,0.005400000000000002,0.0011,0.0054,0.01,0.0036,0.0177,0.0036000000000000008,0.038599999999999995,0.001999999999999995,0.0717,0.0021000000000000046,0.019,0.0036999999999999984,0.0363,0.003599999999999999,0.05660000000000002,0.05690000000000002,0.06019999999999999,0.060499999999999984,0.06620000000000005,0.0663,0.04790000000000001,0.047900000000000026,0.023399999999999997,0.022900000000000004,0.04349999999999998,0.04330000000000002
1980-01-31,0.0359,0.005200000000000003,0.0248,0.0051,0.0567,0.005499999999999998,0.057699999999999994,0.005499999999999998,0.0934,0.006099999999999994,0.1157,0.006200000000000011,0.0508,0.0040999999999999995,0.049800000000000004,0.004200000000000009,0.0394,0.001999999999999995,0.0444,0.0020000000000000018,0.055,0.0040000000000000036,0.0584,0.0039000000000000007,0.05690000000000001,0.05720000000000002,0.060599999999999994,0.060999999999999985,0.06660000000000003,0.06700000000000002,0.0473,0.04760000000000003,0.02339999999999999,0.02290000000000001,0.04379999999999999,0.043600000000000014
1980-02-29,0.0076,0.005,-0.0137,0.004900000000000002,0.025,0.005400000000000002,0.013600000000000001,0.005300000000000001,0.053200000000000004,0.0058,0.057999999999999996,0.0058,-0.022799999999999997,0.0039000000000000007,-0.0317,0.003799999999999998,0.0105,0.0019000000000000006,-0.0268,0.0017999999999999995,0.0296,0.003700000000000002,0.010700000000000001,0.003700000000000002,0.05730000000000001,0.05740000000000002,0.060899999999999996,0.061199999999999984,0.06650000000000002,0.06680000000000001,0.04710000000000001,0.04730000000000003,0.02339999999999999,0.022800000000000008,0.04399999999999999,0.04370000000000002
1980-03-31,-0.0724,0.004599999999999993,-0.1476,0.004299999999999998,-0.08070000000000001,0.004799999999999999,-0.1441,0.004499999999999976,-0.09359999999999999,0.004900000000000002,-0.1387,0.00470000000000001,-0.0761,0.003799999999999998,-0.1252,0.003700000000000009,-0.057800000000000004,0.001799999999999996,-0.061900000000000004,0.001800000000000003,-0.085,0.0032999999999999974,-0.1215,0.0031000000000000055,0.057,0.05690000000000002,0.0603,0.06039999999999996,0.06520000000000001,0.06530000000000001,0.046700000000000005,0.046800000000000036,0.023199999999999988,0.022700000000000012,0.04349999999999998,0.04310000000000003
1980-04-30,0.0384,0.005199999999999996,0.11449999999999999,0.005499999999999991,0.038900000000000004,0.005500000000000005,0.1043,0.005700000000000011,0.0395,0.005700000000000004,0.08900000000000001,0.006000000000000005,0.036000000000000004,0.004200000000000002,0.0909,0.004399999999999987,0.0369,0.001899999999999999,0.0805,0.0020000000000000018,0.0375,0.003799999999999998,0.0868,0.0039000000000000146,0.0574,0.05760000000000001,0.0606,0.060899999999999975,0.06510000000000002,0.06560000000000002,0.046900000000000004,0.04720000000000003,0.023199999999999985,0.022900000000000018,0.04349999999999998,0.04330000000000003
1980-05-31,0.0288,0.0052,0.0383,0.005200000000000003,0.009899999999999999,0.0052,0.0265,0.005299999999999999,-0.0194,0.0053999999999999986,0.008,0.0055,0.0277,0.0040999999999999995,0.0354,0.004199999999999999,0.0147,0.001899999999999999,0.0711,0.0020000000000000018,0.0172,0.003599999999999999,0.0509,0.003799999999999998,0.057999999999999996,0.058200000000000016,0.06099999999999999,0.06139999999999997,0.06540000000000001,0.06600000000000002,0.04700000000000001,0.04740000000000002,0.023099999999999985,0.02300000000000002,0.04349999999999998,0.04350000000000004
1980-06-30,0.0256,0.005100000000000004,0.0432,0.005200000000000003,0.0593,0.005499999999999998,0.0762,0.005600000000000008,0.11320000000000001,0.006099999999999994,0.129,0.006200000000000011,-0.0002,0.004,0.0106,0.0040999999999999995,0.0316,0.0019000000000000024,0.057800000000000004,0.0019000000000000059,0.048,0.0038000000000000048,0.0675,0.003799999999999998,0.058300000000000005,0.05850000000000002,0.06149999999999999,0.06179999999999997,0.0663,0.06670000000000002,0.047,0.047500000000000014,0.023099999999999985,0.023000000000000027,0.043799999999999985,0.04370000000000003
1980-07-31,0.022799999999999997,0.005099999999999997,0.0073,0.005,0.032,0.005300000000000003,0.0179,0.005299999999999999,0.045700000000000005,0.005700000000000004,0.0335,0.005600000000000001,0.0022,0.004,-0.0062,0.004000000000000001,0.0022,0.0019000000000000002,-0.0308,0.001899999999999999,0.0226,0.003599999999999999,0.0013,0.0036,0.0586,0.058700000000000016,0.0619,0.06199999999999997,0.0668,0.06680000000000003,0.04700000000000001,0.04740000000000002,0.023099999999999985,0.02300000000000002,0.04389999999999999,0.043600000000000035
1980-08-31,0.0066,0.005,0.0022,0.0049,0.0060999999999999995,0.0052,0.013300000000000001,0.005100000000000002,0.0053,0.0054,0.0294,0.005600000000000001,-0.037599999999999995,0.0038000000000000048,-0.0329,0.0039000000000000007,0.031,0.0020000000000000018,0.061200000000000004,0.0020000000000000018,0.0138,0.0037,0.0298,0.003599999999999999,0.058800000000000005,0.05880000000000001,0.06199999999999999,0.06199999999999998,0.06659999999999999,0.06690000000000003,0.04690000000000001,0.04740000000000002,0.02309999999999999,0.023100000000000023,0.043899999999999995,0.04350000000000003
1980-09-30,0.0167,0.0049,0.0088,0.0049,0.024300000000000002,0.005200000000000003,0.0187,0.0052,0.0349,0.005599999999999997,0.032400000000000005,0.005500000000000005,0.037599999999999995,0.0040999999999999925,0.037000000000000005,0.0040000000000000036,0.022799999999999997,0.0019999999999999983,0.0479,0.0020000000000000018,0.0217,0.0036999999999999984,0.027999999999999997,0.003599999999999999,0.059000000000000004,0.0587,0.0621,0.061999999999999986,0.06659999999999999,0.06690000000000004,0.0471,0.04740000000000002,0.023099999999999985,0.023100000000000023,0.043899999999999995,0.04340000000000003
1980-10-31,0.047400000000000005,0.004900000000000002,0.002,0.0047,0.053200000000000004,0.005200000000000003,0.0368,0.0051,0.061200000000000004,0.005600000000000008,0.08449999999999999,0.005699999999999997,0.0564,0.004200000000000002,0.0332,0.0040999999999999995,0.047599999999999996,0.0020000000000000018,0.0495,0.0019000000000000059,0.04190000000000001,0.003600000000000006,0.0346,0.003599999999999999,0.0595,0.059199999999999996,0.06260000000000002,0.06269999999999999,0.0671,0.06780000000000003,0.04750000000000001,0.04780000000000002,0.023299999999999987,0.023300000000000022,0.04410000000000001,0.04380000000000001
1980-11-30,-0.0011,0.004699999999999999,-0.0161,0.0046,0.0045000000000000005,0.005000000000000001,-0.018600000000000002,0.004899999999999998,0.0116,0.005299999999999999,-0.0218,0.0051,0.047599999999999996,0.004199999999999995,0.0317,0.004199999999999999,-0.0091,0.0019000000000000006,-0.0287,0.0017999999999999995,0.0044,0.0034000000000000002,-0.016,0.0034000000000000002,0.05949999999999999,0.059000000000000004,0.0627,0.06249999999999999,0.067,0.06730000000000004,0.047999999999999994,0.04820000000000001,0.023199999999999988,0.023200000000000026,0.04390000000000001,0.043600000000000014
1980-12-31,-0.0194,0.0046,-0.0346,0.0046,-0.0358,0.004700000000000003,-0.0393,0.004700000000000003,-0.056600000000000004,0.004900000000000002,-0.0453,0.0050000000000000044,0.0138,0.0040999999999999995,-0.0012,0.004,0.0034999999999999996,0.0018999999999999996,0.055999999999999994,0.001999999999999988,-0.021,0.003300000000000001,-0.0008,0.0032999999999999995,0.05949999999999999,0.0589,0.06250000000000001,0.0622,0.0665,0.06690000000000004,0.048499999999999995,0.048600000000000004,0.023099999999999996,0.02310000000000001,0.04350000000000001,0.04330000000000002
1981-01-31,0.0083,0.0052,-0.0661,0.004699999999999996,0.0015,0.0051,-0.0403,0.004899999999999995,-0.0072,0.0052,-0.0072,0.0052,-0.0109,0.0034999999999999996,-0.055,0.0032999999999999974,0.023399999999999997,0.001899999999999999,0.0134,0.0019000000000000006,0.0116,0.003499999999999998,-0.0116,0.003300000000000001,0.05949999999999999,0.058499999999999996,0.062100000000000016,0.061599999999999995,0.0656,0.06590000000000003,0.0479,0.04769999999999999,0.023,0.023000000000000007,0.043000000000000003,0.042700000000000016
1981-02-28,0.0308,0.0052,0.010700000000000001,0.0051,0.0395,0.005299999999999999,-0.008199999999999999,0.005000000000000001,0.05,0.005499999999999998,-0.031,0.0050000000000000044,0.08529999999999999,0.003899999999999987,0.0721,0.003799999999999998,-0.0019,0.0018000000000000002,-0.0192,0.001800000000000003,0.0151,0.0035000000000000014,-0.0138,0.0034000000000000002,0.05969999999999999,0.058699999999999995,0.06200000000000001,0.06129999999999999,0.0653,0.06510000000000003,0.047899999999999984,0.04769999999999999,0.022899999999999997,0.023000000000000013,0.042800000000000005,0.04240000000000001
1981-03-31,0.0158,0.0051,0.026099999999999998,0.005099999999999997,0.0129,0.0050999999999999995,0.026600000000000002,0.0052,0.0092,0.0052,0.0273,0.005200000000000003,0.0323,0.0036000000000000025,0.0443,0.003700000000000002,0.0557,0.001899999999999999,0.049,0.001899999999999999,0.038599999999999995,0.003499999999999996,0.042699999999999995,0.003499999999999996,0.0602,0.05949999999999999,0.06230000000000001,0.06200000000000001,0.0656,0.06560000000000003,0.047699999999999985,0.047699999999999985,0.023,0.02310000000000001,0.043000000000000003,0.0428
1981-04-30,0.0207,0.0049999999999999975,-0.0317,0.004700000000000003,0.0483,0.005200000000000003,-0.0024,0.005000000000000001,0.08349999999999999,0.005599999999999994,0.0348,0.005299999999999996,-0.0248,0.0034000000000000002,-0.059000000000000004,0.0032999999999999974,0.07519999999999999,0.001899999999999985,0.0559,0.001899999999999992,0.054299999999999994,0.0033999999999999933,0.023,0.003300000000000001,0.06,0.0587,0.06200000000000001,0.06130000000000001,0.0655,0.06490000000000001,0.04689999999999998,0.046599999999999996,0.022999999999999986,0.023,0.0426,0.042199999999999994
1981-05-31,-0.0462,0.004500000000000004,-0.0882,0.004400000000000001,-0.0475,0.004699999999999996,-0.0848,0.00449999999999999,-0.049100000000000005,0.004900000000000002,-0.0806,0.004699999999999982,0.0338,0.0035999999999999956,-0.0016,0.0034000000000000002,0.0213,0.0017999999999999995,-0.013999999999999999,0.001800000000000003,-0.0029,0.0031999999999999997,-0.0363,0.0030000000000000027,0.059300000000000005,0.0579,0.06150000000000001,0.0605,0.065,0.0641,0.04639999999999998,0.0458,0.022899999999999986,0.0228,0.0422,0.04139999999999999
1981-06-30,0.0044,0.0049,-0.0159,0.004799999999999999,0.0102,0.005000000000000001,-0.029500000000000002,0.004800000000000002,0.0172,0.0051,-0.046,0.004799999999999999,0.1001,0.003699999999999995,0.0645,0.003700000000000002,0.0397,0.001799999999999996,0.0336,0.001799999999999996,0.0252,0.003300000000000001,0.006999999999999999,0.0031999999999999993,0.0591,0.057499999999999996,0.06100000000000001,0.05969999999999999,0.064,0.06269999999999999,0.046099999999999974,0.0454,0.02279999999999998,0.02269999999999999,0.041699999999999994,0.040799999999999996
1981-07-31,0.011000000000000001,0.004900000000000002,-0.021400000000000002,0.004699999999999996,0.0088,0.005000000000000001,-0.0291,0.004900000000000002,0.0060999999999999995,0.0050999999999999995,-0.0387,0.004900000000000002,0.0764,0.003699999999999995,0.0481,0.003699999999999995,-0.0016,0.0017,-0.0512,0.0017000000000000001,-0.0003,0.0031000000000000003,-0.043,0.0031000000000000055,0.05890000000000001,0.05719999999999999,0.060700000000000004,0.05929999999999999,0.0634,0.06199999999999999,0.045799999999999966,0.045099999999999994,0.02259999999999998,0.022499999999999992,0.041199999999999994,0.0403
1981-08-31,0.0137,0.0049,0.024399999999999998,0.0049999999999999975,0.0323,0.005000000000000001,0.0339,0.0051,0.0555,0.005300000000000006,0.0458,0.005299999999999999,0.0024,0.0034999999999999996,0.0087,0.0034999999999999996,-0.0129,0.0017000000000000001,0.0259,0.0017999999999999995,0.004,0.0031000000000000003,0.0274,0.003300000000000001,0.058800000000000005,0.05729999999999999,0.06050000000000001,0.05929999999999999,0.06330000000000001,0.06169999999999999,0.045499999999999964,0.04469999999999999,0.02229999999999998,0.02229999999999999,0.0406,0.04
1981-09-30,-0.07,0.004599999999999993,-0.026099999999999998,0.004799999999999999,-0.1117,0.004400000000000001,-0.0951,0.004500000000000004,-0.16219999999999998,0.004200000000000009,-0.1788,0.0040999999999999925,-0.06509999999999999,0.0032000000000000084,-0.1151,0.0030000000000000165,-0.0911,0.0015999999999999903,-0.1081,0.0016000000000000042,-0.1048,0.002799999999999997,-0.10830000000000001,0.002799999999999983,0.058499999999999996,0.05719999999999999,0.05970000000000001,0.0586,0.06190000000000002,0.06029999999999998,0.04459999999999998,0.0437,0.02189999999999997,0.02189999999999999,0.0397,0.039199999999999985
1981-10-31,-0.008199999999999999,0.004900000000000002,0.013500000000000002,0.005000000000000001,0.0085,0.005000000000000001,0.0315,0.0052,0.032799999999999996,0.005199999999999996,0.0576,0.005299999999999992,0.1108,0.003799999999999998,0.1167,0.003699999999999995,-0.0036,0.0017000000000000001,-0.0044,0.0016999999999999993,0.0022,0.0031000000000000003,0.0109,0.0031999999999999997,0.058499999999999996,0.05749999999999999,0.05950000000000001,0.05869999999999999,0.061500000000000006,0.059899999999999974,0.044199999999999975,0.0433,0.02159999999999997,0.021699999999999983,0.03919999999999999,0.03879999999999999
1981-11-30,0.0492,0.0051,0.07730000000000001,0.00520000000000001,0.07690000000000001,0.005300000000000013,0.1244,0.005599999999999994,0.1159,0.005600000000000008,0.1906,0.005999999999999978,0.056299999999999996,0.003599999999999999,0.0874,0.0038000000000000117,0.0264,0.0017999999999999995,0.1052,0.001899999999999999,0.0546,0.0034000000000000002,0.1152,0.003500000000000003,0.0589,0.0581,0.05980000000000002,0.059399999999999994,0.061800000000000015,0.06079999999999995,0.04359999999999998,0.042900000000000015,0.021499999999999967,0.021799999999999986,0.03919999999999999,0.03889999999999999
1981-12-31,-0.0070999999999999995,0.004900000000000001,-0.031,0.004699999999999996,-0.006,0.005000000000000001,-0.032799999999999996,0.004799999999999999,-0.004699999999999999,0.005000000000000001,-0.0351,0.004800000000000006,-0.0265,0.0034000000000000037,-0.051,0.0032999999999999974,0.0308,0.0017000000000000001,0.0075,0.0018000000000000004,0.0087,0.0030999999999999986,-0.0143,0.0032000000000000015,0.0592,0.058199999999999995,0.060100000000000015,0.05949999999999998,0.06190000000000002,0.06059999999999995,0.04289999999999998,0.04220000000000001,0.021299999999999968,0.021599999999999998,0.038999999999999986,0.038799999999999994
1982-01-31,0.0197,0.004799999999999999,-0.0042,0.0047,0.0325,0.004800000000000002,0.0131,0.004700000000000001,0.048799999999999996,0.004900000000000002,0.0349,0.004800000000000002,0.0002,0.0033,-0.0139,0.0032000000000000015,0.0062,0.0021000000000000003,-0.036000000000000004,0.001999999999999995,0.0067,0.0031000000000000003,-0.023,0.0030999999999999986,0.05879999999999999,0.058199999999999995,0.05980000000000002,0.05929999999999999,0.061600000000000016,0.06019999999999995,0.04269999999999998,0.04210000000000001,0.02149999999999997,0.02169999999999999,0.03859999999999999,0.038599999999999995
1982-02-28,0.0173,0.004799999999999999,-0.018799999999999997,0.004500000000000004,-0.0127,0.0046,-0.0481,0.004400000000000001,-0.048799999999999996,0.004400000000000008,-0.0833,0.004299999999999998,-0.015,0.0032000000000000015,-0.0381,0.0030999999999999986,-0.04769999999999999,0.0019000000000000059,-0.0722,0.001899999999999999,-0.0349,0.0030999999999999986,-0.0637,0.002999999999999989,0.058399999999999994,0.0576,0.059100000000000014,0.05869999999999999,0.060500000000000026,0.05949999999999994,0.042,0.04140000000000001,0.021599999999999977,0.021799999999999986,0.038199999999999984,0.038199999999999984
1982-03-31,0.0104,0.0046,-0.0111,0.004600000000000002,0.0222,0.004699999999999999,0.002,0.0046,0.0373,0.004799999999999999,0.018799999999999997,0.004699999999999998,-0.0525,0.0030999999999999986,-0.0765,0.0030000000000000027,-0.0421,0.0020000000000000018,-0.0739,0.0019000000000000128,-0.016399999999999998,0.0032000000000000015,-0.0405,0.0032000000000000015,0.05789999999999999,0.05710000000000001,0.05870000000000002,0.05809999999999999,0.06010000000000003,0.05899999999999995,0.041499999999999995,0.040700000000000014,0.02169999999999998,0.0218,0.03789999999999999,0.03789999999999999
1982-04-30,0.0101,0.004599999999999999,0.0322,0.004699999999999999,0.012,0.0046,0.0258,0.004700000000000003,0.0143,0.004700000000000001,0.0179,0.004699999999999999,-0.0335,0.0030999999999999986,-0.010700000000000001,0.003199999999999998,0.0355,0.0021999999999999936,0.0768,0.0022999999999999965,0.0195,0.0034000000000000002,0.045899999999999996,0.003499999999999996,0.057499999999999996,0.057100000000000005,0.05810000000000002,0.0578,0.05920000000000003,0.058399999999999945,0.041199999999999994,0.04060000000000002,0.02199999999999999,0.022200000000000004,0.037899999999999996,0.03809999999999998
1982-05-31,-0.0184,0.0045000000000000005,-0.024700000000000003,0.004499999999999997,0.0083,0.0046,0.005699999999999999,0.004599999999999999,0.0414,0.004700000000000003,0.0432,0.004700000000000003,0.0277,0.003300000000000001,0.019299999999999998,0.003199999999999998,0.0023,0.0021,-0.0246,0.0020999999999999977,0.0051,0.0032000000000000006,-0.0109,0.0031999999999999997,0.057499999999999996,0.0572,0.05800000000000002,0.0579,0.05900000000000003,0.058399999999999966,0.04089999999999999,0.04040000000000001,0.02229999999999999,0.0225,0.037899999999999996,0.03829999999999998
1982-06-30,-0.0461,0.004399999999999994,-0.1015,0.004199999999999995,-0.0434,0.004299999999999991,-0.0863,0.0040999999999999925,-0.0401,0.004300000000000005,-0.06849999999999999,0.004200000000000009,-0.0151,0.0031000000000000003,-0.052000000000000005,0.0029,-0.029900000000000003,0.001999999999999995,-0.0669,0.0020000000000000018,-0.040999999999999995,0.0031000000000000055,-0.0802,0.0030000000000000027,0.05699999999999999,0.0566,0.05730000000000001,0.057199999999999994,0.058200000000000036,0.057799999999999976,0.0403,0.03960000000000001,0.02249999999999999,0.022700000000000005,0.037700000000000004,0.03809999999999998
1982-07-31,-0.0019,0.004600000000000001,0.0003,0.0046,0.0171,0.0046,0.0183,0.0046,0.0384,0.0046,0.0384,0.0046,0.051699999999999996,0.0032999999999999974,0.0467,0.0032999999999999974,-0.023700000000000002,0.0020999999999999977,-0.0368,0.0020000000000000018,0.0,0.0032,-0.0034999999999999996,0.0032000000000000006,0.056699999999999987,0.0565,0.05690000000000001,0.05689999999999999,0.057700000000000036,0.057499999999999975,0.039900000000000005,0.03920000000000001,0.022899999999999986,0.023000000000000007,0.03780000000000001,0.03819999999999997
1982-08-31,0.0163,0.0046,-0.0009,0.0045000000000000005,0.0217,0.0046,0.0076,0.0045000000000000005,0.0274,0.0045000000000000005,0.0168,0.004399999999999999,0.014199999999999999,0.0030999999999999986,-0.0039000000000000003,0.0029999999999999996,-0.0007000000000000001,0.002,-0.0182,0.0019999999999999983,0.0236,0.003300000000000001,0.0104,0.0031999999999999997,0.056399999999999985,0.05600000000000001,0.05650000000000001,0.056299999999999996,0.056900000000000034,0.05659999999999998,0.03950000000000001,0.03870000000000002,0.023199999999999985,0.023200000000000005,0.038000000000000006,0.038099999999999974
1982-09-30,0.0115,0.0046,-0.0034000000000000002,0.0045000000000000005,0.0362,0.0046,0.019799999999999998,0.004499999999999997,0.0625,0.004500000000000004,0.044500000000000005,0.004400000000000008,0.045899999999999996,0.0030999999999999917,0.0235,0.0030999999999999986,-0.0076,0.001999999999999999,-0.0342,0.0020000000000000018,0.0104,0.0031999999999999997,-0.009000000000000001,0.0030999999999999986,0.05639999999999999,0.055700000000000006,0.05670000000000001,0.05629999999999999,0.05720000000000003,0.05689999999999999,0.03939999999999999,0.0388,0.023599999999999993,0.023600000000000003,0.03840000000000001,0.03839999999999999
1982-10-31,0.0287,0.004699999999999999,0.0106,0.0046,0.026099999999999998,0.004499999999999997,0.0111,0.0045000000000000005,0.0235,0.004300000000000002,0.0116,0.004399999999999999,0.1161,0.0032000000000000084,-0.038900000000000004,0.002799999999999997,0.0158,0.0020000000000000018,-0.013000000000000001,0.001899999999999999,0.031,0.003300000000000001,0.0096,0.003199999999999999,0.056199999999999986,0.0553,0.05620000000000001,0.05559999999999999,0.05630000000000003,0.056,0.0388,0.0379,0.023899999999999994,0.0238,0.0386,0.03839999999999999
1982-11-30,0.0216,0.0046,0.049699999999999994,0.004699999999999996,0.0174,0.004499999999999999,0.0138,0.004499999999999999,0.0131,0.0043,-0.0229,0.004100000000000003,0.1307,0.0031000000000000194,0.1301,0.0030999999999999917,0.0552,0.001999999999999995,0.1411,0.0022000000000000075,0.0364,0.0032000000000000015,0.07139999999999999,0.0031999999999999945,0.055699999999999986,0.05479999999999999,0.055399999999999984,0.054499999999999986,0.05500000000000003,0.05410000000000002,0.03830000000000002,0.03719999999999998,0.02409999999999999,0.02410000000000001,0.038400000000000004,0.03809999999999998
1982-12-31,0.036699999999999997,0.004699999999999996,0.0837,0.004900000000000002,0.0286,0.0045000000000000005,0.053899999999999997,0.0046,0.019799999999999998,0.004299999999999998,0.021400000000000002,0.004300000000000002,0.056299999999999996,0.0029,0.0783,0.0029,0.0356,0.0020000000000000018,0.1076,0.0020999999999999908,0.0362,0.0032000000000000015,0.0816,0.0034000000000000002,0.05549999999999998,0.05499999999999999,0.05489999999999999,0.054299999999999994,0.05430000000000002,0.05360000000000002,0.037800000000000014,0.036799999999999986,0.02439999999999999,0.0244,0.038500000000000006,0.03829999999999998
1983-01-31,0.0316,0.0038000000000000048,0.008199999999999999,0.0036999999999999984,0.0332,0.0038999999999999972,-0.0043,0.0037,0.035,0.003900000000000004,-0.0189,0.0036999999999999984,0.1545,0.0022999999999999965,0.13119999999999998,0.0022999999999999687,-0.0007000000000000001,0.0013999999999999998,-0.0108,0.0014999999999999996,0.0187,0.0024999999999999988,-0.0024,0.0025,0.05449999999999999,0.054,0.053999999999999986,0.05329999999999999,0.05330000000000002,0.05250000000000002,0.03680000000000001,0.03589999999999995,0.023699999999999992,0.023900000000000005,0.03790000000000001,0.037699999999999984
1983-02-28,0.051699999999999996,0.0038999999999999937,0.0537,0.003799999999999998,0.032799999999999996,0.003799999999999998,0.0311,0.003799999999999998,0.0103,0.0037999999999999996,0.0042,0.0037999999999999996,0.1946,0.0022999999999999965,0.1967,0.0022999999999999965,0.0113,0.0014999999999999996,0.0187,0.0015000000000000013,0.0253,0.0025000000000000022,0.028900000000000002,0.0026000000000000016,0.05359999999999998,0.05329999999999999,0.05319999999999998,0.05269999999999999,0.05270000000000001,0.05200000000000002,0.03590000000000001,0.03509999999999995,0.023299999999999984,0.023500000000000007,0.037300000000000014,0.03729999999999999
1983-03-31,0.0965,0.0040000000000000036,0.07429999999999999,0.003899999999999987,0.0703,0.0040000000000000036,0.0451,0.0039000000000000007,0.0375,0.0039000000000000007,0.0084,0.003899999999999999,0.0067,0.0019000000000000006,-0.0027,0.0018999999999999998,0.0395,0.0015999999999999973,0.016200000000000003,0.001500000000000003,0.0507,0.002700000000000001,0.0287,0.0026000000000000016,0.05299999999999999,0.05259999999999997,0.052499999999999984,0.05199999999999999,0.05180000000000001,0.051200000000000016,0.03470000000000001,0.03399999999999995,0.02289999999999998,0.0231,0.03680000000000001,0.036699999999999997
1983-04-30,0.037599999999999995,0.003799999999999998,0.0287,0.003799999999999998,0.056600000000000004,0.0039000000000000076,0.0775,0.0040000000000000036,0.08199999999999999,0.0040999999999999925,0.14279999999999998,0.004299999999999998,0.1303,0.0020999999999999908,0.1343,0.0020999999999999908,0.0302,0.0016000000000000007,0.0375,0.0014999999999999944,0.0496,0.002599999999999998,0.0625,0.002699999999999994,0.052199999999999996,0.051699999999999975,0.05179999999999999,0.05129999999999999,0.05120000000000001,0.05080000000000002,0.0337,0.032899999999999936,0.022299999999999986,0.022299999999999997,0.03600000000000001,0.035899999999999994
1983-05-31,-0.0174,0.0036999999999999984,-0.038900000000000004,0.003499999999999996,-0.0079,0.0036999999999999984,-0.0064,0.0036999999999999993,0.0036,0.0038,0.0327,0.0039000000000000007,-0.0143,0.0019000000000000024,-0.019299999999999998,0.0019000000000000024,0.0058,0.0014999999999999996,0.0014000000000000002,0.0015000000000000002,0.0019,0.0025,0.0,0.0025,0.05139999999999999,0.050699999999999974,0.050899999999999994,0.05039999999999999,0.05030000000000001,0.05000000000000002,0.0323,0.03159999999999994,0.021699999999999987,0.0217,0.03530000000000001,0.03519999999999999
1983-06-30,0.039,0.003799999999999998,0.0291,0.0038000000000000013,0.045700000000000005,0.0040000000000000036,0.0168,0.003799999999999998,0.053099999999999994,0.0040999999999999925,0.0031,0.0039,-0.034,0.001799999999999996,-0.0489,0.001800000000000003,0.0253,0.0015000000000000013,0.018500000000000003,0.0015000000000000013,0.0316,0.002600000000000005,0.016399999999999998,0.002599999999999998,0.05079999999999999,0.05029999999999998,0.050600000000000006,0.0501,0.0501,0.04970000000000001,0.031,0.030499999999999947,0.021199999999999993,0.0212,0.03480000000000001,0.034799999999999984
1983-07-31,0.031400000000000004,0.0038000000000000048,-0.0025,0.0036999999999999997,0.0053,0.0038,-0.0163,0.0036000000000000025,-0.0246,0.003700000000000002,-0.032,0.003699999999999995,0.0971,0.0021000000000000046,0.08259999999999999,0.0020999999999999908,0.026699999999999998,0.0014999999999999979,0.0196,0.0014999999999999979,0.0181,0.0023999999999999994,0.005,0.0025,0.049999999999999996,0.04939999999999998,0.049800000000000004,0.0491,0.0492,0.0488,0.029800000000000007,0.029299999999999937,0.020599999999999993,0.020699999999999996,0.03400000000000001,0.03409999999999999
1983-08-31,-0.0131,0.003599999999999999,-0.038,0.003500000000000003,-0.0016,0.0038000000000000004,-0.023399999999999997,0.003700000000000002,0.0118,0.003899999999999999,-0.0063,0.0037999999999999996,0.0471,0.0019000000000000059,0.0212,0.0020000000000000018,0.0073,0.0015000000000000005,-0.0111,0.0014000000000000002,0.0042,0.0024999999999999996,-0.013999999999999999,0.0023999999999999994,0.048999999999999995,0.04839999999999998,0.049,0.048299999999999996,0.04859999999999999,0.0482,0.028600000000000014,0.02829999999999994,0.020099999999999993,0.020099999999999996,0.03320000000000001,0.03329999999999999
1983-09-30,0.0127,0.0036999999999999984,0.035699999999999996,0.003699999999999995,0.0040999999999999995,0.0037999999999999996,0.0171,0.0037999999999999996,-0.005699999999999999,0.0039,-0.0043,0.0038000000000000013,-0.020099999999999996,0.0019000000000000059,-0.0031,0.0019000000000000002,0.0155,0.0014000000000000002,0.0529,0.0015000000000000083,0.0103,0.0024999999999999996,0.0339,0.0024999999999999953,0.04809999999999999,0.047599999999999976,0.04820000000000001,0.0476,0.04799999999999999,0.047599999999999996,0.02740000000000003,0.02709999999999994,0.019499999999999997,0.019600000000000003,0.03250000000000001,0.032699999999999986
1983-10-31,0.0213,0.003599999999999999,0.0233,0.003700000000000002,0.0033,0.0038,0.0043,0.0037,-0.0181,0.003799999999999998,-0.0181,0.003799999999999998,-0.0204,0.001899999999999999,-0.0203,0.0019000000000000024,-0.0087,0.0015000000000000013,0.0031,0.0013999999999999998,-0.009399999999999999,0.002400000000000001,-0.0032,0.002499999999999999,0.047,0.04669999999999998,0.04750000000000001,0.0468,0.04749999999999999,0.04699999999999999,0.02610000000000002,0.026199999999999946,0.018999999999999996,0.019100000000000006,0.03160000000000001,0.03199999999999999
1983-11-30,0.0364,0.003700000000000002,0.0129,0.0037,0.0473,0.0038000000000000048,0.0246,0.0038000000000000013,0.060700000000000004,0.0040999999999999995,0.039,0.003999999999999997,0.0688,0.0020000000000000018,0.05,0.0020000000000000018,0.0097,0.0014000000000000002,0.008100000000000001,0.001400000000000001,0.0334,0.002599999999999998,0.0226,0.0023999999999999994,0.04609999999999999,0.045699999999999984,0.046800000000000015,0.04610000000000001,0.04729999999999998,0.04689999999999999,0.025,0.025099999999999956,0.0184,0.018299999999999997,0.031000000000000003,0.031199999999999988
1983-12-31,0.031,0.0036999999999999984,0.018600000000000002,0.0036000000000000025,0.024399999999999998,0.003799999999999998,0.013600000000000001,0.003700000000000002,0.0165,0.0039000000000000007,0.0076,0.0039,-0.0202,0.001899999999999999,-0.0287,0.0019000000000000024,0.0647,0.0016000000000000042,0.0706,0.0015000000000000013,0.04,0.002599999999999998,0.0381,0.0025000000000000022,0.045099999999999994,0.04439999999999998,0.04610000000000001,0.04520000000000001,0.04689999999999998,0.046499999999999986,0.024,0.024099999999999958,0.018000000000000002,0.017700000000000007,0.0304,0.03029999999999999
1984-01-31,0.0771,0.003799999999999998,0.043899999999999995,0.003599999999999992,0.07440000000000001,0.0039000000000000146,0.039900000000000005,0.0038000000000000048,0.0712,0.004100000000000006,0.0351,0.0038999999999999972,0.1124,0.002599999999999991,0.0886,0.002600000000000005,0.0613,0.0014999999999999944,0.053,0.0014999999999999944,0.0584,0.002700000000000001,0.0401,0.0025000000000000022,0.04509999999999999,0.04429999999999997,0.04610000000000003,0.045300000000000014,0.04709999999999999,0.046699999999999985,0.024299999999999995,0.024399999999999995,0.018099999999999998,0.0177,0.030600000000000002,0.030299999999999994
1984-02-29,-0.0407,0.0034000000000000002,0.024,0.003599999999999999,-0.0288,0.003600000000000006,0.0338,0.003799999999999998,-0.0144,0.0038000000000000013,0.045700000000000005,0.0040000000000000036,-0.0313,0.0022999999999999965,0.0169,0.0023999999999999994,-0.0125,0.0013999999999999985,-0.005699999999999999,0.0013,-0.0189,0.0023,0.009399999999999999,0.0024999999999999988,0.0446,0.04409999999999997,0.04590000000000004,0.045300000000000014,0.047099999999999996,0.04689999999999998,0.024299999999999995,0.024499999999999997,0.017999999999999995,0.0175,0.0304,0.03019999999999999
1984-03-31,0.009899999999999999,0.003599999999999999,0.015600000000000001,0.0036000000000000008,0.0368,0.003799999999999998,0.0252,0.003799999999999998,0.069,0.004100000000000006,0.0366,0.0039000000000000007,0.043,0.0023999999999999994,0.0513,0.0023999999999999994,0.11380000000000001,0.0015000000000000013,0.1509,0.0014000000000000123,0.0717,0.002600000000000005,0.08439999999999999,0.0024999999999999883,0.044199999999999996,0.043799999999999985,0.04570000000000003,0.04520000000000001,0.0473,0.04689999999999999,0.024799999999999992,0.024999999999999998,0.0179,0.017400000000000013,0.030300000000000004,0.030099999999999977
1984-04-30,0.0248,0.003599999999999999,-0.0181,0.0034999999999999996,0.026099999999999998,0.003799999999999998,-0.0123,0.0036000000000000008,0.0275,0.0039000000000000007,-0.0055000000000000005,0.0038000000000000004,-0.0105,0.0023,-0.0441,0.0022000000000000006,-0.0102,0.001299999999999999,-0.0161,0.001299999999999999,0.0021,0.0023,-0.016200000000000003,0.0023,0.04399999999999999,0.04349999999999999,0.04560000000000002,0.044800000000000006,0.04710000000000001,0.0464,0.025,0.025100000000000008,0.017599999999999998,0.017200000000000017,0.030000000000000006,0.029699999999999983
1984-05-31,-0.0345,0.003499999999999996,-0.04190000000000001,0.0033999999999999933,-0.0653,0.003500000000000003,-0.0728,0.0034000000000000002,-0.10099999999999999,0.0034000000000000002,-0.1085,0.0032999999999999974,-0.0859,0.0021000000000000046,-0.09390000000000001,0.0021999999999999797,-0.10550000000000001,0.0010999999999999899,-0.12560000000000002,0.0010999999999999899,-0.0849,0.0020999999999999908,-0.0992,0.0021000000000000046,0.04379999999999999,0.04339999999999999,0.045400000000000024,0.044500000000000005,0.046700000000000005,0.045799999999999993,0.025200000000000004,0.025399999999999985,0.017199999999999986,0.016800000000000006,0.029599999999999998,0.029299999999999986
1984-06-30,0.009899999999999999,0.003599999999999999,-0.0111,0.0034999999999999996,0.016200000000000003,0.003700000000000002,-0.006,0.003599999999999999,0.0239,0.0038000000000000048,0.0004,0.0038000000000000004,0.0053,0.0023,-0.0105,0.0023,0.0187,0.001400000000000002,-0.0070999999999999995,0.0012000000000000005,0.0154,0.0023,-0.008100000000000001,0.0023999999999999994,0.04359999999999999,0.043099999999999986,0.04510000000000002,0.044300000000000006,0.04640000000000002,0.04569999999999999,0.025700000000000008,0.025899999999999982,0.01709999999999999,0.016500000000000004,0.029299999999999993,0.029099999999999987
1984-07-31,-0.0385,0.003400000000000007,-0.0774,0.0032000000000000084,-0.0321,0.003500000000000003,-0.069,0.0034000000000000002,-0.024300000000000002,0.003599999999999999,-0.0587,0.003499999999999996,0.0241,0.0023999999999999994,-0.0044,0.0023,-0.0345,0.0012999999999999956,-0.0644,0.0013000000000000095,-0.0323,0.0022000000000000006,-0.062,0.0021000000000000046,0.043199999999999995,0.04259999999999999,0.04480000000000003,0.04410000000000001,0.046300000000000015,0.04549999999999999,0.026000000000000002,0.02609999999999999,0.016899999999999984,0.016300000000000016,0.029099999999999994,0.028699999999999993
1984-08-31,0.08,0.003799999999999998,0.0863,0.0039000000000000007,0.08789999999999999,0.003899999999999987,0.0933,0.0040000000000000036,0.0975,0.004100000000000006,0.1018,0.004100000000000006,0.0134,0.0023,0.0222,0.0023,0.073,0.0013999999999999985,0.0907,0.0015000000000000013,0.0824,0.002599999999999991,0.09480000000000001,0.002600000000000005,0.043399999999999994,0.04299999999999999,0.044900000000000016,0.04440000000000001,0.04650000000000003,0.0458,0.026399999999999996,0.02639999999999999,0.016799999999999985,0.01640000000000002,0.029199999999999983,0.0289
1984-09-30,0.0431,0.003700000000000002,-0.0024,0.0035,0.0368,0.003799999999999998,-0.0102,0.003599999999999999,0.029300000000000003,0.003900000000000004,-0.0196,0.003599999999999999,-0.031200000000000002,0.002199999999999997,-0.065,0.0020999999999999908,0.013000000000000001,0.0013000000000000025,-0.0032,0.0013000000000000004,0.0204,0.0023,-0.0077,0.0023,0.0434,0.0428,0.04490000000000001,0.04420000000000001,0.04650000000000003,0.045599999999999995,0.026699999999999988,0.02659999999999998,0.016699999999999986,0.01620000000000001,0.028999999999999984,0.028700000000000003
1984-10-31,0.0078000000000000005,0.0035000000000000005,0.0060999999999999995,0.0035999999999999995,0.0108,0.003700000000000001,-0.0011,0.003599999999999999,0.014499999999999999,0.003799999999999998,-0.0102,0.0036999999999999984,-0.009899999999999999,0.0023,-0.0172,0.0023,0.0359,0.0013000000000000025,0.0382,0.0012999999999999956,0.0206,0.0023,0.0175,0.0023000000000000017,0.043300000000000005,0.042699999999999995,0.04480000000000001,0.04410000000000001,0.04650000000000003,0.0455,0.02709999999999999,0.02699999999999998,0.016499999999999987,0.016100000000000007,0.028899999999999985,0.028500000000000004
1984-11-30,0.005,0.0036,-0.0141,0.0035000000000000014,0.0163,0.0036999999999999984,-0.0014000000000000002,0.0037,0.031,0.003799999999999998,0.0149,0.0036999999999999984,-0.049100000000000005,0.0022999999999999896,-0.06509999999999999,0.0022000000000000075,0.015700000000000002,0.0013000000000000025,0.0128,0.0013000000000000008,0.013600000000000001,0.0023999999999999994,0.0046,0.0023,0.043199999999999995,0.042499999999999996,0.044700000000000004,0.044000000000000004,0.046200000000000026,0.0452,0.027399999999999976,0.027199999999999985,0.01639999999999999,0.016000000000000004,0.028699999999999986,0.02840000000000001
1984-12-31,0.0209,0.003599999999999999,0.0063,0.0036,0.031,0.0036999999999999984,0.0062,0.0036,0.0436,0.0039000000000000007,0.0062,0.0036999999999999997,0.001,0.0024000000000000002,-0.0189,0.0023,0.052199999999999996,0.0012999999999999956,0.0321,0.0012999999999999956,0.0404,0.0023999999999999994,0.0204,0.0023,0.0431,0.042499999999999996,0.04460000000000001,0.0439,0.046200000000000026,0.045,0.027899999999999977,0.027599999999999982,0.016099999999999982,0.015799999999999998,0.028499999999999987,0.028200000000000003
1985-01-31,0.0687,0.0031000000000000055,0.0554,0.0030999999999999917,0.059000000000000004,0.003500000000000003,0.0398,0.0034000000000000002,0.0475,0.003799999999999998,0.0216,0.0038000000000000013,0.1045,0.0023999999999999855,0.0975,0.0023000000000000104,0.022400000000000003,0.0012000000000000031,0.0087,0.0011999999999999997,0.0421,0.0021999999999999936,0.0273,0.002100000000000001,0.04240000000000001,0.041999999999999996,0.044199999999999996,0.0435,0.04590000000000002,0.0449,0.02769999999999997,0.027299999999999987,0.01579999999999999,0.015500000000000003,0.02799999999999998,0.027800000000000005
1985-02-28,0.024700000000000003,0.003100000000000002,-0.0265,0.0029,0.008,0.003300000000000001,-0.0347,0.0032000000000000015,-0.0123,0.0037,-0.0446,0.003599999999999999,-0.0278,0.0021000000000000046,-0.0639,0.0020000000000000018,0.0526,0.0012000000000000066,0.026000000000000002,0.0012000000000000031,0.029500000000000002,0.0020000000000000018,-0.0044,0.002,0.042100000000000005,0.041299999999999996,0.04389999999999999,0.0429,0.045800000000000014,0.0445,0.02749999999999998,0.02689999999999999,0.0156,0.015400000000000007,0.02769999999999998,0.027300000000000005
1985-03-31,0.0103,0.003,0.0859,0.0033000000000000113,0.0121,0.003299999999999999,0.1168,0.003699999999999995,0.0143,0.0037,0.15539999999999998,0.0041999999999999815,-0.0229,0.002100000000000001,0.0345,0.0022000000000000006,0.026000000000000002,0.0011000000000000003,0.0507,0.0011000000000000038,0.0197,0.002199999999999997,0.0723,0.0022000000000000075,0.04150000000000001,0.04100000000000001,0.043399999999999994,0.0428,0.04540000000000001,0.04479999999999998,0.02719999999999998,0.02669999999999999,0.015199999999999998,0.015099999999999999,0.027299999999999974,0.027000000000000024
1985-04-30,0.0315,0.002999999999999999,0.0301,0.002999999999999999,0.024,0.003300000000000001,0.0239,0.0034000000000000037,0.0152,0.0037,0.016399999999999998,0.0036999999999999984,0.0349,0.0022000000000000006,0.0275,0.0022000000000000006,-0.027200000000000002,0.0011000000000000003,-0.031200000000000002,0.0011000000000000003,-0.004,0.0021999999999999997,-0.0063,0.0020999999999999994,0.040900000000000006,0.0405,0.042899999999999994,0.0426,0.04520000000000001,0.044699999999999976,0.027099999999999982,0.02669999999999999,0.015,0.0149,0.027199999999999974,0.026800000000000025
1985-05-31,0.0596,0.0029999999999999957,0.061799999999999994,0.0030999999999999917,0.049699999999999994,0.0033999999999999933,0.0623,0.003400000000000007,0.0379,0.0038000000000000048,0.063,0.0039000000000000007,-0.0417,0.0020000000000000018,-0.037000000000000005,0.001999999999999995,0.0364,0.0011999999999999997,0.0383,0.0011999999999999997,0.039900000000000005,0.0021000000000000046,0.0455,0.0022000000000000006,0.040400000000000005,0.0402,0.042799999999999984,0.042600000000000006,0.045600000000000016,0.04529999999999998,0.02699999999999998,0.026500000000000006,0.01510000000000001,0.01500000000000001,0.027199999999999988,0.02690000000000002
1985-06-30,0.03,0.0029,0.0412,0.0029,-0.009000000000000001,0.0030999999999999986,0.0044,0.0032000000000000006,-0.055099999999999996,0.0034000000000000002,-0.0391,0.003599999999999992,-0.031,0.0020000000000000018,-0.0189,0.0019999999999999983,0.0265,0.0011999999999999997,0.0375,0.0010999999999999968,0.0079,0.002000000000000001,0.0199,0.002100000000000001,0.039700000000000006,0.0396,0.04219999999999998,0.04220000000000001,0.04520000000000001,0.04509999999999997,0.02669999999999998,0.026200000000000005,0.014900000000000007,0.014900000000000005,0.02689999999999999,0.02660000000000002
1985-07-31,-0.0121,0.002700000000000001,0.0812,0.002999999999999989,0.0034000000000000002,0.0032,0.10189999999999999,0.0034999999999999892,0.023,0.003700000000000002,0.1282,0.004100000000000006,0.0508,0.0021999999999999936,0.12380000000000001,0.0023999999999999994,-0.0268,0.0011999999999999962,0.0233,0.0012000000000000031,-0.009899999999999999,0.002100000000000001,0.0558,0.0022000000000000006,0.039,0.039399999999999984,0.04189999999999998,0.0423,0.045300000000000014,0.045699999999999984,0.026499999999999975,0.026300000000000004,0.014800000000000008,0.014799999999999999,0.02679999999999999,0.026700000000000015
1985-08-31,0.059800000000000006,0.0029,0.060599999999999994,0.0029999999999999957,0.0643,0.0034000000000000002,0.0552,0.0032999999999999974,0.0697,0.0039000000000000007,0.0487,0.003799999999999998,-0.0064,0.0021999999999999997,-0.0115,0.002100000000000001,0.0197,0.0011999999999999962,0.0139,0.0010999999999999985,0.0369,0.0022000000000000006,0.0296,0.002100000000000001,0.0381,0.03849999999999998,0.04139999999999999,0.04159999999999999,0.04510000000000001,0.045399999999999975,0.026399999999999976,0.026100000000000005,0.014600000000000005,0.014399999999999996,0.0264,0.026200000000000015
1985-09-30,0.0127,0.0028000000000000004,0.0529,0.0029,-0.0092,0.0031000000000000003,0.0129,0.0031999999999999997,-0.0359,0.003499999999999996,-0.0359,0.003499999999999996,0.0323,0.002200000000000004,0.061399999999999996,0.0021999999999999936,0.0097,0.0011999999999999997,0.09390000000000001,0.0013000000000000095,-0.003,0.002,0.0479,0.0020999999999999977,0.037200000000000004,0.037899999999999975,0.04069999999999999,0.041199999999999994,0.044700000000000004,0.04529999999999997,0.026399999999999983,0.026200000000000008,0.014500000000000002,0.014400000000000007,0.026099999999999998,0.02600000000000001
1985-10-31,0.0902,0.0030000000000000027,0.1121,0.0030000000000000027,0.08289999999999999,0.0032999999999999835,0.1094,0.0034000000000000002,0.0732,0.0039000000000000007,0.1057,0.0040000000000000036,0.0758,0.0023000000000000104,0.1005,0.0022999999999999965,0.0052,0.0011000000000000003,0.0271,0.0011999999999999997,0.038,0.0023000000000000034,0.0604,0.0022000000000000006,0.0367,0.03729999999999998,0.040299999999999975,0.040999999999999995,0.044800000000000006,0.045599999999999974,0.026399999999999993,0.026200000000000005,0.0143,0.01430000000000001,0.0261,0.025900000000000006
1985-11-30,0.0392,0.002799999999999997,0.07980000000000001,0.0030000000000000165,0.042699999999999995,0.0031999999999999945,0.0785,0.0033000000000000113,0.047400000000000005,0.0038000000000000048,0.07690000000000001,0.0039000000000000146,0.1001,0.0022999999999999965,0.1348,0.0024000000000000132,-0.028300000000000002,0.0010999999999999968,0.010700000000000001,0.001100000000000002,0.01,0.0020999999999999994,0.0443,0.0021000000000000046,0.0359,0.03679999999999999,0.039799999999999974,0.040600000000000004,0.04480000000000001,0.045799999999999993,0.0264,0.02640000000000001,0.014099999999999994,0.014100000000000012,0.025800000000000003,0.025700000000000014
1985-12-31,0.0808,0.002799999999999997,0.0971,0.0029,0.0401,0.0031999999999999945,0.038599999999999995,0.0031999999999999945,-0.0151,0.0036000000000000008,-0.0408,0.0033999999999999933,0.0535,0.0022999999999999965,0.0555,0.0022000000000000006,0.0446,0.0011000000000000038,0.051,0.0010999999999999968,0.0408,0.0021000000000000046,0.042699999999999995,0.0020999999999999977,0.0351,0.03609999999999999,0.03929999999999997,0.0402,0.04450000000000001,0.045499999999999985,0.026299999999999997,0.02630000000000001,0.013900000000000003,0.013900000000000013,0.02550000000000001,0.02550000000000001
1986-01-31,0.0044,0.0024000000000000002,0.0335,0.002600000000000005,0.011699999999999999,0.0027999999999999987,0.020499999999999997,0.0028999999999999963,0.0233,0.0034000000000000002,0.0001,0.0033,0.0024,0.0019999999999999996,0.017,0.002100000000000001,-0.0101,0.0008000000000000004,0.032400000000000005,0.000900000000000005,-0.0014000000000000002,0.0018,0.0223,0.001800000000000003,0.03439999999999999,0.03560000000000001,0.03859999999999996,0.0397,0.044100000000000014,0.044999999999999984,0.02590000000000001,0.0261,0.0135,0.013600000000000018,0.025100000000000015,0.025200000000000014
1986-02-28,0.0388,0.0025000000000000022,0.11869999999999999,0.002799999999999983,0.0562,0.0029,0.122,0.0030999999999999917,0.08449999999999999,0.0034999999999999892,0.1275,0.003699999999999995,0.040999999999999995,0.0020999999999999908,0.09570000000000001,0.0022000000000000075,0.0368,0.0007999999999999952,0.0974,0.000899999999999998,0.0436,0.001899999999999999,0.10300000000000001,0.0020000000000000157,0.0338,0.03549999999999999,0.03819999999999996,0.03959999999999998,0.0439,0.04509999999999998,0.025899999999999996,0.026300000000000007,0.013099999999999988,0.013300000000000013,0.025000000000000012,0.025200000000000028
1986-03-31,0.1359,0.00269999999999998,0.0885,0.002599999999999991,0.11630000000000001,0.0030000000000000165,0.0917,0.0029,0.08410000000000001,0.003600000000000006,0.09699999999999999,0.003599999999999992,0.1057,0.0022000000000000075,0.0767,0.0021000000000000046,0.17679999999999998,0.0008999999999999841,0.17800000000000002,0.0009000000000000119,0.1436,0.0019000000000000128,0.134,0.0020000000000000018,0.033499999999999974,0.03479999999999997,0.037899999999999975,0.03879999999999999,0.043800000000000006,0.04449999999999999,0.026000000000000002,0.02620000000000001,0.012899999999999972,0.013100000000000021,0.024700000000000027,0.025000000000000022
1986-04-30,0.048600000000000004,0.0025000000000000022,0.10490000000000001,0.002600000000000005,0.0321,0.0027999999999999935,0.0824,0.0029,0.0051,0.0033000000000000004,0.0455,0.003499999999999996,0.0466,0.0020999999999999977,0.0911,0.0020999999999999908,-0.0161,0.0007999999999999986,0.045599999999999995,0.0007999999999999882,0.0055000000000000005,0.0016000000000000003,0.06,0.001799999999999996,0.032999999999999974,0.03439999999999998,0.037399999999999975,0.03829999999999999,0.0434,0.044299999999999985,0.0259,0.0261,0.01259999999999997,0.01280000000000001,0.024100000000000028,0.02470000000000002
1986-05-31,-0.0329,0.0023000000000000034,-0.08449999999999999,0.0021000000000000046,-0.0317,0.002700000000000001,-0.0791,0.0025000000000000022,-0.0298,0.0032000000000000015,-0.07,0.0030999999999999917,0.054900000000000004,0.0021000000000000046,-0.0017000000000000001,0.002,0.0364,0.0008000000000000021,0.015300000000000001,0.0008000000000000021,0.0066,0.0015999999999999999,-0.0256,0.0014999999999999979,0.03229999999999998,0.03339999999999999,0.03669999999999998,0.03739999999999999,0.0428,0.043499999999999976,0.026000000000000002,0.02610000000000001,0.012199999999999973,0.012400000000000012,0.023600000000000024,0.02400000000000002
1986-06-30,-0.0362,0.0023999999999999924,0.0151,0.002400000000000001,-0.0095,0.0028000000000000004,0.0356,0.002800000000000004,0.0352,0.0034000000000000002,0.0701,0.003599999999999992,0.0236,0.0019999999999999983,0.057800000000000004,0.0020000000000000018,0.0305,0.0006999999999999992,0.0668,0.0007999999999999952,0.011899999999999999,0.001599999999999999,0.049800000000000004,0.001700000000000007,0.03179999999999998,0.03289999999999999,0.03639999999999998,0.03699999999999999,0.0428,0.043499999999999976,0.026,0.026100000000000012,0.011699999999999973,0.01210000000000001,0.02320000000000002,0.023600000000000024
1986-07-31,-0.0062,0.002300000000000001,0.0415,0.0025000000000000022,-0.023799999999999998,0.002700000000000001,-0.0044,0.0026999999999999993,-0.052000000000000005,0.0030999999999999917,-0.0774,0.0031000000000000055,-0.0011,0.0019,0.0187,0.0020000000000000018,0.061399999999999996,0.0008000000000000021,0.1246,0.0006999999999999923,0.0212,0.0016000000000000007,0.0636,0.0016000000000000042,0.03139999999999998,0.032400000000000005,0.03589999999999998,0.036199999999999996,0.04219999999999999,0.042499999999999975,0.025700000000000004,0.025700000000000014,0.011299999999999978,0.0116,0.02270000000000002,0.023000000000000027
1986-08-31,0.1128,0.002600000000000005,0.13140000000000002,0.002600000000000019,0.0956,0.0029000000000000137,0.1048,0.0029000000000000137,0.0644,0.003500000000000003,0.056600000000000004,0.003600000000000006,0.026000000000000002,0.0020000000000000018,0.0351,0.0020000000000000018,0.0902,0.0007000000000000062,0.07919999999999999,0.0007999999999999952,0.0897,0.0016999999999999932,0.0867,0.0016999999999999932,0.031099999999999982,0.03200000000000003,0.035399999999999994,0.03580000000000001,0.04179999999999999,0.04229999999999998,0.02550000000000001,0.025600000000000015,0.010799999999999988,0.011299999999999996,0.02220000000000001,0.022600000000000023
1986-09-30,-0.0588,0.0023000000000000034,-0.045700000000000005,0.0022999999999999965,-0.0582,0.002599999999999998,-0.055999999999999994,0.0025000000000000022,-0.057,0.0031999999999999945,-0.0761,0.0030999999999999917,-0.0089,0.0019000000000000006,-0.0079,0.001899999999999999,0.0235,0.0007000000000000027,0.04,0.0008000000000000021,-0.0092,0.0015000000000000013,0.001,0.0015999999999999999,0.030599999999999985,0.031400000000000025,0.034899999999999994,0.03510000000000001,0.04149999999999999,0.04189999999999998,0.025200000000000004,0.02530000000000002,0.010299999999999991,0.010799999999999988,0.021700000000000014,0.022100000000000022
1986-10-31,0.0232,0.0023999999999999994,0.0003,0.0023,0.032799999999999996,0.002799999999999997,0.0058,0.0026999999999999997,0.0521,0.003499999999999996,0.0167,0.0033999999999999985,0.059000000000000004,0.0020999999999999977,0.0382,0.001999999999999995,-0.0653,0.0007000000000000062,-0.10640000000000001,0.0005999999999999894,-0.0248,0.0015000000000000013,-0.058899999999999994,0.0016000000000000042,0.02999999999999998,0.030700000000000022,0.03440000000000001,0.034400000000000014,0.041099999999999984,0.041299999999999976,0.02499999999999999,0.02500000000000002,0.009899999999999997,0.010199999999999978,0.020900000000000012,0.021500000000000026
1986-11-30,0.0215,0.0023999999999999994,0.0616,0.0025000000000000022,0.0191,0.002700000000000001,0.0546,0.0029000000000000067,0.0144,0.0033999999999999985,0.0406,0.003499999999999996,-0.0297,0.0019000000000000024,-0.011000000000000001,0.001899999999999999,0.0483,0.0007000000000000062,0.0434,0.0007000000000000062,0.034,0.0017000000000000001,0.0453,0.0015999999999999973,0.029599999999999984,0.030200000000000008,0.03390000000000001,0.03400000000000001,0.04069999999999998,0.04089999999999996,0.024599999999999997,0.024500000000000004,0.009500000000000007,0.009799999999999982,0.02050000000000001,0.02100000000000002
1986-12-31,0.0015,0.0024000000000000002,0.0151,0.002400000000000001,0.0102,0.002700000000000001,0.028399999999999998,0.002799999999999997,0.027999999999999997,0.0033999999999999968,0.0553,0.003500000000000003,-0.0126,0.001899999999999999,-0.0025,0.0019000000000000002,0.0611,0.0008000000000000021,0.0824,0.0007000000000000062,0.0385,0.0015999999999999973,0.0576,0.0016000000000000042,0.02919999999999999,0.02970000000000001,0.03340000000000002,0.03360000000000001,0.04049999999999998,0.04099999999999997,0.0242,0.024200000000000003,0.009200000000000005,0.009399999999999992,0.020000000000000004,0.020500000000000025
1987-01-31,-0.0287,0.003199999999999998,0.035699999999999996,0.003499999999999996,0.0111,0.0035000000000000005,0.06709999999999999,0.003599999999999992,0.0886,0.003899999999999987,0.1286,0.0040999999999999925,-0.0965,0.0020999999999999908,-0.0437,0.0021999999999999936,0.1229,0.0007999999999999813,0.168,0.0009000000000000119,0.07629999999999999,0.0020000000000000018,0.1252,0.0020000000000000018,0.029999999999999985,0.030600000000000002,0.034100000000000026,0.03430000000000001,0.04099999999999997,0.04179999999999996,0.024299999999999992,0.024299999999999995,0.009199999999999986,0.009399999999999999,0.020200000000000006,0.020700000000000024
1987-02-28,-0.018799999999999997,0.003300000000000001,-0.027999999999999997,0.003200000000000005,0.0222,0.0034999999999999996,0.02,0.0034999999999999996,0.0951,0.0039000000000000146,0.10529999999999999,0.00399999999999999,0.1292,0.002600000000000019,0.1258,0.002599999999999991,0.0155,0.0006999999999999992,0.0129,0.000700000000000001,0.0206,0.001899999999999999,0.0184,0.001899999999999999,0.030799999999999987,0.031000000000000024,0.03470000000000002,0.034700000000000016,0.04139999999999999,0.04209999999999996,0.02480000000000002,0.02469999999999998,0.00909999999999999,0.009200000000000002,0.020200000000000006,0.020600000000000007
1987-03-31,0.0365,0.003499999999999996,0.050499999999999996,0.003499999999999996,0.028900000000000002,0.003500000000000003,0.053399999999999996,0.003599999999999992,0.0171,0.003599999999999999,0.057999999999999996,0.0038999999999999937,0.039599999999999996,0.0023999999999999924,0.063,0.0025000000000000022,0.0557,0.0006999999999999992,0.106,0.0007999999999999952,0.046799999999999994,0.001799999999999996,0.0863,0.0019000000000000128,0.0316,0.031900000000000026,0.03520000000000001,0.03540000000000001,0.041399999999999985,0.04239999999999996,0.025000000000000005,0.025099999999999976,0.008900000000000005,0.009099999999999985,0.02009999999999999,0.020500000000000018
1987-04-30,0.015300000000000001,0.003400000000000002,0.0265,0.0034000000000000002,0.0196,0.003599999999999999,0.0417,0.003599999999999999,0.0263,0.003700000000000002,0.06559999999999999,0.003799999999999998,0.0765,0.0024999999999999883,0.0911,0.0025000000000000022,0.1116,0.000800000000000009,0.1582,0.0007999999999999952,0.0739,0.001899999999999985,0.1084,0.001799999999999996,0.0325,0.03270000000000002,0.03600000000000002,0.03610000000000001,0.04179999999999999,0.04269999999999996,0.025399999999999995,0.025499999999999988,0.008900000000000016,0.009099999999999992,0.020399999999999974,0.020500000000000018
1987-05-31,-0.025699999999999997,0.003300000000000001,-0.045700000000000005,0.0031999999999999945,0.0143,0.003599999999999999,-0.008199999999999999,0.0034999999999999996,0.0741,0.0039000000000000007,0.0479,0.003799999999999998,-0.036000000000000004,0.0020999999999999977,-0.0506,0.0020999999999999977,0.021400000000000002,0.0007000000000000027,-0.0078000000000000005,0.0007000000000000001,0.0175,0.0016000000000000007,-0.008100000000000001,0.0017999999999999978,0.0335,0.03380000000000001,0.036900000000000016,0.03710000000000001,0.04249999999999999,0.043399999999999966,0.02539999999999999,0.025599999999999984,0.008800000000000016,0.00899999999999999,0.020399999999999977,0.020800000000000016
1987-06-30,0.028999999999999998,0.0034999999999999996,0.0235,0.0034000000000000037,0.0371,0.003599999999999999,0.0296,0.003599999999999999,0.048,0.0038000000000000048,0.0379,0.0038000000000000048,0.027200000000000002,0.002400000000000003,0.0236,0.0023,-0.052000000000000005,0.0006999999999999923,-0.0695,0.0006999999999999923,-0.0187,0.001799999999999996,-0.0319,0.0017000000000000001,0.034600000000000006,0.03480000000000002,0.03770000000000001,0.0379,0.042899999999999994,0.04359999999999998,0.025799999999999993,0.025899999999999982,0.00880000000000001,0.008899999999999988,0.020599999999999972,0.020800000000000013
1987-07-31,0.059699999999999996,0.003599999999999992,0.0475,0.003600000000000006,0.0519,0.003700000000000002,0.039900000000000005,0.003600000000000006,0.0415,0.0038000000000000048,0.029900000000000003,0.0038000000000000048,0.08990000000000001,0.0024000000000000132,0.0776,0.0024000000000000132,-0.004,0.0006999999999999992,-0.019299999999999998,0.0007000000000000027,0.0203,0.001799999999999996,0.0069,0.0017999999999999995,0.035899999999999994,0.03590000000000002,0.03870000000000001,0.03880000000000001,0.04360000000000001,0.04429999999999998,0.026300000000000007,0.026299999999999994,0.008700000000000006,0.008899999999999998,0.020799999999999968,0.021000000000000008
1987-08-31,0.0025,0.0033,0.025,0.0034000000000000002,-0.0165,0.0034000000000000002,0.005,0.0035,-0.0425,0.003499999999999996,-0.0223,0.0034999999999999996,0.0421,0.0022999999999999965,0.0571,0.0023999999999999994,0.0659,0.000800000000000009,0.114,0.000899999999999998,0.0325,0.001800000000000003,0.06860000000000001,0.0019000000000000128,0.03659999999999999,0.0367,0.0392,0.03939999999999999,0.0436,0.04419999999999997,0.0266,0.02669999999999999,0.00880000000000001,0.009000000000000001,0.020899999999999978,0.021200000000000024
1987-09-30,-0.009300000000000001,0.003299999999999999,-0.0208,0.0032000000000000015,0.0178,0.0034999999999999996,0.0118,0.0034999999999999996,0.0564,0.003799999999999998,0.0581,0.0038000000000000048,0.046900000000000004,0.0023999999999999994,0.0374,0.0023999999999999994,-0.004,0.0007999999999999995,-0.0279,0.0006999999999999992,0.0034999999999999996,0.0017999999999999995,-0.0129,0.0017000000000000001,0.03759999999999999,0.03760000000000001,0.040100000000000004,0.04039999999999999,0.0442,0.04489999999999998,0.0271,0.02719999999999999,0.008900000000000005,0.008899999999999998,0.021199999999999976,0.021300000000000027
1987-10-31,-0.21719999999999998,0.002600000000000019,-0.1778,0.002799999999999969,-0.2366,0.00269999999999998,-0.1979,0.002799999999999997,-0.2622,0.002599999999999991,-0.2243,0.002799999999999997,-0.2167,0.001700000000000007,-0.19219999999999998,0.001799999999999996,-0.15810000000000002,0.0005999999999999617,-0.11560000000000001,0.0005999999999999894,-0.1884,0.0014999999999999736,-0.1495,0.0014000000000000123,0.03780000000000001,0.038099999999999974,0.03999999999999999,0.04049999999999999,0.0433,0.04429999999999998,0.02670000000000001,0.026999999999999993,0.00879999999999996,0.008899999999999998,0.021199999999999948,0.021100000000000035
1987-11-30,-0.08439999999999999,0.0032000000000000084,-0.027200000000000002,0.0032999999999999974,-0.08789999999999999,0.0032000000000000084,-0.0282,0.0034000000000000037,-0.09269999999999999,0.0034000000000000002,-0.0296,0.003499999999999996,-0.15960000000000002,0.001799999999999996,-0.124,0.0019000000000000128,-0.0059,0.0007000000000000001,0.0382,0.0006999999999999992,-0.0362,0.0017000000000000001,0.011399999999999999,0.001599999999999999,0.038600000000000016,0.03889999999999997,0.040499999999999994,0.04099999999999998,0.0433,0.04429999999999998,0.026600000000000002,0.027000000000000007,0.008799999999999955,0.008899999999999991,0.021199999999999948,0.021100000000000035
1987-12-31,-0.018600000000000002,0.0032999999999999974,0.028900000000000002,0.003500000000000003,0.0288,0.003599999999999999,0.0667,0.003699999999999995,0.09480000000000001,0.0039000000000000146,0.11939999999999999,0.0040000000000000036,0.022099999999999998,0.002199999999999997,0.056299999999999996,0.0022999999999999896,-0.0659,0.0006000000000000033,0.018500000000000003,0.0007000000000000027,-0.030299999999999997,0.0017000000000000036,0.0361,0.0017000000000000001,0.039500000000000014,0.03999999999999997,0.04139999999999999,0.04189999999999998,0.04380000000000001,0.04479999999999998,0.0269,0.027399999999999997,0.008599999999999957,0.008899999999999988,0.021299999999999954,0.02120000000000003
1988-01-31,-0.026699999999999998,0.002800000000000004,-0.09359999999999999,0.002600000000000005,0.0084,0.0033999999999999994,-0.0553,0.0031999999999999945,0.0533,0.004199999999999995,-0.0063,0.0039000000000000007,0.0916,0.001899999999999999,0.0489,0.001799999999999996,0.1007,0.0006000000000000033,0.044000000000000004,0.0006000000000000033,0.0672,0.0014999999999999875,0.0111,0.0016000000000000007,0.039100000000000024,0.03909999999999998,0.04129999999999998,0.04149999999999998,0.044100000000000014,0.04459999999999999,0.02670000000000001,0.027,0.008399999999999979,0.00859999999999998,0.02079999999999994,0.02080000000000003
1988-02-29,0.12619999999999998,0.0031999999999999668,0.1183,0.0032000000000000084,0.0652,0.003599999999999992,0.0625,0.003499999999999996,-0.0070999999999999995,0.004000000000000001,-0.0036,0.004,0.028999999999999998,0.0016999999999999967,0.0331,0.0016999999999999932,0.0739,0.0005999999999999894,0.07200000000000001,0.0006000000000000172,0.0696,0.0015999999999999903,0.0681,0.0015999999999999903,0.038999999999999986,0.03909999999999999,0.04139999999999998,0.04149999999999998,0.0442,0.0446,0.025799999999999986,0.0261,0.008299999999999969,0.008499999999999995,0.02049999999999993,0.02050000000000002
1988-03-31,-0.0091,0.0029,0.01,0.0028000000000000004,-0.0098,0.003300000000000001,0.028399999999999998,0.003499999999999996,-0.010700000000000001,0.003999999999999998,0.0527,0.004200000000000002,0.0558,0.001799999999999996,0.0774,0.001899999999999999,0.0401,0.0005999999999999964,0.0713,0.0006000000000000033,0.0253,0.0015000000000000013,0.057999999999999996,0.0014999999999999944,0.03839999999999999,0.03839999999999999,0.04119999999999998,0.041399999999999985,0.0446,0.04490000000000001,0.02519999999999999,0.0255,0.008199999999999966,0.008300000000000002,0.020199999999999937,0.020100000000000003
1988-04-30,0.0169,0.0029,0.0027,0.0028,0.027000000000000003,0.0034000000000000037,0.0165,0.0034000000000000002,0.0398,0.004200000000000002,0.0339,0.0040999999999999995,0.0338,0.001799999999999996,0.0361,0.001799999999999996,0.0166,0.0005000000000000004,0.011399999999999999,0.0005999999999999981,0.0196,0.0013999999999999985,0.0134,0.0015000000000000013,0.03789999999999999,0.03779999999999999,0.04099999999999998,0.04119999999999999,0.0451,0.04520000000000001,0.024499999999999997,0.024799999999999992,0.007899999999999957,0.008100000000000005,0.01969999999999995,0.01980000000000001
1988-05-31,0.0108,0.0028000000000000004,-0.0187,0.002799999999999997,0.004,0.0033,-0.0213,0.003300000000000001,-0.0044,0.003999999999999999,-0.0245,0.0038999999999999972,0.0461,0.001800000000000003,0.023700000000000002,0.001800000000000003,-0.036000000000000004,0.0004999999999999935,-0.0337,0.0005000000000000004,-0.022799999999999997,0.0015000000000000048,-0.028999999999999998,0.0015000000000000013,0.03739999999999999,0.037399999999999996,0.040699999999999986,0.04099999999999999,0.045200000000000004,0.04530000000000001,0.024200000000000003,0.024499999999999997,0.007699999999999948,0.007900000000000006,0.019599999999999954,0.01950000000000001
1988-06-30,0.0621,0.0030000000000000027,0.011899999999999999,0.0027999999999999987,0.054900000000000004,0.00350000000000001,-0.0048,0.0033000000000000017,0.045899999999999996,0.0040999999999999995,-0.025699999999999997,0.003900000000000004,0.0121,0.0017999999999999995,-0.0384,0.0016000000000000042,0.029300000000000003,0.0006000000000000033,-0.0291,0.0005000000000000004,0.0373,0.0015000000000000013,-0.018799999999999997,0.0015000000000000013,0.03689999999999999,0.036799999999999986,0.0406,0.040699999999999986,0.0455,0.04540000000000001,0.0236,0.0238,0.007599999999999959,0.007700000000000014,0.01929999999999996,0.01930000000000001
1988-07-31,0.021,0.0029,-0.012199999999999999,0.0028000000000000004,0.014199999999999999,0.003299999999999999,-0.0054,0.003299999999999999,0.0054,0.004,0.0036,0.0039,0.037599999999999995,0.001799999999999996,0.0141,0.0017999999999999995,0.0313,0.0006000000000000033,0.0392,0.0006999999999999992,0.024900000000000002,0.0016000000000000007,0.0239,0.0016000000000000007,0.036199999999999996,0.035999999999999976,0.04019999999999999,0.04039999999999998,0.04569999999999999,0.045500000000000006,0.022999999999999982,0.023199999999999988,0.007499999999999963,0.007700000000000011,0.019099999999999964,0.019100000000000013
1988-08-31,-0.0115,0.0028000000000000004,-0.016399999999999998,0.0028000000000000004,-0.0288,0.0032000000000000015,-0.037200000000000004,0.0030999999999999986,-0.051399999999999994,0.003700000000000002,-0.0642,0.003700000000000009,-0.0481,0.001700000000000007,-0.055999999999999994,0.0017000000000000001,-0.0479,0.0005999999999999964,-0.0771,0.0005999999999999894,-0.0415,0.0014999999999999944,-0.0642,0.0013999999999999985,0.0357,0.03539999999999998,0.039999999999999994,0.03999999999999998,0.045899999999999996,0.04570000000000002,0.022399999999999993,0.02249999999999999,0.007299999999999951,0.007400000000000002,0.018799999999999956,0.0186
1988-09-30,0.0592,0.0029000000000000067,0.060899999999999996,0.0029999999999999957,0.053,0.003499999999999996,0.0547,0.003499999999999996,0.0444,0.0040999999999999995,0.0462,0.004199999999999995,0.0318,0.001800000000000003,0.040999999999999995,0.001799999999999996,0.0085,0.0005999999999999998,0.027200000000000002,0.0005999999999999998,0.0216,0.0015000000000000048,0.0352,0.0016000000000000042,0.035300000000000005,0.035199999999999974,0.03999999999999999,0.03999999999999998,0.0462,0.04610000000000001,0.021799999999999996,0.021899999999999985,0.007099999999999951,0.007300000000000003,0.01849999999999996,0.018500000000000003
1988-10-31,0.0393,0.0029,0.08960000000000001,0.0030000000000000165,0.0329,0.0033999999999999968,0.08109999999999999,0.003599999999999992,0.0242,0.004,0.0694,0.004300000000000012,0.0366,0.001800000000000003,0.0751,0.001799999999999996,-0.0023,0.0005999999999999998,0.0594,0.0006000000000000033,0.009899999999999999,0.0014999999999999996,0.065,0.0016000000000000042,0.035599999999999986,0.03540000000000002,0.04070000000000001,0.040799999999999975,0.04760000000000001,0.047600000000000024,0.021899999999999992,0.021899999999999985,0.007099999999999989,0.0073000000000000165,0.01849999999999999,0.018699999999999994
1988-11-30,-0.0141,0.0027999999999999987,0.0206,0.0029,-0.021099999999999997,0.003200000000000005,0.019299999999999998,0.0032999999999999974,-0.030899999999999997,0.0039000000000000007,0.0175,0.004,0.0196,0.0017000000000000001,0.051,0.001799999999999996,0.054299999999999994,0.0005999999999999964,0.09,0.0006000000000000033,0.0286,0.0013999999999999985,0.0654,0.0015000000000000013,0.035199999999999974,0.035000000000000024,0.0407,0.04069999999999997,0.04810000000000001,0.048100000000000025,0.021799999999999996,0.02179999999999997,0.006999999999999985,0.007200000000000021,0.018199999999999987,0.0186
1988-12-31,0.0401,0.002899999999999993,0.0155,0.0028000000000000004,0.0246,0.003300000000000001,0.0005,0.0033000000000000004,0.0027,0.004,-0.0209,0.0039000000000000007,0.0649,0.00180000000000001,0.0472,0.001799999999999996,0.0311,0.0005999999999999998,0.0034999999999999996,0.0004999999999999996,0.0301,0.0014999999999999979,0.0044,0.0015000000000000005,0.03479999999999997,0.034300000000000025,0.040400000000000005,0.040299999999999975,0.04819999999999999,0.04800000000000002,0.02140000000000001,0.021299999999999975,0.006999999999999982,0.0070000000000000175,0.01799999999999998,0.0184
1989-01-31,0.0384,0.0023999999999999924,-0.015600000000000001,0.0022999999999999982,0.0827,0.0030999999999999917,0.0359,0.0029,0.1477,0.0040999999999999925,0.1115,0.0039000000000000007,0.0694,0.001899999999999999,0.026099999999999998,0.001899999999999999,0.0397,0.0005999999999999964,0.0009,0.0006000000000000001,0.053399999999999996,0.0012999999999999956,0.0138,0.001299999999999999,0.03439999999999996,0.034000000000000016,0.040100000000000004,0.03999999999999998,0.04809999999999999,0.04800000000000002,0.02140000000000001,0.021399999999999978,0.006999999999999975,0.007000000000000014,0.01779999999999999,0.018099999999999998
1989-02-28,-0.0292,0.002200000000000004,-0.0014000000000000002,0.0023,-0.0226,0.0028000000000000004,-0.0084,0.0029,-0.0141,0.0035000000000000014,-0.0176,0.003499999999999996,0.0104,0.0017999999999999995,0.0254,0.0017999999999999995,-0.0104,0.0006000000000000016,0.012,0.0006000000000000016,-0.013500000000000002,0.001299999999999999,0.0053,0.0013,0.0334,0.033100000000000004,0.03930000000000001,0.039399999999999984,0.047599999999999996,0.047500000000000014,0.021500000000000012,0.021499999999999984,0.006999999999999987,0.006999999999999998,0.017499999999999995,0.017800000000000007
1989-03-31,0.0426,0.0025000000000000022,0.0029,0.0023,0.0421,0.0029999999999999957,0.0044,0.0029000000000000002,0.0414,0.003700000000000002,0.0063,0.0036,0.0594,0.001899999999999999,0.0352,0.001899999999999999,0.0045000000000000005,0.0005000000000000004,-0.0359,0.0005999999999999964,0.0163,0.001199999999999998,-0.021400000000000002,0.001299999999999999,0.033,0.032600000000000004,0.039,0.03879999999999999,0.0473,0.04690000000000001,0.021600000000000015,0.021499999999999984,0.006899999999999991,0.0069999999999999915,0.017199999999999993,0.01760000000000001
1989-04-30,0.037200000000000004,0.0025000000000000022,0.0431,0.0025000000000000022,0.03,0.0029999999999999957,0.0341,0.002999999999999999,0.0203,0.003599999999999999,0.022099999999999998,0.0035999999999999956,0.0256,0.001800000000000003,0.035,0.001800000000000003,0.0053,0.0006000000000000007,0.0031,0.0005999999999999998,0.013000000000000001,0.0013000000000000025,0.0132,0.0013000000000000008,0.032600000000000004,0.03230000000000001,0.038599999999999995,0.03839999999999999,0.0467,0.04640000000000001,0.021600000000000022,0.02149999999999999,0.0069999999999999915,0.006999999999999993,0.017099999999999997,0.017400000000000013
1989-05-31,0.0141,0.002400000000000001,-0.0337,0.0023000000000000034,0.0116,0.0027999999999999987,-0.0447,0.002700000000000008,0.0083,0.0035000000000000005,-0.06,0.0032999999999999974,0.0223,0.001800000000000003,-0.0116,0.0017000000000000019,0.0144,0.0005999999999999998,-0.050199999999999995,0.0005000000000000074,0.014199999999999999,0.001299999999999999,-0.045700000000000005,0.0011999999999999997,0.032200000000000006,0.031800000000000016,0.03809999999999999,0.037799999999999986,0.0462,0.045800000000000014,0.021600000000000022,0.021399999999999992,0.007099999999999998,0.007,0.01689999999999999,0.01710000000000001
1989-06-30,0.0379,0.0024000000000000063,0.0528,0.0024999999999999953,0.027999999999999997,0.0029,0.030899999999999997,0.0029,0.0137,0.0034999999999999996,-0.0004,0.0036,0.0371,0.001800000000000003,0.0316,0.001800000000000003,-0.0348,0.0006000000000000033,-0.044000000000000004,0.0005000000000000004,-0.0132,0.001299999999999999,-0.0181,0.0013999999999999985,0.03160000000000001,0.031500000000000014,0.03749999999999998,0.03739999999999999,0.045599999999999995,0.045500000000000006,0.021600000000000025,0.02159999999999999,0.007099999999999998,0.007,0.01669999999999999,0.017000000000000008
1989-07-31,0.044199999999999996,0.0023999999999999994,0.09539999999999998,0.002599999999999991,0.053399999999999996,0.0029,0.11460000000000001,0.0031000000000000055,0.0674,0.003799999999999998,0.1437,0.003999999999999976,0.049800000000000004,0.001800000000000003,0.09570000000000001,0.001899999999999999,0.0785,0.0006000000000000033,0.1285,0.0006000000000000172,0.0694,0.0013999999999999985,0.12140000000000001,0.0016000000000000042,0.031100000000000006,0.0313,0.03709999999999998,0.0372,0.045399999999999996,0.04559999999999998,0.021600000000000032,0.02169999999999999,0.007099999999999998,0.006900000000000018,0.016499999999999987,0.01700000000000001
1989-08-31,0.0472,0.0023999999999999924,-0.0068000000000000005,0.0023,0.0426,0.0029,-0.0139,0.002700000000000001,0.036000000000000004,0.003599999999999999,-0.024,0.0034999999999999996,0.0049,0.0016999999999999997,-0.0397,0.0017000000000000001,-0.0129,0.0005000000000000004,-0.06480000000000001,0.0005999999999999894,0.0053,0.0013999999999999998,-0.046,0.0013000000000000025,0.030699999999999998,0.0308,0.03679999999999998,0.0368,0.04529999999999999,0.04539999999999997,0.021600000000000025,0.02169999999999999,0.007000000000000002,0.006900000000000018,0.01639999999999999,0.016900000000000016
1989-09-30,0.0028000000000000004,0.0023000000000000004,0.047400000000000005,0.0024000000000000063,-0.0102,0.0028000000000000004,0.0297,0.0029,-0.029300000000000003,0.0033999999999999968,0.0037,0.0035,-0.0417,0.0017000000000000001,-0.0072,0.0016000000000000007,0.0274,0.0005999999999999998,0.0692,0.0005999999999999894,0.012,0.001299999999999999,0.0516,0.0014000000000000054,0.03009999999999999,0.03020000000000001,0.036099999999999986,0.03620000000000001,0.044599999999999994,0.044699999999999976,0.021500000000000023,0.021499999999999995,0.007000000000000002,0.006900000000000008,0.016199999999999985,0.016700000000000017
1989-10-31,-0.0643,0.0022000000000000075,-0.05,0.0021999999999999936,-0.06559999999999999,0.002600000000000005,-0.06570000000000001,0.002599999999999991,-0.0675,0.0032999999999999974,-0.08960000000000001,0.0032999999999999835,-0.0495,0.0017000000000000001,-0.0429,0.0016000000000000042,-0.0105,0.0005999999999999998,-0.0347,0.0005999999999999964,-0.0282,0.0011999999999999997,-0.0433,0.0012000000000000066,0.0294,0.02939999999999999,0.03529999999999999,0.03520000000000001,0.04389999999999999,0.04369999999999995,0.02140000000000002,0.021300000000000003,0.007000000000000002,0.006900000000000001,0.015899999999999987,0.01630000000000002
1989-11-30,0.037200000000000004,0.0024000000000000063,0.0658,0.0025000000000000022,0.0475,0.0029,0.06269999999999999,0.0029999999999999957,0.0643,0.003700000000000002,0.0576,0.003700000000000002,0.0014000000000000002,0.0017000000000000001,0.0118,0.0017000000000000001,0.0479,0.0005999999999999964,0.0483,0.0006000000000000102,0.0449,0.0015000000000000013,0.050199999999999995,0.0013999999999999985,0.029000000000000005,0.02899999999999999,0.03499999999999999,0.0349,0.04369999999999999,0.04339999999999995,0.02140000000000002,0.021200000000000007,0.007000000000000002,0.006900000000000008,0.01599999999999999,0.016200000000000016
1989-12-31,0.0506,0.0025000000000000022,0.1012,0.0025000000000000022,0.0564,0.0029,0.0983,0.0031000000000000055,0.0659,0.003799999999999998,0.0934,0.0039000000000000007,0.0622,0.0017000000000000001,0.1003,0.00180000000000001,0.0158,0.0006000000000000016,0.0104,0.0005000000000000004,0.028900000000000002,0.0013000000000000025,0.0391,0.0015000000000000083,0.028600000000000014,0.028699999999999996,0.034599999999999985,0.03470000000000001,0.04349999999999999,0.04339999999999995,0.02130000000000001,0.02120000000000002,0.007000000000000004,0.0069000000000000086,0.015799999999999995,0.016200000000000023
1990-01-31,-0.019299999999999998,0.003300000000000001,-0.0101,0.003300000000000001,-0.0226,0.0038000000000000013,-0.0021,0.0038,-0.027999999999999997,0.004500000000000004,0.0111,0.0046,0.019,0.0024999999999999988,0.0339,0.002599999999999998,-0.0501,0.0010000000000000078,-0.0546,0.000899999999999998,-0.04,0.0019000000000000059,-0.0365,0.0020000000000000018,0.029500000000000023,0.029699999999999997,0.03529999999999999,0.03560000000000001,0.0439,0.04409999999999995,0.02190000000000001,0.02190000000000002,0.007400000000000015,0.007200000000000007,0.016400000000000005,0.016900000000000026
1990-02-28,-0.016399999999999998,0.003300000000000001,-0.023399999999999997,0.003300000000000001,-0.022400000000000003,0.003699999999999995,-0.026099999999999998,0.0038000000000000048,-0.0321,0.004400000000000001,-0.0305,0.004400000000000001,-0.0231,0.0023999999999999994,-0.0248,0.002400000000000003,-0.0673,0.000899999999999998,-0.0942,0.000899999999999998,-0.0489,0.001899999999999999,-0.0666,0.0020000000000000018,0.03060000000000002,0.030699999999999998,0.03619999999999999,0.03650000000000001,0.0448,0.04499999999999996,0.02250000000000001,0.022500000000000023,0.0077000000000000115,0.007500000000000003,0.017000000000000005,0.01760000000000003
1990-03-31,0.0519,0.003599999999999999,0.0592,0.003600000000000006,0.0329,0.0039000000000000007,0.029900000000000003,0.0039000000000000007,0.002,0.0046,-0.0178,0.0045000000000000005,-0.0092,0.0023999999999999994,-0.006999999999999999,0.0023000000000000017,-0.1251,0.0009000000000000119,-0.1723,0.0007999999999999674,-0.0629,0.0020000000000000018,-0.091,0.0020000000000000157,0.03170000000000002,0.03200000000000001,0.037099999999999994,0.03750000000000001,0.0457,0.045899999999999955,0.02300000000000001,0.022900000000000025,0.008100000000000024,0.007699999999999974,0.01780000000000001,0.018300000000000045
1990-04-30,-0.0199,0.0032999999999999974,-0.0058,0.003300000000000001,-0.034300000000000004,0.003699999999999995,-0.0265,0.003700000000000002,-0.0596,0.004299999999999998,-0.06269999999999999,0.004200000000000009,-0.0255,0.002400000000000003,-0.0259,0.002400000000000003,-0.0024,0.0010999999999999998,-0.0062,0.001,-0.018500000000000003,0.002199999999999997,-0.0173,0.0022000000000000006,0.032500000000000015,0.0328,0.03779999999999999,0.03820000000000002,0.0464,0.04649999999999997,0.02360000000000001,0.023500000000000024,0.008600000000000023,0.008099999999999975,0.018700000000000005,0.019200000000000043
1990-05-31,0.048799999999999996,0.003599999999999999,0.039900000000000005,0.003400000000000007,0.0731,0.0040999999999999925,0.0758,0.004100000000000006,0.1184,0.005100000000000007,0.14279999999999998,0.005199999999999982,0.0944,0.002600000000000005,0.094,0.002599999999999991,0.0983,0.0011999999999999927,0.1433,0.0012000000000000066,0.0877,0.0024000000000000132,0.11320000000000001,0.0024000000000000132,0.033700000000000015,0.033900000000000007,0.03909999999999999,0.03960000000000001,0.048,0.04839999999999996,0.024400000000000012,0.024400000000000012,0.009200000000000015,0.008799999999999975,0.01980000000000002,0.020400000000000057
1990-06-30,0.0059,0.0033,0.0281,0.0033999999999999968,0.009300000000000001,0.0038000000000000004,0.039,0.0039000000000000007,0.015,0.0046,0.0576,0.004799999999999999,0.012199999999999999,0.0024999999999999988,0.030899999999999997,0.0024999999999999988,-0.0409,0.0010000000000000078,-0.0385,0.0010999999999999968,-0.0196,0.002100000000000001,-0.0063,0.0022000000000000006,0.034600000000000006,0.03480000000000001,0.039999999999999994,0.04060000000000001,0.049100000000000005,0.04959999999999995,0.025100000000000008,0.025100000000000008,0.00960000000000002,0.009399999999999971,0.020600000000000018,0.02120000000000006
1990-07-31,-0.0012,0.003300000000000001,0.048,0.0034000000000000002,-0.0070999999999999995,0.003700000000000001,0.048499999999999995,0.0038999999999999937,-0.0167,0.0045000000000000005,0.0493,0.004799999999999992,0.025699999999999997,0.002399999999999996,0.0677,0.002600000000000005,-0.0375,0.0010000000000000009,0.0004,0.0011,-0.022000000000000002,0.002199999999999997,0.0219,0.0023,0.03550000000000001,0.03560000000000002,0.04079999999999999,0.0414,0.049800000000000004,0.05039999999999997,0.0257,0.025800000000000014,0.010000000000000018,0.009899999999999952,0.02140000000000002,0.021900000000000055
1990-08-31,-0.13419999999999999,0.0029000000000000137,-0.1303,0.0029000000000000137,-0.1118,0.0032999999999999974,-0.1047,0.0034000000000000002,-0.075,0.004199999999999995,-0.06280000000000001,0.004199999999999995,-0.1047,0.0020999999999999908,-0.1012,0.0021999999999999936,-0.1128,0.000899999999999998,-0.1014,0.0010000000000000009,-0.11,0.001899999999999999,-0.1011,0.0021000000000000046,0.03600000000000003,0.03620000000000003,0.04119999999999999,0.0421,0.0504,0.051099999999999965,0.02609999999999999,0.026300000000000007,0.010400000000000015,0.010299999999999964,0.021900000000000017,0.022700000000000057
1990-09-30,-0.1303,0.0029000000000000137,-0.12480000000000001,0.0029,-0.1097,0.0034000000000000002,-0.1091,0.0034000000000000002,-0.0785,0.0040999999999999925,-0.08539999999999999,0.004100000000000006,-0.1655,0.001899999999999985,-0.16149999999999998,0.0020000000000000295,-0.18789999999999998,0.0009000000000000119,-0.1582,0.0008999999999999841,-0.1512,0.0020000000000000018,-0.135,0.001899999999999985,0.03660000000000004,0.036700000000000024,0.04179999999999999,0.0426,0.05109999999999999,0.05169999999999997,0.026299999999999976,0.026700000000000036,0.010700000000000027,0.010599999999999958,0.02260000000000002,0.023200000000000037
1990-10-31,0.061399999999999996,0.003499999999999996,0.094,0.003600000000000006,0.0516,0.0039000000000000076,0.0866,0.0040999999999999925,0.0375,0.0046,0.0758,0.00470000000000001,0.0049,0.0023,0.0329,0.0022999999999999965,0.1638,0.0011999999999999789,0.2311,0.0012000000000000066,0.1056,0.0022999999999999965,0.1555,0.0023999999999999855,0.03790000000000003,0.03810000000000004,0.043099999999999986,0.0441,0.052399999999999995,0.053099999999999994,0.026899999999999976,0.02740000000000003,0.011300000000000006,0.011199999999999969,0.023700000000000016,0.024400000000000015
1990-11-30,-0.0175,0.003199999999999998,-0.01,0.0031999999999999997,0.0101,0.0037999999999999996,0.0138,0.0039000000000000007,0.0509,0.004700000000000003,0.048799999999999996,0.004699999999999996,-0.0496,0.0020999999999999977,-0.0446,0.0021999999999999936,-0.0964,0.000800000000000009,-0.1131,0.000899999999999998,-0.05,0.0020000000000000018,-0.0576,0.0022000000000000075,0.03870000000000002,0.03880000000000003,0.04399999999999999,0.04500000000000001,0.053399999999999996,0.054099999999999995,0.027299999999999974,0.027900000000000022,0.011500000000000019,0.011499999999999956,0.024200000000000017,0.025200000000000024
1990-12-31,-0.0149,0.0032000000000000015,-0.015300000000000001,0.003300000000000001,-0.0073,0.0038000000000000004,-0.01,0.0037,0.0032,0.0045000000000000005,-0.0026,0.004399999999999999,-0.0011,0.0023,-0.0064,0.002299999999999999,0.0572,0.0010000000000000009,0.0341,0.0010000000000000009,0.027999999999999997,0.0023,0.0148,0.0022000000000000006,0.03940000000000002,0.03960000000000003,0.04489999999999999,0.0456,0.0541,0.05459999999999999,0.027899999999999973,0.028400000000000012,0.011900000000000018,0.011999999999999957,0.025200000000000014,0.025900000000000017
1991-01-31,0.0118,0.002999999999999999,0.0276,0.0030999999999999986,0.0124,0.0037,0.029900000000000003,0.003700000000000002,0.0132,0.0045000000000000005,0.0331,0.004699999999999999,0.054299999999999994,0.0024999999999999953,0.06860000000000001,0.0025000000000000022,-0.0006,0.0009000000000000001,0.0321,0.0008999999999999946,0.0064,0.0021000000000000003,0.0313,0.0022000000000000006,0.039100000000000024,0.03940000000000003,0.04479999999999999,0.0455,0.054099999999999995,0.05469999999999999,0.02789999999999997,0.028300000000000016,0.01180000000000001,0.011999999999999953,0.02540000000000001,0.026100000000000016
1991-02-28,0.11699999999999999,0.0034000000000000002,0.0783,0.0032999999999999974,0.11599999999999999,0.0040999999999999925,0.0801,0.0039000000000000007,0.11460000000000001,0.0050000000000000044,0.08259999999999999,0.004900000000000002,0.1223,0.002600000000000005,0.0956,0.002599999999999991,0.1291,0.0010000000000000009,0.11470000000000001,0.0010000000000000148,0.1211,0.0022999999999999965,0.09849999999999999,0.0021999999999999797,0.03920000000000002,0.039400000000000025,0.04519999999999999,0.0456,0.0547,0.05519999999999999,0.028099999999999976,0.028500000000000004,0.011900000000000013,0.01209999999999997,0.025800000000000007,0.026299999999999994
1991-03-31,0.026699999999999998,0.0030999999999999986,-0.07200000000000001,0.002799999999999997,0.0323,0.0038000000000000013,-0.062400000000000004,0.003499999999999996,0.0397,0.004699999999999996,-0.0495,0.004299999999999998,0.0405,0.0025000000000000022,-0.045899999999999996,0.0022000000000000006,0.0048,0.0008999999999999993,-0.045599999999999995,0.0009000000000000119,0.0169,0.0020999999999999977,-0.0506,0.0020999999999999977,0.03870000000000002,0.038600000000000016,0.04509999999999999,0.04519999999999999,0.054799999999999995,0.05499999999999999,0.02819999999999998,0.028400000000000005,0.0119,0.012200000000000015,0.025900000000000003,0.026399999999999976
1991-04-30,0.0124,0.0030999999999999986,0.0086,0.002999999999999999,0.013300000000000001,0.003700000000000002,0.006500000000000001,0.0037,0.0146,0.0046,0.0037,0.0045000000000000005,-0.0338,0.0023000000000000034,-0.0352,0.0022999999999999965,-0.0034000000000000002,0.0008999999999999998,0.0264,0.0009000000000000015,0.0024,0.0021,0.016,0.0022000000000000006,0.03850000000000002,0.038300000000000015,0.045099999999999994,0.04519999999999999,0.055099999999999996,0.05529999999999998,0.02809999999999998,0.0283,0.0117,0.012100000000000017,0.025800000000000003,0.026399999999999976
1991-05-31,0.037200000000000004,0.0031000000000000055,0.0134,0.0031000000000000003,0.0235,0.003700000000000002,0.002,0.0036,0.0053,0.0045,-0.013000000000000001,0.0045000000000000005,0.0574,0.0024999999999999953,0.0333,0.0024000000000000063,0.0019,0.0009,-0.0126,0.0009000000000000015,0.0129,0.0020999999999999994,-0.0038,0.0019999999999999996,0.03800000000000003,0.03800000000000001,0.044700000000000004,0.04469999999999998,0.05449999999999999,0.054599999999999996,0.02799999999999997,0.028100000000000014,0.011400000000000007,0.011800000000000012,0.02549999999999999,0.02599999999999996
1991-06-30,-0.039,0.0029000000000000067,-0.0775,0.002699999999999994,-0.035,0.003499999999999996,-0.0751,0.0034000000000000002,-0.0294,0.004300000000000002,-0.0719,0.0040999999999999925,0.0091,0.0024000000000000002,-0.0337,0.0023000000000000034,-0.0706,0.0007999999999999952,-0.0668,0.0007999999999999952,-0.0524,0.0020000000000000018,-0.0673,0.001899999999999999,0.037600000000000036,0.03730000000000001,0.044399999999999995,0.04419999999999998,0.05419999999999999,0.05389999999999999,0.02789999999999997,0.02790000000000002,0.011199999999999995,0.01150000000000001,0.025399999999999992,0.02569999999999996
1991-07-31,0.002,0.003,0.0373,0.0030999999999999986,0.0331,0.0037999999999999944,0.0711,0.0039000000000000007,0.0762,0.004800000000000013,0.11789999999999999,0.004899999999999988,0.018799999999999997,0.0023999999999999994,0.053099999999999994,0.0024999999999999953,0.0308,0.000899999999999998,0.0338,0.0010000000000000009,0.031,0.0022000000000000006,0.048,0.0022000000000000006,0.03730000000000003,0.037000000000000005,0.0445,0.04419999999999999,0.05450000000000001,0.05399999999999999,0.027899999999999973,0.02780000000000001,0.011099999999999992,0.01140000000000001,0.025399999999999995,0.02559999999999996
1991-08-31,0.015300000000000001,0.003100000000000002,0.0144,0.003000000000000001,0.0208,0.003799999999999998,0.018799999999999997,0.0036999999999999967,0.0277,0.0045000000000000005,0.024300000000000002,0.004500000000000004,-0.005600000000000001,0.0023,-0.0078000000000000005,0.002299999999999999,-0.0554,0.000899999999999998,-0.0512,0.0008000000000000021,-0.0218,0.002100000000000001,-0.020099999999999996,0.0021000000000000046,0.03750000000000002,0.037099999999999994,0.045,0.04449999999999999,0.054800000000000015,0.0543,0.028099999999999983,0.027900000000000015,0.011099999999999992,0.011200000000000012,0.025599999999999998,0.02559999999999996
1991-09-30,-0.016200000000000003,0.0029999999999999957,0.030299999999999997,0.003099999999999995,-0.0096,0.0036000000000000008,0.0349,0.0036999999999999984,-0.0012,0.004400000000000001,0.0409,0.0046,-0.0542,0.0022000000000000006,-0.0101,0.0023,0.0458,0.000899999999999998,0.075,0.000999999999999987,0.0168,0.0020999999999999994,0.052000000000000005,0.0021000000000000046,0.0376,0.037299999999999986,0.0452,0.044799999999999986,0.055100000000000024,0.054799999999999995,0.028399999999999998,0.028199999999999985,0.011099999999999978,0.011300000000000015,0.025699999999999994,0.02579999999999998
1991-10-31,-0.0092,0.002999999999999999,-0.0155,0.0030000000000000027,-0.0121,0.0035000000000000014,-0.018600000000000002,0.003499999999999996,-0.015600000000000001,0.004199999999999997,-0.022400000000000003,0.004199999999999999,-0.0149,0.0022000000000000006,-0.024900000000000002,0.002199999999999997,0.0336,0.000899999999999998,0.0471,0.000900000000000005,0.013999999999999999,0.0020999999999999994,0.018500000000000003,0.0020000000000000018,0.0371,0.03669999999999998,0.04479999999999999,0.04419999999999999,0.05470000000000002,0.05429999999999997,0.0283,0.028099999999999986,0.010799999999999997,0.011000000000000013,0.0255,0.025399999999999995
1991-11-30,-0.0227,0.0029,0.0040999999999999995,0.002999999999999999,-0.0363,0.0034000000000000002,-0.0146,0.0035000000000000014,-0.0536,0.0039000000000000007,-0.0384,0.0040000000000000036,-0.0666,0.0020999999999999908,-0.048,0.0020999999999999977,-0.0703,0.0007999999999999952,-0.0641,0.000899999999999998,-0.055099999999999996,0.0019000000000000059,-0.0431,0.0020000000000000018,0.036800000000000006,0.03649999999999999,0.04439999999999999,0.04379999999999999,0.05390000000000002,0.05359999999999998,0.028299999999999992,0.02799999999999999,0.010799999999999983,0.011000000000000013,0.025400000000000002,0.02519999999999999
1991-12-31,0.0043,0.0031000000000000003,0.07339999999999999,0.0031999999999999945,0.0139,0.0034999999999999996,0.0789,0.003700000000000009,0.026699999999999998,0.0040999999999999995,0.0863,0.004400000000000001,-0.0173,0.002100000000000001,0.053,0.0022999999999999965,-0.0045000000000000005,0.001,0.029900000000000003,0.000900000000000005,0.0033,0.002,0.0489,0.0021000000000000046,0.0367,0.036399999999999974,0.044099999999999986,0.043800000000000006,0.05350000000000001,0.05359999999999999,0.028099999999999993,0.027999999999999987,0.010799999999999981,0.010900000000000017,0.0251,0.025099999999999994
1992-01-31,0.0663,0.0032999999999999974,0.0055000000000000005,0.0031000000000000008,0.0541,0.003500000000000003,-0.0006,0.0033000000000000004,0.0378,0.003700000000000002,-0.0087,0.0036000000000000008,0.0673,0.0022000000000000075,0.0075,0.0020999999999999994,-0.0418,0.0011000000000000038,-0.0493,0.0010000000000000078,0.003,0.0021000000000000003,-0.0255,0.0022000000000000006,0.037,0.03639999999999998,0.04389999999999999,0.043399999999999994,0.05270000000000002,0.05249999999999999,0.027800000000000005,0.027599999999999982,0.010999999999999985,0.01100000000000003,0.0251,0.025099999999999994
1992-02-29,0.0398,0.0032000000000000015,0.0209,0.003199999999999998,0.024,0.0034000000000000002,0.005699999999999999,0.0033999999999999994,0.0025,0.0036,-0.0151,0.0035000000000000014,-0.0294,0.0020000000000000052,-0.0464,0.0020000000000000018,-0.0409,0.0011000000000000038,-0.0642,0.0010000000000000009,-0.012,0.0020999999999999994,-0.032400000000000005,0.0020999999999999977,0.0368,0.03629999999999998,0.043199999999999995,0.042899999999999994,0.05130000000000001,0.051099999999999986,0.027200000000000005,0.026999999999999993,0.011099999999999988,0.011000000000000017,0.024900000000000005,0.025000000000000012
1992-03-31,-0.0158,0.0030999999999999986,-0.0192,0.0030000000000000027,-0.0271,0.003300000000000001,-0.0332,0.0032000000000000015,-0.0431,0.003400000000000007,-0.053,0.0034000000000000002,0.0146,0.0020999999999999994,0.013000000000000001,0.0022000000000000006,-0.0776,0.0010000000000000009,-0.0964,0.0011000000000000038,-0.051699999999999996,0.0021000000000000046,-0.064,0.0020000000000000018,0.0368,0.036499999999999984,0.0427,0.042600000000000006,0.050000000000000024,0.05019999999999999,0.026800000000000004,0.026999999999999993,0.01119999999999999,0.011200000000000009,0.024900000000000012,0.024900000000000016
1992-04-30,0.0184,0.0030999999999999986,0.0167,0.0030999999999999986,0.051500000000000004,0.003500000000000003,0.060700000000000004,0.003500000000000003,0.0989,0.0040000000000000036,0.12390000000000001,0.004100000000000006,0.0014000000000000002,0.0021000000000000003,0.0027,0.0021000000000000003,-0.0472,0.0011000000000000038,-0.051500000000000004,0.0011999999999999927,0.0003,0.0023,0.0023,0.0023,0.0368,0.03659999999999999,0.0425,0.04240000000000001,0.04940000000000003,0.0498,0.0266,0.026799999999999997,0.011399999999999993,0.0115,0.02510000000000001,0.025000000000000015
1992-05-31,0.0209,0.003199999999999998,0.0509,0.0033000000000000043,0.022400000000000003,0.0034000000000000037,0.052300000000000006,0.00350000000000001,0.024300000000000002,0.003700000000000002,0.0542,0.003799999999999998,0.03,0.0020999999999999977,0.0599,0.0022000000000000075,0.040999999999999995,0.0012999999999999956,0.0799,0.0012999999999999956,0.030600000000000002,0.0023,0.06309999999999999,0.0023999999999999855,0.036899999999999995,0.036799999999999986,0.0422,0.04230000000000002,0.048600000000000025,0.04909999999999999,0.0262,0.0266,0.01179999999999999,0.011899999999999994,0.02530000000000001,0.025400000000000002
1992-06-30,-0.0496,0.0029,0.0006,0.0031,-0.057800000000000004,0.0030999999999999917,-0.0123,0.003300000000000001,-0.0684,0.0032999999999999974,-0.029300000000000003,0.0033999999999999968,-0.09179999999999999,0.0020000000000000157,-0.044199999999999996,0.0022000000000000006,-0.0886,0.0011000000000000038,-0.0776,0.0011000000000000038,-0.0711,0.0022000000000000075,-0.043,0.0022000000000000006,0.03689999999999999,0.0372,0.0418,0.04220000000000002,0.047600000000000024,0.0484,0.025800000000000017,0.026499999999999996,0.012099999999999998,0.012200000000000003,0.025500000000000016,0.025700000000000004
1992-07-31,-0.0653,0.0029,-0.0345,0.0029999999999999957,-0.060899999999999996,0.0031000000000000055,-0.0385,0.0032000000000000015,-0.055099999999999996,0.0033000000000000043,-0.043899999999999995,0.003400000000000007,-0.0594,0.0022000000000000006,-0.0318,0.0022000000000000006,-0.004,0.0011999999999999997,-0.013000000000000001,0.001199999999999998,-0.0326,0.0023000000000000034,-0.024399999999999998,0.002200000000000004,0.03679999999999999,0.037099999999999994,0.041100000000000005,0.04150000000000002,0.046100000000000016,0.04690000000000002,0.02560000000000002,0.0262,0.0124,0.0124,0.02560000000000002,0.025700000000000008
1992-08-31,-0.0397,0.0029999999999999957,0.0063,0.0031,-0.038599999999999995,0.0031000000000000055,0.001,0.0033,-0.037000000000000005,0.0033999999999999933,-0.0062,0.0035000000000000005,-0.1195,0.0019000000000000128,-0.0801,0.0020000000000000018,0.1093,0.0012999999999999817,0.1391,0.0012999999999999956,0.026699999999999998,0.0023,0.059800000000000006,0.0023000000000000034,0.03669999999999998,0.03719999999999999,0.04040000000000001,0.04110000000000002,0.045000000000000005,0.04590000000000001,0.02520000000000003,0.025900000000000003,0.012799999999999983,0.012899999999999993,0.025800000000000017,0.025900000000000006
1992-09-30,0.0027,0.003,-0.0154,0.002999999999999999,0.0446,0.0034000000000000002,-0.015,0.0032000000000000015,0.102,0.00399999999999999,-0.014499999999999999,0.003500000000000003,-0.042800000000000005,0.0020000000000000018,-0.0764,0.001899999999999999,-0.0499,0.0010999999999999968,-0.0301,0.0011000000000000038,-0.0060999999999999995,0.0022000000000000006,-0.0258,0.002100000000000001,0.03669999999999999,0.037099999999999994,0.040200000000000014,0.040600000000000025,0.0446,0.04480000000000001,0.025000000000000033,0.025500000000000002,0.012999999999999982,0.01300000000000001,0.02590000000000002,0.025900000000000003
1992-10-31,0.0208,0.0030999999999999986,-0.0665,0.0029,0.030699999999999998,0.0033999999999999968,-0.0737,0.0030999999999999917,0.0444,0.0038000000000000048,-0.0837,0.0032999999999999974,0.0255,0.002199999999999997,-0.0596,0.0020999999999999977,-0.0138,0.0011000000000000003,-0.038599999999999995,0.0011000000000000038,0.0085,0.002300000000000001,-0.053,0.0020999999999999977,0.03679999999999999,0.03699999999999999,0.04010000000000001,0.04020000000000002,0.0442,0.043900000000000015,0.02500000000000003,0.025400000000000002,0.013199999999999984,0.013200000000000009,0.026100000000000022,0.026
1992-11-30,0.021400000000000002,0.003100000000000002,-0.015300000000000001,0.002999999999999999,0.0341,0.0034000000000000002,0.0007000000000000001,0.0033,0.052000000000000005,0.003700000000000002,0.0233,0.0036000000000000025,0.1925,0.0028000000000000247,0.07440000000000001,0.0023999999999999994,0.0326,0.0011999999999999927,0.0219,0.0011999999999999997,0.0355,0.0022999999999999965,0.011000000000000001,0.0022000000000000006,0.03699999999999999,0.03699999999999999,0.04010000000000001,0.040000000000000015,0.044000000000000004,0.04350000000000002,0.025700000000000063,0.025700000000000004,0.013599999999999982,0.01350000000000001,0.026500000000000013,0.026199999999999998
1992-12-31,0.0304,0.0030999999999999986,0.009300000000000001,0.003000000000000001,0.033,0.003300000000000001,0.0207,0.003300000000000001,0.0366,0.003700000000000002,0.0363,0.003700000000000002,0.0125,0.0023,-0.022099999999999998,0.002100000000000001,-0.0084,0.0011999999999999997,-0.009000000000000001,0.0010999999999999985,0.011200000000000002,0.0022000000000000006,0.005,0.0021999999999999997,0.03699999999999999,0.03679999999999999,0.03990000000000001,0.03960000000000001,0.04360000000000001,0.04280000000000002,0.025900000000000062,0.02550000000000001,0.013799999999999982,0.013700000000000004,0.026700000000000015,0.026299999999999994
1993-01-31,0.0217,0.002100000000000001,0.024,0.002100000000000001,0.010700000000000001,0.002400000000000001,0.004,0.0024000000000000002,-0.0040999999999999995,0.0029,-0.0231,0.0028000000000000004,0.015700000000000002,0.0009000000000000015,-0.0011,0.0009999999999999998,-0.0003,0.0009,0.0006,0.0009,0.0044,0.0015999999999999999,0.0014000000000000002,0.0016000000000000003,0.0358,0.0358,0.038800000000000015,0.03870000000000001,0.042800000000000005,0.04200000000000001,0.024600000000000056,0.024400000000000012,0.01359999999999998,0.013599999999999998,0.026200000000000015,0.025699999999999994
1993-02-28,0.0641,0.0022000000000000006,0.0313,0.002100000000000001,0.0471,0.0025000000000000022,0.014199999999999999,0.0023999999999999994,0.0236,0.0029,-0.0096,0.0028000000000000004,0.0623,0.0010000000000000009,0.0096,0.0009999999999999992,0.0036,0.0008999999999999998,0.0471,0.0010000000000000009,0.0262,0.0017000000000000001,0.0317,0.001799999999999996,0.0348,0.0347,0.03790000000000002,0.03770000000000001,0.042100000000000005,0.04130000000000002,0.02360000000000005,0.023400000000000008,0.013399999999999974,0.013599999999999998,0.025800000000000017,0.025399999999999992
1993-03-31,0.0253,0.002100000000000001,0.053399999999999996,0.0020999999999999977,0.0194,0.0023999999999999994,0.0571,0.0024999999999999953,0.010700000000000001,0.0029000000000000007,0.0625,0.0030999999999999986,0.0137,0.0008999999999999998,0.034,0.0010000000000000009,0.1059,0.000999999999999987,0.1382,0.0009999999999999731,0.0629,0.0015999999999999973,0.0958,0.0016999999999999932,0.0338,0.0338,0.03700000000000001,0.037000000000000005,0.0416,0.041000000000000016,0.022400000000000052,0.022200000000000008,0.01339999999999996,0.013499999999999967,0.02530000000000001,0.025099999999999983
1993-04-30,-0.016200000000000003,0.0019999999999999983,0.0055000000000000005,0.002000000000000001,-0.014499999999999999,0.0023,0.0141,0.002400000000000001,-0.0121,0.0028000000000000004,0.0264,0.0030000000000000027,0.0471,0.0010000000000000009,0.0902,0.0010000000000000009,0.12050000000000001,0.0010000000000000148,0.1542,0.0010000000000000009,0.0583,0.0015999999999999973,0.0886,0.001799999999999996,0.03269999999999999,0.0327,0.035800000000000005,0.0359,0.04039999999999999,0.03990000000000001,0.021300000000000055,0.021100000000000008,0.013299999999999972,0.013299999999999975,0.024600000000000004,0.02459999999999998
1993-05-31,0.015700000000000002,0.002100000000000001,0.0126,0.0020999999999999994,0.013999999999999999,0.0024999999999999988,0.0096,0.0023999999999999994,0.0115,0.0029,0.0053,0.0029000000000000002,0.0333,0.0010000000000000009,0.046799999999999994,0.000999999999999994,0.0066,0.0009000000000000006,0.0363,0.000899999999999998,0.0105,0.0016000000000000007,0.025099999999999997,0.0014999999999999979,0.031599999999999996,0.03149999999999999,0.03490000000000001,0.03479999999999999,0.039599999999999996,0.039000000000000014,0.020200000000000058,0.019899999999999994,0.012899999999999977,0.012899999999999977,0.023900000000000005,0.023699999999999992
1993-06-30,0.0361,0.0020999999999999977,-0.0321,0.0020000000000000018,0.0313,0.0025000000000000022,-0.0278,0.0023,0.0245,0.0029,-0.0218,0.0028000000000000004,0.0083,0.0008999999999999998,-0.0644,0.0007999999999999952,-0.0315,0.0008000000000000021,-0.0319,0.000899999999999998,-0.0045000000000000005,0.0014999999999999996,-0.030299999999999997,0.0015000000000000048,0.030799999999999994,0.030399999999999996,0.03430000000000002,0.03379999999999999,0.0392,0.03840000000000001,0.01910000000000004,0.01849999999999999,0.012599999999999976,0.012699999999999972,0.0232,0.022999999999999996
1993-07-31,0.049800000000000004,0.0022000000000000075,0.0184,0.002100000000000001,0.0362,0.0025000000000000022,0.0158,0.002400000000000001,0.0171,0.0029000000000000015,0.012199999999999999,0.002899999999999998,0.0762,0.0010000000000000148,0.025,0.0009000000000000015,0.049400000000000006,0.0009000000000000119,0.07139999999999999,0.000899999999999998,0.0429,0.0016000000000000042,0.0453,0.0015999999999999973,0.030100000000000002,0.029500000000000002,0.03370000000000001,0.032999999999999995,0.038799999999999994,0.0379,0.017900000000000055,0.01719999999999999,0.012299999999999988,0.01239999999999997,0.0225,0.02239999999999999
1993-08-31,0.0662,0.0021999999999999936,0.1,0.0022000000000000075,0.0638,0.002599999999999991,0.085,0.002600000000000005,0.0603,0.0029999999999999957,0.0635,0.0030000000000000027,0.0695,0.0010000000000000148,0.0753,0.000899999999999998,0.0287,0.0009000000000000015,0.029300000000000003,0.000900000000000005,0.0437,0.0015000000000000083,0.0516,0.0015999999999999973,0.0293,0.02860000000000001,0.03319999999999999,0.032299999999999995,0.0384,0.03740000000000001,0.017000000000000057,0.016099999999999986,0.011900000000000008,0.01199999999999998,0.021700000000000004,0.021699999999999983
1993-09-30,-0.023399999999999997,0.0020000000000000018,0.0029,0.0021,-0.021,0.002399999999999996,-0.0034999999999999996,0.0023,-0.0175,0.002799999999999997,-0.0127,0.0028000000000000004,0.0025,0.0009,0.0197,0.0009000000000000015,-0.0373,0.0008000000000000021,-0.049800000000000004,0.0007999999999999952,-0.0297,0.0015000000000000013,-0.029300000000000003,0.0014999999999999979,0.028300000000000002,0.027700000000000013,0.03219999999999999,0.0314,0.037200000000000004,0.03670000000000001,0.015900000000000053,0.015099999999999988,0.011600000000000013,0.01169999999999997,0.021000000000000005,0.02109999999999998
1993-10-31,0.0683,0.0021000000000000046,0.0315,0.002100000000000001,0.0584,0.0025000000000000022,0.0318,0.002400000000000003,0.0434,0.0029,0.032400000000000005,0.0029000000000000033,0.0983,0.0010000000000000009,0.0819,0.000899999999999998,0.032799999999999996,0.000899999999999998,0.014499999999999999,0.0009999999999999974,0.04650000000000001,0.0015000000000000083,0.0258,0.0016000000000000007,0.02730000000000001,0.026900000000000014,0.031299999999999994,0.030700000000000005,0.0363,0.03630000000000001,0.014700000000000059,0.013899999999999989,0.01140000000000001,0.011599999999999965,0.020200000000000013,0.020599999999999983
1993-11-30,-0.0115,0.0020000000000000018,-0.025699999999999997,0.0020000000000000018,-0.0066,0.002400000000000001,-0.0139,0.0023000000000000034,0.0007000000000000001,0.0028,0.0038,0.0028,-0.0642,0.000800000000000009,-0.0833,0.000800000000000009,-0.1355,0.0007999999999999952,-0.1392,0.0008000000000000229,-0.07629999999999999,0.0013999999999999985,-0.0821,0.0013999999999999846,0.026200000000000008,0.025900000000000017,0.030299999999999997,0.029700000000000008,0.035399999999999994,0.03550000000000001,0.012700000000000043,0.012299999999999998,0.011000000000000013,0.011199999999999988,0.019300000000000015,0.019799999999999967
1993-12-31,0.0837,0.0022999999999999965,0.0805,0.0022000000000000075,0.081,0.0025000000000000022,0.07719999999999999,0.0024999999999999883,0.07719999999999999,0.002999999999999989,0.0725,0.0030999999999999917,0.0718,0.000899999999999998,0.0823,0.000999999999999987,0.0774,0.0010000000000000009,0.058600000000000006,0.0011000000000000038,0.0774,0.0016999999999999932,0.06709999999999999,0.001799999999999996,0.025400000000000006,0.02510000000000002,0.0295,0.028899999999999995,0.03469999999999998,0.0349,0.011300000000000041,0.011199999999999984,0.010800000000000014,0.011199999999999995,0.018800000000000008,0.019399999999999962
1994-01-31,0.044800000000000006,0.0024000000000000063,0.054299999999999994,0.0023999999999999924,0.04019999999999999,0.00279999999999999,0.0542,0.0029,0.0336,0.0034999999999999996,0.054000000000000006,0.003600000000000006,0.1325,0.0013000000000000234,0.1791,0.0014000000000000123,0.0967,0.0010999999999999899,0.12300000000000001,0.0012000000000000205,0.0783,0.0020999999999999908,0.1,0.0020000000000000018,0.02570000000000001,0.025400000000000013,0.02989999999999999,0.029399999999999996,0.035299999999999984,0.03570000000000001,0.011700000000000063,0.011599999999999997,0.011000000000000003,0.011500000000000014,0.019299999999999998,0.019799999999999963
1994-02-28,-0.0441,0.0022000000000000006,-0.0297,0.002199999999999997,-0.0432,0.002599999999999998,-0.0405,0.002599999999999998,-0.04190000000000001,0.0032999999999999904,-0.0562,0.0032000000000000015,-0.024,0.0011999999999999997,-0.028900000000000002,0.0011999999999999962,-0.009899999999999999,0.0010000000000000009,0.021400000000000002,0.0010000000000000009,-0.026600000000000002,0.001799999999999996,-0.009899999999999999,0.0017999999999999995,0.02570000000000001,0.02550000000000001,0.029999999999999985,0.029599999999999994,0.035699999999999975,0.03610000000000001,0.011900000000000062,0.011799999999999995,0.011100000000000006,0.011500000000000014,0.019399999999999994,0.019799999999999967
1994-03-31,-0.018500000000000003,0.002199999999999997,-0.0004,0.0021999999999999997,-0.036699999999999997,0.002600000000000005,-0.0258,0.002599999999999998,-0.0642,0.0032000000000000084,-0.0641,0.0031999999999999945,-0.0726,0.0012000000000000066,-0.0559,0.0011000000000000038,-0.0596,0.000999999999999994,-0.045,0.000899999999999998,-0.04650000000000001,0.0015999999999999903,-0.0345,0.0017000000000000001,0.025800000000000007,0.02560000000000001,0.03019999999999999,0.029699999999999997,0.03599999999999998,0.0362,0.012200000000000068,0.011899999999999997,0.011100000000000013,0.011400000000000039,0.019399999999999987,0.019799999999999974
1994-04-30,0.033,0.0023000000000000034,0.0431,0.0022999999999999965,0.0263,0.002700000000000001,0.0415,0.002800000000000004,0.0155,0.0034000000000000002,0.0388,0.003500000000000003,0.038,0.0013000000000000025,0.0594,0.0013000000000000025,0.0273,0.0010000000000000009,0.0375,0.0010000000000000009,0.0246,0.001800000000000003,0.037200000000000004,0.001800000000000003,0.026100000000000012,0.025900000000000006,0.030599999999999992,0.0301,0.03659999999999998,0.0367,0.01250000000000007,0.012199999999999999,0.011099999999999999,0.011400000000000039,0.019599999999999992,0.01979999999999998
1994-05-31,-0.039599999999999996,0.0022000000000000006,-0.0369,0.0022000000000000006,-0.0432,0.002599999999999998,-0.0437,0.002599999999999998,-0.0492,0.0032000000000000015,-0.0548,0.0031999999999999945,-0.021400000000000002,0.0011999999999999962,-0.035699999999999996,0.0011000000000000038,0.0444,0.0010000000000000009,0.02,0.0009000000000000015,0.008100000000000001,0.0016000000000000007,-0.0067,0.0016999999999999993,0.02620000000000001,0.02600000000000001,0.03069999999999999,0.030299999999999997,0.03689999999999998,0.037,0.012700000000000065,0.012300000000000009,0.011199999999999998,0.011400000000000042,0.019599999999999996,0.019999999999999983
1994-06-30,-0.047,0.0021000000000000046,-0.0115,0.0023,-0.0353,0.002600000000000005,-0.0051,0.0027,-0.0159,0.0032999999999999974,0.0055000000000000005,0.0034000000000000007,-0.0466,0.0010999999999999899,-0.0207,0.0011000000000000003,-0.014199999999999999,0.0009000000000000015,0.0371,0.0010000000000000009,-0.026000000000000002,0.0015999999999999973,0.0159,0.0016000000000000007,0.02620000000000002,0.026300000000000004,0.030799999999999994,0.030699999999999998,0.037299999999999986,0.0376,0.012900000000000056,0.012600000000000014,0.011299999999999998,0.011500000000000045,0.019699999999999992,0.02009999999999998
1994-07-31,0.0455,0.0023999999999999994,0.047400000000000005,0.0023000000000000034,0.0513,0.0029,0.049400000000000006,0.002800000000000004,0.0608,0.003499999999999996,0.0527,0.003599999999999992,0.0724,0.0013000000000000095,0.0674,0.0012000000000000066,-0.010700000000000001,0.000899999999999998,-0.0229,0.000899999999999998,0.0165,0.0017000000000000001,0.0083,0.0015999999999999999,0.02640000000000001,0.02650000000000001,0.03119999999999999,0.031100000000000003,0.037899999999999975,0.038299999999999994,0.01320000000000005,0.012900000000000019,0.011299999999999984,0.011500000000000045,0.019799999999999988,0.02009999999999998
1994-08-31,0.012199999999999999,0.0023,0.0148,0.0023,0.0305,0.0028000000000000004,0.0339,0.0028000000000000004,0.0605,0.003599999999999992,0.0653,0.003599999999999999,-0.0155,0.0011999999999999997,-0.0115,0.0011999999999999997,0.0163,0.0009999999999999974,0.0178,0.0010000000000000009,0.020099999999999996,0.0016999999999999967,0.0225,0.0017000000000000001,0.026500000000000017,0.0266,0.0314,0.031299999999999994,0.03849999999999997,0.03889999999999999,0.013400000000000035,0.01320000000000002,0.01139999999999998,0.01160000000000004,0.019999999999999976,0.020199999999999982
1994-09-30,-0.058499999999999996,0.0020999999999999977,-0.0392,0.0022000000000000006,-0.0626,0.0024999999999999883,-0.0393,0.002600000000000005,-0.069,0.0031999999999999945,-0.0395,0.0031999999999999945,-0.034300000000000004,0.0010999999999999968,-0.0013,0.0012000000000000001,-0.0342,0.000899999999999998,-0.0259,0.0009000000000000015,-0.045700000000000005,0.0015999999999999973,-0.0298,0.0016000000000000042,0.026600000000000013,0.0267,0.03149999999999999,0.0316,0.03889999999999997,0.03929999999999998,0.013600000000000032,0.013500000000000019,0.011499999999999976,0.011700000000000047,0.020099999999999972,0.020299999999999988
1994-10-31,0.0058,0.0021999999999999997,0.0335,0.002400000000000003,0.013300000000000001,0.002700000000000001,0.0432,0.002800000000000004,0.0253,0.0034000000000000002,0.058899999999999994,0.003499999999999996,0.0313,0.0012000000000000031,0.0748,0.0012000000000000066,0.0088,0.001,0.0274,0.0010000000000000009,0.0115,0.0017000000000000001,0.0351,0.001799999999999996,0.02670000000000001,0.027000000000000003,0.03169999999999999,0.032,0.03939999999999997,0.03989999999999998,0.013800000000000034,0.013800000000000028,0.011599999999999978,0.01170000000000005,0.020299999999999964,0.020499999999999984
1994-11-30,0.008,0.002300000000000001,-0.038,0.0021999999999999936,0.0037,0.0027,-0.0426,0.0025000000000000022,-0.0031,0.0033000000000000004,-0.049800000000000004,0.0031999999999999945,0.0032,0.0012000000000000001,-0.044199999999999996,0.0011000000000000038,-0.0482,0.000900000000000005,-0.0622,0.0008000000000000021,-0.0242,0.0017000000000000001,-0.0529,0.0015999999999999973,0.027000000000000007,0.027199999999999995,0.03199999999999999,0.0322,0.03989999999999997,0.04029999999999997,0.014200000000000025,0.014100000000000022,0.011699999999999988,0.01170000000000003,0.020599999999999966,0.020699999999999996
1994-12-31,-0.0027,0.0021999999999999997,0.0073,0.0023,-0.001,0.0027,0.0051,0.0027000000000000006,0.0016,0.0033,0.0016,0.0033,0.0011,0.0012000000000000001,0.0161,0.0011999999999999997,0.0181,0.0010000000000000009,0.0127,0.0008999999999999998,0.011399999999999999,0.0016999999999999984,0.011000000000000001,0.0018000000000000013,0.02690000000000001,0.027299999999999984,0.032199999999999986,0.03240000000000001,0.040199999999999986,0.040499999999999974,0.014500000000000027,0.014300000000000035,0.011699999999999988,0.011500000000000024,0.020599999999999972,0.020700000000000003
1995-01-31,-0.025699999999999997,0.002200000000000004,-0.0121,0.0023,-0.024900000000000002,0.002599999999999998,-0.0106,0.0026,-0.023700000000000002,0.0030999999999999986,-0.008199999999999999,0.0031000000000000003,0.0083,0.0015999999999999999,0.0063,0.0016000000000000007,-0.0665,0.000899999999999998,-0.0681,0.000800000000000009,-0.0453,0.0016000000000000042,-0.0405,0.0015999999999999973,0.02670000000000001,0.027199999999999995,0.031999999999999994,0.03210000000000002,0.039799999999999974,0.039999999999999966,0.014800000000000004,0.014500000000000023,0.011499999999999996,0.011100000000000013,0.020099999999999986,0.0203
1995-02-28,0.009300000000000001,0.0023000000000000017,0.0408,0.0024000000000000063,0.0088,0.0026000000000000007,0.028399999999999998,0.002599999999999998,0.008100000000000001,0.0032000000000000015,0.0083,0.0031000000000000003,-0.009399999999999999,0.0016000000000000025,0.022799999999999997,0.0017000000000000001,-0.0479,0.000899999999999998,-0.0253,0.0009000000000000015,-0.0239,0.0017000000000000001,-0.0021,0.0018000000000000004,0.026800000000000008,0.0274,0.032,0.03210000000000002,0.039699999999999985,0.03989999999999997,0.015200000000000007,0.015000000000000027,0.011399999999999993,0.011000000000000013,0.01999999999999999,0.0203
1995-03-31,-0.0304,0.002199999999999997,0.0276,0.0023999999999999994,-0.004699999999999999,0.0026000000000000007,0.0379,0.002700000000000001,0.0384,0.0032999999999999974,0.0552,0.0034000000000000002,-0.0475,0.0016000000000000042,-0.0229,0.0014999999999999979,-0.0187,0.000899999999999998,0.07519999999999999,0.000999999999999987,-0.0118,0.0017000000000000019,0.055999999999999994,0.001799999999999996,0.026800000000000008,0.0276,0.031999999999999994,0.03220000000000002,0.039799999999999974,0.040099999999999976,0.015600000000000004,0.015400000000000021,0.011299999999999998,0.011100000000000002,0.0201,0.020399999999999995
1995-04-30,0.0479,0.0023999999999999994,0.0401,0.0023999999999999994,0.0407,0.002700000000000001,0.036000000000000004,0.002700000000000001,0.0291,0.0032000000000000015,0.029300000000000003,0.003300000000000001,0.0799,0.0016999999999999932,0.087,0.001700000000000007,0.0178,0.0010000000000000009,0.042300000000000004,0.0010000000000000078,0.029900000000000003,0.001800000000000003,0.0416,0.001799999999999996,0.026900000000000004,0.027700000000000002,0.031999999999999994,0.03210000000000002,0.03959999999999998,0.03989999999999997,0.015999999999999993,0.015800000000000026,0.011299999999999998,0.01110000000000001,0.0201,0.020399999999999988
1995-05-31,0.0355,0.0023999999999999994,0.0215,0.0023,0.035699999999999996,0.002699999999999994,0.0208,0.002599999999999998,0.036000000000000004,0.0033000000000000043,0.0197,0.003199999999999998,0.028399999999999998,0.0015999999999999973,0.016399999999999998,0.0015999999999999973,-0.032799999999999996,0.000900000000000005,-0.036699999999999997,0.000899999999999998,-0.0022,0.0017000000000000001,-0.011399999999999999,0.0017000000000000019,0.027100000000000003,0.027800000000000005,0.03209999999999999,0.03210000000000002,0.039699999999999985,0.03989999999999998,0.016399999999999994,0.01630000000000002,0.011200000000000002,0.011100000000000006,0.0202,0.020399999999999988
1995-06-30,-0.0079,0.0023,0.0129,0.0023,-0.0053,0.0026000000000000007,0.0096,0.0026999999999999993,-0.0009,0.0031000000000000003,0.004,0.0032,0.032,0.0017000000000000036,0.0484,0.0017000000000000001,-0.0392,0.000899999999999998,-0.0407,0.000899999999999998,-0.0202,0.0017000000000000001,-0.0141,0.0018000000000000013,0.027299999999999998,0.027800000000000005,0.03209999999999998,0.03210000000000001,0.039499999999999987,0.03969999999999997,0.017000000000000008,0.01690000000000002,0.011199999999999998,0.011000000000000003,0.020300000000000002,0.020599999999999993
1995-07-31,0.0373,0.0023999999999999994,0.040999999999999995,0.0023999999999999994,0.043899999999999995,0.002699999999999994,0.046799999999999994,0.002699999999999994,0.054900000000000004,0.0034000000000000002,0.0565,0.0032999999999999974,0.055,0.0017000000000000001,0.0737,0.0016999999999999932,0.10099999999999999,0.000999999999999987,0.0653,0.0010000000000000009,0.0724,0.00180000000000001,0.057,0.0019000000000000059,0.027299999999999998,0.0279,0.03189999999999998,0.032,0.03939999999999999,0.03939999999999998,0.0174,0.017400000000000006,0.011299999999999987,0.011100000000000006,0.020400000000000012,0.0209
1995-08-31,0.0038,0.0023,-0.0449,0.0020999999999999977,0.0063,0.0026,-0.0353,0.0025000000000000022,0.0104,0.0031999999999999997,-0.0194,0.0030999999999999986,0.0097,0.001599999999999999,-0.0315,0.0015000000000000013,0.052300000000000006,0.0010000000000000078,-0.0279,0.000899999999999998,0.0297,0.0017000000000000036,-0.03,0.0017000000000000001,0.027299999999999998,0.027699999999999995,0.03169999999999998,0.031700000000000006,0.03899999999999999,0.038899999999999976,0.0178,0.017700000000000007,0.011299999999999998,0.011000000000000003,0.02040000000000002,0.0209
1995-09-30,-0.0078000000000000005,0.0021999999999999997,0.018799999999999997,0.0022999999999999965,0.0,0.0026,0.023799999999999998,0.002700000000000001,0.0127,0.0031999999999999997,0.0319,0.0032999999999999974,0.0363,0.0015999999999999973,0.0799,0.0016999999999999932,0.0124,0.0008999999999999998,-0.0072,0.0009000000000000015,0.008,0.0018000000000000004,0.0105,0.0017000000000000001,0.0274,0.02779999999999999,0.03179999999999999,0.0318,0.039,0.03899999999999998,0.0183,0.0182,0.011299999999999998,0.011000000000000003,0.02060000000000002,0.020999999999999994
1995-10-31,-0.0079,0.002199999999999999,0.0059,0.0021999999999999997,-0.0032,0.0025999999999999994,0.0055000000000000005,0.0026000000000000007,0.004699999999999999,0.0031999999999999993,0.004699999999999999,0.0030999999999999995,-0.0664,0.0015000000000000013,-0.0416,0.0015000000000000013,-0.018799999999999997,0.0009000000000000015,-0.0359,0.0010000000000000009,-0.013000000000000001,0.0016999999999999984,-0.0165,0.0017000000000000001,0.0274,0.027599999999999993,0.031699999999999985,0.031599999999999996,0.0388,0.03859999999999998,0.0186,0.018499999999999996,0.011199999999999998,0.011000000000000003,0.02060000000000002,0.0209
1995-11-30,0.0263,0.0023,0.0007000000000000001,0.0023,0.031200000000000002,0.002700000000000001,0.0033,0.0026,0.0393,0.0032999999999999974,0.0077,0.0031999999999999997,0.0108,0.0016000000000000007,0.0066,0.0015999999999999999,0.043,0.000899999999999998,0.0409,0.000999999999999994,0.0374,0.0019000000000000059,0.0229,0.001800000000000003,0.0274,0.0277,0.031699999999999985,0.03169999999999999,0.0388,0.03859999999999999,0.019,0.018999999999999993,0.011199999999999991,0.011199999999999995,0.020800000000000027,0.021100000000000004
1995-12-31,0.029300000000000003,0.0023,0.042,0.0023000000000000034,0.0233,0.002700000000000001,0.0365,0.002700000000000001,0.0132,0.0031999999999999997,0.0273,0.003300000000000001,-0.0192,0.0016000000000000007,-0.0292,0.0016000000000000007,0.057999999999999996,0.000899999999999998,0.04650000000000001,0.0010000000000000078,0.0378,0.001799999999999996,0.037599999999999995,0.001799999999999996,0.0275,0.027700000000000002,0.03169999999999999,0.03169999999999999,0.038700000000000005,0.038599999999999995,0.0194,0.019399999999999994,0.011099999999999988,0.011300000000000004,0.020900000000000023,0.021099999999999997
1996-01-31,0.053899999999999997,0.001999999999999995,0.0154,0.001899999999999999,0.0424,0.0023999999999999994,0.0086,0.0024000000000000002,0.0233,0.003100000000000002,-0.0029,0.0031000000000000003,0.030899999999999997,0.0015999999999999938,-0.022000000000000002,0.0014999999999999979,0.0294,0.0010000000000000009,0.0014000000000000002,0.0010000000000000002,0.0358,0.0017000000000000001,0.0045000000000000005,0.0017000000000000001,0.02729999999999999,0.027299999999999998,0.03149999999999999,0.0315,0.038700000000000005,0.038599999999999995,0.019399999999999994,0.01929999999999999,0.011199999999999991,0.011499999999999996,0.02100000000000002,0.0212
1996-02-29,0.0096,0.001999999999999999,0.0216,0.0020000000000000018,0.0055000000000000005,0.0023000000000000004,0.0176,0.002400000000000001,-0.0013,0.0031000000000000003,0.0108,0.0031000000000000003,0.040999999999999995,0.0015999999999999973,0.0805,0.001700000000000007,-0.024399999999999998,0.0009000000000000015,-0.0096,0.0010000000000000009,-0.0092,0.0016000000000000007,0.005,0.0017000000000000001,0.02699999999999999,0.026899999999999993,0.03119999999999999,0.0313,0.0386,0.03859999999999999,0.01939999999999999,0.019299999999999998,0.011199999999999995,0.011599999999999996,0.02090000000000002,0.0211
1996-03-31,0.0223,0.001899999999999999,0.0232,0.001899999999999999,0.0147,0.0023999999999999994,0.014199999999999999,0.0023999999999999994,0.0016,0.0031000000000000003,-0.0014000000000000002,0.003,0.0088,0.0015000000000000005,0.011399999999999999,0.001599999999999999,0.0403,0.0010000000000000009,0.0264,0.0010000000000000009,0.0259,0.0015999999999999973,0.0191,0.0015999999999999973,0.02669999999999999,0.026399999999999993,0.03099999999999999,0.031,0.038400000000000004,0.03819999999999999,0.019299999999999987,0.019399999999999997,0.011299999999999998,0.01160000000000001,0.020800000000000016,0.020900000000000002
1996-04-30,0.0352,0.001899999999999999,0.0034000000000000002,0.0019000000000000002,0.0359,0.0023999999999999994,0.011000000000000001,0.002400000000000001,0.037000000000000005,0.0032000000000000084,0.0245,0.0032000000000000015,0.0334,0.0015999999999999973,0.0079,0.0015000000000000005,0.0359,0.0010000000000000009,0.0482,0.0010000000000000009,0.036000000000000004,0.0017000000000000001,0.0292,0.0016000000000000007,0.02619999999999999,0.025899999999999996,0.030699999999999988,0.030699999999999998,0.03840000000000002,0.038099999999999995,0.01919999999999999,0.01919999999999999,0.011299999999999998,0.011600000000000003,0.020700000000000014,0.020700000000000007
1996-05-31,0.0049,0.002,0.0068000000000000005,0.0019000000000000006,-0.0017000000000000001,0.0023,0.0096,0.0023999999999999994,-0.0131,0.003100000000000002,0.0143,0.0030999999999999986,0.022000000000000002,0.0016000000000000007,0.032,0.0016000000000000007,-0.0173,0.0009000000000000015,-0.0331,0.000900000000000005,-0.0070999999999999995,0.0015999999999999999,-0.0097,0.0016999999999999984,0.02579999999999999,0.025499999999999995,0.030299999999999994,0.0305,0.038200000000000005,0.03799999999999999,0.019199999999999995,0.019199999999999995,0.011299999999999994,0.01160000000000001,0.020600000000000014,0.020700000000000003
1996-06-30,0.0159,0.0019000000000000024,0.0163,0.001899999999999999,0.0062,0.0022999999999999995,0.006999999999999999,0.0023,-0.010700000000000001,0.002999999999999999,-0.0091,0.002999999999999999,0.001,0.0015999999999999999,0.0121,0.001599999999999999,0.016200000000000003,0.0009000000000000015,0.0034000000000000002,0.0010000000000000005,0.0098,0.0016000000000000007,0.0045000000000000005,0.0017000000000000001,0.025399999999999992,0.025099999999999997,0.029999999999999995,0.0301,0.03810000000000001,0.03779999999999999,0.01909999999999999,0.019099999999999995,0.011299999999999998,0.011700000000000012,0.02050000000000001,0.0206
1996-07-31,-0.0527,0.001800000000000003,-0.0223,0.001899999999999999,-0.0336,0.0022000000000000006,-0.0134,0.0023000000000000017,0.0009,0.0031000000000000003,0.0026,0.0031,-0.0355,0.0016000000000000042,-0.020099999999999996,0.0015000000000000048,-0.0652,0.0009000000000000119,-0.046,0.000900000000000005,-0.0483,0.0015999999999999973,-0.029300000000000003,0.0015999999999999938,0.024799999999999996,0.024599999999999997,0.0295,0.029700000000000008,0.03780000000000001,0.0376,0.018999999999999993,0.018900000000000007,0.011200000000000022,0.011600000000000017,0.0203,0.02029999999999999
1996-08-31,0.0172,0.001899999999999999,0.0077,0.0019000000000000006,0.0278,0.0024999999999999988,0.022799999999999997,0.002399999999999996,0.0464,0.0032999999999999974,0.0496,0.0032000000000000015,0.058600000000000006,0.0017000000000000001,0.0564,0.0017000000000000001,-0.0106,0.0009999999999999992,-0.0254,0.0010000000000000009,0.0103,0.0017000000000000001,0.0008,0.0016,0.024399999999999995,0.0244,0.0294,0.0296,0.0379,0.037700000000000004,0.019099999999999992,0.019100000000000006,0.011200000000000015,0.01170000000000002,0.0203,0.02019999999999999
1996-09-30,0.048600000000000004,0.0020000000000000018,0.024900000000000002,0.0020000000000000018,0.0383,0.0023999999999999994,0.024399999999999998,0.002399999999999996,0.0206,0.0030999999999999986,0.0235,0.0030999999999999986,0.037599999999999995,0.0015999999999999903,0.0269,0.0016000000000000007,0.0521,0.000999999999999994,0.0353,0.000999999999999994,0.044800000000000006,0.001700000000000007,0.0301,0.0017000000000000001,0.024199999999999996,0.024100000000000003,0.029199999999999997,0.029299999999999996,0.03780000000000001,0.037500000000000006,0.019099999999999985,0.019000000000000013,0.011300000000000011,0.011800000000000012,0.020200000000000003,0.02019999999999999
1996-10-31,0.0018,0.0019,0.0039000000000000003,0.0019000000000000002,0.0042,0.0024,0.0199,0.0023999999999999994,0.0083,0.0031000000000000003,0.0472,0.0031999999999999945,0.025699999999999997,0.0015999999999999973,0.0345,0.001700000000000007,-0.030899999999999997,0.0010000000000000009,-0.048799999999999996,0.000899999999999998,-0.0097,0.0016999999999999984,-0.0095,0.0017000000000000019,0.023899999999999998,0.023800000000000005,0.028999999999999998,0.029099999999999994,0.037700000000000004,0.037599999999999995,0.01919999999999998,0.01920000000000002,0.01140000000000001,0.011700000000000009,0.020200000000000003,0.020199999999999992
1996-11-30,0.0672,0.0020000000000000018,0.0501,0.0020000000000000018,0.049,0.0023999999999999994,0.052000000000000005,0.0025000000000000022,0.0191,0.0030999999999999986,0.055099999999999996,0.0031999999999999945,0.07730000000000001,0.0016000000000000042,0.0559,0.0016000000000000042,0.0229,0.0011000000000000003,0.0262,0.0010000000000000009,0.039900000000000005,0.001800000000000003,0.0415,0.001800000000000003,0.0236,0.023500000000000007,0.028699999999999996,0.028999999999999998,0.037500000000000006,0.037599999999999995,0.019199999999999984,0.019200000000000023,0.011600000000000013,0.011700000000000016,0.0201,0.020199999999999992
1996-12-31,0.0218,0.0020000000000000018,0.0166,0.002,0.0207,0.0023999999999999994,0.0239,0.0024999999999999988,0.0189,0.003199999999999998,0.0358,0.0032000000000000015,0.040999999999999995,0.0015999999999999973,0.0282,0.0015999999999999973,-0.0358,0.0010000000000000009,-0.049699999999999994,0.0010000000000000078,-0.005,0.0017000000000000001,-0.0109,0.0017999999999999995,0.0233,0.023200000000000005,0.028399999999999995,0.028799999999999996,0.037500000000000006,0.03749999999999999,0.01919999999999998,0.01920000000000002,0.011700000000000016,0.011700000000000016,0.020000000000000004,0.020199999999999996
1997-01-31,0.0775,0.0016999999999999932,0.0131,0.0016000000000000007,0.0621,0.0019000000000000059,-0.0029,0.0017999999999999995,0.0366,0.0023999999999999994,-0.029500000000000002,0.002199999999999997,0.0875,0.0015999999999999903,0.0377,0.0015999999999999973,-0.049699999999999994,0.0014000000000000123,-0.08410000000000001,0.0013999999999999985,0.0161,0.0017000000000000001,-0.0338,0.0015000000000000013,0.023,0.022900000000000004,0.0279,0.028199999999999996,0.036800000000000006,0.03659999999999999,0.019199999999999978,0.01930000000000002,0.012100000000000027,0.012100000000000014,0.020000000000000004,0.019999999999999997
1997-02-28,0.0417,0.0016000000000000042,0.0085,0.0016000000000000007,0.0304,0.0017999999999999995,0.0151,0.0017999999999999995,0.010700000000000001,0.0023000000000000017,0.0268,0.002400000000000003,0.0333,0.0015000000000000013,-0.0002,0.0015,0.0152,0.0014999999999999996,0.0203,0.0015000000000000013,0.022799999999999997,0.0017000000000000001,0.014499999999999999,0.0016999999999999984,0.022600000000000006,0.022500000000000006,0.0274,0.027599999999999993,0.036000000000000004,0.035899999999999994,0.01909999999999998,0.01910000000000001,0.012700000000000024,0.012600000000000014,0.020100000000000003,0.019999999999999993
1997-03-31,0.0304,0.0016000000000000007,0.045899999999999996,0.0015999999999999973,0.0195,0.001899999999999999,0.0329,0.001899999999999999,0.0008,0.0023,0.0104,0.0022999999999999982,0.0231,0.0014999999999999979,0.0286,0.0015999999999999973,-0.018000000000000002,0.0014999999999999979,-0.0342,0.0013999999999999985,0.0037,0.0016000000000000003,0.0038,0.0015999999999999999,0.022300000000000007,0.022200000000000004,0.0269,0.027099999999999992,0.0352,0.03519999999999999,0.019099999999999978,0.01910000000000001,0.01320000000000002,0.013000000000000012,0.020100000000000007,0.019999999999999997
1997-04-30,0.024399999999999998,0.0016000000000000007,-0.0102,0.0014999999999999979,0.0252,0.001899999999999999,-0.0021,0.0018000000000000004,0.026600000000000002,0.002400000000000003,0.0124,0.0023,-0.0105,0.0014999999999999996,-0.0545,0.0013999999999999985,0.0345,0.0015000000000000013,0.013600000000000001,0.001400000000000002,0.030899999999999997,0.0016999999999999967,0.005699999999999999,0.0015999999999999999,0.02200000000000001,0.0218,0.0264,0.026499999999999992,0.03439999999999999,0.03429999999999998,0.018999999999999982,0.019000000000000006,0.013700000000000021,0.013400000000000013,0.020100000000000003,0.019999999999999997
1997-05-31,0.018500000000000003,0.0016000000000000042,0.037200000000000004,0.0016000000000000042,0.0256,0.001800000000000003,0.0394,0.001800000000000003,0.038,0.0023999999999999994,0.0433,0.0023000000000000034,0.0592,0.0016000000000000042,0.071,0.0015999999999999903,0.0453,0.0015000000000000013,0.1128,0.0016000000000000042,0.037000000000000005,0.001700000000000007,0.0723,0.0016000000000000042,0.021600000000000015,0.021500000000000005,0.025900000000000003,0.025899999999999996,0.033699999999999994,0.03349999999999999,0.018999999999999986,0.018999999999999996,0.014300000000000021,0.014100000000000012,0.02020000000000001,0.0199
1997-06-30,0.0875,0.0015999999999999903,0.0658,0.0016000000000000042,0.0545,0.001800000000000003,0.048,0.001899999999999999,-0.0023,0.0022000000000000006,0.0173,0.0023,0.067,0.0016000000000000042,0.0587,0.0016000000000000042,0.0435,0.0014999999999999944,0.055999999999999994,0.0014999999999999944,0.050499999999999996,0.0017000000000000001,0.0519,0.0015999999999999973,0.021300000000000003,0.02120000000000001,0.025400000000000006,0.025499999999999995,0.0329,0.03279999999999999,0.018999999999999993,0.019,0.014900000000000014,0.014600000000000005,0.020300000000000012,0.019799999999999998
1997-07-31,0.0946,0.0015999999999999903,0.0417,0.0016000000000000042,0.08410000000000001,0.001899999999999999,0.044199999999999996,0.001799999999999996,0.065,0.0023999999999999994,0.0489,0.0023999999999999924,0.0861,0.0016000000000000042,0.042800000000000005,0.0015000000000000083,0.0069,0.0013999999999999993,-0.0229,0.001299999999999999,0.0536,0.0015999999999999973,0.0196,0.0015999999999999973,0.02109999999999999,0.020900000000000016,0.025100000000000004,0.024999999999999988,0.03219999999999999,0.03209999999999998,0.018999999999999993,0.019000000000000003,0.015400000000000002,0.015,0.020300000000000012,0.019800000000000005
1997-08-31,-0.09230000000000001,0.0013999999999999846,-0.07629999999999999,0.0013999999999999985,-0.0635,0.0016999999999999932,-0.056900000000000006,0.0017000000000000001,-0.0111,0.0023,-0.0218,0.0022000000000000006,-0.056600000000000004,0.0013999999999999915,-0.0437,0.0013999999999999985,-0.0852,0.0012000000000000066,-0.1026,0.0013000000000000095,-0.0683,0.0015000000000000013,-0.0704,0.0015000000000000013,0.020599999999999976,0.02040000000000001,0.0243,0.024299999999999992,0.0312,0.031099999999999985,0.018699999999999984,0.0187,0.01560000000000001,0.015300000000000008,0.020100000000000014,0.019700000000000006
1997-09-30,0.0731,0.0015999999999999903,0.0969,0.001700000000000007,0.0789,0.001899999999999999,0.0931,0.0019000000000000128,0.0888,0.0023999999999999994,0.0867,0.0023999999999999994,0.08259999999999999,0.0015000000000000013,0.12300000000000001,0.0016000000000000042,0.0,0.0013,-0.0058,0.0013,0.047599999999999996,0.0017000000000000001,0.0564,0.0017000000000000001,0.020199999999999965,0.020100000000000014,0.023799999999999998,0.02380000000000001,0.0305,0.030399999999999986,0.018599999999999995,0.018700000000000005,0.015900000000000015,0.015600000000000013,0.020100000000000007,0.019700000000000006
1997-10-31,-0.0771,0.0013999999999999985,-0.051,0.0015000000000000013,-0.07490000000000001,0.0015999999999999903,-0.0462,0.0017000000000000001,-0.071,0.0021000000000000046,-0.0379,0.0021999999999999936,-0.0895,0.0013000000000000095,-0.077,0.0012999999999999956,-0.11220000000000001,0.0011999999999999927,-0.11289999999999999,0.0012000000000000205,-0.0861,0.0013999999999999985,-0.0706,0.0015000000000000013,0.01969999999999996,0.019700000000000016,0.02299999999999999,0.02310000000000001,0.029500000000000005,0.029399999999999985,0.018300000000000007,0.018299999999999993,0.016100000000000007,0.015900000000000036,0.019800000000000005,0.019500000000000003
1997-11-30,0.0446,0.0016000000000000042,0.0213,0.0015000000000000013,0.029300000000000003,0.0019000000000000024,0.016399999999999998,0.0017999999999999978,0.0029,0.0021999999999999997,0.008,0.002300000000000001,0.0273,0.0015000000000000013,-0.0003,0.0015,-0.011000000000000001,0.001299999999999999,-0.0601,0.0011999999999999997,0.0146,0.001599999999999999,-0.0113,0.0016000000000000007,0.019299999999999963,0.019200000000000016,0.022499999999999992,0.022400000000000003,0.028600000000000007,0.02849999999999999,0.018200000000000004,0.01819999999999999,0.016300000000000005,0.016100000000000034,0.0196,0.0193
1997-12-31,0.061399999999999996,0.0015999999999999903,0.0392,0.0016000000000000042,0.0613,0.001899999999999999,0.036699999999999997,0.001899999999999999,0.0611,0.0023999999999999994,0.0322,0.0022999999999999965,0.0172,0.0013999999999999985,-0.0070999999999999995,0.0015000000000000005,-0.029300000000000003,0.001299999999999999,-0.051500000000000004,0.0011999999999999927,0.027200000000000002,0.0017000000000000036,0.005,0.0015999999999999999,0.01889999999999995,0.018800000000000018,0.021999999999999992,0.021800000000000007,0.02780000000000001,0.027599999999999986,0.018000000000000006,0.018099999999999995,0.016600000000000004,0.01630000000000002,0.019600000000000003,0.019100000000000002
1998-01-31,0.0593,0.0017000000000000001,0.0431,0.0015999999999999973,0.0565,0.001899999999999999,0.044800000000000006,0.00180000000000001,0.051399999999999994,0.0022999999999999896,0.0478,0.0023000000000000034,0.0321,0.0017999999999999995,0.0111,0.0017000000000000019,0.0359,0.0013000000000000025,0.058899999999999994,0.0013999999999999915,0.0471,0.0016000000000000042,0.046,0.0015999999999999973,0.01889999999999996,0.018800000000000018,0.021999999999999985,0.021800000000000014,0.0277,0.027699999999999992,0.018200000000000015,0.018199999999999997,0.016499999999999994,0.016300000000000012,0.019500000000000007,0.0192
1998-02-28,0.078,0.0016000000000000042,0.0848,0.0016000000000000042,0.0739,0.001899999999999985,0.0809,0.001899999999999999,0.0664,0.0023999999999999994,0.0738,0.0024000000000000132,0.0766,0.001899999999999999,0.0863,0.0019000000000000128,0.0294,0.001299999999999999,0.0371,0.0014000000000000054,0.0576,0.001799999999999996,0.0646,0.001700000000000007,0.01889999999999996,0.018800000000000018,0.02209999999999997,0.021900000000000017,0.027799999999999995,0.027700000000000002,0.018600000000000012,0.018600000000000012,0.01629999999999999,0.016200000000000016,0.019600000000000003,0.01920000000000001
1998-03-31,0.106,0.0016999999999999932,0.08199999999999999,0.0016999999999999932,0.08070000000000001,0.0019000000000000128,0.0712,0.001899999999999999,0.0345,0.0023000000000000034,0.0516,0.0023999999999999994,0.08220000000000001,0.0019000000000000128,0.0747,0.001899999999999999,-0.014199999999999999,0.0013000000000000008,-0.0565,0.0013000000000000025,0.051699999999999996,0.0016999999999999932,0.032400000000000005,0.001700000000000007,0.01899999999999995,0.018900000000000014,0.022099999999999984,0.021900000000000017,0.0278,0.027800000000000002,0.019000000000000027,0.018900000000000014,0.016099999999999996,0.01610000000000002,0.019699999999999995,0.019300000000000015
1998-04-30,-0.0060999999999999995,0.0016000000000000007,0.021099999999999997,0.0015999999999999973,-0.0023,0.0017999999999999995,0.0152,0.0017999999999999995,0.005,0.0023,0.0043,0.0023,0.0174,0.0016999999999999967,0.048799999999999996,0.001799999999999996,-0.0282,0.0013000000000000025,-0.023,0.0011999999999999997,-0.0068000000000000005,0.0017000000000000001,0.0073,0.0016000000000000007,0.01899999999999995,0.019000000000000017,0.021999999999999985,0.021900000000000017,0.027699999999999995,0.027800000000000002,0.019200000000000023,0.01930000000000001,0.015899999999999997,0.01590000000000002,0.0197,0.019300000000000015
1998-05-31,0.048499999999999995,0.0015999999999999903,0.057,0.0016000000000000042,0.0305,0.0017999999999999995,0.027999999999999997,0.001799999999999996,-0.0039000000000000003,0.0022999999999999995,-0.0278,0.0022000000000000006,0.014499999999999999,0.0017999999999999995,0.009000000000000001,0.001700000000000001,-0.0202,0.0012000000000000031,-0.0617,0.0011000000000000107,0.0158,0.0017000000000000019,0.0018,0.0017,0.018999999999999937,0.019000000000000017,0.02199999999999998,0.02190000000000001,0.027599999999999993,0.0277,0.019400000000000018,0.01940000000000002,0.0156,0.015400000000000025,0.019699999999999995,0.019400000000000008
1998-06-30,0.0181,0.0016000000000000007,0.0029,0.0015999999999999999,0.0087,0.0017999999999999995,0.005,0.0017000000000000001,-0.011200000000000002,0.0020999999999999994,0.0096,0.002199999999999999,0.0152,0.0016999999999999984,-0.001,0.0017000000000000001,-0.0045000000000000005,0.0011999999999999988,-0.0085,0.001299999999999999,0.0051,0.0016000000000000007,0.0008,0.0016,0.018999999999999947,0.019000000000000013,0.021999999999999978,0.02170000000000001,0.027499999999999993,0.027599999999999996,0.01950000000000001,0.019500000000000017,0.015300000000000003,0.01520000000000003,0.019599999999999996,0.01940000000000001
1998-07-31,0.019,0.0016000000000000007,0.0347,0.0016000000000000042,0.0123,0.0017999999999999995,0.0174,0.0016999999999999967,-0.0009,0.0021000000000000003,-0.0166,0.002100000000000001,0.0079,0.001700000000000001,0.0176,0.0017999999999999995,0.0195,0.0011999999999999997,-0.0149,0.0011999999999999997,0.011699999999999999,0.001599999999999999,0.006,0.0015999999999999999,0.018999999999999958,0.01900000000000001,0.02189999999999998,0.021600000000000008,0.027199999999999995,0.027300000000000005,0.01960000000000001,0.01980000000000001,0.015100000000000004,0.01510000000000003,0.019599999999999996,0.019400000000000014
1998-08-31,-0.14730000000000001,0.0012999999999999678,-0.1366,0.0012999999999999956,-0.1318,0.0015000000000000013,-0.1198,0.0015000000000000013,-0.09949999999999999,0.0019000000000000128,-0.08460000000000001,0.001899999999999999,-0.15960000000000002,0.0013999999999999846,-0.1691,0.0012999999999999956,-0.12240000000000001,0.0010999999999999899,-0.11220000000000001,0.0010999999999999899,-0.1329,0.0014000000000000123,-0.12390000000000001,0.0013999999999999846,0.01889999999999994,0.018900000000000007,0.021699999999999987,0.02140000000000001,0.026800000000000008,0.027000000000000003,0.019600000000000003,0.019700000000000006,0.014999999999999987,0.01490000000000001,0.019500000000000007,0.019299999999999998
1998-09-30,-0.09,0.0014000000000000123,-0.0417,0.0015000000000000013,-0.0704,0.0016000000000000042,-0.0318,0.0017000000000000001,-0.0323,0.0020999999999999977,-0.0126,0.0022000000000000006,-0.0916,0.0015000000000000013,-0.0516,0.0016000000000000042,-0.0287,0.0012000000000000031,0.0048,0.0013,-0.0584,0.0015000000000000013,-0.0215,0.0016000000000000007,0.018699999999999963,0.0187,0.021399999999999992,0.021199999999999997,0.026500000000000006,0.026800000000000004,0.019600000000000003,0.019700000000000006,0.01489999999999999,0.014900000000000012,0.019300000000000008,0.0192
1998-10-31,0.0724,0.0016000000000000042,0.0843,0.0016000000000000042,0.0729,0.0019000000000000128,0.0754,0.001899999999999999,0.0738,0.0022999999999999965,0.058600000000000006,0.0023000000000000104,0.0736,0.001799999999999996,0.0793,0.0016999999999999932,0.0334,0.0013000000000000025,0.1729,0.0015000000000000013,0.0643,0.0016999999999999932,0.1007,0.001799999999999996,0.01889999999999997,0.018800000000000004,0.021700000000000014,0.021399999999999995,0.026699999999999998,0.02690000000000002,0.02009999999999999,0.020100000000000003,0.015,0.015199999999999993,0.019600000000000003,0.019499999999999993
1998-11-30,0.085,0.0016000000000000042,0.0616,0.0016000000000000042,0.0742,0.001799999999999996,0.0535,0.001800000000000003,0.053,0.0022000000000000006,0.0377,0.0022000000000000006,0.0791,0.001700000000000007,0.0484,0.0017000000000000001,0.08789999999999999,0.0013999999999999846,0.0438,0.0012999999999999956,0.0764,0.0016999999999999932,0.050199999999999995,0.0017000000000000001,0.01889999999999997,0.018900000000000007,0.021600000000000008,0.021400000000000002,0.026699999999999998,0.02680000000000002,0.020299999999999995,0.020300000000000002,0.015099999999999985,0.015299999999999989,0.0197,0.019599999999999992
1998-12-31,0.028900000000000002,0.0015000000000000013,0.044199999999999996,0.0015999999999999973,0.027200000000000002,0.0017000000000000036,0.04019999999999999,0.001799999999999996,0.023799999999999998,0.0020999999999999977,0.0322,0.0022000000000000006,0.0379,0.0016000000000000042,0.0425,0.0016000000000000042,-0.0379,0.0011999999999999997,0.0264,0.0013000000000000025,0.0103,0.0016000000000000007,0.035699999999999996,0.0015999999999999973,0.01879999999999998,0.0189,0.021400000000000013,0.0213,0.026399999999999996,0.026700000000000026,0.0205,0.020400000000000005,0.014999999999999986,0.015399999999999999,0.019599999999999996,0.01959999999999999
1999-01-31,0.0229,0.001299999999999999,-0.0146,0.0013000000000000008,0.0191,0.0015999999999999973,-0.0106,0.0014999999999999996,0.011200000000000002,0.002100000000000001,-0.0022,0.0019999999999999996,0.0528,0.0011000000000000038,0.0562,0.0011000000000000038,0.0287,0.0010000000000000009,0.006,0.001,0.024700000000000003,0.001400000000000002,0.0003,0.0013,0.01839999999999998,0.018600000000000005,0.02110000000000001,0.02099999999999999,0.026200000000000008,0.026400000000000024,0.019800000000000005,0.01980000000000001,0.014699999999999984,0.015000000000000006,0.019399999999999994,0.01929999999999999
1999-02-28,-0.0108,0.001299999999999999,-0.0458,0.0011999999999999997,0.0089,0.0015999999999999999,-0.022000000000000002,0.0015999999999999973,0.048499999999999995,0.0020999999999999977,0.025699999999999997,0.0020999999999999977,-0.0067,0.001,-0.051399999999999994,0.0009000000000000119,-0.002,0.001,-0.0252,0.000899999999999998,0.0027,0.0014000000000000002,-0.026099999999999998,0.0013000000000000025,0.018099999999999974,0.0182,0.020800000000000027,0.02069999999999999,0.025900000000000006,0.02610000000000001,0.018900000000000004,0.018800000000000008,0.014399999999999986,0.014499999999999999,0.019,0.018899999999999986
1999-03-31,0.011899999999999999,0.001299999999999999,-0.001,0.0013,0.0146,0.001599999999999999,0.0074,0.0016000000000000007,0.0196,0.0020999999999999977,0.0233,0.0020000000000000018,0.0507,0.0010000000000000078,0.047,0.0010000000000000009,0.1226,0.0011000000000000038,0.1324,0.0010999999999999899,0.045899999999999996,0.0013999999999999915,0.0438,0.0013999999999999985,0.01769999999999998,0.017800000000000007,0.02050000000000001,0.02039999999999999,0.0257,0.02570000000000001,0.018,0.01790000000000001,0.01419999999999999,0.014299999999999986,0.018699999999999998,0.018599999999999978
1999-04-30,0.046900000000000004,0.0014000000000000054,0.024399999999999998,0.0013999999999999985,0.04769999999999999,0.0016999999999999932,0.032,0.0016000000000000007,0.049100000000000005,0.0021000000000000046,0.046,0.0021000000000000046,0.0696,0.0011999999999999927,0.0481,0.0010999999999999968,0.0737,0.0010000000000000009,0.0732,0.0011000000000000038,0.056799999999999996,0.0013999999999999985,0.0472,0.0013999999999999985,0.017499999999999984,0.01760000000000001,0.020400000000000005,0.020199999999999992,0.025500000000000005,0.025500000000000016,0.017499999999999995,0.01720000000000001,0.013899999999999989,0.01419999999999999,0.018399999999999996,0.018399999999999975
1999-05-31,-0.0296,0.0012999999999999956,-0.039,0.0013000000000000025,-0.0368,0.0015000000000000013,-0.0446,0.0015000000000000013,-0.049699999999999994,0.0019000000000000059,-0.054400000000000004,0.001899999999999992,-0.0172,0.0011000000000000003,-0.032,0.0010999999999999968,-0.038900000000000004,0.000899999999999998,-0.0501,0.000899999999999998,-0.0355,0.0013000000000000025,-0.0447,0.0014000000000000054,0.01719999999999999,0.01730000000000001,0.020100000000000007,0.019899999999999994,0.02510000000000001,0.025200000000000007,0.016799999999999995,0.016600000000000007,0.013599999999999984,0.013999999999999978,0.017999999999999995,0.018099999999999984
1999-06-30,0.029300000000000003,0.001400000000000002,0.013600000000000001,0.0013000000000000008,0.0262,0.0016000000000000007,0.0103,0.0016000000000000007,0.0207,0.0020999999999999977,0.0042,0.0021,0.078,0.0010999999999999899,0.0753,0.0012000000000000066,0.0931,0.000999999999999987,0.0931,0.000899999999999998,0.0482,0.0014000000000000054,0.0378,0.0013999999999999985,0.01699999999999999,0.017000000000000008,0.019900000000000008,0.019799999999999995,0.02510000000000001,0.025100000000000008,0.01619999999999999,0.016100000000000014,0.013399999999999971,0.013599999999999977,0.0178,0.017899999999999982
1999-07-31,-0.0296,0.0012999999999999956,0.008100000000000001,0.0013000000000000008,-0.0233,0.0014999999999999979,0.0109,0.001599999999999999,-0.0118,0.002,0.0158,0.002100000000000001,0.0055000000000000005,0.001,0.0403,0.0011000000000000038,0.0348,0.000899999999999998,0.0788,0.000999999999999987,-0.0028000000000000004,0.0013999999999999993,0.0323,0.0014000000000000054,0.016699999999999986,0.016700000000000007,0.019600000000000006,0.019699999999999995,0.02500000000000001,0.025100000000000008,0.015499999999999988,0.015400000000000018,0.01309999999999997,0.013399999999999964,0.0176,0.017699999999999987
1999-08-31,0.0353,0.0013999999999999985,0.021099999999999997,0.0013999999999999985,0.024900000000000002,0.0016000000000000007,0.013000000000000001,0.0016000000000000025,0.0064,0.0021000000000000003,-0.0012,0.0021000000000000003,0.0078000000000000005,0.0011000000000000003,-0.0021,0.0011000000000000003,-0.0199,0.0007999999999999986,0.0144,0.000899999999999998,0.0086,0.0014000000000000002,0.011699999999999999,0.001299999999999999,0.016800000000000016,0.01680000000000001,0.019700000000000006,0.019799999999999998,0.025199999999999997,0.02530000000000001,0.015200000000000003,0.015200000000000023,0.012799999999999978,0.013199999999999972,0.01759999999999999,0.0176
1999-09-30,-0.0126,0.001299999999999999,-0.0040999999999999995,0.0013000000000000008,-0.023399999999999997,0.0015000000000000048,-0.0098,0.001599999999999999,-0.043,0.0020000000000000018,-0.0202,0.0020000000000000018,0.011000000000000001,0.001100000000000002,0.019299999999999998,0.0010999999999999968,0.0245,0.0007999999999999986,0.0509,0.0008000000000000021,-0.0059,0.0013,0.011399999999999999,0.001299999999999999,0.016700000000000003,0.01660000000000001,0.019600000000000006,0.019699999999999995,0.0251,0.02510000000000001,0.014800000000000004,0.014700000000000015,0.012399999999999974,0.012699999999999973,0.01739999999999999,0.0173
1999-10-31,0.0391,0.0014000000000000054,0.0255,0.0013999999999999985,0.0347,0.0016000000000000042,0.0245,0.0016000000000000007,0.0265,0.0019999999999999983,0.0226,0.0019999999999999983,0.1013,0.0011000000000000038,0.0908,0.0011000000000000038,0.042800000000000005,0.0008000000000000021,0.0591,0.0008000000000000021,0.0417,0.0013000000000000025,0.0406,0.0012999999999999956,0.016500000000000004,0.016400000000000005,0.019299999999999998,0.0194,0.024800000000000003,0.0248,0.014100000000000012,0.014100000000000026,0.011899999999999973,0.011999999999999974,0.016999999999999998,0.0168
1999-11-30,0.069,0.0014000000000000123,0.0239,0.001400000000000002,0.0639,0.0017000000000000001,0.0235,0.0014999999999999979,0.054299999999999994,0.001999999999999988,0.0229,0.0020000000000000018,0.16269999999999998,0.0010999999999999899,0.12,0.000999999999999987,0.058899999999999994,0.0007999999999999952,0.0771,0.0007000000000000062,0.0666,0.0013000000000000095,0.0471,0.0012000000000000066,0.016300000000000012,0.0162,0.019200000000000002,0.019099999999999992,0.02459999999999999,0.0246,0.013499999999999995,0.013400000000000013,0.011299999999999984,0.011399999999999985,0.01660000000000001,0.016300000000000005
1999-12-31,0.1233,0.0015000000000000152,0.1232,0.0014000000000000123,0.0978,0.0016000000000000042,0.10289999999999999,0.0016999999999999932,0.0499,0.0020000000000000018,0.0645,0.0020000000000000018,0.2065,0.0009999999999999731,0.2066,0.0010999999999999899,0.0537,0.0006999999999999992,0.056600000000000004,0.0008000000000000021,0.0902,0.0012999999999999956,0.0949,0.0013000000000000095,0.016300000000000026,0.016000000000000014,0.019100000000000002,0.01899999999999999,0.024499999999999994,0.0244,0.012899999999999964,0.012899999999999998,0.010799999999999983,0.010899999999999984,0.016300000000000005,0.016000000000000018
2000-01-31,-0.0453,0.0013999999999999985,-0.0728,0.0013999999999999985,-0.0587,0.0014999999999999944,-0.07629999999999999,0.0013999999999999985,-0.0859,0.0015000000000000013,-0.0833,0.0016000000000000042,0.0172,0.0011000000000000003,-0.013500000000000002,0.0009999999999999974,-0.0177,0.0008000000000000021,-0.0576,0.0008000000000000021,-0.0381,0.0011999999999999997,-0.0632,0.0011999999999999927,0.016400000000000026,0.01610000000000001,0.019,0.018899999999999993,0.023899999999999994,0.024000000000000004,0.01289999999999996,0.012799999999999992,0.010599999999999984,0.010699999999999987,0.016100000000000003,0.01590000000000001
2000-02-29,0.0965,0.0016999999999999932,0.0789,0.001700000000000007,0.0672,0.0016000000000000042,0.046900000000000004,0.0016000000000000042,0.0067,0.0015999999999999999,-0.019299999999999998,0.0016000000000000007,0.1235,0.0010000000000000009,0.115,0.0011000000000000038,0.0037,0.0007000000000000001,-0.0207,0.0007999999999999986,0.049800000000000004,0.0013000000000000095,0.0297,0.0013000000000000025,0.01680000000000002,0.016600000000000018,0.019000000000000003,0.0189,0.023399999999999997,0.023500000000000007,0.01289999999999996,0.012999999999999984,0.010299999999999983,0.010599999999999988,0.016000000000000014,0.01590000000000001
2000-03-31,0.0074,0.0016000000000000007,0.0028000000000000004,0.0015000000000000005,0.0232,0.0015999999999999973,0.0241,0.0016000000000000007,0.0552,0.001800000000000003,0.0673,0.001799999999999996,-0.0003,0.001,0.0018,0.0009,0.0089,0.0007999999999999986,0.06709999999999999,0.0007999999999999952,0.019,0.001299999999999999,0.038,0.0013000000000000025,0.01710000000000002,0.01680000000000002,0.019000000000000003,0.0189,0.023100000000000002,0.0233,0.012899999999999953,0.012899999999999983,0.009999999999999978,0.010299999999999993,0.015900000000000022,0.015800000000000015
2000-04-30,-0.006999999999999999,0.0015000000000000013,-0.052199999999999996,0.0014000000000000054,-0.0115,0.0016000000000000007,-0.0482,0.0014999999999999944,-0.020099999999999996,0.0017000000000000036,-0.0406,0.001700000000000007,0.033,0.000900000000000005,-0.011399999999999999,0.0010000000000000009,-0.030899999999999997,0.0008000000000000021,-0.0748,0.0006999999999999923,-0.0143,0.0013000000000000008,-0.053099999999999994,0.0011999999999999997,0.017200000000000017,0.016800000000000027,0.01890000000000001,0.01879999999999999,0.0227,0.022900000000000004,0.012599999999999965,0.012799999999999987,0.009799999999999979,0.009899999999999982,0.015800000000000022,0.015600000000000017
2000-05-31,-0.0062,0.0016000000000000007,0.0108,0.0014999999999999996,-0.002,0.0017000000000000001,-0.006500000000000001,0.0016000000000000007,0.005699999999999999,0.001799999999999999,-0.0383,0.0017000000000000001,-0.0552,0.000900000000000005,-0.0495,0.000899999999999998,-0.0729,0.0007999999999999952,-0.0724,0.0007999999999999952,-0.0292,0.001299999999999999,-0.0315,0.0012999999999999956,0.017500000000000022,0.017000000000000026,0.01910000000000001,0.018899999999999993,0.022599999999999995,0.022700000000000012,0.01239999999999997,0.012599999999999988,0.009699999999999976,0.009799999999999979,0.01580000000000002,0.015500000000000007
2000-06-30,-0.0009,0.0014999999999999998,0.034,0.0015999999999999973,0.0016,0.0017000000000000001,0.028999999999999998,0.0015999999999999973,0.0062,0.0017999999999999995,0.0195,0.0017999999999999995,-0.0381,0.000899999999999998,-0.0074,0.0009999999999999992,0.0545,0.000899999999999998,0.07429999999999999,0.000899999999999998,0.018500000000000003,0.0013000000000000025,0.0432,0.0012999999999999956,0.01760000000000002,0.017300000000000024,0.01920000000000001,0.018899999999999986,0.022299999999999997,0.022400000000000014,0.012199999999999978,0.01239999999999998,0.009599999999999987,0.009799999999999979,0.015700000000000016,0.015400000000000004
2000-07-31,0.019299999999999998,0.0015999999999999973,-0.014499999999999999,0.0015000000000000013,0.0158,0.0017000000000000019,-0.0098,0.001599999999999999,0.0089,0.0018000000000000004,-0.0007000000000000001,0.0016999999999999997,-0.0218,0.0011000000000000003,-0.0596,0.000899999999999998,-0.0642,0.000800000000000009,-0.0919,0.0007999999999999952,-0.011899999999999999,0.0013000000000000008,-0.0379,0.0012999999999999956,0.01790000000000002,0.017500000000000022,0.019400000000000014,0.01889999999999999,0.022099999999999998,0.022000000000000013,0.01229999999999998,0.012199999999999975,0.009499999999999998,0.009599999999999987,0.01560000000000002,0.015299999999999994
2000-08-31,0.022000000000000002,0.0015000000000000048,-0.019,0.001400000000000002,0.0318,0.0016000000000000007,-0.0060999999999999995,0.0015000000000000005,0.0508,0.001799999999999996,0.019,0.0017999999999999995,0.033,0.0011000000000000038,-0.0016,0.0009999999999999998,0.035699999999999996,0.000999999999999994,0.056799999999999996,0.000899999999999998,0.0344,0.0013000000000000025,0.0166,0.001299999999999999,0.018000000000000026,0.017500000000000026,0.019400000000000014,0.018799999999999987,0.021799999999999993,0.02170000000000001,0.012299999999999983,0.012099999999999974,0.009699999999999993,0.009599999999999987,0.015500000000000022,0.015299999999999994
2000-09-30,-0.0416,0.0013999999999999985,-0.0463,0.0013999999999999915,-0.0433,0.0015000000000000083,-0.041100000000000005,0.0014999999999999944,-0.0464,0.0016000000000000042,-0.031400000000000004,0.0016999999999999932,-0.07719999999999999,0.0010000000000000148,-0.08900000000000001,0.000999999999999987,-0.0292,0.0007999999999999986,-0.0453,0.000899999999999998,-0.042199999999999994,0.0012000000000000066,-0.0478,0.0011999999999999997,0.018100000000000026,0.01760000000000002,0.019400000000000018,0.01869999999999998,0.021399999999999995,0.021400000000000002,0.012199999999999996,0.011999999999999964,0.009699999999999993,0.009699999999999983,0.015400000000000028,0.015199999999999995
2000-10-31,0.0269,0.0015000000000000013,-0.0138,0.0015000000000000013,0.0235,0.0016000000000000007,-0.009300000000000001,0.001599999999999999,0.0174,0.0017999999999999978,-0.0012,0.0018000000000000002,0.0034999999999999996,0.0010999999999999998,-0.0345,0.000999999999999994,-0.0509,0.0007999999999999952,-0.06269999999999999,0.0009000000000000119,-0.0045000000000000005,0.001299999999999999,-0.0302,0.001299999999999999,0.01820000000000002,0.01770000000000002,0.019400000000000014,0.01869999999999998,0.021199999999999993,0.021200000000000004,0.012199999999999992,0.011899999999999954,0.009699999999999986,0.009799999999999993,0.015400000000000025,0.015199999999999998
2000-11-30,-0.0529,0.0015000000000000013,-0.026000000000000002,0.0014999999999999979,-0.0436,0.0015999999999999973,-0.0341,0.0015999999999999973,-0.026600000000000002,0.001799999999999996,-0.0489,0.001800000000000003,-0.0541,0.000999999999999994,-0.040999999999999995,0.0010000000000000078,-0.0118,0.0008000000000000004,-0.0219,0.000899999999999998,-0.0353,0.0013000000000000025,-0.0322,0.0013000000000000025,0.01830000000000001,0.017800000000000014,0.01930000000000001,0.018799999999999976,0.021,0.021000000000000005,0.012099999999999996,0.011899999999999975,0.009699999999999992,0.009999999999999985,0.015400000000000018,0.015299999999999994
2000-12-31,-0.0033,0.0014999999999999996,0.0739,0.0015999999999999903,0.0031,0.0015999999999999999,0.0727,0.001799999999999996,0.015300000000000001,0.002,0.0704,0.0021000000000000046,-0.0097,0.0011999999999999997,0.0601,0.0012000000000000066,-0.0415,0.000899999999999998,-0.059000000000000004,0.000899999999999998,-0.010700000000000001,0.001299999999999999,0.030699999999999998,0.001399999999999995,0.018299999999999997,0.017999999999999995,0.019300000000000005,0.01889999999999998,0.021,0.021100000000000008,0.012300000000000023,0.011999999999999992,0.009899999999999992,0.01009999999999998,0.015400000000000021,0.01539999999999998
2001-01-31,0.023,0.0019999999999999983,0.0127,0.0019999999999999983,0.020499999999999997,0.0020999999999999977,0.0062,0.002,0.015600000000000001,0.0022000000000000006,-0.0063,0.0020999999999999994,-0.0129,0.0014999999999999996,-0.022000000000000002,0.0014999999999999979,0.0199,0.0011000000000000038,0.0040999999999999995,0.0010999999999999994,0.0189,0.0016000000000000007,0.0053,0.0017000000000000001,0.018899999999999997,0.018599999999999995,0.019900000000000008,0.019499999999999983,0.0217,0.021600000000000005,0.012700000000000022,0.012499999999999992,0.010199999999999994,0.010399999999999979,0.015800000000000022,0.015899999999999987
2001-02-28,-0.0708,0.0016999999999999932,-0.08220000000000001,0.001799999999999996,-0.0638,0.001799999999999996,-0.0754,0.0019000000000000128,-0.05,0.0020999999999999977,-0.0621,0.0020999999999999908,-0.162,0.0012999999999999678,-0.1789,0.0014000000000000123,-0.039900000000000005,0.000999999999999994,-0.0508,0.0010000000000000009,-0.0662,0.0016000000000000042,-0.0784,0.0014000000000000123,0.018899999999999997,0.01869999999999998,0.0201,0.01979999999999999,0.022199999999999998,0.022099999999999995,0.012999999999999989,0.0128,0.010499999999999987,0.010599999999999981,0.016100000000000017,0.015999999999999997
2001-03-31,-0.04769999999999999,0.00180000000000001,-0.0832,0.00180000000000001,-0.047400000000000005,0.001899999999999992,-0.0757,0.001899999999999999,-0.046799999999999994,0.0021000000000000046,-0.0611,0.001999999999999988,-0.0762,0.0014999999999999875,-0.11349999999999999,0.0014000000000000123,0.0059,0.0011000000000000003,-0.0535,0.0010000000000000009,-0.034300000000000004,0.0015999999999999973,-0.0717,0.0016000000000000042,0.019100000000000006,0.018999999999999993,0.020399999999999995,0.020099999999999993,0.0225,0.022299999999999986,0.013499999999999976,0.013300000000000013,0.010799999999999988,0.010799999999999987,0.016400000000000015,0.0163
2001-04-30,0.0602,0.001999999999999995,0.061799999999999994,0.0020999999999999977,0.0601,0.0021000000000000046,0.0634,0.0021999999999999936,0.059800000000000006,0.0023000000000000034,0.0664,0.0022999999999999965,0.1586,0.001700000000000007,0.16260000000000002,0.0017000000000000348,0.0641,0.0011000000000000038,0.0808,0.0011999999999999927,0.06559999999999999,0.001799999999999996,0.0738,0.001700000000000007,0.0196,0.019699999999999985,0.020900000000000002,0.020799999999999992,0.0231,0.022899999999999976,0.014299999999999978,0.014000000000000047,0.01109999999999999,0.011299999999999987,0.01690000000000001,0.016800000000000006
2001-05-31,-0.0147,0.0018000000000000013,-0.0562,0.001799999999999996,-0.015600000000000001,0.002,-0.045599999999999995,0.0019000000000000059,-0.0174,0.002100000000000001,-0.0255,0.0022000000000000006,-0.0165,0.0015000000000000013,-0.059000000000000004,0.0013999999999999985,-0.0339,0.0011000000000000038,-0.0040999999999999995,0.0011000000000000003,-0.019,0.0016000000000000007,-0.031400000000000004,0.0016999999999999932,0.019799999999999998,0.01999999999999998,0.0212,0.021099999999999994,0.0234,0.023399999999999976,0.014899999999999974,0.014500000000000048,0.011399999999999999,0.011599999999999992,0.01720000000000001,0.017200000000000003
2001-06-30,-0.0337,0.001799999999999996,-0.0347,0.001899999999999999,-0.0296,0.001899999999999999,-0.0336,0.0020000000000000018,-0.022099999999999998,0.002200000000000004,-0.0316,0.0020999999999999977,-0.08539999999999999,0.0014000000000000123,-0.0895,0.0013999999999999985,-0.0062,0.0011000000000000003,-0.0436,0.0010999999999999968,-0.0265,0.0014999999999999979,-0.0392,0.0016000000000000042,0.020099999999999996,0.02029999999999998,0.0214,0.0215,0.023800000000000005,0.023699999999999975,0.015399999999999988,0.014900000000000047,0.011600000000000001,0.011799999999999991,0.017400000000000006,0.017500000000000012
2001-07-31,-0.0296,0.001800000000000003,0.0044,0.0019000000000000002,-0.025099999999999997,0.0020000000000000018,0.0017000000000000001,0.0021000000000000003,-0.0171,0.0020999999999999977,-0.0034000000000000002,0.0022000000000000006,-0.0281,0.0015000000000000013,-0.0002,0.0015999999999999999,-0.0737,0.0011000000000000038,-0.0746,0.0010000000000000009,-0.0384,0.0015000000000000083,-0.021400000000000002,0.0015999999999999973,0.020300000000000002,0.02069999999999998,0.021699999999999997,0.022,0.024100000000000003,0.024199999999999975,0.015799999999999988,0.01560000000000005,0.011899999999999996,0.011999999999999997,0.017600000000000015,0.017800000000000014
2001-08-31,-0.0594,0.001800000000000003,-0.0246,0.001899999999999999,-0.0478,0.001899999999999992,-0.019,0.0020000000000000018,-0.0269,0.0022000000000000006,-0.009000000000000001,0.0020999999999999994,-0.1174,0.0015000000000000013,-0.0924,0.0015000000000000152,-0.0666,0.000999999999999987,-0.0255,0.0011000000000000038,-0.055999999999999994,0.0016000000000000042,-0.0262,0.0017000000000000001,0.0206,0.021199999999999976,0.02199999999999999,0.0225,0.024500000000000008,0.024499999999999973,0.016199999999999985,0.016100000000000066,0.011899999999999989,0.012200000000000003,0.017900000000000017,0.018200000000000015
2001-09-30,-0.1311,0.0015999999999999903,-0.1242,0.001700000000000007,-0.1159,0.001799999999999996,-0.1073,0.001799999999999996,-0.0889,0.001999999999999988,-0.0771,0.0020999999999999908,-0.0971,0.0013999999999999846,-0.10339999999999999,0.0014000000000000123,-0.0782,0.000999999999999987,-0.0859,0.0010999999999999899,-0.10210000000000001,0.0014999999999999875,-0.1001,0.0016000000000000042,0.020799999999999992,0.02149999999999999,0.022299999999999976,0.0228,0.02489999999999999,0.02489999999999997,0.016599999999999955,0.01650000000000009,0.012099999999999977,0.012399999999999994,0.018199999999999997,0.01860000000000002
2001-10-31,0.0467,0.0020000000000000018,0.0354,0.001899999999999999,0.0414,0.0020999999999999977,0.0302,0.0020000000000000018,0.032400000000000005,0.002300000000000007,0.0216,0.0023000000000000034,0.1109,0.001799999999999996,0.1054,0.001799999999999996,0.0365,0.0011999999999999997,0.0161,0.0011999999999999997,0.0414,0.001800000000000003,0.028300000000000002,0.001800000000000003,0.021299999999999993,0.02189999999999999,0.022799999999999973,0.023200000000000005,0.025400000000000002,0.025399999999999975,0.01729999999999995,0.017300000000000093,0.012499999999999982,0.012699999999999982,0.0187,0.019100000000000023
2001-11-30,0.0542,0.0020000000000000018,0.0473,0.0020000000000000018,0.0492,0.0020999999999999977,0.0375,0.0020999999999999977,0.0407,0.0022000000000000006,0.021,0.0023,0.0968,0.0016999999999999932,0.0911,0.001700000000000007,0.0137,0.0011000000000000003,0.0192,0.0011999999999999962,0.0436,0.001899999999999999,0.0379,0.001800000000000003,0.021799999999999993,0.022399999999999993,0.023299999999999974,0.023700000000000006,0.025800000000000007,0.02589999999999997,0.01799999999999995,0.018000000000000092,0.012799999999999982,0.01299999999999998,0.019299999999999998,0.019600000000000024
2001-12-31,0.0277,0.0020000000000000018,0.0217,0.0019000000000000024,0.020099999999999996,0.001999999999999995,0.0236,0.002100000000000001,0.006999999999999999,0.0021999999999999997,0.0269,0.0023,0.0384,0.0015999999999999973,0.042800000000000005,0.0016000000000000042,-0.0012,0.0011,-0.0553,0.0010999999999999968,0.0163,0.0017999999999999995,0.0031,0.0018,0.022299999999999993,0.022700000000000005,0.02369999999999997,0.024000000000000014,0.026000000000000006,0.026099999999999967,0.018399999999999948,0.01840000000000009,0.012999999999999984,0.013199999999999979,0.019799999999999998,0.020000000000000028
2002-01-31,-0.0147,0.0025000000000000005,-0.0471,0.0023999999999999994,-0.013999999999999999,0.0026000000000000016,-0.0449,0.002599999999999998,-0.0128,0.003000000000000001,-0.0415,0.0029,-0.0466,0.0020999999999999977,-0.0696,0.0021000000000000046,-0.039,0.0013999999999999985,-0.0546,0.0012999999999999956,-0.022000000000000002,0.002199999999999997,-0.0467,0.0023000000000000034,0.022799999999999997,0.023100000000000006,0.024199999999999975,0.02460000000000001,0.026800000000000004,0.026899999999999966,0.018999999999999947,0.019000000000000097,0.013299999999999979,0.013399999999999974,0.020399999999999995,0.02060000000000003
2002-02-28,-0.0001,0.0025,0.0049,0.0025,-0.0034000000000000002,0.0026999999999999993,0.0,0.0027,-0.0085,0.002999999999999999,-0.0076,0.0029000000000000007,-0.0063,0.0023,0.0045000000000000005,0.0023000000000000004,0.0253,0.0015000000000000013,0.0277,0.0013999999999999985,0.004,0.0023,0.0069,0.0022000000000000006,0.023600000000000003,0.02380000000000001,0.025099999999999976,0.025399999999999995,0.027700000000000006,0.027699999999999975,0.01999999999999998,0.019900000000000084,0.013799999999999986,0.013799999999999972,0.02109999999999999,0.02140000000000002
2002-03-31,0.0574,0.002599999999999998,0.0675,0.002600000000000005,0.051100000000000007,0.002800000000000004,0.06,0.002799999999999997,0.041299999999999996,0.0031999999999999945,0.0484,0.0030999999999999986,0.0213,0.0023,0.030699999999999998,0.0023,0.0461,0.0015000000000000013,0.058600000000000006,0.0015000000000000083,0.0471,0.0022999999999999965,0.056799999999999996,0.0023999999999999924,0.02439999999999999,0.024600000000000004,0.02599999999999999,0.026299999999999994,0.028799999999999996,0.028799999999999985,0.020799999999999992,0.020800000000000072,0.014199999999999987,0.01429999999999998,0.02179999999999999,0.022200000000000008
2002-04-30,-0.0348,0.0024000000000000063,-0.0023,0.0024999999999999996,-0.026699999999999998,0.002600000000000005,0.0022,0.0027,-0.0139,0.002999999999999999,0.009300000000000001,0.003000000000000001,-0.1144,0.0021000000000000046,-0.0926,0.0022000000000000075,0.0159,0.001400000000000002,0.042,0.0014000000000000054,-0.020099999999999996,0.002200000000000004,0.006999999999999999,0.0023,0.024800000000000003,0.02500000000000001,0.02649999999999999,0.0268,0.02949999999999999,0.02949999999999999,0.02119999999999999,0.021300000000000045,0.014499999999999985,0.014499999999999992,0.022199999999999998,0.0228
2002-05-31,-0.032,0.0023999999999999994,0.0034000000000000002,0.0025000000000000005,-0.024900000000000002,0.002599999999999998,-0.0013,0.0027,-0.0137,0.002999999999999999,-0.0087,0.0031000000000000003,-0.0556,0.0023000000000000034,-0.0126,0.0023999999999999994,0.025,0.001400000000000002,0.0602,0.0013999999999999985,-0.0116,0.0023,0.016200000000000003,0.0023000000000000034,0.025400000000000002,0.02570000000000001,0.027099999999999985,0.027599999999999996,0.03039999999999999,0.03039999999999999,0.021999999999999992,0.022300000000000045,0.014799999999999983,0.01479999999999999,0.022899999999999997,0.02340000000000001
2002-06-30,-0.0864,0.0022999999999999826,-0.0348,0.0024000000000000063,-0.085,0.0023999999999999994,-0.0384,0.0025000000000000022,-0.0827,0.002800000000000011,-0.044000000000000004,0.0029,-0.053099999999999994,0.0024000000000000063,0.0031,0.0024,-0.0775,0.0012999999999999956,-0.053399999999999996,0.0013000000000000025,-0.08,0.0021000000000000046,-0.0415,0.0020999999999999977,0.02589999999999999,0.02620000000000002,0.027599999999999986,0.028099999999999997,0.030999999999999996,0.03119999999999999,0.022999999999999986,0.023300000000000046,0.014999999999999979,0.014999999999999996,0.023500000000000004,0.023900000000000005
2002-07-31,-0.1206,0.0020999999999999908,-0.1252,0.0020999999999999908,-0.10679999999999999,0.0024000000000000132,-0.10039999999999999,0.0023999999999999994,-0.0873,0.002799999999999997,-0.0655,0.0029,-0.1099,0.0022000000000000075,-0.1261,0.0022000000000000075,-0.053899999999999997,0.0014000000000000054,-0.057800000000000004,0.0012999999999999956,-0.0907,0.0020999999999999908,-0.09050000000000001,0.001999999999999988,0.026199999999999977,0.02640000000000001,0.027999999999999997,0.028399999999999995,0.0317,0.03189999999999999,0.023699999999999992,0.023900000000000053,0.01529999999999998,0.01529999999999999,0.024099999999999986,0.024299999999999995
2002-08-31,0.0059,0.0024000000000000002,0.0024,0.0024,0.0032,0.0027,-0.0029,0.002700000000000001,-0.0003,0.003,-0.009899999999999999,0.003000000000000001,0.0124,0.0025000000000000005,0.018600000000000002,0.0025000000000000022,-0.019,0.001400000000000002,-0.0096,0.0013000000000000008,-0.0029,0.0023,-0.003,0.0023,0.026799999999999973,0.02690000000000001,0.028800000000000006,0.029099999999999994,0.032499999999999994,0.032799999999999996,0.024699999999999993,0.02490000000000004,0.015699999999999995,0.015499999999999988,0.024799999999999982,0.024899999999999995
2002-09-30,-0.1583,0.0020000000000000018,-0.14880000000000002,0.001899999999999985,-0.1409,0.0022000000000000075,-0.1292,0.0022999999999999965,-0.11779999999999999,0.002600000000000005,-0.1033,0.002699999999999994,-0.1143,0.0022000000000000075,-0.10529999999999999,0.0022000000000000075,-0.0321,0.0013000000000000025,-0.0537,0.0013999999999999985,-0.1051,0.001899999999999999,-0.1042,0.001999999999999988,0.027199999999999985,0.02709999999999999,0.029200000000000018,0.029599999999999994,0.03310000000000001,0.0334,0.025500000000000016,0.025700000000000035,0.01600000000000001,0.015799999999999995,0.025199999999999993,0.02529999999999998
2002-10-31,0.1054,0.002600000000000005,0.1066,0.002599999999999991,0.0965,0.0029000000000000137,0.0949,0.0029,0.08529999999999999,0.0031999999999999806,0.0801,0.0031999999999999945,0.1286,0.00269999999999998,0.1346,0.002700000000000008,-0.0366,0.0013999999999999985,-0.0373,0.0013999999999999985,0.0537,0.0023999999999999994,0.0535,0.0023999999999999924,0.027799999999999988,0.02779999999999998,0.030000000000000034,0.030499999999999992,0.03399999999999999,0.03429999999999999,0.0264,0.026600000000000047,0.01620000000000001,0.015999999999999993,0.02579999999999999,0.025899999999999968
2002-11-30,0.0564,0.0025000000000000022,0.0594,0.0024999999999999953,0.046900000000000004,0.002700000000000008,0.0462,0.002700000000000001,0.0347,0.0030999999999999986,0.029300000000000003,0.0030000000000000027,0.1052,0.002600000000000005,0.11359999999999999,0.002699999999999994,0.0335,0.0015000000000000013,0.0354,0.0015000000000000013,0.04650000000000001,0.0024000000000000063,0.046900000000000004,0.0023000000000000034,0.02829999999999999,0.028299999999999974,0.030600000000000044,0.031099999999999996,0.03489999999999999,0.03499999999999999,0.027300000000000012,0.027600000000000034,0.01660000000000001,0.0163,0.026299999999999997,0.02639999999999997
2002-12-31,-0.08810000000000001,0.0021999999999999797,-0.0348,0.0023000000000000034,-0.0737,0.0023999999999999994,-0.0292,0.0024999999999999988,-0.0548,0.002700000000000001,-0.0217,0.0029,-0.1161,0.0022000000000000075,-0.0723,0.0022999999999999965,-0.048799999999999996,0.0013999999999999985,-0.0248,0.001400000000000002,-0.06559999999999999,0.0020000000000000018,-0.029300000000000003,0.002199999999999997,0.028499999999999966,0.028699999999999976,0.03100000000000005,0.03149999999999999,0.03539999999999999,0.03559999999999999,0.027900000000000022,0.028300000000000027,0.01690000000000001,0.016600000000000004,0.0265,0.026799999999999966
2003-01-31,-0.042699999999999995,0.00180000000000001,-0.0233,0.001899999999999999,-0.0622,0.001999999999999995,-0.042800000000000005,0.0020999999999999977,-0.0876,0.0023999999999999994,-0.0682,0.0023999999999999994,-0.066,0.0020000000000000018,-0.0512,0.0020000000000000018,-0.0212,0.001299999999999999,-0.022000000000000002,0.001299999999999999,-0.0481,0.001800000000000003,-0.0337,0.001899999999999999,0.027799999999999974,0.028199999999999975,0.03040000000000004,0.030999999999999996,0.034799999999999984,0.03509999999999999,0.027800000000000026,0.028200000000000024,0.01680000000000001,0.016600000000000007,0.026100000000000005,0.02639999999999996
2003-02-28,-0.049400000000000006,0.001799999999999996,-0.044500000000000005,0.001899999999999992,-0.019,0.0022000000000000006,-0.0339,0.0021000000000000046,0.022099999999999998,0.002599999999999998,-0.0195,0.0025000000000000022,-0.029900000000000003,0.0020999999999999977,-0.025699999999999997,0.002100000000000001,-0.0137,0.001299999999999999,0.0027,0.0013,-0.0169,0.001899999999999999,-0.019799999999999998,0.0019000000000000024,0.02709999999999997,0.027599999999999965,0.029900000000000045,0.0304,0.034399999999999986,0.034699999999999995,0.027600000000000024,0.028000000000000025,0.016600000000000007,0.01650000000000001,0.025700000000000004,0.026099999999999964
2003-03-31,-0.032799999999999996,0.0019000000000000059,-0.0223,0.001899999999999999,-0.022400000000000003,0.0020999999999999977,-0.0147,0.002199999999999999,-0.0086,0.0025000000000000005,-0.004699999999999999,0.0025000000000000005,-0.005600000000000001,0.0020999999999999994,0.0011,0.0021000000000000003,-0.027200000000000002,0.001299999999999999,-0.0305,0.0013000000000000025,-0.0231,0.0019000000000000024,-0.0183,0.001799999999999996,0.02639999999999998,0.02689999999999996,0.02920000000000004,0.0298,0.03369999999999999,0.0341,0.02740000000000002,0.027800000000000026,0.016400000000000005,0.016300000000000005,0.02530000000000001,0.025499999999999967
2003-04-30,0.1229,0.0021999999999999936,0.1417,0.0022000000000000075,0.1099,0.0023999999999999994,0.1259,0.002500000000000016,0.0933,0.002799999999999983,0.1057,0.002800000000000011,0.13019999999999998,0.0022999999999999965,0.1634,0.0023999999999999855,0.0177,0.001400000000000002,0.02,0.0013999999999999985,0.0812,0.0020999999999999908,0.09480000000000001,0.0021000000000000185,0.026199999999999966,0.026599999999999967,0.029000000000000033,0.029600000000000015,0.033499999999999974,0.033900000000000007,0.027600000000000013,0.028000000000000004,0.016400000000000005,0.0163,0.025199999999999997,0.025299999999999986
2003-05-31,0.021400000000000002,0.0020000000000000018,0.0739,0.0020999999999999908,0.0291,0.0022000000000000006,0.0707,0.0023999999999999994,0.0395,0.002700000000000001,0.0664,0.002699999999999994,0.0048,0.0020999999999999994,0.0538,0.0021000000000000046,0.044000000000000004,0.0015000000000000013,0.0506,0.0013999999999999985,0.032400000000000005,0.0020000000000000052,0.06570000000000001,0.0021000000000000046,0.02579999999999997,0.02619999999999996,0.028600000000000035,0.029300000000000014,0.03319999999999997,0.0335,0.02740000000000001,0.02770000000000001,0.016500000000000004,0.0163,0.024900000000000002,0.025099999999999987
2003-06-30,0.0378,0.0020000000000000018,0.0098,0.001999999999999999,0.0227,0.002200000000000004,0.009300000000000001,0.0022000000000000014,0.0025,0.0026,0.0088,0.0026000000000000007,0.0195,0.0022000000000000006,-0.0078000000000000005,0.0020999999999999986,0.0634,0.0014999999999999944,0.0659,0.0015000000000000013,0.0327,0.0020000000000000018,0.024,0.0019000000000000024,0.025499999999999988,0.025799999999999955,0.02840000000000004,0.029000000000000012,0.03299999999999997,0.0332,0.027200000000000005,0.027400000000000008,0.016700000000000003,0.016499999999999997,0.0248,0.02489999999999999
2003-07-31,0.048600000000000004,0.0020999999999999977,0.029500000000000002,0.0020000000000000018,0.0435,0.0022999999999999965,0.0212,0.0022000000000000006,0.036699999999999997,0.002699999999999994,0.0101,0.0026,0.0387,0.0022000000000000006,0.0172,0.0022000000000000006,0.044800000000000006,0.0014000000000000054,0.0354,0.0013999999999999985,0.0432,0.0020000000000000018,0.0235,0.0020000000000000018,0.025499999999999995,0.025699999999999966,0.02830000000000002,0.028800000000000013,0.032899999999999964,0.0329,0.0272,0.0274,0.016700000000000003,0.0166,0.02470000000000001,0.024900000000000005
2003-08-31,0.023,0.0019000000000000024,-0.0016,0.0018999999999999996,0.0167,0.0022000000000000006,-0.0044,0.0021999999999999997,0.008,0.0026,-0.0084,0.0025000000000000005,0.0626,0.0022000000000000006,0.0388,0.0022000000000000006,0.0638,0.0013999999999999915,0.0895,0.0013999999999999846,0.0325,0.001899999999999999,0.026099999999999998,0.0019999999999999983,0.024999999999999998,0.025199999999999965,0.027800000000000023,0.028300000000000013,0.03249999999999996,0.0324,0.026899999999999997,0.0271,0.016699999999999993,0.016699999999999982,0.02430000000000001,0.024600000000000004
2003-09-30,-0.0382,0.001899999999999999,0.0208,0.0020000000000000018,-0.0281,0.002100000000000001,0.0271,0.002199999999999997,-0.013999999999999999,0.0025000000000000022,0.0359,0.002599999999999998,-0.048600000000000004,0.001999999999999995,0.0174,0.0020999999999999977,0.013500000000000002,0.0012000000000000014,0.0556,0.0013999999999999985,-0.0161,0.0017999999999999995,0.034300000000000004,0.0020000000000000018,0.024899999999999995,0.025299999999999982,0.027700000000000016,0.028200000000000013,0.03239999999999996,0.0323,0.026699999999999984,0.02699999999999999,0.01659999999999999,0.016699999999999982,0.02420000000000001,0.024600000000000018
2003-10-31,0.0697,0.0021000000000000046,0.06559999999999999,0.0020999999999999908,0.0611,0.0023000000000000034,0.0679,0.0023000000000000104,0.0493,0.002599999999999998,0.0711,0.002699999999999994,0.0943,0.0022999999999999965,0.0892,0.0023000000000000104,0.029300000000000003,0.001300000000000006,0.0496,0.0012999999999999956,0.0525,0.001899999999999999,0.0638,0.0020000000000000018,0.024399999999999995,0.024799999999999982,0.027100000000000006,0.027600000000000024,0.031799999999999974,0.0318,0.0263,0.02659999999999999,0.016499999999999997,0.01659999999999998,0.02370000000000001,0.024200000000000027
2003-11-30,0.0207,0.0019999999999999983,0.0528,0.0020999999999999977,0.0175,0.0022000000000000006,0.0421,0.0022999999999999965,0.0132,0.0026,0.0274,0.0026000000000000016,0.009399999999999999,0.0020999999999999986,0.0417,0.0022000000000000006,-0.030699999999999998,0.0013000000000000025,-0.0242,0.0011999999999999997,0.0027,0.002,0.0217,0.0019000000000000024,0.02389999999999999,0.024399999999999984,0.0266,0.02720000000000002,0.03129999999999998,0.031400000000000004,0.025799999999999993,0.026099999999999998,0.0163,0.016299999999999978,0.023300000000000005,0.023800000000000026
2003-12-31,0.0341,0.0020999999999999977,0.0864,0.0022000000000000075,0.0339,0.0022999999999999965,0.0821,0.0024000000000000132,0.0336,0.002599999999999998,0.0761,0.002700000000000008,0.0053,0.0022,0.0541,0.0022000000000000006,0.041299999999999996,0.0013999999999999915,0.0661,0.0014000000000000123,0.0358,0.0020000000000000018,0.0751,0.0021000000000000046,0.02380000000000001,0.02429999999999999,0.026499999999999996,0.027100000000000034,0.031199999999999974,0.03120000000000001,0.025799999999999986,0.026000000000000002,0.01629999999999999,0.016299999999999988,0.023300000000000005,0.023700000000000034
2004-01-31,0.035,0.0021000000000000046,0.018799999999999997,0.0019999999999999983,0.0167,0.0023,0.013500000000000002,0.0022000000000000023,-0.0098,0.0025000000000000005,0.0059,0.0026,0.0859,0.0024000000000000132,0.0592,0.0022000000000000006,0.009000000000000001,0.0013000000000000008,0.020099999999999996,0.001399999999999995,0.0191,0.001899999999999999,0.0171,0.0017999999999999995,0.024100000000000003,0.024399999999999988,0.0268,0.02720000000000004,0.031299999999999974,0.03140000000000001,0.026199999999999998,0.0262,0.016299999999999995,0.016399999999999984,0.0234,0.023600000000000034
2004-02-29,0.0181,0.002100000000000001,0.0165,0.0020000000000000018,0.0212,0.0023,0.0281,0.0023,0.025699999999999997,0.0024999999999999988,0.0452,0.002699999999999994,0.0541,0.0022000000000000006,0.0518,0.0022999999999999965,0.0317,0.001299999999999999,0.0105,0.0014000000000000002,0.0263,0.0019000000000000024,0.024,0.0019000000000000024,0.02440000000000001,0.024499999999999997,0.0269,0.027400000000000035,0.031199999999999978,0.0316,0.0263,0.026399999999999996,0.016299999999999995,0.016499999999999987,0.023400000000000004,0.023600000000000034
2004-03-31,-0.0275,0.0020000000000000018,-0.0358,0.001899999999999999,-0.0236,0.0022000000000000006,-0.0323,0.0022000000000000006,-0.018000000000000002,0.0023999999999999994,-0.0274,0.0023999999999999994,-0.027999999999999997,0.002100000000000001,-0.0361,0.0020999999999999977,0.0625,0.0013999999999999985,0.1005,0.0015000000000000013,0.0,0.0019,0.0058,0.0019999999999999996,0.024500000000000004,0.024499999999999997,0.027000000000000003,0.02740000000000004,0.031099999999999975,0.0315,0.026300000000000004,0.026399999999999993,0.016399999999999994,0.016699999999999986,0.0234,0.023800000000000036
2004-04-30,0.0215,0.0020999999999999977,-0.0029,0.002,0.0232,0.0023,-0.0058,0.0022000000000000006,0.0258,0.0026000000000000016,-0.009899999999999999,0.0025000000000000005,-0.057699999999999994,0.0020000000000000018,-0.0726,0.0020000000000000018,0.0042,0.0013,-0.048799999999999996,0.0013000000000000025,0.0103,0.0019000000000000006,-0.026000000000000002,0.001799999999999996,0.02440000000000001,0.02429999999999999,0.026900000000000004,0.027100000000000023,0.030899999999999993,0.031199999999999988,0.02600000000000001,0.02600000000000001,0.01629999999999999,0.01659999999999999,0.023200000000000012,0.023500000000000014
2004-05-31,-0.013500000000000002,0.0019999999999999983,0.0066,0.002,-0.0129,0.0022000000000000006,0.0124,0.0023,-0.012,0.0024999999999999988,0.0207,0.002599999999999998,-0.011000000000000001,0.0020999999999999994,0.0088,0.0021000000000000003,-0.026000000000000002,0.001299999999999999,-0.0212,0.001299999999999999,-0.0148,0.001899999999999999,0.0033,0.0018999999999999998,0.024400000000000005,0.0242,0.026900000000000004,0.027000000000000024,0.03069999999999999,0.031099999999999996,0.026000000000000006,0.026000000000000006,0.01609999999999999,0.01649999999999999,0.023100000000000006,0.02330000000000001
2004-06-30,0.021,0.002100000000000001,0.019299999999999998,0.0020999999999999977,0.0181,0.0022000000000000006,0.0128,0.0022000000000000006,0.014199999999999999,0.0026,0.0037,0.0025000000000000005,0.0487,0.0021999999999999936,0.0397,0.0022000000000000006,0.0369,0.0013000000000000025,0.0344,0.0013000000000000025,0.025,0.0019000000000000024,0.0216,0.0020000000000000018,0.024500000000000004,0.024299999999999995,0.0269,0.027000000000000024,0.03069999999999999,0.030999999999999996,0.026,0.02610000000000001,0.015899999999999997,0.01629999999999999,0.023000000000000007,0.02340000000000001
2004-07-31,-0.0215,0.0020000000000000018,-0.0335,0.001999999999999995,-0.0177,0.0022000000000000006,-0.0239,0.002199999999999997,-0.0123,0.0025000000000000005,-0.01,0.0025000000000000005,-0.0319,0.0021000000000000046,-0.045700000000000005,0.0020999999999999977,-0.0297,0.001299999999999999,-0.0443,0.0011999999999999997,-0.0209,0.001899999999999999,-0.0292,0.0016999999999999967,0.02440000000000001,0.02429999999999999,0.026800000000000004,0.02700000000000002,0.0305,0.030899999999999993,0.025900000000000003,0.026000000000000006,0.01579999999999999,0.016099999999999993,0.022900000000000004,0.023100000000000006
2004-08-31,-0.0146,0.002,-0.005699999999999999,0.002100000000000001,-0.0037,0.0023,-0.0027,0.0023,0.0116,0.002599999999999998,0.0015,0.0026,0.0021,0.0021999999999999997,0.0177,0.0022000000000000006,-0.0025,0.0013,0.0108,0.0013000000000000008,-0.0034999999999999996,0.0019000000000000006,0.0022,0.0019000000000000002,0.024500000000000008,0.02449999999999999,0.026900000000000004,0.02710000000000002,0.030499999999999996,0.030999999999999996,0.025900000000000003,0.026000000000000006,0.0157,0.016000000000000007,0.022900000000000004,0.023000000000000007
2004-09-30,0.0195,0.0022000000000000006,0.0409,0.0022000000000000006,0.0225,0.002400000000000003,0.037599999999999995,0.0023999999999999924,0.026600000000000002,0.0026000000000000016,0.0331,0.002599999999999998,0.0572,0.0022999999999999965,0.0859,0.0023000000000000104,-0.0109,0.001299999999999999,-0.0089,0.0013000000000000008,0.0148,0.0019000000000000006,0.028300000000000002,0.0019000000000000024,0.02480000000000001,0.02469999999999999,0.027200000000000005,0.027300000000000015,0.030599999999999995,0.030999999999999996,0.026200000000000005,0.02620000000000002,0.015799999999999998,0.01590000000000001,0.023000000000000007,0.022900000000000007
2004-10-31,0.0174,0.0020999999999999977,0.044800000000000006,0.0022000000000000075,0.0166,0.0023,0.038,0.0023999999999999994,0.0154,0.0025000000000000005,0.0285,0.0026000000000000016,0.0098,0.0021999999999999997,0.0373,0.0022999999999999965,-0.0048,0.0014000000000000002,0.028300000000000002,0.001400000000000002,0.010700000000000001,0.0020000000000000018,0.0369,0.0021000000000000046,0.024800000000000003,0.024800000000000006,0.027200000000000002,0.027400000000000004,0.030499999999999996,0.030900000000000004,0.02610000000000001,0.026200000000000005,0.01589999999999999,0.016000000000000018,0.02310000000000001,0.02300000000000001
2004-11-30,0.0255,0.002199999999999997,0.0739,0.0022999999999999965,0.0242,0.0023,0.071,0.0025000000000000022,0.022400000000000003,0.002600000000000005,0.0668,0.002699999999999994,0.059699999999999996,0.0022999999999999965,0.1134,0.0025000000000000022,0.0239,0.0014999999999999979,0.056900000000000006,0.0015000000000000083,0.0254,0.001899999999999999,0.0673,0.0021000000000000046,0.025,0.025000000000000005,0.0273,0.02760000000000001,0.030500000000000003,0.030999999999999996,0.026300000000000007,0.026500000000000006,0.016099999999999986,0.016300000000000026,0.023000000000000007,0.023200000000000012
2004-12-31,0.0368,0.0022000000000000006,0.0554,0.0023000000000000034,0.0345,0.0023000000000000034,0.047599999999999996,0.0023999999999999994,0.0313,0.0026000000000000016,0.0363,0.002700000000000001,-0.0008,0.0021,0.0154,0.0022000000000000006,0.0444,0.0014000000000000054,0.0489,0.0013999999999999985,0.035,0.0020000000000000018,0.044500000000000005,0.0020000000000000018,0.025100000000000004,0.0251,0.02730000000000001,0.027599999999999996,0.030500000000000006,0.03099999999999999,0.026200000000000008,0.026500000000000006,0.0161,0.016300000000000012,0.023000000000000007,0.02310000000000001
2005-01-31,0.0232,0.001799999999999996,-0.0187,0.0017000000000000001,0.0192,0.0020999999999999977,-0.0132,0.002100000000000001,0.0134,0.0026,-0.0052,0.0025000000000000005,0.0108,0.002,-0.035,0.0020000000000000018,-0.003,0.0014000000000000002,-0.0123,0.0014000000000000002,0.0111,0.0019000000000000006,-0.015600000000000001,0.0019000000000000006,0.024799999999999996,0.024800000000000003,0.027100000000000006,0.027499999999999993,0.030600000000000006,0.030899999999999987,0.025799999999999993,0.026300000000000007,0.0162,0.016300000000000016,0.023000000000000007,0.023200000000000012
2005-02-28,0.028900000000000002,0.001800000000000003,0.0466,0.001799999999999996,0.026600000000000002,0.002100000000000001,0.045,0.0021999999999999936,0.0233,0.0026000000000000016,0.0426,0.002599999999999998,0.0593,0.0022000000000000006,0.0797,0.0022999999999999965,0.0269,0.001400000000000002,0.023700000000000002,0.0015000000000000013,0.0297,0.0017999999999999995,0.0414,0.0020000000000000018,0.024499999999999997,0.024599999999999997,0.026900000000000007,0.027399999999999987,0.03070000000000001,0.03079999999999999,0.025799999999999993,0.026300000000000007,0.016300000000000002,0.01640000000000002,0.022900000000000004,0.023300000000000008
2005-03-31,0.0008,0.0018,-0.0215,0.0017000000000000001,-0.005,0.0020999999999999994,-0.025,0.0020999999999999977,-0.013500000000000002,0.0024999999999999988,-0.0302,0.0024999999999999988,-0.0021,0.0019999999999999996,-0.028300000000000002,0.001999999999999995,-0.0026,0.0014000000000000002,-0.026099999999999998,0.0013000000000000025,-0.0038,0.0018999999999999993,-0.0227,0.001899999999999999,0.024299999999999995,0.024399999999999998,0.026800000000000008,0.027299999999999984,0.030800000000000008,0.03089999999999999,0.02569999999999999,0.026200000000000005,0.016300000000000005,0.01620000000000002,0.022900000000000004,0.023200000000000012
2005-04-30,-0.0336,0.0017000000000000001,-0.039599999999999996,0.0017000000000000001,-0.028399999999999998,0.0020000000000000018,-0.028399999999999998,0.002100000000000001,-0.0206,0.0024999999999999988,-0.012,0.0023999999999999994,-0.026000000000000002,0.001999999999999995,-0.033,0.0020000000000000018,-0.0342,0.0013999999999999985,-0.016,0.0013999999999999985,-0.0291,0.0017000000000000001,-0.0268,0.0017999999999999995,0.023899999999999998,0.0241,0.02650000000000001,0.027199999999999985,0.030700000000000005,0.03079999999999999,0.025699999999999983,0.026200000000000005,0.016400000000000005,0.016300000000000016,0.0227,0.023200000000000012
2005-05-31,0.0483,0.001799999999999996,0.0023,0.0018,0.044800000000000006,0.0021000000000000116,-0.0025,0.0020000000000000005,0.0398,0.002599999999999998,-0.0092,0.0024999999999999988,0.065,0.0021999999999999936,0.022799999999999997,0.0020999999999999977,0.0171,0.0013999999999999985,-0.0146,0.0014999999999999996,0.036699999999999997,0.001899999999999999,-0.0028000000000000004,0.001899999999999999,0.023699999999999995,0.023899999999999998,0.02640000000000002,0.026899999999999983,0.030800000000000004,0.03069999999999999,0.02579999999999998,0.0262,0.016500000000000004,0.016500000000000015,0.0227,0.023200000000000012
2005-06-30,0.0354,0.001899999999999999,0.017,0.0018000000000000013,0.0344,0.0022000000000000006,0.0176,0.002100000000000001,0.033,0.0026000000000000016,0.018500000000000003,0.0026000000000000016,0.0537,0.0021999999999999936,0.0222,0.0020000000000000018,0.033,0.0015000000000000013,0.0181,0.0015000000000000013,0.0352,0.001899999999999999,0.0209,0.001899999999999999,0.023499999999999993,0.0236,0.02640000000000002,0.026799999999999984,0.030800000000000008,0.03079999999999999,0.02579999999999998,0.026000000000000002,0.016700000000000003,0.016700000000000013,0.022699999999999998,0.02310000000000001
2005-07-31,0.0521,0.0020000000000000018,0.0521,0.0019000000000000059,0.045899999999999996,0.0022999999999999965,0.0381,0.0022000000000000006,0.036699999999999997,0.002599999999999998,0.0175,0.0025000000000000022,0.0384,0.0020999999999999977,0.0425,0.0021000000000000046,0.028300000000000002,0.0015000000000000013,0.0175,0.0015000000000000013,0.0408,0.0020000000000000018,0.0334,0.001999999999999995,0.023499999999999993,0.02350000000000001,0.026500000000000017,0.026799999999999987,0.030900000000000004,0.030799999999999994,0.025799999999999972,0.02600000000000001,0.016900000000000005,0.017000000000000015,0.0228,0.023400000000000004
2005-08-31,-0.0066,0.0017999999999999995,0.0125,0.0017999999999999995,-0.0023,0.0021000000000000003,0.0196,0.0022000000000000006,0.0037,0.0026,0.029300000000000003,0.002600000000000005,0.008100000000000001,0.0020000000000000018,0.0302,0.0020000000000000018,0.042199999999999994,0.0014999999999999944,0.0533,0.0013999999999999985,0.0127,0.0017999999999999995,0.0323,0.0019000000000000024,0.02329999999999999,0.02320000000000001,0.026300000000000018,0.026699999999999988,0.030900000000000004,0.030799999999999998,0.025599999999999973,0.02580000000000001,0.017099999999999997,0.01710000000000001,0.0227,0.02340000000000001
2005-09-30,0.05,0.0019000000000000059,0.0222,0.0019000000000000024,0.0436,0.0022000000000000006,0.018000000000000002,0.002100000000000001,0.0349,0.002599999999999998,0.0124,0.0026,0.0536,0.0020999999999999977,0.026600000000000002,0.002100000000000001,0.0955,0.0015000000000000013,0.07690000000000001,0.0015000000000000152,0.0582,0.001800000000000003,0.0379,0.001899999999999999,0.022999999999999996,0.02290000000000001,0.026100000000000012,0.026399999999999996,0.0309,0.0308,0.025399999999999975,0.0256,0.0173,0.017300000000000027,0.022600000000000002,0.023400000000000004
2005-10-31,-0.0242,0.001800000000000003,-0.0252,0.001800000000000003,-0.0245,0.0019999999999999983,-0.023700000000000002,0.001999999999999995,-0.024900000000000002,0.0023999999999999994,-0.0216,0.0023999999999999994,-0.034,0.001899999999999999,-0.0455,0.0019000000000000059,0.0028000000000000004,0.0014000000000000002,-0.0191,0.0013000000000000025,-0.0195,0.0019000000000000024,-0.0273,0.0016999999999999967,0.0227,0.022500000000000006,0.02580000000000001,0.025999999999999992,0.0308,0.0306,0.025099999999999973,0.02520000000000001,0.017300000000000003,0.017200000000000028,0.022500000000000003,0.023
2005-11-30,0.0403,0.0019000000000000059,0.0225,0.001899999999999999,0.0347,0.0022000000000000006,0.0146,0.0022000000000000006,0.027000000000000003,0.002600000000000005,0.0036,0.0024999999999999996,0.034300000000000004,0.0021000000000000046,0.0161,0.002100000000000001,0.0591,0.0014000000000000054,0.0344,0.0013999999999999985,0.0425,0.0019000000000000059,0.0232,0.001799999999999996,0.02240000000000001,0.02210000000000001,0.025700000000000014,0.02569999999999999,0.0308,0.030400000000000003,0.02489999999999998,0.02480000000000001,0.01720000000000001,0.017100000000000018,0.02250000000000001,0.02269999999999999
2005-12-31,0.0353,0.001899999999999999,0.0384,0.001899999999999999,0.0385,0.0022000000000000006,0.0382,0.0021999999999999936,0.0429,0.002599999999999998,0.038,0.002599999999999998,0.060899999999999996,0.0020999999999999977,0.0699,0.0022000000000000075,0.0613,0.0013999999999999985,0.0731,0.0013999999999999985,0.046799999999999994,0.001799999999999996,0.051,0.001899999999999992,0.02210000000000001,0.021700000000000004,0.02560000000000001,0.025499999999999984,0.030799999999999998,0.0303,0.024899999999999978,0.024800000000000016,0.017200000000000003,0.017100000000000018,0.022300000000000004,0.02259999999999998
2006-01-31,0.0421,0.0020000000000000018,0.0703,0.0021000000000000046,0.0365,0.0022999999999999965,0.0674,0.0023000000000000104,0.028399999999999998,0.002599999999999998,0.0633,0.002700000000000001,0.027999999999999997,0.001999999999999995,0.062400000000000004,0.0021000000000000046,0.0388,0.0013999999999999985,0.0493,0.0013999999999999985,0.0381,0.0020000000000000018,0.0621,0.0020000000000000018,0.022300000000000014,0.02210000000000001,0.02580000000000001,0.025699999999999994,0.030799999999999994,0.030500000000000003,0.024899999999999974,0.02490000000000002,0.0172,0.017100000000000014,0.022400000000000007,0.022699999999999984
2006-02-28,0.0281,0.0020000000000000018,0.0072,0.002,0.0215,0.0023,0.0032,0.0022,0.011899999999999999,0.002599999999999998,-0.0025,0.0025,0.0337,0.0020999999999999977,0.004699999999999999,0.0020999999999999994,-0.0166,0.001400000000000002,-0.0102,0.001299999999999999,0.0075,0.001899999999999999,-0.0021,0.0019000000000000002,0.022500000000000013,0.022300000000000014,0.02600000000000001,0.0257,0.03079999999999999,0.030400000000000003,0.02479999999999997,0.02470000000000002,0.0172,0.016900000000000016,0.022500000000000006,0.02259999999999998
2006-03-31,0.0302,0.0020000000000000018,0.0455,0.0020000000000000018,0.0313,0.0022000000000000006,0.0364,0.0023000000000000034,0.0329,0.0026000000000000016,0.0231,0.0026000000000000016,0.0634,0.0021999999999999936,0.0828,0.0020999999999999908,0.0387,0.0013999999999999985,0.0195,0.0013999999999999985,0.035699999999999996,0.001799999999999996,0.0317,0.001899999999999999,0.022700000000000015,0.022600000000000016,0.026100000000000005,0.025900000000000006,0.030899999999999993,0.030500000000000006,0.024999999999999967,0.024800000000000016,0.0172,0.01700000000000001,0.022400000000000003,0.02259999999999998
2006-04-30,0.002,0.0019,0.0446,0.0020000000000000018,0.0054,0.0022,0.051500000000000004,0.0023000000000000034,0.0105,0.0026,0.061799999999999994,0.002699999999999994,0.0017000000000000001,0.002,0.0537,0.0020999999999999977,0.0034000000000000002,0.0014000000000000002,0.039599999999999996,0.0013999999999999985,0.0045000000000000005,0.0019000000000000006,0.04769999999999999,0.001899999999999992,0.022900000000000014,0.022900000000000018,0.026300000000000004,0.02610000000000001,0.030999999999999996,0.0308,0.024999999999999974,0.024900000000000012,0.0172,0.01700000000000001,0.022600000000000006,0.02269999999999997
2006-05-31,-0.0545,0.001899999999999999,-0.0387,0.001800000000000003,-0.051399999999999994,0.0020000000000000018,-0.0327,0.0020999999999999977,-0.046799999999999994,0.0023000000000000104,-0.0239,0.0023,-0.0794,0.001799999999999996,-0.0639,0.001899999999999999,-0.0689,0.0011999999999999927,-0.0621,0.0012999999999999956,-0.0579,0.001799999999999996,-0.0434,0.001799999999999996,0.023000000000000017,0.02290000000000002,0.026199999999999994,0.026200000000000008,0.03070000000000001,0.030600000000000002,0.024599999999999976,0.024700000000000014,0.016999999999999994,0.016800000000000006,0.022500000000000003,0.022599999999999967
2006-06-30,0.005600000000000001,0.0019000000000000006,0.0029,0.0018999999999999998,0.011200000000000002,0.0022000000000000006,0.0051,0.0021000000000000003,0.019299999999999998,0.0024999999999999988,0.0083,0.0024000000000000002,-0.0032,0.0019999999999999996,-0.0058,0.002000000000000001,0.0086,0.0014000000000000002,-0.006500000000000001,0.0013,0.0087,0.001899999999999999,-0.0004,0.0018000000000000002,0.02300000000000002,0.02300000000000002,0.026199999999999994,0.026200000000000008,0.030600000000000006,0.030400000000000003,0.02439999999999998,0.024700000000000014,0.01689999999999999,0.016600000000000004,0.022500000000000003,0.022499999999999968
2006-07-31,0.018000000000000002,0.0020000000000000018,0.015700000000000002,0.0020000000000000018,0.0159,0.0023,0.019,0.0023,0.0128,0.0026,0.023700000000000002,0.002600000000000005,0.0008,0.002,0.0015,0.002,-0.0059,0.0013,-0.0021,0.0013000000000000004,0.0086,0.0018999999999999998,0.0106,0.0019000000000000006,0.02300000000000002,0.023100000000000016,0.026199999999999998,0.026300000000000007,0.030600000000000006,0.030500000000000006,0.024299999999999985,0.02460000000000001,0.016699999999999993,0.016400000000000005,0.0224,0.02239999999999998
2006-08-31,0.0315,0.0019999999999999983,0.0336,0.001999999999999995,0.0197,0.0023,0.0286,0.0023,0.0028000000000000004,0.0025000000000000005,0.021400000000000002,0.002600000000000005,0.038,0.0020999999999999977,0.032400000000000005,0.002100000000000008,0.0373,0.0013999999999999985,0.018600000000000002,0.001400000000000002,0.0263,0.0019999999999999983,0.027200000000000002,0.0020000000000000018,0.02320000000000002,0.02330000000000001,0.026399999999999996,0.026400000000000007,0.03050000000000001,0.030500000000000006,0.02439999999999998,0.024700000000000017,0.016599999999999997,0.01640000000000001,0.0226,0.02249999999999998
2006-09-30,0.0335,0.0020999999999999977,0.022000000000000002,0.0020000000000000018,0.0264,0.0023,0.0127,0.0023,0.0159,0.0026,-0.001,0.0024999999999999996,0.0235,0.0020000000000000018,0.0096,0.001999999999999999,-0.006500000000000001,0.0014000000000000002,-0.0154,0.0013999999999999985,0.013600000000000001,0.0020000000000000018,0.0015,0.0019,0.02340000000000001,0.02340000000000001,0.0265,0.026600000000000006,0.03050000000000001,0.030400000000000003,0.024299999999999985,0.024600000000000014,0.016499999999999994,0.01629999999999999,0.022799999999999997,0.02249999999999998
2006-10-31,0.030600000000000002,0.002100000000000001,0.0368,0.0020000000000000018,0.0313,0.0023000000000000034,0.042699999999999995,0.0022999999999999965,0.032400000000000005,0.0027000000000000045,0.0516,0.002700000000000001,0.0535,0.0022000000000000006,0.06280000000000001,0.0021000000000000046,0.0169,0.0013999999999999985,0.0321,0.0014999999999999944,0.0296,0.0020000000000000018,0.040999999999999995,0.001999999999999995,0.02370000000000001,0.02360000000000001,0.026800000000000004,0.026900000000000007,0.030800000000000015,0.030700000000000005,0.024599999999999986,0.024800000000000013,0.016499999999999994,0.016499999999999983,0.022899999999999997,0.022799999999999973
2006-11-30,0.0034999999999999996,0.0019999999999999996,0.042,0.0020000000000000018,0.0,0.0022,0.0349,0.0023000000000000034,-0.0053,0.0025000000000000005,0.024399999999999998,0.0026999999999999975,0.0018,0.002,0.0508,0.0020999999999999977,0.0034000000000000002,0.0014000000000000002,0.0146,0.0014000000000000002,0.0040999999999999995,0.0017999999999999995,0.0294,0.001899999999999999,0.0238,0.023700000000000013,0.026800000000000004,0.02700000000000001,0.030700000000000012,0.030900000000000004,0.02449999999999998,0.02480000000000001,0.016499999999999987,0.016499999999999983,0.02279999999999999,0.022899999999999976
2006-12-31,0.0418,0.001999999999999995,0.0351,0.0020000000000000018,0.0388,0.0023000000000000034,0.0331,0.0022000000000000006,0.0342,0.002700000000000001,0.0301,0.002599999999999998,0.0646,0.0022000000000000006,0.0611,0.0020999999999999977,0.050300000000000004,0.0014000000000000054,0.0297,0.0013999999999999985,0.042,0.0020000000000000018,0.0311,0.0019999999999999983,0.023899999999999998,0.023800000000000016,0.026900000000000007,0.027000000000000017,0.030800000000000015,0.030900000000000004,0.024599999999999983,0.0247,0.016499999999999994,0.016499999999999983,0.022999999999999996,0.022999999999999982
2007-01-31,0.0239,0.0009000000000000015,0.0091,0.0009000000000000015,0.0134,0.000700000000000001,0.0058,0.0007999999999999995,-0.0025,0.0007000000000000001,0.0008,0.0007,0.0397,0.000899999999999998,0.0269,0.000899999999999998,0.0231,9.99999999999994e-05,0.0084,9.99999999999994e-05,0.0176,0.0005999999999999998,0.0074,0.0005000000000000004,0.022799999999999997,0.022600000000000012,0.025300000000000013,0.025500000000000005,0.028900000000000016,0.028900000000000002,0.023499999999999986,0.023499999999999993,0.015199999999999995,0.015199999999999986,0.021599999999999994,0.021499999999999984
2007-02-28,-0.0184,0.00010000000000000286,-0.0018,0.0002000000000000001,-0.0116,0.0012000000000000014,-0.0014000000000000002,0.0010999999999999998,-0.0012,0.0027,-0.0006,0.0028000000000000004,-0.0225,0.00020000000000000226,-0.0163,0.00020000000000000226,0.016200000000000003,0.001400000000000002,0.0338,0.0013999999999999915,-0.0033,0.0012000000000000005,0.0087,0.001299999999999999,0.0209,0.020800000000000013,0.024200000000000013,0.024400000000000005,0.02900000000000002,0.029200000000000004,0.02159999999999999,0.021599999999999998,0.015199999999999995,0.015299999999999979,0.020899999999999995,0.02089999999999998
2007-03-31,0.0325,0.001299999999999999,0.0408,0.0012000000000000066,0.032400000000000005,0.004000000000000007,0.0384,0.003999999999999997,0.0322,0.0081,0.0345,0.008100000000000003,0.0506,0.009399999999999999,0.057,0.009400000000000006,-0.0049,0.0055,0.0043,0.0056,0.0207,0.0046,0.028300000000000002,0.004700000000000003,0.020199999999999996,0.020000000000000018,0.02600000000000002,0.026099999999999998,0.03450000000000002,0.03470000000000001,0.028799999999999996,0.02890000000000001,0.019299999999999998,0.01949999999999998,0.0237,0.023699999999999985
2007-04-30,0.049100000000000005,0.006200000000000004,0.0691,0.006299999999999986,0.0394,0.004699999999999996,0.0581,0.004799999999999999,0.0242,0.0023999999999999994,0.0408,0.0024000000000000063,0.06,0.0165,0.0928,0.017199999999999993,0.0022,0.0006000000000000001,-0.002,0.0005999999999999998,0.0282,0.004,0.042300000000000004,0.004100000000000006,0.0245,0.024300000000000002,0.028500000000000015,0.028599999999999993,0.03430000000000002,0.034400000000000014,0.04329999999999999,0.044000000000000004,0.0185,0.01869999999999998,0.025799999999999997,0.0259
2007-05-31,0.0339,0.0114,0.0199,0.011300000000000001,0.0326,0.008499999999999997,0.02,0.008400000000000001,0.0305,0.0038000000000000013,0.0202,0.0038000000000000013,0.0352,0.012000000000000004,0.0132,0.0117,0.0304,0.001400000000000002,0.015700000000000002,0.001400000000000002,0.0333,0.0063,0.023,0.006200000000000001,0.034,0.0338,0.03500000000000001,0.0349,0.03580000000000001,0.035900000000000015,0.053500000000000006,0.05380000000000001,0.01870000000000001,0.018799999999999987,0.0303,0.030300000000000004
2007-06-30,-0.0074,0.0026999999999999993,-0.0014000000000000002,0.0026999999999999993,-0.0066,0.0034000000000000002,0.0024,0.0034999999999999996,-0.0053,0.0045,0.0084,0.004499999999999999,-0.0087,0.00030000000000000165,0.0031,0.0002999999999999995,0.0085,0.0017000000000000001,0.005699999999999999,0.0016999999999999993,-0.0023,0.0027,0.0031,0.0026999999999999997,0.034800000000000005,0.0346,0.03620000000000001,0.03629999999999999,0.03780000000000001,0.03800000000000001,0.0518,0.0521,0.019000000000000006,0.019199999999999988,0.031100000000000003,0.031200000000000002
2007-07-31,-0.0353,0.0013000000000000025,-0.0248,0.0012000000000000031,-0.0359,0.0011000000000000038,-0.0256,0.0011999999999999997,-0.0368,0.000899999999999998,-0.0271,0.000899999999999998,-0.0070999999999999995,0.0,0.0048,0.0,-0.0288,0.00010000000000000286,-0.0014000000000000002,9.999999999999983e-05,-0.029900000000000003,0.0007999999999999952,-0.0155,0.0007999999999999986,0.034100000000000005,0.0338,0.03500000000000001,0.035199999999999995,0.03610000000000001,0.036300000000000006,0.04980000000000001,0.050100000000000006,0.01780000000000001,0.017999999999999985,0.03,0.0301
2007-08-31,-0.0084,0.0016000000000000007,-0.0129,0.001599999999999999,-0.0064,0.0033999999999999994,-0.011399999999999999,0.0035000000000000014,-0.003,0.0065,-0.009000000000000001,0.0063999999999999994,-0.0064,0.00010000000000000026,-0.0176,0.0,-0.0317,0.0023999999999999994,-0.025099999999999997,0.0023000000000000034,-0.0139,0.0029,-0.0149,0.002700000000000001,0.0337,0.033400000000000006,0.036100000000000014,0.0364,0.040100000000000004,0.040100000000000004,0.04780000000000001,0.047999999999999994,0.01880000000000001,0.018899999999999986,0.0309,0.0308
2007-09-30,0.0097,0.00020000000000000052,0.0572,0.0001999999999999988,0.0138,0.0006999999999999992,0.0492,0.0007000000000000062,0.020499999999999997,0.0015999999999999973,0.0362,0.0016000000000000042,0.0298,0.0002999999999999982,0.0944,0.00019999999999999185,0.029500000000000002,0.005400000000000002,0.0555,0.005499999999999998,0.020499999999999997,0.002199999999999997,0.056900000000000006,0.0021000000000000046,0.03180000000000001,0.0316,0.03450000000000001,0.034800000000000005,0.0391,0.03920000000000001,0.04610000000000001,0.04619999999999999,0.02280000000000001,0.022999999999999986,0.031099999999999996,0.031000000000000003
2007-10-31,0.0298,0.0010000000000000009,0.043,0.000999999999999994,0.0344,0.0015000000000000013,0.0499,0.0015000000000000013,0.042199999999999994,0.0023999999999999924,0.0616,0.0023999999999999994,0.0044,0.0004000000000000002,0.0166,0.0003999999999999976,0.0173,0.00040000000000000105,0.0265,0.00040000000000000105,0.027999999999999997,0.000999999999999994,0.0446,0.0011999999999999997,0.030700000000000005,0.030599999999999995,0.03370000000000001,0.03400000000000001,0.03879999999999999,0.03890000000000001,0.044300000000000006,0.044499999999999984,0.021800000000000014,0.021899999999999992,0.030099999999999988,0.030200000000000008
2007-11-30,-0.0319,0.0015000000000000013,-0.0199,0.0015000000000000013,-0.0366,0.0023000000000000034,-0.0335,0.0022999999999999965,-0.0443,0.003500000000000003,-0.0555,0.003500000000000003,-0.055099999999999996,0.00030000000000000165,-0.0587,0.00030000000000000165,-0.0467,0.0013999999999999985,-0.035699999999999996,0.0013000000000000095,-0.042300000000000004,0.001899999999999992,-0.0417,0.001899999999999999,0.030200000000000008,0.030099999999999995,0.03380000000000001,0.034,0.039799999999999995,0.03970000000000001,0.042600000000000006,0.04269999999999998,0.021800000000000014,0.021800000000000003,0.03019999999999998,0.030200000000000008
2007-12-31,-0.0128,9.99999999999994e-05,-0.0152,0.00010000000000000113,-0.0069,0.0004000000000000002,-0.0207,0.0003999999999999976,0.003,0.0007999999999999999,-0.03,0.0008000000000000021,-0.0182,9.99999999999994e-05,-0.02,9.999999999999593e-05,-0.024300000000000002,0.001399999999999995,-0.0291,0.001299999999999999,-0.0108,0.0007999999999999986,-0.0203,0.0007999999999999986,0.028300000000000013,0.028199999999999992,0.031900000000000005,0.0322,0.037899999999999996,0.03790000000000002,0.04050000000000001,0.04069999999999998,0.021800000000000003,0.021700000000000004,0.028999999999999977,0.02900000000000001
2008-01-31,-0.1189,0.0010000000000000009,-0.0992,0.0011000000000000038,-0.10890000000000001,0.0010999999999999899,-0.0943,0.0010999999999999899,-0.083,0.0011000000000000038,-0.0817,0.0011000000000000038,-0.1318,9.999999999998899e-05,-0.1198,0.00010000000000000286,-0.1042,0.00040000000000001146,-0.07139999999999999,0.0003000000000000086,-0.1051,0.0007999999999999952,-0.0867,0.0007999999999999952,0.028400000000000012,0.028399999999999995,0.032299999999999995,0.03249999999999999,0.038299999999999994,0.03830000000000002,0.0397,0.03989999999999999,0.022100000000000015,0.021900000000000013,0.029199999999999973,0.029300000000000003
2008-02-29,-0.0066,0.0005999999999999998,0.0169,0.0005999999999999998,-0.0018,0.0014000000000000002,0.0155,0.0014000000000000002,0.0106,0.0033,0.012,0.003300000000000001,0.0431,0.0004000000000000045,0.0741,0.0005000000000000004,-0.0059,0.0014000000000000002,0.0184,0.0016000000000000007,0.0024,0.0013999999999999998,0.0225,0.001400000000000002,0.02890000000000001,0.028799999999999996,0.0325,0.03279999999999999,0.0389,0.038800000000000015,0.03989999999999999,0.040199999999999986,0.022100000000000012,0.022100000000000022,0.029399999999999975,0.029400000000000006
2008-03-31,-0.0235,0.0010000000000000009,0.015700000000000002,0.001100000000000002,-0.0231,0.003100000000000002,0.0046,0.0031,-0.0223,0.008399999999999998,-0.0239,0.008299999999999998,-0.032400000000000005,0.005399999999999995,0.0007000000000000001,0.0055,-0.061399999999999996,0.007000000000000006,-0.04190000000000001,0.007099999999999995,-0.0346,0.004400000000000001,-0.0139,0.004400000000000001,0.02860000000000001,0.02869999999999999,0.03159999999999999,0.03189999999999999,0.03919999999999999,0.039000000000000014,0.035899999999999994,0.036299999999999985,0.023600000000000017,0.023600000000000017,0.029199999999999976,0.029100000000000008
2008-04-30,0.055099999999999996,0.007199999999999998,0.0406,0.007099999999999995,0.056299999999999996,0.0068999999999999895,0.0461,0.0067000000000000046,0.059500000000000004,0.006000000000000005,0.061200000000000004,0.006000000000000005,0.0501,0.019,0.0449,0.0189,0.0863,0.0012000000000000066,0.0667,0.0011999999999999927,0.0636,0.005600000000000008,0.0533,0.005600000000000008,0.029600000000000005,0.0295,0.03379999999999998,0.0338,0.0428,0.04260000000000001,0.03839999999999999,0.03799999999999999,0.024200000000000024,0.02420000000000001,0.03079999999999998,0.03060000000000001
2008-05-31,0.0149,0.014,0.0104,0.0139,0.011200000000000002,0.011300000000000001,0.0073,0.0112,0.0014000000000000002,0.0039000000000000003,-0.001,0.0039,0.04019999999999999,0.01299999999999999,0.0361,0.013000000000000001,0.0326,0.001999999999999995,0.0248,0.0020000000000000018,0.0227,0.008000000000000002,0.019,0.007899999999999999,0.032200000000000006,0.0321,0.036599999999999994,0.036599999999999994,0.042899999999999994,0.042700000000000016,0.03939999999999998,0.03929999999999999,0.024800000000000016,0.02480000000000001,0.03249999999999998,0.03230000000000001
2008-06-30,-0.10189999999999999,0.0023000000000000104,-0.08929999999999999,0.0024000000000000132,-0.09380000000000001,0.0023999999999999855,-0.0833,0.0023999999999999994,-0.0725,0.002699999999999994,-0.0674,0.002699999999999994,-0.1061,0.0003999999999999976,-0.1015,0.0003999999999999837,-0.0679,0.0010000000000000009,-0.0709,0.0010000000000000009,-0.0808,0.001899999999999999,-0.07769999999999999,0.0019000000000000128,0.031800000000000016,0.03180000000000001,0.03559999999999998,0.03549999999999999,0.04109999999999999,0.040900000000000006,0.03949999999999998,0.03939999999999998,0.024100000000000017,0.02410000000000001,0.03169999999999998,0.03150000000000002
2008-07-31,-0.019,0.001899999999999999,-0.030699999999999998,0.001899999999999999,-0.0262,0.0019999999999999983,-0.0358,0.0020000000000000018,-0.044500000000000005,0.0020999999999999977,-0.0489,0.0022000000000000075,-0.0317,0.0,-0.0395,0.0,-0.0225,0.0002999999999999982,-0.0361,0.00030000000000000165,-0.0282,0.001400000000000002,-0.0384,0.0013000000000000025,0.03240000000000001,0.03250000000000001,0.03649999999999997,0.0363,0.04229999999999999,0.042200000000000015,0.03949999999999998,0.03939999999999998,0.024300000000000013,0.024300000000000013,0.03229999999999999,0.03200000000000003
2008-08-31,0.0104,0.0010000000000000009,-0.044800000000000006,0.000999999999999994,0.0215,0.0024999999999999988,-0.0432,0.0022999999999999965,0.0504,0.0063,-0.039,0.0058000000000000065,0.0021,0.00019999999999999987,-0.054000000000000006,0.00019999999999999185,-0.0279,0.002399999999999996,-0.049800000000000004,0.0022999999999999965,0.0046,0.0023,-0.0443,0.0020999999999999977,0.031800000000000016,0.031900000000000005,0.035599999999999965,0.03509999999999999,0.04209999999999999,0.041600000000000026,0.039599999999999975,0.03959999999999997,0.02430000000000001,0.024300000000000006,0.03169999999999999,0.031400000000000025
2008-09-30,-0.0986,0.0011000000000000176,-0.1331,0.0010999999999999899,-0.11019999999999999,0.0013000000000000095,-0.1393,0.0012000000000000066,-0.1405,0.001899999999999985,-0.1552,0.0019000000000000128,-0.1709,0.0005000000000000004,-0.2206,0.0005000000000000004,-0.1288,0.005900000000000016,-0.1285,0.005899999999999989,-0.1225,0.002700000000000008,-0.1418,0.00269999999999998,0.032700000000000035,0.032799999999999996,0.03619999999999998,0.03559999999999999,0.04239999999999998,0.041900000000000034,0.03979999999999998,0.03989999999999998,0.024800000000000023,0.024699999999999996,0.0322,0.032
2008-10-31,-0.1406,0.0002999999999999947,-0.2164,0.0002999999999999947,-0.13449999999999998,0.0008000000000000229,-0.2134,0.0007000000000000062,-0.1186,0.0019000000000000128,-0.2054,0.001799999999999996,-0.1734,0.00010000000000001674,-0.2642,9.999999999998899e-05,-0.19260000000000002,0.0005999999999999894,-0.17670000000000002,0.0005999999999999894,-0.1573,0.0008000000000000229,-0.20980000000000001,0.0007000000000000062,0.03200000000000003,0.0321,0.035500000000000004,0.0348,0.0419,0.04130000000000003,0.03949999999999999,0.03959999999999997,0.025000000000000012,0.024899999999999985,0.03200000000000003,0.0315
2008-11-30,-0.0632,0.002699999999999994,-0.0729,0.002699999999999994,-0.051500000000000004,0.003799999999999998,-0.07,0.003699999999999995,-0.0209,0.006700000000000001,-0.062400000000000004,0.006399999999999996,-0.0638,0.00010000000000000286,-0.0876,0.00019999999999999185,-0.0339,0.0029,-0.0175,0.0029,-0.0463,0.0032999999999999974,-0.054000000000000006,0.0031999999999999945,0.033200000000000014,0.03329999999999999,0.03699999999999999,0.036199999999999996,0.0451,0.044200000000000024,0.0393,0.039499999999999966,0.026500000000000013,0.026499999999999975,0.033400000000000034,0.032799999999999996
2008-12-31,-0.0043,0.001,0.1009,0.0010000000000000009,0.006500000000000001,0.0011000000000000003,0.069,0.0012000000000000066,0.0346,0.0015999999999999973,-0.014199999999999999,0.001500000000000003,-0.0034000000000000002,0.00039999999999999975,0.051,0.0005000000000000004,0.028399999999999998,0.0014999999999999979,0.08109999999999999,0.0015999999999999903,0.011399999999999999,0.0013999999999999985,0.0665,0.0015000000000000013,0.03410000000000002,0.03419999999999999,0.0377,0.037000000000000005,0.045899999999999996,0.04490000000000002,0.039599999999999996,0.03989999999999996,0.026600000000000016,0.026799999999999966,0.03400000000000003,0.0335
2009-01-31,-0.0528,0.0013999999999999985,-0.1304,0.0013000000000000234,-0.053899999999999997,0.0013000000000000025,-0.1137,0.0011000000000000038,-0.0574,0.0006999999999999992,-0.06480000000000001,0.0006999999999999923,-0.0294,0.00010000000000000286,-0.0843,9.999999999998899e-05,-0.0582,0.0001999999999999988,-0.0688,0.00020000000000000573,-0.052000000000000005,0.000899999999999998,-0.09119999999999999,0.000800000000000009,0.03450000000000002,0.03440000000000001,0.03790000000000001,0.03700000000000002,0.045499999999999985,0.04450000000000001,0.03960000000000001,0.03989999999999995,0.026400000000000003,0.026699999999999963,0.03410000000000003,0.033500000000000016
2009-02-28,-0.1023,0.0013999999999999846,-0.1115,0.0012999999999999956,-0.09119999999999999,0.002600000000000019,-0.1015,0.002599999999999991,-0.0611,0.0059999999999999915,-0.0746,0.0059000000000000025,-0.0437,0.0003999999999999976,-0.0794,0.0002999999999999947,-0.0458,0.001799999999999996,-0.10060000000000001,0.0016999999999999932,-0.071,0.0022000000000000075,-0.09970000000000001,0.0021999999999999797,0.0353,0.035100000000000006,0.039100000000000024,0.03820000000000001,0.04819999999999998,0.04710000000000001,0.0396,0.039699999999999944,0.0268,0.026799999999999956,0.03490000000000004,0.0343
2009-03-31,0.0351,0.0030999999999999986,0.0793,0.0031999999999999945,0.035,0.003500000000000003,0.0676,0.003599999999999992,0.0346,0.0045000000000000005,0.0368,0.0046,0.0189,0.0058,0.08439999999999999,0.006199999999999983,0.0381,0.008799999999999999,0.0424,0.008899999999999998,0.0383,0.005500000000000005,0.0613,0.005499999999999998,0.037399999999999996,0.0372,0.03950000000000003,0.0387,0.044299999999999985,0.043400000000000015,0.04000000000000001,0.04039999999999992,0.028599999999999993,0.02859999999999996,0.036000000000000046,0.03539999999999999
2009-04-30,0.1294,0.009599999999999984,0.1278,0.009499999999999995,0.12279999999999999,0.008199999999999985,0.131,0.008300000000000016,0.10490000000000001,0.004600000000000007,0.13970000000000002,0.0048000000000000265,0.1956,0.021699999999999997,0.2133,0.02209999999999998,0.08539999999999999,0.0010999999999999899,0.0983,0.0010999999999999899,0.1106,0.006200000000000011,0.1249,0.006200000000000011,0.03979999999999998,0.039599999999999996,0.040800000000000024,0.040300000000000016,0.04289999999999999,0.042200000000000036,0.0427,0.0435999999999999,0.028499999999999977,0.028499999999999956,0.03660000000000005,0.03599999999999999
2009-05-31,0.0506,0.013699999999999997,0.1234,0.014700000000000005,0.0489,0.011499999999999996,0.1288,0.012399999999999994,0.0444,0.005499999999999998,0.1431,0.006000000000000005,0.06269999999999999,0.010399999999999986,0.1283,0.010999999999999996,0.0863,0.002600000000000005,0.133,0.002600000000000019,0.067,0.007800000000000001,0.13699999999999998,0.00839999999999999,0.03949999999999998,0.0404,0.04100000000000002,0.04150000000000001,0.044499999999999984,0.04430000000000004,0.0401,0.0415999999999999,0.029099999999999987,0.029099999999999973,0.03640000000000005,0.036499999999999984
2009-06-30,-0.01,0.0035000000000000014,-0.0197,0.0034000000000000002,-0.0149,0.0036000000000000025,-0.0177,0.003599999999999999,-0.0277,0.0038000000000000013,-0.0126,0.003799999999999998,-0.0109,0.00010000000000000113,-0.0264,9.99999999999994e-05,0.0347,0.0013000000000000025,0.0262,0.001299999999999999,0.0031,0.0025,-0.0072,0.0025000000000000005,0.04069999999999997,0.041399999999999985,0.042200000000000036,0.04270000000000001,0.04559999999999999,0.045400000000000044,0.0398,0.04129999999999992,0.02939999999999999,0.02939999999999997,0.037000000000000054,0.03709999999999997
2009-07-31,0.0823,0.0019000000000000128,0.09970000000000001,0.0020000000000000157,0.0823,0.001799999999999996,0.09949999999999999,0.001799999999999996,0.0824,0.0013999999999999985,0.0989,0.0013999999999999985,0.0672,0.0002999999999999947,0.11720000000000001,0.00030000000000002247,0.0509,0.0001999999999999988,0.0697,0.0002999999999999947,0.0674,0.0012000000000000066,0.092,0.0011999999999999927,0.040699999999999986,0.0415,0.04200000000000004,0.0425,0.044899999999999995,0.044600000000000035,0.0401,0.04159999999999994,0.02929999999999999,0.029399999999999964,0.036800000000000055,0.036999999999999963
2009-08-31,0.0513,0.000999999999999994,0.0581,0.0010999999999999968,0.0583,0.0023999999999999994,0.0558,0.0023000000000000034,0.07629999999999999,0.005899999999999989,0.05,0.0058000000000000065,0.0464,0.0001999999999999988,0.0571,0.00019999999999999185,0.015300000000000001,0.0025000000000000005,0.0287,0.0026000000000000016,0.0393,0.0022999999999999965,0.04190000000000001,0.0023000000000000104,0.04069999999999998,0.041600000000000005,0.041900000000000034,0.04250000000000001,0.044499999999999984,0.044600000000000035,0.0401,0.04159999999999994,0.029399999999999996,0.02969999999999997,0.036800000000000055,0.037199999999999976
2009-09-30,0.0438,0.0005999999999999964,0.06559999999999999,0.0005999999999999894,0.0453,0.0011000000000000038,0.0559,0.000999999999999994,0.049100000000000005,0.0021000000000000046,0.030299999999999997,0.001999999999999995,0.02,0.00020000000000000226,0.046,0.00010000000000000286,-0.0072,0.0051,0.026600000000000002,0.005400000000000002,0.0269,0.0025000000000000022,0.0471,0.0025000000000000022,0.04019999999999996,0.041100000000000005,0.04170000000000003,0.0423,0.044700000000000004,0.04470000000000002,0.0398,0.041199999999999945,0.02859999999999998,0.029199999999999983,0.03660000000000005,0.037
2009-10-31,-0.0349,0.0003999999999999976,-0.0292,0.0005000000000000004,-0.030600000000000002,0.0005999999999999998,-0.0191,0.0005999999999999998,-0.019,0.0010000000000000009,0.0086,0.0011000000000000003,0.0074,0.00010000000000000026,0.0032,0.00010000000000000026,-0.0121,0.0005999999999999998,-0.011200000000000002,0.0005999999999999981,-0.0229,0.0006999999999999992,-0.0177,0.0006999999999999992,0.04029999999999996,0.04130000000000001,0.04150000000000001,0.04219999999999999,0.04379999999999999,0.044000000000000025,0.03979999999999998,0.04119999999999995,0.028599999999999987,0.02919999999999999,0.036500000000000025,0.03699999999999999
2009-11-30,0.01,0.0024000000000000002,0.030299999999999997,0.0024999999999999988,0.0149,0.003000000000000001,0.0298,0.003100000000000002,0.0279,0.004800000000000002,0.0285,0.004900000000000002,0.0172,0.00030000000000000165,0.0332,0.00030000000000000165,-0.032799999999999996,0.0014000000000000054,-0.0026,0.0014000000000000002,0.0021,0.0021999999999999997,0.0231,0.0023,0.039999999999999966,0.04110000000000001,0.04070000000000001,0.0416,0.04189999999999999,0.04250000000000003,0.03999999999999998,0.04129999999999996,0.027099999999999992,0.027699999999999992,0.03540000000000003,0.03609999999999999
2009-12-31,0.050199999999999995,0.0010999999999999899,0.0052,0.0011000000000000003,0.0483,0.0011000000000000038,0.0105,0.0010000000000000009,0.0433,0.000999999999999994,0.0246,0.0011000000000000003,0.0359,0.0013000000000000025,0.0037,0.0012000000000000001,0.0644,0.0011999999999999927,0.011399999999999999,0.001199999999999998,0.0519,0.0013000000000000025,0.0128,0.0013000000000000008,0.040099999999999955,0.041200000000000014,0.040700000000000014,0.04139999999999999,0.04129999999999998,0.042100000000000026,0.040899999999999985,0.04199999999999996,0.02679999999999999,0.027299999999999998,0.03530000000000003,0.035899999999999994
2010-01-31,-0.032799999999999996,0.0006000000000000033,-0.06280000000000001,0.0005999999999999894,-0.032,0.0005999999999999964,-0.057,0.0005999999999999964,-0.03,0.0006000000000000033,-0.042800000000000005,0.0005999999999999964,0.016,9.99999999999994e-05,-0.014199999999999999,0.0,-0.026699999999999998,0.00020000000000000226,-0.0104,0.00010000000000000113,-0.0286,0.0005999999999999998,-0.04,0.0005000000000000004,0.03929999999999996,0.04049999999999998,0.04,0.040899999999999985,0.04119999999999999,0.04200000000000003,0.040899999999999985,0.04189999999999997,0.02679999999999999,0.027199999999999995,0.03500000000000003,0.035599999999999986
2010-02-28,-0.0113,0.0003999999999999993,-0.0274,0.0003999999999999976,0.0026,0.0017,-0.023700000000000002,0.0015999999999999973,0.0359,0.004699999999999999,-0.0149,0.004399999999999998,-0.010700000000000001,0.0,-0.0003,0.0,0.0034999999999999996,0.0016999999999999997,0.0143,0.0017000000000000001,0.006,0.0014999999999999996,-0.0024,0.0015000000000000005,0.03829999999999997,0.03959999999999998,0.03909999999999999,0.03989999999999999,0.03989999999999999,0.04050000000000003,0.04049999999999999,0.04159999999999998,0.026699999999999995,0.027200000000000002,0.034300000000000025,0.03490000000000001
2010-03-31,0.0669,0.0020999999999999908,0.0625,0.0020999999999999977,0.0663,0.002599999999999991,0.0636,0.002600000000000005,0.065,0.004100000000000006,0.0664,0.0040999999999999995,0.0848,0.006999999999999992,0.0737,0.006900000000000003,0.0857,0.007400000000000004,0.057999999999999996,0.007199999999999998,0.0712,0.004500000000000004,0.0635,0.004499999999999997,0.037299999999999965,0.038499999999999986,0.03819999999999997,0.038900000000000004,0.03950000000000001,0.04000000000000003,0.04169999999999997,0.0423,0.025300000000000003,0.025500000000000002,0.033300000000000024,0.033900000000000007
2010-04-30,-0.0143,0.0052,-0.030299999999999997,0.005100000000000004,-0.0124,0.0043,-0.0222,0.004199999999999999,-0.008,0.0022000000000000006,-0.0027,0.0023,0.0297,0.010700000000000001,0.0241,0.0107,0.0069,0.0008999999999999998,0.008,0.0009000000000000006,-0.0008,0.0032999999999999995,-0.006,0.0033999999999999985,0.032899999999999985,0.03409999999999999,0.03429999999999999,0.034799999999999984,0.037099999999999994,0.0375,0.03069999999999998,0.030900000000000018,0.02510000000000001,0.025300000000000013,0.03040000000000001,0.031099999999999992
2010-05-31,-0.051699999999999996,0.012499999999999997,-0.12179999999999999,0.0116,-0.0562,0.009599999999999997,-0.11869999999999999,0.009000000000000022,-0.0664,0.0031000000000000055,-0.1117,0.0030000000000000165,-0.06849999999999999,0.008500000000000008,-0.1396,0.00789999999999999,-0.0931,0.001899999999999999,-0.0962,0.0020000000000000157,-0.0678,0.0063,-0.1073,0.0059000000000000025,0.03169999999999998,0.030999999999999986,0.03239999999999999,0.03140000000000001,0.03470000000000001,0.03450000000000001,0.028800000000000003,0.027800000000000012,0.024400000000000005,0.02470000000000001,0.02890000000000001,0.028600000000000004
2010-06-30,-0.012199999999999999,0.0029000000000000015,-0.0054,0.0029,-0.0227,0.0029999999999999957,-0.01,0.003000000000000001,-0.045899999999999996,0.0034000000000000002,-0.020099999999999996,0.003500000000000003,-0.008199999999999999,0.000700000000000001,-0.0111,0.0006999999999999992,-0.023,0.0013000000000000025,-0.0054,0.0013,-0.0232,0.0022000000000000006,-0.0127,0.0022000000000000006,0.031099999999999982,0.030499999999999985,0.03179999999999998,0.030800000000000015,0.034300000000000004,0.034200000000000015,0.029400000000000003,0.028400000000000012,0.024400000000000005,0.02470000000000001,0.02860000000000001,0.028300000000000006
2010-07-31,0.0504,0.0019000000000000059,0.1149,0.0020000000000000157,0.0571,0.0017000000000000001,0.1186,0.001700000000000007,0.0722,0.0012999999999999956,0.12710000000000002,0.0014000000000000123,0.0496,0.0,0.1277,0.0,0.0236,0.0002999999999999982,0.055099999999999996,0.0002999999999999947,0.0435,0.0011999999999999927,0.0932,0.0012000000000000066,0.031099999999999975,0.030499999999999985,0.03169999999999999,0.030700000000000026,0.0342,0.03420000000000003,0.029100000000000008,0.02809999999999999,0.024500000000000004,0.02470000000000001,0.028599999999999997,0.02830000000000002
2010-08-31,-0.0279,0.0010000000000000009,-0.0462,0.000900000000000005,-0.0208,0.002100000000000001,-0.0404,0.0021000000000000046,-0.0051,0.004699999999999999,-0.0276,0.0046,-0.0285,0.0002999999999999982,-0.055,0.0003999999999999976,-0.029500000000000002,0.0028000000000000004,-0.0173,0.002700000000000001,-0.0209,0.0022000000000000006,-0.0317,0.0020999999999999977,0.031099999999999982,0.030299999999999994,0.03139999999999999,0.030500000000000027,0.033000000000000015,0.03300000000000002,0.02920000000000001,0.028299999999999995,0.024800000000000006,0.02480000000000001,0.0285,0.028100000000000007
2010-09-30,0.0467,0.0006999999999999992,0.1175,0.0007999999999999952,0.0533,0.0011999999999999997,0.11019999999999999,0.0011999999999999927,0.0677,0.0022999999999999965,0.0944,0.0023999999999999994,0.0771,0.0005000000000000004,0.16670000000000001,0.0006000000000000172,0.0527,0.0068000000000000005,0.0785,0.006900000000000003,0.0537,0.0032000000000000015,0.1003,0.0033000000000000113,0.031199999999999985,0.0305,0.031499999999999986,0.030700000000000026,0.03320000000000001,0.03340000000000003,0.029500000000000005,0.02880000000000001,0.026500000000000003,0.02630000000000001,0.0292,0.028900000000000016
2010-10-31,0.0355,0.000899999999999998,0.0565,0.000900000000000005,0.031200000000000002,0.0011000000000000038,0.052300000000000006,0.0011000000000000038,0.021400000000000002,0.0015000000000000013,0.043,0.0014999999999999944,0.0178,0.0001999999999999988,0.031200000000000002,0.00020000000000000226,-0.0053,0.0005999999999999998,0.0226,0.0005999999999999964,0.0181,0.0009000000000000015,0.0398,0.0010000000000000009,0.031699999999999985,0.030900000000000004,0.03199999999999999,0.031200000000000033,0.03370000000000001,0.033800000000000024,0.0296,0.028900000000000012,0.026500000000000006,0.02630000000000001,0.029400000000000003,0.029200000000000018
2010-11-30,-0.0383,0.0020999999999999977,-0.0977,0.0020000000000000157,-0.0329,0.0023000000000000034,-0.0834,0.0022000000000000075,-0.0208,0.002700000000000001,-0.0509,0.002700000000000001,-0.0003,0.00010000000000000005,-0.057999999999999996,0.00020000000000000573,0.0374,0.0015000000000000013,0.005699999999999999,0.0015999999999999999,-0.0027,0.0018999999999999998,-0.0435,0.001800000000000003,0.031399999999999983,0.030400000000000024,0.031299999999999994,0.030300000000000035,0.0316,0.03160000000000002,0.029400000000000003,0.028800000000000017,0.0266,0.02650000000000001,0.0291,0.028700000000000017
2010-12-31,0.0493,0.000899999999999998,0.08960000000000001,0.0010000000000000148,0.057699999999999994,0.000999999999999994,0.0863,0.0010000000000000148,0.0757,0.0012000000000000066,0.0794,0.0011000000000000038,0.075,0.0003999999999999976,0.1242,0.0003999999999999976,0.0378,0.0013000000000000025,0.0723,0.0013000000000000095,0.0507,0.0012999999999999956,0.0828,0.0012999999999999956,0.03119999999999999,0.030300000000000035,0.03119999999999998,0.03030000000000005,0.031800000000000016,0.031600000000000024,0.028499999999999998,0.028000000000000014,0.02670000000000001,0.02660000000000002,0.029099999999999994,0.028700000000000014
2011-01-31,0.030899999999999997,0.0011999999999999962,0.0484,0.0012999999999999956,0.019,0.0011000000000000003,0.039,0.0010999999999999968,-0.0070999999999999995,0.000700000000000001,0.018600000000000002,0.0007000000000000027,-0.0031,0.0,0.0241,0.0,0.0108,0.00020000000000000052,-0.001,0.00010000000000000005,0.0137,0.0008000000000000004,0.020499999999999997,0.0007999999999999986,0.03179999999999998,0.03100000000000004,0.03169999999999999,0.03080000000000005,0.03190000000000001,0.03170000000000003,0.028399999999999998,0.028000000000000014,0.02670000000000001,0.02660000000000002,0.029299999999999996,0.029000000000000012
2011-02-28,0.021,0.0012000000000000031,0.030899999999999997,0.0011999999999999962,0.0219,0.002100000000000001,0.0335,0.0020999999999999977,0.024,0.0040999999999999995,0.0394,0.004199999999999995,-0.0038,0.0,0.0146,0.00010000000000000113,0.0219,0.001800000000000003,0.0287,0.0017999999999999995,0.0218,0.0017000000000000036,0.034300000000000004,0.001800000000000003,0.03259999999999999,0.031800000000000044,0.03209999999999999,0.03130000000000005,0.031300000000000015,0.03150000000000003,0.028399999999999998,0.028100000000000014,0.02680000000000001,0.02670000000000002,0.0295,0.029300000000000014
2011-03-31,-0.0187,0.001299999999999999,0.0038,0.0012000000000000001,-0.0163,0.002200000000000004,-0.0048,0.0021999999999999997,-0.0109,0.0043,-0.0241,0.004200000000000002,0.0131,0.0066,0.024399999999999998,0.006599999999999998,-0.0383,0.007400000000000004,-0.043899999999999995,0.007300000000000008,-0.020099999999999996,0.004300000000000002,-0.015,0.004299999999999998,0.031799999999999995,0.030900000000000045,0.031700000000000006,0.030900000000000045,0.03150000000000001,0.03160000000000003,0.028000000000000004,0.027800000000000012,0.02680000000000001,0.02680000000000003,0.029299999999999996,0.029100000000000015
2011-04-30,0.0344,0.006400000000000003,0.0851,0.0068000000000000005,0.0334,0.005299999999999999,0.08199999999999999,0.005599999999999994,0.031200000000000002,0.002800000000000004,0.075,0.002799999999999997,0.023,0.013699999999999999,0.0723,0.014400000000000003,-0.0039000000000000003,0.0010999999999999998,0.026099999999999998,0.0010999999999999968,0.0161,0.004200000000000001,0.0564,0.004299999999999998,0.033,0.032600000000000046,0.0327,0.032300000000000044,0.03210000000000001,0.032100000000000024,0.031000000000000003,0.031500000000000014,0.02700000000000001,0.027000000000000024,0.030199999999999998,0.030000000000000016
2011-05-31,-0.0103,0.0133,-0.031,0.013000000000000005,-0.01,0.010499999999999997,-0.029300000000000003,0.010199999999999997,-0.0095,0.0038000000000000013,-0.0252,0.003799999999999998,-0.016399999999999998,0.011500000000000003,-0.0401,0.011299999999999998,-0.0106,0.0026,-0.0194,0.0024999999999999988,-0.0106,0.0071,-0.0273,0.007000000000000003,0.033800000000000004,0.03400000000000005,0.0336,0.033500000000000016,0.03280000000000001,0.032900000000000006,0.034,0.03490000000000002,0.027700000000000013,0.027500000000000007,0.031,0.031100000000000017
2011-06-30,-0.018799999999999997,0.0029000000000000033,-0.0103,0.0029,-0.0151,0.0029000000000000015,-0.016399999999999998,0.0029,-0.0066,0.0031000000000000003,-0.0302,0.003100000000000002,-0.0438,0.0011000000000000038,-0.053099999999999994,0.0010000000000000078,-0.004,0.0013,0.004,0.0013,-0.0159,0.0023,-0.0141,0.0022999999999999982,0.033800000000000004,0.03400000000000005,0.0335,0.03340000000000001,0.03250000000000001,0.03250000000000001,0.0344,0.03520000000000003,0.02770000000000001,0.027500000000000007,0.0311,0.031200000000000016
2011-07-31,-0.0508,0.0025000000000000022,-0.0466,0.002599999999999998,-0.042300000000000004,0.0022000000000000006,-0.0325,0.0022000000000000006,-0.022799999999999997,0.0013000000000000025,0.0001,0.0012000000000000001,-0.042800000000000005,0.0,-0.04,0.0,-0.0038,0.0002999999999999995,0.0281,0.00030000000000000165,-0.0282,0.001400000000000002,-0.0118,0.0014000000000000002,0.0344,0.034600000000000034,0.034,0.033900000000000007,0.032500000000000015,0.032299999999999995,0.0344,0.03520000000000003,0.02770000000000001,0.027500000000000014,0.03130000000000001,0.03140000000000001
2011-08-31,-0.1057,0.0007000000000000062,-0.10949999999999999,0.0006000000000000172,-0.095,0.0022999999999999965,-0.1008,0.0023000000000000104,-0.0713,0.0058,-0.0818,0.0058,-0.0968,0.00040000000000001146,-0.1013,0.0003999999999999976,-0.0682,0.0034000000000000002,-0.07,0.0033999999999999864,-0.0789,0.0025000000000000022,-0.08539999999999999,0.0025000000000000022,0.034100000000000005,0.034300000000000046,0.034199999999999994,0.03410000000000001,0.03360000000000001,0.033499999999999995,0.03450000000000002,0.03520000000000003,0.028300000000000013,0.0282,0.03160000000000001,0.031800000000000016
2011-09-30,-0.0513,0.0016000000000000042,-0.1247,0.0014999999999999736,-0.051699999999999996,0.001800000000000003,-0.11410000000000001,0.0016999999999999932,-0.0527,0.0020000000000000018,-0.0915,0.0020000000000000018,-0.061900000000000004,0.0005000000000000004,-0.1333,0.0003999999999999837,-0.040999999999999995,0.007100000000000002,-0.06849999999999999,0.007000000000000006,-0.0521,0.003700000000000002,-0.10310000000000001,0.0034999999999999892,0.03500000000000001,0.035000000000000024,0.03480000000000001,0.03460000000000001,0.03330000000000002,0.0331,0.03450000000000002,0.034999999999999996,0.028600000000000014,0.028300000000000002,0.03210000000000001,0.031999999999999994
2011-10-31,0.0658,0.0005000000000000004,0.1032,0.0005000000000000004,0.0698,0.0007999999999999952,0.1063,0.0009000000000000119,0.0781,0.0013999999999999985,0.1125,0.0015000000000000013,0.0827,0.00010000000000000286,0.1365,0.00010000000000001674,0.032799999999999996,0.00039999999999999064,0.0453,0.0003999999999999976,0.056600000000000004,0.0007000000000000062,0.0872,0.0006999999999999923,0.03460000000000001,0.03460000000000002,0.0345,0.03440000000000002,0.033200000000000014,0.033100000000000004,0.034400000000000014,0.034900000000000014,0.0284,0.028100000000000003,0.03190000000000001,0.031699999999999985
2011-11-30,-0.027999999999999997,0.002200000000000004,-0.058899999999999994,0.0021000000000000046,-0.0208,0.003500000000000003,-0.049400000000000006,0.0033999999999999933,-0.0059,0.0062,-0.0298,0.005999999999999998,-0.0033,0.0011000000000000003,-0.039,0.0010000000000000009,-0.0458,0.0017000000000000001,-0.0479,0.0017000000000000001,-0.0268,0.002599999999999998,-0.045899999999999996,0.002599999999999998,0.03470000000000002,0.03470000000000001,0.035699999999999996,0.03560000000000001,0.03670000000000002,0.0364,0.03540000000000002,0.03570000000000001,0.0286,0.028200000000000003,0.03260000000000001,0.03249999999999998
2011-12-31,0.0052,0.001,-0.0304,0.0010000000000000044,0.0058,0.0008999999999999998,-0.0216,0.000899999999999998,0.006999999999999999,0.0006999999999999992,-0.004,0.0006999999999999992,0.003,0.0007999999999999999,-0.025699999999999997,0.0008000000000000021,0.0001,0.0019,0.0029,0.0018999999999999998,0.0017000000000000001,0.0016,-0.013000000000000001,0.001599999999999999,0.034800000000000025,0.034699999999999995,0.03560000000000001,0.03549999999999999,0.03620000000000001,0.036,0.035800000000000026,0.036100000000000014,0.0292,0.028799999999999992,0.03290000000000002,0.03279999999999998
2012-01-31,0.0464,0.0014999999999999944,0.059699999999999996,0.0014999999999999944,0.042300000000000004,0.0014000000000000054,0.056100000000000004,0.0015000000000000013,0.0345,0.0011999999999999997,0.049100000000000005,0.0013000000000000025,0.053200000000000004,0.0,0.0688,0.0,0.0484,0.0001999999999999988,0.0654,0.00020000000000000573,0.0454,0.0010000000000000009,0.060899999999999996,0.000899999999999998,0.03510000000000002,0.034899999999999994,0.03590000000000001,0.035899999999999994,0.03670000000000001,0.0366,0.035800000000000026,0.03610000000000001,0.029199999999999997,0.028900000000000002,0.03310000000000002,0.03289999999999998
2012-02-29,0.0406,0.001799999999999996,0.059699999999999996,0.001799999999999996,0.045700000000000005,0.0032000000000000015,0.0621,0.0032000000000000084,0.0555,0.0058000000000000065,0.0667,0.0058999999999999955,0.0736,0.00010000000000000286,0.1051,0.0,0.07769999999999999,0.0025000000000000022,0.04190000000000001,0.002500000000000009,0.0552,0.0025000000000000022,0.0542,0.002599999999999998,0.035700000000000016,0.03549999999999999,0.03700000000000001,0.037000000000000005,0.03840000000000002,0.0383,0.03590000000000003,0.03600000000000001,0.029899999999999996,0.029600000000000008,0.03390000000000002,0.03369999999999997
2012-03-31,0.0045000000000000005,0.0017000000000000001,0.0062,0.0017999999999999995,-0.0036,0.0024000000000000002,-0.0005,0.0025,-0.0191,0.0038000000000000013,-0.013300000000000001,0.0037999999999999996,-0.009000000000000001,0.008799999999999999,-0.0123,0.008799999999999997,0.0195,0.007800000000000001,-0.0008,0.0075,0.0027,0.0047,-0.0034000000000000002,0.004700000000000001,0.036100000000000014,0.03609999999999999,0.037200000000000004,0.03730000000000001,0.03790000000000002,0.037899999999999996,0.03810000000000002,0.038200000000000005,0.030299999999999994,0.0298,0.03430000000000001,0.03409999999999998
2012-04-30,-0.0334,0.009299999999999996,-0.0406,0.009300000000000003,-0.023799999999999998,0.007300000000000001,-0.024300000000000002,0.007199999999999998,-0.0052,0.0031999999999999997,0.0075,0.0031999999999999997,-0.003,0.0121,-0.013999999999999999,0.0119,-0.0282,0.0009000000000000015,-0.0045000000000000005,0.0008999999999999998,-0.022099999999999998,0.004800000000000002,-0.014199999999999999,0.0048000000000000004,0.03900000000000001,0.038599999999999995,0.039200000000000006,0.03890000000000001,0.03830000000000001,0.0383,0.036500000000000025,0.0357,0.0301,0.029600000000000005,0.034900000000000014,0.03459999999999998
2012-05-31,-0.0599,0.012100000000000007,-0.1222,0.011300000000000004,-0.0643,0.009700000000000014,-0.1215,0.009099999999999997,-0.0726,0.0050000000000000044,-0.12029999999999999,0.004799999999999999,-0.0739,0.012999999999999998,-0.13849999999999998,0.012100000000000027,-0.0901,0.0029000000000000137,-0.0959,0.002799999999999997,-0.07400000000000001,0.006799999999999987,-0.11230000000000001,0.006399999999999975,0.037800000000000014,0.036899999999999995,0.038400000000000024,0.037800000000000014,0.039500000000000014,0.0393,0.03800000000000002,0.03650000000000003,0.03040000000000001,0.029900000000000003,0.0346,0.033999999999999954
2012-06-30,0.0506,0.004200000000000002,0.0756,0.004400000000000001,0.0481,0.003799999999999998,0.07139999999999999,0.003899999999999987,0.0435,0.0030999999999999986,0.0638,0.0030999999999999917,0.0308,0.00040000000000000105,0.0677,0.0002999999999999947,0.0471,0.0016000000000000042,0.0471,0.0016000000000000042,0.042300000000000004,0.002800000000000004,0.057300000000000004,0.002800000000000004,0.03910000000000001,0.0384,0.039300000000000015,0.0388,0.039500000000000014,0.03929999999999999,0.037300000000000014,0.03580000000000002,0.030700000000000015,0.030200000000000008,0.035100000000000006,0.03449999999999996
2012-07-31,0.028399999999999998,0.0014999999999999979,-0.0003,0.0015,0.0218,0.0013000000000000025,0.002,0.0012000000000000001,0.009300000000000001,0.0008000000000000004,0.0064,0.0007999999999999995,0.0444,0.00010000000000000286,0.0416,9.999999999999593e-05,-0.0088,0.0003999999999999993,0.01,0.0005000000000000004,0.011200000000000002,0.0010000000000000009,0.0091,0.0009000000000000015,0.03810000000000001,0.0373,0.038400000000000024,0.0378,0.039000000000000014,0.03889999999999999,0.03740000000000002,0.035900000000000015,0.030800000000000015,0.030400000000000007,0.0347,0.033999999999999954
2012-08-31,0.0287,0.0005999999999999998,0.0516,0.0006000000000000033,0.027000000000000003,0.002700000000000001,0.04650000000000001,0.002700000000000008,0.024,0.006600000000000002,0.0371,0.006600000000000002,0.0003,0.0005,0.028399999999999998,0.000499999999999997,0.0067,0.0035,0.0015,0.0035,0.0178,0.0028000000000000004,0.0288,0.002799999999999997,0.038000000000000006,0.037299999999999986,0.03880000000000002,0.0382,0.039800000000000016,0.03969999999999999,0.037500000000000006,0.03600000000000002,0.030900000000000014,0.03050000000000002,0.035,0.03429999999999995
2012-09-30,0.0149,0.0017000000000000001,0.0356,0.0017000000000000001,0.0148,0.0019000000000000006,0.0345,0.0019000000000000059,0.0144,0.002,0.0323,0.002100000000000001,0.0239,0.0008000000000000021,0.0371,0.0008000000000000021,0.0268,0.0074,0.0319,0.007399999999999997,0.0216,0.0038000000000000013,0.034300000000000004,0.003900000000000004,0.038099999999999995,0.03750000000000001,0.03890000000000002,0.03840000000000001,0.03980000000000001,0.03979999999999999,0.03780000000000001,0.03640000000000003,0.031200000000000012,0.03090000000000001,0.0351,0.03469999999999997
2012-10-31,0.0177,0.0005000000000000004,0.0269,0.0005999999999999998,0.0151,0.0010000000000000009,0.0209,0.0009999999999999974,0.0102,0.0019000000000000006,0.0097,0.0018999999999999998,-0.011399999999999999,0.0005000000000000004,-0.012199999999999999,0.00040000000000000105,0.0104,0.0002999999999999999,-0.002,0.0002999999999999999,0.0113,0.0007999999999999986,0.0085,0.0009000000000000006,0.038099999999999995,0.03760000000000001,0.039100000000000024,0.03849999999999999,0.040300000000000016,0.040199999999999986,0.038200000000000005,0.03670000000000002,0.03110000000000002,0.030800000000000015,0.035199999999999995,0.03489999999999998
2012-11-30,0.027000000000000003,0.0019000000000000059,0.0292,0.0017999999999999995,0.024399999999999998,0.002599999999999998,0.0233,0.0025000000000000022,0.0194,0.004,0.011899999999999999,0.003899999999999999,0.0194,0.00010000000000000286,0.0192,0.0001999999999999988,0.0339,0.001899999999999999,0.016200000000000003,0.0019000000000000024,0.023799999999999998,0.002199999999999997,0.018000000000000002,0.0022000000000000006,0.0378,0.03730000000000001,0.03820000000000002,0.0376,0.03810000000000001,0.03809999999999999,0.03720000000000001,0.035900000000000015,0.03130000000000002,0.031000000000000014,0.03479999999999999,0.03449999999999998
2012-12-31,0.0215,0.0010000000000000009,0.0375,0.0010000000000000009,0.0179,0.0010000000000000009,0.0334,0.000999999999999994,0.010700000000000001,0.0010000000000000009,0.0255,0.0009999999999999974,0.0163,0.0010999999999999985,0.0373,0.0011999999999999997,0.064,0.0015000000000000013,0.0334,0.0015000000000000013,0.0332,0.0013999999999999985,0.032400000000000005,0.0014000000000000054,0.0378,0.03730000000000001,0.03830000000000002,0.0377,0.03840000000000001,0.03839999999999999,0.037500000000000006,0.03630000000000001,0.03090000000000002,0.030600000000000016,0.03459999999999999,0.03429999999999999
2013-01-31,0.0425,0.0013000000000000025,0.0683,0.0012999999999999956,0.0496,0.0011999999999999997,0.059000000000000004,0.0011999999999999997,0.0638,0.0011000000000000038,0.0403,0.0010000000000000009,0.056600000000000004,0.0,0.0816,0.0,0.0782,0.00020000000000000573,0.045599999999999995,0.00019999999999999185,0.0571,0.000899999999999998,0.0521,0.000899999999999998,0.03760000000000001,0.03710000000000001,0.038100000000000016,0.037399999999999996,0.038300000000000015,0.03809999999999998,0.037500000000000006,0.03630000000000001,0.030900000000000028,0.030600000000000002,0.03449999999999999,0.03429999999999999
2013-02-28,0.0055000000000000005,0.0011000000000000003,-0.0305,0.0011000000000000038,0.0109,0.001899999999999999,-0.0277,0.0019000000000000024,0.022000000000000002,0.0036000000000000025,-0.022099999999999998,0.0034000000000000002,0.026099999999999998,0.00040000000000000105,-0.0040999999999999995,0.00040000000000000105,0.032,0.0020000000000000018,0.0215,0.0019999999999999983,0.0191,0.001899999999999999,-0.0088,0.0017999999999999995,0.03690000000000001,0.036400000000000016,0.03680000000000001,0.03609999999999999,0.036100000000000014,0.03559999999999999,0.03780000000000001,0.03670000000000001,0.030400000000000028,0.030099999999999995,0.033899999999999986,0.03349999999999999
2013-03-31,0.0055000000000000005,0.002000000000000001,-0.0125,0.001899999999999999,0.0069,0.0027,-0.0049,0.0027,0.009899999999999999,0.0043999999999999985,0.0108,0.0044,0.0044,0.0083,-0.0106,0.008199999999999997,0.0379,0.007200000000000005,0.030699999999999998,0.007099999999999999,0.0167,0.004699999999999999,0.0087,0.004699999999999999,0.03720000000000001,0.03650000000000001,0.037100000000000015,0.03629999999999999,0.03670000000000001,0.03619999999999999,0.03730000000000001,0.036100000000000014,0.02980000000000003,0.02969999999999999,0.033899999999999986,0.03349999999999999
2013-04-30,0.0265,0.008999999999999998,0.053099999999999994,0.00909999999999999,0.018600000000000002,0.007100000000000002,0.043899999999999995,0.007199999999999998,0.0028000000000000004,0.0033000000000000004,0.0254,0.0033999999999999968,0.015700000000000002,0.015700000000000002,0.030600000000000002,0.015900000000000004,0.0827,0.000899999999999998,0.0617,0.000899999999999998,0.037000000000000005,0.0049000000000000085,0.044000000000000004,0.0051,0.036900000000000016,0.0363,0.036900000000000016,0.03629999999999999,0.03680000000000001,0.03639999999999999,0.040900000000000006,0.04010000000000002,0.029800000000000028,0.02969999999999999,0.03399999999999999,0.03379999999999998
2013-05-31,0.0298,0.0109,0.0137,0.010700000000000001,0.0298,0.008799999999999999,0.011899999999999999,0.0087,0.0297,0.004400000000000001,0.008199999999999999,0.004399999999999999,0.018000000000000002,0.010400000000000003,0.0001,0.010199999999999999,-0.025,0.0029999999999999957,-0.0588,0.002800000000000004,0.0085,0.006200000000000001,-0.0161,0.006100000000000001,0.03570000000000001,0.035699999999999996,0.036000000000000004,0.035899999999999994,0.03620000000000001,0.03599999999999999,0.038300000000000015,0.03819999999999999,0.02990000000000001,0.029699999999999997,0.033400000000000006,0.03350000000000001
2013-06-30,-0.0452,0.0024999999999999953,-0.0425,0.0024999999999999953,-0.046900000000000004,0.00279999999999999,-0.045,0.002800000000000004,-0.050499999999999996,0.0034000000000000002,-0.050199999999999995,0.003400000000000007,-0.046799999999999994,0.0005000000000000074,-0.058899999999999994,0.0005000000000000074,-0.018600000000000002,0.001299999999999999,-0.0204,0.001299999999999999,-0.0359,0.0022000000000000006,-0.0375,0.0022000000000000006,0.034,0.03379999999999998,0.03499999999999999,0.03480000000000001,0.03650000000000001,0.036300000000000006,0.03840000000000002,0.038400000000000004,0.029600000000000005,0.02939999999999999,0.0328,0.032900000000000006
2013-07-31,0.053399999999999996,0.0015999999999999973,0.0768,0.0014999999999999875,0.0574,0.0012999999999999956,0.0736,0.0013999999999999985,0.0659,0.000899999999999998,0.0668,0.000899999999999998,0.0623,0.0001999999999999988,0.0915,0.00019999999999999185,0.0147,0.0008000000000000004,0.020499999999999997,0.0007999999999999986,0.04019999999999999,0.0010999999999999899,0.054299999999999994,0.0010999999999999899,0.0341,0.03379999999999997,0.03499999999999999,0.03500000000000001,0.03660000000000001,0.0364,0.03850000000000002,0.0385,0.030000000000000006,0.02969999999999999,0.03289999999999999,0.0331
2013-08-31,-0.0072,0.000700000000000001,-0.0132,0.0007999999999999986,-0.009399999999999999,0.0025000000000000005,-0.0077,0.0025000000000000005,-0.0141,0.0060999999999999995,0.0037,0.006200000000000001,0.0034000000000000002,0.0004000000000000002,-0.0144,0.00040000000000000105,-0.0127,0.0028000000000000004,-0.0163,0.002700000000000001,-0.0077,0.0023999999999999994,-0.011399999999999999,0.0025000000000000005,0.0342,0.03399999999999997,0.034799999999999984,0.0348,0.03610000000000001,0.036000000000000004,0.03840000000000002,0.038400000000000004,0.029300000000000007,0.028899999999999988,0.03249999999999999,0.032799999999999996
2013-09-30,0.0524,0.0011000000000000038,0.07769999999999999,0.0010999999999999899,0.0398,0.0012000000000000066,0.0712,0.0011999999999999927,0.0137,0.0014000000000000002,0.057699999999999994,0.0014999999999999944,0.0412,0.0005000000000000004,0.06709999999999999,0.0004999999999999866,0.0699,0.0063,0.07980000000000001,0.006300000000000014,0.048,0.0030999999999999986,0.071,0.0030999999999999917,0.033600000000000005,0.03339999999999996,0.03409999999999999,0.03409999999999999,0.035500000000000004,0.035399999999999994,0.038100000000000016,0.03809999999999998,0.028200000000000003,0.027800000000000005,0.03179999999999999,0.03199999999999999
2013-10-31,0.0481,0.0005000000000000004,0.0516,0.0004999999999999935,0.046900000000000004,0.000900000000000005,0.0464,0.000999999999999994,0.044500000000000005,0.00180000000000001,0.0353,0.001799999999999996,0.0275,0.0,0.0276,0.0,0.0102,0.00030000000000000165,0.0125,0.00030000000000000165,0.032799999999999996,0.0006999999999999992,0.0323,0.0006999999999999992,0.033600000000000005,0.033299999999999955,0.033999999999999996,0.03409999999999999,0.035400000000000015,0.03529999999999999,0.037600000000000015,0.037699999999999984,0.02820000000000001,0.027800000000000005,0.031699999999999985,0.03179999999999999
2013-11-30,0.011000000000000001,0.0013000000000000008,0.011000000000000001,0.0013000000000000008,0.0072,0.0018999999999999998,0.013500000000000002,0.0020000000000000018,-0.0009,0.0031999999999999997,0.018799999999999997,0.0032999999999999974,0.025,0.0002999999999999982,0.013300000000000001,0.0002999999999999999,0.0286,0.0015999999999999973,-0.0034999999999999996,0.0015000000000000005,0.015700000000000002,0.0017000000000000036,0.0060999999999999995,0.0017999999999999995,0.033,0.032799999999999954,0.033299999999999996,0.03359999999999999,0.03460000000000001,0.034699999999999995,0.03780000000000001,0.037799999999999986,0.027900000000000008,0.027400000000000008,0.031199999999999995,0.031399999999999983
2013-12-31,0.006500000000000001,0.001,0.019299999999999998,0.000899999999999998,0.009399999999999999,0.0010999999999999985,0.0222,0.0011000000000000038,0.015600000000000001,0.0013000000000000008,0.0282,0.001299999999999999,0.0181,0.0008000000000000021,0.0334,0.0008000000000000021,0.025,0.0012000000000000031,0.0037,0.0012000000000000001,0.016,0.0013000000000000008,0.0166,0.001299999999999999,0.033,0.03269999999999995,0.0334,0.033699999999999994,0.034900000000000014,0.03499999999999999,0.03750000000000001,0.03739999999999999,0.027600000000000006,0.027100000000000006,0.031099999999999996,0.03129999999999998
2014-01-31,-0.0108,0.0011999999999999997,-0.0291,0.0011999999999999962,-0.0143,0.0011000000000000003,-0.0294,0.0011000000000000003,-0.0217,0.0007000000000000027,-0.0301,0.0007000000000000027,-0.0092,0.0005999999999999998,-0.030699999999999998,0.0005000000000000039,-0.046799999999999994,0.00020000000000000573,-0.033,0.0001999999999999988,-0.0226,0.0007999999999999986,-0.0311,0.0009000000000000015,0.0329,0.03259999999999995,0.033299999999999996,0.0336,0.03450000000000001,0.034699999999999995,0.038100000000000016,0.03789999999999999,0.027600000000000006,0.027100000000000013,0.030999999999999996,0.03129999999999998
2014-02-28,0.0438,0.0011000000000000038,0.0694,0.0012000000000000066,0.04769999999999999,0.0049999999999999975,0.07139999999999999,0.0049999999999999906,0.0557,0.012899999999999995,0.0758,0.013200000000000003,0.06570000000000001,0.0005000000000000143,0.09480000000000001,0.0006000000000000033,0.0124,0.002,0.0182,0.0019999999999999983,0.0366,0.0034000000000000002,0.053399999999999996,0.003499999999999996,0.0329,0.03269999999999995,0.036399999999999995,0.03669999999999998,0.043800000000000006,0.0445,0.038200000000000026,0.038099999999999995,0.027600000000000006,0.02710000000000001,0.0325,0.032999999999999974
2014-03-31,0.0091,0.0018000000000000004,0.0064,0.001700000000000001,-0.0032,0.002499999999999999,-0.006500000000000001,0.0025000000000000005,-0.0291,0.0040999999999999995,-0.0337,0.0040999999999999995,0.0018,0.0092,-0.0031,0.009099999999999999,-0.0003,0.0074,-0.0003,0.0074,-0.0005,0.0046,-0.0025,0.0046,0.0327,0.03249999999999996,0.036199999999999996,0.036499999999999984,0.043500000000000004,0.04419999999999999,0.039100000000000024,0.039,0.027800000000000002,0.027400000000000015,0.0324,0.032899999999999985
2014-04-30,0.009000000000000001,0.005600000000000001,0.0154,0.005600000000000001,0.0102,0.005000000000000001,0.018500000000000003,0.005000000000000001,0.0129,0.0037,0.0252,0.003700000000000002,0.0184,0.0127,0.0197,0.0127,-0.013000000000000001,0.0009999999999999974,-0.0068000000000000005,0.001,0.0043,0.004,0.011399999999999999,0.003999999999999998,0.029300000000000003,0.02899999999999997,0.03409999999999999,0.03429999999999998,0.04390000000000001,0.0445,0.03610000000000002,0.03579999999999999,0.0279,0.027500000000000014,0.03149999999999999,0.03179999999999998
2014-05-31,0.0259,0.0118,0.0086,0.0116,0.0212,0.009300000000000001,0.006999999999999999,0.009099999999999999,0.011000000000000001,0.0038000000000000013,0.0036,0.0038,0.0391,0.008300000000000002,0.018799999999999997,0.008199999999999997,0.0265,0.003599999999999999,0.0294,0.003700000000000002,0.0219,0.006799999999999999,0.0147,0.006699999999999999,0.030200000000000005,0.02989999999999997,0.03459999999999999,0.03469999999999998,0.043300000000000005,0.0439,0.03400000000000002,0.03379999999999999,0.028500000000000004,0.028400000000000016,0.03209999999999999,0.03239999999999998
2014-06-30,-0.0078000000000000005,0.0024000000000000002,-0.0024,0.0024,-0.011000000000000001,0.0025000000000000005,-0.001,0.0026,-0.0179,0.0028000000000000004,0.002,0.0029,0.0018,0.0018,-0.0012,0.0018000000000000002,0.0281,0.0016000000000000007,0.034,0.0015999999999999973,0.006500000000000001,0.0022000000000000006,0.015,0.0023,0.03010000000000001,0.029799999999999972,0.034300000000000004,0.03449999999999998,0.04270000000000001,0.043399999999999994,0.03530000000000002,0.035099999999999985,0.028800000000000006,0.02870000000000001,0.03209999999999999,0.03249999999999997
2014-07-31,-0.031,0.0010999999999999968,-0.0529,0.0011000000000000038,-0.0218,0.001299999999999999,-0.0409,0.0012999999999999956,-0.0018,0.0016999999999999997,-0.015,0.0017000000000000001,-0.0075,0.00010000000000000026,-0.0338,0.0,0.0296,0.0002999999999999982,0.0178,0.0002999999999999982,-0.0011,0.0009,-0.0184,0.000899999999999998,0.029600000000000008,0.02939999999999999,0.03430000000000001,0.03439999999999998,0.04350000000000001,0.044199999999999996,0.035200000000000016,0.034899999999999994,0.028300000000000002,0.028200000000000013,0.0319,0.03229999999999998
2014-08-31,0.0175,0.00040000000000000105,-0.0003,0.0003,0.018500000000000003,0.0023,0.0007000000000000001,0.0023,0.020499999999999997,0.006199999999999997,0.0027,0.0062,0.004,0.001,-0.0058,0.0010000000000000009,-0.0040999999999999995,0.0026000000000000007,-0.011399999999999999,0.002700000000000001,0.0101,0.002199999999999999,-0.0021,0.0022,0.02930000000000001,0.02889999999999999,0.034100000000000005,0.03419999999999998,0.04360000000000001,0.04419999999999999,0.03580000000000002,0.0355,0.028100000000000003,0.02820000000000001,0.0317,0.03199999999999998
2014-09-30,0.004699999999999999,0.0009999999999999992,-0.0336,0.0010000000000000009,-0.0049,0.0011000000000000003,-0.0382,0.0011000000000000038,-0.0248,0.001400000000000002,-0.0478,0.0013000000000000025,0.0042,0.0004999999999999996,-0.030299999999999997,0.00040000000000000105,0.0038,0.0060999999999999995,-0.039900000000000005,0.00569999999999999,-0.0042,0.0029,-0.0405,0.002700000000000001,0.0292,0.028800000000000003,0.034,0.03409999999999999,0.043600000000000014,0.044,0.03580000000000002,0.03540000000000001,0.027900000000000005,0.027599999999999986,0.0315,0.03159999999999999
2014-10-31,-0.0195,0.0025000000000000022,-0.0277,0.0023999999999999994,-0.015300000000000001,0.0022000000000000006,-0.025,0.0022000000000000006,-0.0064,0.0015999999999999999,-0.019299999999999998,0.0017000000000000036,-0.005699999999999999,0.0004000000000000002,-0.0287,0.00040000000000000105,0.0161,0.0003999999999999976,0.0021,0.0004999999999999998,-0.004699999999999999,0.0015000000000000005,-0.0165,0.0015000000000000013,0.031200000000000006,0.03070000000000001,0.0353,0.03529999999999999,0.0434,0.04390000000000001,0.03620000000000002,0.03580000000000001,0.027999999999999997,0.027799999999999984,0.0323,0.03239999999999999
2014-11-30,0.0408,0.0011000000000000038,0.0363,0.0010999999999999968,0.0348,0.001899999999999999,0.024900000000000002,0.0020000000000000018,0.0223,0.0036999999999999984,0.0009,0.0036,0.0066,0.0008000000000000004,-0.005,0.0007999999999999995,0.0305,0.0017000000000000001,-0.0106,0.001599999999999999,0.029500000000000002,0.0017000000000000036,0.0084,0.0016999999999999993,0.031000000000000007,0.030500000000000006,0.0353,0.0353,0.043899999999999995,0.04420000000000001,0.03670000000000002,0.036300000000000006,0.0281,0.027899999999999987,0.0323,0.032299999999999995
2014-12-31,-0.0146,0.0012000000000000014,-0.0436,0.0012000000000000066,-0.0144,0.0011000000000000003,-0.0361,0.0011000000000000038,-0.013999999999999999,0.0009000000000000015,-0.0196,0.000899999999999998,0.0007000000000000001,0.0005000000000000001,-0.042199999999999994,0.0005000000000000004,-0.0039000000000000003,0.0016000000000000003,-0.016200000000000003,0.0015999999999999973,-0.0091,0.0014000000000000002,-0.028300000000000002,0.0014999999999999979,0.03120000000000001,0.030800000000000015,0.0353,0.0353,0.0435,0.04380000000000001,0.036400000000000016,0.036000000000000004,0.0285,0.028299999999999985,0.0324,0.032499999999999994
2015-01-31,0.0455,0.0010999999999999968,0.0019,0.0010999999999999998,0.0383,0.0010999999999999968,-0.0026,0.001,0.022799999999999997,0.0010999999999999968,-0.0121,0.0011000000000000003,0.06849999999999999,0.0,0.0067,0.0,0.0171,9.99999999999994e-05,0.0183,9.99999999999994e-05,0.029900000000000003,0.0008000000000000021,-0.0018,0.0007999999999999999,0.031100000000000006,0.030700000000000012,0.03529999999999999,0.035199999999999995,0.043899999999999995,0.0442,0.03580000000000002,0.035500000000000004,0.02839999999999999,0.028199999999999985,0.0324,0.032399999999999984
2015-02-28,0.0736,0.0002999999999999947,0.0596,0.0001999999999999988,0.06280000000000001,0.0013000000000000025,0.060700000000000004,0.0013000000000000025,0.0392,0.003500000000000003,0.06309999999999999,0.0034999999999999892,0.073,0.0011999999999999927,0.0682,0.0011999999999999927,0.0553,0.0017000000000000001,0.044800000000000006,0.00180000000000001,0.059000000000000004,0.0014000000000000054,0.0554,0.0015000000000000013,0.030299999999999997,0.029700000000000004,0.0316,0.03150000000000001,0.0345,0.034499999999999996,0.0365,0.03609999999999999,0.028099999999999993,0.027999999999999997,0.03040000000000001,0.030399999999999996
2015-03-31,0.0291,0.0026000000000000016,-0.0086,0.0025000000000000005,0.015700000000000002,0.003500000000000003,-0.022400000000000003,0.0033999999999999968,-0.013300000000000001,0.0056999999999999985,-0.0526,0.005499999999999998,0.0219,0.0137,-0.0179,0.0131,0.0146,0.0071,0.0073,0.007,0.013500000000000002,0.005300000000000003,-0.0121,0.0052,0.0311,0.030500000000000006,0.032600000000000004,0.032400000000000005,0.0361,0.035899999999999994,0.040999999999999995,0.04009999999999999,0.02779999999999999,0.027599999999999993,0.031100000000000013,0.030999999999999996
2015-04-30,-0.0059,0.005300000000000002,0.0383,0.005600000000000001,0.0048,0.004999999999999999,0.046900000000000004,0.005200000000000003,0.0294,0.004300000000000002,0.0668,0.004399999999999994,0.005699999999999999,0.0098,0.0509,0.0102,0.0329,0.000899999999999998,0.0452,0.000899999999999998,0.016,0.0037,0.0487,0.0038999999999999937,0.0308,0.030500000000000006,0.032600000000000004,0.03260000000000001,0.0367,0.03659999999999999,0.038099999999999995,0.037599999999999995,0.027699999999999995,0.027499999999999993,0.030800000000000015,0.03089999999999999
2015-05-31,0.0146,0.0104,-0.004699999999999999,0.0102,0.014499999999999999,0.0084,-0.0003,0.0082,0.013999999999999999,0.003599999999999999,0.009399999999999999,0.0036999999999999993,0.0109,0.0068000000000000005,-0.0127,0.006599999999999998,0.0301,0.0019999999999999983,-0.0013,0.0019000000000000002,0.0174,0.0055,-0.0048,0.0053,0.029400000000000003,0.029100000000000008,0.0317,0.031700000000000006,0.0365,0.03649999999999999,0.036599999999999994,0.036,0.02609999999999999,0.02569999999999999,0.029500000000000012,0.02949999999999999
2015-06-30,-0.04019999999999999,0.0025000000000000022,-0.0279,0.002599999999999998,-0.044000000000000004,0.0025000000000000022,-0.0277,0.0023999999999999994,-0.0525,0.0022000000000000006,-0.0271,0.0023,-0.0484,0.0008000000000000021,-0.0333,0.0007999999999999952,-0.0301,0.0016000000000000007,-0.0208,0.0016000000000000042,-0.0379,0.0020999999999999977,-0.0256,0.0020999999999999977,0.0295,0.029300000000000007,0.0317,0.031500000000000014,0.0359,0.03589999999999999,0.03559999999999999,0.03499999999999999,0.02609999999999999,0.025699999999999997,0.02940000000000001,0.02929999999999999
2015-07-31,0.048499999999999995,0.000899999999999998,0.0302,0.0008000000000000021,0.0403,0.0010000000000000009,0.0258,0.000899999999999998,0.0223,0.0011000000000000003,0.016200000000000003,0.0012000000000000031,0.0446,0.0001999999999999988,0.0141,0.00020000000000000052,0.011000000000000001,0.0006000000000000016,-0.0063,0.0006999999999999992,0.0275,0.000899999999999998,0.0087,0.0007999999999999986,0.0293,0.029000000000000005,0.031400000000000004,0.031100000000000013,0.0353,0.03539999999999999,0.035699999999999996,0.03519999999999999,0.026399999999999996,0.026099999999999998,0.02940000000000001,0.02919999999999999
2015-08-31,-0.0725,0.0005000000000000004,-0.0574,0.0005999999999999964,-0.0663,0.0023000000000000104,-0.060700000000000004,0.0022999999999999965,-0.0526,0.006199999999999997,-0.0681,0.006000000000000005,-0.06309999999999999,0.0009000000000000119,-0.049699999999999994,0.0008000000000000021,-0.07919999999999999,0.0022000000000000075,-0.0713,0.0022999999999999965,-0.06849999999999999,0.0021000000000000046,-0.06269999999999999,0.0021000000000000185,0.029400000000000003,0.0293,0.03140000000000001,0.03110000000000001,0.0353,0.035199999999999995,0.03560000000000001,0.03499999999999999,0.026000000000000002,0.025699999999999994,0.029300000000000014,0.029100000000000008
2015-09-30,-0.040999999999999995,0.0009000000000000119,-0.0449,0.000899999999999998,-0.0362,0.0010999999999999968,-0.0431,0.0010999999999999968,-0.0255,0.0015000000000000048,-0.039,0.0013999999999999985,-0.034300000000000004,9.999999999999593e-05,-0.0345,9.999999999999593e-05,-0.055,0.006100000000000001,-0.050300000000000004,0.006099999999999994,-0.0429,0.002800000000000004,-0.045700000000000005,0.0029,0.029300000000000014,0.029199999999999997,0.03140000000000001,0.031100000000000003,0.03540000000000001,0.035299999999999984,0.0352,0.03469999999999999,0.026000000000000006,0.026099999999999998,0.029200000000000018,0.029300000000000007
2015-10-31,0.08199999999999999,0.0005999999999999894,0.0653,0.0004999999999999866,0.0706,0.0010999999999999899,0.06509999999999999,0.0011999999999999927,0.0451,0.0025000000000000022,0.0646,0.002600000000000005,0.0546,0.0005000000000000004,0.0388,0.0005000000000000004,0.0862,0.0003999999999999976,0.0855,0.00040000000000001146,0.0709,0.000899999999999998,0.0684,0.0010000000000000009,0.0274,0.027299999999999984,0.0303,0.030099999999999995,0.036300000000000006,0.036199999999999996,0.035300000000000005,0.034799999999999984,0.026000000000000006,0.02600000000000001,0.028600000000000014,0.028800000000000006
2015-11-30,0.0233,0.0011000000000000003,-0.0172,0.0010000000000000009,0.0167,0.001899999999999999,-0.019,0.0017000000000000001,0.0018,0.0034000000000000002,-0.023,0.003300000000000001,0.0463,0.0011999999999999997,0.016399999999999998,0.001199999999999998,0.004,0.0013,-0.0079,0.0014000000000000002,0.0128,0.0017000000000000001,-0.013000000000000001,0.0016999999999999984,0.0274,0.027199999999999988,0.0303,0.029799999999999993,0.03600000000000001,0.035899999999999994,0.0357,0.03519999999999999,0.025600000000000005,0.02580000000000001,0.028600000000000014,0.028800000000000006
2015-12-31,-0.0393,0.0012999999999999956,-0.0131,0.001299999999999999,-0.032799999999999996,0.0012000000000000066,-0.020499999999999997,0.0012000000000000031,-0.0183,0.0009999999999999974,-0.0373,0.0010000000000000009,-0.0292,0.0001999999999999988,-0.0067,0.00019999999999999966,-0.0060999999999999995,0.0016000000000000007,0.0098,0.0014999999999999996,-0.0229,0.001400000000000002,-0.011899999999999999,0.0015000000000000013,0.02749999999999999,0.02729999999999998,0.030400000000000003,0.029899999999999993,0.0361,0.036,0.0354,0.03489999999999999,0.025600000000000005,0.02570000000000001,0.028600000000000014,0.02880000000000001
2016-01-31,-0.0596,0.0008000000000000021,-0.0647,0.000800000000000009,-0.0524,0.0010999999999999968,-0.0652,0.0012000000000000066,-0.0358,0.001899999999999999,-0.0665,0.0016999999999999932,-0.0558,0.0,-0.060899999999999996,0.00010000000000000286,-0.0701,0.00010000000000000286,-0.0802,0.00019999999999999185,-0.0564,0.0008000000000000021,-0.0676,0.000800000000000009,0.027199999999999995,0.02699999999999999,0.030400000000000003,0.0301,0.0369,0.03659999999999999,0.0354,0.03499999999999999,0.025600000000000008,0.025800000000000003,0.028600000000000014,0.02880000000000002
2016-02-29,-0.029900000000000003,0.0015999999999999973,-0.0226,0.0016000000000000007,-0.0184,0.0026999999999999975,-0.020099999999999996,0.002700000000000001,0.0084,0.0052,-0.0144,0.0051,0.001,0.0009,0.0032,0.0008000000000000004,-0.056100000000000004,0.0017000000000000001,-0.008100000000000001,0.0017999999999999978,-0.0286,0.0020999999999999977,-0.0101,0.0022000000000000006,0.028499999999999998,0.02839999999999999,0.0318,0.0315,0.0386,0.0382,0.035100000000000006,0.0346,0.025600000000000008,0.02579999999999999,0.029300000000000007,0.02950000000000002
2016-03-31,0.0269,0.0016000000000000007,0.0731,0.001700000000000007,0.0253,0.002599999999999998,0.0678,0.002700000000000008,0.0215,0.004699999999999999,0.0553,0.004900000000000002,0.0192,0.0096,0.0721,0.009999999999999995,0.0552,0.008099999999999996,0.0705,0.008199999999999992,0.037200000000000004,0.0050000000000000044,0.0708,0.00520000000000001,0.027499999999999997,0.0276,0.030899999999999997,0.030800000000000008,0.0376,0.0376,0.031000000000000007,0.031499999999999986,0.026600000000000006,0.026999999999999982,0.02900000000000001,0.02950000000000003
2016-04-30,0.017,0.0068000000000000005,0.0226,0.006899999999999996,0.014499999999999999,0.005999999999999998,0.0233,0.006100000000000001,0.0085,0.0039000000000000007,0.024900000000000002,0.0040000000000000036,0.0154,0.0132,0.027200000000000002,0.013400000000000002,0.0022,0.0009000000000000002,0.0384,0.0008000000000000021,0.0118,0.004399999999999999,0.0325,0.004400000000000001,0.028999999999999998,0.028899999999999995,0.0319,0.031700000000000006,0.0372,0.03720000000000001,0.03440000000000001,0.034699999999999995,0.02660000000000001,0.026899999999999986,0.02970000000000001,0.030000000000000037
2016-05-31,0.026000000000000002,0.012000000000000004,-0.004,0.011600000000000001,0.0206,0.0098,-0.0034000000000000002,0.0095,0.0077,0.0047,-0.002,0.0046,0.0286,0.006999999999999999,-0.005600000000000001,0.006699999999999999,0.021400000000000002,0.002700000000000001,-0.0144,0.002700000000000001,0.020499999999999997,0.006399999999999998,-0.0098,0.006200000000000001,0.030600000000000002,0.030299999999999994,0.033299999999999996,0.033,0.0383,0.038100000000000016,0.034600000000000006,0.03479999999999999,0.027300000000000012,0.02769999999999999,0.030600000000000006,0.03090000000000004
2016-06-30,-0.0489,0.0031000000000000055,-0.0481,0.0032000000000000015,-0.0305,0.0032000000000000015,-0.0535,0.0031000000000000055,0.0128,0.0032000000000000015,-0.0661,0.002999999999999989,-0.0291,0.0011999999999999962,-0.037200000000000004,0.0010999999999999968,-0.061900000000000004,0.001899999999999992,-0.0127,0.0019000000000000006,-0.038900000000000004,0.002599999999999998,-0.032400000000000005,0.002599999999999998,0.031200000000000006,0.030899999999999997,0.033999999999999996,0.03370000000000001,0.0393,0.0388,0.035,0.03509999999999999,0.0276,0.027999999999999987,0.031100000000000006,0.03140000000000004
2016-07-31,0.041100000000000005,0.0013000000000000025,0.0489,0.0013000000000000025,0.0417,0.0011999999999999997,0.045700000000000005,0.0011999999999999997,0.0431,0.0007999999999999952,0.038,0.0007999999999999952,0.0431,0.00010000000000000286,0.0401,9.999999999999593e-05,0.0546,0.0003000000000000086,0.0641,0.0003000000000000086,0.0463,0.000899999999999998,0.0509,0.0008000000000000021,0.03160000000000001,0.0314,0.034199999999999994,0.03400000000000001,0.039,0.03839999999999999,0.0349,0.03499999999999999,0.02730000000000001,0.027599999999999996,0.031100000000000006,0.03140000000000004
2016-08-31,0.0111,0.0005999999999999998,0.0068000000000000005,0.000700000000000001,0.013600000000000001,0.0023999999999999994,0.008199999999999999,0.0023999999999999994,0.0196,0.006799999999999999,0.011699999999999999,0.006799999999999999,0.0062,0.0015000000000000005,0.0067,0.0015000000000000005,-0.0009,0.0026,-0.009899999999999999,0.0026000000000000016,0.0069,0.0023999999999999994,0.0007000000000000001,0.0024000000000000002,0.03170000000000001,0.0315,0.03429999999999998,0.03410000000000001,0.039599999999999996,0.039199999999999985,0.03549999999999999,0.03569999999999999,0.0277,0.0279,0.0314,0.03170000000000002
2016-09-30,0.0023,0.0007999999999999999,0.0111,0.0008000000000000004,0.006,0.0008999999999999998,0.0089,0.0009999999999999992,0.0152,0.0014000000000000002,0.0034000000000000002,0.0013000000000000004,0.0037,0.00020000000000000052,0.0126,0.00020000000000000052,0.0102,0.0068000000000000005,0.026099999999999998,0.006999999999999999,0.0076,0.0033,0.015300000000000001,0.003300000000000001,0.031599999999999996,0.031400000000000004,0.03409999999999999,0.034000000000000016,0.03949999999999999,0.03909999999999998,0.0356,0.03579999999999999,0.028399999999999998,0.028800000000000006,0.0319,0.032100000000000024
2016-10-31,0.0019,0.0009,-0.020499999999999997,0.000900000000000005,0.0023,0.0013,-0.0296,0.0011999999999999997,0.0031,0.0021999999999999997,-0.0519,0.0022000000000000006,-0.0074,0.0014000000000000002,-0.0443,0.0014000000000000054,0.0274,0.00030000000000000165,0.0032,0.00030000000000000035,0.0108,0.0009000000000000015,-0.0177,0.0010000000000000009,0.03190000000000001,0.03180000000000002,0.0343,0.03400000000000002,0.03919999999999999,0.03869999999999998,0.0365,0.036699999999999997,0.028300000000000002,0.028699999999999996,0.0319,0.032100000000000024
2016-11-30,-0.0034000000000000002,0.0011999999999999997,-0.0373,0.0011999999999999997,-0.0060999999999999995,0.0019000000000000006,-0.0255,0.0019000000000000024,-0.013300000000000001,0.0035999999999999973,0.005699999999999999,0.0035999999999999995,0.0048,0.0011999999999999997,-0.023799999999999998,0.0012000000000000031,0.0363,0.0013999999999999985,-0.0273,0.0013999999999999985,0.0127,0.001599999999999999,-0.0223,0.0016000000000000007,0.03200000000000001,0.03200000000000002,0.0343,0.03420000000000002,0.039399999999999984,0.03899999999999998,0.0365,0.036699999999999997,0.0284,0.028699999999999996,0.0318,0.03200000000000003
2016-12-31,0.0604,0.0008000000000000021,0.0541,0.0008000000000000021,0.0571,0.000899999999999998,0.0483,0.000899999999999998,0.0487,0.0011000000000000038,0.0336,0.0011999999999999927,0.0431,0.0007999999999999952,0.0444,0.0006999999999999992,0.0218,0.0016000000000000007,0.0031,0.0015999999999999999,0.0393,0.0013999999999999985,0.0281,0.001400000000000002,0.031500000000000014,0.03150000000000003,0.03399999999999999,0.03390000000000001,0.03949999999999999,0.03919999999999997,0.037099999999999994,0.0372,0.0284,0.028799999999999992,0.031799999999999995,0.031900000000000026
2017-01-31,0.0003,0.0005,0.0277,0.0005999999999999998,-0.0001,0.0004999999999999999,0.0254,0.000499999999999997,-0.001,0.0005,0.019799999999999998,0.0005000000000000004,0.01,0.0,0.047599999999999996,9.999999999999593e-05,0.011899999999999999,0.0003999999999999993,0.0455,0.0005000000000000004,0.0058,0.0005999999999999998,0.0355,0.0005999999999999964,0.03120000000000001,0.031300000000000015,0.03339999999999999,0.03320000000000001,0.038099999999999995,0.03799999999999998,0.037099999999999994,0.03719999999999999,0.028699999999999996,0.0291,0.031599999999999996,0.03170000000000001
2017-02-28,0.0268,0.0007999999999999986,0.006999999999999999,0.0007999999999999995,0.027999999999999997,0.0023,0.0092,0.0022000000000000006,0.031,0.006099999999999998,0.0148,0.005900000000000001,0.0195,0.0007999999999999986,-0.0062,0.0007999999999999995,0.0138,0.0017999999999999995,0.0161,0.0017999999999999995,0.02,0.001899999999999999,0.0088,0.0019000000000000006,0.030400000000000014,0.030500000000000017,0.032999999999999995,0.03270000000000001,0.03899999999999999,0.03879999999999998,0.03699999999999999,0.03719999999999999,0.0288,0.029100000000000004,0.0314,0.03140000000000001
2017-03-31,0.0467,0.0032999999999999974,0.053399999999999996,0.0032999999999999974,0.0371,0.0032000000000000015,0.0455,0.0031999999999999945,0.0126,0.0031000000000000003,0.0254,0.0030999999999999986,0.0192,0.010899999999999998,0.0215,0.010999999999999998,0.0087,0.0078,0.015600000000000001,0.0078000000000000005,0.023399999999999997,0.005499999999999998,0.03,0.0053999999999999986,0.03210000000000001,0.032100000000000004,0.0336,0.03319999999999999,0.037399999999999996,0.03699999999999998,0.03829999999999999,0.0382,0.0285,0.02870000000000001,0.03189999999999999,0.0316
2017-04-30,0.0281,0.0051,0.0499,0.005200000000000003,0.020499999999999997,0.0045999999999999965,0.045,0.004800000000000006,0.0008,0.0036000000000000003,0.0322,0.0036999999999999984,0.0416,0.008899999999999998,0.0592,0.009000000000000008,0.0116,0.0004999999999999987,0.0088,0.0005000000000000004,0.0175,0.0032000000000000015,0.0276,0.0032999999999999974,0.03040000000000001,0.030400000000000014,0.03219999999999999,0.0319,0.037099999999999994,0.036699999999999976,0.03399999999999999,0.033800000000000004,0.0281,0.02840000000000001,0.030699999999999988,0.0305
2017-05-31,0.0259,0.0112,0.055999999999999994,0.01149999999999999,0.030699999999999998,0.0098,0.0518,0.010000000000000002,0.0432,0.006100000000000001,0.0407,0.006199999999999997,0.0204,0.006100000000000001,0.0421,0.006199999999999997,0.0163,0.002599999999999998,0.019,0.0026000000000000016,0.021400000000000002,0.006300000000000002,0.0354,0.006499999999999999,0.029600000000000008,0.0303,0.0322,0.0324,0.03849999999999999,0.03829999999999997,0.03309999999999999,0.0333,0.027999999999999997,0.02830000000000001,0.030599999999999995,0.030799999999999994
2017-06-30,-0.0204,0.002599999999999998,-0.0059,0.0026000000000000007,-0.0222,0.002700000000000001,-0.0087,0.0028000000000000004,-0.0268,0.003199999999999998,-0.016200000000000003,0.003199999999999998,-0.0123,0.0005000000000000004,0.0098,0.0004999999999999987,0.018000000000000002,0.0019000000000000024,0.013600000000000001,0.0019000000000000024,-0.0060999999999999995,0.002400000000000001,0.0036,0.0023,0.0291,0.0297,0.0317,0.0321,0.03849999999999999,0.03849999999999998,0.0324,0.03270000000000001,0.028000000000000004,0.028300000000000013,0.030399999999999996,0.0305
2017-07-31,0.0085,0.0007000000000000001,0.037000000000000005,0.0007000000000000062,0.0101,0.000700000000000001,0.0349,0.0006999999999999992,0.0144,0.0005999999999999998,0.029500000000000002,0.0007000000000000027,-0.0021,0.00010000000000000026,0.0418,9.999999999999593e-05,0.0077,0.0002999999999999999,0.0275,0.0002999999999999982,0.0075,0.0005999999999999998,0.0325,0.0006999999999999992,0.028499999999999998,0.029100000000000008,0.0312,0.031599999999999996,0.038299999999999994,0.03839999999999999,0.0324,0.03270000000000001,0.027999999999999997,0.028300000000000002,0.0301,0.030399999999999996
2017-08-31,-0.004,0.0006999999999999992,0.002,0.0005999999999999998,0.0011,0.0024000000000000002,0.0001,0.0024,0.0151,0.0071,-0.0052,0.0069,0.0042,0.0013,0.015700000000000002,0.0013000000000000025,0.004699999999999999,0.0026999999999999993,0.0045000000000000005,0.0026000000000000007,0.0024,0.0024,0.0026,0.0024,0.028599999999999993,0.029000000000000005,0.0312,0.031599999999999996,0.0386,0.038499999999999986,0.03219999999999999,0.0325,0.0281,0.028300000000000002,0.0301,0.030399999999999996
2017-09-30,0.0377,0.0006999999999999923,0.0294,0.0006999999999999992,0.026600000000000002,0.000900000000000005,0.029500000000000002,0.0009000000000000015,-0.0039000000000000003,0.0017000000000000006,0.0298,0.001800000000000003,0.037599999999999995,0.0010999999999999968,0.0183,0.0010000000000000009,0.0271,0.006699999999999998,0.0102,0.006600000000000001,0.0277,0.003199999999999998,0.0219,0.003100000000000002,0.028499999999999987,0.028900000000000002,0.031200000000000002,0.0315,0.0389,0.03899999999999999,0.03309999999999999,0.03330000000000001,0.027999999999999997,0.0279,0.029999999999999995,0.030199999999999998
2017-10-31,0.024900000000000002,0.0005000000000000039,0.0074,0.0005000000000000004,0.0231,0.000899999999999998,0.008,0.0009000000000000006,0.0182,0.0019000000000000024,0.0097,0.0018999999999999998,0.0218,0.0015000000000000013,-0.0009,0.0014999999999999998,0.042800000000000005,0.00030000000000000165,0.0319,0.0002999999999999947,0.0301,0.000899999999999998,0.0148,0.0009000000000000015,0.028099999999999993,0.028499999999999998,0.0308,0.031200000000000002,0.0386,0.03869999999999999,0.03319999999999999,0.0334,0.027999999999999997,0.027899999999999994,0.029999999999999992,0.0301
2017-11-30,-0.014499999999999999,0.0010000000000000009,0.0058,0.001,-0.0152,0.0016999999999999984,0.0046,0.0017000000000000001,-0.0171,0.003599999999999999,0.0014000000000000002,0.0037,-0.0287,0.0013999999999999985,-0.0235,0.001299999999999999,0.0166,0.001299999999999999,0.0217,0.001299999999999999,-0.0034000000000000002,0.0014999999999999996,0.0087,0.0015999999999999999,0.027899999999999994,0.0283,0.0306,0.031,0.03860000000000001,0.038799999999999994,0.03339999999999999,0.033499999999999995,0.027899999999999994,0.0278,0.029899999999999996,0.030099999999999995
2017-12-31,-0.0023,0.0011000000000000003,0.0055000000000000005,0.0011000000000000003,0.010700000000000001,0.001100000000000002,0.0159,0.0011000000000000003,0.0467,0.0011000000000000038,0.0447,0.0010999999999999968,0.0018,0.00039999999999999975,0.0169,0.0003999999999999976,0.0154,0.0015000000000000013,0.0197,0.0014999999999999979,0.012,0.001299999999999999,0.019,0.001299999999999999,0.028199999999999992,0.028599999999999993,0.0308,0.031200000000000002,0.03860000000000001,0.03869999999999999,0.032999999999999995,0.03319999999999999,0.0278,0.027699999999999995,0.029799999999999997,0.029999999999999992
2018-01-31,0.026000000000000002,0.00040000000000000105,0.064,0.0005000000000000004,0.0147,0.0005999999999999998,0.0557,0.0005000000000000004,-0.015700000000000002,0.0005999999999999964,0.0336,0.0005999999999999964,0.0125,0.0,0.054900000000000004,0.00010000000000000286,0.0169,0.0001999999999999988,0.043899999999999995,0.00019999999999999185,0.013300000000000001,0.0005000000000000004,0.0478,0.0005000000000000004,0.028099999999999993,0.028499999999999998,0.0309,0.031200000000000006,0.038700000000000005,0.038799999999999994,0.032999999999999995,0.0332,0.0276,0.027399999999999987,0.029699999999999997,0.029899999999999996
2018-02-28,-0.038,0.0005999999999999964,-0.054400000000000004,0.0005999999999999964,-0.0363,0.0017000000000000001,-0.0559,0.0017000000000000001,-0.0317,0.004799999999999999,-0.0601,0.004599999999999993,0.0025,0.0014,-0.0301,0.001400000000000002,-0.0281,0.001400000000000002,-0.0196,0.001299999999999999,-0.0304,0.0016000000000000007,-0.042199999999999994,0.0016000000000000042,0.02789999999999999,0.028299999999999992,0.0303,0.030700000000000005,0.0374,0.037499999999999985,0.03359999999999999,0.0338,0.027199999999999995,0.026899999999999986,0.0294,0.0296
2018-03-31,-0.013300000000000001,0.0023,-0.006500000000000001,0.0023,-0.0147,0.002800000000000002,-0.004699999999999999,0.0028000000000000004,-0.0184,0.004300000000000002,0.0003,0.004399999999999999,-0.0143,0.010700000000000001,-0.012199999999999999,0.0108,-0.0208,0.0074,-0.019299999999999998,0.0074,-0.016200000000000003,0.005099999999999997,-0.011000000000000001,0.005099999999999999,0.026899999999999993,0.027299999999999998,0.029900000000000003,0.03030000000000001,0.0386,0.03879999999999999,0.0334,0.033600000000000005,0.026799999999999997,0.02649999999999999,0.028999999999999998,0.0293
2018-04-30,0.0415,0.0075,0.0182,0.007300000000000001,0.046900000000000004,0.006600000000000002,0.024399999999999998,0.006499999999999999,0.062,0.004400000000000001,0.0418,0.004299999999999998,0.0437,0.010600000000000005,0.011899999999999999,0.010299999999999998,0.032,0.0010000000000000009,0.009399999999999999,0.000899999999999998,0.0392,0.0046,0.0179,0.004399999999999998,0.029299999999999993,0.029399999999999996,0.03190000000000001,0.032,0.039400000000000004,0.039399999999999984,0.035100000000000006,0.034899999999999994,0.027299999999999998,0.026899999999999986,0.030399999999999996,0.0304
2018-05-31,-0.0101,0.010900000000000002,-0.0358,0.010500000000000002,0.0002,0.009300000000000001,-0.027999999999999997,0.009100000000000004,0.0279,0.005100000000000004,-0.0072,0.0049,0.0116,0.005999999999999998,-0.008199999999999999,0.005900000000000001,-0.0087,0.002400000000000001,-0.005600000000000001,0.0023,-0.0002,0.006,-0.015,0.0058,0.028999999999999995,0.02840000000000001,0.03140000000000001,0.031100000000000006,0.038400000000000004,0.03809999999999999,0.035,0.0346,0.027100000000000003,0.026599999999999985,0.030099999999999995,0.029700000000000004
2018-06-30,-0.0055000000000000005,0.0024999999999999996,-0.0073,0.0024999999999999996,-0.0048,0.0026000000000000007,-0.0078000000000000005,0.002599999999999999,-0.0031,0.0029000000000000002,-0.0091,0.0029,-0.0026,0.0005,-0.009000000000000001,0.0003999999999999976,-0.01,0.0016999999999999984,-0.0253,0.0016000000000000007,-0.005,0.0021999999999999997,-0.0137,0.002100000000000001,0.028899999999999995,0.028300000000000006,0.03130000000000001,0.030900000000000004,0.03810000000000001,0.03779999999999999,0.035,0.0345,0.0269,0.026299999999999983,0.029899999999999993,0.029500000000000002
2018-07-31,0.0327,0.0010000000000000009,0.0339,0.0010000000000000009,0.026600000000000002,0.000900000000000005,0.0258,0.000899999999999998,0.0108,0.000700000000000001,0.0048,0.0007000000000000001,0.032799999999999996,9.999999999999593e-05,0.0412,9.999999999999593e-05,0.011399999999999999,0.0003999999999999976,0.0052,0.0004000000000000002,0.0203,0.0007999999999999986,0.0189,0.0007999999999999986,0.029199999999999997,0.0286,0.031500000000000014,0.031100000000000003,0.03820000000000001,0.037799999999999986,0.034999999999999996,0.034499999999999996,0.026999999999999996,0.026399999999999983,0.03009999999999999,0.029600000000000005
2018-08-31,-0.0206,0.0005999999999999998,-0.0233,0.000499999999999997,-0.0222,0.0023,-0.0276,0.0022000000000000006,-0.026699999999999998,0.0069,-0.0391,0.0067999999999999935,0.0176,0.0013999999999999985,-0.008,0.0013999999999999985,-0.0078000000000000005,0.002299999999999999,-0.0091,0.002199999999999999,-0.0129,0.0022000000000000006,-0.0178,0.0022000000000000006,0.029099999999999997,0.028499999999999998,0.03140000000000001,0.030900000000000004,0.038000000000000006,0.037699999999999984,0.0351,0.03459999999999999,0.026599999999999995,0.02599999999999998,0.029899999999999993,0.029400000000000003
2018-09-30,-0.0031,0.0007000000000000001,-0.0045000000000000005,0.0006999999999999992,0.0001,0.0011,0.0007000000000000001,0.001,0.0087,0.001999999999999999,0.0151,0.0020999999999999994,-0.0029,0.0009000000000000002,0.0163,0.000899999999999998,0.0316,0.007000000000000003,0.0167,0.0068000000000000005,0.0106,0.0033,0.008,0.003300000000000001,0.029100000000000008,0.028499999999999998,0.03160000000000001,0.031000000000000003,0.03830000000000001,0.03799999999999998,0.0349,0.03449999999999999,0.026900000000000004,0.02619999999999998,0.029999999999999995,0.0296
2018-10-31,-0.0584,0.0004999999999999935,-0.08310000000000001,0.0004999999999999866,-0.057,0.0010999999999999968,-0.0803,0.0011000000000000038,-0.053200000000000004,0.0024999999999999953,-0.0729,0.002599999999999991,-0.068,0.0012999999999999956,-0.0962,0.0012000000000000066,-0.087,0.0003000000000000086,-0.0864,0.0003999999999999976,-0.0687,0.000899999999999998,-0.0836,0.000899999999999998,0.029099999999999994,0.028499999999999984,0.03180000000000001,0.031200000000000006,0.0389,0.03869999999999997,0.034699999999999995,0.0342,0.026900000000000007,0.026299999999999983,0.029999999999999995,0.029599999999999998
2018-11-30,-0.0077,0.0008999999999999998,-0.0058,0.0009000000000000006,-0.0109,0.0017999999999999995,-0.01,0.0017999999999999995,-0.0195,0.004200000000000002,-0.0212,0.0040999999999999995,-0.0176,0.0016999999999999967,-0.018600000000000002,0.0015999999999999973,0.016399999999999998,0.0012999999999999973,0.0189,0.001299999999999999,0.0006,0.0018,0.0011,0.0018000000000000002,0.028999999999999995,0.02839999999999998,0.031900000000000005,0.03130000000000001,0.0395,0.03909999999999997,0.03499999999999999,0.034499999999999996,0.02690000000000001,0.026299999999999987,0.030299999999999994,0.0298
2018-12-31,-0.06,0.0011000000000000038,-0.0473,0.0010999999999999968,-0.0546,0.0011999999999999997,-0.0451,0.0011999999999999997,-0.039599999999999996,0.0013999999999999985,-0.039,0.0013999999999999985,-0.050499999999999996,0.0004000000000000045,-0.035699999999999996,0.0005000000000000074,-0.0696,0.001700000000000007,-0.053399999999999996,0.0017000000000000001,-0.0601,0.0015000000000000013,-0.050300000000000004,0.0015999999999999973,0.028999999999999998,0.02839999999999998,0.03200000000000001,0.031400000000000004,0.039799999999999995,0.03939999999999997,0.03499999999999999,0.034600000000000006,0.027100000000000013,0.02649999999999999,0.030499999999999996,0.0301
2019-01-31,0.0655,0.0015000000000000013,0.061900000000000004,0.0015000000000000013,0.06,0.0015999999999999973,0.065,0.0016000000000000042,0.045,0.0017000000000000001,0.0732,0.0016999999999999932,0.0668,0.00010000000000000286,0.061399999999999996,9.999999999999593e-05,0.04769999999999999,0.0006999999999999923,0.057800000000000004,0.0008000000000000021,0.057999999999999996,0.0011999999999999997,0.06709999999999999,0.0011999999999999927,0.0301,0.02939999999999998,0.033,0.03250000000000001,0.0409,0.04049999999999997,0.03509999999999999,0.0346,0.027600000000000006,0.0271,0.031199999999999995,0.03079999999999999
2019-02-28,0.036699999999999997,0.0004999999999999935,0.030299999999999997,0.000499999999999997,0.0333,0.0020000000000000018,0.0316,0.0020000000000000018,0.024,0.0058,0.0351,0.005999999999999998,0.0381,0.0015000000000000013,0.0231,0.0014999999999999979,0.034300000000000004,0.001700000000000007,0.0149,0.001599999999999999,0.0337,0.001800000000000003,0.0246,0.001800000000000003,0.029999999999999995,0.029299999999999986,0.0333,0.03280000000000001,0.04190000000000001,0.04189999999999997,0.035199999999999995,0.034699999999999995,0.027900000000000015,0.027399999999999994,0.0314,0.03099999999999999
2019-03-31,0.0163,0.002899999999999998,0.0063,0.0029,0.0192,0.0036999999999999984,0.0073,0.0036,0.0269,0.005400000000000002,0.0101,0.0054,0.016200000000000003,0.010600000000000002,0.0079,0.010600000000000002,0.004,0.0086,0.006500000000000001,0.0086,0.0124,0.005899999999999999,0.0059,0.0059,0.030599999999999995,0.029899999999999982,0.0342,0.03360000000000001,0.043000000000000003,0.04289999999999997,0.0351,0.034499999999999996,0.02910000000000001,0.028599999999999997,0.0322,0.03179999999999999
2019-04-30,0.050199999999999995,0.006699999999999998,0.0449,0.006600000000000002,0.0441,0.006199999999999997,0.04019999999999999,0.00619999999999999,0.0278,0.005099999999999997,0.0275,0.005099999999999997,0.0407,0.009000000000000001,0.0296,0.008900000000000002,0.019,0.000499999999999997,0.0148,0.0005000000000000004,0.0337,0.0040999999999999995,0.029300000000000003,0.0040000000000000036,0.029799999999999993,0.029199999999999983,0.0338,0.0333,0.043699999999999996,0.04369999999999997,0.033499999999999995,0.0331,0.02860000000000001,0.028199999999999996,0.0317,0.0314
2019-05-31,-0.0473,0.012399999999999994,-0.047599999999999996,0.012400000000000001,-0.0429,0.010499999999999995,-0.0509,0.010499999999999995,-0.030899999999999997,0.005300000000000006,-0.0601,0.005199999999999996,-0.0506,0.005399999999999995,-0.0548,0.005399999999999995,-0.0487,0.0032000000000000015,-0.0347,0.0032000000000000015,-0.0446,0.006900000000000003,-0.0446,0.0067999999999999935,0.03129999999999998,0.031099999999999982,0.03499999999999999,0.034699999999999995,0.0439,0.04399999999999996,0.03289999999999999,0.03259999999999999,0.02940000000000001,0.0291,0.032600000000000004,0.03239999999999999
2019-06-30,0.046799999999999994,0.002599999999999998,0.066,0.002600000000000005,0.0432,0.002700000000000001,0.058899999999999994,0.002699999999999994,0.0331,0.0026999999999999975,0.0392,0.002700000000000001,0.0435,0.0002999999999999947,0.066,0.0002999999999999947,0.031400000000000004,0.001800000000000003,0.0362,0.001800000000000003,0.0373,0.0022999999999999965,0.051,0.0022999999999999965,0.031399999999999983,0.031199999999999985,0.03509999999999999,0.034799999999999984,0.043699999999999996,0.043799999999999964,0.032699999999999986,0.03249999999999999,0.029500000000000012,0.0293,0.0327,0.03259999999999998
2019-07-31,0.0027,0.0014000000000000002,-0.0206,0.001299999999999999,0.0058,0.0011999999999999997,-0.022400000000000003,0.001299999999999999,0.0149,0.0011999999999999997,-0.0277,0.0010000000000000009,-0.0013,0.0004000000000000002,-0.034300000000000004,0.0003999999999999976,0.008199999999999999,0.00039999999999999845,-0.0007000000000000001,0.00039999999999999996,0.0059,0.0008999999999999998,-0.0139,0.0009000000000000015,0.03179999999999998,0.031499999999999986,0.03539999999999999,0.03519999999999999,0.044199999999999996,0.044099999999999966,0.03299999999999999,0.03279999999999999,0.029500000000000012,0.029300000000000003,0.032799999999999996,0.032699999999999986
2019-08-31,-0.0101,0.0006000000000000016,-0.0154,0.0005999999999999998,-0.0178,0.0026999999999999975,-0.0218,0.002700000000000001,-0.0398,0.008899999999999998,-0.0401,0.008900000000000005,-0.0074,0.0017999999999999995,-0.022000000000000002,0.001799999999999996,-0.0382,0.0025000000000000022,-0.0273,0.0024999999999999988,-0.0231,0.0025000000000000022,-0.0229,0.0024999999999999988,0.03179999999999998,0.03159999999999999,0.035799999999999985,0.03569999999999999,0.0462,0.04619999999999998,0.03339999999999999,0.033199999999999986,0.029700000000000018,0.0296,0.033100000000000004,0.03299999999999999
2019-09-30,0.027200000000000002,0.0008000000000000021,0.018600000000000002,0.0007000000000000027,0.0282,0.0011000000000000003,0.0245,0.0011000000000000038,0.0313,0.0022000000000000006,0.0421,0.0021999999999999936,0.024,0.0002999999999999982,0.0194,0.00040000000000000105,0.0412,0.008,0.0302,0.0079,0.0316,0.0038000000000000048,0.026099999999999998,0.003799999999999998,0.031899999999999984,0.03159999999999999,0.035799999999999985,0.03579999999999999,0.0464,0.04629999999999997,0.03279999999999999,0.03269999999999999,0.030700000000000015,0.0307,0.033600000000000005,0.03349999999999998
2019-10-31,0.0118,0.0005999999999999981,0.032799999999999996,0.0005999999999999964,0.005600000000000001,0.0011000000000000003,0.0342,0.0011999999999999997,-0.012199999999999999,0.0028000000000000004,0.0383,0.0029,0.023,0.0022000000000000006,0.039,0.0020999999999999977,0.038,0.0004000000000000045,0.042800000000000005,0.0004000000000000045,0.0175,0.0010000000000000009,0.0344,0.000899999999999998,0.03199999999999999,0.0317,0.03579999999999999,0.03589999999999999,0.046700000000000005,0.04659999999999998,0.033699999999999994,0.033599999999999984,0.03080000000000001,0.03070000000000001,0.03370000000000001,0.03349999999999998
2019-11-30,0.0291,0.0009000000000000015,0.0168,0.0007999999999999986,0.0281,0.0016000000000000007,0.0187,0.0016000000000000007,0.0253,0.004,0.0241,0.0039000000000000007,0.021099999999999997,0.0016999999999999967,0.0199,0.0017999999999999995,0.0161,0.0011999999999999997,0.0042,0.0011999999999999997,0.0239,0.0014999999999999979,0.0144,0.0014999999999999996,0.03199999999999999,0.0316,0.03559999999999999,0.035699999999999996,0.0465,0.04639999999999998,0.0337,0.03379999999999998,0.030700000000000012,0.03060000000000001,0.033400000000000006,0.03319999999999998
2019-12-31,0.0121,0.0013999999999999985,0.032799999999999996,0.0013999999999999915,0.0174,0.0013999999999999985,0.0395,0.0013999999999999985,0.032799999999999996,0.0012999999999999956,0.0588,0.0013999999999999985,0.0352,0.00030000000000000165,0.0613,0.00030000000000000165,0.0116,0.0017000000000000001,0.0241,0.0017999999999999995,0.015600000000000001,0.0016000000000000025,0.0344,0.0017000000000000001,0.03229999999999998,0.0319,0.035799999999999985,0.03589999999999999,0.0464,0.04639999999999998,0.0336,0.03359999999999998,0.030700000000000005,0.03070000000000001,0.0335,0.03329999999999998
2020-01-31,-0.0141,0.0008000000000000004,-0.0217,0.0007000000000000027,-0.0187,0.0006999999999999992,-0.0254,0.0006999999999999992,-0.0317,0.0006000000000000033,-0.0359,0.0005999999999999964,0.0132,0.0002999999999999999,-0.0111,0.0002999999999999982,-0.015,0.00020000000000000052,-0.0212,0.00020000000000000226,-0.0123,0.0005999999999999998,-0.0209,0.0005999999999999998,0.03159999999999998,0.031099999999999996,0.03489999999999999,0.034999999999999976,0.0453,0.045299999999999986,0.03379999999999999,0.03379999999999998,0.03020000000000001,0.03010000000000001,0.032900000000000006,0.03269999999999999
2020-02-29,-0.0748,0.0005999999999999894,-0.0795,0.0006000000000000033,-0.0795,0.0012999999999999956,-0.0895,0.0013000000000000095,-0.0929,0.003600000000000006,-0.1185,0.003500000000000003,-0.0674,0.0012000000000000066,-0.07150000000000001,0.0011999999999999927,-0.08380000000000001,0.0012999999999999817,-0.08800000000000001,0.0012999999999999817,-0.0786,0.0012999999999999956,-0.0863,0.0012999999999999956,0.03169999999999998,0.0312,0.03419999999999998,0.03429999999999998,0.043100000000000006,0.04279999999999999,0.0335,0.03349999999999998,0.029799999999999986,0.029799999999999993,0.0324,0.032199999999999986
2020-03-31,-0.14429999999999998,0.0028000000000000247,-0.1438,0.002799999999999997,-0.14800000000000002,0.002999999999999975,-0.154,0.002899999999999986,-0.1593,0.003300000000000025,-0.185,0.0032000000000000084,-0.11900000000000001,0.0031999999999999945,-0.1434,0.0032000000000000084,-0.1003,0.00860000000000001,-0.1041,0.008499999999999994,-0.1316,0.0050000000000000044,-0.1407,0.0050000000000000044,0.0316,0.031099999999999996,0.03349999999999996,0.03359999999999998,0.04100000000000003,0.0406,0.026099999999999988,0.026099999999999984,0.0298,0.029699999999999987,0.03150000000000001,0.03129999999999999
2020-04-30,0.06570000000000001,0.004500000000000004,0.059000000000000004,0.004400000000000001,0.0636,0.0040000000000000036,0.061900000000000004,0.0040000000000000036,0.056900000000000006,0.0025000000000000022,0.071,0.002599999999999991,0.0911,0.004100000000000006,0.0974,0.004100000000000006,0.0574,0.0003999999999999976,0.06860000000000001,0.0005000000000000143,0.0672,0.002599999999999991,0.0716,0.002599999999999991,0.02940000000000001,0.028899999999999995,0.03129999999999997,0.03139999999999999,0.03840000000000004,0.038099999999999995,0.021199999999999993,0.021299999999999993,0.029699999999999997,0.0297,0.03,0.029899999999999975
2020-05-31,0.0452,0.005299999999999992,0.0587,0.005499999999999998,0.0434,0.004800000000000006,0.048799999999999996,0.004900000000000002,0.0377,0.0029999999999999957,0.0176,0.0029000000000000015,0.0574,0.002799999999999997,0.0895,0.0029,0.0458,0.0015000000000000013,0.045599999999999995,0.0015999999999999903,0.044000000000000004,0.0032000000000000015,0.0496,0.0032000000000000015,0.022300000000000007,0.021999999999999992,0.025599999999999977,0.025799999999999997,0.03610000000000003,0.0358,0.018599999999999995,0.018799999999999997,0.027999999999999997,0.02809999999999999,0.026299999999999997,0.026299999999999983
2020-06-30,0.0388,0.0031000000000000055,0.050499999999999996,0.0030999999999999917,0.033,0.0026000000000000016,0.0435,0.002699999999999994,0.014199999999999999,0.001199999999999998,0.020499999999999997,0.0011999999999999997,0.0121,0.0017000000000000001,0.0222,0.0017999999999999995,0.0163,0.0020999999999999994,0.021,0.002100000000000001,0.0242,0.0024999999999999988,0.0329,0.0023999999999999994,0.022800000000000015,0.02249999999999998,0.025499999999999978,0.025799999999999997,0.03460000000000003,0.0343,0.02,0.0203,0.028299999999999995,0.028399999999999988,0.0265,0.026399999999999986
2020-07-31,-0.012,0.0023,0.0331,0.0024999999999999953,-0.0165,0.0022000000000000006,0.0304,0.002400000000000003,-0.0316,0.001799999999999996,0.0212,0.0019000000000000024,0.042699999999999995,0.00019999999999999185,0.10039999999999999,0.00019999999999999185,-0.023399999999999997,0.0005000000000000039,-0.004699999999999999,0.0005000000000000004,-0.009399999999999999,0.0015000000000000013,0.025099999999999997,0.0014999999999999979,0.02370000000000002,0.023699999999999978,0.02649999999999998,0.0269,0.03520000000000002,0.0352,0.01979999999999999,0.020099999999999993,0.0284,0.028499999999999987,0.0271,0.026999999999999986
2020-08-31,0.0325,0.000899999999999998,0.0464,0.000899999999999998,0.0313,0.0019000000000000024,0.0471,0.0019000000000000059,0.0275,0.005600000000000001,0.049699999999999994,0.00569999999999999,0.041299999999999996,0.000999999999999994,0.061,0.0010000000000000009,0.0674,0.0022000000000000075,0.0731,0.0021999999999999936,0.0446,0.0019000000000000059,0.0581,0.001899999999999999,0.024000000000000014,0.023999999999999973,0.025699999999999983,0.026100000000000005,0.031900000000000026,0.03199999999999999,0.018999999999999986,0.019299999999999998,0.028100000000000007,0.028199999999999982,0.026500000000000003,0.026399999999999986
2020-09-30,-0.0116,0.000700000000000001,-0.0294,0.0008000000000000021,-0.0127,0.0009000000000000015,-0.0338,0.0008000000000000021,-0.0166,0.0011000000000000003,-0.048799999999999996,0.0010000000000000078,0.0253,0.0009000000000000015,-0.0072,0.0009000000000000015,0.0,0.006500000000000001,-0.0016,0.0065000000000000014,-0.0062,0.003100000000000001,-0.021099999999999997,0.003100000000000002,0.02390000000000001,0.024099999999999976,0.025499999999999984,0.025800000000000003,0.030800000000000022,0.0308,0.01959999999999999,0.019799999999999998,0.026600000000000006,0.026799999999999984,0.0258,0.02569999999999999
2020-10-31,-0.0458,0.0007000000000000062,-0.0501,0.0008000000000000021,-0.0441,0.000899999999999998,-0.0471,0.000899999999999998,-0.0383,0.0015000000000000013,-0.0365,0.0015000000000000013,-0.0424,0.001899999999999999,-0.0451,0.001800000000000003,-0.0167,0.00030000000000000165,-0.0148,0.0002999999999999999,-0.0323,0.0007999999999999952,-0.0331,0.000900000000000005,0.02400000000000002,0.02429999999999998,0.025299999999999982,0.025500000000000002,0.029500000000000026,0.029400000000000003,0.019299999999999987,0.019500000000000003,0.026500000000000003,0.026699999999999977,0.025599999999999998,0.025699999999999994
2020-11-30,0.1478,0.0007999999999999952,0.172,0.0007999999999999674,0.14400000000000002,0.0013000000000000234,0.17,0.0014000000000000123,0.13119999999999998,0.0031999999999999806,0.163,0.0032000000000000084,0.1065,0.001899999999999985,0.1467,0.0020000000000000018,0.1058,0.000899999999999998,0.11689999999999999,0.000899999999999998,0.12380000000000001,0.0013000000000000095,0.14550000000000002,0.0013000000000000234,0.023900000000000015,0.024299999999999947,0.025000000000000005,0.025300000000000013,0.028700000000000003,0.02870000000000001,0.019499999999999976,0.01970000000000001,0.0262,0.026399999999999976,0.025400000000000006,0.02550000000000002
2020-12-31,0.0245,0.0009000000000000015,0.050199999999999995,0.000999999999999994,0.0285,0.0011000000000000003,0.0545,0.0011000000000000038,0.042199999999999994,0.0016999999999999932,0.0691,0.0016999999999999932,0.028999999999999998,0.0010000000000000009,0.06480000000000001,0.0011000000000000038,0.0287,0.001299999999999999,0.0443,0.0013999999999999985,0.028399999999999998,0.001299999999999999,0.051100000000000007,0.0013000000000000025,0.023400000000000018,0.02389999999999995,0.024700000000000007,0.02500000000000002,0.0291,0.029000000000000005,0.020199999999999975,0.02050000000000001,0.025800000000000003,0.025999999999999975,0.025100000000000004,0.02510000000000002
2021-01-31,-0.0096,0.0009000000000000015,-0.0163,0.0010000000000000009,-0.009300000000000001,0.0008999999999999998,-0.0138,0.0008999999999999998,-0.0083,0.000700000000000001,-0.006,0.0005999999999999998,0.0052,0.00019999999999999966,-0.0043,0.00020000000000000052,0.0066,9.99999999999994e-05,-0.004699999999999999,0.00010000000000000026,-0.0012,0.0007000000000000001,-0.0087,0.0006999999999999992,0.023500000000000017,0.02419999999999995,0.024900000000000005,0.02520000000000002,0.0292,0.02900000000000001,0.02009999999999998,0.02040000000000001,0.0257,0.02589999999999997,0.025200000000000004,0.02520000000000002
2021-02-28,0.030299999999999997,0.0005999999999999964,0.0223,0.0005999999999999998,0.0291,0.0016000000000000007,0.0271,0.0016000000000000007,0.0254,0.004799999999999999,0.0421,0.004899999999999995,0.022099999999999998,0.0013999999999999985,0.013999999999999999,0.0013999999999999985,0.030699999999999998,0.0009999999999999974,0.021,0.0011000000000000003,0.0302,0.001400000000000002,0.0254,0.0014999999999999979,0.023500000000000028,0.02419999999999995,0.025200000000000014,0.02550000000000001,0.030399999999999993,0.030399999999999996,0.02029999999999997,0.020600000000000014,0.02540000000000002,0.025699999999999994,0.02530000000000001,0.025400000000000023
2021-03-31,0.064,0.0024999999999999953,0.0319,0.002399999999999996,0.0581,0.0031999999999999945,0.030699999999999998,0.0030999999999999986,0.0397,0.005199999999999996,0.027000000000000003,0.005200000000000003,0.0584,0.0067000000000000046,0.032,0.006500000000000002,0.042300000000000004,0.008,0.0132,0.007699999999999999,0.050300000000000004,0.005200000000000003,0.0259,0.0051,0.0232,0.023799999999999946,0.025400000000000034,0.02570000000000002,0.03229999999999997,0.03239999999999999,0.02379999999999998,0.023900000000000008,0.02480000000000001,0.0249,0.02550000000000001,0.02550000000000002
2021-04-30,0.0252,0.0052,0.0525,0.005399999999999995,0.029300000000000003,0.004700000000000003,0.0507,0.004800000000000006,0.04190000000000001,0.0030000000000000027,0.0451,0.0030000000000000027,0.0363,0.005899999999999999,0.06570000000000001,0.006200000000000004,-0.006,0.0004000000000000002,0.0055000000000000005,0.0004000000000000002,0.0172,0.003000000000000001,0.0359,0.0031000000000000055,0.023899999999999994,0.02479999999999994,0.026100000000000033,0.026500000000000024,0.03279999999999997,0.0328,0.02559999999999997,0.02600000000000001,0.02480000000000001,0.024799999999999982,0.02590000000000002,0.026000000000000034
2021-05-31,0.0308,0.007099999999999999,0.0483,0.007199999999999998,0.0259,0.005999999999999998,0.046,0.006099999999999994,0.0106,0.0026999999999999993,0.039,0.002799999999999997,0.0215,0.003199999999999998,0.0381,0.0032000000000000015,0.011000000000000001,0.0022000000000000006,0.0108,0.002100000000000001,0.021,0.004100000000000003,0.0336,0.004099999999999996,0.025699999999999997,0.02649999999999994,0.027300000000000026,0.027700000000000016,0.032499999999999966,0.0327,0.025999999999999975,0.02630000000000001,0.02550000000000001,0.025299999999999996,0.026800000000000018,0.026900000000000028
2021-06-30,0.015600000000000001,0.0019000000000000006,-0.0146,0.0019000000000000006,0.011399999999999999,0.001899999999999999,-0.018000000000000002,0.001799999999999996,-0.0021,0.0017000000000000001,-0.0287,0.0015999999999999973,0.0166,0.001299999999999999,-0.0141,0.0012000000000000014,0.013999999999999999,0.0014999999999999979,-0.0017000000000000001,0.0015,0.013600000000000001,0.0018000000000000013,-0.0109,0.0017000000000000001,0.024499999999999994,0.02529999999999995,0.02660000000000002,0.026800000000000018,0.03299999999999997,0.0331,0.02559999999999997,0.025700000000000008,0.024900000000000005,0.024699999999999993,0.026100000000000022,0.02620000000000003
2021-07-31,0.013600000000000001,0.0012000000000000014,0.019,0.0011999999999999997,0.012,0.0014000000000000002,0.0174,0.0013999999999999985,0.0069,0.002,0.0124,0.002,0.052000000000000005,0.00020000000000000573,0.046,0.00010000000000000286,-0.0181,0.0001999999999999988,-0.0139,9.99999999999994e-05,0.004699999999999999,0.0008999999999999993,0.0079,0.0009000000000000015,0.023399999999999994,0.023999999999999952,0.02580000000000002,0.025800000000000017,0.03319999999999997,0.03319999999999999,0.025599999999999984,0.02560000000000002,0.0246,0.024299999999999992,0.02550000000000002,0.025600000000000032
2021-08-31,0.0218,0.00030000000000000165,0.0149,0.0002999999999999999,0.023,0.002100000000000001,0.0151,0.0020999999999999994,0.027000000000000003,0.008000000000000004,0.015600000000000001,0.0079,0.0128,0.000700000000000001,0.011200000000000002,0.0006000000000000016,0.024399999999999998,0.002199999999999997,0.022000000000000002,0.002100000000000001,0.022000000000000002,0.0020000000000000018,0.016200000000000003,0.0019000000000000024,0.0228,0.023399999999999956,0.02600000000000002,0.02600000000000001,0.03559999999999998,0.03540000000000001,0.025299999999999993,0.02520000000000002,0.02459999999999999,0.0242,0.025600000000000015,0.025600000000000036
2021-09-30,-0.0341,0.0008000000000000021,-0.0529,0.0007999999999999952,-0.029300000000000003,0.001299999999999999,-0.0484,0.0012999999999999956,-0.013600000000000001,0.0030999999999999986,-0.0337,0.0030999999999999986,-0.044800000000000006,0.000899999999999998,-0.0601,0.000899999999999998,0.0158,0.007400000000000002,0.0052,0.007299999999999999,-0.0146,0.003400000000000002,-0.0292,0.0033999999999999968,0.0229,0.02339999999999995,0.026400000000000017,0.026500000000000003,0.03759999999999998,0.0375,0.02529999999999999,0.02520000000000002,0.025499999999999995,0.024999999999999994,0.025900000000000017,0.02590000000000003
2021-10-31,0.0409,0.000999999999999994,0.043,0.000999999999999994,0.0349,0.0010000000000000009,0.04019999999999999,0.000999999999999994,0.0159,0.0009000000000000015,0.0313,0.0009000000000000015,0.043899999999999995,0.004199999999999995,0.0588,0.004299999999999998,-0.0033,0.0002999999999999999,-0.012,0.0002999999999999999,0.023799999999999998,0.0010999999999999968,0.0269,0.0011000000000000003,0.023199999999999988,0.02359999999999994,0.02650000000000002,0.0266,0.03699999999999998,0.036899999999999995,0.027599999999999986,0.027700000000000016,0.02549999999999999,0.024999999999999998,0.02620000000000002,0.026100000000000026
2021-11-30,-0.021400000000000002,0.0010999999999999968,-0.037000000000000005,0.0010999999999999968,-0.0223,0.0014999999999999979,-0.0407,0.0013999999999999985,-0.0254,0.0025000000000000022,-0.0525,0.0024000000000000063,-0.0059,0.0014000000000000002,-0.045700000000000005,0.0013999999999999985,-0.0331,0.0012000000000000066,-0.0382,0.0011999999999999997,-0.023700000000000002,0.001399999999999995,-0.0403,0.0013999999999999985,0.02349999999999999,0.02389999999999997,0.026699999999999995,0.026599999999999985,0.0363,0.03609999999999999,0.0271,0.027100000000000013,0.025799999999999997,0.0253,0.026300000000000004,0.0262
2021-12-31,0.044199999999999996,0.0003999999999999976,0.048799999999999996,0.0003999999999999976,0.045,0.0008000000000000021,0.0525,0.0008000000000000021,0.0478,0.0022000000000000075,0.0647,0.0022999999999999896,0.0446,0.0004000000000000045,0.0489,0.0004000000000000045,0.0246,0.0016000000000000007,0.0173,0.0014999999999999979,0.0368,0.0013999999999999985,0.0395,0.0013999999999999985,0.022999999999999986,0.023299999999999974,0.026399999999999996,0.026299999999999983,0.03680000000000001,0.03669999999999999,0.026500000000000003,0.026400000000000014,0.0261,0.0254,0.026400000000000003,0.026299999999999997
2022-01-31,-0.0438,0.0006000000000000033,-0.056799999999999996,0.0007000000000000062,-0.0362,0.0005999999999999964,-0.047599999999999996,0.0006000000000000033,-0.011899999999999999,0.0006000000000000016,-0.0181,0.0005999999999999998,-0.0802,0.00010000000000000286,-0.09949999999999999,0.00010000000000001674,-0.0479,0.00010000000000000286,-0.0533,9.999999999999593e-05,-0.0414,0.0005000000000000074,-0.051,0.0006000000000000033,0.022699999999999988,0.02299999999999998,0.02609999999999999,0.02599999999999999,0.03670000000000001,0.036699999999999997,0.026400000000000007,0.026300000000000028,0.026100000000000005,0.025399999999999992,0.02620000000000001,0.0262
2022-02-28,-0.0463,0.0004999999999999935,-0.0451,0.0006000000000000033,-0.0382,0.0011000000000000038,-0.0377,0.0011000000000000038,-0.012199999999999999,0.003000000000000001,-0.0139,0.002999999999999999,-0.0392,0.0005000000000000004,-0.044000000000000004,0.0005000000000000004,-0.002,0.002,0.0037,0.0021000000000000003,-0.0222,0.0013999999999999985,-0.020499999999999997,0.001400000000000002,0.022599999999999985,0.022999999999999986,0.025599999999999998,0.025499999999999988,0.034900000000000014,0.03479999999999999,0.02550000000000001,0.02540000000000003,0.027100000000000006,0.026399999999999996,0.026200000000000008,0.026100000000000005
2022-03-31,0.004,0.0024000000000000002,-0.008199999999999999,0.002400000000000001,0.0049,0.0034,-0.009300000000000001,0.0033999999999999985,0.0076,0.0063,-0.013000000000000001,0.006199999999999997,0.0377,0.011,0.035699999999999996,0.010899999999999996,0.0391,0.0092,0.0076,0.0089,0.022099999999999998,0.006099999999999998,0.006,0.0058000000000000005,0.02249999999999999,0.022999999999999986,0.025800000000000003,0.02579999999999999,0.03600000000000002,0.03579999999999999,0.029800000000000007,0.029800000000000024,0.028300000000000006,0.027599999999999993,0.027100000000000003,0.026800000000000004
2022-04-30,-0.0154,0.0063999999999999994,-0.06269999999999999,0.006100000000000008,-0.0118,0.005800000000000001,-0.0581,0.005500000000000005,-0.0005,0.004,-0.0438,0.003799999999999998,-0.0199,0.006700000000000001,-0.0672,0.006400000000000003,-0.021,0.000499999999999997,-0.0724,0.0005999999999999894,-0.019299999999999998,0.003700000000000002,-0.0654,0.003500000000000003,0.02369999999999999,0.0237,0.0269,0.02649999999999999,0.03700000000000002,0.03659999999999999,0.030600000000000002,0.030000000000000023,0.028400000000000005,0.027799999999999984,0.027800000000000005,0.027200000000000002
2022-05-31,-0.0001,0.0125,0.0171,0.0127,0.0,0.0104,0.0138,0.0107,0.0003,0.0041,0.0034999999999999996,0.0040999999999999995,-0.004,0.007399999999999999,0.0051,0.0074,-0.0043,0.0026,0.0051,0.0026000000000000003,-0.0028000000000000004,0.006699999999999999,0.009300000000000001,0.0068000000000000005,0.02909999999999999,0.0292,0.0313,0.031099999999999992,0.03840000000000002,0.03789999999999999,0.03480000000000001,0.03420000000000002,0.028800000000000006,0.02829999999999998,0.030399999999999996,0.029900000000000006
2022-06-30,-0.0842,0.001899999999999999,-0.10060000000000001,0.001799999999999996,-0.079,0.001899999999999999,-0.099,0.001899999999999999,-0.06280000000000001,0.0022999999999999826,-0.0942,0.0021999999999999936,-0.09119999999999999,0.0006000000000000033,-0.12480000000000001,0.0004999999999999866,-0.0311,0.0016999999999999967,-0.0708,0.0016000000000000042,-0.0647,0.0019000000000000128,-0.0922,0.001899999999999999,0.029099999999999987,0.029099999999999997,0.0313,0.0312,0.039,0.038499999999999986,0.034100000000000005,0.03350000000000001,0.029000000000000005,0.028399999999999988,0.030500000000000013,0.030100000000000005
2022-07-31,0.0698,0.0013999999999999985,0.0482,0.0014000000000000054,0.0643,0.0013999999999999985,0.047400000000000005,0.0013000000000000025,0.0475,0.0015000000000000013,0.0452,0.0013999999999999985,0.1013,0.00010000000000000286,0.09480000000000001,0.00020000000000000573,0.0353,0.0003999999999999976,0.0496,0.0003999999999999976,0.0558,0.0010000000000000009,0.0529,0.0010000000000000009,0.029299999999999986,0.029300000000000003,0.0313,0.031100000000000003,0.038500000000000006,0.03789999999999998,0.034,0.03360000000000001,0.029200000000000004,0.028699999999999986,0.030600000000000016,0.030200000000000005
2022-08-31,-0.0466,0.0005999999999999964,-0.0636,0.0005999999999999894,-0.0405,0.0023000000000000034,-0.0637,0.0021999999999999936,-0.0216,0.007700000000000002,-0.064,0.007300000000000001,-0.0475,0.0016000000000000042,-0.0753,0.0016000000000000042,0.006999999999999999,0.002599999999999999,-0.023399999999999997,0.002600000000000005,-0.022000000000000002,0.002399999999999996,-0.0475,0.0023000000000000034,0.02959999999999998,0.029599999999999994,0.0315,0.031199999999999995,0.0382,0.037299999999999986,0.034900000000000014,0.03460000000000001,0.029600000000000005,0.02919999999999999,0.031000000000000007,0.030600000000000006
2022-09-30,-0.0691,0.000800000000000009,-0.0889,0.0007999999999999952,-0.0675,0.0012999999999999956,-0.0915,0.0011999999999999927,-0.06280000000000001,0.0029,-0.09939999999999999,0.0028000000000000247,-0.0876,0.0010999999999999899,-0.1265,0.0010999999999999899,-0.058899999999999994,0.00860000000000001,-0.0965,0.008300000000000002,-0.0643,0.0040000000000000036,-0.09699999999999999,0.0039000000000000146,0.029599999999999987,0.029599999999999994,0.0315,0.031099999999999992,0.038,0.03700000000000001,0.035100000000000006,0.034800000000000005,0.03080000000000001,0.03019999999999999,0.03160000000000001,0.031100000000000023
2022-10-31,0.0658,0.0006000000000000033,0.0689,0.0006000000000000033,0.0575,0.0007000000000000062,0.0665,0.0007000000000000062,0.031400000000000004,0.0012000000000000031,0.058899999999999994,0.0011999999999999997,0.0673,0.0015999999999999903,0.0816,0.0016000000000000042,0.0262,0.0001999999999999988,0.0098,0.0002999999999999999,0.0472,0.0008000000000000021,0.0487,0.0008000000000000021,0.029199999999999997,0.029200000000000004,0.031200000000000006,0.030800000000000004,0.0383,0.03730000000000001,0.0325,0.03210000000000001,0.030700000000000012,0.03019999999999999,0.031300000000000015,0.030800000000000025
2022-11-30,0.0735,0.000899999999999998,0.132,0.0010000000000000009,0.07339999999999999,0.0013999999999999846,0.1311,0.0014999999999999736,0.0731,0.0030000000000000027,0.1283,0.0032000000000000084,0.059000000000000004,0.0023999999999999994,0.1152,0.002600000000000005,0.0509,0.0017000000000000001,0.1175,0.0016999999999999932,0.0616,0.0017000000000000001,0.1175,0.001799999999999996,0.028999999999999998,0.029100000000000008,0.03109999999999999,0.03089999999999998,0.0388,0.03810000000000001,0.0335,0.03330000000000002,0.031200000000000006,0.030699999999999984,0.03160000000000002,0.031200000000000023
2022-12-31,-0.0341,0.0020000000000000018,-0.0078000000000000005,0.0020999999999999986,-0.0296,0.001899999999999999,-0.0086,0.0017999999999999995,-0.0152,0.0014000000000000002,-0.0109,0.0014000000000000002,-0.0123,0.0005000000000000004,0.0026,0.0005,-0.026600000000000002,0.0015999999999999973,0.0076,0.0017000000000000001,-0.028900000000000002,0.001899999999999999,-0.0075,0.0018000000000000013,0.030600000000000002,0.030800000000000008,0.032199999999999986,0.03189999999999998,0.03799999999999999,0.03720000000000002,0.03359999999999999,0.03340000000000001,0.031200000000000002,0.030899999999999987,0.03210000000000002,0.031600000000000024
2023-01-31,0.0858,0.0007999999999999952,0.1011,0.0007999999999999952,0.07690000000000001,0.000800000000000009,0.0931,0.0007999999999999952,0.0487,0.0006999999999999992,0.0679,0.000800000000000009,0.0341,0.0015999999999999973,0.0355,0.0014999999999999944,0.0464,0.0001999999999999988,0.0594,0.0001999999999999988,0.0622,0.0008000000000000021,0.0765,0.0007999999999999952,0.030799999999999994,0.030899999999999997,0.0324,0.03209999999999997,0.038099999999999995,0.03740000000000003,0.03509999999999999,0.03479999999999999,0.031299999999999994,0.03099999999999999,0.03240000000000001,0.031800000000000016
2023-02-28,0.0108,0.000700000000000001,-0.0161,0.0006999999999999992,0.011899999999999999,0.001299999999999999,-0.0144,0.0013000000000000025,0.015600000000000001,0.0035000000000000014,-0.0088,0.003299999999999999,0.028300000000000002,0.0006000000000000033,0.01,0.0006000000000000016,-0.0067,0.001400000000000001,-0.045700000000000005,0.0013999999999999985,0.0034999999999999996,0.0012999999999999995,-0.0265,0.001299999999999999,0.031,0.030999999999999993,0.0326,0.03229999999999997,0.038599999999999995,0.037700000000000025,0.035199999999999995,0.034899999999999994,0.030699999999999998,0.030299999999999987,0.032300000000000016,0.03170000000000001
2023-03-31,0.0102,0.0028000000000000004,0.0363,0.002799999999999997,0.0008,0.0034,0.026699999999999998,0.003599999999999999,-0.0296,0.005600000000000001,-0.0049,0.0057,-0.0024,0.013800000000000003,0.0098,0.013999999999999999,0.0118,0.01,0.0277,0.010099999999999998,0.0038,0.0063999999999999994,0.023799999999999998,0.006599999999999998,0.031400000000000004,0.03139999999999999,0.0326,0.032499999999999966,0.037899999999999996,0.03720000000000003,0.03799999999999999,0.03799999999999999,0.0315,0.031499999999999986,0.03260000000000002,0.032500000000000015
2023-04-30,0.0178,0.0069,0.0362,0.007200000000000005,0.0212,0.006200000000000001,0.039599999999999996,0.006199999999999997,0.0325,0.003199999999999998,0.0516,0.0032999999999999974,0.023399999999999997,0.007399999999999997,0.0321,0.007399999999999993,0.0207,0.0009000000000000015,0.0024,0.0007999999999999997,0.021400000000000002,0.004200000000000002,0.0252,0.004300000000000002,0.031900000000000005,0.03249999999999999,0.032999999999999995,0.03319999999999996,0.037099999999999994,0.03670000000000003,0.03869999999999999,0.038999999999999986,0.0319,0.0317,0.03310000000000002,0.03330000000000001
2023-05-31,-0.0218,0.011799999999999998,-0.0493,0.011400000000000007,-0.027000000000000003,0.010099999999999998,-0.050499999999999996,0.009800000000000003,-0.0444,0.004299999999999998,-0.0546,0.004299999999999991,-0.027200000000000002,0.0058999999999999955,-0.0674,0.005699999999999997,0.0042,0.0023,-0.0146,0.002199999999999999,-0.0187,0.006499999999999999,-0.0403,0.0063,0.0312,0.03119999999999999,0.03269999999999999,0.03229999999999997,0.037299999999999986,0.03690000000000002,0.03719999999999999,0.037299999999999986,0.0316,0.031299999999999994,0.03290000000000002,0.03280000000000001
2023-06-30,0.0298,0.0023,0.0506,0.0022999999999999965,0.025699999999999997,0.002399999999999996,0.0464,0.0023999999999999924,0.011699999999999999,0.002599999999999998,0.0323,0.002700000000000001,0.0115,0.0009999999999999992,0.027999999999999997,0.0010999999999999968,0.0565,0.001800000000000003,0.036699999999999997,0.0016999999999999932,0.0352,0.0023000000000000034,0.042699999999999995,0.0023999999999999924,0.0316,0.03169999999999999,0.03319999999999999,0.032799999999999954,0.0376,0.03740000000000003,0.03759999999999998,0.037899999999999996,0.031700000000000006,0.031399999999999983,0.03330000000000001,0.0333
2023-07-31,0.016,0.0013000000000000008,0.0274,0.0013000000000000025,0.018600000000000002,0.0013000000000000025,0.03,0.001299999999999999,0.0274,0.0011999999999999997,0.0387,0.0011999999999999997,-0.0003,0.0009,0.0231,0.000899999999999998,0.0207,0.00040000000000000105,0.0333,0.0004000000000000045,0.0189,0.0010000000000000009,0.031,0.0010000000000000009,0.0315,0.03159999999999999,0.0331,0.032799999999999954,0.0373,0.03720000000000003,0.038399999999999976,0.03859999999999998,0.031700000000000006,0.03139999999999999,0.03330000000000001,0.0333
2023-08-31,-0.0301,0.0005999999999999998,-0.0435,0.0006000000000000033,-0.028999999999999998,0.0023000000000000034,-0.042199999999999994,0.0023000000000000104,-0.0254,0.008,-0.038,0.007899999999999997,-0.0031,0.0025999999999999994,-0.0331,0.0025000000000000022,-0.009300000000000001,0.0026999999999999993,-0.0319,0.002700000000000001,-0.0189,0.0025000000000000022,-0.037599999999999995,0.0025000000000000022,0.03150000000000001,0.0316,0.0331,0.03289999999999997,0.0376,0.03780000000000003,0.03939999999999997,0.03949999999999998,0.03180000000000001,0.031499999999999986,0.03340000000000001,0.0335
2023-09-30,-0.0321,0.0006999999999999992,-0.057699999999999994,0.0007000000000000062,-0.021,0.000899999999999998,-0.0492,0.000899999999999998,0.016200000000000003,0.001500000000000003,-0.0207,0.0015000000000000013,-0.008,0.0013999999999999985,-0.018600000000000002,0.0013999999999999985,-0.0059,0.0079,-0.0248,0.007799999999999998,-0.0159,0.0033999999999999968,-0.037200000000000004,0.0033999999999999933,0.0314,0.031500000000000014,0.0327,0.032599999999999976,0.0362,0.036500000000000005,0.039699999999999985,0.03979999999999999,0.031100000000000003,0.030999999999999982,0.0328,0.03299999999999998
2023-10-31,-0.0379,0.0004999999999999935,-0.037000000000000005,0.0005999999999999894,-0.0392,0.0007000000000000062,-0.0395,0.0006999999999999923,-0.0437,0.000999999999999994,-0.04769999999999999,0.0010000000000000078,-0.0184,0.0017999999999999995,-0.0355,0.001700000000000007,-0.0325,0.0003999999999999976,-0.0454,0.00030000000000000165,-0.0354,0.0008000000000000021,-0.0436,0.0008000000000000021,0.03129999999999999,0.0315,0.0327,0.03259999999999996,0.03599999999999999,0.03630000000000001,0.0399,0.03989999999999999,0.0313,0.030999999999999986,0.0328,0.03299999999999998
2023-11-30,0.06860000000000001,0.0012000000000000066,0.1023,0.0012000000000000066,0.0604,0.0020000000000000018,0.0956,0.0020000000000000157,0.0335,0.004400000000000001,0.07339999999999999,0.00449999999999999,0.056299999999999996,0.002799999999999997,0.10439999999999999,0.002999999999999989,0.044800000000000006,0.0015000000000000083,0.0711,0.0015000000000000013,0.056100000000000004,0.0020000000000000018,0.08900000000000001,0.0020000000000000157,0.031599999999999996,0.031700000000000006,0.03330000000000002,0.033100000000000004,0.03739999999999999,0.037599999999999995,0.04029999999999999,0.040299999999999975,0.03110000000000001,0.030799999999999994,0.033100000000000004,0.0332
2023-12-31,0.0304,0.000899999999999998,0.0496,0.0008000000000000021,0.0339,0.000899999999999998,0.051,0.000999999999999994,0.0461,0.0014000000000000054,0.0556,0.0014999999999999944,0.0464,0.0003999999999999976,0.08109999999999999,0.0003999999999999837,0.0187,0.0016000000000000007,0.0599,0.0017000000000000001,0.030699999999999998,0.001299999999999999,0.057800000000000004,0.0014000000000000054,0.030499999999999992,0.03040000000000001,0.032300000000000016,0.0323,0.037399999999999996,0.03769999999999999,0.040199999999999986,0.040199999999999965,0.03110000000000001,0.030799999999999994,0.03250000000000001,0.0328
2024-01-31,0.013000000000000001,0.0008000000000000021,-0.0083,0.0008000000000000004,0.0069,0.0008000000000000004,-0.0105,0.0007999999999999986,-0.013300000000000001,0.000899999999999998,-0.018000000000000002,0.000899999999999998,0.0101,0.00020000000000000052,-0.016399999999999998,0.00020000000000000226,0.040999999999999995,0.00019999999999999185,0.0042,0.00019999999999999966,0.0181,0.0007000000000000027,-0.0059,0.0007000000000000001,0.0305,0.030400000000000017,0.03230000000000001,0.032299999999999995,0.037599999999999995,0.03779999999999998,0.038799999999999994,0.03889999999999997,0.031100000000000003,0.030799999999999994,0.032400000000000005,0.03270000000000001
2024-02-29,0.0262,0.0005999999999999998,0.0207,0.0006999999999999992,0.026099999999999998,0.001399999999999995,0.0208,0.0013999999999999985,0.0256,0.003700000000000002,0.021,0.003700000000000002,0.0194,0.001899999999999999,0.0182,0.001800000000000003,0.039599999999999996,0.0014999999999999944,0.0233,0.0015000000000000013,0.0298,0.0014999999999999979,0.021,0.0015000000000000013,0.0304,0.030400000000000017,0.0324,0.0324,0.03779999999999999,0.038199999999999984,0.04009999999999998,0.04009999999999997,0.0312,0.030899999999999997,0.032600000000000004,0.03290000000000001
2024-03-31,0.0394,0.002700000000000001,0.0342,0.002599999999999998,0.0397,0.0034000000000000002,0.0359,0.0034000000000000002,0.040999999999999995,0.005699999999999997,0.0414,0.005700000000000004,0.049100000000000005,0.011200000000000002,0.0327,0.011099999999999999,0.0336,0.008699999999999996,0.0274,0.0087,0.0385,0.0058,0.0331,0.005799999999999996,0.0303,0.03020000000000002,0.0324,0.0322,0.03789999999999999,0.038199999999999984,0.037499999999999985,0.03719999999999997,0.029899999999999996,0.0295,0.03200000000000001,0.03210000000000001
2024-04-30,-0.0196,0.007800000000000001,-0.0318,0.0076999999999999985,-0.011899999999999999,0.006700000000000003,-0.023799999999999998,0.006600000000000002,0.014199999999999999,0.003199999999999998,0.003,0.0031,0.0076,0.0063,-0.0141,0.0060999999999999995,-0.011699999999999999,0.000700000000000001,-0.0412,0.0008000000000000021,-0.0109,0.0043,-0.029900000000000003,0.004199999999999995,0.0312,0.030700000000000012,0.0329,0.032600000000000004,0.037899999999999996,0.037999999999999985,0.03639999999999999,0.035899999999999974,0.029699999999999994,0.029500000000000002,0.032100000000000004,0.032
2024-05-31,0.0341,0.011399999999999997,0.0521,0.0116,0.033,0.010000000000000002,0.0516,0.0102,0.029500000000000002,0.005700000000000004,0.0501,0.0058,0.039900000000000005,0.004700000000000003,0.077,0.004900000000000002,0.0086,0.0024000000000000002,0.017,0.002400000000000001,0.025099999999999997,0.006399999999999996,0.041100000000000005,0.006400000000000003,0.030799999999999998,0.030900000000000004,0.0328,0.033,0.0393,0.03949999999999999,0.035199999999999995,0.03509999999999998,0.029799999999999993,0.029700000000000004,0.032,0.032100000000000004
2024-06-30,-0.027999999999999997,0.002100000000000001,-0.0354,0.0020999999999999977,-0.0223,0.0023,-0.0297,0.002199999999999997,-0.0040999999999999995,0.002700000000000001,-0.0111,0.0027999999999999987,-0.0004,0.0007000000000000001,-0.0084,0.000700000000000001,0.0076,0.0015999999999999999,-0.0068000000000000005,0.001599999999999999,-0.0101,0.002,-0.0195,0.0019999999999999983,0.0306,0.030700000000000005,0.032700000000000014,0.03280000000000001,0.039400000000000004,0.03959999999999999,0.034899999999999994,0.03469999999999998,0.02959999999999999,0.029600000000000008,0.0317,0.03170000000000001
2024-07-31,0.0067,0.0014000000000000002,0.0179,0.0015000000000000013,0.0115,0.0011999999999999997,0.023700000000000002,0.0012000000000000031,0.0264,0.0005000000000000004,0.042199999999999994,0.0005999999999999964,0.0040999999999999995,0.0008999999999999993,-0.0014000000000000002,0.0008999999999999998,0.0049,0.0003999999999999993,0.049400000000000006,0.00030000000000000165,0.013000000000000001,0.0010000000000000009,0.032,0.0010000000000000009,0.030699999999999998,0.030900000000000004,0.03260000000000001,0.032700000000000014,0.038700000000000005,0.038999999999999986,0.034899999999999994,0.03469999999999998,0.029599999999999987,0.029500000000000005,0.0317,0.03170000000000001
2024-08-31,0.0148,0.0006000000000000016,0.0383,0.0006000000000000033,0.0118,0.0020999999999999994,0.0348,0.0020999999999999977,0.0024,0.006499999999999999,0.024,0.006700000000000001,0.003,0.0018000000000000002,0.0334,0.001899999999999999,-0.0125,0.0023,0.013000000000000001,0.002400000000000001,0.0033,0.0021999999999999997,0.0279,0.002200000000000004,0.0307,0.030900000000000004,0.032400000000000005,0.0325,0.037200000000000004,0.03779999999999999,0.0341,0.03409999999999998,0.02919999999999999,0.029200000000000004,0.0314,0.03140000000000001
2024-09-30,0.006999999999999999,0.000599999999999999,0.014199999999999999,0.0005999999999999981,0.0032,0.0009000000000000002,0.013000000000000001,0.0008000000000000021,-0.009000000000000001,0.0014999999999999996,0.0092,0.0015999999999999999,-0.0217,0.0010000000000000009,-0.0129,0.0009999999999999992,0.0092,0.0085,0.0265,0.0086,0.005699999999999999,0.003499999999999999,0.016399999999999998,0.0035999999999999973,0.030600000000000002,0.030799999999999994,0.032400000000000005,0.0324,0.0372,0.03789999999999999,0.0337,0.03369999999999998,0.029799999999999993,0.030000000000000006,0.0315,0.03160000000000002
2024-10-31,-0.0348,0.0010000000000000009,-0.056299999999999996,0.0010000000000000078,-0.0296,0.0010000000000000009,-0.054299999999999994,0.0010000000000000078,-0.0132,0.0011000000000000003,-0.0479,0.0011000000000000038,-0.0319,0.0024000000000000063,-0.0664,0.0022000000000000075,0.0044,0.00020000000000000052,-0.0434,0.00030000000000000165,-0.0146,0.0008999999999999998,-0.0478,0.000899999999999998,0.03110000000000001,0.031200000000000012,0.0327,0.03270000000000002,0.03730000000000001,0.037999999999999985,0.034300000000000004,0.03419999999999998,0.029599999999999994,0.030000000000000006,0.031599999999999996,0.03170000000000001
2024-11-30,-0.002,0.0012000000000000001,-0.028300000000000002,0.0011999999999999997,0.0045000000000000005,0.0017000000000000001,-0.0187,0.0017000000000000001,0.025,0.003700000000000002,0.0115,0.0034999999999999996,-0.0051,0.0023999999999999994,-0.027200000000000002,0.0023999999999999994,0.0033,0.0014,0.0105,0.0013000000000000008,0.009300000000000001,0.001700000000000001,-0.0015,0.0017000000000000001,0.031100000000000003,0.031200000000000006,0.0324,0.0324,0.03660000000000001,0.037,0.033900000000000007,0.03359999999999999,0.029499999999999985,0.029800000000000007,0.031299999999999994,0.0314
2024-12-31,0.012,0.0014000000000000002,-0.0108,0.001299999999999999,0.0053,0.0012000000000000005,-0.0161,0.0011999999999999997,-0.0147,0.001100000000000002,-0.0321,0.0011000000000000038,-0.037200000000000004,0.0010999999999999968,-0.056100000000000004,0.0010999999999999968,0.0232,0.0014999999999999979,-0.020499999999999997,0.0015000000000000048,0.0049,0.0015999999999999999,-0.0239,0.0014999999999999979,0.0316,0.031700000000000006,0.0327,0.032600000000000004,0.036300000000000006,0.03660000000000001,0.034600000000000006,0.034300000000000004,0.029399999999999978,0.02960000000000001,0.031599999999999996,0.03149999999999999
2025-01-31,0.0682,0.0010000000000000009,0.0677,0.000899999999999998,0.06709999999999999,0.000899999999999998,0.0644,0.000899999999999998,0.0638,0.000899999999999998,0.0538,0.000899999999999998,0.0512,0.00030000000000000165,0.0506,0.0004000000000000045,0.006999999999999999,9.99999999999994e-05,0.0166,9.99999999999994e-05,0.0421,0.0008000000000000021,0.0431,0.0007999999999999952,0.0318,0.031799999999999995,0.032799999999999996,0.03270000000000001,0.036300000000000006,0.03660000000000001,0.03470000000000001,0.03450000000000001,0.02929999999999999,0.029500000000000012,0.03169999999999999,0.03159999999999999
2025-02-28,0.0288,0.0005999999999999998,0.0317,0.0006999999999999992,0.0232,0.001299999999999999,0.0288,0.001299999999999999,0.005,0.0034000000000000002,0.0196,0.0033999999999999968,0.0215,0.0014999999999999979,0.0381,0.0015000000000000013,-0.0268,0.0015999999999999973,-0.0069,0.0016000000000000007,0.0040999999999999995,0.0013999999999999993,0.015,0.0013999999999999985,0.0318,0.031799999999999995,0.0327,0.03260000000000001,0.036000000000000004,0.0363,0.034300000000000004,0.03420000000000001,0.02939999999999999,0.02960000000000001,0.031599999999999996,0.031499999999999986
2025-03-31,-0.0294,0.0026000000000000016,0.0079,0.0026000000000000007,-0.0294,0.003199999999999998,0.0055000000000000005,0.0033000000000000004,-0.029300000000000003,0.005099999999999997,-0.0026,0.005200000000000001,-0.0785,0.009600000000000011,-0.0225,0.010099999999999998,-0.0036,0.0093,0.0009,0.0093,-0.0239,0.0057,-0.0006,0.0058000000000000005,0.031700000000000006,0.0318,0.0325,0.03250000000000001,0.0354,0.0358,0.03270000000000002,0.03320000000000001,0.03,0.03020000000000001,0.0315,0.031499999999999986
2025-04-30,-0.001,0.0068000000000000005,0.049800000000000004,0.007200000000000005,-0.0004,0.0062,0.0462,0.006600000000000002,0.0018,0.004,0.0338,0.004199999999999995,-0.0063,0.009600000000000001,0.030600000000000002,0.010000000000000002,0.0098,0.0008999999999999998,0.049,0.0010000000000000009,0.0029,0.004399999999999999,0.045700000000000005,0.0046,0.030700000000000005,0.03130000000000001,0.031999999999999994,0.03250000000000001,0.0362,0.036899999999999995,0.03600000000000002,0.03710000000000001,0.030199999999999994,0.03040000000000001,0.031599999999999996,0.03189999999999999
2025-05-31,0.049400000000000006,0.012800000000000006,0.052300000000000006,0.012900000000000009,0.0487,0.011200000000000002,0.053200000000000004,0.011200000000000002,0.0461,0.005500000000000005,0.056299999999999996,0.005599999999999994,0.0395,0.004700000000000003,0.0473,0.004799999999999999,0.048600000000000004,0.0025000000000000022,0.0447,0.0025000000000000022,0.048499999999999995,0.006899999999999996,0.051,0.006999999999999992,0.03210000000000001,0.03260000000000002,0.03319999999999999,0.03350000000000001,0.036000000000000004,0.03669999999999999,0.03600000000000002,0.037000000000000005,0.030299999999999997,0.030500000000000013,0.0321,0.03249999999999998
2025-06-30,-0.0091,0.002,0.028999999999999998,0.0020999999999999977,-0.0037,0.001999999999999999,0.0305,0.0019999999999999983,0.014499999999999999,0.0019999999999999983,0.035699999999999996,0.001999999999999995,0.0115,0.0004999999999999987,0.0348,0.0005999999999999964,0.0227,0.0019000000000000024,0.0281,0.001899999999999999,0.0103,0.0019000000000000006,0.032400000000000005,0.0020000000000000052,0.032000000000000015,0.03260000000000002,0.0329,0.03330000000000001,0.0353,0.03589999999999999,0.03580000000000002,0.0369,0.0306,0.03080000000000001,0.032,0.03249999999999999
2025-07-31,0.0089,0.0011999999999999997,-0.021400000000000002,0.001299999999999999,0.014199999999999999,0.001199999999999998,-0.0183,0.0011000000000000003,0.0317,0.0008000000000000021,-0.0077,0.0008000000000000004,-0.0218,0.0006000000000000033,-0.053,0.0006000000000000033,0.0333,0.00030000000000000165,-0.0038,0.0002999999999999995,0.0175,0.0009000000000000015,-0.0146,0.0008999999999999998,0.03180000000000001,0.03240000000000001,0.0329,0.03320000000000001,0.0356,0.03609999999999999,0.035500000000000025,0.03660000000000001,0.0305,0.030800000000000008,0.0319,0.03239999999999999
2025-08-31,0.0086,0.0004999999999999987,0.0321,0.0004999999999999935,0.0092,0.0017999999999999995,0.032400000000000005,0.001800000000000003,0.011000000000000001,0.005900000000000001,0.0334,0.005999999999999998,0.0179,0.001899999999999999,0.0487,0.0020000000000000018,0.041299999999999996,0.0023999999999999924,0.0636,0.0023999999999999994,0.023700000000000002,0.0019000000000000024,0.0458,0.0020000000000000018,0.031700000000000006,0.03230000000000001,0.0326,0.03290000000000001,0.035,0.03539999999999999,0.03560000000000002,0.03670000000000001,0.030599999999999995,0.030800000000000008,0.0316,0.032199999999999986
2025-09-30,0.014199999999999999,0.0005999999999999981,0.0175,0.0006000000000000033,0.0158,0.0008000000000000021,0.0174,0.0006999999999999992,0.0208,0.000899999999999998,0.0169,0.000899999999999998,-0.0004,0.0007999999999999999,0.0040999999999999995,0.0007999999999999995,0.0195,0.008,0.0169,0.007899999999999997,0.0196,0.003300000000000001,0.0187,0.0034000000000000002,0.031700000000000006,0.03230000000000001,0.0325,0.03280000000000001,0.0344,0.03469999999999998,0.035400000000000015,0.03650000000000001,0.030099999999999995,0.030100000000000002,0.031400000000000004,0.03199999999999999
2025-10-31,0.02,0.0009000000000000015,0.0039000000000000003,0.0008000000000000004,0.0252,0.0010000000000000009,0.0076,0.001,0.042699999999999995,0.0017000000000000001,0.019799999999999998,0.0016999999999999967,0.022099999999999998,0.0020999999999999977,0.0101,0.0020999999999999994,0.0421,0.00019999999999999185,0.011699999999999999,0.0002999999999999999,0.028900000000000002,0.000900000000000005,0.0092,0.0010000000000000009,0.0316,0.032100000000000004,0.0325,0.0328,0.035,0.03529999999999998,0.035100000000000006,0.0364,0.030099999999999984,0.030100000000000002,0.03140000000000001,0.03209999999999999
2025-11-30,0.0098,0.0014999999999999996,0.013999999999999999,0.0013999999999999985,0.0072,0.0018999999999999998,0.0118,0.0017999999999999995,-0.0016,0.0031999999999999997,0.0046,0.0031999999999999997,-0.0025,0.0016999999999999997,0.0011,0.0017000000000000001,0.006500000000000001,0.0013000000000000008,-0.0025,0.0013,0.009399999999999999,0.0015999999999999981,0.009300000000000001,0.001700000000000001,0.031900000000000005,0.0323,0.03269999999999999,0.0329,0.0345,0.034999999999999976,0.03440000000000001,0.0357,0.029999999999999985,0.030100000000000002,0.03130000000000001,0.03209999999999999
2025-12-31,0.0239,0.0009000000000000015,0.037599999999999995,0.000899999999999998,0.0226,0.001299999999999999,0.0374,0.0013000000000000025,0.0181,0.0026000000000000016,0.0369,0.002599999999999998,0.0319,0.0002999999999999947,0.0508,0.0003999999999999976,0.009000000000000001,0.001400000000000001,0.0104,0.0013999999999999985,0.0182,0.0015000000000000013,0.0296,0.0015000000000000013,0.03140000000000001,0.031900000000000005,0.032799999999999996,0.033,0.036,0.03649999999999997,0.033600000000000005,0.035,0.02989999999999999,0.029999999999999995,0.031200000000000006,0.0321
