Date,spy_ret,vol_index,yield_slope,nfci
2015-01-09,-0.008439322147078876,17.549999237060547,1.39,-0.549
2015-01-12,-0.00812661684347038,19.600000381469727,1.36,-0.549
2015-01-13,-0.002581885435816389,20.559999465942383,1.37,-0.549
2015-01-14,-0.005830028967975132,21.479999542236328,1.35,-0.549
2015-01-15,-0.00929090300456803,22.389999389648438,1.33,-0.549
2015-01-16,0.013334893186267571,20.950000762939453,1.34,-0.531
2015-01-20,0.0015487524334005798,19.889999389648438,1.29,-0.531
2015-01-21,0.0047204650221894795,18.850000381469727,1.34,-0.531
2015-01-22,0.015154313070629755,16.399999618530273,1.37,-0.531
2015-01-23,-0.0055066562793015805,16.65999984741211,1.29,-0.516
2015-01-26,0.0025651679986227194,15.520000457763672,1.29,-0.516
2015-01-27,-0.01347828781585747,17.219999313354492,1.29,-0.516
2015-01-28,-0.013587502811021501,20.440000534057617,1.23,-0.516
2015-01-29,0.009489517058263175,18.760000228881836,1.26,-0.516
2015-01-30,-0.013077099006318704,20.969999313354492,1.21,-0.508
2015-02-02,0.012879170000215545,19.43000030517578,1.19,-0.508
2015-02-03,0.014336238577453031,17.329999923706055,1.27,-0.508
2015-02-04,-0.004164706572452381,18.329999923706055,1.29,-0.508
2015-02-05,0.010238810710909263,16.850000381469727,1.31,-0.508
2015-02-06,-0.003424027611878877,17.290000915527344,1.3,-0.506
2015-02-09,-0.004256239310481469,18.549999237060547,1.31,-0.506
2015-02-10,0.01061897955406188,17.229999542236328,1.34,-0.506
2015-02-11,-2.9034010157857892e-05,16.959999084472656,1.33,-0.506
2015-02-12,0.00959829506591614,15.34000015258789,1.38,-0.506
2015-02-13,0.004066459227779262,14.6899995803833,1.36,-0.508
2015-02-17,0.0015962996977982868,15.800000190734863,1.44,-0.508
2015-02-18,-0.00031435862322926056,15.449999809265137,1.45,-0.508
2015-02-19,-0.0010626217157181372,15.289999961853027,1.44,-0.508
2015-02-20,0.00610784272105569,14.300000190734863,1.46,-0.514
2015-02-23,-0.0003033852119855851,14.5600004196167,1.42,-0.514
2015-02-24,0.0027549724688311628,13.6899995803833,1.39,-0.514
2015-02-25,-0.0007660169636025671,13.84000015258789,1.35,-0.514
2015-02-26,-0.0014771186302544592,13.90999984741211,1.37,-0.514
2015-02-27,-0.0029606830486317293,13.34000015258789,1.37,-0.522
2015-03-02,0.0061062381811325395,13.039999961853027,1.42,-0.522
2015-03-03,-0.004548872603817422,13.859999656677246,1.44,-0.522
2015-03-04,-0.004398161230154685,14.229999542236328,1.46,-0.522
2015-03-05,0.0011953652510365842,14.039999961853027,1.46,-0.522
2015-03-06,-0.014275356362467129,15.199999809265137,1.51,-0.531
2015-03-09,0.003936662357975962,15.0600004196167,1.5,-0.531
2015-03-10,-0.017106820937141443,16.690000534057617,1.44,-0.531
2015-03-11,-0.0019195206764850425,16.8700008392334,1.41,-0.531
2015-03-12,0.012522702206037017,15.420000076293945,1.43,-0.531
2015-03-13,-0.0060932370901962685,16.0,1.45,-0.537
2015-03-16,0.013442909023855698,15.609999656677246,1.44,-0.537
2015-03-17,-0.00332569770778246,15.65999984741211,1.36,-0.537
2015-03-18,0.012085101501629225,13.970000267028809,1.36,-0.537
2015-03-19,-0.0048844891269501645,14.069999694824219,1.35,-0.537
2015-03-20,0.008972382193259243,13.020000457763672,1.33,-0.542
2015-03-23,-0.0017472566067135986,13.40999984741211,1.32,-0.542
2015-03-24,-0.006158345701591017,13.619999885559082,1.3,-0.542
2015-03-25,-0.01466592652723886,15.4399995803833,1.34,-0.542
2015-03-26,-0.0023803307374734572,15.800000190734863,1.4,-0.542
2015-03-27,0.002365760729503563,15.069999694824219,1.37,-0.546
2015-03-30,0.012162382647149528,14.510000228881836,1.38,-0.546
2015-03-31,-0.00883468621753103,15.289999961853027,1.38,-0.546
2015-04-01,-0.003973254201847354,15.109999656677246,1.32,-0.546
2015-04-02,0.003523452303713981,14.670000076293945,1.37,-0.546
2015-04-06,0.006587072647165293,14.739999771118164,1.41,-0.549
2015-04-07,-0.0020640327085867938,14.779999732971191,1.37,-0.549
2015-04-08,0.0026789415573471587,13.979999542236328,1.38,-0.549
2015-04-09,0.004447575873625986,13.09000015258789,1.41,-0.549
2015-04-10,0.0051893768994561995,12.579999923706055,1.39,-0.551
2015-04-13,-0.004591806820961608,13.9399995803833,1.4,-0.551
2015-04-14,0.0016284322585136124,13.670000076293945,1.37,-0.551
2015-04-15,0.005134989044996097,12.84000015258789,1.4,-0.551
2015-04-16,-0.0007787467579856155,12.600000381469727,1.4,-0.551
2015-04-17,-0.011375704189052982,13.890000343322754,1.36,-0.554
2015-04-20,0.009192748586536403,13.300000190734863,1.35,-0.554
2015-04-21,-0.0014817025047682009,13.25,1.37,-0.554
2015-04-22,0.005074582853386467,12.710000038146973,1.42,-0.554
2015-04-23,0.002354940842552722,12.479999542236328,1.41,-0.554
2015-04-24,0.0022502668247534885,12.289999961853027,1.39,-0.555
2015-04-27,-0.0041499132407345485,13.119999885559082,1.4,-0.555
2015-04-28,0.002765404437345964,12.40999984741211,1.44,-0.555
2015-04-29,-0.003747348127572714,13.390000343322754,1.5,-0.555
2015-04-30,-0.010180553033248607,14.550000190734863,1.47,-0.555
2015-05-01,0.01086377656345583,12.699999809265137,1.52,-0.557
2015-05-04,0.00293643314776304,12.850000381469727,1.56,-0.557
2015-05-05,-0.011908003358530372,14.3100004196167,1.57,-0.557
2015-05-06,-0.004465681140931821,15.149999618530273,1.6,-0.557
2015-05-07,0.0037667104694749654,15.130000114440918,1.55,-0.557
2015-05-08,0.013368147987361745,12.859999656677246,1.57,-0.557
2015-05-11,-0.005102556456082041,13.850000381469727,1.66,-0.557
2015-05-12,-0.0029539964393672236,13.859999656677246,1.67,-0.557
2015-05-13,-0.0003050012906520294,13.760000228881836,1.68,-0.557
2015-05-14,0.010721604261759943,12.739999771118164,1.67,-0.557
2015-05-15,0.0007681188278665374,12.380000114440918,1.59,-0.556
2015-05-18,0.003043312472570392,12.729999542236328,1.65,-0.556
2015-05-19,-0.0006435815978420578,12.850000381469727,1.64,-0.556
2015-05-20,-0.0009309494507938609,12.880000114440918,1.66,-0.556
2015-05-21,0.002335145908745062,12.109999656677246,1.59,-0.556
2015-05-22,-0.002236385149483766,12.130000114440918,1.57,-0.556
2015-05-26,-0.01033520490750206,14.0600004196167,1.5,-0.556
2015-05-27,0.009120918929109934,13.270000457763672,1.5,-0.556
2015-05-28,-0.00126756391748728,13.3100004196167,1.51,-0.556
2015-05-29,-0.0063385151840975595,13.84000015258789,1.51,-0.555
2015-06-01,0.002057343499147102,13.970000267028809,1.55,-0.555
2015-06-02,-0.001009105165347357,14.239999771118164,1.63,-0.555
2015-06-03,0.0021166294697554378,13.65999984741211,1.69,-0.555
2015-06-04,-0.00866056221510103,14.710000038146973,1.65,-0.555
2015-06-05,-0.001437215232732214,14.210000038146973,1.68,-0.554
2015-06-08,-0.006495560338305673,15.289999961853027,1.69,-0.554
2015-06-09,0.000418265519003036,14.470000267028809,1.7,-0.554
2015-06-10,0.011970491752514079,13.220000267028809,1.75,-0.554
2015-06-11,0.001737116756528323,12.850000381469727,1.66,-0.554
2015-06-12,-0.007018874653102358,13.779999732971191,1.65,-0.553
2015-06-15,-0.004633289621772008,15.390000343322754,1.64,-0.553
2015-06-16,0.005673730515754372,14.8100004196167,1.61,-0.553
2015-06-17,0.0019776843950722878,14.5,1.65,-0.553
2015-06-18,0.009854000054009049,13.1899995803833,1.69,-0.553
2015-06-19,-0.005317615237949269,13.960000038146973,1.61,-0.551
2015-06-22,0.006076367981542319,12.739999771118164,1.69,-0.551
2015-06-23,0.0006356664251931932,12.109999656677246,1.72,-0.551
2015-06-24,-0.007380465718305196,13.260000228881836,1.7,-0.551
2015-06-25,-0.0029780041565965476,14.010000228881836,1.72,-0.551
2015-06-26,-0.00039015574492218263,14.020000457763672,1.77,-0.548
2015-06-29,-0.021086969508611553,18.850000381469727,1.69,-0.548
2015-06-30,0.002654962352467649,18.229999542236328,1.71,-0.548
2015-07-01,0.006912096434636972,16.09000015258789,1.74,-0.548
2015-07-02,-0.00030807018954703835,16.790000915527344,1.76,-0.548
2015-07-06,-0.0038692326988973846,17.010000228881836,1.7,-0.545
2015-07-07,0.006062560593869115,16.09000015258789,1.69,-0.545
2015-07-08,-0.016792964912141883,19.65999984741211,1.67,-0.545
2015-07-09,0.0022596476448200065,19.969999313354492,1.72,-0.545
2015-07-10,0.012262986385008112,16.829999923706055,1.77,-0.54
2015-07-13,0.011005268507354948,13.899999618530273,1.75,-0.54
2015-07-14,0.004443273236500289,13.369999885559082,1.75,-0.54
2015-07-15,-0.0007352563007367863,13.229999542236328,1.72,-0.54
2015-07-16,0.007982733444475087,12.109999656677246,1.69,-0.54
2015-07-17,0.0011055716244507963,11.949999809265137,1.66,-0.535
2015-07-20,0.000770936624001628,12.25,1.67,-0.535
2015-07-21,-0.004270796242723307,12.220000267028809,1.64,-0.535
2015-07-22,-0.002390565020189861,12.119999885559082,1.58,-0.535
2015-07-23,-0.005692210211379667,12.640000343322754,1.57,-0.535
2015-07-24,-0.01076102069666085,13.739999771118164,1.57,-0.529
2015-07-27,-0.00579175506506413,15.600000381469727,1.55,-0.529
2015-07-28,0.01231007380188931,13.4399995803833,1.57,-0.529
2015-07-29,0.007292142927383338,12.5,1.59,-0.529
2015-07-30,2.836690402219233e-05,12.130000114440918,1.56,-0.529
2015-07-31,-0.002274103801051197,12.119999885559082,1.53,-0.518
2015-08-03,-0.0027606939449054124,12.5600004196167,1.48,-0.518
2015-08-04,-0.0022522391669328456,13.0,1.49,-0.518
2015-08-05,0.003109838185491043,12.510000228881836,1.55,-0.518
2015-08-06,-0.007783195922561603,13.770000457763672,1.52,-0.518
2015-08-07,-0.0028790228563382314,13.390000343322754,1.45,-0.502
2015-08-10,0.01272683563202559,12.229999542236328,1.51,-0.502
2015-08-11,-0.00960306468018235,13.710000038146973,1.47,-0.502
2015-08-12,0.0009496036382143913,13.609999656677246,1.47,-0.502
2015-08-13,-0.0012760258683810477,13.489999771118164,1.47,-0.502
2015-08-14,0.00390433227435949,12.829999923706055,1.47,-0.481
2015-08-17,0.005197891709402214,13.020000457763672,1.44,-0.481
2015-08-18,-0.002628982935632962,13.789999961853027,1.46,-0.481
2015-08-19,-0.008289136409596942,15.25,1.45,-0.481
2015-08-20,-0.021325960454146475,19.139999389648438,1.4,-0.481
2015-08-21,-0.03236924252187823,28.030000686645508,1.41,-0.458
2015-08-24,-0.04021144434651891,40.7400016784668,1.42,-0.458
2015-08-25,-0.013614249742656348,36.02000045776367,1.45,-0.458
2015-08-26,0.038291299434532355,30.31999969482422,1.51,-0.458
2015-08-27,0.024007254489689878,26.100000381469727,1.5,-0.458
2015-08-28,0.0006085511568763025,26.049999237060547,1.47,-0.433
2015-08-31,-0.008427078663983956,28.43000030517578,1.47,-0.433
2015-09-01,-0.030022649842428528,31.399999618530273,1.47,-0.433
2015-09-02,0.018127671423214586,26.09000015258789,1.48,-0.433
2015-09-03,0.0011641156994190993,25.610000610351562,1.47,-0.433
2015-09-04,-0.015448308754276496,27.799999237060547,1.42,-0.412
2015-09-08,0.024773637197038845,24.899999618530273,1.46,-0.412
2015-09-09,-0.013995035769085007,26.229999542236328,1.46,-0.412
2015-09-10,0.005264075444936012,24.3700008392334,1.48,-0.412
2015-09-11,0.004477006444986387,23.200000762939453,1.49,-0.397
2015-09-14,-0.0040980412230444685,24.25,1.45,-0.397
2015-09-15,0.012749687631433027,22.540000915527344,1.46,-0.397
2015-09-16,0.008667740715376127,21.350000381469727,1.48,-0.397
2015-09-17,-0.0025643444425602624,21.139999389648438,1.51,-0.397
2015-09-18,-0.01629623095438415,22.280000686645508,1.44,-0.391
2015-09-21,0.004555392033672945,20.139999389648438,1.48,-0.391
2015-09-22,-0.012394930019378414,22.440000534057617,1.45,-0.391
2015-09-23,-0.002050744229593171,22.1299991607666,1.46,-0.391
2015-09-24,-0.0033686518713071933,23.469999313354492,1.46,-0.391
2015-09-25,-0.00046590180122052516,23.6200008392334,1.47,-0.391
2015-09-28,-0.026001211162808957,27.6299991607666,1.43,-0.391
2015-09-29,0.0012320939129821795,26.829999923706055,1.41,-0.391
2015-09-30,0.018895898603564554,24.5,1.42,-0.391
2015-10-01,0.0019719386783378923,22.549999237060547,1.41,-0.391
2015-10-02,0.01421379301640524,20.940000534057617,1.41,-0.397
2015-10-05,0.018124593518502152,19.540000915527344,1.46,-0.397
2015-10-06,-0.003594689344143198,19.399999618530273,1.44,-0.397
2015-10-07,0.008003519857552988,18.399999618530273,1.43,-0.397
2015-10-08,0.00877978014455838,17.420000076293945,1.47,-0.397
2015-10-09,0.0007248485605151345,17.079999923706055,1.47,-0.407
2015-10-13,-0.0068488236901274036,17.670000076293945,1.42,-0.407
2015-10-14,-0.004727430911938946,18.030000686645508,1.42,-0.407
2015-10-15,0.014743551351354967,16.049999237060547,1.43,-0.407
2015-10-16,0.004560061373696911,15.050000190734863,1.43,-0.424
2015-10-19,0.00027050894387325997,14.979999542236328,1.43,-0.424
2015-10-20,-0.0014221010558941316,15.75,1.42,-0.424
2015-10-21,-0.005842448911133502,16.700000762939453,1.4,-0.424
2015-10-22,0.016490847012593512,14.449999809265137,1.43,-0.424
2015-10-23,0.010969953969042656,14.460000038146973,1.43,-0.44
2015-10-26,-0.0019149330010996835,15.289999961853027,1.41,-0.44
2015-10-27,-0.0025573858650878023,15.430000305175781,1.4,-0.44
2015-10-28,0.011770488488143549,14.329999923706055,1.37,-0.44
2015-10-29,-0.0004498753806609912,14.609999656677246,1.44,-0.44
2015-10-30,-0.004821481688424889,15.069999694824219,1.41,-0.454
2015-11-02,0.011803876338814412,14.149999618530273,1.43,-0.454
2015-11-03,0.0027243529250675635,14.539999961853027,1.43,-0.454
2015-11-04,-0.003551666939647369,15.510000228881836,1.41,-0.454
2015-11-05,-0.0011327897564985534,15.050000190734863,1.41,-0.454
2015-11-06,-0.00034768178002320127,14.329999923706055,1.44,-0.465
2015-11-09,-0.009871290656502829,16.520000457763672,1.47,-0.465
2015-11-10,0.0015094551534495793,15.289999961853027,1.45,-0.465
2015-11-12,-0.01408916333663246,18.3700008392334,1.43,-0.465
2015-11-13,-0.011270640432154977,20.079999923706055,1.42,-0.469
2015-11-16,0.014793302794234187,18.15999984741211,1.39,-0.469
2015-11-17,-0.0013402770182464607,18.84000015258789,1.39,-0.469
2015-11-18,0.016033229877171706,16.850000381469727,1.37,-0.469
2015-11-19,-0.001123740328979217,16.989999771118164,1.33,-0.469
2015-11-20,0.0038029552801495115,15.470000267028809,1.33,-0.464
2015-11-23,-0.0012356238416844079,15.619999885559082,1.31,-0.464
2015-11-24,0.0012212499449608671,15.930000305175781,1.31,-0.464
2015-11-25,-0.00012914061496704932,15.1899995803833,1.3,-0.464
2015-11-27,0.0005934415594808229,15.119999885559082,1.3,-0.454
2015-11-30,-0.004651800139618523,16.1299991607666,1.27,-0.454
2015-12-01,0.010623938946739742,14.670000076293945,1.24,-0.454
2015-12-02,-0.01105659263944947,15.90999984741211,1.24,-0.454
2015-12-03,-0.014477826444149855,18.110000610351562,1.37,-0.454
2015-12-04,0.020317856363851305,14.8100004196167,1.32,-0.439
2015-12-07,-0.007014043960397842,15.84000015258789,1.29,-0.439
2015-12-08,-0.00651105262559426,17.600000381469727,1.3,-0.439
2015-12-09,-0.0077690863656929565,19.610000610351562,1.29,-0.439
2015-12-10,0.002248856578594527,19.34000015258789,1.29,-0.439
2015-12-11,-0.019613867755815306,24.389999389648438,1.25,-0.419
2015-12-14,0.004744288064068236,22.729999542236328,1.26,-0.419
2015-12-15,0.010562580105914599,20.950000762939453,1.3,-0.419
2015-12-16,0.014410635650770942,17.860000610351562,1.28,-0.419
2015-12-17,-0.015154776635876388,18.940000534057617,1.24,-0.419
2015-12-18,-0.017957495007106417,20.700000762939453,1.22,-0.395
2015-12-21,0.007748306727155985,18.700000762939453,1.24,-0.395
2015-12-22,0.008778095591568835,16.600000381469727,1.25,-0.395
2015-12-23,0.012341596527553733,15.569999694824219,1.26,-0.395
2015-12-24,-0.0015999154038626173,15.739999771118164,1.22,-0.395
2015-12-28,-0.0021809364563063482,16.90999984741211,1.19,-0.372
2015-12-29,0.01057366417302319,16.079999923706055,1.23,-0.372
2015-12-30,-0.007243398783778332,17.290000915527344,1.23,-0.372
2015-12-31,-0.009456485041468454,18.209999084472656,1.21,-0.372
2016-01-04,-0.015422041797806152,20.700000762939453,1.22,-0.349
2016-01-05,0.002010204139359928,19.34000015258789,1.21,-0.349
2016-01-06,-0.013202163002625333,20.59000015258789,1.19,-0.349
2016-01-07,-0.02398581651934517,24.989999771118164,1.2,-0.349
2016-01-08,-0.01089753744584776,27.010000228881836,1.19,-0.329
2016-01-11,0.0008529082958226297,24.299999237060547,1.23,-0.329
2016-01-12,0.007772514117774243,22.469999313354492,1.19,-0.329
2016-01-13,-0.02528237507790898,25.219999313354492,1.17,-0.329
2016-01-14,0.0165580609343845,23.950000762939453,1.2,-0.329
2016-01-15,-0.021835772698162614,27.020000457763672,1.18,-0.312
2016-01-19,0.0005316801874286625,26.049999237060547,1.18,-0.312
2016-01-20,-0.011762766025898763,27.59000015258789,1.16,-0.312
2016-01-21,0.005181988635948542,26.690000534057617,1.18,-0.312
2016-01-22,0.020080726882213185,22.34000015258789,1.19,-0.296
2016-01-25,-0.015761545172821023,24.149999618530273,1.15,-0.296
2016-01-26,0.014045237830368151,22.5,1.16,-0.296
2016-01-27,-0.01092292230052827,23.110000610351562,1.18,-0.296
2016-01-28,0.005513350717590626,22.420000076293945,1.17,-0.296
2016-01-29,0.02445865099455702,20.200000762939453,1.18,-0.284
2016-02-01,-0.00044333484554215374,19.979999542236328,1.16,-0.284
2016-02-02,-0.018920968718231457,21.979999542236328,1.12,-0.284
2016-02-03,0.004979620021574149,21.649999618530273,1.16,-0.284
2016-02-04,0.0015255682925232605,21.84000015258789,1.17,-0.284
2016-02-05,-0.01865415827635175,23.3799991607666,1.12,-0.276
2016-02-08,-0.014255057923056924,26.0,1.09,-0.276
2016-02-09,-0.0006638406467605051,26.540000915527344,1.05,-0.276
2016-02-10,-0.0001889681307609692,26.290000915527344,1.0,-0.276
2016-02-11,-0.012377447329256164,28.139999389648438,0.99,-0.276
2016-02-12,0.019330015207046358,25.399999618530273,1.03,-0.272
2016-02-16,0.01638173774168461,24.110000610351562,1.04,-0.272
2016-02-17,0.016346110625641508,22.309999465942383,1.07,-0.272
2016-02-18,-0.004676632123934432,21.639999389648438,1.04,-0.272
2016-02-19,-2.603328180228459e-05,20.530000686645508,1.0,-0.272
2016-02-22,0.014350731099076697,19.3799991607666,0.99,-0.272
2016-02-23,-0.012532577570788739,20.979999542236328,0.98,-0.272
2016-02-24,0.004429960034632252,20.719999313354492,1.0,-0.272
2016-02-25,0.011284366730450301,19.110000610351562,0.99,-0.272
2016-02-26,-0.001871865329564848,19.809999465942383,0.96,-0.283
2016-02-29,-0.008154131091571593,20.549999237060547,0.96,-0.283
2016-03-01,0.023588385401619227,17.700000762939453,0.98,-0.283
2016-03-02,0.004085949861101668,17.09000015258789,0.99,-0.283
2016-03-03,0.0034926343203167676,16.700000762939453,0.98,-0.283
2016-03-04,0.003300439865942195,16.860000610351562,1.0,-0.298
2016-03-07,0.0008846228008634327,17.350000381469727,1.0,-0.298
2016-03-08,-0.011303756056006087,18.670000076293945,0.95,-0.298
2016-03-09,0.005039672782814364,18.34000015258789,1.0,-0.298
2016-03-10,0.00015579279712252259,18.049999237060547,1.0,-0.298
2016-03-11,0.016262545588850763,16.5,1.01,-0.318
2016-03-14,-0.001261768616611647,16.920000076293945,1.0,-0.318
2016-03-15,-0.0018386309343174645,16.84000015258789,0.99,-0.318
2016-03-16,0.00558472788177955,14.989999771118164,1.07,-0.318
2016-03-17,0.006573583068596456,14.4399995803833,1.04,-0.318
2016-03-18,0.004395967251025645,14.020000457763672,1.04,-0.337
2016-03-21,0.0009850919042930784,13.789999961853027,1.05,-0.337
2016-03-22,-0.0008777728967723775,14.170000076293945,1.03,-0.337
2016-03-23,-0.00640650953066757,14.9399995803833,1.01,-0.337
2016-03-24,-0.0003781417793762287,14.739999771118164,1.02,-0.337
2016-03-28,0.0005451068880724108,15.239999771118164,1.0,-0.355
2016-03-29,0.008778012054237117,13.819999694824219,1.03,-0.355
2016-03-30,0.004340879993566027,13.5600004196167,1.07,-0.355
2016-03-31,-0.0020418423596204605,13.949999809265137,1.05,-0.355
2016-04-01,0.0063109590665995086,13.100000381469727,1.03,-0.368
2016-04-04,-0.003213480045854311,14.119999885559082,1.03,-0.368
2016-04-05,-0.01019629841179448,15.420000076293945,1.01,-0.368
2016-04-06,0.010452797932012814,14.09000015258789,1.03,-0.368
2016-04-07,-0.01204807397000529,16.15999984741211,1.0,-0.368
2016-04-08,0.0027827026046169934,15.359999656677246,1.02,-0.377
2016-04-11,-0.0027435458896043485,16.260000228881836,1.03,-0.377
2016-04-12,0.009615753881390354,14.850000381469727,1.05,-0.377
2016-04-13,0.00999006976855732,13.84000015258789,1.02,-0.377
2016-04-14,0.0001729124301323992,13.720000267028809,1.03,-0.377
2016-04-15,-0.0009847695761457942,13.619999885559082,1.02,-0.382
2016-04-18,0.006519725613798322,13.350000381469727,1.03,-0.382
2016-04-19,0.0030797379028664196,13.239999771118164,1.02,-0.382
2016-04-20,0.0007612550492348547,13.279999732971191,1.05,-0.382
2016-04-21,-0.005207562857292736,13.949999809265137,1.06,-0.382
2016-04-22,4.785857954114903e-05,13.220000267028809,1.05,-0.385
2016-04-25,-0.0018136896207625597,14.079999923706055,1.06,-0.385
2016-04-26,0.001871000174236137,13.960000038146973,1.08,-0.385
2016-04-27,0.0016479941117468755,13.770000457763672,1.04,-0.385
2016-04-28,-0.009273636061561064,15.220000267028809,1.06,-0.385
2016-04-29,-0.005075949230557875,15.699999809265137,1.06,-0.387
2016-05-02,0.007779606697244645,14.680000305175781,1.08,-0.387
2016-05-03,-0.008714499388395858,15.600000381469727,1.06,-0.387
2016-05-04,-0.0059545827054732214,16.049999237060547,1.04,-0.387
2016-05-05,-0.0002390366927933485,15.90999984741211,1.04,-0.387
2016-05-06,0.00316961055355236,14.720000267028809,1.05,-0.387
2016-05-09,0.0007532133076093572,14.569999694824219,1.05,-0.387
2016-05-10,0.012406365236037331,13.630000114440918,1.05,-0.387
2016-05-11,-0.009607522877868035,14.6899995803833,0.99,-0.387
2016-05-12,-0.00016947926796451185,14.40999984741211,0.99,-0.387
2016-05-13,-0.008514434161752682,15.039999961853027,0.95,-0.384
2016-05-16,0.009748976389612807,14.680000305175781,0.96,-0.384
2016-05-17,-0.009455863552163102,15.569999694824219,0.94,-0.384
2016-05-18,0.00020515768640194665,15.949999809265137,0.97,-0.384
2016-05-19,-0.003713594522721131,16.329999923706055,0.96,-0.384
2016-05-20,0.006001459222805039,15.199999809265137,0.96,-0.381
2016-05-23,-0.002087636568101736,15.819999694824219,0.93,-0.381
2016-05-24,0.013588637533989534,14.420000076293945,0.94,-0.381
2016-05-25,0.0069505296515837145,13.899999618530273,0.95,-0.381
2016-05-26,-0.0002104660499284705,13.430000305175781,0.96,-0.381
2016-05-27,0.004277694939439414,13.119999885559082,0.95,-0.377
2016-05-31,-0.0010057686205895422,14.1899995803833,0.97,-0.377
2016-06-01,0.001134398653926283,14.199999809265137,0.94,-0.377
2016-06-02,0.002820696166986103,13.630000114440918,0.92,-0.377
2016-06-03,-0.0029160622366948274,13.470000267028809,0.93,-0.373
2016-06-06,0.004885328519363519,13.649999618530273,0.93,-0.373
2016-06-07,0.0012886156291971318,14.050000190734863,0.94,-0.373
2016-06-08,0.0033041019719552978,14.079999923706055,0.93,-0.373
2016-06-09,-0.0017192355978936646,14.640000343322754,0.91,-0.373
2016-06-10,-0.009217532410166207,17.030000686645508,0.91,-0.366
2016-06-13,-0.008148298789709685,20.969999313354492,0.89,-0.366
2016-06-14,-0.0018005050719720472,20.5,0.88,-0.366
2016-06-15,-0.0018424090638102797,20.139999389648438,0.91,-0.366
2016-06-16,0.0031280931110462262,19.3700008392334,0.87,-0.366
2016-06-17,-0.003263284144609635,19.40999984741211,0.92,-0.36
2016-06-20,0.005791382778423504,18.3700008392334,0.93,-0.36
2016-06-21,0.0027083906042095762,18.479999542236328,0.95,-0.36
2016-06-22,-0.0016529289965756533,21.170000076293945,0.94,-0.36
2016-06-23,0.013275567071954875,17.25,0.96,-0.36
2016-06-24,-0.036580792805582796,25.760000228881836,0.93,-0.353
2016-06-27,-0.018262246511702607,23.850000381469727,0.85,-0.353
2016-06-28,0.017614121604087707,18.75,0.85,-0.353
2016-06-29,0.016889242971254603,16.639999389648438,0.88,-0.353
2016-06-30,0.01347386314946597,15.630000114440918,0.91,-0.353
2016-07-01,0.0019467062930313972,14.770000457763672,0.87,-0.349
2016-07-05,-0.006871028985598215,15.579999923706055,0.81,-0.349
2016-07-06,0.005338687058276115,14.960000038146973,0.8,-0.349
2016-07-07,-0.0008719578867335542,14.760000228881836,0.82,-0.349
2016-07-08,0.015138186565992306,13.199999809265137,0.76,-0.348
2016-07-11,0.003402819311999039,13.539999961853027,0.77,-0.348
2016-07-12,0.006984842307344863,13.550000190734863,0.84,-0.348
2016-07-13,0.0001347586749824714,13.039999961853027,0.8,-0.348
2016-07-14,0.0052454228016962645,12.819999694824219,0.85,-0.348
2016-07-15,-0.000929379059870783,12.670000076293945,0.89,-0.35
2016-07-18,0.0023794618218691,12.4399995803833,0.91,-0.35
2016-07-19,-0.0014362045004157054,11.970000267028809,0.86,-0.35
2016-07-20,0.004261208315764264,11.770000457763672,0.86,-0.35
2016-07-21,-0.003619069856525492,12.739999771118164,0.87,-0.35
2016-07-22,0.004543626789510036,12.020000457763672,0.86,-0.356
2016-07-25,-0.0030160187399292937,12.869999885559082,0.86,-0.356
2016-07-26,0.000322732160719319,13.050000190734863,0.82,-0.356
2016-07-27,-0.0011992609468087778,12.829999923706055,0.79,-0.356
2016-07-28,0.0016049204480923507,12.720000267028809,0.8,-0.356
2016-07-29,0.0016299801176575812,11.869999885559082,0.79,-0.362
2016-08-01,-0.0012705941474910887,12.4399995803833,0.84,-0.362
2016-08-02,-0.006381940812667075,13.369999885559082,0.88,-0.362
2016-08-03,0.003129042716071062,12.859999656677246,0.88,-0.362
2016-08-04,0.00021254929948888446,12.420000076293945,0.87,-0.362
2016-08-05,0.008566697289380087,11.390000343322754,0.87,-0.367
2016-08-08,-0.0009075772915414504,11.5,0.85,-0.367
2016-08-09,0.00038971798655573764,11.65999984741211,0.84,-0.367
2016-08-10,-0.0028687970634884152,12.050000190734863,0.81,-0.367
2016-08-11,0.004723415102444228,11.680000305175781,0.81,-0.367
2016-08-12,-0.0007963633869145781,11.550000190734863,0.8,-0.37
2016-08-15,0.0027890162945221064,11.8100004196167,0.83,-0.37
2016-08-16,-0.005494142216478259,12.640000343322754,0.81,-0.37
2016-08-17,0.0018668460061554981,12.1899995803833,0.82,-0.37
2016-08-18,0.0021972016963829333,11.430000305175781,0.82,-0.37
2016-08-19,-0.001441309568768645,11.34000015258789,0.82,-0.371
2016-08-22,-0.0005634818833231137,12.270000457763672,0.79,-0.371
2016-08-23,0.0019498671783617638,12.380000114440918,0.81,-0.371
2016-08-24,-0.005254055259671375,13.449999809265137,0.8,-0.371
2016-08-25,-0.0013661603966461655,13.630000114440918,0.8,-0.371
2016-08-26,-0.0015800642387127084,13.649999618530273,0.78,-0.369
2016-08-29,0.005214428428674367,12.9399995803833,0.76,-0.369
2016-08-30,-0.0019555914071229807,13.119999885559082,0.77,-0.369
2016-08-31,-0.002378691105562325,13.420000076293945,0.78,-0.369
2016-09-01,-4.138538941145242e-05,13.479999542236328,0.79,-0.369
2016-09-02,0.004192241599034752,11.979999542236328,0.8,-0.363
2016-09-06,0.002977242370004518,12.020000457763672,0.81,-0.363
2016-09-07,-0.00014639593829279818,11.9399995803833,0.8,-0.363
2016-09-08,-0.0022254881924705927,12.510000228881836,0.83,-0.363
2016-09-09,-0.024827742410836073,17.5,0.88,-0.356
2016-09-12,0.014570387233434623,15.15999984741211,0.89,-0.356
2016-09-13,-0.014941748278211264,17.850000381469727,0.93,-0.356
2016-09-14,-0.0005878493998130452,18.139999389648438,0.93,-0.356
2016-09-15,0.010058516449440447,16.299999237060547,0.97,-0.356
2016-09-16,-0.0037794277955720545,15.369999885559082,0.93,-0.35
2016-09-19,-1.8603233825409404e-05,15.529999732971191,0.91,-0.35
2016-09-20,0.0002990934842346249,15.920000076293945,0.9,-0.35
2016-09-21,0.010858000333636042,13.300000190734863,0.87,-0.35
2016-09-22,0.006478751917641468,12.020000457763672,0.84,-0.35
2016-09-23,-0.005753292959718159,12.289999961853027,0.85,-0.345
2016-09-26,-0.008624850117916694,14.5,0.83,-0.345
2016-09-27,0.006423495165297943,13.100000381469727,0.81,-0.345
2016-09-28,0.005282576603643285,12.390000343322754,0.82,-0.345
2016-09-29,-0.009365127730081468,14.020000457763672,0.83,-0.345
2016-09-30,0.007936392588027807,13.289999961853027,0.83,-0.343
2016-10-03,-0.0032660231815277996,13.569999694824219,0.83,-0.343
2016-10-04,-0.004967881786361872,13.630000114440918,0.87,-0.343
2016-10-05,0.004287486231197235,12.989999771118164,0.87,-0.343
2016-10-06,0.00048144385260417977,12.84000015258789,0.89,-0.343
2016-10-07,-0.0032587874416138973,13.479999542236328,0.9,-0.346
2016-10-11,-0.012524577697756278,15.359999656677246,0.9,-0.346
2016-10-12,0.00114593220639847,15.90999984741211,0.92,-0.346
2016-10-13,-0.0031040764122334252,16.690000534057617,0.9,-0.346
2016-10-14,0.000201584159120749,16.1200008392334,0.96,-0.353
2016-10-17,-0.003042618111839701,16.209999084472656,0.96,-0.353
2016-10-18,0.00614150560569815,15.279999732971191,0.93,-0.353
2016-10-19,0.0021895721553502057,14.40999984741211,0.95,-0.353
2016-10-20,-0.0013766711313802915,13.75,0.92,-0.353
2016-10-21,-8.414514015520069e-05,13.34000015258789,0.9,-0.362
2016-10-24,0.004738594647427874,13.020000457763672,0.93,-0.362
2016-10-25,-0.0038049574647063267,13.460000038146973,0.91,-0.362
2016-10-26,-0.0017419279211878802,14.239999771118164,0.93,-0.362
2016-10-27,-0.0029911959060084925,15.359999656677246,0.98,-0.362
2016-10-28,-0.003113140139625159,16.190000534057617,1.0,-0.373
2016-10-31,-0.00012228388419810443,17.059999465942383,0.98,-0.373
2016-11-01,-0.006810019108735688,18.559999465942383,1.0,-0.373
2016-11-02,-0.00654688445345375,19.31999969482422,1.0,-0.373
2016-11-03,-0.004433213022609017,22.079999923706055,1.01,-0.373
2016-11-04,-0.00166752027169359,22.510000228881836,0.99,-0.386
2016-11-07,0.021980199729465077,18.709999084472656,1.01,-0.386
2016-11-08,0.003764878397158,18.739999771118164,1.01,-0.386
2016-11-09,0.011016119879656117,14.380000114440918,1.17,-0.386
2016-11-10,0.0019488457160949935,14.739999771118164,1.23,-0.386
2016-11-14,-0.00011550945718319383,14.479999542236328,1.23,-0.398
2016-11-15,0.007452955022089647,13.369999885559082,1.21,-0.398
2016-11-16,-0.0015835165223760939,13.720000267028809,1.22,-0.398
2016-11-17,0.004665469361198049,13.350000381469727,1.25,-0.398
2016-11-18,-0.002389651365549028,12.850000381469727,1.27,-0.412
2016-11-21,0.007433702070874126,12.420000076293945,1.25,-0.412
2016-11-22,0.002163091103593473,12.40999984741211,1.24,-0.412
2016-11-23,0.0008076981569082875,12.430000305175781,1.24,-0.412
2016-11-25,0.0039067456134240786,12.34000015258789,1.24,-0.425
2016-11-28,-0.005268389254735162,13.149999618530273,1.21,-0.425
2016-11-29,0.0013344023532617655,12.899999618530273,1.21,-0.425
2016-11-30,-0.002656930555156478,13.329999923706055,1.26,-0.425
2016-12-01,-0.003521722966763896,14.069999694824219,1.31,-0.425
2016-12-02,0.0003969277200850385,14.119999885559082,1.29,-0.436
2016-12-05,0.005804426926743211,12.140000343322754,1.26,-0.436
2016-12-06,0.003405084468874442,11.789999961853027,1.27,-0.436
2016-12-07,0.01307735874472371,12.220000267028809,1.24,-0.436
2016-12-08,0.0021570150168708224,12.640000343322754,1.28,-0.436
2016-12-09,0.005921418532969902,11.75,1.32,-0.446
2016-12-12,-0.001138082290599307,12.640000343322754,1.34,-0.446
2016-12-13,0.006518483201237046,12.720000267028809,1.31,-0.446
2016-12-14,-0.00815029546185908,13.1899995803833,1.27,-0.446
2016-12-15,0.003875707687553742,12.789999961853027,1.31,-0.446
2016-12-16,-0.0017521567509799496,12.199999809265137,1.32,-0.455
2016-12-19,0.0019731727152114686,11.710000038146973,1.3,-0.455
2016-12-20,0.0036309124011522087,11.449999809265137,1.32,-0.455
2016-12-21,-0.0024603857246772165,11.270000457763672,1.34,-0.455
2016-12-22,-0.001864711222396842,11.430000305175781,1.33,-0.455
2016-12-23,0.00125093253507913,11.4399995803833,1.33,-0.461
2016-12-27,0.0022458489045487084,11.989999771118164,1.29,-0.461
2016-12-28,-0.008391640709771053,12.949999809265137,1.25,-0.461
2016-12-29,-0.00029334773186828755,13.369999885559082,1.27,-0.461
2016-12-30,-0.0046478346968550355,14.039999961853027,1.25,-0.467
2017-01-03,0.008450766753157701,12.850000381469727,1.23,-0.467
2017-01-04,0.005705963770549438,11.850000381469727,1.22,-0.467
2017-01-05,-0.0007709676024818535,11.670000076293945,1.2,-0.467
2017-01-06,0.0035107891805798985,11.319999694824219,1.2,-0.473
2017-01-09,-0.0035549054715602324,11.5600004196167,1.17,-0.473
2017-01-10,0.0,11.489999771118164,1.19,-0.473
2017-01-11,0.002825642389102434,11.260000228881836,1.18,-0.473
2017-01-12,-0.0021471123937297776,11.539999961853027,1.18,-0.473
2017-01-13,0.0018481313951461686,11.229999542236328,1.19,-0.479
2017-01-17,-0.0029719144562179167,11.869999885559082,1.16,-0.479
2017-01-18,0.0017622004698090166,12.479999542236328,1.19,-0.479
2017-01-19,-0.0036158376243191626,12.779999732971191,1.22,-0.479
2017-01-20,0.0033605840613004645,11.539999961853027,1.28,-0.485
2017-01-23,-0.002693749646070387,11.770000457763672,1.25,-0.485
2017-01-24,0.006543140528962432,11.069999694824219,1.26,-0.485
2017-01-25,0.007994052795968543,10.8100004196167,1.3,-0.485
2017-01-26,-0.0007356549352630637,10.630000114440918,1.3,-0.485
2017-01-27,-0.0008668394897410892,10.579999923706055,1.27,-0.489
2017-01-30,-0.006027673496096675,11.880000114440918,1.27,-0.489
2017-01-31,-0.0008903016080328285,11.989999771118164,1.26,-0.489
2017-02-01,0.0002983189881167192,11.8100004196167,1.26,-0.489
2017-02-02,0.0005701468386902775,11.930000305175781,1.27,-0.489
2017-02-03,0.007238496854554022,10.970000267028809,1.28,-0.493
2017-02-06,-0.00211759751370888,11.369999885559082,1.26,-0.493
2017-02-07,0.00022680346384529315,11.289999961853027,1.24,-0.493
2017-02-08,0.0006930821486097472,11.449999809265137,1.19,-0.493
2017-02-09,0.005736063735960251,10.880000114440918,1.2,-0.493
2017-02-10,0.0035597068220090122,10.850000381469727,1.21,-0.495
2017-02-13,0.0052321335840117555,11.069999694824219,1.23,-0.495
2017-02-14,0.003999327195672642,10.739999771118164,1.22,-0.495
2017-02-15,0.0049798886657344,11.970000267028809,1.24,-0.495
2017-02-16,-0.0008644916015505544,11.760000228881836,1.23,-0.495
2017-02-17,0.0016771493272376148,11.489999771118164,1.21,-0.496
2017-02-21,0.006029850020069283,11.569999694824219,1.21,-0.496
2017-02-22,-0.0010827861468039046,11.739999771118164,1.2,-0.496
2017-02-23,0.00041889897125901854,11.710000038146973,1.2,-0.496
2017-02-24,0.0014922502320313669,11.470000267028809,1.19,-0.496
2017-02-27,0.0010174652677337193,12.09000015258789,1.16,-0.496
2017-02-28,-0.002581706115194926,12.920000076293945,1.14,-0.496
2017-03-01,0.013581211083725009,12.539999961853027,1.17,-0.496
2017-03-02,-0.005877116972104801,11.8100004196167,1.17,-0.496
2017-03-03,0.0005037503685345612,10.960000038146973,1.17,-0.494
2017-03-06,-0.0032826227635656124,11.239999771118164,1.18,-0.494
2017-03-07,-0.002917625902089327,11.449999809265137,1.2,-0.494
2017-03-08,-0.0022868279640642086,11.859999656677246,1.21,-0.494
2017-03-09,0.0007995756127661124,12.300000190734863,1.23,-0.494
2017-03-10,0.00326333970585857,11.65999984741211,1.22,-0.492
2017-03-13,0.0003665656191698119,11.350000381469727,1.22,-0.492
2017-03-14,-0.003384748980891139,12.300000190734863,1.2,-0.492
2017-03-15,0.008339879124686256,11.630000114440918,1.18,-0.492
2017-03-16,-0.0016280347991832755,11.210000038146973,1.18,-0.492
2017-03-17,-0.0013151792642318583,11.279999732971191,1.17,-0.489
2017-03-20,-0.002011916080379983,11.34000015258789,1.17,-0.489
2017-03-21,-0.012485594590102345,12.470000267028809,1.16,-0.489
2017-03-22,0.0018881028474631023,12.8100004196167,1.13,-0.489
2017-03-23,-0.001060832144830215,13.119999885559082,1.15,-0.489
2017-03-24,-0.0008443522139387483,12.960000038146973,1.14,-0.487
2017-03-27,-0.0010201075858455866,12.5,1.11,-0.487
2017-03-28,0.007225308829624133,11.529999732971191,1.12,-0.487
2017-03-29,0.0010847362038299835,11.420000076293945,1.13,-0.487
2017-03-30,0.002930810911704995,11.539999961853027,1.14,-0.487
2017-03-31,-0.0022575939382667443,12.369999885559082,1.13,-0.485
2017-04-03,-0.0016434753080130093,12.380000114440918,1.11,-0.485
2017-04-04,0.0005593660746612272,11.789999961853027,1.11,-0.485
2017-04-05,-0.0030595368115227117,12.890000343322754,1.1,-0.485
2017-04-06,0.0019276502937355389,12.390000343322754,1.1,-0.485
2017-04-07,-0.0008274724629453445,12.869999885559082,1.09,-0.486
2017-04-10,0.0006874501357838625,14.050000190734863,1.08,-0.486
2017-04-11,-0.001434908291958692,15.069999694824219,1.08,-0.486
2017-04-12,-0.003767037418986874,15.770000457763672,1.04,-0.486
2017-04-13,-0.006838020289804625,15.960000038146973,1.03,-0.486
2017-04-17,0.008576465691107593,14.65999984741211,1.05,-0.49
2017-04-18,-0.002907602845833246,14.420000076293945,1.0,-0.49
2017-04-19,-0.0017178253968683777,14.930000305175781,1.02,-0.49
2017-04-20,0.0075288503629735715,14.149999618530273,1.03,-0.49
2017-04-21,-0.0030396881071155235,14.630000114440918,1.04,-0.495
2017-04-24,0.01078173658811199,10.84000015258789,1.03,-0.495
2017-04-25,0.006072214211751081,10.760000228881836,1.06,-0.495
2017-04-26,-0.00048582147568687617,10.850000381469727,1.04,-0.495
2017-04-27,0.0005527670002987151,10.359999656677246,1.05,-0.495
2017-04-28,-0.001914979471489886,10.819999694824219,1.01,-0.503
2017-05-01,0.0017307918268940625,10.109999656677246,1.05,-0.503
2017-05-02,0.0011883435858113245,10.59000015258789,1.02,-0.503
2017-05-03,-0.001272169395827305,10.680000305175781,1.03,-0.503
2017-05-04,0.000581933287869596,10.460000038146973,1.04,-0.503
2017-05-05,0.004080359407478085,10.569999694824219,1.04,-0.513
2017-05-08,3.744527190807645e-05,9.770000457763672,1.06,-0.513
2017-05-09,-0.001025774556793202,9.960000038146973,1.05,-0.513
2017-05-10,0.001129962717449473,10.210000038146973,1.06,-0.513
2017-05-11,-0.0021651513741067774,10.600000381469727,1.04,-0.513
2017-05-12,-0.0014795353407937029,10.399999618530273,1.04,-0.523
2017-05-15,0.004765142303014613,10.420000076293945,1.03,-0.523
2017-05-16,-0.0006871330369859763,10.649999618530273,1.04,-0.523
2017-05-17,-0.018345468171115265,15.59000015258789,0.96,-0.523
2017-05-18,0.00368003862721622,14.65999984741211,0.96,-0.523
2017-05-19,0.00674470320820042,12.039999961853027,0.95,-0.533
2017-05-22,0.005146863296008775,10.930000305175781,0.96,-0.533
2017-05-23,0.001836185172380489,10.720000267028809,0.98,-0.533
2017-05-24,0.0024860338045762376,10.020000457763672,0.97,-0.533
2017-05-25,0.004432112041977909,9.989999771118164,0.95,-0.533
2017-05-26,0.00031050178530289685,9.8100004196167,0.95,-0.542
2017-05-30,-0.0012053507295339827,10.380000114440918,0.93,-0.542
2017-05-31,-0.00046007461995145604,10.40999984741211,0.93,-0.542
2017-06-01,0.007542595584847156,9.890000343322754,0.93,-0.542
2017-06-02,0.00370087461804669,9.75,0.87,-0.551
2017-06-05,-0.0012184071404286456,10.069999694824219,0.86,-0.551
2017-06-06,-0.0027829086662043423,10.449999809265137,0.84,-0.551
2017-06-07,0.0015670287963471807,10.390000343322754,0.86,-0.551
2017-06-08,0.00026716903566459393,10.15999984741211,0.86,-0.551
2017-06-09,-0.0008303338661868054,10.699999809265137,0.86,-0.558
2017-06-12,-0.0009792424797181454,11.460000038146973,0.86,-0.558
2017-06-13,0.004501358843230108,10.420000076293945,0.83,-0.558
2017-06-14,-0.0009963269653177065,10.640000343322754,0.8,-0.558
2017-06-15,-0.0022421097968399195,10.899999618530273,0.81,-0.558
2017-06-16,0.000283599150058933,10.380000114440918,0.84,-0.564
2017-06-19,0.00831258320689443,10.369999885559082,0.83,-0.564
2017-06-20,-0.00671916044693166,10.859999656677246,0.8,-0.564
2017-06-21,-0.0005828141932715525,10.75,0.8,-0.564
2017-06-22,-0.00045588597243817475,10.479999542236328,0.81,-0.564
2017-06-23,0.0015596985554084952,10.020000457763672,0.81,-0.568
2017-06-26,0.0003157519397332109,9.899999618530273,0.78,-0.568
2017-06-27,-0.008105586575672952,11.0600004196167,0.83,-0.568
2017-06-28,0.008769501646550992,10.029999732971191,0.88,-0.568
2017-06-29,-0.008637216844141982,11.4399995803833,0.89,-0.568
2017-06-30,0.0015320576108743822,11.180000305175781,0.93,-0.571
2017-07-03,0.0023081679791472354,11.220000267028809,0.94,-0.571
2017-07-05,0.0014522240362886407,11.069999694824219,0.92,-0.571
2017-07-06,-0.009412987306865794,12.539999961853027,0.97,-0.571
2017-07-07,0.006382712569615201,11.1899995803833,0.99,-0.574
2017-07-10,0.0009273361035129213,11.109999656677246,0.98,-0.574
2017-07-11,-0.0007829870660822635,10.890000343322754,1.0,-0.574
2017-07-12,0.007279050947821553,10.300000190734863,0.98,-0.574
2017-07-13,0.0018728294734726703,9.899999618530273,0.98,-0.574
2017-07-14,0.004662616170009848,9.510000228881836,0.98,-0.577
2017-07-17,-5.291423670694684e-05,9.819999694824219,0.95,-0.577
2017-07-18,0.0005976786981110038,9.890000343322754,0.91,-0.577
2017-07-19,0.00535825821605318,9.789999961853027,0.9,-0.577
2017-07-20,-0.00015367108860697698,9.579999923706055,0.9,-0.577
2017-07-21,-0.0003679393292088662,9.359999656677246,0.88,-0.58
2017-07-24,-0.0010643009954085514,9.430000305175781,0.89,-0.58
2017-07-25,0.002918907519897651,9.430000305175781,0.93,-0.58
2017-07-26,0.0002826240061200025,9.600000381469727,0.93,-0.58
2017-07-27,-0.0009731616373942487,10.109999656677246,0.96,-0.58
2017-07-28,-0.001342015678115871,10.289999961853027,0.96,-0.582
2017-07-31,-0.0007284108345597673,10.260000228881836,0.96,-0.582
2017-08-01,0.002446120774938443,10.09000015258789,0.92,-0.582
2017-08-02,0.0004925274073475094,10.279999732971191,0.91,-0.582
2017-08-03,-0.002186041834946195,10.4399995803833,0.9,-0.582
2017-08-04,0.0018873214175396669,10.029999732971191,0.91,-0.581
2017-08-07,0.0016458446442806363,9.930000305175781,0.9,-0.581
2017-08-08,-0.0024173522303856387,10.960000038146973,0.93,-0.581
2017-08-09,-0.00036367479271248726,11.109999656677246,0.91,-0.581
2017-08-10,-0.01458021840074153,16.040000915527344,0.87,-0.581
2017-08-11,0.0012747571279874137,15.510000228881836,0.89,-0.578
2017-08-14,0.009993651246049673,12.329999923706055,0.89,-0.578
2017-08-15,-0.0004989323268835832,12.039999961853027,0.92,-0.578
2017-08-16,0.0014190955233326363,11.739999771118164,0.9,-0.578
2017-08-17,-0.015557342487191761,15.550000190734863,0.87,-0.578
2017-08-18,-0.001837053661351895,14.260000228881836,0.86,-0.573
2017-08-21,0.0011619757145657772,13.1899995803833,0.86,-0.573
2017-08-22,0.00989169526062561,11.350000381469727,0.89,-0.573
2017-08-23,-0.0034595701326392003,12.25,0.85,-0.573
2017-08-24,-0.002076616747138438,12.229999542236328,0.86,-0.573
2017-08-25,0.001671471668937663,11.279999732971191,0.82,-0.568
2017-08-28,0.00048695347329630323,11.319999694824219,0.83,-0.568
2017-08-29,0.0008424667620099413,11.699999809265137,0.8,-0.568
2017-08-30,0.0046045317880603065,11.220000267028809,0.82,-0.568
2017-08-31,0.005704673584713937,10.59000015258789,0.79,-0.568
2017-09-01,0.0019805780423354236,10.130000114440918,0.81,-0.563
2017-09-05,-0.007579458552145368,12.229999542236328,0.77,-0.563
2017-09-06,0.0031238424931441244,11.630000114440918,0.8,-0.563
2017-09-07,-0.00017845204485311683,11.550000190734863,0.78,-0.563
2017-09-08,-0.0014899601434583687,12.119999885559082,0.79,-0.561
2017-09-11,0.010780975197147491,10.729999542236328,0.82,-0.561
2017-09-12,0.0033583025948829004,10.579999923706055,0.84,-0.561
2017-09-13,0.0007568342480830381,10.5,0.85,-0.561
2017-09-14,-0.001101323850828173,10.4399995803833,0.83,-0.561
2017-09-15,0.0018454775461593798,10.170000076293945,0.81,-0.561
2017-09-18,0.0014548619291288034,10.149999618530273,0.83,-0.561
2017-09-19,0.0011095796167319705,10.180000305175781,0.84,-0.561
2017-09-20,0.000634146702309657,9.779999732971191,0.83,-0.561
2017-09-21,-0.003050565946915107,9.670000076293945,0.82,-0.561
2017-09-22,0.0006475839951667339,9.59000015258789,0.8,-0.563
2017-09-25,-0.00222452269985407,10.210000038146973,0.78,-0.563
2017-09-26,7.21641258953909e-05,10.170000076293945,0.79,-0.563
2017-09-27,0.004076822401987812,9.869999885559082,0.84,-0.563
2017-09-28,0.001203890628937998,9.550000190734863,0.86,-0.563
2017-09-29,0.0036982630684985196,9.510000228881836,0.86,-0.568
2017-10-02,0.003866518829712895,9.449999809265137,0.85,-0.568
2017-10-03,0.0021565111846602036,9.510000228881836,0.86,-0.568
2017-10-04,0.0012459436611136354,9.630000114440918,0.86,-0.568
2017-10-05,0.0056309040312934044,9.1899995803833,0.86,-0.568
2017-10-06,-0.00107421116523998,9.649999618530273,0.83,-0.573
2017-10-10,0.0023197196304787226,10.079999923706055,0.84,-0.573
2017-10-11,0.0018018829296631012,9.850000381469727,0.84,-0.573
2017-10-12,-0.0016881771203509643,9.90999984741211,0.82,-0.573
2017-10-13,0.0008777220048461487,9.609999656677246,0.77,-0.58
2017-10-16,0.0017492225323056942,9.90999984741211,0.76,-0.58
2017-10-17,0.0006723529054335486,10.3100004196167,0.76,-0.58
2017-10-18,0.0007420595113298845,10.069999694824219,0.75,-0.58
2017-10-19,0.00032794411501058107,10.050000190734863,0.75,-0.58
2017-10-20,0.005103796185029985,9.970000267028809,0.79,-0.587
2017-10-23,-0.003980395312996876,11.069999694824219,0.8,-0.587
2017-10-24,0.0016166008745583937,11.15999984741211,0.82,-0.587
2017-10-25,-0.004673955687260367,11.229999542236328,0.83,-0.587
2017-10-26,0.0012701392506020426,11.300000190734863,0.83,-0.587
2017-10-27,0.008040609979727442,9.800000190734863,0.83,-0.594
2017-10-30,-0.003197577376741201,10.5,0.79,-0.594
2017-10-31,0.0009440129366797834,10.180000305175781,0.78,-0.594
2017-11-01,0.0015908441079037772,10.199999809265137,0.76,-0.594
2017-11-02,0.00018994776966696492,9.930000305175781,0.74,-0.594
2017-11-03,0.0030922893263145568,9.140000343322754,0.71,-0.599
2017-11-06,0.0012704438847759292,9.399999618530273,0.71,-0.599
2017-11-07,-0.00018912080508215467,9.890000343322754,0.69,-0.599
2017-11-08,0.0014426139320606879,9.779999732971191,0.67,-0.599
2017-11-09,-0.003768981339369759,10.5,0.7,-0.599
2017-11-10,-0.000898046976053557,11.289999961853027,0.73,-0.603
2017-11-13,0.0009831509112929737,11.5,0.7,-0.603
2017-11-14,-0.0023122805602824315,11.59000015258789,0.7,-0.603
2017-11-15,-0.0055409987421235485,13.130000114440918,0.65,-0.603
2017-11-16,0.008162652782972124,11.760000228881836,0.65,-0.603
2017-11-17,-0.002629416978897403,11.430000305175781,0.62,-0.605
2017-11-20,0.001274869888790775,10.649999618530273,0.6,-0.605
2017-11-21,0.006519838879752271,9.729999542236328,0.59,-0.605
2017-11-22,-0.0007505427033294154,9.880000114440918,0.58,-0.605
2017-11-24,0.0020539842782323348,9.670000076293945,0.59,-0.606
2017-11-27,-0.00038433158680373225,9.869999885559082,0.58,-0.606
2017-11-28,0.009800332196793882,10.029999732971191,0.59,-0.606
2017-11-29,-0.00036929388279105524,10.699999809265137,0.59,-0.606
2017-11-30,0.008157586662811411,11.279999732971191,0.64,-0.606
2017-12-01,-0.0020265829358052656,11.430000305175781,0.59,-0.607
2017-12-04,-0.001052710549286573,11.680000305175781,0.57,-0.607
2017-12-05,-0.0037463905259551566,11.329999923706055,0.53,-0.607
2017-12-06,-0.0001141121705305892,11.020000457763672,0.55,-0.607
2017-12-07,0.002928067010109281,10.15999984741211,0.57,-0.607
2017-12-08,0.005491202035518228,9.579999923706055,0.58,-0.608
2017-12-11,0.0031968421216959086,9.34000015258789,0.57,-0.608
2017-12-12,0.0015477237220897777,9.920000076293945,0.57,-0.608
2017-12-13,-0.00047306897015086946,10.180000305175781,0.57,-0.608
2017-12-14,-0.004079167730762556,10.489999771118164,0.53,-0.608
2017-12-15,0.008934313410143169,9.420000076293945,0.51,-0.609
2017-12-18,0.005348478579596971,9.529999732971191,0.55,-0.609
2017-12-19,-0.003235498043117957,10.029999732971191,0.59,-0.609
2017-12-20,-0.0008282360735725192,9.720000267028809,0.62,-0.609
2017-12-21,0.001983687012658386,9.619999885559082,0.59,-0.609
2017-12-22,-0.00045827163811384963,9.899999618530273,0.57,-0.612
2017-12-26,-0.0010589757000589728,10.25,0.55,-0.612
2017-12-27,0.0007906283102423473,10.470000267028809,0.53,-0.612
2017-12-28,0.0018323190029194691,10.180000305175781,0.52,-0.612
2017-12-29,-0.005196632292747694,11.039999961853027,0.51,-0.615
2018-01-02,0.008269078218397397,9.770000457763672,0.54,-0.615
2018-01-03,0.006378433243936499,9.149999618530273,0.5,-0.615
2018-01-04,0.004020542855326603,9.220000267028809,0.5,-0.615
2018-01-05,0.007009145888585699,9.220000267028809,0.51,-0.619
2018-01-08,0.0016609637672972966,9.520000457763672,0.53,-0.619
2018-01-09,0.0013020835172978806,10.079999923706055,0.57,-0.619
2018-01-10,-0.0011128458115203799,9.819999694824219,0.57,-0.619
2018-01-11,0.007009025768881294,9.880000114440918,0.56,-0.619
2018-01-12,0.006726926399094779,10.15999984741211,0.56,-0.622
2018-01-16,-0.0035307132616031467,11.65999984741211,0.51,-0.622
2018-01-17,0.009371006206502663,11.90999984741211,0.52,-0.622
2018-01-18,-0.0016176974974735359,12.220000267028809,0.57,-0.622
2018-01-19,0.004375647986989861,11.270000457763672,0.58,-0.622
2018-01-22,0.00803436438221361,11.029999732971191,0.58,-0.622
2018-01-23,0.0021720049682221187,11.100000381469727,0.57,-0.622
2018-01-24,-0.0005601325472319729,11.470000267028809,0.57,-0.622
2018-01-25,0.0006024393988326437,11.579999923706055,0.55,-0.622
2018-01-26,0.011771638106083948,11.079999923706055,0.53,-0.618
2018-01-29,-0.006754736284862339,13.84000015258789,0.59,-0.618
2018-01-30,-0.010958642805337426,14.789999961853027,0.6,-0.618
2018-01-31,0.0004888658586947869,13.539999961853027,0.58,-0.618
2018-02-01,-0.000648298352023069,13.470000267028809,0.62,-0.618
2018-02-02,-0.021436680516699447,17.309999465942383,0.69,-0.609
2018-02-05,-0.041842540938381134,37.31999969482422,0.69,-0.609
2018-02-06,0.017290573348937244,29.979999542236328,0.69,-0.609
2018-02-07,-0.005014138223752518,27.729999542236328,0.69,-0.609
2018-02-08,-0.038259052245801506,33.459999084472656,0.72,-0.609
2018-02-09,0.014825645199524118,29.059999465942383,0.78,-0.595
2018-02-12,0.013818665678186015,25.610000610351562,0.77,-0.595
2018-02-13,0.0026095219802773073,24.969999313354492,0.73,-0.595
2018-02-14,0.013313439808896987,19.260000228881836,0.74,-0.595
2018-02-15,0.011996861776776058,19.1299991607666,0.71,-0.595
2018-02-16,0.00037339964992089136,19.459999084472656,0.66,-0.577
2018-02-20,-0.005858517106837269,20.600000381469727,0.63,-0.577
2018-02-21,-0.005511664483310419,20.020000457763672,0.68,-0.577
2018-02-22,0.0009730774855780666,18.719999313354492,0.67,-0.577
2018-02-23,0.015901278245120665,16.489999771118164,0.63,-0.562
2018-02-26,0.011688438620627295,15.800000190734863,0.64,-0.562
2018-02-27,-0.01278831144146686,18.59000015258789,0.63,-0.562
2018-02-28,-0.011157806083656574,19.850000381469727,0.62,-0.562
2018-03-01,-0.013413965854875975,22.469999313354492,0.59,-0.562
2018-03-02,0.005058785485198669,19.59000015258789,0.61,-0.547
2018-03-05,0.010971617610525897,18.729999542236328,0.64,-0.547
2018-03-06,0.0026353829319969435,18.360000610351562,0.63,-0.547
2018-03-07,-0.00048399182571667865,17.760000228881836,0.64,-0.547
2018-03-08,0.004453148208884983,16.540000915527344,0.61,-0.547
2018-03-09,0.017229546741207358,14.640000343322754,0.63,-0.532
2018-03-12,-0.0012747973379978461,15.779999732971191,0.6,-0.532
2018-03-13,-0.006383910414315075,16.350000381469727,0.58,-0.532
2018-03-14,-0.005740969825188458,17.229999542236328,0.55,-0.532
2018-03-15,-0.0007822363990968029,16.59000015258789,0.53,-0.532
2018-03-16,0.0017019979472321367,15.800000190734863,0.54,-0.519
2018-03-19,-0.014306040541374188,19.020000457763672,0.54,-0.519
2018-03-20,0.0014807086617194543,18.200000762939453,0.55,-0.519
2018-03-21,-0.001845692125629128,17.860000610351562,0.58,-0.519
2018-03-22,-0.02548488697285478,23.34000015258789,0.54,-0.519
2018-03-23,-0.021189807311750464,24.8700008392334,0.54,-0.508
2018-03-26,0.02679504070603489,21.030000686645508,0.52,-0.508
2018-03-27,-0.017427285645321255,22.5,0.52,-0.508
2018-03-28,-0.0029209188994627766,22.8700008392334,0.49,-0.508
2018-03-29,0.013675777493843633,19.969999313354492,0.47,-0.508
2018-04-02,-0.022590682343496482,23.6200008392334,0.48,-0.501
2018-04-03,0.012535961315741417,21.100000381469727,0.51,-0.501
2018-04-04,0.011500102346446717,20.059999465942383,0.51,-0.501
2018-04-05,0.006839421401651613,18.940000534057617,0.53,-0.501
2018-04-06,-0.02216406705706575,21.489999771118164,0.5,-0.5
2018-04-09,0.0033309949675937034,21.770000457763672,0.49,-0.5
2018-04-10,0.016588598996313486,20.469999313354492,0.48,-0.5
2018-04-11,-0.005540685772460918,20.239999771118164,0.47,-0.5
2018-04-12,0.008216898697656738,18.489999771118164,0.49,-0.5
2018-04-13,-0.0028907998267069246,17.40999984741211,0.45,-0.504
2018-04-16,0.0080763368015635,16.559999465942383,0.44,-0.504
2018-04-17,0.010605071613866812,15.25,0.41,-0.504
2018-04-18,0.0008310204075527849,15.600000381469727,0.45,-0.504
2018-04-19,-0.005742581795832535,15.960000038146973,0.48,-0.504
2018-04-20,-0.008573177188352155,16.8799991607666,0.5,-0.514
2018-04-23,5.6230111184163434e-05,16.34000015258789,0.49,-0.514
2018-04-24,-0.013470888006475334,18.020000457763672,0.52,-0.514
2018-04-25,0.001835374232824094,17.84000015258789,0.54,-0.514
2018-04-26,0.010380144187376317,16.239999771118164,0.51,-0.514
2018-04-27,0.0011130052713639316,15.40999984741211,0.47,-0.528
2018-04-30,-0.00822119254892062,15.930000305175781,0.46,-0.528
2018-05-01,0.0025458021710269563,15.489999771118164,0.47,-0.528
2018-05-02,-0.007231951201402076,15.970000267028809,0.48,-0.528
2018-05-03,-0.00225621758506378,15.899999618530273,0.45,-0.528
2018-05-04,0.012729810028334398,14.770000457763672,0.44,-0.541
2018-05-07,0.003451980554990186,14.75,0.46,-0.541
2018-05-08,-0.00026567661173348966,14.710000038146973,0.46,-0.541
2018-05-09,0.009635647934868707,13.420000076293945,0.46,-0.541
2018-05-10,0.009327011603848412,13.229999542236328,0.43,-0.541
2018-05-11,0.0017061392709614154,12.649999618530273,0.43,-0.553
2018-05-14,0.0008830995101263284,12.930000305175781,0.45,-0.553
2018-05-15,-0.006865655043990948,14.630000114440918,0.5,-0.553
2018-05-16,0.004052339847514297,13.420000076293945,0.51,-0.553
2018-05-17,-0.0008562387886099643,13.430000305175781,0.54,-0.553
2018-05-18,-0.002635665254550723,13.420000076293945,0.51,-0.562
2018-05-21,0.007359604547933607,13.079999923706055,0.48,-0.562
2018-05-22,-0.003140688592875307,13.220000267028809,0.47,-0.562
2018-05-23,0.0032431452068992783,12.579999923706055,0.48,-0.562
2018-05-24,-0.002025262957722873,12.529999732971191,0.48,-0.562
2018-05-25,-0.002360003054185711,13.220000267028809,0.45,-0.567
2018-05-29,-0.011631572511792143,17.020000457763672,0.45,-0.567
2018-05-30,0.012615875351923656,14.9399995803833,0.42,-0.567
2018-05-31,-0.006903333243434062,15.430000305175781,0.43,-0.567
2018-06-01,0.010790799709239352,13.460000038146973,0.42,-0.567
2018-06-04,0.004469594898352192,12.739999771118164,0.42,-0.567
2018-06-05,0.000702346269576104,12.399999618530273,0.43,-0.567
2018-06-06,0.008530900637311767,11.640000343322754,0.45,-0.567
2018-06-07,-0.000714443621984806,12.130000114440918,0.43,-0.567
2018-06-08,0.0031210289077518993,12.180000305175781,0.43,-0.562
2018-06-11,0.0010681370069400842,12.350000381469727,0.44,-0.562
2018-06-12,0.0017418672787039569,12.34000015258789,0.42,-0.562
2018-06-13,-0.004034254541411819,12.9399995803833,0.39,-0.562
2018-06-14,0.0024685005225038026,12.119999885559082,0.35,-0.562
2018-06-15,-0.0010176203154941277,11.979999542236328,0.38,-0.556
2018-06-18,-0.0021283911808867018,12.3100004196167,0.36,-0.556
2018-06-19,-0.00403151795139145,13.350000381469727,0.35,-0.556
2018-06-20,0.001710690224112632,12.789999961853027,0.37,-0.556
2018-06-21,-0.006365728843220175,14.640000343322754,0.34,-0.556
2018-06-22,0.0018602032551342518,13.770000457763672,0.34,-0.55
2018-06-25,-0.013819722967770787,17.329999923706055,0.33,-0.55
2018-06-26,0.0022021505056963875,15.920000076293945,0.35,-0.55
2018-06-27,-0.008641586313141048,17.90999984741211,0.31,-0.55
2018-06-28,0.006159680019031555,16.850000381469727,0.32,-0.55
2018-06-29,0.0007581158875167304,16.09000015258789,0.33,-0.544
2018-07-02,0.0030632608342937573,15.600000381469727,0.3,-0.544
2018-07-03,-0.004959629280533839,16.139999389648438,0.3,-0.544
2018-07-05,0.00858385674553741,14.970000267028809,0.29,-0.544
2018-07-06,0.00844551760058021,13.369999885559082,0.29,-0.541
2018-07-09,0.00878429078534193,12.6899995803833,0.29,-0.541
2018-07-10,0.003467249318822141,12.640000343322754,0.28,-0.541
2018-07-11,-0.007119486371916395,13.630000114440918,0.27,-0.541
2018-07-12,0.008710991580171523,12.579999923706055,0.25,-0.541
2018-07-13,0.0010786555366086858,12.180000305175781,0.24,-0.542
2018-07-16,-0.0010286646208985673,12.829999923706055,0.26,-0.542
2018-07-17,0.0039658243434432805,12.0600004196167,0.24,-0.542
2018-07-18,0.002158182076737347,12.100000381469727,0.28,-0.542
2018-07-19,-0.003960826849048971,12.869999885559082,0.24,-0.542
2018-07-20,-0.0009488977712743818,12.859999656677246,0.29,-0.547
2018-07-23,0.001836362343230924,12.619999885559082,0.32,-0.547
2018-07-24,0.004769518886053703,12.40999984741211,0.32,-0.547
2018-07-25,0.009060435070372463,12.289999961853027,0.28,-0.547
2018-07-26,-0.003036902748867476,12.140000343322754,0.29,-0.547
2018-07-27,-0.006583834644844799,13.029999732971191,0.29,-0.555
2018-07-30,-0.005770789315587166,14.260000228881836,0.32,-0.555
2018-07-31,0.004872837219302539,12.829999923706055,0.29,-0.555
2018-08-01,-0.001040893067570714,13.149999618530273,0.33,-0.555
2018-08-02,0.004914349582208821,12.1899995803833,0.32,-0.555
2018-08-03,0.004633432065348053,11.640000343322754,0.32,-0.564
2018-08-06,0.0035319826508013463,11.270000457763672,0.3,-0.564
2018-08-07,0.0028202017464860063,10.930000305175781,0.3,-0.564
2018-08-08,-0.0002624143932949963,10.850000381469727,0.28,-0.564
2018-08-09,-0.0014427146770401578,11.270000457763672,0.29,-0.564
2018-08-10,-0.007139312263245046,13.15999984741211,0.26,-0.573
2018-08-13,-0.004014037665980297,14.779999732971191,0.27,-0.573
2018-08-14,0.006368930016417806,13.3100004196167,0.26,-0.573
2018-08-15,-0.007631208581378779,14.640000343322754,0.25,-0.573
2018-08-16,0.007888214552638217,13.449999809265137,0.24,-0.573
2018-08-17,0.003317606375262905,12.640000343322754,0.26,-0.582
2018-08-20,0.002425074902128621,12.489999771118164,0.22,-0.582
2018-08-21,0.002066399954626874,12.859999656677246,0.24,-0.582
2018-08-22,-0.0003982310542438583,12.25,0.22,-0.582
2018-08-23,-0.0016926939235348826,12.40999984741211,0.21,-0.582
2018-08-24,0.006179705928285095,11.989999771118164,0.19,-0.589
2018-08-27,0.007641141407110474,12.15999984741211,0.18,-0.589
2018-08-28,0.000269242077598264,12.5,0.21,-0.589
2018-08-29,0.005685242468912222,12.25,0.22,-0.589
2018-08-30,-0.004440172044458457,13.529999732971191,0.22,-0.589
2018-08-31,0.0001344684673050267,12.859999656677246,0.24,-0.595
2018-09-04,-0.0016556920488790539,13.15999984741211,0.24,-0.595
2018-09-05,-0.0028070628012661913,13.90999984741211,0.24,-0.595
2018-09-06,-0.0036589910366187084,14.649999618530273,0.24,-0.595
2018-09-07,-0.0022157978950136936,14.880000114440918,0.23,-0.599
2018-09-10,0.0018960282146931462,14.15999984741211,0.21,-0.599
2018-09-11,0.0037328656897148704,13.220000267028809,0.22,-0.599
2018-09-12,0.00035660834989403867,13.140000343322754,0.23,-0.599
2018-09-13,0.005268352159391476,12.369999885559082,0.21,-0.599
2018-09-14,0.0002754439007661702,12.069999694824219,0.21,-0.601
2018-09-17,-0.00558529099154903,13.680000305175781,0.21,-0.601
2018-09-18,0.005354652867625376,12.789999961853027,0.24,-0.601
2018-09-19,0.0012524880331721278,11.75,0.27,-0.601
2018-09-20,0.007810014185328562,11.800000190734863,0.26,-0.601
2018-09-21,-0.0003686009370067467,11.680000305175781,0.26,-0.601
2018-09-24,-0.0035218823140139577,12.199999809265137,0.25,-0.601
2018-09-25,-0.0013059484931181586,12.420000076293945,0.27,-0.601
2018-09-26,-0.0032946996811595852,12.890000343322754,0.23,-0.601
2018-09-27,0.0027594762285110264,12.40999984741211,0.23,-0.601
2018-09-28,-6.870144138027001e-06,12.119999885559082,0.24,-0.598
2018-10-01,0.003634492342198037,12.0,0.27,-0.598
2018-10-02,-0.0003967689102788441,12.050000190734863,0.23,-0.598
2018-10-03,0.0007112667367188408,11.609999656677246,0.3,-0.598
2018-10-04,-0.008203035421010085,14.220000267028809,0.32,-0.598
2018-10-05,-0.0055433145846226495,14.819999694824219,0.35,-0.593
2018-10-09,-0.0014189098341548245,15.949999809265137,0.33,-0.593
2018-10-10,-0.03341638904260158,22.959999084472656,0.34,-0.593
2018-10-11,-0.020787579972541437,24.979999542236328,0.29,-0.593
2018-10-12,0.0141062354083763,21.309999465942383,0.3,-0.586
2018-10-15,-0.005922482291300213,21.299999237060547,0.31,-0.586
2018-10-16,0.021267828034901015,17.6200008392334,0.29,-0.586
2018-10-17,-0.0002526942626648321,17.399999618530273,0.3,-0.586
2018-10-18,-0.014496490575340637,20.059999465942383,0.3,-0.586
2018-10-19,-0.0003612351352799692,19.889999389648438,0.28,-0.576
2018-10-22,-0.00430879709647769,19.639999389648438,0.28,-0.576
2018-10-23,-0.005527076180694479,20.709999084472656,0.28,-0.576
2018-10-24,-0.03135077386114027,25.229999542236328,0.26,-0.576
2018-10-25,0.01845371797871387,24.219999313354492,0.28,-0.576
2018-10-26,-0.017479138010003226,24.15999984741211,0.27,-0.565
2018-10-29,-0.006581208295194152,24.700000762939453,0.27,-0.565
2018-10-30,0.01554532297187805,23.350000381469727,0.28,-0.565
2018-10-31,0.0107928787545708,21.229999542236328,0.28,-0.565
2018-11-01,0.010502498868529386,19.34000015258789,0.3,-0.565
2018-11-02,-0.0063367210558800124,19.510000228881836,0.31,-0.551
2018-11-05,0.005584693697194609,19.959999084472656,0.29,-0.551
2018-11-06,0.006239787744408254,19.90999984741211,0.29,-0.551
2018-11-07,0.020987078560773753,16.360000610351562,0.26,-0.551
2018-11-08,-0.0025120689884907677,16.719999313354492,0.26,-0.551
2018-11-09,-0.009241585915372497,17.360000610351562,0.25,-0.536
2018-11-13,-0.0014830188221734986,20.020000457763672,0.25,-0.536
2018-11-14,-0.007596188818451033,21.25,0.26,-0.536
2018-11-15,0.010538032742642756,19.979999542236328,0.25,-0.536
2018-11-16,0.0022208375374832556,18.139999389648438,0.27,-0.52
2018-11-19,-0.01678316123572099,20.100000381469727,0.27,-0.52
2018-11-20,-0.018317995556586197,22.479999542236328,0.27,-0.52
2018-11-21,0.003038669310766906,20.799999237060547,0.25,-0.52
2018-11-23,-0.006576419711855408,21.520000457763672,0.24,-0.501
2018-11-26,0.015412975845366716,18.899999618530273,0.23,-0.501
2018-11-27,0.003256384364612508,19.020000457763672,0.23,-0.501
2018-11-28,0.022714051303114324,18.489999771118164,0.25,-0.501
2018-11-29,-0.0021854945453938512,18.790000915527344,0.22,-0.501
2018-11-30,0.008137547716617455,18.06999969482422,0.21,-0.48
2018-12-03,0.010882001794362495,16.440000534057617,0.15,-0.48
2018-12-04,-0.03290022883855581,20.739999771118164,0.11,-0.48
2018-12-06,-0.001523387914144081,21.190000534057617,0.12,-0.48
2018-12-07,-0.02359633545632267,23.229999542236328,0.13,-0.46
2018-12-10,0.0017606032229169344,22.639999389648438,0.13,-0.46
2018-12-11,-0.0003564096753061463,21.760000228881836,0.11,-0.46
2018-12-12,0.005404871010351364,21.459999084472656,0.14,-0.46
2018-12-13,-0.00019995031241482053,20.649999618530273,0.16,-0.46
2018-12-14,-0.01927121226870021,21.6299991607666,0.16,-0.441
2018-12-17,-0.020992284828576402,24.520000457763672,0.16,-0.441
2018-12-18,8.639685378852846e-05,25.579999923706055,0.17,-0.441
2018-12-19,-0.015515459175936108,25.579999923706055,0.14,-0.441
2018-12-20,-0.015897809484104464,28.3799991607666,0.12,-0.441
2018-12-21,-0.020803120498540828,30.110000610351562,0.16,-0.428
2018-12-24,-0.02748657287831424,36.06999969482422,0.19,-0.428
2018-12-26,0.0484031776708056,30.40999984741211,0.2,-0.428
2018-12-27,0.008526228968816163,29.959999084472656,0.21,-0.428
2018-12-28,-0.0012423539102313086,28.34000015258789,0.2,-0.422
2018-12-31,0.00845662586220719,25.420000076293945,0.21,-0.422
2019-01-02,0.0012676930626263072,23.219999313354492,0.16,-0.422
2019-01-03,-0.025068331818915546,25.450000762939453,0.17,-0.422
2019-01-04,0.033759399060347306,21.3799991607666,0.17,-0.425
2019-01-07,0.006985975995229765,21.399999618530273,0.17,-0.425
2019-01-08,0.009648587336497094,20.469999313354492,0.15,-0.425
2019-01-09,0.004089671332821787,19.979999542236328,0.18,-0.425
2019-01-10,0.004508241374462152,19.5,0.18,-0.425
2019-01-11,-0.0001463085444823875,18.190000534057617,0.16,-0.437
2019-01-14,-0.005271394587249567,19.06999969482422,0.18,-0.437
2019-01-15,0.010664618879761001,18.600000381469727,0.19,-0.437
2019-01-16,0.00221952052908847,19.040000915527344,0.18,-0.437
2019-01-17,0.007562730706236032,18.059999465942383,0.19,-0.437
2019-01-18,0.013096912839855257,17.799999237060547,0.17,-0.457
2019-01-22,-0.014258476827971656,20.799999237060547,0.16,-0.457
2019-01-23,0.0022004899194500993,19.520000457763672,0.18,-0.457
2019-01-24,0.0013747801109778024,18.889999389648438,0.16,-0.457
2019-01-25,0.008452867700517785,17.420000076293945,0.16,-0.48
2019-01-28,-0.007877775848708524,18.8700008392334,0.15,-0.48
2019-01-29,-0.0014573079351150042,19.1299991607666,0.16,-0.48
2019-01-30,0.015429609891559615,17.65999984741211,0.18,-0.48
2019-01-31,0.0085606488097687,16.56999969482422,0.18,-0.48
2019-02-01,0.000898206584806438,16.139999389648438,0.18,-0.504
2019-02-04,0.006753381117479584,15.729999542236328,0.2,-0.504
2019-02-05,0.004697370437350301,15.569999694824219,0.18,-0.504
2019-02-06,-0.0022269157175083265,15.380000114440918,0.18,-0.504
2019-02-07,-0.009401193202230651,16.3700008392334,0.17,-0.504
2019-02-08,0.0006759725660128169,15.720000267028809,0.18,-0.528
2019-02-11,0.000708851803818078,15.970000267028809,0.17,-0.528
2019-02-12,0.01280785290283859,15.430000305175781,0.18,-0.528
2019-02-13,0.003019431593711097,15.649999618530273,0.18,-0.528
2019-02-14,-0.0026551633836984223,16.219999313354492,0.16,-0.528
2019-02-15,0.010820004664958027,14.90999984741211,0.14,-0.548
2019-02-19,0.0014976213265915916,14.880000114440918,0.15,-0.548
2019-02-20,0.001775533560740783,14.020000457763672,0.15,-0.548
2019-02-21,-0.0035326693258417308,14.460000038146973,0.16,-0.548
2019-02-22,0.006390638694711015,13.510000228881836,0.17,-0.565
2019-02-25,0.0012311044497517187,14.850000381469727,0.16,-0.565
2019-02-26,-0.000790769672840419,15.170000076293945,0.16,-0.565
2019-02-27,-0.0005441974362980773,14.699999809265137,0.19,-0.565
2019-02-28,-0.00282950759895062,14.779999732971191,0.21,-0.565
2019-03-01,0.006871656588713471,13.569999694824219,0.21,-0.578
2019-03-04,-0.003888107395255247,14.630000114440918,0.17,-0.578
2019-03-05,-0.0011321734897071778,14.739999771118164,0.17,-0.578
2019-03-06,-0.00654547360412483,15.739999771118164,0.17,-0.578
2019-03-07,-0.008158911138330893,16.59000015258789,0.17,-0.578
2019-03-08,-0.002133964131454391,16.049999237060547,0.17,-0.587
2019-03-11,0.014559535563489767,14.329999923706055,0.17,-0.587
2019-03-12,0.0029489657278052306,13.770000457763672,0.16,-0.587
2019-03-13,0.006925546757019063,13.40999984741211,0.16,-0.587
2019-03-14,-0.0008683993315958816,13.5,0.17,-0.587
2019-03-15,0.004972519408430465,12.880000114440918,0.16,-0.592
2019-03-18,0.0036990967989085632,13.100000381469727,0.15,-0.592
2019-03-19,-0.00013057007992678393,13.5600004196167,0.15,-0.592
2019-03-20,-0.0029486967407699183,13.90999984741211,0.14,-0.592
2019-03-21,0.010794015494688836,13.630000114440918,0.13,-0.592
2019-03-22,-0.019156827134272802,16.479999542236328,0.13,-0.596
2019-03-25,-0.000839372833310037,16.329999923706055,0.17,-0.596
2019-03-26,0.007157052947934339,14.680000305175781,0.17,-0.596
2019-03-27,-0.004655143276599105,15.149999618530273,0.17,-0.596
2019-03-28,0.0035830547152615466,14.430000305175781,0.16,-0.596
2019-03-29,0.006711706043324384,13.710000038146973,0.14,-0.6
2019-04-01,0.011502195518044545,13.399999618530273,0.16,-0.6
2019-04-02,1.745555485843653e-05,13.359999656677246,0.18,-0.6
2019-04-03,0.00214607242008924,13.739999771118164,0.19,-0.6
2019-04-04,0.002082465242994047,13.579999923706055,0.18,-0.6
2019-04-05,0.00462571762309949,12.819999694824219,0.15,-0.602
2019-04-08,0.001046911750523627,13.180000305175781,0.16,-0.602
2019-04-09,-0.006085976435669771,14.279999732971191,0.16,-0.602
2019-04-10,0.0034718377544997736,13.300000190734863,0.17,-0.602
2019-04-11,3.812234034228368e-05,13.020000457763672,0.16,-0.602
2019-04-12,0.006587578389545712,12.010000228881836,0.16,-0.606
2019-04-15,-0.000629567244356366,12.319999694824219,0.15,-0.606
2019-04-16,0.0005092283251393326,12.180000305175781,0.19,-0.606
2019-04-17,-0.0022764008207385444,12.600000381469727,0.19,-0.606
2019-04-18,0.0015778468242499954,12.09000015258789,0.19,-0.606
2019-04-22,0.0010115058169324342,12.420000076293945,0.21,-0.61
2019-04-23,0.00880235117499506,12.279999732971191,0.21,-0.61
2019-04-24,-0.0021941686030357843,13.140000343322754,0.21,-0.61
2019-04-25,-0.00036904174027263537,13.25,0.21,-0.61
2019-04-26,0.0046743503233042105,12.729999542236328,0.23,-0.612
2019-04-29,0.0010709485042346145,13.109999656677246,0.24,-0.612
2019-04-30,0.0009509646987915232,13.119999885559082,0.24,-0.612
2019-05-01,-0.007530445850291834,14.800000190734863,0.21,-0.612
2019-05-02,-0.002126244648682274,14.420000076293945,0.2,-0.612
2019-05-03,0.009592127478916801,12.869999885559082,0.21,-0.611
2019-05-06,-0.004481013189072236,15.4399995803833,0.2,-0.611
2019-05-07,-0.01664948808890543,19.31999969482422,0.17,-0.611
2019-05-08,-0.0016067153894203656,19.399999618530273,0.19,-0.611
2019-05-09,-0.0030259986619283197,19.100000381469727,0.19,-0.611
2019-05-10,0.003713394069919218,16.040000915527344,0.21,-0.607
2019-05-13,-0.024426469138497886,20.549999237060547,0.22,-0.607
2019-05-14,0.007983987523216385,18.059999465942383,0.22,-0.607
2019-05-15,0.005821994327722457,16.440000534057617,0.21,-0.607
2019-05-16,0.008855957116499447,15.289999961853027,0.2,-0.607
2019-05-17,-0.0058544371740438805,15.960000038146973,0.19,-0.601
2019-05-20,-0.00677225797540526,16.309999465942383,0.2,-0.601
2019-05-21,0.008459949093190922,14.949999809265137,0.17,-0.601
2019-05-22,-0.0028283923638996455,14.75,0.16,-0.601
2019-05-23,-0.011985692241282209,16.920000076293945,0.19,-0.601
2019-05-24,0.0013526437720372542,15.850000381469727,0.16,-0.593
2019-05-28,-0.008410950000260264,17.5,0.14,-0.593
2019-05-29,-0.00693591016723083,17.899999618530273,0.16,-0.593
2019-05-30,0.002096272674997124,17.299999237060547,0.16,-0.593
2019-05-31,-0.013283205250453456,18.709999084472656,0.19,-0.585
2019-06-03,-0.0027690706543079813,18.860000610351562,0.25,-0.585
2019-06-04,0.021205927081077824,16.969999313354492,0.24,-0.585
2019-06-05,0.008128726978813283,16.09000015258789,0.29,-0.585
2019-06-06,0.00611684067600482,15.930000305175781,0.24,-0.585
2019-06-07,0.010442979247259565,16.299999237060547,0.24,-0.577
2019-06-10,0.004649220074766092,15.9399995803833,0.25,-0.577
2019-06-11,-0.0003499414579515303,15.989999771118164,0.22,-0.577
2019-06-12,-0.002039657827237029,15.90999984741211,0.25,-0.577
2019-06-13,0.00408901050284971,15.819999694824219,0.27,-0.577
2019-06-14,-0.0016128117861526903,15.279999732971191,0.25,-0.571
2019-06-17,0.0009313154323526973,15.350000381469727,0.23,-0.571
2019-06-18,0.009670489592970455,15.149999618530273,0.2,-0.571
2019-06-19,0.0029807167930240297,14.329999923706055,0.29,-0.571
2019-06-20,0.009427605335873501,14.75,0.29,-0.571
2019-06-21,-0.001260016279728049,15.399999618530273,0.3,-0.569
2019-06-24,-0.0017333884605870153,15.260000228881836,0.3,-0.569
2019-06-25,-0.00954177564038794,16.280000686645508,0.29,-0.569
2019-06-26,-0.0012346956788036323,16.209999084472656,0.28,-0.569
2019-06-27,0.003815885792590734,15.819999694824219,0.27,-0.569
2019-06-28,0.005740941840599589,15.079999923706055,0.25,-0.569
2019-07-01,0.007643018610953511,14.0600004196167,0.25,-0.569
2019-07-02,0.0029238472769890222,12.930000305175781,0.21,-0.569
2019-07-03,0.007643095660683663,12.569999694824219,0.19,-0.569
2019-07-05,-0.0018075342045484888,13.279999732971191,0.17,-0.571
2019-07-08,-0.0048471730101233845,13.960000038146973,0.17,-0.571
2019-07-09,0.0012357930584538934,14.09000015258789,0.15,-0.571
2019-07-10,0.0045005469360823724,13.029999732971191,0.25,-0.571
2019-07-11,0.002282619578949152,12.930000305175781,0.28,-0.571
2019-07-12,0.0046095343020660096,12.390000343322754,0.28,-0.575
2019-07-15,0.00017585372838446744,12.680000305175781,0.26,-0.575
2019-07-16,-0.00340958455501017,12.859999656677246,0.26,-0.575
2019-07-17,-0.006552665466093899,13.970000267028809,0.23,-0.575
2019-07-18,0.0035755977088189894,13.529999732971191,0.27,-0.575
2019-07-19,-0.006195889464843951,14.449999809265137,0.25,-0.577
2019-07-22,0.002824701686249931,13.529999732971191,0.25,-0.577
2019-07-23,0.006824145139276538,12.609999656677246,0.25,-0.577
2019-07-24,0.0046771928134763385,12.069999694824219,0.22,-0.577
2019-07-25,-0.005276296483600618,12.739999771118164,0.22,-0.577
2019-07-26,0.007360535770782661,12.15999984741211,0.22,-0.577
2019-07-29,-0.0016174219290565617,12.829999923706055,0.21,-0.577
2019-07-30,-0.0025819853720445707,13.9399995803833,0.21,-0.577
2019-07-31,-0.010945206952139408,16.1200008392334,0.13,-0.577
2019-08-01,-0.009039527568805994,17.8700008392334,0.17,-0.577
2019-08-02,-0.007309388539565198,17.610000610351562,0.14,-0.573
2019-08-05,-0.030230182169694864,24.59000015258789,0.16,-0.573
2019-08-06,0.012933023911166686,20.170000076293945,0.13,-0.573
2019-08-07,0.0007665823338589561,19.489999771118164,0.12,-0.573
2019-08-08,0.018588462466865074,16.90999984741211,0.1,-0.573
2019-08-09,-0.006638593133657444,17.969999313354492,0.11,-0.565
2019-08-12,-0.012393809115915033,21.09000015258789,0.07,-0.565
2019-08-13,0.015018346267301474,17.520000457763672,0.02,-0.565
2019-08-14,-0.02973035245453559,22.100000381469727,0.01,-0.565
2019-08-15,0.0024612366981804357,21.18000030517578,0.04,-0.565
2019-08-16,0.014323058172244885,18.469999313354492,0.07,-0.554
2019-08-19,0.012033175564397425,16.8799991607666,0.07,-0.554
2019-08-20,-0.007946215312115257,17.5,0.05,-0.554
2019-08-21,0.008212979557352895,15.800000190734863,0.03,-0.554
2019-08-22,-0.0005062029592783901,16.68000030517578,0.01,-0.554
2019-08-23,-0.026288881122837893,19.8700008392334,0.01,-0.543
2019-08-26,0.010923112730798046,19.31999969482422,0.0,-0.543
2019-08-27,-0.003208321800556746,20.309999465942383,-0.04,-0.543
2019-08-28,0.0065241515305629605,19.350000381469727,-0.03,-0.543
2019-08-29,0.01260748244109422,17.8799991607666,-0.03,-0.543
2019-08-30,0.0006425807598766653,18.979999542236328,0.0,-0.533
2019-09-03,-0.006923009332685304,19.65999984741211,0.0,-0.533
2019-09-04,0.010783725278421308,17.329999923706055,0.04,-0.533
2019-09-05,0.012925912921759597,16.270000457763672,0.02,-0.533
2019-09-06,0.0009101908043769313,15.0,0.02,-0.523
2019-09-09,-9.401467889968984e-05,15.270000457763672,0.05,-0.523
2019-09-10,0.00032225242593053594,15.199999809265137,0.05,-0.523
2019-09-11,0.007203672326387078,14.609999656677246,0.07,-0.523
2019-09-12,0.002875016278233389,14.220000267028809,0.07,-0.523
2019-09-13,-0.0007246768769650913,13.739999771118164,0.11,-0.516
2019-09-16,-0.0031405129163566414,14.670000076293945,0.1,-0.516
2019-09-17,0.002578425372462334,14.4399995803833,0.09,-0.516
2019-09-18,0.00034263328426753503,13.949999809265137,0.03,-0.516
2019-09-19,1.9974521929810862e-05,14.050000190734863,0.05,-0.516
2019-09-20,-0.004907599104880589,15.319999694824219,0.05,-0.511
2019-09-23,-9.694061782816732e-05,14.90999984741211,0.04,-0.511
2019-09-24,-0.008451988963551926,17.049999237060547,0.04,-0.511
2019-09-25,0.006139685241963733,15.960000038146973,0.05,-0.511
2019-09-26,-0.0024318710096125074,16.06999969482422,0.04,-0.511
2019-09-27,-0.0053305345791292424,17.219999313354492,0.06,-0.507
2019-09-30,0.005034910215249155,16.239999771118164,0.05,-0.507
2019-10-01,-0.01233412694541336,18.559999465942383,0.09,-0.507
2019-10-02,-0.018065404187643352,20.559999465942383,0.12,-0.507
2019-10-03,0.007940304773866202,19.1200008392334,0.15,-0.507
2019-10-04,0.014116785239259855,17.040000915527344,0.12,-0.507
2019-10-07,-0.004488352273681606,17.860000610351562,0.1,-0.507
2019-10-08,-0.015683159552110304,20.280000686645508,0.12,-0.507
2019-10-09,0.009063296514845831,18.639999389648438,0.12,-0.507
2019-10-10,0.006395202411782819,17.56999969482422,0.14,-0.507
2019-10-11,0.010879579673789053,15.579999923706055,0.13,-0.511
2019-10-15,0.009906445376488549,13.539999961853027,0.16,-0.511
2019-10-16,-0.0020015445531935683,13.680000305175781,0.17,-0.511
2019-10-17,0.002759021969774622,13.789999961853027,0.16,-0.511
2019-10-18,-0.003927045709799515,14.25,0.18,-0.52
2019-10-21,0.006848114105334702,14.0,0.18,-0.52
2019-10-22,-0.0035750492583765947,14.460000038146973,0.18,-0.52
2019-10-23,0.0028431033458300448,14.010000228881836,0.19,-0.52
2019-10-24,0.0019186046591705974,13.710000038146973,0.19,-0.52
2019-10-25,0.004064429510655998,12.649999618530273,0.17,-0.532
2019-10-28,0.005565819916117931,13.109999656677246,0.21,-0.532
2019-10-29,-0.0008327519564801378,13.199999809265137,0.2,-0.532
2019-10-30,0.0032480894008575234,12.329999923706055,0.17,-0.532
2019-10-31,-0.003027438634539692,13.220000267028809,0.17,-0.532
2019-11-01,0.009615930559647268,12.300000190734863,0.17,-0.546
2019-11-04,0.003697245805312832,12.829999923706055,0.19,-0.546
2019-11-05,-0.0011864027118200227,13.100000381469727,0.23,-0.546
2019-11-06,0.0007022505922886779,12.619999885559082,0.2,-0.546
2019-11-07,0.0027263752442809874,12.729999542236328,0.24,-0.546
2019-11-08,0.0025574031451167656,12.069999694824219,0.26,-0.558
2019-11-12,0.0015634233012633558,12.680000305175781,0.26,-0.558
2019-11-13,0.0007112815701173503,13.0,0.25,-0.558
2019-11-14,0.0008366926144560694,13.050000190734863,0.24,-0.558
2019-11-15,0.0076660287779724,12.050000190734863,0.23,-0.567
2019-11-18,0.0005030263228107401,12.460000038146973,0.21,-0.567
2019-11-19,-0.0005927700996934959,12.859999656677246,0.19,-0.567
2019-11-20,-0.003763256420940664,12.779999732971191,0.17,-0.567
2019-11-21,-0.001584006086188694,13.130000114440918,0.17,-0.567
2019-11-22,0.0021725739423761325,12.34000015258789,0.16,-0.572
2019-11-25,0.007479251887467342,11.869999885559082,0.15,-0.572
2019-11-26,0.0021931636449394887,11.539999961853027,0.16,-0.572
2019-11-27,0.00416573562529976,11.75,0.14,-0.572
2019-11-29,-0.0040192862299885945,12.619999885559082,0.17,-0.572
2019-12-02,-0.008668483693965001,14.90999984741211,0.22,-0.572
2019-12-03,-0.00666022525804344,15.960000038146973,0.19,-0.572
2019-12-04,0.0063036576087700524,14.800000190734863,0.19,-0.572
2019-12-05,0.0014991269266300122,14.520000457763672,0.22,-0.572
2019-12-06,0.009094246030425523,13.619999885559082,0.23,-0.566
2019-12-09,-0.003167833684475596,15.859999656677246,0.2,-0.566
2019-12-10,-0.0010975361689826713,15.680000305175781,0.2,-0.566
2019-12-11,0.0029039375293500314,14.989999771118164,0.18,-0.566
2019-12-12,0.00853866737555542,13.9399995803833,0.24,-0.566
2019-12-13,7.257915021519068e-05,12.630000114440918,0.21,-0.558
2019-12-16,0.007122360942542372,12.140000343322754,0.24,-0.558
2019-12-17,0.00033523602846052825,12.289999961853027,0.26,-0.558
2019-12-18,-0.00043239364052283236,12.579999923706055,0.29,-0.558
2019-12-19,0.004449378821865579,12.5,0.3,-0.558
2019-12-20,0.004932595804334028,12.510000228881836,0.29,-0.55
2019-12-23,0.0008657687142985537,12.609999656677246,0.29,-0.55
2019-12-24,-0.0001954673024684439,12.670000076293945,0.28,-0.55
2019-12-26,0.005115062410053994,12.649999618530273,0.26,-0.55
2019-12-27,3.3984139657050605e-05,13.430000305175781,0.29,-0.546
2019-12-30,-0.005797596079348821,14.819999694824219,0.32,-0.546
2019-12-31,0.0029416906441905866,13.779999732971191,0.34,-0.546
2020-01-02,0.008343895362315834,12.470000267028809,0.3,-0.546
2020-01-03,-0.007084909364953873,14.020000457763672,0.27,-0.551
2020-01-06,0.003527145194272663,13.850000381469727,0.27,-0.551
2020-01-07,-0.002807175084594604,13.789999961853027,0.29,-0.551
2020-01-08,0.004890473485641422,13.449999809265137,0.29,-0.551
2020-01-09,0.006633214116906316,12.539999961853027,0.27,-0.551
2020-01-10,-0.002859262487506342,12.5600004196167,0.27,-0.564
2020-01-13,0.006951994045934384,12.319999694824219,0.27,-0.564
2020-01-14,-0.0015156808368956831,12.390000343322754,0.24,-0.564
2020-01-15,0.0018684502436876471,12.420000076293945,0.23,-0.564
2020-01-16,0.008331747422232638,12.319999694824219,0.23,-0.564
2020-01-17,0.0038547232474837045,12.100000381469727,0.26,-0.584
2020-01-21,-0.002655500369584729,12.850000381469727,0.25,-0.584
2020-01-22,0.0002890342966814785,12.90999984741211,0.24,-0.584
2020-01-23,0.001140326193358021,12.979999542236328,0.23,-0.584
2020-01-24,-0.00908328942619363,14.5600004196167,0.21,-0.606
2020-01-27,-0.015855752356843666,18.229999542236328,0.17,-0.606
2020-01-28,0.01000338350035257,16.280000686645508,0.2,-0.606
2020-01-29,-0.0008672501435853519,16.389999389648438,0.18,-0.606
2020-01-30,0.0031294569302104946,15.489999771118164,0.16,-0.606
2020-01-31,-0.017864443571362187,18.84000015258789,0.18,-0.619
2020-02-03,0.00722842576123206,17.969999313354492,0.18,-0.619
2020-02-04,0.014869315917506398,16.049999237060547,0.2,-0.619
2020-02-05,0.011187778658973357,15.149999618530273,0.22,-0.619
2020-02-06,0.0033201550570023386,14.960000038146973,0.21,-0.619
2020-02-07,-0.005415491009459927,15.470000267028809,0.18,-0.617
2020-02-10,0.007299690120573743,15.039999961853027,0.19,-0.617
2020-02-11,0.001687048686003223,15.180000305175781,0.18,-0.617
2020-02-12,0.006441853105203066,13.739999771118164,0.18,-0.617
2020-02-13,-0.0016317763599893453,14.149999618530273,0.17,-0.617
2020-02-14,0.0018418360984853166,13.680000305175781,0.17,-0.591
2020-02-18,-0.002924213986148061,14.829999923706055,0.14,-0.591
2020-02-19,0.004694748284284955,14.380000114440918,0.14,-0.591
2020-02-20,-0.0038228174279968385,15.5600004196167,0.13,-0.591
2020-02-21,-0.010573809232820253,17.079999923706055,0.12,-0.531
2020-02-24,-0.034088079420440565,25.030000686645508,0.12,-0.531
2020-02-25,-0.03074790437535313,27.850000381469727,0.13,-0.531
2020-02-26,-0.0037856973235292912,27.559999465942383,0.17,-0.531
2020-02-27,-0.045168136352262245,39.15999984741211,0.19,-0.531
2020-02-28,-0.008272463109652683,40.11000061035156,0.27,-0.431
2020-03-02,0.04501086876941329,33.41999816894531,0.26,-0.431
2020-03-03,-0.02851048492291497,36.81999969482422,0.31,-0.431
2020-03-04,0.04133634936063402,31.989999771118164,0.35,-0.431
2020-03-05,-0.03451078243998218,39.619998931884766,0.33,-0.431
2020-03-06,-0.017200943652385448,41.939998626708984,0.25,-0.293
2020-03-09,-0.07901041294037192,54.459999084472656,0.16,-0.293
2020-03-10,0.048215052425859106,47.29999923706055,0.26,-0.293
2020-03-11,-0.05010289280860558,53.900001525878906,0.32,-0.293
2020-03-12,-0.09994485240247286,75.47000122070312,0.38,-0.293
2020-03-13,0.08880840694923542,57.83000183105469,0.45,-0.132
2020-03-16,-0.12765219747281709,82.69000244140625,0.37,-0.132
2020-03-17,0.05822631263569189,75.91000366210938,0.55,-0.132
2020-03-18,-0.05322227233208032,76.44999694824219,0.64,-0.132
2020-03-19,0.004696760970401392,72.0,0.68,-0.132
2020-03-20,-0.04432762405336721,66.04000091552734,0.55,0.033
2020-03-23,-0.02973150100957689,61.59000015258789,0.48,0.033
2020-03-24,0.08968323251796306,61.66999816894531,0.46,0.033
2020-03-25,0.0114689904208225,63.95000076293945,0.54,0.033
2020-03-26,0.06054383107424677,61.0,0.53,0.033
2020-03-27,-0.03426784554162676,65.54000091552734,0.47,0.177
2020-03-30,0.032966590569975196,57.08000183105469,0.47,0.177
2020-03-31,-0.01614231078841577,53.540000915527344,0.47,0.177
2020-04-01,-0.04514636273278683,57.060001373291016,0.39,0.177
2020-04-02,0.02257265705696021,50.90999984741211,0.4,0.177
2020-04-03,-0.015252860825945014,46.79999923706055,0.39,0.269
2020-04-06,0.06796824414483105,45.2400016784668,0.4,0.269
2020-04-07,-0.0016043390483631015,46.70000076293945,0.47,0.269
2020-04-08,0.033489371191285144,43.349998474121094,0.5,0.269
2020-04-09,0.014383470303699575,41.66999816894531,0.5,0.269
2020-04-13,-0.010156059444677012,41.16999816894531,0.51,0.306
2020-04-14,0.03011455957230691,37.7599983215332,0.53,0.306
2020-04-15,-0.022276732672368738,40.84000015258789,0.43,0.306
2020-04-16,0.005799837839541411,40.11000061035156,0.41,0.306
2020-04-17,0.026440932021320585,38.150001525878906,0.45,0.292
2020-04-20,-0.018042845615347858,43.83000183105469,0.43,0.292
2020-04-21,-0.031155115236330744,45.40999984741211,0.38,0.292
2020-04-22,0.022671300582136844,41.97999954223633,0.41,0.292
2020-04-23,-0.0005395676601960275,41.380001068115234,0.39,0.292
2020-04-24,0.013822090566839584,35.93000030517578,0.38,0.236
2020-04-27,0.014606868181735955,33.290000915527344,0.43,0.236
2020-04-28,-0.005256170190484077,33.56999969482422,0.42,0.236
2020-04-29,0.026236704045073722,31.229999542236328,0.43,0.236
2020-04-30,-0.00925514331905486,34.150001525878906,0.44,0.236
2020-05-01,-0.02846021101477625,37.189998626708984,0.44,0.158
2020-05-04,0.004240822578849723,35.970001220703125,0.45,0.158
2020-05-05,0.008999935197779863,33.61000061035156,0.47,0.158
2020-05-06,-0.00700388039904265,34.119998931884766,0.55,0.158
2020-05-07,0.0114389557548904,31.440000534057617,0.5,0.158
2020-05-08,0.016730795065226012,27.979999542236328,0.53,0.061
2020-05-11,0.00013306936679136072,27.56999969482422,0.56,0.061
2020-05-12,-0.020713365772047965,33.040000915527344,0.52,0.061
2020-05-13,-0.01761699662428029,35.279998779296875,0.48,0.061
2020-05-14,0.011458917804072044,32.61000061035156,0.47,0.061
2020-05-15,0.003918675203722799,31.889999389648438,0.48,-0.038
2020-05-18,0.031015208770073244,29.299999237060547,0.55,-0.038
2020-05-19,-0.010539747711598935,30.530000686645508,0.53,-0.038
2020-05-20,0.016513990613415075,27.989999771118164,0.52,-0.038
2020-05-21,-0.007803968309953113,29.530000686645508,0.51,-0.038
2020-05-22,0.002350945686812267,28.15999984741211,0.49,-0.127
2020-05-26,0.012214285021459936,28.010000228881836,0.51,-0.127
2020-05-27,0.014718447490315256,27.6200008392334,0.49,-0.127
2020-05-28,-0.0021101393249196576,28.59000015258789,0.53,-0.127
2020-05-29,0.0048007935523077805,27.510000228881836,0.49,-0.206
2020-06-01,0.003744216478363427,28.229999542236328,0.52,-0.206
2020-06-02,0.008177307282400292,26.84000015258789,0.51,-0.206
2020-06-03,0.013556670812562288,25.65999984741211,0.58,-0.206
2020-06-04,-0.0033743890836088752,25.809999465942383,0.63,-0.206
2020-06-05,0.025874012821637038,24.520000457763672,0.69,-0.269
2020-06-08,0.01196965640580494,25.809999465942383,0.66,-0.269
2020-06-09,-0.007829743419721424,27.56999969482422,0.64,-0.269
2020-06-10,-0.0053272557351817795,27.56999969482422,0.58,-0.269
2020-06-11,-0.060752692996288715,40.790000915527344,0.47,-0.269
2020-06-12,0.012976286605210774,36.09000015258789,0.52,-0.315
2020-06-15,0.008277860818175498,34.400001525878906,0.52,-0.315
2020-06-16,0.018784852866710722,33.66999816894531,0.54,-0.315
2020-06-17,-0.0036067962326296055,33.470001220703125,0.55,-0.315
2020-06-18,0.0005940434038027576,32.939998626708984,0.52,-0.315
2020-06-19,-0.0056655135656740185,35.119998931884766,0.51,-0.344
2020-06-22,0.006474093296658268,31.770000457763672,0.52,-0.344
2020-06-23,0.004298169191484291,31.3700008392334,0.54,-0.344
2020-06-24,-0.02619526559566232,33.84000015258789,0.5,-0.344
2020-06-25,0.010899827728216849,32.220001220703125,0.51,-0.344
2020-06-26,-0.024525204274830514,34.72999954223633,0.47,-0.366
2020-06-29,0.01457888811353314,31.780000686645508,0.48,-0.366
2020-06-30,0.015292349435755526,30.43000030517578,0.5,-0.366
2020-07-01,0.0050095639758716,28.6200008392334,0.52,-0.366
2020-07-02,0.004530970476816165,27.68000030517578,0.52,-0.366
2020-07-06,0.015756930832163007,27.940000534057617,0.53,-0.384
2020-07-07,-0.010877477869643215,29.43000030517578,0.49,-0.384
2020-07-08,0.0077969862634308384,28.079999923706055,0.51,-0.384
2020-07-09,-0.005659591476195658,29.260000228881836,0.46,-0.384
2020-07-10,0.010411809774444336,27.290000915527344,0.49,-0.401
2020-07-13,-0.009406645216058607,32.189998626708984,0.48,-0.401
2020-07-14,0.013317300582903258,29.520000457763672,0.49,-0.401
2020-07-15,0.009041056936354153,27.760000228881836,0.48,-0.401
2020-07-16,-0.003411915214114103,28.0,0.46,-0.401
2020-07-17,0.0028445625875832548,25.68000030517578,0.5,-0.419
2020-07-20,0.008371797255140478,24.459999084472656,0.46,-0.419
2020-07-21,0.0016776293345603932,24.84000015258789,0.47,-0.419
2020-07-22,0.00573063059447243,24.31999969482422,0.46,-0.419
2020-07-23,-0.012396378412246278,26.079999923706055,0.43,-0.419
2020-07-24,-0.006209640024275487,25.84000015258789,0.45,-0.438
2020-07-27,0.007367928821482295,24.739999771118164,0.47,-0.438
2020-07-28,-0.0064944354186469155,25.440000534057617,0.45,-0.438
2020-07-29,0.01235178335174325,24.100000381469727,0.46,-0.438
2020-07-30,-0.003757301763455345,24.760000228881836,0.44,-0.438
2020-07-31,0.007641236242175609,24.459999084472656,0.44,-0.457
2020-08-03,0.007155362664359899,24.280000686645508,0.45,-0.457
2020-08-04,0.0036054230261335363,23.760000228881836,0.41,-0.457
2020-08-05,0.006409160435516981,22.989999771118164,0.44,-0.457
2020-08-06,0.006407126020665288,22.649999618530273,0.44,-0.457
2020-08-07,0.0006328292699571136,22.209999084472656,0.44,-0.474
2020-08-10,0.0027384652733921655,22.1299991607666,0.45,-0.474
2020-08-11,-0.008001055401377855,24.030000686645508,0.48,-0.474
2020-08-12,0.013899502293613253,22.280000686645508,0.53,-0.474
2020-08-13,-0.0020492726761567326,22.1299991607666,0.55,-0.474
2020-08-14,-0.00017189739627809786,22.049999237060547,0.57,-0.488
2020-08-17,0.002706177507423746,21.350000381469727,0.55,-0.488
2020-08-18,0.002300740419816094,21.510000228881836,0.53,-0.488
2020-08-19,-0.004414123345181764,22.540000915527344,0.54,-0.488
2020-08-20,0.003153654768345504,22.719999313354492,0.52,-0.488
2020-08-21,0.0034351999829738133,22.540000915527344,0.48,-0.498
2020-08-24,0.009993615364901842,22.3700008392334,0.51,-0.498
2020-08-25,0.003589899745540137,22.030000686645508,0.54,-0.498
2020-08-26,0.010144001344842835,23.270000457763672,0.53,-0.498
2020-08-27,0.0016716460318093596,24.469999313354492,0.58,-0.498
2020-08-28,0.006710002849569463,22.959999084472656,0.6,-0.505
2020-08-31,-0.0021973751755091087,26.40999984741211,0.58,-0.505
2020-09-01,0.007496831420706229,26.1200008392334,0.55,-0.505
2020-09-02,0.015249050143870235,26.56999969482422,0.52,-0.505
2020-09-03,-0.03575759414218638,33.599998474121094,0.5,-0.505
2020-09-04,-0.008166280754274169,30.75,0.58,-0.507
2020-09-08,-0.028148829086466876,31.459999084472656,0.55,-0.507
2020-09-09,0.019944760662180983,28.809999465942383,0.57,-0.507
2020-09-10,-0.017741245925396498,29.709999084472656,0.54,-0.507
2020-09-11,0.000532930158087197,26.8700008392334,0.54,-0.505
2020-09-14,0.0126613350250242,25.850000381469727,0.54,-0.505
2020-09-15,0.005205785930499474,25.59000015258789,0.54,-0.505
2020-09-16,-0.00462964689215184,26.040000915527344,0.55,-0.505
2020-09-17,-0.008447949528552101,26.459999084472656,0.56,-0.505
2020-09-18,-0.011245576947828795,25.829999923706055,0.56,-0.501
2020-09-21,-0.011638564027299125,27.780000686645508,0.54,-0.501
2020-09-22,0.010463016398377434,26.860000610351562,0.55,-0.501
2020-09-23,-0.0240073389143749,28.579999923706055,0.54,-0.501
2020-09-24,0.002983005554629159,28.510000228881836,0.53,-0.501
2020-09-25,0.01585043922418805,26.3799991607666,0.54,-0.497
2020-09-28,0.015982191853854744,26.190000534057617,0.53,-0.497
2020-09-29,-0.004824282704444016,26.270000457763672,0.55,-0.497
2020-09-30,0.008219842568379931,26.3700008392334,0.56,-0.497
2020-10-01,0.005278949564294422,26.700000762939453,0.54,-0.497
2020-10-02,-0.00962381286637104,27.6299991607666,0.57,-0.491
2020-10-05,0.01781310900290123,27.959999084472656,0.64,-0.491
2020-10-06,-0.014072064387523397,29.479999542236328,0.62,-0.491
2020-10-07,0.01724716377024116,28.059999465942383,0.65,-0.491
2020-10-08,0.00797821289486933,26.360000610351562,0.65,-0.491
2020-10-09,0.008755095180752903,25.0,0.63,-0.488
2020-10-13,-0.006326891629163001,26.06999969482422,0.58,-0.488
2020-10-14,-0.006645172084059681,26.399999618530273,0.59,-0.488
2020-10-15,-0.0015289235142130764,26.969999313354492,0.6,-0.488
2020-10-16,0.0001349104566301662,27.40999984741211,0.62,-0.488
2020-10-19,-0.01646466351494169,29.18000030517578,0.62,-0.488
2020-10-20,0.004716195320000338,29.350000381469727,0.67,-0.488
2020-10-21,-0.002198114011569885,28.649999618530273,0.69,-0.488
2020-10-22,0.005205354003491536,28.110000610351562,0.71,-0.488
2020-10-23,0.003439838320389299,27.549999237060547,0.67,-0.491
2020-10-26,-0.018764472985321135,32.459999084472656,0.65,-0.491
2020-10-27,-0.0030302053504467352,33.349998474121094,0.63,-0.491
2020-10-28,-0.035925542108577346,40.279998779296875,0.63,-0.491
2020-10-29,0.011876524939998134,37.59000015258789,0.69,-0.491
2020-10-30,-0.0122037134452615,38.02000045776367,0.74,-0.497
2020-11-02,0.012242950890591686,37.130001068115234,0.71,-0.497
2020-11-03,0.01764273768407776,35.54999923706055,0.73,-0.497
2020-11-04,0.02180752565509181,29.56999969482422,0.64,-0.497
2020-11-05,0.019273265776702075,27.579999923706055,0.65,-0.497
2020-11-06,-0.0002877565853740549,24.860000610351562,0.67,-0.506
2020-11-09,0.011631974746343587,25.75,0.79,-0.506
2020-11-10,-0.0014007752208673452,24.799999237060547,0.79,-0.506
2020-11-12,-0.010028651547070666,25.350000381469727,0.71,-0.506
2020-11-13,0.013518546706293932,23.100000381469727,0.72,-0.519
2020-11-16,0.011580734922832292,22.450000762939453,0.72,-0.519
2020-11-17,-0.004803443784647143,22.709999084472656,0.69,-0.519
2020-11-18,-0.011631210647481183,23.84000015258789,0.72,-0.519
2020-11-19,0.003938675690733362,23.110000610351562,0.68,-0.519
2020-11-20,-0.006815737372919628,23.700000762939453,0.67,-0.536
2020-11-23,0.005620108181849659,22.65999984741211,0.7,-0.536
2020-11-24,0.016032458814033035,21.639999389648438,0.72,-0.536
2020-11-25,-0.0015856747555105244,21.25,0.71,-0.536
2020-11-27,0.002394111025902035,20.84000015258789,0.68,-0.552
2020-11-30,-0.004606140636973066,20.56999969482422,0.68,-0.552
2020-12-01,0.011208140661594257,20.770000457763672,0.75,-0.552
2020-12-02,0.0017895645286039041,21.170000076293945,0.79,-0.552
2020-12-03,-0.0006243520802939884,21.280000686645508,0.76,-0.552
2020-12-04,0.008797463715186638,20.790000915527344,0.81,-0.567
2020-12-07,-0.0019375134389640891,21.299999237060547,0.8,-0.567
2020-12-08,0.0027832711701716306,20.68000030517578,0.78,-0.567
2020-12-09,-0.007980964948473002,22.270000457763672,0.79,-0.567
2020-12-10,-0.0012859345277718148,22.520000457763672,0.78,-0.567
2020-12-11,-0.0012657980842316618,23.309999465942383,0.79,-0.579
2020-12-14,-0.00436878824514686,24.719999313354492,0.77,-0.579
2020-12-15,0.012838482022218045,22.889999389648438,0.81,-0.579
2020-12-16,0.0017712256203239463,22.5,0.79,-0.579
2020-12-17,0.0057411428089828576,21.93000030517578,0.81,-0.579
2020-12-18,-0.003517296952148641,21.56999969482422,0.82,-0.59
2020-12-21,-0.003913928486909413,25.15999984741211,0.82,-0.59
2020-12-22,-0.0020752446917704503,24.229999542236328,0.8,-0.59
2020-12-23,0.000745533271818033,23.309999465942383,0.83,-0.59
2020-12-24,0.0035303499794867577,21.530000686645508,0.81,-0.59
2020-12-28,0.00868470753841244,21.700000762939453,0.81,-0.597
2020-12-29,-0.002229864827279826,23.079999923706055,0.82,-0.597
2020-12-30,0.00134064809508061,22.770000457763672,0.81,-0.597
2020-12-31,0.006418204711703623,22.75,0.8,-0.597
2021-01-04,-0.014864762712026192,26.969999313354492,0.82,-0.603
2021-01-05,0.00705763138336124,25.34000015258789,0.83,-0.603
2021-01-06,0.005693603382475487,25.06999969482422,0.9,-0.603
2021-01-07,0.0147382601077517,22.3700008392334,0.94,-0.603
2021-01-08,0.005476837393516121,21.559999465942383,0.99,-0.608
2021-01-11,-0.006576327616620858,24.079999923706055,1.01,-0.608
2021-01-12,0.0004157020305690651,23.329999923706055,1.01,-0.608
2021-01-13,0.0022730563867252584,22.209999084472656,0.96,-0.608
2021-01-14,-0.00376051306874281,23.25,0.99,-0.608
2021-01-15,-0.0072160007982784435,24.34000015258789,0.98,-0.613
2021-01-19,0.008103457635762368,23.239999771118164,0.96,-0.613
2021-01-20,0.013839417376511065,21.579999923706055,0.97,-0.613
2021-01-21,0.00031667316131311907,21.31999969482422,0.99,-0.613
2021-01-22,-0.0030151526629378367,21.90999984741211,0.97,-0.616
2021-01-25,0.003609317513017629,23.190000534057617,0.92,-0.616
2021-01-26,-0.0014899431611539171,23.020000457763672,0.94,-0.616
2021-01-27,-0.026013315126100167,37.209999084472656,0.92,-0.616
2021-01-28,0.009713298778759594,30.209999084472656,0.95,-0.616
2021-01-29,-0.019500377654791734,33.09000015258789,1.0,-0.617
2021-02-01,0.015924300234678057,30.239999771118164,0.98,-0.617
2021-02-02,0.013802528814311543,25.559999465942383,1.01,-0.617
2021-02-03,0.0010082606153449802,22.90999984741211,1.04,-0.617
2021-02-04,0.010794847643921912,21.770000457763672,1.04,-0.617
2021-02-05,0.0038899196077633036,20.8700008392334,1.1,-0.618
2021-02-08,0.007372107476289358,21.239999771118164,1.08,-0.618
2021-02-09,-0.001114145421722057,21.6299991607666,1.07,-0.618
2021-02-10,-0.00034524452239104164,21.989999771118164,1.04,-0.618
2021-02-11,0.001661074814588659,21.25,1.05,-0.618
2021-02-12,0.0046999709261612566,19.969999313354492,1.09,-0.62
2021-02-16,-0.0005694345154143576,21.459999084472656,1.17,-0.62
2021-02-17,-0.0003204533489178374,21.5,1.18,-0.62
2021-02-18,-0.004425614227242747,22.489999771118164,1.18,-0.62
2021-02-19,-0.0018566190956654793,22.049999237060547,1.23,-0.622
2021-02-22,-0.007762892893710571,23.450000762939453,1.26,-0.622
2021-02-23,0.0012555296115266401,23.110000610351562,1.26,-0.622
2021-02-24,0.011287667670986323,21.34000015258789,1.26,-0.622
2021-02-25,-0.024783394424172656,28.889999389648438,1.37,-0.622
2021-02-26,-0.004761532293798609,27.950000762939453,1.3,-0.624
2021-03-01,0.023512173225693545,23.350000381469727,1.32,-0.624
2021-03-02,-0.008113678739508856,24.100000381469727,1.29,-0.624
2021-03-03,-0.013152335894801581,26.670000076293945,1.33,-0.624
2021-03-04,-0.013508038064390604,28.56999969482422,1.4,-0.624
2021-03-05,0.019308356338710198,24.65999984741211,1.42,-0.626
2021-03-08,-0.00537364322402567,25.469999313354492,1.42,-0.626
2021-03-09,0.014055400743931301,24.030000686645508,1.38,-0.626
2021-03-10,0.006012203770987767,22.559999465942383,1.37,-0.626
2021-03-11,0.010341825500656654,21.90999984741211,1.4,-0.626
2021-03-12,0.001014883327531635,20.690000534057617,1.5,-0.63
2021-03-15,0.006470939539413578,20.030000686645508,1.48,-0.63
2021-03-16,-0.0015709169785971255,19.790000915527344,1.47,-0.63
2021-03-17,0.0028752446501592033,19.229999542236328,1.5,-0.63
2021-03-18,-0.014870560065947558,21.579999923706055,1.55,-0.63
2021-03-19,-0.0006028856737536614,20.950000762939453,1.58,-0.635
2021-03-22,0.007000556898342225,18.8799991607666,1.54,-0.635
2021-03-23,-0.007660118119334314,20.299999237060547,1.48,-0.635
2021-03-24,-0.005482336600348248,21.200000762939453,1.48,-0.635
2021-03-25,0.0052265834327283045,19.809999465942383,1.49,-0.635
2021-03-26,0.01649441865871637,18.860000610351562,1.53,-0.641
2021-03-29,-0.0008683896263868007,20.739999771118164,1.59,-0.641
2021-03-30,-0.0031628294096499587,19.610000610351562,1.57,-0.641
2021-03-31,0.0036159535924209507,19.399999618530273,1.58,-0.641
2021-04-01,0.011755830427674141,17.329999923706055,1.52,-0.641
2021-04-05,0.0143349877622434,17.90999984741211,1.56,-0.648
2021-04-06,-0.0009740049407973572,18.1200008392334,1.51,-0.648
2021-04-07,0.001474145698107776,17.15999984741211,1.52,-0.648
2021-04-08,0.00421175094059123,16.950000762939453,1.5,-0.648
2021-04-09,0.0076902881356879504,16.690000534057617,1.51,-0.655
2021-04-12,-0.00019609807474019192,16.90999984741211,1.51,-0.655
2021-04-13,0.0032890718770630656,16.649999618530273,1.48,-0.655
2021-04-14,-0.004096104320730376,16.989999771118164,1.48,-0.655
2021-04-15,0.011033101401119794,16.56999969482422,1.4,-0.655
2021-04-16,0.003602323390516915,16.25,1.43,-0.663
2021-04-19,-0.0053206898937574465,17.290000915527344,1.45,-0.663
2021-04-20,-0.006825561005078029,18.68000030517578,1.43,-0.663
2021-04-21,0.009263020919853204,17.5,1.42,-0.663
2021-04-22,-0.009253337860554822,18.709999084472656,1.41,-0.663
2021-04-23,0.0108694098955322,17.329999923706055,1.42,-0.67
2021-04-26,0.0017806845645829128,17.639999389648438,1.4,-0.67
2021-04-27,-0.0002149189814453223,17.559999465942383,1.46,-0.67
2021-04-28,-0.0008458975873963936,17.280000686645508,1.46,-0.67
2021-04-29,0.0067400415367036,17.610000610351562,1.49,-0.67
2021-04-30,-0.007220713417121161,18.610000610351562,1.49,-0.676
2021-05-03,0.002744321649512216,18.309999465942383,1.47,-0.676
2021-05-04,-0.0067007374898473415,19.479999542236328,1.45,-0.676
2021-05-05,0.00070321644711413,19.149999618530273,1.43,-0.676
2021-05-06,0.008132299498631923,18.389999389648438,1.42,-0.676
2021-05-07,0.007346291419187523,16.690000534057617,1.46,-0.681
2021-05-10,-0.0104904805031385,19.65999984741211,1.47,-0.681
2021-05-11,-0.008711750141781494,21.84000015258789,1.48,-0.681
2021-05-12,-0.021682782358302788,27.59000015258789,1.53,-0.681
2021-05-13,0.012099644578093205,23.1299991607666,1.5,-0.681
2021-05-14,0.014807778563623586,18.809999465942383,1.47,-0.686
2021-05-17,-0.0025332581839609958,19.719999313354492,1.48,-0.686
2021-05-18,-0.00855377238403321,21.34000015258789,1.48,-0.686
2021-05-19,-0.0029477518113782963,22.18000030517578,1.52,-0.686
2021-05-20,0.010499429334508648,20.670000076293945,1.48,-0.686
2021-05-21,-0.0007841880752526009,20.149999618530273,1.46,-0.688
2021-05-24,0.009862497481215371,18.399999618530273,1.46,-0.688
2021-05-25,-0.002127545400828268,18.84000015258789,1.41,-0.688
2021-05-26,0.0018750575506114586,17.360000610351562,1.44,-0.688
2021-05-27,0.001164636089862725,16.739999771118164,1.47,-0.688
2021-05-28,0.0007685864528870212,16.760000228881836,1.44,-0.69
2021-06-01,-0.0004924547586302452,17.899999618530273,1.46,-0.69
2021-06-02,0.0014458890369013488,17.479999542236328,1.46,-0.69
2021-06-03,-0.0036353030560487554,18.040000915527344,1.47,-0.69
2021-06-04,0.008795303383015707,16.420000076293945,1.42,-0.692
2021-06-07,-0.0007970562694215033,16.420000076293945,1.41,-0.692
2021-06-08,0.00017500954944082991,17.06999969482422,1.39,-0.692
2021-06-09,-0.001825532590615353,17.889999389648438,1.34,-0.692
2021-06-10,0.00464145477646305,16.100000381469727,1.31,-0.692
2021-06-11,0.0019465389328079397,15.649999618530273,1.31,-0.693
2021-06-14,0.0018135563851373604,16.389999389648438,1.35,-0.693
2021-06-15,-0.0020137199542773487,17.020000457763672,1.35,-0.693
2021-06-16,-0.005404703747025508,18.149999618530273,1.36,-0.693
2021-06-17,-0.00043581054367258787,17.75,1.29,-0.693
2021-06-18,-0.013211355687284154,20.700000762939453,1.19,-0.693
2021-06-21,0.013905163512319518,17.889999389648438,1.23,-0.693
2021-06-22,0.005111406378990324,16.65999984741211,1.23,-0.693
2021-06-23,-0.0010838705186486663,16.31999969482422,1.24,-0.693
2021-06-24,0.005794429545916913,15.970000267028809,1.23,-0.693
2021-06-25,0.0033250631646861706,15.619999885559082,1.26,-0.689
2021-06-28,0.0023122888604731884,15.760000228881836,1.24,-0.689
2021-06-29,0.0002772977426861445,16.020000457763672,1.22,-0.689
2021-06-30,0.0013272784229076962,15.829999923706055,1.2,-0.689
2021-07-01,0.005208041432254618,15.479999542236328,1.23,-0.689
2021-07-02,0.007472095894691222,15.069999694824219,1.2,-0.685
2021-07-06,-0.002023902770021735,16.440000534057617,1.15,-0.685
2021-07-07,0.003353346553662817,16.200000762939453,1.11,-0.685
2021-07-08,-0.008597881009555053,19.0,1.11,-0.685
2021-07-09,0.01121482590241385,16.18000030517578,1.14,-0.68
2021-07-12,0.003445232695593603,16.170000076293945,1.15,-0.68
2021-07-13,-0.003523011181165714,17.1200008392334,1.16,-0.68
2021-07-14,0.001164256565468591,16.329999923706055,1.14,-0.68
2021-07-15,-0.0032675735627449853,17.010000228881836,1.08,-0.68
2021-07-16,-0.007567415006812794,18.450000762939453,1.06,-0.673
2021-07-19,-0.015996781399984172,22.5,0.98,-0.673
2021-07-20,0.015048806004799076,19.729999542236328,1.03,-0.673
2021-07-21,0.008208041662143728,17.90999984741211,1.08,-0.673
2021-07-22,0.00201463920924283,17.690000534057617,1.07,-0.673
2021-07-23,0.0100943323862559,17.200000762939453,1.08,-0.666
2021-07-26,0.00237936692272811,17.579999923706055,1.07,-0.666
2021-07-27,-0.004723583382176599,19.360000610351562,1.05,-0.666
2021-07-28,-0.00018627923155278836,18.309999465942383,1.06,-0.666
2021-07-29,0.0041973318452726005,17.700000762939453,1.08,-0.666
2021-07-30,-0.005420713608261352,18.239999771118164,1.05,-0.66
2021-08-02,-0.00184450567006067,19.459999084472656,1.03,-0.66
2021-08-03,0.008169961338918341,18.040000915527344,1.02,-0.66
2021-08-04,-0.004643150661296502,17.969999313354492,1.02,-0.66
2021-08-05,0.005987485990420538,17.280000686645508,1.02,-0.66
2021-08-06,0.0016738645485290249,16.149999618530273,1.1,-0.654
2021-08-09,-0.0009403502649565354,16.719999313354492,1.1,-0.654
2021-08-10,0.0009921869538640493,16.790000915527344,1.12,-0.654
2021-08-11,0.0012749307180150993,16.170000076293945,1.12,-0.654
2021-08-12,0.00413780773547856,15.59000015258789,1.13,-0.654
2021-08-13,0.001606016320923942,15.449999809265137,1.06,-0.649
2021-08-16,0.002617422261993241,16.1200008392334,1.05,-0.649
2021-08-17,-0.007085743507136755,17.90999984741211,1.03,-0.649
2021-08-18,-0.010806652845255726,21.56999969482422,1.04,-0.649
2021-08-19,0.0012559032561583194,21.670000076293945,1.02,-0.649
2021-08-20,0.008108603890741861,18.559999465942383,1.03,-0.647
2021-08-23,0.008487667984411473,17.149999618530273,1.02,-0.647
2021-08-24,0.0014946188019617779,17.219999313354492,1.05,-0.647
2021-08-25,0.0022176574032517493,16.790000915527344,1.12,-0.647
2021-08-26,-0.005841949827603443,18.84000015258789,1.09,-0.647
2021-08-27,0.0087690715404527,16.389999389648438,1.09,-0.645
2021-08-30,0.004297324106874001,16.190000534057617,1.09,-0.645
2021-08-31,-0.001350026915892144,16.479999542236328,1.1,-0.645
2021-09-01,0.00031164006095174557,16.110000610351562,1.11,-0.645
2021-09-02,0.002838605754405421,16.40999984741211,1.09,-0.645
2021-09-03,-0.00033508726118114396,16.40999984741211,1.12,-0.646
2021-09-07,-0.0034013524523217598,18.139999389648438,1.16,-0.646
2021-09-08,-0.0013194368138158552,17.959999084472656,1.13,-0.646
2021-09-09,-0.004616247150002195,18.799999237060547,1.07,-0.646
2021-09-10,-0.007752552286277137,20.950000762939453,1.12,-0.647
2021-09-13,0.0022739003463705387,19.3700008392334,1.12,-0.647
2021-09-14,-0.005763213966258007,19.459999084472656,1.07,-0.647
2021-09-15,0.008438294222079534,18.18000030517578,1.1,-0.647
2021-09-16,-0.001552344712765219,18.690000534057617,1.11,-0.647
2021-09-17,-0.009152630275798046,20.809999465942383,1.14,-0.649
2021-09-20,-0.017123077726381553,25.709999084472656,1.08,-0.649
2021-09-21,-0.0008126886585468895,24.360000610351562,1.11,-0.649
2021-09-22,0.009474585224218401,20.8700008392334,1.07,-0.649
2021-09-23,0.012061680369937378,18.6299991607666,1.14,-0.649
2021-09-24,0.0014599428113637458,17.75,1.18,-0.651
2021-09-27,-0.0027802439201884965,18.760000228881836,1.17,-0.651
2021-09-28,-0.020574317739892933,23.25,1.23,-0.651
2021-09-29,0.0015679543362843162,22.559999465942383,1.25,-0.651
2021-09-30,-0.011981202945015923,23.139999389648438,1.24,-0.651
2021-10-01,0.011425952113334858,21.100000381469727,1.21,-0.652
2021-10-04,-0.013070952048643392,22.959999084472656,1.22,-0.652
2021-10-05,0.010469517498600922,21.299999237060547,1.26,-0.652
2021-10-06,0.004094399349623856,21.0,1.23,-0.652
2021-10-07,0.008264039225066355,19.540000915527344,1.26,-0.652
2021-10-08,-0.0019155566024213755,18.770000457763672,1.29,-0.652
2021-10-12,-0.002419705686554252,19.850000381469727,1.24,-0.652
2021-10-13,0.003017955870230793,18.639999389648438,1.19,-0.652
2021-10-14,0.016919162285711664,16.860000610351562,1.16,-0.652
2021-10-15,0.00743252063718991,16.299999237060547,1.18,-0.65
2021-10-18,0.003369087801804227,16.309999465942383,1.15,-0.65
2021-10-19,0.007366142784235308,15.699999809265137,1.24,-0.65
2021-10-20,0.003657333598560797,15.489999771118164,1.25,-0.65
2021-10-21,0.002991393168359835,15.010000228881836,1.23,-0.65
2021-10-22,-0.0010731292246628499,15.430000305175781,1.18,-0.645
2021-10-25,0.004736959440853283,15.239999771118164,1.17,-0.645
2021-10-26,0.0018181414322437917,15.979999542236328,1.16,-0.645
2021-10-27,-0.005064370371105298,16.979999542236328,1.04,-0.645
2021-10-28,0.009781288424184353,16.530000686645508,1.07,-0.645
2021-10-29,0.0019474372317169752,16.260000228881836,1.07,-0.635
2021-11-01,0.0017984589459025813,16.40999984741211,1.08,-0.635
2021-11-02,0.0036736071203886667,16.030000686645508,1.1,-0.635
2021-11-03,0.00644049461288887,15.100000381469727,1.13,-0.635
2021-11-04,0.004173222342817695,15.4399995803833,1.12,-0.635
2021-11-05,0.0037258500452850285,16.479999542236328,1.06,-0.62
2021-11-08,0.0008873940607010411,17.219999313354492,1.06,-0.62
2021-11-09,-0.0035049109263987077,17.780000686645508,1.05,-0.62
2021-11-10,-0.008259842163861109,18.729999542236328,1.05,-0.62
2021-11-12,0.0071966975641295505,16.290000915527344,1.05,-0.603
2021-11-15,-1.0739878016252646e-05,16.489999771118164,1.1,-0.603
2021-11-16,0.003857779057126365,16.3700008392334,1.09,-0.603
2021-11-17,-0.0026050154828958227,17.110000610351562,1.08,-0.603
2021-11-18,0.003379064740171245,17.59000015258789,1.07,-0.603
2021-11-19,-0.0013996446049873157,17.90999984741211,1.02,-0.584
2021-11-22,-0.003202258316960638,19.170000076293945,1.0,-0.584
2021-11-23,0.001655761383194232,19.3799991607666,1.07,-0.584
2021-11-24,0.0022912237766679056,18.579999923706055,1.0,-0.584
2021-11-26,-0.022987011159321113,28.6200008392334,0.98,-0.566
2021-11-29,0.013113836082823127,22.959999084472656,1.01,-0.566
2021-11-30,-0.019143381187848973,27.190000534057617,0.91,-0.566
2021-12-01,-0.01188554145795706,31.1200008392334,0.87,-0.566
2021-12-02,0.014094638396057846,27.950000762939453,0.81,-0.566
2021-12-03,-0.008484455141738678,30.670000076293945,0.75,-0.55
2021-12-06,0.011662599309685717,27.18000030517578,0.78,-0.55
2021-12-07,0.02049560318625332,21.889999389648438,0.78,-0.55
2021-12-08,0.0030805355865854978,19.899999618530273,0.84,-0.55
2021-12-09,-0.007206988232523415,21.579999923706055,0.79,-0.55
2021-12-10,0.009503769118209604,18.690000534057617,0.81,-0.539
2021-12-13,-0.009178158342793452,20.309999465942383,0.76,-0.539
2021-12-14,-0.0074987228546241624,21.889999389648438,0.77,-0.539
2021-12-15,0.016216267351891744,19.290000915527344,0.78,-0.539
2021-12-16,-0.008781863311112303,20.56999969482422,0.8,-0.539
2021-12-17,-0.010340964584054646,21.56999969482422,0.75,-0.537
2021-12-20,-0.011453398323256536,22.8700008392334,0.78,-0.537
2021-12-21,0.01762175538519628,21.010000228881836,0.78,-0.537
2021-12-22,0.010128728029126677,18.6299991607666,0.78,-0.537
2021-12-23,0.006204412685251626,17.959999084472656,0.79,-0.537
2021-12-27,0.013744051573606697,17.68000030517578,0.72,-0.54
2021-12-28,-0.0010106653988870562,17.540000915527344,0.75,-0.54
2021-12-29,0.0014009134018575509,16.950000762939453,0.8,-0.54
2021-12-30,-0.002994233841905114,17.329999923706055,0.79,-0.54
2021-12-31,-0.0026296343734735217,17.219999313354492,0.79,-0.546
2022-01-03,0.006353824170387767,16.600000381469727,0.85,-0.546
2022-01-04,-0.0006298202522039276,16.90999984741211,0.89,-0.546
2022-01-05,-0.019583264304500858,19.729999542236328,0.88,-0.546
2022-01-06,-0.000964233740180731,19.610000610351562,0.85,-0.546
2022-01-07,-0.004058441082335662,18.760000228881836,0.89,-0.555
2022-01-10,-0.0014420705375393084,19.399999618530273,0.86,-0.555
2022-01-11,0.00911828645239865,18.40999984741211,0.85,-0.555
2022-01-12,0.002813792014666916,17.6200008392334,0.82,-0.555
2022-01-13,-0.014346029234399538,20.309999465942383,0.79,-0.555
2022-01-14,0.0008196442695904693,19.190000534057617,0.79,-0.56
2022-01-18,-0.018559105398008313,22.790000915527344,0.81,-0.56
2022-01-19,-0.009736790941460072,23.850000381469727,0.79,-0.56
2022-01-20,-0.011098742304332276,25.59000015258789,0.75,-0.56
2022-01-21,-0.01909599532463524,28.850000381469727,0.74,-0.56
2022-01-24,0.0027679047582704897,29.899999618530273,0.76,-0.56
2022-01-25,-0.012246590556866721,31.15999984741211,0.76,-0.56
2022-01-26,-0.0014977569258860512,31.959999084472656,0.72,-0.56
2022-01-27,-0.005398635199970414,30.489999771118164,0.63,-0.56
2022-01-28,0.024055967914735632,27.65999984741211,0.63,-0.553
2022-01-31,0.01870982622298456,24.829999923706055,0.61,-0.553
2022-02-01,0.00683956034831823,21.959999084472656,0.63,-0.553
2022-02-02,0.009378400448323276,22.09000015258789,0.62,-0.553
2022-02-03,-0.02469347172011993,24.350000381469727,0.63,-0.553
2022-02-04,0.005143678439862853,23.219999313354492,0.62,-0.539
2022-02-07,-0.003708580927828109,22.860000610351562,0.62,-0.539
2022-02-08,0.008366113466633962,21.440000534057617,0.61,-0.539
2022-02-09,0.014412842079265076,19.959999084472656,0.58,-0.539
2022-02-10,-0.01828182448505622,23.90999984741211,0.42,-0.539
2022-02-11,-0.019151682638085532,27.360000610351562,0.42,-0.52
2022-02-14,-0.003847990755629027,28.329999923706055,0.4,-0.52
2022-02-15,0.015643717646064204,25.700000762939453,0.47,-0.52
2022-02-16,0.0008808197202831991,24.290000915527344,0.51,-0.52
2022-02-17,-0.021400504136936505,28.110000610351562,0.48,-0.52
2022-02-18,-0.007191961663865598,27.75,0.45,-0.495
2022-02-22,-0.010194735435016256,28.809999465942383,0.38,-0.495
2022-02-23,-0.01858373574878769,31.020000457763672,0.41,-0.495
2022-02-24,0.014846105252724229,30.31999969482422,0.42,-0.495
2022-02-25,0.022126080551265304,27.59000015258789,0.42,-0.466
2022-02-28,-0.0024455914631271725,30.149999618530273,0.39,-0.466
2022-03-01,-0.015594467786611332,33.31999969482422,0.41,-0.466
2022-03-02,0.01847104678065037,30.739999771118164,0.36,-0.466
2022-03-03,-0.005268520744245109,30.479999542236328,0.33,-0.466
2022-03-04,-0.007965684543002283,31.979999542236328,0.24,-0.437
2022-03-07,-0.029962586814415104,36.45000076293945,0.23,-0.437
2022-03-08,-0.007260043975698238,35.130001068115234,0.23,-0.437
2022-03-09,0.02537359812214035,32.45000076293945,0.26,-0.437
2022-03-10,-0.0043010499202473795,30.229999542236328,0.26,-0.437
2022-03-11,-0.013046278933238398,30.75,0.25,-0.41
2022-03-14,-0.007448675095533375,31.770000457763672,0.27,-0.41
2022-03-15,0.021182629724146196,29.829999923706055,0.3,-0.41
2022-03-16,0.02213692164839287,26.670000076293945,0.24,-0.41
2022-03-17,0.01227220506870097,25.670000076293945,0.26,-0.41
2022-03-18,0.01159481441188781,23.8700008392334,0.17,-0.389
2022-03-21,-0.00043475485430199967,23.530000686645508,0.18,-0.389
2022-03-22,0.01124069955407414,22.940000534057617,0.2,-0.389
2022-03-23,-0.012348630252494885,23.56999969482422,0.19,-0.389
2022-03-24,0.014242012281618699,21.670000076293945,0.21,-0.389
2022-03-25,0.005053380704236332,20.809999465942383,0.18,-0.378
2022-03-28,0.007119551020043247,19.6299991607666,0.11,-0.378
2022-03-29,0.012182044101392009,18.899999618530273,0.06,-0.378
2022-03-30,-0.0063135889990899585,19.329999923706055,0.04,-0.378
2022-03-31,-0.0157763352268816,20.559999465942383,0.04,-0.378
2022-04-01,0.003404420961462762,19.6299991607666,-0.05,-0.372
2022-04-04,0.00805838253213409,18.56999969482422,-0.01,-0.372
2022-04-05,-0.012631159074006248,21.030000686645508,0.03,-0.372
2022-04-06,-0.009764433912478054,22.100000381469727,0.11,-0.372
2022-04-07,0.004244365552036555,21.549999237060547,0.19,-0.372
2022-04-08,-0.002654546675552538,21.15999984741211,0.19,-0.369
2022-04-11,-0.01702133458469568,24.3700008392334,0.29,-0.369
2022-04-12,-0.003423300530453588,24.260000228881836,0.33,-0.369
2022-04-13,0.011112603268902177,21.81999969482422,0.33,-0.369
2022-04-14,-0.012218480383507924,22.700000762939453,0.36,-0.369
2022-04-18,-0.00020488927240691623,22.170000076293945,0.39,-0.367
2022-04-19,0.015930044749387307,21.3700008392334,0.32,-0.367
2022-04-20,-0.0006186664061829106,20.31999969482422,0.25,-0.367
2022-04-21,-0.014862855551310616,22.68000030517578,0.22,-0.367
2022-04-22,-0.02813207637736781,28.209999084472656,0.18,-0.36
2022-04-25,0.0056817651441125605,27.020000457763672,0.18,-0.36
2022-04-26,-0.028550008928597492,33.52000045776367,0.23,-0.36
2022-04-27,0.0020958490249647355,31.600000381469727,0.24,-0.36
2022-04-28,0.024445655340832317,29.989999771118164,0.22,-0.36
2022-04-29,-0.03695915978469522,33.400001525878906,0.19,-0.35
2022-05-02,0.005659199293818418,32.34000015258789,0.26,-0.35
2022-05-03,0.004825465075359858,29.25,0.19,-0.35
2022-05-04,0.029425221557326964,25.420000076293945,0.27,-0.35
2022-05-05,-0.036300677564099715,31.200000762939453,0.34,-0.35
2022-05-06,-0.005690384413952643,30.190000534057617,0.4,-0.335
2022-05-09,-0.03256151953960362,34.75,0.44,-0.335
2022-05-10,0.002454881760408867,32.9900016784668,0.37,-0.335
2022-05-11,-0.01660023209569772,32.560001373291016,0.25,-0.335
2022-05-12,-0.0012968049941122217,31.770000457763672,0.28,-0.335
2022-05-13,0.023589267956868554,28.8700008392334,0.32,-0.317
2022-05-16,-0.003954208517722435,27.469999313354492,0.3,-0.317
2022-05-17,0.019968919581462075,26.100000381469727,0.27,-0.317
2022-05-18,-0.041233809291247425,30.959999084472656,0.21,-0.317
2022-05-19,-0.005850864777348974,29.350000381469727,0.21,-0.317
2022-05-20,0.0001461310919914638,29.43000030517578,0.18,-0.298
2022-05-23,0.018384995412059624,28.479999542236328,0.21,-0.298
2022-05-24,-0.008153950903556861,29.450000762939453,0.26,-0.298
2022-05-25,0.009406385648931703,28.3700008392334,0.27,-0.298
2022-05-26,0.019688166007719943,27.5,0.29,-0.298
2022-05-27,0.024441130195821614,25.719999313354492,0.27,-0.278
2022-05-31,-0.006294135193666506,26.190000534057617,0.32,-0.278
2022-06-01,-0.007510905041154814,25.690000534057617,0.28,-0.278
2022-06-02,0.018263225415545037,24.719999313354492,0.27,-0.278
2022-06-03,-0.01648240560981762,24.790000915527344,0.3,-0.257
2022-06-06,0.003132489407036587,25.06999969482422,0.31,-0.257
2022-06-07,0.009478331531719064,24.020000457763672,0.23,-0.257
2022-06-08,-0.010852623040154441,23.959999084472656,0.25,-0.257
2022-06-09,-0.024086457665156047,26.09000015258789,0.21,-0.257
2022-06-10,-0.0295424148114094,27.75,0.09,-0.234
2022-06-13,-0.039539931990040245,34.02000045776367,0.03,-0.234
2022-06-14,-0.0037808180394893753,32.689998626708984,0.04,-0.234
2022-06-15,0.014487058836534672,29.6200008392334,0.13,-0.234
2022-06-16,-0.03305220711384038,32.95000076293945,0.14,-0.234
2022-06-17,0.0021984473410121552,31.1299991607666,0.08,-0.209
2022-06-21,0.02418247496067316,30.190000534057617,0.1,-0.209
2022-06-22,-0.0013024200953584142,28.950000762939453,0.1,-0.209
2022-06-23,0.009487072485557135,29.049999237060547,0.08,-0.209
2022-06-24,0.0301055397299006,27.229999542236328,0.09,-0.186
2022-06-27,-0.0029774998903402405,26.950000762939453,0.12,-0.186
2022-06-28,-0.02034867314949551,28.360000610351562,0.1,-0.186
2022-06-29,-0.0007119988201722549,28.15999984741211,0.04,-0.186
2022-06-30,-0.008797866246368358,28.709999084472656,0.06,-0.186
2022-07-01,0.0104985112966407,26.700000762939453,0.04,-0.17
2022-07-05,0.001582875106192816,27.540000915527344,0.0,-0.17
2022-07-06,0.003566795705065573,26.729999542236328,-0.04,-0.17
2022-07-07,0.0148537231809307,26.079999923706055,-0.02,-0.17
2022-07-08,-0.0008306163961275814,24.639999389648438,-0.03,-0.164
2022-07-11,-0.01159441766052538,26.170000076293945,-0.08,-0.164
2022-07-12,-0.009286868497493828,27.290000915527344,-0.07,-0.164
2022-07-13,-0.004466864111815738,26.81999969482422,-0.22,-0.164
2022-07-14,-0.0030031388127653713,26.399999618530273,-0.19,-0.164
2022-07-15,0.01901923165863373,24.229999542236328,-0.2,-0.167
2022-07-18,-0.008398742485836053,25.299999237060547,-0.19,-0.167
2022-07-19,0.027253517643730518,24.5,-0.22,-0.167
2022-07-20,0.005878493941057883,23.8799991607666,-0.21,-0.167
2022-07-21,0.009813066689504879,23.110000610351562,-0.19,-0.167
2022-07-22,-0.009376287293813235,23.030000686645508,-0.21,-0.18
2022-07-25,0.0013143029733058142,23.360000610351562,-0.19,-0.18
2022-07-26,-0.011610342599263745,24.690000534057617,-0.21,-0.18
2022-07-27,0.025820048778628646,23.239999771118164,-0.18,-0.18
2022-07-28,0.012060319791912022,22.329999923706055,-0.17,-0.18
2022-07-29,0.014107775781754484,21.329999923706055,-0.22,-0.199
2022-08-01,-0.002827076544916096,22.84000015258789,-0.3,-0.199
2022-08-02,-0.006684688378872039,23.93000030517578,-0.31,-0.199
2022-08-03,0.015517456270091046,21.950000762939453,-0.37,-0.199
2022-08-04,-0.0007776424495844481,21.440000534057617,-0.35,-0.199
2022-08-05,-0.0016270690189177373,21.149999618530273,-0.41,-0.217
2022-08-08,-0.0012383171221213018,21.290000915527344,-0.44,-0.217
2022-08-09,-0.004257744235927063,21.770000457763672,-0.48,-0.217
2022-08-10,0.021067158460407853,19.739999771118164,-0.45,-0.217
2022-08-11,-0.0007057229222020567,20.200000762939453,-0.36,-0.217
2022-08-12,0.017174046951492272,19.530000686645508,-0.41,-0.23
2022-08-15,0.003961684056234205,19.950000762939453,-0.41,-0.23
2022-08-16,0.0018739228259470053,19.690000534057617,-0.43,-0.23
2022-08-17,-0.007264114867647109,19.899999618530273,-0.39,-0.23
2022-08-18,0.0022669896063849393,19.559999465942383,-0.34,-0.23
2022-08-19,-0.012983928713039106,20.600000381469727,-0.27,-0.238
2022-08-22,-0.0216323664664948,23.799999237060547,-0.29,-0.238
2022-08-23,-0.0022403704344373665,24.110000610351562,-0.24,-0.238
2022-08-24,0.0029119166987232603,22.81999969482422,-0.25,-0.238
2022-08-25,0.013993241836107728,21.780000686645508,-0.32,-0.238
2022-08-26,-0.03426857631703939,25.559999465942383,-0.33,-0.236
2022-08-29,-0.006688675197326077,26.209999084472656,-0.3,-0.236
2022-08-30,-0.011089416492115589,26.209999084472656,-0.35,-0.236
2022-08-31,-0.007847738208154098,25.8700008392334,-0.3,-0.236
2022-09-01,0.002991752267195835,25.559999465942383,-0.25,-0.236
2022-09-02,-0.010794552570724036,25.469999313354492,-0.2,-0.223
2022-09-06,-0.004103464690896175,26.90999984741211,-0.17,-0.223
2022-09-07,0.018174848666170362,24.639999389648438,-0.18,-0.223
2022-09-08,0.006588966880441305,23.610000610351562,-0.19,-0.223
2022-09-09,0.015156014981211996,22.790000915527344,-0.23,-0.203
2022-09-12,0.010528651483996398,23.8700008392334,-0.21,-0.203
2022-09-13,-0.044199163031974464,27.270000457763672,-0.33,-0.203
2022-09-14,0.003381289078845384,26.15999984741211,-0.37,-0.203
2022-09-15,-0.011382272168150465,26.270000457763672,-0.42,-0.203
2022-09-16,-0.007208049775663028,26.299999237060547,-0.4,-0.177
2022-09-19,0.00683369772470499,25.760000228881836,-0.46,-0.177
2022-09-20,-0.011336114736598901,27.15999984741211,-0.39,-0.177
2022-09-21,-0.017264674098507626,27.989999771118164,-0.51,-0.177
2022-09-22,-0.008463293830454077,27.350000381469727,-0.41,-0.177
2022-09-23,-0.017382828767329883,29.920000076293945,-0.51,-0.149
2022-09-26,-0.010394360890281007,32.2599983215332,-0.39,-0.149
2022-09-27,-0.0021226109548244665,32.599998474121094,-0.33,-0.149
2022-09-28,0.0194811441811531,30.18000030517578,-0.35,-0.149
2022-09-29,-0.021352794823098264,31.84000015258789,-0.4,-0.149
2022-09-30,-0.015181351546209143,31.6200008392334,-0.39,-0.124
2022-10-03,0.02555457753092938,30.100000381469727,-0.45,-0.124
2022-10-04,0.030125341416800566,29.06999969482422,-0.48,-0.124
2022-10-05,-0.0020199875589383964,28.549999237060547,-0.39,-0.124
2022-10-06,-0.010297922911394863,30.520000457763672,-0.4,-0.124
2022-10-07,-0.02840319653147816,31.360000610351562,-0.41,-0.105
2022-10-11,-0.006540518412323948,33.630001068115234,-0.37,-0.105
2022-10-12,-0.0032961996501654767,33.56999969482422,-0.37,-0.105
2022-10-13,0.025634259307631524,31.940000534057617,-0.5,-0.105
2022-10-14,-0.02394712074452876,32.02000045776367,-0.48,-0.097
2022-10-17,0.02613552455756185,31.3700008392334,-0.43,-0.097
2022-10-18,0.01136276820708737,30.5,-0.42,-0.097
2022-10-19,-0.006694455239685482,30.760000228881836,-0.41,-0.097
2022-10-20,-0.007982686738765565,29.979999542236328,-0.38,-0.097
2022-10-21,0.023447759860447448,29.690000534057617,-0.28,-0.099
2022-10-24,0.011811940205111782,29.850000381469727,-0.25,-0.099
2022-10-25,0.01613577001587352,28.459999084472656,-0.32,-0.099
2022-10-26,-0.007415140398988385,27.280000686645508,-0.35,-0.099
2022-10-27,-0.006101185053184466,27.389999389648438,-0.34,-0.099
2022-10-28,0.024328036770855377,25.75,-0.39,-0.109
2022-10-31,-0.007482327030336577,25.8799991607666,-0.41,-0.109
2022-11-01,-0.00410966372035837,25.809999465942383,-0.47,-0.109
2022-11-02,-0.025319843737483083,25.860000610351562,-0.51,-0.109
2022-11-03,-0.010642422531956797,25.299999237060547,-0.57,-0.109
2022-11-04,0.013526823285562983,24.549999237060547,-0.49,-0.124
2022-11-07,0.009568061679360085,24.350000381469727,-0.5,-0.124
2022-11-08,0.0055822828287599435,25.540000915527344,-0.53,-0.124
2022-11-09,-0.020996784712302485,26.09000015258789,-0.49,-0.124
2022-11-10,0.05395251566479686,23.530000686645508,-0.52,-0.124
2022-11-14,-0.008975940544917904,23.729999542236328,-0.52,-0.141
2022-11-15,0.008675376414668534,24.540000915527344,-0.57,-0.141
2022-11-16,-0.008286283111873516,24.110000610351562,-0.68,-0.141
2022-11-17,-0.0030941046442301,23.93000030517578,-0.66,-0.141
2022-11-18,0.004747295648158456,23.1200008392334,-0.69,-0.158
2022-11-21,-0.0038912498002758866,22.360000610351562,-0.65,-0.158
2022-11-22,0.013488606269829617,21.290000915527344,-0.71,-0.158
2022-11-23,0.005897266041737126,20.350000381469727,-0.75,-0.158
2022-11-25,-0.0002830842622021379,20.5,-0.74,-0.171
2022-11-28,-0.015564696794065469,22.209999084472656,-0.77,-0.171
2022-11-29,-0.001593133701623728,21.889999389648438,-0.73,-0.171
2022-11-30,0.030478643521295368,20.579999923706055,-0.7,-0.171
2022-12-01,-0.000868009829606109,19.84000015258789,-0.72,-0.171
2022-12-02,-0.0011953746637622942,19.059999465942383,-0.77,-0.179
2022-12-05,-0.01805624963097152,20.75,-0.81,-0.179
2022-12-06,-0.014503869422986426,22.170000076293945,-0.83,-0.179
2022-12-07,-0.0018641072533824854,22.68000030517578,-0.84,-0.179
2022-12-08,0.007493634413933137,22.290000915527344,-0.83,-0.179
2022-12-09,-0.00737671946421159,22.829999923706055,-0.76,-0.184
2022-12-12,0.014178307299649973,25.0,-0.78,-0.184
2022-12-13,0.007263223255456808,22.549999237060547,-0.71,-0.184
2022-12-14,-0.0060711166238363035,21.139999389648438,-0.74,-0.184
2022-12-15,-0.0252374779018254,22.829999923706055,-0.79,-0.184
2022-12-16,-0.011200239946012047,22.6200008392334,-0.69,-0.188
2022-12-19,-0.009048328941103634,22.420000076293945,-0.68,-0.188
2022-12-20,0.0010368006978893618,21.479999542236328,-0.56,-0.188
2022-12-21,0.014758548669055571,20.06999969482422,-0.53,-0.188
2022-12-22,-0.014557142498146547,21.969999313354492,-0.57,-0.188
2022-12-23,0.005850952271915233,20.8700008392334,-0.56,-0.194
2022-12-27,-0.0040578440346585865,21.649999618530273,-0.48,-0.194
2022-12-28,-0.012093470442948728,22.139999389648438,-0.43,-0.194
2022-12-29,0.017310634314993578,21.440000534057617,-0.51,-0.194
2022-12-30,-0.002543975646110752,21.670000076293945,-0.53,-0.204
2023-01-03,-0.004008572481273731,22.899999618530273,-0.61,-0.204
2023-01-04,0.007510694562139264,22.010000228881836,-0.67,-0.204
2023-01-05,-0.011713869136457333,22.459999084472656,-0.74,-0.204
2023-01-06,0.022583835589031764,21.1299991607666,-0.69,-0.221
2023-01-09,-0.0007679273259917352,21.969999313354492,-0.66,-0.221
2023-01-10,0.006953997970594372,20.579999923706055,-0.63,-0.221
2023-01-11,0.012767571192293659,21.09000015258789,-0.66,-0.221
2023-01-12,0.0034100849120424215,18.829999923706055,-0.69,-0.221
2023-01-13,0.003988892144656475,18.350000381469727,-0.73,-0.244
2023-01-17,-0.0020325554309970073,19.360000610351562,-0.65,-0.244
2023-01-18,-0.015684966977744352,20.34000015258789,-0.69,-0.244
2023-01-19,-0.0076676719018120565,20.520000457763672,-0.7,-0.244
2023-01-20,0.01874167355235201,19.850000381469727,-0.66,-0.268
2023-01-23,0.011811315951328893,19.809999465942383,-0.69,-0.268
2023-01-24,-0.0007117563642928815,19.200000762939453,-0.66,-0.268
2023-01-25,-0.0001817415734652883,19.079999923706055,-0.65,-0.268
2023-01-26,0.010947708029114267,18.729999542236328,-0.68,-0.268
2023-01-27,0.0024917340217047723,18.510000228881836,-0.67,-0.289
2023-01-30,-0.01305356931529289,19.940000534057617,-0.7,-0.289
2023-01-31,0.014536304416418844,19.399999618530273,-0.69,-0.289
2023-02-01,0.010398056296885727,17.8700008392334,-0.7,-0.289
2023-02-02,0.014592384626853416,18.729999542236328,-0.69,-0.289
2023-02-03,-0.010408592637284997,18.329999923706055,-0.77,-0.305
2023-02-06,-0.006159393193939877,19.43000030517578,-0.81,-0.305
2023-02-07,0.012790364037398305,18.65999984741211,-0.8,-0.305
2023-02-08,-0.011142573012412171,19.6299991607666,-0.82,-0.305
2023-02-09,-0.008869009831038,20.709999084472656,-0.81,-0.305
2023-02-10,0.0021928557092181222,20.530000686645508,-0.76,-0.312
2023-02-13,0.011383569951155081,20.34000015258789,-0.8,-0.312
2023-02-14,-0.00028045385549368973,18.90999984741211,-0.83,-0.312
2023-02-15,0.002769337533075955,18.229999542236328,-0.81,-0.312
2023-02-16,-0.013884689204880729,20.170000076293945,-0.76,-0.312
2023-02-17,-0.002771242172283195,20.020000457763672,-0.78,-0.308
2023-02-21,-0.02024478397347096,22.8700008392334,-0.72,-0.308
2023-02-22,-0.001574795485643321,22.290000915527344,-0.73,-0.308
2023-02-23,0.005315278263237744,21.139999389648438,-0.78,-0.308
2023-02-24,-0.010593464619775617,21.670000076293945,-0.83,-0.294
2023-02-27,0.0030682925395524308,20.950000762939453,-0.86,-0.294
2023-02-28,-0.0030406198309478327,20.700000762939453,-0.89,-0.294
2023-03-01,-0.0047364642034928295,20.579999923706055,-0.88,-0.294
2023-03-02,0.007553593731197239,19.59000015258789,-0.81,-0.294
2023-03-03,0.016018749176483382,18.489999771118164,-0.89,-0.269
2023-03-06,0.0006869307788477386,18.610000610351562,-0.91,-0.269
2023-03-07,-0.015445590479263416,19.59000015258789,-1.03,-0.269
2023-03-08,0.0014137941356029415,19.110000610351562,-1.07,-0.269
2023-03-09,-0.018631857945480945,22.610000610351562,-0.97,-0.269
2023-03-10,-0.014583969436067434,24.799999237060547,-0.9,-0.238
2023-03-13,-0.0015109018407386543,26.520000457763672,-0.48,-0.238
2023-03-14,0.016342388235363714,23.729999542236328,-0.56,-0.238
2023-03-15,-0.007005363929353692,26.139999389648438,-0.42,-0.238
2023-03-16,0.01740957624903139,22.989999771118164,-0.58,-0.238
2023-03-17,-0.011080621273952929,25.510000228881836,-0.42,-0.205
2023-03-20,0.0088788696359412,24.149999618530273,-0.45,-0.205
2023-03-21,0.012898647518557738,21.3799991607666,-0.58,-0.205
2023-03-22,-0.016600248639841553,22.260000228881836,-0.48,-0.205
2023-03-23,0.0029800838691826925,22.610000610351562,-0.38,-0.205
2023-03-24,0.005623963084302019,21.739999771118164,-0.38,-0.174
2023-03-27,0.0016455995637674192,20.600000381469727,-0.41,-0.174
2023-03-28,-0.0015750832883885124,19.969999313354492,-0.47,-0.174
2023-03-29,0.014136870775047328,19.1200008392334,-0.51,-0.174
2023-03-30,0.0056989991994829126,19.020000457763672,-0.55,-0.174
2023-03-31,0.014333327782036775,18.700000762939453,-0.58,-0.155
2023-04-03,0.0036920225658025885,18.549999237060547,-0.54,-0.155
2023-04-04,-0.0058138397451621415,19.0,-0.49,-0.155
2023-04-05,-0.0024954816571209903,19.079999923706055,-0.49,-0.155
2023-04-06,0.0035727731328023538,18.399999618530273,-0.52,-0.155
2023-04-10,0.000995807017009298,18.969999313354492,-0.59,-0.151
2023-04-11,-4.135333298194155e-05,19.100000381469727,-0.6,-0.151
2023-04-12,-0.004143456323461692,19.09000015258789,-0.54,-0.151
2023-04-13,0.013175510497831056,17.799999237060547,-0.51,-0.151
2023-04-14,-0.002071517584578686,17.06999969482422,-0.56,-0.154
2023-04-17,0.003300703582615583,16.950000762939453,-0.58,-0.154
2023-04-18,0.0008548548034656989,16.829999923706055,-0.61,-0.154
2023-04-19,-8.426554794027652e-05,16.459999084472656,-0.64,-0.154
2023-04-20,-0.005970335188310472,17.170000076293945,-0.6,-0.154
2023-04-21,0.0009027812573005889,16.770000457763672,-0.6,-0.165
2023-04-24,0.000851216778272601,16.889999389648438,-0.6,-0.165
2023-04-25,-0.01593718381857734,18.760000228881836,-0.46,-0.165
2023-04-26,-0.003848583503344827,18.84000015258789,-0.47,-0.165
2023-04-27,0.019377193402696946,17.030000686645508,-0.54,-0.165
2023-04-28,0.008219331313243927,15.779999732971191,-0.6,-0.179
2023-05-01,-0.0003861810485101813,16.079999923706055,-0.55,-0.179
2023-05-02,-0.0116539066805732,17.780000686645508,-0.53,-0.179
2023-05-03,-0.007022908054892696,18.34000015258789,-0.51,-0.179
2023-05-04,-0.007244913455062729,20.09000015258789,-0.38,-0.179
2023-05-05,0.018306166381879763,17.190000534057617,-0.48,-0.19
2023-05-08,0.00045202648488285035,16.979999542236328,-0.48,-0.19
2023-05-09,-0.004589938949060013,17.709999084472656,-0.48,-0.19
2023-05-10,0.004473942241913775,16.940000534057617,-0.47,-0.19
2023-05-11,-0.001698064889705364,16.93000030517578,-0.5,-0.19
2023-05-12,-0.001584561589439204,17.030000686645508,-0.52,-0.198
2023-05-15,0.002953797680316228,17.1200008392334,-0.49,-0.198
2023-05-16,-0.006398107681917509,17.989999771118164,-0.52,-0.198
2023-05-17,0.011820688622071529,16.8700008392334,-0.55,-0.198
2023-05-18,0.009400723063727412,16.049999237060547,-0.59,-0.198
2023-05-19,-0.0014469138806756376,16.809999465942383,-0.58,-0.205
2023-05-22,0.0001550226798023857,17.209999084472656,-0.57,-0.205
2023-05-23,-0.011285468768283735,18.530000686645508,-0.56,-0.205
2023-05-24,-0.0073455126783059654,20.030000686645508,-0.58,-0.205
2023-05-25,0.008719456079012033,19.139999389648438,-0.67,-0.205
2023-05-26,0.01296468093164016,17.950000762939453,-0.74,-0.21
2023-05-30,1.6603130665870935e-05,17.459999084472656,-0.77,-0.21
2023-05-31,-0.006127358186214238,17.940000534057617,-0.76,-0.21
2023-06-01,0.00980621508585422,15.649999618530273,-0.72,-0.21
2023-06-02,0.014429812390106989,14.600000381469727,-0.81,-0.212
2023-06-05,-0.002005591490657821,14.729999542236328,-0.77,-0.212
2023-06-06,0.0023511302338512508,13.960000038146973,-0.81,-0.212
2023-06-07,-0.003819293926420997,13.9399995803833,-0.77,-0.212
2023-06-08,0.006169571607523849,13.649999618530273,-0.79,-0.212
2023-06-09,0.0011474010230507758,13.829999923706055,-0.84,-0.214
2023-06-12,0.009277974981754866,15.010000228881836,-0.82,-0.214
2023-06-13,0.006908570725908447,14.609999656677246,-0.83,-0.214
2023-06-14,0.000819089980126364,13.880000114440918,-0.91,-0.214
2023-06-15,0.012104580493589978,14.5,-0.9,-0.214
2023-06-16,-0.0036783764677519315,13.539999961853027,-0.93,-0.215
2023-06-20,-0.004746353835235695,13.880000114440918,-0.94,-0.215
2023-06-21,-0.005259086366924848,13.199999809265137,-0.96,-0.215
2023-06-22,0.003703930387334964,12.90999984741211,-0.97,-0.215
2023-06-23,-0.007688288056503012,13.4399995803833,-0.97,-0.217
2023-06-26,-0.0044969343631322545,14.25,-0.93,-0.217
2023-06-27,0.011390733524182295,13.739999771118164,-0.97,-0.217
2023-06-28,-0.000354139388390351,13.430000305175781,-1.0,-0.217
2023-06-29,0.004463568114490002,13.539999961853027,-1.02,-0.217
2023-06-30,0.0121943502618862,13.59000015258789,-1.06,-0.221
2023-07-03,0.0011699930926720725,13.569999694824219,-1.08,-0.221
2023-07-05,-0.0019702580976126427,14.180000305175781,-0.99,-0.221
2023-07-06,-0.007954061175894367,15.4399995803833,-0.94,-0.221
2023-07-07,-0.002869212795733489,14.829999923706055,-0.88,-0.227
2023-07-10,0.0024021386106269915,15.069999694824219,-0.84,-0.227
2023-07-11,0.0067195839982545635,14.84000015258789,-0.89,-0.227
2023-07-12,0.007383905235389676,13.539999961853027,-0.86,-0.227
2023-07-13,0.008434482989626346,13.609999656677246,-0.83,-0.227
2023-07-14,-0.0010249321969073577,13.34000015258789,-0.91,-0.235
2023-07-17,0.0038479695744211284,13.479999542236328,-0.93,-0.235
2023-07-18,0.007092066941428499,13.300000190734863,-0.94,-0.235
2023-07-19,0.002355134827233485,13.760000228881836,-0.99,-0.235
2023-07-20,-0.006779827396258042,13.989999771118164,-0.95,-0.235
2023-07-21,0.0003240420146131129,13.600000381469727,-0.98,-0.248
2023-07-24,0.004026038496874662,13.90999984741211,-0.95,-0.248
2023-07-25,0.0028107195758391157,13.859999656677246,-0.94,-0.248
2023-07-26,-0.00015545097867608604,13.1899995803833,-0.96,-0.248
2023-07-27,-0.0064453930551966465,14.40999984741211,-0.9,-0.248
2023-07-28,0.009829375810433305,13.329999923706055,-0.91,-0.263
2023-07-31,0.0014676354365690258,13.630000114440918,-0.91,-0.263
2023-08-01,-0.0026686453076827377,13.930000305175781,-0.87,-0.263
2023-08-02,-0.01393620063833545,16.09000015258789,-0.8,-0.263
2023-08-03,-0.0025512254502917386,15.920000076293945,-0.7,-0.263
2023-08-04,-0.005314169373939137,17.100000381469727,-0.73,-0.279
2023-08-07,0.008983618964856888,15.770000457763672,-0.67,-0.279
2023-08-08,-0.004227205100058029,15.989999771118164,-0.72,-0.279
2023-08-09,-0.007063619102046559,15.960000038146973,-0.79,-0.279
2023-08-10,0.0002506825210808472,15.850000381469727,-0.73,-0.279
2023-08-11,-0.0010702648992282349,14.84000015258789,-0.73,-0.296
2023-08-14,0.005734004879418109,14.819999694824219,-0.77,-0.296
2023-08-15,-0.011618139396096794,16.459999084472656,-0.71,-0.296
2023-08-16,-0.00758408179262382,16.780000686645508,-0.69,-0.296
2023-08-17,-0.00774281137752908,17.889999389648438,-0.64,-0.296
2023-08-18,-0.00014871788395787178,17.299999237060547,-0.66,-0.311
2023-08-21,0.006855634859800119,17.1299991607666,-0.63,-0.311
2023-08-22,-0.002781331046545432,16.969999313354492,-0.68,-0.311
2023-08-23,0.010984330710790857,15.979999542236328,-0.76,-0.311
2023-08-24,-0.013549353984007695,17.200000762939453,-0.75,-0.311
2023-08-25,0.0066955010602960385,15.680000305175781,-0.78,-0.324
2023-08-28,0.006245078594195874,15.079999923706055,-0.78,-0.324
2023-08-29,0.014404068712057239,14.449999809265137,-0.75,-0.324
2023-08-30,0.003825854181192412,13.880000114440918,-0.78,-0.324
2023-08-31,-0.0015982129743399298,13.569999694824219,-0.76,-0.324
2023-09-01,0.0017975127655187606,13.09000015258789,-0.69,-0.332
2023-09-05,-0.004202997821382226,14.010000228881836,-0.67,-0.332
2023-09-06,-0.006996014491431168,14.449999809265137,-0.71,-0.332
2023-09-07,-0.003216433115733608,14.399999618530273,-0.67,-0.332
2023-09-08,0.0014256060622575006,13.84000015258789,-0.72,-0.337
2023-09-11,0.006700951498135765,13.800000190734863,-0.68,-0.337
2023-09-12,-0.005712169023004421,14.229999542236328,-0.71,-0.337
2023-09-13,0.0012408621175339363,13.479999542236328,-0.71,-0.337
2023-09-14,0.008394585533666898,12.819999694824219,-0.71,-0.337
2023-09-15,-0.01223414584249305,13.789999961853027,-0.69,-0.337
2023-09-18,0.0007210276941744809,14.0,-0.73,-0.337
2023-09-19,-0.002153327361533286,14.109999656677246,-0.71,-0.337
2023-09-20,-0.009439204206291407,15.140000343322754,-0.77,-0.337
2023-09-21,-0.016536918318488247,17.540000915527344,-0.63,-0.337
2023-09-22,-0.0022982374027602503,17.200000762939453,-0.66,-0.332
2023-09-25,0.004014994203807021,16.899999618530273,-0.54,-0.332
2023-09-26,-0.014844165482264415,18.940000534057617,-0.48,-0.332
2023-09-27,0.00022928777229402897,18.219999313354492,-0.49,-0.332
2023-09-28,0.005875877143001418,17.34000015258789,-0.45,-0.332
2023-09-29,-0.0027132596482903892,17.520000457763672,-0.44,-0.323
2023-10-02,7.936440615274876e-05,17.610000610351562,-0.43,-0.323
2023-10-03,-0.013839395863447734,19.780000686645508,-0.34,-0.323
2023-10-04,0.008077047607828902,18.579999923706055,-0.32,-0.323
2023-10-05,-0.0013048811469964505,18.489999771118164,-0.31,-0.323
2023-10-06,0.01174564209396145,17.450000762939453,-0.3,-0.311
2023-10-10,0.005194476099985579,17.030000686645508,-0.3,-0.311
2023-10-11,0.004283819500095376,16.09000015258789,-0.41,-0.311
2023-10-12,-0.006266024940655868,16.690000534057617,-0.36,-0.311
2023-10-13,-0.005031495660219321,19.31999969482422,-0.41,-0.3
2023-10-16,0.010538642302590162,17.209999084472656,-0.38,-0.3
2023-10-17,-9.824987944462293e-05,17.8799991607666,-0.36,-0.3
2023-10-18,-0.01349040825115111,19.219999313354492,-0.28,-0.3
2023-10-19,-0.008519032328058174,21.399999618530273,-0.16,-0.3
2023-10-20,-0.012665149196156023,21.709999084472656,-0.14,-0.29
2023-10-23,-0.0016869920654354331,20.3700008392334,-0.19,-0.29
2023-10-24,0.007239523519629643,18.969999313354492,-0.19,-0.29
2023-10-25,-0.014443434657238186,20.190000534057617,-0.13,-0.29
2023-10-26,-0.011903081205584698,20.68000030517578,-0.16,-0.29
2023-10-27,-0.004811838578621774,21.270000457763672,-0.15,-0.285
2023-10-30,0.011938474300286828,19.75,-0.15,-0.285
2023-10-31,0.006454084821687189,18.139999389648438,-0.19,-0.285
2023-11-01,0.010451194990192647,16.8700008392334,-0.18,-0.285
2023-11-02,0.018682938934086124,15.65999984741211,-0.31,-0.285
2023-11-03,0.009349883544551574,14.90999984741211,-0.26,-0.284
2023-11-06,0.0017514577241009022,14.890000343322754,-0.26,-0.284
2023-11-07,0.002836093401711537,14.8100004196167,-0.33,-0.284
2023-11-08,0.001004411032420549,14.449999809265137,-0.44,-0.284
2023-11-09,-0.00811669069906884,15.289999961853027,-0.41,-0.284
2023-11-10,0.01549575927077207,14.170000076293945,-0.43,-0.289
2023-11-13,-0.0008361884413705667,14.760000228881836,-0.39,-0.289
2023-11-14,0.01889537047457779,14.15999984741211,-0.36,-0.289
2023-11-15,0.001595738207846864,14.180000305175781,-0.37,-0.289
2023-11-16,0.0011897193967129738,14.319999694824219,-0.38,-0.289
2023-11-17,0.001281227937178997,13.800000190734863,-0.44,-0.297
2023-11-20,0.007363103793794679,13.40999984741211,-0.47,-0.297
2023-11-21,-0.002022975931756932,13.350000381469727,-0.45,-0.297
2023-11-22,0.004052905094313886,12.850000381469727,-0.47,-0.297
2023-11-24,0.000596695609644371,12.460000038146973,-0.45,-0.308
2023-11-27,-0.001956069316898734,12.6899995803833,-0.45,-0.308
2023-11-28,0.0009796385280509412,12.6899995803833,-0.39,-0.308
2023-11-29,-0.0009466966151023826,12.979999542236328,-0.37,-0.308
2023-11-30,0.003776931264994232,12.920000076293945,-0.36,-0.308
2023-12-01,0.0058565589538464025,12.630000114440918,-0.34,-0.319
2023-12-04,-0.005423188063826245,13.079999923706055,-0.36,-0.319
2023-12-05,-0.0005690315939350654,12.850000381469727,-0.39,-0.319
2023-12-06,-0.003913851944943758,12.970000267028809,-0.48,-0.319
2023-12-07,0.007936610684822654,13.0600004196167,-0.44,-0.319
2023-12-08,0.004087134146503857,12.350000381469727,-0.48,-0.33
2023-12-11,0.003916813547780507,12.630000114440918,-0.48,-0.33
2023-12-12,0.004588812795692121,12.069999694824219,-0.53,-0.33
2023-12-13,0.013558345175020747,12.1899995803833,-0.42,-0.33
2023-12-14,0.0026435651851546282,12.479999542236328,-0.45,-0.33
2023-12-15,-7.625240044895065e-05,12.279999732971191,-0.53,-0.339
2023-12-18,0.004518122263400315,12.5600004196167,-0.48,-0.339
2023-12-19,0.00584926745082015,12.529999732971191,-0.48,-0.339
2023-12-20,-0.01479314796530673,13.670000076293945,-0.48,-0.339
2023-12-21,0.01024876930727281,13.649999618530273,-0.44,-0.339
2023-12-22,0.0016586821527599938,13.029999732971191,-0.41,-0.348
2023-12-26,0.004222761046978718,12.989999771118164,-0.37,-0.348
2023-12-27,0.0014294356164228361,12.430000305175781,-0.41,-0.348
2023-12-28,0.00037010611032783913,12.470000267028809,-0.42,-0.348
2023-12-29,-0.002830477036734891,12.449999809265137,-0.35,-0.357
2024-01-02,-0.005676660799721844,13.199999809265137,-0.38,-0.357
2024-01-03,-0.008048618327197943,14.039999961853027,-0.42,-0.357
2024-01-04,-0.0034342716633180004,14.130000114440918,-0.39,-0.357
2024-01-05,0.0018240216394342923,13.350000381469727,-0.35,-0.365
2024-01-08,0.01401594543635376,13.079999923706055,-0.35,-0.365
2024-01-09,-0.001478993852318311,12.760000228881836,-0.34,-0.365
2024-01-10,0.005649980650495934,12.6899995803833,-0.33,-0.365
2024-01-11,-0.0006712808369613299,12.4399995803833,-0.28,-0.365
2024-01-12,0.0007506937530337154,12.699999809265137,-0.18,-0.373
2024-01-16,-0.0037383190523563314,13.84000015258789,-0.15,-0.373
2024-01-17,-0.005632731271107971,14.789999961853027,-0.24,-0.373
2024-01-18,0.008766720726242738,14.130000114440918,-0.2,-0.373
2024-01-19,0.012238308232548789,13.300000190734863,-0.24,-0.381
2024-01-22,0.002191921187231216,13.1899995803833,-0.26,-0.381
2024-01-23,0.0029171153407645534,12.550000190734863,-0.17,-0.381
2024-01-24,0.000811598976216743,13.140000343322754,-0.16,-0.381
2024-01-25,0.005246578134979529,13.449999809265137,-0.14,-0.381
2024-01-26,-0.0006519977554262368,13.260000228881836,-0.19,-0.388
2024-01-29,0.007528365505246271,13.600000381469727,-0.21,-0.388
2024-01-30,-0.0006008303969800011,13.3100004196167,-0.3,-0.388
2024-01-31,-0.016236851740732305,14.350000381469727,-0.28,-0.388
2024-02-01,0.012416286114049768,13.880000114440918,-0.33,-0.388
2024-02-02,0.01062777072263188,13.850000381469727,-0.33,-0.394
2024-02-05,-0.0031914247092839076,13.670000076293945,-0.29,-0.394
2024-02-06,0.0023077459317484283,13.0600004196167,-0.3,-0.394
2024-02-07,0.008207682594008503,12.829999923706055,-0.32,-0.394
2024-02-08,0.0005704205400913764,12.789999961853027,-0.31,-0.394
2024-02-09,0.005725917128794222,12.930000305175781,-0.31,-0.401
2024-02-12,-0.0009494041426520994,13.930000305175781,-0.29,-0.401
2024-02-13,-0.013768609419845035,15.850000381469727,-0.33,-0.401
2024-02-14,0.009534168304217161,14.380000114440918,-0.29,-0.401
2024-02-15,0.005804372674040437,14.010000228881836,-0.32,-0.401
2024-02-16,-0.0048150435759612975,14.239999771118164,-0.34,-0.408
2024-02-20,-0.006023426465818105,15.420000076293945,-0.32,-0.408
2024-02-21,0.001263401495103622,15.34000015258789,-0.32,-0.408
2024-02-22,0.020902888666403996,14.539999961853027,-0.36,-0.408
2024-02-23,0.0003478870265016809,13.75,-0.41,-0.416
2024-02-26,-0.0037939392446677545,13.739999771118164,-0.41,-0.416
2024-02-27,0.0017048955387206632,13.430000305175781,-0.39,-0.416
2024-02-28,-0.0016595313211116292,13.84000015258789,-0.37,-0.416
2024-02-29,0.00521547045579851,13.399999618530273,-0.39,-0.416
2024-03-01,0.007975936433387787,13.109999656677246,-0.35,-0.424
2024-03-04,-0.0011939745749618424,13.489999771118164,-0.39,-0.424
2024-03-05,-0.010245406275918967,14.460000038146973,-0.41,-0.424
2024-03-06,0.0051279328530018375,14.5,-0.44,-0.424
2024-03-07,0.010251402284984223,14.4399995803833,-0.41,-0.424
2024-03-08,-0.006549922992050483,14.739999771118164,-0.39,-0.431
2024-03-11,-0.001122868268028654,15.220000267028809,-0.41,-0.431
2024-03-12,0.011139512586668232,13.84000015258789,-0.42,-0.431
2024-03-13,-0.0019263840021217504,13.75,-0.42,-0.431
2024-03-14,-0.0028752210514948473,14.399999618530273,-0.39,-0.431
2024-03-15,-0.006504022859738612,14.40999984741211,-0.41,-0.435
2024-03-18,0.006298184238481497,14.329999923706055,-0.39,-0.435
2024-03-19,0.005633253044342368,13.819999694824219,-0.38,-0.435
2024-03-20,0.008864765516360507,13.039999961853027,-0.32,-0.435
2024-03-21,0.003231309094529067,12.920000076293945,-0.35,-0.435
2024-03-22,-0.0014031718343261446,13.0600004196167,-0.37,-0.436
2024-03-25,-0.0030596403820322138,13.1899995803833,-0.29,-0.436
2024-03-26,-0.0028037219828060955,13.239999771118164,-0.32,-0.436
2024-03-27,0.008593595582706115,12.779999732971191,-0.34,-0.436
2024-03-28,0.0011158627007610278,13.010000228881836,-0.39,-0.436
2024-04-01,-0.002015614526957421,13.649999618530273,-0.39,-0.434
2024-04-02,-0.007265388203672174,14.609999656677246,-0.34,-0.434
2024-04-03,0.0010905275233383804,14.329999923706055,-0.32,-0.434
2024-04-04,-0.012411035619262378,16.350000381469727,-0.34,-0.434
2024-04-05,0.011038050135699251,16.030000686645508,-0.34,-0.43
2024-04-08,-0.00037470119004190394,15.1899995803833,-0.36,-0.43
2024-04-09,0.0014444494736345348,14.979999542236328,-0.38,-0.43
2024-04-10,-0.00950198183221218,15.800000190734863,-0.42,-0.43
2024-04-11,0.007417221983342159,14.90999984741211,-0.37,-0.43
2024-04-12,-0.014657587802247463,17.309999465942383,-0.38,-0.424
2024-04-15,-0.012094195787460293,19.229999542236328,-0.3,-0.424
2024-04-16,-0.002058624527503383,18.399999618530273,-0.3,-0.424
2024-04-17,-0.005797375076005196,18.209999084472656,-0.34,-0.424
2024-04-18,-0.0022106017004848155,18.0,-0.34,-0.424
2024-04-19,-0.00879712965405588,18.709999084472656,-0.35,-0.418
2024-04-22,0.008693351156837892,16.940000534057617,-0.35,-0.418
2024-04-23,0.011893566567723113,15.6899995803833,-0.25,-0.418
2024-04-24,0.00021298737793173927,15.970000267028809,-0.24,-0.418
2024-04-25,-0.004586934270118803,15.369999885559082,-0.26,-0.418
2024-04-26,0.010157381332325244,15.029999732971191,-0.29,-0.413
2024-04-29,0.0031734080766394612,14.670000076293945,-0.34,-0.413
2024-04-30,-0.015855551118928446,15.649999618530273,-0.35,-0.413
2024-05-01,-0.0034413534856305716,15.390000343322754,-0.33,-0.413
2024-05-02,0.009087024725083381,14.680000305175781,-0.29,-0.413
2024-05-03,0.012478557659509448,13.489999771118164,-0.31,-0.411
2024-05-06,0.010273173691247806,13.489999771118164,-0.33,-0.411
2024-05-07,0.0013425282288253015,13.229999542236328,-0.35,-0.411
2024-05-08,-5.835635194628708e-06,13.0,-0.36,-0.411
2024-05-09,0.005078032639108443,12.6899995803833,-0.35,-0.411
2024-05-10,0.0016480400801661688,12.550000190734863,-0.37,-0.411
2024-05-13,-0.00024133317386620945,13.600000381469727,-0.37,-0.411
2024-05-14,0.004826148527454777,13.420000076293945,-0.36,-0.411
2024-05-15,0.011647827787300002,12.449999809265137,-0.37,-0.411
2024-05-16,-0.002083837474089023,12.420000076293945,-0.4,-0.411
2024-05-17,0.0011640956878942177,11.989999771118164,-0.41,-0.411
2024-05-20,0.0009159703084904436,12.149999618530273,-0.38,-0.411
2024-05-21,0.002498749766893127,11.859999656677246,-0.41,-0.411
2024-05-22,-0.002709791209351664,12.289999961853027,-0.43,-0.411
2024-05-23,-0.007408162283471853,12.770000457763672,-0.44,-0.411
2024-05-24,0.006976649076673169,11.930000305175781,-0.47,-0.411
2024-05-28,0.00024877090688590897,12.920000076293945,-0.4,-0.411
2024-05-29,-0.007394317215743129,14.279999732971191,-0.35,-0.411
2024-05-30,-0.0059929575357529075,14.470000267028809,-0.37,-0.411
2024-05-31,0.007995824231928239,12.920000076293945,-0.38,-0.41
2024-06-03,0.0011154602235343702,13.109999656677246,-0.41,-0.41
2024-06-04,0.0015016810037842276,13.15999984741211,-0.44,-0.41
2024-06-05,0.011778015849955636,12.630000114440918,-0.43,-0.41
2024-06-06,-0.0001998366016362496,12.579999923706055,-0.44,-0.41
2024-06-07,-0.0011158420502788147,12.220000267028809,-0.44,-0.407
2024-06-10,0.002577529978241344,12.739999771118164,-0.4,-0.407
2024-06-11,0.0027067148552095688,12.850000381469727,-0.42,-0.407
2024-06-12,0.008467720241887022,12.039999961853027,-0.44,-0.407
2024-06-13,0.002341911437117261,11.9399995803833,-0.44,-0.407
2024-06-14,-0.00039393828099854034,12.65999984741211,-0.47,-0.401
2024-06-17,0.007635164372320702,12.75,-0.47,-0.401
2024-06-18,0.0025181541815175734,12.300000190734863,-0.47,-0.401
2024-06-20,-0.002529127395412445,13.279999732971191,-0.45,-0.401
2024-06-21,-0.0015633517188238244,13.199999809265137,-0.45,-0.394
2024-06-24,-0.003069879155868094,13.329999923706055,-0.46,-0.394
2024-06-25,0.003925873679182956,12.84000015258789,-0.42,-0.394
2024-06-26,0.0015711962247202393,12.550000190734863,-0.39,-0.394
2024-06-27,0.0009069098567984213,12.239999771118164,-0.41,-0.394
2024-06-28,-0.004092013462368982,12.4399995803833,-0.35,-0.386
2024-07-01,0.0026719909814296727,12.220000267028809,-0.29,-0.386
2024-07-02,0.006176205771184939,12.029999732971191,-0.31,-0.386
2024-07-03,0.005071562269533203,12.09000015258789,-0.35,-0.386
2024-07-05,0.0054339743609688185,12.479999542236328,-0.32,-0.379
2024-07-08,0.0010161824764054472,12.369999885559082,-0.34,-0.379
2024-07-09,0.0007407974780644366,12.510000228881836,-0.32,-0.379
2024-07-10,0.010156314878106087,12.850000381469727,-0.34,-0.379
2024-07-11,-0.008801649969266023,12.920000076293945,-0.3,-0.379
2024-07-12,0.00550186402496422,12.460000038146973,-0.27,-0.373
2024-07-15,0.002822216423354007,13.119999885559082,-0.21,-0.373
2024-07-16,0.0063690499714521565,13.1899995803833,-0.26,-0.373
2024-07-17,-0.014025441523644488,14.479999542236328,-0.26,-0.373
2024-07-18,-0.007847112145350721,15.930000305175781,-0.26,-0.373
2024-07-19,-0.007165879226405991,16.520000457763672,-0.24,-0.368
2024-07-22,0.010734217246220368,14.90999984741211,-0.24,-0.368
2024-07-23,-0.0015593176939461273,14.720000267028809,-0.15,-0.368
2024-07-24,-0.023421242222893213,18.040000915527344,-0.09,-0.368
2024-07-25,-0.005155889019716753,18.459999084472656,-0.14,-0.368
2024-07-26,0.01102942040957089,16.389999389648438,-0.16,-0.363
2024-07-29,0.0008129795718279098,16.600000381469727,-0.19,-0.363
2024-07-30,-0.004972514361366365,17.690000534057617,-0.2,-0.363
2024-07-31,0.01566998070191694,16.360000610351562,-0.2,-0.363
2024-08-01,-0.013788123791989904,18.59000015258789,-0.17,-0.363
2024-08-02,-0.018552906608553243,23.389999389648438,-0.08,-0.359
2024-08-05,-0.03042704139239305,38.56999969482422,-0.11,-0.359
2024-08-06,0.010300849493599884,27.709999084472656,-0.09,-0.359
2024-08-07,-0.007764715388770327,27.850000381469727,-0.04,-0.359
2024-08-08,0.022781139590899002,23.790000915527344,-0.05,-0.359
2024-08-09,0.004660798434381164,20.3700008392334,-0.11,-0.357
2024-08-12,4.3033051721153015e-05,20.709999084472656,-0.11,-0.357
2024-08-13,0.016707233419049672,18.1200008392334,-0.08,-0.357
2024-08-14,0.003816436561198344,16.190000534057617,-0.11,-0.357
2024-08-15,0.016004489931304988,15.229999542236328,-0.16,-0.357
2024-08-16,0.0019878023683954638,14.800000190734863,-0.17,-0.359
2024-08-19,0.009675327436177383,14.649999618530273,-0.2,-0.359
2024-08-20,-0.001986527237608726,15.880000114440918,-0.17,-0.359
2024-08-21,0.004230714721005668,16.270000457763672,-0.13,-0.359
2024-08-22,-0.00897294225665668,17.549999237060547,-0.13,-0.359
2024-08-23,0.011417937401663636,15.859999656677246,-0.09,-0.367
2024-08-26,-0.003158710169605783,16.149999618530273,-0.09,-0.367
2024-08-27,0.0015939251127239373,15.430000305175781,0.0,-0.367
2024-08-28,-0.005993900794734941,17.110000610351562,0.01,-0.367
2024-08-29,-3.937984343771461e-05,15.649999618530273,0.0,-0.367
2024-08-30,0.01004245707914464,15.0,0.0,-0.378
2024-09-03,-0.021377963372398057,20.719999313354492,-0.04,-0.378
2024-09-04,-0.0016038290273812095,21.31999969482422,0.01,-0.378
2024-09-05,-0.0030225810146742305,19.899999618530273,-0.02,-0.378
2024-09-06,-0.01741094450742331,22.3799991607666,0.06,-0.389
2024-09-09,0.011513534435817263,19.450000762939453,0.02,-0.389
2024-09-10,0.004462699977795026,19.079999923706055,0.06,-0.389
2024-09-11,0.010608555649842089,17.690000534057617,0.03,-0.389
2024-09-12,0.007467352156803386,17.06999969482422,0.04,-0.389
2024-09-13,0.005393142234355608,16.559999465942383,0.09,-0.4
2024-09-16,0.0012558408673104537,17.139999389648438,0.07,-0.4
2024-09-17,0.0002645150938960228,17.610000610351562,0.06,-0.4
2024-09-18,-0.0029006587083131308,18.229999542236328,0.09,-0.4
2024-09-19,0.016834356892726277,16.329999923706055,0.14,-0.4
2024-09-20,-0.0019429136300157523,16.149999618530273,0.18,-0.41
2024-09-23,0.0028053344257124024,15.890000343322754,0.18,-0.41
2024-09-24,0.0025080311033462976,15.390000343322754,0.25,-0.41
2024-09-25,-0.0018629832062124763,15.40999984741211,0.26,-0.41
2024-09-26,0.004030542158199424,15.369999885559082,0.19,-0.41
2024-09-27,-0.0012540029000724928,16.959999084472656,0.2,-0.419
2024-09-30,0.004227603658440771,16.729999542236328,0.15,-0.419
2024-10-01,-0.009367848694454395,19.260000228881836,0.13,-0.419
2024-10-02,0.00013838132698751338,18.899999618530273,0.16,-0.419
2024-10-03,-0.0016828286544594562,20.489999771118164,0.15,-0.419
2024-10-04,0.008930255699185707,19.209999084472656,0.05,-0.425
2024-10-07,-0.009632263829388421,22.639999389648438,0.04,-0.425
2024-10-08,0.009642706804694257,21.420000076293945,0.06,-0.425
2024-10-09,0.0070882310169952945,20.860000610351562,0.07,-0.425
2024-10-10,-0.0020722685059819668,20.93000030517578,0.11,-0.425
2024-10-11,0.006033608707298299,20.459999084472656,0.13,-0.43
2024-10-15,-0.007638566037513783,20.639999389648438,0.08,-0.43
2024-10-16,0.004668232782780279,19.579999923706055,0.09,-0.43
2024-10-17,-0.00017117512853737082,19.110000610351562,0.13,-0.43
2024-10-18,0.003963686942773492,18.030000686645508,0.13,-0.433
2024-10-21,-0.0018244327564183038,18.3700008392334,0.17,-0.433
2024-10-22,-0.00047496666719659686,18.200000762939453,0.17,-0.433
2024-10-23,-0.009233824267679935,19.239999771118164,0.17,-0.433
2024-10-24,0.002143473130557183,19.079999923706055,0.14,-0.433
2024-10-25,-0.0002994920131857981,20.329999923706055,0.14,-0.438
2024-10-28,0.0026479346267329618,19.799999237060547,0.16,-0.438
2024-10-29,0.0016128259449015303,19.34000015258789,0.17,-0.438
2024-10-30,-0.003305691672489175,20.350000381469727,0.14,-0.438
2024-10-31,-0.018790134928744706,23.15999984741211,0.12,-0.438
2024-11-01,0.004084158004525662,21.8799991607666,0.16,-0.443
2024-11-04,-0.0028160448131906435,21.979999542236328,0.14,-0.443
2024-11-05,0.012191031029562538,20.489999771118164,0.07,-0.443
2024-11-06,0.02498128095718677,16.270000457763672,0.15,-0.443
2024-11-07,0.007403754173996191,15.199999809265137,0.1,-0.443
2024-11-08,0.003749794035718068,14.9399995803833,0.04,-0.449
2024-11-12,-0.002896851476936746,14.710000038146973,0.09,-0.449
2024-11-13,0.0002322007641417656,14.020000457763672,0.17,-0.449
2024-11-14,-0.006068108582244491,14.3100004196167,0.09,-0.449
2024-11-15,-0.013291430866793519,16.139999389648438,0.12,-0.457
2024-11-18,0.003910159746206787,15.579999923706055,0.13,-0.457
2024-11-19,0.003955750520596268,16.350000381469727,0.12,-0.457
2024-11-20,2.195062133480974e-05,17.15999984741211,0.1,-0.457
2024-11-21,0.00532625184428781,16.8700008392334,0.09,-0.457
2024-11-22,0.003461959591536612,15.239999771118164,0.04,-0.464
2024-11-25,0.003015927820126052,14.600000381469727,0.06,-0.464
2024-11-26,0.005705697155262257,14.100000381469727,0.09,-0.464
2024-11-27,-0.003808481083577675,14.100000381469727,0.06,-0.464
2024-11-29,0.005592120396801903,13.510000228881836,0.05,-0.469
2024-12-02,0.0024454638805817552,13.34000015258789,0.02,-0.469
2024-12-03,0.00045134724202178234,13.300000190734863,0.06,-0.469
2024-12-04,0.00603318162813693,13.449999809265137,0.06,-0.469
2024-12-05,-0.0018715258393822154,13.539999961853027,0.02,-0.469
2024-12-06,0.0024923453675373963,12.770000457763672,0.05,-0.473
2024-12-09,-0.0061631672852264785,14.1899995803833,0.07,-0.473
2024-12-10,-0.0029682843142797566,14.180000305175781,0.07,-0.473
2024-12-11,0.008132626411368804,13.579999923706055,0.11,-0.473
2024-12-12,-0.005428731461464054,13.920000076293945,0.14,-0.473
2024-12-13,-2.6466989371698446e-05,13.8100004196167,0.15,-0.475
2024-12-16,0.0037921550087851585,14.6899995803833,0.14,-0.475
2024-12-17,-0.003871479480656248,15.869999885559082,0.15,-0.475
2024-12-18,-0.029936505304517524,27.6200008392334,0.15,-0.475
2024-12-19,-0.0008654867505377695,24.09000015258789,0.25,-0.475
2024-12-20,0.010810479402397988,18.360000610351562,0.22,-0.477
2024-12-23,0.007260849585616569,16.780000686645508,0.29,-0.477
2024-12-24,0.010982233165126587,14.270000457763672,0.3,-0.477
2024-12-26,-0.00040574108825808253,14.729999542236328,0.28,-0.477
2024-12-27,-0.011117304964912478,15.949999809265137,0.31,-0.478
2024-12-30,-0.010759673941729275,17.399999618530273,0.31,-0.478
2024-12-31,-0.00429400645898248,17.350000381469727,0.33,-0.478
2025-01-02,-0.0022263631494485736,17.93000030517578,0.32,-0.478
2025-01-03,0.012517356707824945,16.1299991607666,0.32,-0.482
2025-01-06,0.005522766496818932,16.040000915527344,0.34,-0.482
2025-01-07,-0.011166021516636704,17.81999969482422,0.37,-0.482
2025-01-08,0.0015591440938305112,17.700000762939453,0.39,-0.482
2025-01-10,-0.015531637650232355,19.540000915527344,0.37,-0.486
2025-01-13,0.0015742043780537784,19.190000534057617,0.39,-0.486
2025-01-14,0.0011456233341640143,18.709999084472656,0.41,-0.486
2025-01-15,0.018147132504516605,16.1200008392334,0.39,-0.486
2025-01-16,-0.002114924340865798,16.600000381469727,0.38,-0.486
2025-01-17,0.009941478308393314,15.970000267028809,0.34,-0.492
2025-01-21,0.008730009440595765,15.0600004196167,0.28,-0.492
2025-01-22,0.006119181086994274,15.100000381469727,0.31,-0.492
2025-01-23,0.005299419459529275,15.020000457763672,0.36,-0.492
2025-01-24,-0.002859215984466701,14.850000381469727,0.36,-0.498
2025-01-27,-0.014688059032112122,17.899999618530273,0.36,-0.498
2025-01-28,0.009175644177716435,16.40999984741211,0.36,-0.498
2025-01-29,-0.0046898760569202835,16.559999465942383,0.34,-0.498
2025-01-30,0.005261548152180495,15.84000015258789,0.34,-0.498
2025-01-31,-0.005059603990266837,16.43000030517578,0.36,-0.503
2025-02-03,-0.007637690729495716,18.6200008392334,0.28,-0.503
2025-02-04,0.007198907403029864,17.209999084472656,0.31,-0.503
2025-02-05,0.0039010539156141277,15.770000457763672,0.26,-0.503
2025-02-06,0.003637674355266185,15.5,0.24,-0.503
2025-02-07,-0.009509845693660424,16.540000915527344,0.2,-0.505
2025-02-10,0.006690112295453687,15.8100004196167,0.23,-0.505
2025-02-11,0.00033952514367463493,16.020000457763672,0.25,-0.505
2025-02-12,-0.002727583189647831,15.890000343322754,0.26,-0.505
2025-02-13,0.010372313214235263,15.100000381469727,0.21,-0.505
2025-02-14,-7.194639557361882e-05,14.770000457763672,0.21,-0.505
2025-02-18,0.0024420036555508062,15.350000381469727,0.26,-0.505
2025-02-19,0.0023741488668242994,15.270000457763672,0.25,-0.505
2025-02-20,-0.004343604884288865,15.65999984741211,0.22,-0.505
2025-02-21,-0.01721139667253979,18.209999084472656,0.23,-0.5
2025-02-24,-0.004981493566251771,18.979999542236328,0.27,-0.5
2025-02-25,-0.004690715138396584,19.43000030517578,0.23,-0.5
2025-02-26,0.0001360150295841578,19.100000381469727,0.2,-0.5
2025-02-27,-0.015991742678524545,21.1299991607666,0.22,-0.5
2025-02-28,0.01572978042066353,19.6299991607666,0.25,-0.491
2025-03-03,-0.017753402648310157,22.780000686645508,0.2,-0.491
2025-03-04,-0.012310288231505595,23.510000228881836,0.26,-0.491
2025-03-05,0.011097472528735608,21.93000030517578,0.29,-0.491
2025-03-06,-0.01797967710745496,24.8700008392334,0.33,-0.491
2025-03-07,0.005505435045455087,23.3700008392334,0.33,-0.477
2025-03-10,-0.02734354178842935,27.860000610351562,0.33,-0.477
2025-03-11,-0.00759664691853601,26.920000076293945,0.34,-0.477
2025-03-12,0.004874967940491359,24.229999542236328,0.31,-0.477
2025-03-13,-0.013988366806465535,24.65999984741211,0.33,-0.477
2025-03-14,0.021042905953198243,21.770000457763672,0.29,-0.46
2025-03-17,0.006395634974605713,20.510000228881836,0.25,-0.46
2025-03-18,-0.010710667074320668,21.700000762939453,0.25,-0.46
2025-03-19,0.01074060817295397,19.899999618530273,0.26,-0.46
2025-03-20,-0.00218728351378239,19.799999237060547,0.29,-0.46
2025-03-21,0.0008243136078327495,19.280000686645508,0.31,-0.442
2025-03-24,0.017492117128638185,17.479999542236328,0.3,-0.442
2025-03-25,0.0015730954906540973,17.149999618530273,0.35,-0.442
2025-03-26,-0.011219640357598593,18.329999923706055,0.37,-0.442
2025-03-27,-0.003312461007132228,18.690000534057617,0.41,-0.442
2025-03-28,-0.019934601126852414,21.649999618530273,0.38,-0.424
2025-03-31,0.005523240357645065,22.280000686645508,0.34,-0.424
2025-04-01,0.003774104555212432,21.770000457763672,0.3,-0.424
2025-04-02,0.006705661429483811,21.510000228881836,0.29,-0.424
2025-04-03,-0.049605911828995986,30.020000457763672,0.35,-0.424
2025-04-04,-0.06160906189823123,45.310001373291016,0.33,-0.407
2025-04-07,-0.002334194605962736,46.97999954223633,0.42,-0.407
2025-04-08,-0.015825083277055896,52.33000183105469,0.55,-0.407
2025-04-09,0.09089487983303712,33.619998931884766,0.43,-0.407
2025-04-10,-0.03522060702411167,40.720001220703125,0.56,-0.407
2025-04-11,0.017930380835776916,37.560001373291016,0.52,-0.392
2025-04-14,0.007913319326343426,30.889999389648438,0.54,-0.392
2025-04-15,-0.0017292752253013077,30.1200008392334,0.51,-0.392
2025-04-16,-0.022663253964902097,32.63999938964844,0.52,-0.392
2025-04-17,0.0013259586237737153,29.649999618530273,0.53,-0.392
2025-04-21,-0.02384964833401959,33.81999969482422,0.67,-0.381
2025-04-22,0.024806952125450366,30.56999969482422,0.65,-0.381
2025-04-23,0.016523864366879693,28.450000762939453,0.59,-0.381
2025-04-24,0.020056628082583572,26.469999313354492,0.55,-0.381
2025-04-25,0.007346084795701202,24.84000015258789,0.55,-0.382
2025-04-28,0.0006405015390011926,25.149999618530273,0.56,-0.382
2025-04-29,0.005785641545557496,24.170000076293945,0.54,-0.382
2025-04-30,0.0014788972519319543,24.700000762939453,0.57,-0.382
2025-05-01,0.006279345716452056,24.600000381469727,0.55,-0.382
2025-05-02,0.014619191109114027,22.68000030517578,0.5,-0.388
2025-05-05,-0.00640204702931868,23.639999389648438,0.53,-0.388
2025-05-06,-0.007722985278391548,24.760000228881836,0.52,-0.388
2025-05-07,0.004336938106709098,23.549999237060547,0.48,-0.388
2025-05-08,0.005783021147466982,22.479999542236328,0.47,-0.388
2025-05-09,-0.0007117341348763517,21.899999618530273,0.49,-0.402
2025-05-12,0.03203997667701941,18.389999389648438,0.47,-0.402
2025-05-13,0.007222059020246974,18.219999313354492,0.47,-0.402
2025-05-14,0.0010238912422764201,18.6200008392334,0.48,-0.402
2025-05-15,0.004123817438756561,17.829999923706055,0.49,-0.402
2025-05-16,0.00698084936809984,17.239999771118164,0.45,-0.419
2025-05-19,0.0008757295660490882,18.139999389648438,0.49,-0.419
2025-05-20,-0.003887777069571996,18.09000015258789,0.51,-0.419
2025-05-21,-0.01626671926775991,20.8700008392334,0.58,-0.419
2025-05-22,-0.00044497002242138706,20.280000686645508,0.54,-0.419
2025-05-23,-0.00673089959147255,22.290000915527344,0.51,-0.437
2025-05-27,0.020252580802184283,18.959999084472656,0.51,-0.437
2025-05-28,-0.005586802576445393,19.309999465942383,0.51,-0.437
2025-05-29,0.004003170870632289,19.18000030517578,0.51,-0.437
2025-05-30,-8.118845699556232e-05,18.56999969482422,0.52,-0.452
2025-06-02,0.004093651490626016,18.360000610351562,0.52,-0.452
2025-06-03,0.005783533535369756,17.690000534057617,0.5,-0.452
2025-06-04,7.368474471824982e-05,17.610000610351562,0.5,-0.452
2025-06-05,-0.005291357978697064,18.479999542236328,0.48,-0.452
2025-06-06,0.010228196215376073,16.770000457763672,0.47,-0.464
2025-06-09,0.000919525186391823,17.15999984741211,0.48,-0.464
2025-06-10,0.0054680125416464165,16.950000762939453,0.46,-0.464
2025-06-11,-0.002747660318286549,17.260000228881836,0.47,-0.464
2025-06-12,0.0038151330716758025,18.020000457763672,0.46,-0.464
2025-06-13,-0.011360668590102208,20.81999969482422,0.45,-0.473
2025-06-16,0.009348823148188856,19.110000610351562,0.49,-0.473
2025-06-17,-0.008387259723644291,21.600000381469727,0.45,-0.473
2025-06-18,-0.00030928803471930166,20.139999389648438,0.44,-0.473
2025-06-20,-0.002181035215588878,20.6200008392334,0.48,-0.48
2025-06-23,0.009560655071259916,19.829999923706055,0.5,-0.48
2025-06-24,0.01106032861695816,17.479999542236328,0.55,-0.48
2025-06-25,-3.286108348987682e-06,16.760000228881836,0.55,-0.48
2025-06-26,0.007988131032517387,16.59000015258789,0.56,-0.48
2025-06-27,0.005205399256150045,16.31999969482422,0.56,-0.487
2025-06-30,0.005151137506128833,16.729999542236328,0.52,-0.487
2025-07-01,-0.0011191571098798647,16.829999923706055,0.48,-0.487
2025-07-02,0.004733874306490193,16.639999389648438,0.52,-0.487
2025-07-03,0.00830437821066532,16.3799991607666,0.47,-0.487
2025-07-07,-0.007893368104245013,17.790000915527344,0.5,-0.493
2025-07-08,-0.0007161432504698695,16.809999465942383,0.52,-0.493
2025-07-09,0.006043802776780183,15.9399995803833,0.48,-0.493
2025-07-10,0.002742441072925317,15.779999732971191,0.49,-0.493
2025-07-11,-0.0033029717732251385,16.399999618530273,0.53,-0.5
2025-07-14,0.0014064243309359625,17.200000762939453,0.53,-0.5
2025-07-15,-0.003964145065671332,17.3799991607666,0.55,-0.5
2025-07-16,0.003188568525382962,17.15999984741211,0.58,-0.5
2025-07-17,0.005359380240012257,16.520000457763672,0.56,-0.5
2025-07-18,-9.049030280827708e-05,16.40999984741211,0.56,-0.506
2025-07-21,0.0013981570056724735,16.649999618530273,0.53,-0.506
2025-07-22,0.000637328496667422,16.5,0.52,-0.506
2025-07-23,0.007781532145703096,15.369999885559082,0.52,-0.506
2025-07-24,0.0006979799969322187,15.390000343322754,0.52,-0.506
2025-07-25,0.003966451001680582,14.930000305175781,0.49,-0.511
2025-07-28,0.0001768424712675909,15.029999732971191,0.51,-0.511
2025-07-29,-0.0029638301974674874,15.979999542236328,0.48,-0.511
2025-07-30,-0.001250213938510214,15.479999542236328,0.44,-0.511
2025-07-31,-0.0037016620463745653,16.719999313354492,0.43,-0.511
2025-08-01,-0.01612138718556899,20.3799991607666,0.54,-0.515
2025-08-04,0.014629564491414726,17.520000457763672,0.53,-0.515
2025-08-05,-0.0048697037804625865,17.850000381469727,0.5,-0.515
2025-08-06,0.007255522219853816,16.770000457763672,0.53,-0.515
2025-08-07,-0.0007977981718276794,16.56999969482422,0.51,-0.515
2025-08-08,0.007769454816388688,15.149999618530273,0.51,-0.518
2025-08-11,-0.0025072683938844875,16.25,0.51,-0.518
2025-08-12,0.011281559075170478,14.729999542236328,0.57,-0.518
2025-08-13,0.0032248733840454236,14.489999771118164,0.57,-0.518
2025-08-14,0.00030304487855481455,14.829999923706055,0.55,-0.518
2025-08-15,-0.0029013399163648756,15.09000015258789,0.58,-0.52
2025-08-18,-0.0001007682577363056,14.989999771118164,0.57,-0.52
2025-08-19,-0.005875329112207339,15.569999694824219,0.55,-0.52
2025-08-20,-0.00243463063226379,15.6899995803833,0.55,-0.52
2025-08-21,-0.004012219728950939,16.600000381469727,0.54,-0.52
2025-08-22,0.015072285158778342,14.220000267028809,0.58,-0.522
2025-08-25,-0.004275512539646087,14.789999961853027,0.55,-0.522
2025-08-26,0.004125473710116623,14.619999885559082,0.65,-0.522
2025-08-27,0.0023881304533031056,14.850000381469727,0.65,-0.522
2025-08-28,0.0031517474414659574,14.430000305175781,0.6,-0.522
2025-08-29,-0.006418740402791556,15.359999656677246,0.64,-0.523
2025-09-02,-0.006946350061031836,17.170000076293945,0.62,-0.523
2025-09-03,0.0050871123029416765,16.350000381469727,0.61,-0.523
2025-09-04,0.008311847102874026,15.300000190734863,0.58,-0.523
2025-09-05,-0.003170172669936022,15.180000305175781,0.59,-0.524
2025-09-08,0.0021037644508883346,15.109999656677246,0.56,-0.524
2025-09-09,0.0026845470300731478,15.039999961853027,0.54,-0.524
2025-09-10,0.002979028229397329,15.350000381469727,0.5,-0.524
2025-09-11,0.008450087623094404,14.710000038146973,0.49,-0.524
2025-09-12,-0.0004828778814278678,14.760000228881836,0.5,-0.524
2025-09-15,0.004695577726559819,15.6899995803833,0.51,-0.524
2025-09-16,-0.0012887604333311486,16.360000610351562,0.53,-0.524
2025-09-17,-0.000970639078245128,15.720000267028809,0.54,-0.524
2025-09-18,0.0047776878367074005,15.699999809265137,0.54,-0.524
2025-09-19,0.00487352393748175,15.449999809265137,0.57,-0.524
2025-09-22,0.004400350714762524,16.100000381469727,0.54,-0.524
2025-09-23,-0.005517351828739692,16.639999389648438,0.59,-0.524
2025-09-24,-0.002850677165294968,16.18000030517578,0.59,-0.524
2025-09-25,-0.005021648742527418,16.739999771118164,0.54,-0.524
2025-09-26,0.005884489130414394,15.289999961853027,0.57,-0.523
2025-09-29,0.0026320772599124354,16.1200008392334,0.52,-0.523
2025-09-30,0.004082503613508592,16.280000686645508,0.56,-0.523
2025-10-01,0.0033941541712234624,16.290000915527344,0.57,-0.523
2025-10-02,0.0006181636213824504,16.6299991607666,0.55,-0.523
2025-10-03,6.551065686721813e-05,16.649999618530273,0.55,-0.522
2025-10-06,0.003639959282761396,16.3700008392334,0.58,-0.522
2025-10-07,-0.0038186877068522307,17.239999771118164,0.57,-0.522
2025-10-08,0.005810748494187834,16.299999237060547,0.55,-0.522
2025-10-09,-0.002759373980278923,16.43000030517578,0.54,-0.522
2025-10-10,-0.027485975439899946,21.65999984741211,0.53,-0.521
2025-10-14,-0.0015655514969434847,20.809999465942383,0.55,-0.521
2025-10-15,0.00401791850342903,20.639999389648438,0.55,-0.521
2025-10-16,-0.006314280275143247,25.309999465942383,0.58,-0.521
2025-10-17,0.005256873944526674,20.780000686645508,0.56,-0.519
2025-10-20,0.010615724136144422,18.229999542236328,0.54,-0.519
2025-10-21,3.269591641696934e-05,17.8700008392334,0.53,-0.519
2025-10-22,-0.00535183477474277,18.600000381469727,0.52,-0.519
2025-10-23,0.005810479862013551,17.299999237060547,0.53,-0.519
2025-10-24,0.007871361975244184,16.3700008392334,0.54,-0.516
2025-10-27,0.012215141327379442,15.789999961853027,0.53,-0.516
2025-10-28,0.0022853305022305648,16.420000076293945,0.52,-0.516
2025-10-29,-4.357920473374577e-05,16.920000076293945,0.49,-0.516
2025-10-30,-0.009954191424535352,16.90999984741211,0.5,-0.516
2025-10-31,0.002614500917884399,17.440000534057617,0.51,-0.513
2025-11-03,0.0017192339969174242,17.170000076293945,0.53,-0.513
2025-11-04,-0.0118062503923273,19.0,0.52,-0.513
2025-11-05,0.0036468976756882654,18.010000228881836,0.54,-0.513
2025-11-06,-0.011241134514722972,19.5,0.54,-0.513
2025-11-07,0.0012610463474942435,19.079999923706055,0.56,-0.51
2025-11-10,0.015283626703501696,17.600000381469727,0.55,-0.51
2025-11-12,0.0006293191259452158,17.510000228881836,0.52,-0.51
2025-11-13,-0.01669545163092856,20.0,0.53,-0.51
2025-11-14,-0.000501851471272019,19.829999923706055,0.52,-0.506
2025-11-17,-0.009204497894303998,22.3799991607666,0.53,-0.506
2025-11-18,-0.008290709844169797,24.690000534057617,0.54,-0.506
2025-11-19,0.003746807737265101,23.65999984741211,0.55,-0.506
2025-11-20,-0.015689726116315583,26.420000076293945,0.55,-0.506
2025-11-21,0.009775103041592459,23.43000030517578,0.55,-0.505
2025-11-24,0.015348818899081351,20.520000457763672,0.58,-0.505
2025-11-25,0.009020886000833173,18.559999465942383,0.58,-0.505
2025-11-26,0.006882969436150077,17.190000534057617,0.55,-0.505
2025-11-28,0.005340487341136679,16.350000381469727,0.55,-0.504
2025-12-01,-0.0053375487460556315,17.239999771118164,0.55,-0.504
2025-12-02,0.0024542211959364124,16.59000015258789,0.58,-0.504
2025-12-03,0.0029753605210860457,16.079999923706055,0.57,-0.504
2025-12-04,0.0010797387119740876,15.779999732971191,0.59,-0.504
2025-12-05,0.0019347688846789168,15.40999984741211,0.58,-0.505
2025-12-08,-0.003483315331648029,16.65999984741211,0.6,-0.505
2025-12-09,-0.0008767431610134935,16.93000030517578,0.57,-0.505
2025-12-10,0.006726880659140733,15.770000457763672,0.59,-0.505
2025-12-11,0.0020771919837176966,14.850000381469727,0.62,-0.505
2025-12-12,-0.01072091345855597,15.739999771118164,0.67,-0.508
2025-12-15,-0.0015978388918362896,16.5,0.67,-0.508
2025-12-16,-0.0023867640084400676,16.479999542236328,0.67,-0.508
2025-12-17,-0.011659856611370145,17.6200008392334,0.67,-0.508
2025-12-18,0.007902951520478041,16.8700008392334,0.66,-0.508
2025-12-19,0.008779407421830143,14.90999984741211,0.68,-0.513
2025-12-22,0.006415870575560589,14.079999923706055,0.73,-0.513
2025-12-23,0.004540067046789886,14.0,0.7,-0.513
2025-12-24,0.00321630434470066,13.470000267028809,0.68,-0.513
2025-12-26,-0.0003044098771098902,13.600000381469727,0.68,-0.522
2025-12-29,-0.003498162923936121,14.199999809265137,0.67,-0.522
2025-12-30,-0.0013766142506543844,14.329999923706055,0.69,-0.522
2025-12-31,-0.007384867434248932,14.949999809265137,0.71,-0.522
2026-01-02,0.0018929140261167987,14.510000228881836,0.72,-0.533
2026-01-05,0.006334024511051695,14.899999618530273,0.71,-0.533
2026-01-06,0.006177592003892229,14.75,0.71,-0.533
2026-01-07,-0.0034458535710086835,15.380000114440918,0.68,-0.533
2026-01-08,7.654532942247272e-05,15.449999809265137,0.7,-0.533
2026-01-09,0.006454611138320132,14.489999771118164,0.64,-0.545
2026-01-12,0.0015763900591814206,15.119999885559082,0.65,-0.545
2026-01-13,-0.001941005588207645,15.979999542236328,0.65,-0.545
2026-01-14,-0.005347633584134925,16.75,0.64,-0.545
2026-01-15,0.0025766039204437874,15.84000015258789,0.61,-0.545
2026-01-16,-0.0006425086684505033,15.859999656677246,0.65,-0.556
2026-01-20,-0.020842460953261366,20.09000015258789,0.7,-0.556
2026-01-21,0.011521117633559896,16.899999618530273,0.66,-0.556
2026-01-22,0.005472500707902839,15.640000343322754,0.65,-0.556
2026-01-23,0.0003268164274814467,16.09000015258789,0.64,-0.562
2026-01-26,0.004993594260159995,16.149999618530273,0.66,-0.562
2026-01-27,0.004073587840441206,16.350000381469727,0.71,-0.562
2026-01-28,-8.172639170034302e-05,16.350000381469727,0.7,-0.562
2026-01-29,-0.0012934674424620596,16.8799991607666,0.71,-0.562
2026-01-30,-0.004311179414457911,17.440000534057617,0.74,-0.564
2026-02-02,0.005376785277363183,16.34000015258789,0.72,-0.564
2026-02-03,-0.008439495590662816,18.0,0.71,-0.564
2026-02-04,-0.005085300155014849,18.639999389648438,0.72,-0.564
2026-02-05,-0.012326677853831569,21.770000457763672,0.74,-0.564
2026-02-06,0.019504344282200492,20.3700008392334,0.72,-0.56
2026-02-09,0.004680117860122124,17.360000610351562,0.74,-0.56
2026-02-10,-0.003309182284509049,17.790000915527344,0.71,-0.56
2026-02-11,-4.895726995002292e-05,17.649999618530273,0.66,-0.56
2026-02-12,-0.015784941386117524,20.81999969482422,0.62,-0.56
2026-02-13,0.0004989646444464313,20.600000381469727,0.64,-0.552
2026-02-17,0.001030790630656142,20.290000915527344,0.62,-0.552
2026-02-18,0.005550636821135768,19.6200008392334,0.62,-0.552
2026-02-19,-0.002826115391535211,20.229999542236328,0.61,-0.552
2026-02-20,0.0069157557021739535,19.09000015258789,0.6,-0.539
2026-02-23,-0.01043995947145504,21.010000228881836,0.6,-0.539
2026-02-24,0.007622488962383045,19.549999237060547,0.61,-0.539
2026-02-25,0.008103433970129359,17.93000030517578,0.6,-0.539
2026-02-26,-0.0053800269955672775,18.6299991607666,0.6,-0.539
2026-02-27,-0.004348795128036542,19.860000610351562,0.59,-0.522
2026-03-02,0.0003982754131346411,21.440000534057617,0.58,-0.522
2026-03-03,-0.009488908731311696,23.56999969482422,0.55,-0.522
2026-03-04,0.007726125740148859,21.149999618530273,0.55,-0.522
2026-03-05,-0.005662707772703612,23.75,0.56,-0.522
2026-03-06,-0.013365720432496175,29.489999771118164,0.59,-0.503
2026-03-09,0.008269871665389061,25.5,0.56,-0.503
2026-03-10,-0.0021374025058875645,24.93000030517578,0.58,-0.503
2026-03-11,-0.0008379521856358707,24.229999542236328,0.57,-0.503
2026-03-12,-0.015344808189492909,27.290000915527344,0.51,-0.503
2026-03-13,-0.0060775463985027756,27.190000534057617,0.55,-0.484
2026-03-16,0.010079909746819382,23.510000228881836,0.55,-0.484
2026-03-17,0.0024911493849533173,22.3700008392334,0.52,-0.484
2026-03-18,-0.013700999383731371,25.09000015258789,0.5,-0.484
2026-03-19,-0.0027525826238985474,24.059999465942383,0.46,-0.484
2026-03-20,-0.015253934307770223,26.780000686645508,0.51,-0.468
2026-03-23,0.011388109095072707,26.149999618530273,0.51,-0.468
2026-03-24,-0.0037495954593200764,26.950000762939453,0.49,-0.468
2026-03-25,0.005404493759948892,25.329999923706055,0.49,-0.468
2026-03-26,-0.017559440961209205,27.440000534057617,0.46,-0.468
2026-03-27,-0.01686323194605066,31.049999237060547,0.56,-0.458
2026-03-30,-0.003953553833357049,30.610000610351562,0.53,-0.458
2026-03-31,0.02871489330980026,25.25,0.51,-0.458
2026-04-01,0.007142945003758783,24.540000915527344,0.52,-0.458
2026-04-02,0.001120248136237123,23.8700008392334,0.52,-0.458
2026-04-06,0.004417013131604364,24.170000076293945,0.5,-0.454
2026-04-07,0.00075896003312792,25.780000686645508,0.52,-0.454
2026-04-08,0.024772038357184556,21.040000915527344,0.5,-0.454
2026-04-09,0.0061510668695135,19.489999771118164,0.51,-0.454
2026-04-10,-0.0011391696991402966,19.229999542236328,0.5,-0.459
2026-04-13,0.010121875493741328,19.1200008392334,0.52,-0.459
2026-04-14,0.011713988916143947,18.360000610351562,0.5,-0.459
2026-04-15,0.007944144911565587,18.170000076293945,0.53,-0.459
2026-04-16,0.0026065558152854607,17.940000534057617,0.54,-0.459
2026-04-17,0.01196855392873708,17.479999542236328,0.55,-0.469
2026-04-20,-0.0023771959102507623,18.8700008392334,0.54,-0.469
2026-04-21,-0.0063684535808530285,19.5,0.52,-0.469
2026-04-22,0.010405756011536482,18.920000076293945,0.51,-0.469
2026-04-23,-0.004141432170939652,19.309999465942383,0.51,-0.469
2026-04-24,0.0079420679176323,18.709999084472656,0.53,-0.48
2026-04-27,0.001231618000550938,18.020000457763672,0.57,-0.48
2026-04-28,-0.004906187868796152,17.829999923706055,0.52,-0.48
2026-04-29,-0.0003992517435129628,18.809999465942383,0.5,-0.48
2026-04-30,0.010186184168105683,16.889999389648438,0.52,-0.48
2026-05-01,0.0029240496865217125,16.989999771118164,0.51,-0.49
2026-05-04,-0.0040704624878422635,18.290000915527344,0.5,-0.49
2026-05-05,0.008087227380576323,17.3799991607666,0.5,-0.49
2026-05-06,0.014482944327745884,17.389999389648438,0.49,-0.49
2026-05-07,-0.0038103454826785566,17.079999923706055,0.49,-0.49
2026-05-08,0.00839040542903291,17.190000534057617,0.48,-0.497
2026-05-11,0.0018781917406744952,18.3799991607666,0.47,-0.497
2026-05-12,-0.001603894411408291,17.989999771118164,0.46,-0.497
2026-05-13,0.005832206062995837,17.8700008392334,0.48,-0.497
2026-05-14,0.007626449143739222,17.260000228881836,0.47,-0.497
2026-05-15,-0.012440381787730104,18.43000030517578,0.5,-0.5
2026-05-18,-0.0007359385925660433,17.81999969482422,0.54,-0.5
2026-05-19,-0.006700720556670703,18.059999465942383,0.54,-0.5
2026-05-20,0.01073420806632619,17.440000534057617,0.53,-0.5
2026-05-21,0.0017138609316660336,16.760000228881836,0.49,-0.5
2026-05-22,0.0037200452843411114,16.700000762939453,0.43,-0.499
2026-05-26,0.006089680623146521,17.010000228881836,0.49,-0.499
2026-05-27,0.00016486555361971966,16.290000915527344,0.48,-0.499
2026-05-28,0.005737227212216922,15.739999771118164,0.46,-0.499
2026-05-29,0.0021699047314864828,15.319999694824219,0.47,-0.497
2026-06-01,0.0026218560604913677,16.049999237060547,0.42,-0.497
2026-06-02,0.0012912549125889683,15.770000457763672,0.41,-0.497
2026-06-03,-0.0073993488920685024,16.059999465942383,0.41,-0.497
2026-06-04,0.004046762369187107,15.399999618530273,0.42,-0.497
2026-06-05,-0.026801330315359806,21.510000228881836,0.38,-0.495
2026-06-08,0.00297370520766016,18.920000076293945,0.41,-0.495
2026-06-09,-0.00257971859262085,19.8700008392334,0.4,-0.495
2026-06-10,-0.016332095868206054,22.219999313354492,0.42,-0.495
2026-06-11,0.01736719891346361,19.440000534057617,0.4,-0.495
2026-06-12,0.005012928127161587,17.68000030517578,0.39,-0.494
2026-06-15,0.016393284138581876,16.200000762939453,0.4,-0.494
2026-06-16,-0.005700396039273414,16.40999984741211,0.38,-0.494
2026-06-17,-0.012222675603359434,18.440000534057617,0.29,-0.494
2026-06-18,0.010787813962926052,16.399999618530273,0.27,-0.494
2026-06-22,-0.0037119326849772705,17.280000686645508,0.27,-0.495
2026-06-23,-0.014466928386097422,19.489999771118164,0.34,-0.495
2026-06-24,-0.0009834153677328317,18.6299991607666,0.3,-0.495
2026-06-25,-9.921104004639858e-05,18.889999389648438,0.31,-0.495
2026-06-26,-0.0004717686829192047,18.40999984741211,0.31,-0.501
2026-06-29,0.011681561359345949,17.649999618530273,0.28,-0.501
2026-06-30,0.007888998838147643,16.450000762939453,0.3,-0.501
2026-07-01,-0.0021531509855510222,16.59000015258789,0.31,-0.501
2026-07-02,1.3702504482182576e-06,16.149999618530273,0.35,-0.501
2026-07-06,0.007215413830444106,15.569999694824219,0.35,-0.51
2026-07-07,-0.0044650632531855194,16.1299991607666,0.36,-0.51
2026-07-08,-0.0028212145626138607,16.899999618530273,0.35,-0.51
2026-07-09,0.008109821657157568,15.84000015258789,0.38,-0.51
2026-07-10,0.004200010992571279,15.029999732971191,0.35,-0.524
2026-07-13,-0.007958609028042574,17.15999984741211,0.36,-0.524
2026-07-14,0.003751931076882542,16.5,0.4,-0.524
2026-07-15,0.0038118699420550683,15.670000076293945,0.42,-0.524
2026-07-16,-0.005114462132766562,16.729999542236328,0.41,-0.524
2026-07-17,-0.010149876192112828,18.770000457763672,0.37,-0.538
2026-07-20,-0.0019341238867802701,18.649999618530273,0.39,-0.538
2026-07-21,0.008817378432212308,17.020000457763672,0.39,-0.538
