as_of,available_at,sha256,spec_version,provenance
1927-07-30,1927-08-15T14:00:00Z,78898b7d0bfe7ad75a85ad8874f21cba59faf44fe49e807642e069e1e0f55c78,1.0,reconstructed
1927-08-31,1927-09-15T14:00:00Z,a16e41e81e4990e6f19bec21a4cf3de0b158df2b37b2a29ca6d71665e4b8e1b6,1.0,reconstructed
1927-09-30,1927-10-15T14:00:00Z,9690079e4b8a032a009179ae3753e2d9e8ef9721d1e85a0b0534f6b4310d1380,1.0,reconstructed
1927-10-31,1927-11-15T14:00:00Z,2aa15c6aeb92dc2ed3ac2cf76630bb5fff8cd82d814f31f885713a44dc1aba18,1.0,reconstructed
1927-11-30,1927-12-15T14:00:00Z,859f93ec17c347d83d75872c90251feb83074d6e86071c9053eba7cbf2cdea2a,1.0,reconstructed
1927-12-31,1928-01-15T14:00:00Z,7594bc974549aa0fe23166c1b31ca2a2b8d47e8a1774c7d7e53316c1970340c9,1.0,reconstructed
1928-01-31,1928-02-15T14:00:00Z,2ca9b3cfe99dbc0518335afa0ba2a490affcb51fcd845c9cda99784e026fb3e4,1.0,reconstructed
1928-02-29,1928-03-15T14:00:00Z,e44f914c8a6b22a0e9a3fd7ec301da10cec67566703e906a65c98ccd99bf728e,1.0,reconstructed
1928-03-31,1928-04-15T14:00:00Z,fe7f1da25d0481f9e111e3475d023fcc4761f1469f2ae0757f497edc1c685b43,1.0,reconstructed
1928-04-30,1928-05-15T14:00:00Z,ef679beeaef02abbfce0478b6313d7852a48171ebd132d1e7ed743ab3c9e4570,1.0,reconstructed
1928-05-31,1928-06-15T14:00:00Z,51805182301e7f254f00afb0acab9ac71f4c0b7b40a77e24395eb52968d6fbc3,1.0,reconstructed
1928-06-30,1928-07-15T14:00:00Z,9a4e33e2db064a760cc71f8fcf5cfb860fab3031e59f6d6c69700b336cdb004f,1.0,reconstructed
1928-07-31,1928-08-15T14:00:00Z,e5f8eef527a1782075c0e42e57baa4deb4906a8b21698083d48ad2a14bf49156,1.0,reconstructed
1928-08-31,1928-09-15T14:00:00Z,03efef0b725d3f1bea45ae3a4d42dfa985369cd6d0d347c1f85e509db1220e85,1.0,reconstructed
1928-09-29,1928-10-15T14:00:00Z,bac8945251e3823b8e26a1851095c81e5ecba78ddbf43846a44c4e29f38ec8fd,1.0,reconstructed
1928-10-31,1928-11-15T14:00:00Z,beb0d9280af2fd5e312efbb993bf086ac3e98d76663f0a061d4a0575592b08ad,1.0,reconstructed
1928-11-30,1928-12-15T14:00:00Z,5bb0d4b9b548c0f71de6b4598b5d61a227ebbf94faa6e8784ff90dff4bbf224c,1.0,reconstructed
1928-12-31,1929-01-15T14:00:00Z,ca07f2571b83ccce5cd072f2c53c5c68be036df5f0d902f3b7411cc8fd9db43d,1.0,reconstructed
1929-01-31,1929-02-15T14:00:00Z,3e3b192fed2cae2c6e84979a81fdfb6baa58acf45725152987dd4bba46c9282d,1.0,reconstructed
1929-02-28,1929-03-15T14:00:00Z,23f13ef8309fdba6265d161e77ea7442ccd388f6522c795e02c5a43eee0b1da2,1.0,reconstructed
1929-03-28,1929-04-15T14:00:00Z,adbb80e74c1f26c8b0ee5ef6d853c5b9e065ecd519ed674916ed166d40afa9d2,1.0,reconstructed
1929-04-30,1929-05-15T14:00:00Z,eaaad6e0d6464ece84d8f7dd61003037e8335255fc866bb365c16131b33c3592,1.0,reconstructed
1929-05-31,1929-06-15T14:00:00Z,831543ebc88dfdb504b02da5d8722a6bfa3b709c252185496063a21a9fadca09,1.0,reconstructed
1929-06-29,1929-07-15T14:00:00Z,ca930bd68a68e73712135637c654d5b86f176ebb0c2bcf33294218ab4f0198b0,1.0,reconstructed
1929-07-31,1929-08-15T14:00:00Z,3e1fd8b07043c394c5b24cdd354299bf54ec9066ac900eb38f5b1a3397c7e9f9,1.0,reconstructed
1929-08-30,1929-09-15T14:00:00Z,8ecc60d65df285f8c345add4a2a4e2dd6b79b39f77d361d5e64ad00ada3d1f6f,1.0,reconstructed
1929-09-30,1929-10-15T14:00:00Z,15db4391a49f8b1495f0760fdd66fdd9c613f26695b1ae7e469ec2725583b5e8,1.0,reconstructed
1929-10-31,1929-11-15T14:00:00Z,7e10cf8aacc5e78ab046cda4ff531665ea5dd80040d028a0553cea0ea93095b0,1.0,reconstructed
1929-11-27,1929-12-15T14:00:00Z,3acab9bd9b04a7877067ce5281f98d8ef434e32df810e4a00dd07008970b5502,1.0,reconstructed
1929-12-31,1930-01-15T14:00:00Z,e357553fcd1dabbe03de675af03120721e3fb91eaa2bcddd157249bac22b5a94,1.0,reconstructed
1930-01-31,1930-02-15T14:00:00Z,0952a189e75759f39e376d95e419bc62ea00b35d2d254dec4e73c4df729c098f,1.0,reconstructed
1930-02-28,1930-03-15T14:00:00Z,201a30a38e3dd3962ed7ea62592ef910c7ba353a2cf0b63b022210483298ad3d,1.0,reconstructed
1930-03-31,1930-04-15T14:00:00Z,e00dd5d032e705456a1a7fd850970ec0343daf33314b3f0ae544b00c1dfdb37f,1.0,reconstructed
1930-04-30,1930-05-15T14:00:00Z,12682e530496711ddafe662a103df7432ab12e91b769fb2a906eb989d49565f6,1.0,reconstructed
1930-05-29,1930-06-15T14:00:00Z,064e74b0a39a787208390cd0ef5b81d8200e994c46f2f59007d85f4dcf6953e4,1.0,reconstructed
1930-06-30,1930-07-15T14:00:00Z,f36a28b3eec6ec2658d1936d1ceb78c467c2708622d7254f1c949d093d8e843f,1.0,reconstructed
1930-07-31,1930-08-15T14:00:00Z,ea8d79dc92b97fa75ffa9992cc35bad4e495e0bcf7454c01fd60ba0cc69b85d5,1.0,reconstructed
1930-08-29,1930-09-15T14:00:00Z,bd4ad7b1989c319a110f8ee861e6fadd829e5805d6bbf0486fa6e505b7dfb169,1.0,reconstructed
1930-09-30,1930-10-15T14:00:00Z,37541a1860190b4ab584e7bc3245e72e2e65ca4c0838b12cad842f819e78d060,1.0,reconstructed
1930-10-31,1930-11-15T14:00:00Z,301e7e4ba62a83b05bf4bf233333dc96aa273477e671c318a97756ca53632672,1.0,reconstructed
1930-11-29,1930-12-15T14:00:00Z,adb487b1de363c826b7b8692d2f622a6ef95f0812bd01be13bc2d808ef1fe449,1.0,reconstructed
1930-12-31,1931-01-15T14:00:00Z,e53e69ef32876be77082ddbd486195011721dfa27436f653e788975bd5e449c8,1.0,reconstructed
1931-01-31,1931-02-15T14:00:00Z,376d7ba11485d5efb30f5bc320f702d1db69f19831d0028d42ded17288bee8e6,1.0,reconstructed
1931-02-28,1931-03-15T14:00:00Z,d1ebd3672b8e09aa667640a6f4c52f50c9e8343bfa50c8e047bd54ad033655ff,1.0,reconstructed
1931-03-31,1931-04-15T14:00:00Z,32c7e554414d471a907638edb120c26fec8a6465aa5bb77456c4f15ee8f39357,1.0,reconstructed
1931-04-30,1931-05-15T14:00:00Z,52e306ca17e7774aa074cac3d61baaf802851b197ec64cff81343dde3e887744,1.0,reconstructed
1931-05-29,1931-06-15T14:00:00Z,22ccc5ec65245d4833d4db553514a23fe4f7eb468eb3aeef47e67c24c981d9c0,1.0,reconstructed
1931-06-30,1931-07-15T14:00:00Z,51b3f605989a5e297144ff02abbd5fd00393b71e9c39902a00733f60eb6fa472,1.0,reconstructed
1931-07-31,1931-08-15T14:00:00Z,bd4bcbd10fac4ca6cc95e3783b3c1482ef5186069ca6b563990e99dbd602f1b5,1.0,reconstructed
1931-08-31,1931-09-15T14:00:00Z,d63f66a3d020257d2166d83a6ca9acbea7956efe2de6978fa2065cb75095e67e,1.0,reconstructed
1931-09-30,1931-10-15T14:00:00Z,d99a36c687e5c741a494bbd4aa6bf7efe5a6023024d1f2e563a9c24e5289ba5d,1.0,reconstructed
1931-10-31,1931-11-15T14:00:00Z,e0d302b1d8c17db5ef4c9446d94019f020999fa1d98c1aee6df4bee54e2b13bc,1.0,reconstructed
1931-11-30,1931-12-15T14:00:00Z,61944ac189f0a8ae2a78f9ad86c96ab2fdad91d3b13d8d5f7c9f631a5ef9b0db,1.0,reconstructed
1931-12-31,1932-01-15T14:00:00Z,ce9d0a8112ba715b54a7cd5861afae4c09ca2b5905336679019e595c168f2229,1.0,reconstructed
1932-01-30,1932-02-15T14:00:00Z,16bb1f55cf2fd532e6ed936e14b01f0f5bec078a11191233d5436f850fdf4ad9,1.0,reconstructed
1932-02-29,1932-03-15T14:00:00Z,20a9c247f05d204838fa6ca630176c453c69d085d98289870b2061f2a25d24aa,1.0,reconstructed
1932-03-31,1932-04-15T14:00:00Z,57d52a43ce6ed2bca84c5ec3fd1113891ab6f0198ea1044daa66ae82c195497b,1.0,reconstructed
1932-04-30,1932-05-15T14:00:00Z,782b3be95333cce900eeed31317f47f05dcc7f2aa030685998da5266245e7c86,1.0,reconstructed
1932-05-31,1932-06-15T14:00:00Z,970b34f3e3c7c4188d1a6bf813448bda5126b3bbae5f930f35abaea520d23333,1.0,reconstructed
1932-06-30,1932-07-15T14:00:00Z,1fc0c28b6d1c732fb81bc0586598e65390d51eac972cd255f44cb410f4677cbb,1.0,reconstructed
1932-07-30,1932-08-15T14:00:00Z,e0c10ecb618290cd2b04aed02fdabb6002aad316fddb6751930045a3ce1fe5cd,1.0,reconstructed
1932-08-31,1932-09-15T14:00:00Z,999348c837b779eaa6c1cd803b27fc842954d7d4ac86b6fec00771c95db8f0f6,1.0,reconstructed
1932-09-30,1932-10-15T14:00:00Z,c2c3edd4eb8923bf9cc52e9abff87140164997a890d88af398c081212c8020f8,1.0,reconstructed
1932-10-31,1932-11-15T14:00:00Z,d5a1a80e72b4d12438951cf4b30c9af8021e5114dd9f893ae0f271e58d12e4a6,1.0,reconstructed
1932-11-30,1932-12-15T14:00:00Z,4a48f2454850840d4f572fba60702fadd06e69f3256bda43a6e02e8639258439,1.0,reconstructed
1932-12-31,1933-01-15T14:00:00Z,e11cb4e579cc1116ab2a4809543b7dd67451418baf14fa3bb238b96f9e741a2c,1.0,reconstructed
1933-01-31,1933-02-15T14:00:00Z,51d248f5ae323e122bf046c483f32b39ca8e89202e4af3e709da400560e304ae,1.0,reconstructed
1933-02-28,1933-03-15T14:00:00Z,3eecd20e45c544fc6751114388afaa2c0e77c2263b6c63a6bcfa76a9b8110849,1.0,reconstructed
1933-03-31,1933-04-15T14:00:00Z,292e516902ffc3fa99eb94e1dbab847e79f79f1086b9b4a438fda0b91fddae67,1.0,reconstructed
1933-04-29,1933-05-15T14:00:00Z,05adb571ff2edaa0b41efcdcddb355ee0eff161bd02b6d69e18339fc84e3504b,1.0,reconstructed
1933-05-31,1933-06-15T14:00:00Z,a25a6df9647a72de9fd3f404be23518d6316441322bb301f7cf9b60b1b28243b,1.0,reconstructed
1933-06-30,1933-07-15T14:00:00Z,e39a8e7695602dd0a608b4c63e5de31bc5492ec43563cbbb0c5a846b3642fdaf,1.0,reconstructed
1933-07-31,1933-08-15T14:00:00Z,de4a69020cf85458c86c9885d3ace047826cbb77fda8e91277b55b27c4d3d94b,1.0,reconstructed
1933-08-31,1933-09-15T14:00:00Z,15d2493cea48dda92ea2fc2256159c1c5c688343866671c781df53a2842bebe1,1.0,reconstructed
1933-09-30,1933-10-15T14:00:00Z,f35106f5625f96fb8bdcfbb5a592ed8aac05ce67593c655229853e0abd6f0a4c,1.0,reconstructed
1933-10-31,1933-11-15T14:00:00Z,529dc2324efa50c710255c3f3a58daac0e71ad9c043b548b925ccd884ed1662f,1.0,reconstructed
1933-11-29,1933-12-15T14:00:00Z,df6160fa615536c56cc536d5dd8fe21107ffa3469d6f9124433b2fdd8ab6d60e,1.0,reconstructed
1933-12-30,1934-01-15T14:00:00Z,5e34cedab90813ebb080974b7feb70f9039cf3e10c34acb863b75547939e2208,1.0,reconstructed
1934-01-31,1934-02-15T14:00:00Z,292af7e773b0081df808562d9e79cf2c061d0d56fbae4dc35b9830bfeee7e2ab,1.0,reconstructed
1934-02-28,1934-03-15T14:00:00Z,47403e2f852ed473836fa4ff6cd36efb7076b44c67c70b59c532acb285280783,1.0,reconstructed
1934-03-31,1934-04-15T14:00:00Z,0d29856e30348963d57a2f99315c5d56467b241ca3a98d3740fa87154d9fbb75,1.0,reconstructed
1934-04-30,1934-05-15T14:00:00Z,626864fb96cee55f65e1ab0963daa0f1d092c521b0e129a5e80fc24c261832f1,1.0,reconstructed
1934-05-31,1934-06-15T14:00:00Z,8ff3777386a284febe656bc00dca3994a3d21f9ead34092be6e01cff4fa9fe58,1.0,reconstructed
1934-06-30,1934-07-15T14:00:00Z,b35a76f91e3c3b16fc7f20956f6a104022daa5ad3f8bc9d836237731a1327eae,1.0,reconstructed
1934-07-31,1934-08-15T14:00:00Z,b1e6bc4feef568451a4061b212c9c71689b3a9932b6574ed63112cad354a60de,1.0,reconstructed
1934-08-31,1934-09-15T14:00:00Z,c304f674eab3979c944995a2ccfc2a0c05c11356cb6cb690d24d760b4515c407,1.0,reconstructed
1934-09-29,1934-10-15T14:00:00Z,1a9b5eca3803b16af8b144dee5a8a9250f129dffd4ba25050efc45f90697ff8b,1.0,reconstructed
1934-10-31,1934-11-15T14:00:00Z,dfb57b09c2567d380f26c65a194e2a32ee764e9dabaeeb83ddbbcf2abe362878,1.0,reconstructed
1934-11-30,1934-12-15T14:00:00Z,65dbed7181ccbf7b632c9831dfa16dd69524117c467c2dc41e666d40c4c7916e,1.0,reconstructed
1934-12-31,1935-01-15T14:00:00Z,68a5dab46f8e1362bebd7351b3fc55b2f76589f8ff3ea23d631777f75e2eea29,1.0,reconstructed
1935-01-31,1935-02-15T14:00:00Z,34724ace8032c4c575d347286b6251df17b3549b6ea007780f47ea46a9d0757f,1.0,reconstructed
1935-02-28,1935-03-15T14:00:00Z,1d56408671630c3587c17dd0f502ea008f8035ee6b9427dfc858d99301e87cf5,1.0,reconstructed
1935-03-30,1935-04-15T14:00:00Z,32cfe82ca25933638b1e5f2201ef92dc96f34f7c927355fad44215262f026fc8,1.0,reconstructed
1935-04-30,1935-05-15T14:00:00Z,3a636ee4d99799f69d4daec9f595882622fc4ec4022ad204cde4f11d047a4e10,1.0,reconstructed
1935-05-31,1935-06-15T14:00:00Z,781f47fed300e6de9edf9af8eb0f44cd354bffb3890117bcbba4d3ac00c09b57,1.0,reconstructed
1935-06-29,1935-07-15T14:00:00Z,bc93528a923e25f2e8d142583186857227b892ede7736ee01d2042bf9cc3ac43,1.0,reconstructed
1935-07-31,1935-08-15T14:00:00Z,00dd7ee3a362dcdba9d2dbb2d5911c2f8c98b1f9774132aad6a6af589554158f,1.0,reconstructed
1935-08-31,1935-09-15T14:00:00Z,3237efd2c010fec0217879dff4e95c485d7930cdeb0546fdd547c19a2feaf182,1.0,reconstructed
1935-09-30,1935-10-15T14:00:00Z,fdb7ee47acf4d4c091bdc814e9633bc37f72ca98ce364b3e51e186865e1b1f92,1.0,reconstructed
1935-10-31,1935-11-15T14:00:00Z,20ef5ddbc8666dd876352e8d091e303a628f92c40aaf6db7231efdefcf9ae52d,1.0,reconstructed
1935-11-30,1935-12-15T14:00:00Z,7de818ee8e917a66e693fdfcfdc6f955de7d35c844a1f26149293042821b9ea4,1.0,reconstructed
1935-12-31,1936-01-15T14:00:00Z,8e2772fc840003b02ae0afaa2f64a582edea7a139fc23572d2a5c164951a996f,1.0,reconstructed
1936-01-31,1936-02-15T14:00:00Z,e77099ab1401ad5dfb4f9ca8efd5d34266812b7d02b605b1817337404e9d743c,1.0,reconstructed
1936-02-29,1936-03-15T14:00:00Z,ff424617e32b5e2b09e3cd40544e6b1bc5a2f6f30d8fc95388a1dea799cf09e9,1.0,reconstructed
1936-03-31,1936-04-15T14:00:00Z,fd0b23c6eba56368ec2b10c2ed2babd8a14b60e9fd5d8e13fe9cd15e15d65f00,1.0,reconstructed
1936-04-30,1936-05-15T14:00:00Z,c79ab26529241d01a79d23e63673243b9125b877e02efd42f801611ab8e0053b,1.0,reconstructed
1936-05-29,1936-06-15T14:00:00Z,9778ec71181f79af306cd510801a273b909b1aaa2fe4aca1120534c47eaaf707,1.0,reconstructed
1936-06-30,1936-07-15T14:00:00Z,dfbeb026f65e560b89f9d4dec7da6aec9399d09c646e8febc3eed9a2744642f1,1.0,reconstructed
1936-07-31,1936-08-15T14:00:00Z,60ef25a9bab84ee2dc3dc741a7f6864455f4884c28dffde0cc8fa2e43659692c,1.0,reconstructed
1936-08-31,1936-09-15T14:00:00Z,7f5a1571fa146cc4e2a0ccb202312fb81d9cd67dc0c7d92ae824956f5a3c1a39,1.0,reconstructed
1936-09-30,1936-10-15T14:00:00Z,bcac253b2c219cb90461c73737df67bea1f56e45f059084a60728a2cc9b422c3,1.0,reconstructed
1936-10-31,1936-11-15T14:00:00Z,28d80663d967ef26fd19e5837eaf23decdb1c873c04f6f508e474f7bec98b3cd,1.0,reconstructed
1936-11-30,1936-12-15T14:00:00Z,8f601150c2d67d7d002f269c3f9066b7a04d4fb4d22b6e8c83120f579bbec44c,1.0,reconstructed
1936-12-31,1937-01-15T14:00:00Z,a791a867ba07db5c7b677e3b20e81b1cbbdf97ed13d5caa907dc777409064484,1.0,reconstructed
1937-01-30,1937-02-15T14:00:00Z,5612678324b26b5ddba0566e86d66aee74ffb5274da57e98e08cba55459b4d72,1.0,reconstructed
1937-02-27,1937-03-15T14:00:00Z,db60b499f8fe00a07404ed68209e98a0b52e49a7e51f5d34867edda13c5b387a,1.0,reconstructed
1937-03-31,1937-04-15T14:00:00Z,b7bbf993958aae9cc7edaeb9f5018cb45337fe727f329e06f981b41a0da09808,1.0,reconstructed
1937-04-30,1937-05-15T14:00:00Z,fb670f1cd53d87911baec2399c46e8d66ebb41bcc9cf0b4b68124d9d24be77f2,1.0,reconstructed
1937-05-28,1937-06-15T14:00:00Z,034bfa31af6c23f179b27084773c69f3b9dcbba1f10e2023eb20009009f48c18,1.0,reconstructed
1937-06-30,1937-07-15T14:00:00Z,7aa125b1f39e5086e3c75d2cbb87b88bea53050f114b9899bfa4bd3d18ae62ba,1.0,reconstructed
1937-07-31,1937-08-15T14:00:00Z,dce7ba04550a40c7cc8272dbe27add70b13d874b9d1efb1864efc9ea9127783a,1.0,reconstructed
1937-08-31,1937-09-15T14:00:00Z,f1274914405c8271aed1f97e6f9ef532ff69db6c99534ed0ad99dae851d9ba98,1.0,reconstructed
1937-09-30,1937-10-15T14:00:00Z,f566243d430b8ae7f09e27688eb7ac3c80a542d39101541d9a98507920e66ff2,1.0,reconstructed
1937-10-30,1937-11-15T14:00:00Z,de045d6ac636a11dba4a8c3981b528dfdd593e8b97d6f1862dd2b706d5cfeed8,1.0,reconstructed
1937-11-30,1937-12-15T14:00:00Z,e82c405aa80fc4552e25a85b9880981ac6646b60af9bf1d26b53e505fa3af209,1.0,reconstructed
1937-12-31,1938-01-15T14:00:00Z,182ca0a664f42c5900668d4a9baf3cf17f88d13b52425ec89dd05f9e3764a0ab,1.0,reconstructed
1938-01-31,1938-02-15T14:00:00Z,6d446dfaab5da6ee6bc05b4bc8bd249beb7766f895d641ae9f87bbe004798570,1.0,reconstructed
1938-02-28,1938-03-15T14:00:00Z,d19f727a8561d4a6a3b7a9067ecd20618362d52fe57efff7d11d291744690b30,1.0,reconstructed
1938-03-31,1938-04-15T14:00:00Z,a4ef4f981ac4f5675d79ab258568802a8a841f7aa02107567d66773b116ac447,1.0,reconstructed
1938-04-30,1938-05-15T14:00:00Z,535225efa737c9d23b2ae4c061fb2d36c0d046dfc04b9713473e383df409e693,1.0,reconstructed
1938-05-31,1938-06-15T14:00:00Z,6383348d574a9b086e6b0c5fba3336fb687ed1aa53c88bdcfb9ff5a536aae4c4,1.0,reconstructed
1938-06-30,1938-07-15T14:00:00Z,1aec7f257a6cad66e0ca0b737d3ea99c04d1fdaf47a4427e429c962d39ba9fd1,1.0,reconstructed
1938-07-30,1938-08-15T14:00:00Z,72e228ce0a4a12ffc8535f14478a8fa5ac1914640b7cce0f712f8c1048f12032,1.0,reconstructed
1938-08-31,1938-09-15T14:00:00Z,9f694b1494b8e3a4fa91fee17f24d783b15c3459ef74cde8af24844c053a0253,1.0,reconstructed
1938-09-30,1938-10-15T14:00:00Z,557f4d5e7e17f18e43f65bbcb429b97d648c67859996f721c68276073e1f01a1,1.0,reconstructed
1938-10-31,1938-11-15T14:00:00Z,3c881243e390c8bdab0b4c8fae69804daf08c2fdb7097b59dd8da24961e3da08,1.0,reconstructed
1938-11-30,1938-12-15T14:00:00Z,d1795f40a8090fe6dd26c5fd48057032a3e7c4677dc5a95ad2b56df075b755ba,1.0,reconstructed
1938-12-31,1939-01-15T14:00:00Z,59c2d76a1e11775dfe203ee00ef73596da871693c6eeb3ab3125270d6afa6739,1.0,reconstructed
1939-01-31,1939-02-15T14:00:00Z,1a99309560f1fe9d2383b4694793056cefacdc4e5394dc54807e37577d30eb5b,1.0,reconstructed
1939-02-28,1939-03-15T14:00:00Z,c47b0be49ac061aaa356810c85f097d24bca18598e62a31d3d0d446a3e7d6be6,1.0,reconstructed
1939-03-31,1939-04-15T14:00:00Z,03e44eb76403a394949cd66e21fe10daa8525a33b8409443ed5a3b54e1d2c02e,1.0,reconstructed
1939-04-29,1939-05-15T14:00:00Z,d6483a00ef5c81e84f33a61afa9de4d8aa27780d89f448fad5e420dda63ea250,1.0,reconstructed
1939-05-31,1939-06-15T14:00:00Z,0cff1c1e97e10a2712033da2c4d185f18b72fd4019c282acac1f28517d865af0,1.0,reconstructed
1939-06-30,1939-07-15T14:00:00Z,38619697b0024834858de2f4b261f5668b85bf346207d6baf1f7cecff87c5673,1.0,reconstructed
1939-07-31,1939-08-15T14:00:00Z,bb9e08a489f36dff467e9517abf7a6fbcb9813f7a5632313b57aa1c6f5d0df06,1.0,reconstructed
1939-08-31,1939-09-15T14:00:00Z,a6586924ffd3b3ba24839afee576643c891a4997f349d38c2338f8c213f35d50,1.0,reconstructed
1939-09-30,1939-10-15T14:00:00Z,8e022e47662e4f025ad6547cb9c98599cb9d4dfd616b1e7032be90d2cf1cbc2f,1.0,reconstructed
1939-10-31,1939-11-15T14:00:00Z,4f6a9c7a4ca548d37c58a0987665e9643b30e1e7f46848e57f59bea6f2fd8230,1.0,reconstructed
1939-11-30,1939-12-15T14:00:00Z,c0a83c54188f15537a242310d8d3dffa847733a27f131618006ebd02369a0595,1.0,reconstructed
1939-12-30,1940-01-15T14:00:00Z,00931213301e2ef34925b42729fcfac9526c7b6f2df10e8337e07b96beceff6d,1.0,reconstructed
1940-01-31,1940-02-15T14:00:00Z,be71ffe65208427abc105a13247a9474021aee019b9e288fd7b529d3dcf82646,1.0,reconstructed
1940-02-29,1940-03-15T14:00:00Z,038c88059d9bb019517c7329c0c10efcbac513fe198bd6c5254f68f08d83e8d8,1.0,reconstructed
1940-03-30,1940-04-15T14:00:00Z,132678751cb590c1816a385d00a57f84a0aca6158c9fc8a050e95b00662afb02,1.0,reconstructed
1940-04-30,1940-05-15T14:00:00Z,5ef0e4eff009aee6f64d303714bb4e6560a17c516a839e89b831780609a3478b,1.0,reconstructed
1940-05-31,1940-06-15T14:00:00Z,1b66194a345ddbd4836145690d0e7ed863b89a369f59eac073a2a1685ea7bba9,1.0,reconstructed
1940-06-29,1940-07-15T14:00:00Z,3f4dafc19ccdacf846a331ea8269e6d51507ded04300f7d6ac22bb33e2ed8a02,1.0,reconstructed
1940-07-31,1940-08-15T14:00:00Z,f116547259002d85ec3c4061c42958f96943202b016d14abc247f755f6af62eb,1.0,reconstructed
1940-08-31,1940-09-15T14:00:00Z,28472d768203a71a7423688b53d924167024dd044a754c71ae9d7bf156b77bfe,1.0,reconstructed
1940-09-30,1940-10-15T14:00:00Z,b175e8c472c139d6fdc05c2ff2a514fe17a63156c16c237df6100121c5707459,1.0,reconstructed
1940-10-31,1940-11-15T14:00:00Z,ec84f57183c570bc1cb12d132bb4d6790aa1e7b8338f308e2d4ca15d7700eee0,1.0,reconstructed
1940-11-30,1940-12-15T14:00:00Z,b78d714a8232bf5b04c645e75bb892ebbf16d28b46e7743cb3c97f432b29dad1,1.0,reconstructed
1940-12-31,1941-01-15T14:00:00Z,cb05aa1381bf54f4b272899ef895912910b04be94dc89785de1786f9a1ae3b89,1.0,reconstructed
1941-01-31,1941-02-15T14:00:00Z,c9647cb0f5c57f980c6dc0cf8a2370e071f90a926ec37ebf62ecf14cf46a9f65,1.0,reconstructed
1941-02-28,1941-03-15T14:00:00Z,988e450d2d65feb3304840cc8ee7c1c7b8d8652bfa5378f11508cc6c0ef282b2,1.0,reconstructed
1941-03-31,1941-04-15T14:00:00Z,af2f8149c82a2a2d73ca0f9b2ba3147a52e395d996045e5ac7013f1dfff0cfe0,1.0,reconstructed
1941-04-30,1941-05-15T14:00:00Z,f667ce722315908b8146b080362f70594de172abad247d0f160de49230414a35,1.0,reconstructed
1941-05-31,1941-06-15T14:00:00Z,e222b3c16cc53cdb9574bb26e1ca0fc0aa10f0c4926ad58504bda19900d6a42f,1.0,reconstructed
1941-06-30,1941-07-15T14:00:00Z,b8d6f4dbd7e2ff44dea7ead5de8ea416465fc48c28ac9dbac26fcb196039dadb,1.0,reconstructed
1941-07-31,1941-08-15T14:00:00Z,02f44da88e3c1a112907201ee3eb1c2a854722f299c19a266cef72fc8b83a036,1.0,reconstructed
1941-08-30,1941-09-15T14:00:00Z,c5916d4d13297cc30aa3b2eeab0da36675f4162f654c3ab13ac4d58a08913f0d,1.0,reconstructed
1941-09-30,1941-10-15T14:00:00Z,d39ef576d6dc84bbccc24372db909a9fdae8818322324864405bbfbcbdb9c9ab,1.0,reconstructed
1941-10-31,1941-11-15T14:00:00Z,2a90e1da741e094c2ecf011a3146e724e72e99e9b4ee92737a7132b4b915e2f0,1.0,reconstructed
1941-11-29,1941-12-15T14:00:00Z,1df8ca43a8207269b4fb5d96835fe2065cba7a24a52b94bec532f8d398a26295,1.0,reconstructed
1941-12-31,1942-01-15T14:00:00Z,5213f4c49f0006aec86bae4bbdd281d5ecca7923b03947a14dd49df1a0d4d4e0,1.0,reconstructed
1942-01-31,1942-02-15T14:00:00Z,ce7ca53d47aaf206ba03815149c125298ea0ffdd29cc8690da0ce753b0b3aced,1.0,reconstructed
1942-02-28,1942-03-15T14:00:00Z,6f965999b3a1dd3efae6c61b59cebc14c70447871721cad98f31b795af19ba1e,1.0,reconstructed
1942-03-31,1942-04-15T14:00:00Z,d70cea83defe9ed9cdfcc6c6f35c1f07692661d66da26e6b69c58784746b08d7,1.0,reconstructed
1942-04-30,1942-05-15T14:00:00Z,3382a344300e16f49f3b8ae3e86695f2c27048ba06a0ab05b63f28cd732d1b16,1.0,reconstructed
1942-05-29,1942-06-15T14:00:00Z,5dceab1da2de2bdaeb46c89465e953970362894a561d1486026a6ffd2bb567c5,1.0,reconstructed
1942-06-30,1942-07-15T14:00:00Z,595adf323d5e6ecab2b3002269d8ec9c98530907a691127b7be28ef7f47cb4f6,1.0,reconstructed
1942-07-31,1942-08-15T14:00:00Z,fde14f8d1bf1edcea3702d30aae3a83cda631fce5c3bdf4637638274a9ba4ae8,1.0,reconstructed
1942-08-31,1942-09-15T14:00:00Z,80bbcce6aca615e3d4d41ddd6b1e4cf0739aaf3d6c36661d0c781de5ada850dc,1.0,reconstructed
1942-09-30,1942-10-15T14:00:00Z,04465b9e581ea67d4b249c4ac91be7e59596af90e8af63bcf08ebe33227c6e9b,1.0,reconstructed
1942-10-31,1942-11-15T14:00:00Z,d45b0d766586ec348522c723a836b228c32195dfda3a31c8635a0a8ec0c3bc04,1.0,reconstructed
1942-11-30,1942-12-15T14:00:00Z,c072d216695604257d4160be803c764d4cfa7cb88f3331dc9b7e4b105a2b9fa7,1.0,reconstructed
1942-12-31,1943-01-15T14:00:00Z,a1f65af325a0085e0001c2d4ffdb5f57e621ae046aab5c1256338b96ca1af25f,1.0,reconstructed
1943-01-30,1943-02-15T14:00:00Z,1963b66839231fc89f287eb6458a222da2b9214e3d19c0cd9a126af8a63de4b5,1.0,reconstructed
1943-02-27,1943-03-15T14:00:00Z,a9e4e3e42d7fe22a2a6518c3728cf7142bf7152193e43b3205d64f73f992db6a,1.0,reconstructed
1943-03-31,1943-04-15T14:00:00Z,fa3ab918443617427f8689a9aeab697a6a2cd7e236335f6901f78f8ffe0132d9,1.0,reconstructed
1943-04-30,1943-05-15T14:00:00Z,eb2065a593b73b1ff934809280c4d526709729cd89a96faf6286791a3365c9b6,1.0,reconstructed
1943-05-29,1943-06-15T14:00:00Z,8903a2a3b975fe7c3ebb05d15f0460eaf68470985bc6c8db2b92edbf8da092de,1.0,reconstructed
1943-06-30,1943-07-15T14:00:00Z,ef17ef0bbf6d148ec4bf5f55792f3be55cc81630dd45437d2aa8a6c96ce1cc57,1.0,reconstructed
1943-07-31,1943-08-15T14:00:00Z,45a65c2deefe03a170893c40b13dc0b26ab42b1621506dad9381bbaa705bfbda,1.0,reconstructed
1943-08-31,1943-09-15T14:00:00Z,e8b2aae2938bc156a06d0a719a947bb9060b4939921bdbe85576c17a82c60f79,1.0,reconstructed
1943-09-30,1943-10-15T14:00:00Z,f8ed1d77a6377eebe35c66cd3acb4f1e53648fc70a6317fcb06a16d31a85d990,1.0,reconstructed
1943-10-30,1943-11-15T14:00:00Z,0e2021dcca6347c1a1a061aa9d7e90b7cd3201019399c44686f489d3fa7544ce,1.0,reconstructed
1943-11-30,1943-12-15T14:00:00Z,3b8e12daad288bd8de732b808ac72a70adb37667788c26483164ccb4d1d07a3d,1.0,reconstructed
1943-12-31,1944-01-15T14:00:00Z,d447ad3c34f889a21f0aa4531e1e207c17684ab6cf6277fc70a84eb75f006aea,1.0,reconstructed
1944-01-31,1944-02-15T14:00:00Z,3476d09a71b2a459188a20797d8e563b75fb149a4c50cee50a3726f3cd6296bc,1.0,reconstructed
1944-02-29,1944-03-15T14:00:00Z,7cd630ff7131a9e6a69759ce8539fdff1d8d2bbbef8db76442df7012967068c7,1.0,reconstructed
1944-03-31,1944-04-15T14:00:00Z,43792dab92c57f87993164df71a0c522eb3e6de944e6cab0b0e7f5ef4fe75cfe,1.0,reconstructed
1944-04-29,1944-05-15T14:00:00Z,4974b4fc73ec58bc973f6c34d42f05972bc086342ba76e8eab785d69bb613c23,1.0,reconstructed
1944-05-31,1944-06-15T14:00:00Z,b9536785e56009a474e6ee8fda76793d7b073c5f6e82fc52838d4ec7fc991f96,1.0,reconstructed
1944-06-30,1944-07-15T14:00:00Z,6d180be015b09cacf35cf8cdf86f48a2a02d4002f6369ae9a5995cc79e98e890,1.0,reconstructed
1944-07-31,1944-08-15T14:00:00Z,33ba577fb84155ddacedb51ed374f52be37b6626c78106651926c1521aa286b4,1.0,reconstructed
1944-08-31,1944-09-15T14:00:00Z,7822caf9ba9895ea6d04855bbe95088536dfd3dcb053e13801bcc17930cfa50b,1.0,reconstructed
1944-09-30,1944-10-15T14:00:00Z,89326bb577797fcf6e34d46b51862fc94883ab055cc04fed86f829c3e9a70236,1.0,reconstructed
1944-10-31,1944-11-15T14:00:00Z,a2acf77a78f2aa654fb03a4697e44ea0d1900ab4cc3453578066881b19b7a889,1.0,reconstructed
1944-11-30,1944-12-15T14:00:00Z,23c6a130884dfd8a1b02cbc2ddd3486618103181973701812a2038787c4d3d1a,1.0,reconstructed
1944-12-30,1945-01-15T14:00:00Z,164b4b2c691304d7d7c257732c671f750927922274687f8c2a0981ec81b26d1e,1.0,reconstructed
1945-01-31,1945-02-15T14:00:00Z,d0e24b3776487cd1662a1043b86a7d4d21fdfffd3a53d51f9887ae5d722402e6,1.0,reconstructed
1945-02-28,1945-03-15T14:00:00Z,bbab1c47a563e82d4cb04932981725e1cd94fd976ff07f76155423ffd543e0ef,1.0,reconstructed
1945-03-31,1945-04-15T14:00:00Z,206d197de8f1f985e8b49410e9f4db9d59c46463225381fe2a5d22afdea51c90,1.0,reconstructed
1945-04-30,1945-05-15T14:00:00Z,21d879ba28ec7733b8da94a2f683701a28cb3ad323929756de4815234ae89cc9,1.0,reconstructed
1945-05-31,1945-06-15T14:00:00Z,9a77fdd69c2a38fa88f1c63e7af2c1b78ac57516eab1c15023aaa50003352f2e,1.0,reconstructed
1945-06-30,1945-07-15T14:00:00Z,68ea8a35440ca40c9318f0e5c5742c87447b8a1e37961df70d41c4b2431c84e8,1.0,reconstructed
1945-07-31,1945-08-15T14:00:00Z,468589b56d56d7065161e49a1f2345ed3dee1bb17dfaeddfcc81140181c40c31,1.0,reconstructed
1945-08-31,1945-09-15T14:00:00Z,f75c404c6613ea815a31ddca28d6d33c5ec740bc182e6a0f78a8dadf489ec838,1.0,reconstructed
1945-09-29,1945-10-15T14:00:00Z,f836ad1220c57ac5d70bf4855eda63cc3111ee299ea5b87b9fe28056ee368747,1.0,reconstructed
1945-10-31,1945-11-15T14:00:00Z,c46f944601bfeeed802dd1b3ee9de19b657e2840813a768103e4ff53df599745,1.0,reconstructed
1945-11-30,1945-12-15T14:00:00Z,4f7b140d8f36fa343098742f4e2449cf29416c78f8f3459c901c5e9d247d5690,1.0,reconstructed
1945-12-31,1946-01-15T14:00:00Z,eb0c033f87301722392f067c6f35f5f8412d29e63352774badb868db56b7bce3,1.0,reconstructed
1946-01-31,1946-02-15T14:00:00Z,8cfd639ce436998247615916a96e90a5e95b7c2f5fa5f8f557080a50b2a9a122,1.0,reconstructed
1946-02-28,1946-03-15T14:00:00Z,e5731dc50df716e3bea42c30049c79386f5a1fe7cc675000b7ddd87c38eb0441,1.0,reconstructed
1946-03-30,1946-04-15T14:00:00Z,677bdb961dad394c2bef86299796aacb3692e1c6a4ff2b8245c6e7b9edcbcb23,1.0,reconstructed
1946-04-30,1946-05-15T14:00:00Z,eb0e3c957d7fa9aaba8e140ebfc97e7679b71feece8598b942141c54d2a6fa6d,1.0,reconstructed
1946-05-31,1946-06-15T14:00:00Z,8fd561c3918409266cf25ed4626c73085ba9de29bf3fb994199ab5bf2eb51e03,1.0,reconstructed
1946-06-28,1946-07-15T14:00:00Z,5c857aa53b6674ba670d5280ff9fc05ea4f449be85748e7b89c2c1f9d547a2f4,1.0,reconstructed
1946-07-31,1946-08-15T14:00:00Z,3b8a4080dc76c9850155cd4937f71216dbc16cfc630008c1703a31502a80ee81,1.0,reconstructed
1946-08-30,1946-09-15T14:00:00Z,e3ea7367e9f514b93bb7c1dbe0909acb828c5aa1fa419e1456fe5ab64cf4426f,1.0,reconstructed
1946-09-30,1946-10-15T14:00:00Z,98bca44c138bd2808ea53c865247f97a633fd50f6ad344f076d4c6e058193258,1.0,reconstructed
1946-10-31,1946-11-15T14:00:00Z,ba3b123048355d4fcee6f8fdb445d13ea73e35c321f9e8a9800e7fa8c7406f91,1.0,reconstructed
1946-11-30,1946-12-15T14:00:00Z,a4cc17edd21ece5674f88e2210dcf7dec477a30c752b174ef57fd312fe801cd6,1.0,reconstructed
1946-12-31,1947-01-15T14:00:00Z,f29dbe2c8978c09559714f34b1f45fd0b71fe64007117d15c2366426b809bfbb,1.0,reconstructed
1947-01-31,1947-02-15T14:00:00Z,6a5b4941d4a5be89faa5652d4dd64f9b7ec31dfc31d3a9dd3df403a05a4ca56b,1.0,reconstructed
1947-02-28,1947-03-15T14:00:00Z,780055c03a040f8196727e8db461c6111318002fbde20b5338807532a2bac5b4,1.0,reconstructed
1947-03-31,1947-04-15T14:00:00Z,722233eb889ef494c270d65af23d5735b6ebb3f5dee98b0ad5cf8edefe135bc1,1.0,reconstructed
1947-04-30,1947-05-15T14:00:00Z,e66fc475111d9dcd298411830e60e9cdff8f5e41aa5ca438ec4fee0d14d7d553,1.0,reconstructed
1947-05-29,1947-06-15T14:00:00Z,37e81bdd5ec26891710a7354617c604c810407aea75be552a2724f9885b17a84,1.0,reconstructed
1947-06-30,1947-07-15T14:00:00Z,74a0551326d314793ab82160c2429445d86073d5a8e870158af3d88fbdca1b70,1.0,reconstructed
1947-07-31,1947-08-15T14:00:00Z,4dbea9f192f8b3273b38cd310e79d3f83dc70ddb3739776d6b85dae695014921,1.0,reconstructed
1947-08-29,1947-09-15T14:00:00Z,0fb5232b82a655c765c83c98bb035fa1fed9c1ca7a34c917d541fafc84bc9de8,1.0,reconstructed
1947-09-30,1947-10-15T14:00:00Z,0d6251977730e95d92eea0eeb523184c721efad9925a167a0859baec7840b9ad,1.0,reconstructed
1947-10-31,1947-11-15T14:00:00Z,d97f6de227181368b65eb0304f57ab53ac0a5824f2876ba542ca8588b1d9ddce,1.0,reconstructed
1947-11-29,1947-12-15T14:00:00Z,79050137d5af953964bc2fbf577245f01724aa720d9bef38f3e2f8e552ffcc63,1.0,reconstructed
1947-12-31,1948-01-15T14:00:00Z,30471d4ccddadeae09967a5303f5c0f93733803c65a3995cf7ec1dd411685cd4,1.0,reconstructed
1948-01-31,1948-02-15T14:00:00Z,e16db9ddee928d5e8a2ee258af3d0419e6a29197fc7190a1d8332176c4b4ab2b,1.0,reconstructed
1948-02-28,1948-03-15T14:00:00Z,5c0f57053eba4828e634f0f469f3e6d061792fdc5fc6012b3f83411d1de28ef2,1.0,reconstructed
1948-03-31,1948-04-15T14:00:00Z,c522abaf066e38fcb5560976b828aadf7869045bbf63b306a16b3f893eac7c75,1.0,reconstructed
1948-04-30,1948-05-15T14:00:00Z,bf5f6b385ae75e7a12a0b5a6616531a93d7f5f45c321861627932b1c59f4c9b4,1.0,reconstructed
1948-05-28,1948-06-15T14:00:00Z,8400e70e65488f9fb22accbe2051f8291d99df0ec5526d17f4072686b41f8c86,1.0,reconstructed
1948-06-30,1948-07-15T14:00:00Z,29a022fa01d5ee0de8def4f41e6fd445631d85fd8a0c8809837775be0078a5cf,1.0,reconstructed
1948-07-30,1948-08-15T14:00:00Z,3b33edfc968e9ffa0c7206627e761a618d05e2502a9625f6f0ea71dc48557a32,1.0,reconstructed
1948-08-31,1948-09-15T14:00:00Z,62770b5c3b8829e2e519b5bccab6c10bb2918aead5940bec28864d02f0779dba,1.0,reconstructed
1948-09-30,1948-10-15T14:00:00Z,5d1d55b9c8a3f0a520329c347c450778f006d85f11df6e024b9cda4fb8b1a64a,1.0,reconstructed
1948-10-30,1948-11-15T14:00:00Z,2d1cb349d86c1a370497de44d9b62339c67552e85baf30ff10979daa73d3e829,1.0,reconstructed
1948-11-30,1948-12-15T14:00:00Z,a693c24bdb1de0eb2b59bd3d3ddba6561ef3f627e2ee7b5bf075b112eafab0d1,1.0,reconstructed
1948-12-31,1949-01-15T14:00:00Z,ed63f2e85b6ae892201a2d020406ea86eeb12e1a8b4ccbd4ba6665b8c4d23749,1.0,reconstructed
1949-01-31,1949-02-15T14:00:00Z,8ebc68856dd1cd56a9ed964013e3161ed6897b6d8fb13c572849870d8be0d050,1.0,reconstructed
1949-02-28,1949-03-15T14:00:00Z,b0d3cb169d8c1e8f4b43d231ccf8014a0e7ca6e99a387fa5dbfd73caf8b2ec80,1.0,reconstructed
1949-03-31,1949-04-15T14:00:00Z,b192c05e8ed1fcc9e0335b58ea51a4e73bf25cd3388a0d94b3d816caa5ecbc77,1.0,reconstructed
1949-04-30,1949-05-15T14:00:00Z,82683bd26703cde9192ddb1713e15d8fe69c02299962055db5e3392234861695,1.0,reconstructed
1949-05-31,1949-06-15T14:00:00Z,ee77f06ca72a087994392841742e2dbef9daa6b77c4ed0a4fdbd1af05393c784,1.0,reconstructed
1949-06-30,1949-07-15T14:00:00Z,2b6ece6b9ee620a85f54ce86a79040ce0c00492e0940a69f3c650d9245f2ee25,1.0,reconstructed
1949-07-29,1949-08-15T14:00:00Z,9135e201a037a88ab79093383f9bb56fb4f865d3e08f50f58c706110d04f8c6c,1.0,reconstructed
1949-08-31,1949-09-15T14:00:00Z,97b2c550702dd19f40a4fc640b68fa70288f033a282909cc7ba14d7f7644561a,1.0,reconstructed
1949-09-30,1949-10-15T14:00:00Z,228b5ff17ea480df0cc132ff2a63b7d136717b72caee308d0f5983286d688148,1.0,reconstructed
1949-10-31,1949-11-15T14:00:00Z,72e66ec3876afab5902f30306c1475fbac70b569035641f146864a9c4e512629,1.0,reconstructed
1949-11-30,1949-12-15T14:00:00Z,6d1cec7172feac77369f2a0c90731768bd004e3683d43ca2db411a27a0e01c53,1.0,reconstructed
1949-12-31,1950-01-15T14:00:00Z,0dfb56cb86aa656bad53e4c89cf4509da8133ce0e261193c9497ac878bef00ff,1.0,reconstructed
1950-01-31,1950-02-15T14:00:00Z,6d742fa6136814031acea1c10cb98dfb5d48a112df233278a59dac6553a9e44d,1.0,reconstructed
1950-02-28,1950-03-15T14:00:00Z,4c427b8343eeaa6a03155eae439ad504b15ff521732ce53ae1c0d918dad3c22a,1.0,reconstructed
1950-03-31,1950-04-15T14:00:00Z,c55cf130aa313bf6e2ece5bb22eb406a9272b0272c1fc8b96b76143a84285e97,1.0,reconstructed
1950-04-29,1950-05-15T14:00:00Z,0bcab03bee686f64e03f1fa02450761ddedbf4f3b5150c2f7aeed91ce0bbe348,1.0,reconstructed
1950-05-31,1950-06-15T14:00:00Z,1e013e412684093c4efec739eba3b4d8c6dbb2ad2aa32c70362d0bfd8c7e6583,1.0,reconstructed
1950-06-30,1950-07-15T14:00:00Z,14e70589f6bf86eb4f3241333b8746d290ee1299964aa0b6704bad3731ddc067,1.0,reconstructed
1950-07-31,1950-08-15T14:00:00Z,a88bd9cc2e49214e76989ea9118806c24c9d494c6ddb3751930c3cfaf4e0f1b9,1.0,reconstructed
1950-08-31,1950-09-15T14:00:00Z,4d7a5876b68c3d8d60784ced23d9742859a322f9da71e8df633b6decd219bd81,1.0,reconstructed
1950-09-29,1950-10-15T14:00:00Z,f2d54c1781f72c82cc4cf503205f64f15487a16d5104c400b93d30b922422d38,1.0,reconstructed
1950-10-31,1950-11-15T14:00:00Z,caa0f632a4f7b11c6351a40e8ea21d26596ac3e564129c450bcba4604fae2e7e,1.0,reconstructed
1950-11-30,1950-12-15T14:00:00Z,47b537b1294f5127bac04468005e65e47523efb98785bceb8a6e012d041318f2,1.0,reconstructed
1950-12-30,1951-01-15T14:00:00Z,736d57bda45519d6e6e5e920b482e5acbd255365f5d33db44e09ae6834140b39,1.0,reconstructed
1951-01-31,1951-02-15T14:00:00Z,2cb7f87b8d705d902aea0733d9a91b3d17d4b0ff14fd917c15260355429b9b0a,1.0,reconstructed
1951-02-28,1951-03-15T14:00:00Z,bc2400da53ec74a2adc32f855f93245a4d5b917370c5cbc4a1dd7237caa80cc2,1.0,reconstructed
1951-03-31,1951-04-15T14:00:00Z,982d346aa4b8da17b427f32f46aa2b2389b8842870ef5881ecbd4ebaffa65c5f,1.0,reconstructed
1951-04-30,1951-05-15T14:00:00Z,2a2db402074d1865857d81f98126a6963b9318ba7dd5d1546febac5b47cac44b,1.0,reconstructed
1951-05-31,1951-06-15T14:00:00Z,54b49efc9ac39cf3b436c03dc881c6e83ddc0ea0371ca1d8b5efc9a6158231f8,1.0,reconstructed
1951-06-29,1951-07-15T14:00:00Z,90dc10f1adb3f22bb92ba54c23b5cc09fd2e8c41e88d08282455a252a79523fc,1.0,reconstructed
1951-07-31,1951-08-15T14:00:00Z,b9e0982e01c428d9661472690f3ce256378381ededaaac7a6eaab4b9865dff97,1.0,reconstructed
1951-08-31,1951-09-15T14:00:00Z,aff2a58deb9c8b6bd09e91ffe60b508d7c29e536b02ad1b1d41fc5095013ff9a,1.0,reconstructed
1951-09-28,1951-10-15T14:00:00Z,15e4716c4b1bb198960d674b3c9d2d29eae2fccb09a976695082d049c75b1ae0,1.0,reconstructed
1951-10-31,1951-11-15T14:00:00Z,734fd4b817cf1aaa3ac61d022da62574744ce5d75bcc4b1fe06d45784cf0b213,1.0,reconstructed
1951-11-30,1951-12-15T14:00:00Z,777d9794ad3f906f77017f5c280d9c22038d98cd65060015bfbfa0087a57609d,1.0,reconstructed
1951-12-31,1952-01-15T14:00:00Z,3810740be27a8ccbcfda914838aa1ddcfa75f9d5969c4a16bb71fbfa81326aee,1.0,reconstructed
1952-01-31,1952-02-15T14:00:00Z,79e617ad858a7a4952d1da849d33cf5b98d432f8916c3988ee9c696042251ef3,1.0,reconstructed
1952-02-29,1952-03-15T14:00:00Z,01606c5a84f5afc7f7016c160ec6802cf8cae2835bf9bc6b945539596f783c82,1.0,reconstructed
1952-03-31,1952-04-15T14:00:00Z,f84b018a0cad6ba23e6211b3abad1b85f46e735a0a8c187ea3b568439066e48e,1.0,reconstructed
1952-04-30,1952-05-15T14:00:00Z,d80a7a4d2aec7970d97cca328465d32afbda2a34a09fc035cbebbe99baeca082,1.0,reconstructed
1952-05-29,1952-06-15T14:00:00Z,fa2bbbd86e2cb9fcdb2cde3870553315dd4a5af1f4d3e8f11d24d228677dbf2f,1.0,reconstructed
1952-06-30,1952-07-15T14:00:00Z,f93c5ba8d92b1e0c448bc12b1b07f85f1cde5b0f7eeba19f56831991011e081a,1.0,reconstructed
1952-07-31,1952-08-15T14:00:00Z,d8b033d0536b029f1ca9d4bcd52c8d19486dac27ec911addbf05515ad159ad66,1.0,reconstructed
1952-08-29,1952-09-15T14:00:00Z,a119bdad1a716329e046d70c30fe5746aff9a13da7ce868aa07b41ffc829bcc8,1.0,reconstructed
1952-09-30,1952-10-15T14:00:00Z,772068de3df542941718d690bca8549769defa6ea5afb902467383ac8e5a586b,1.0,reconstructed
1952-10-31,1952-11-15T14:00:00Z,8c052b180a5f4178d7a68f13285e7ab18cf167f12e6ac81c5f0241edb5cb39ba,1.0,reconstructed
1952-11-28,1952-12-15T14:00:00Z,ad5d9ba75194e6a5244a7c572ee628906505a53f7268d5ba7a14c2c6082afb51,1.0,reconstructed
1952-12-31,1953-01-15T14:00:00Z,e04218ac1dcc863cdd6687bbed91502e8f40478a66bcd6acad425df20de00fc5,1.0,reconstructed
1953-01-30,1953-02-15T14:00:00Z,4b6b9cc05decae3dae5d0967b6612e1cc5125d594f5e65359bc9b5a5a5900e42,1.0,reconstructed
1953-02-27,1953-03-15T14:00:00Z,6e6ee5df8e7f6ba7dc5fb0e4a885ad52513d8dd491ff2705451661a36626f67a,1.0,reconstructed
1953-03-31,1953-04-15T14:00:00Z,6c20ad12914fc5fdea98f92d3a86877b7692f45f8c5a502409c850d601ebdefa,1.0,reconstructed
1953-04-30,1953-05-15T14:00:00Z,0cf3ee1e33a97f4a00d45620c6038aae3e7fcd537f1cce8303ebec5bbd653233,1.0,reconstructed
1953-05-29,1953-06-15T14:00:00Z,e5049c710deea93c07d3f7818b659308676794794a06a8fc6588fce0e725cdc1,1.0,reconstructed
1953-06-30,1953-07-15T14:00:00Z,3729ed8bf610917d334000a1cddb19588cafcc1211e8c4067805b024ad374a43,1.0,reconstructed
1953-07-31,1953-08-15T14:00:00Z,7eb2abf2c201c649ef1c3e6b6f7e76b051d90763ed604b4fdf2784dcaae07ba3,1.0,reconstructed
1953-08-31,1953-09-15T14:00:00Z,b59624e1625137ffa8621432736cfaad1ed53532efbcbf50f60bf044d6c8dec6,1.0,reconstructed
1953-09-30,1953-10-15T14:00:00Z,d635ff26a61741bec02d35ee8872e9fd5d860c7986880c742fae2b6442e9a5d5,1.0,reconstructed
1953-10-30,1953-11-15T14:00:00Z,09af2516e1dcfb185eb7b803a8a1b48f12534f0705de40c7ea6b9e27a1de1f48,1.0,reconstructed
1953-11-30,1953-12-15T14:00:00Z,09132795dd3675dc748ca22830f9a782bcaa8a4478fd14b6eeeb05117cfc826e,1.0,reconstructed
1953-12-31,1954-01-15T14:00:00Z,ec2f336e568b2cc922dd47d7a82a1003e77ab119fdc6fce4522cdda9d814645b,1.0,reconstructed
1954-01-29,1954-02-15T14:00:00Z,4b5666512de715f65dee9582db7e812b937fa7c1e2ec6bffafc77e5c3ce6ac01,1.0,reconstructed
1954-02-26,1954-03-15T14:00:00Z,1c0373972344de863f09e68db617506789cbecff59619f6f2e335ea1f53698c2,1.0,reconstructed
1954-03-31,1954-04-15T14:00:00Z,de85c32c8e2ea9fddfa92e3e9afaa09561e509c7195da05c4563017164faeba4,1.0,reconstructed
1954-04-30,1954-05-15T14:00:00Z,dbe07d9c2d9e023ea1773065e6bcc2dfe8e9ba013899d961b64b7ef598b644a6,1.0,reconstructed
1954-05-28,1954-06-15T14:00:00Z,e4cc7fb9018732747007444ed9b1b49c3b60867f3e31f337133a559e2976b469,1.0,reconstructed
1954-06-30,1954-07-15T14:00:00Z,33ed6b3add7606cc0545aa2d6b47354b7ddfe92089cf3faa7c61aa1514cbf13e,1.0,reconstructed
1954-07-30,1954-08-15T14:00:00Z,9f7d2aa8fda5fb146bc6568a87983c358bc997e1a0160c2f437b2e8b0f55e5ab,1.0,reconstructed
1954-08-31,1954-09-15T14:00:00Z,57f8a12c1fb61d4c833c2bd3b24fbd3f18da20e14222fbaf430dff2de02b3d14,1.0,reconstructed
1954-09-30,1954-10-15T14:00:00Z,fcfbe14baf13d18f8e9987c96cabd6dc795b60981492a39b300a3407b26c3df5,1.0,reconstructed
1954-10-29,1954-11-15T14:00:00Z,b1eac01234a987b99767d99bb9f5989ec9ec89aaed7a9927dac518f007f1c9c2,1.0,reconstructed
1954-11-30,1954-12-15T14:00:00Z,697171b085b7e7eb0eb1424c9a8b7c3ed8e81b1f63d51e10d5a9045a120f59f0,1.0,reconstructed
1954-12-31,1955-01-15T14:00:00Z,6cb8383426773c58489a69883344c3aab4fec3e325853144e6d0562f02e8ce06,1.0,reconstructed
1955-01-31,1955-02-15T14:00:00Z,ee8abdf25e727bc88afe6c2907ba7da948e5ef047ee3ab4db8985acc4f2639bf,1.0,reconstructed
1955-02-28,1955-03-15T14:00:00Z,f1ce3c0a87a601d64d39d964413c978c0a6a3ed1e231ab70ebcdbf3bb3a79df5,1.0,reconstructed
1955-03-31,1955-04-15T14:00:00Z,e205afcd216d9debffe4baae444a0a37e131952cd6890397ef7c466b5419b2cf,1.0,reconstructed
1955-04-29,1955-05-15T14:00:00Z,f757911e28419d5abfc7ee0d8b6c41724aba932d2215734c12b1e93d8d1964ec,1.0,reconstructed
1955-05-31,1955-06-15T14:00:00Z,d8345e1134e679015e5126c8b666338f289a4bb8138a474f4ebba00b604ce2ae,1.0,reconstructed
1955-06-30,1955-07-15T14:00:00Z,d92e99aadea76aed30ab5800fc0aaa95aea92081fefda4cdb754b3d9b5935707,1.0,reconstructed
1955-07-29,1955-08-15T14:00:00Z,24d8286ca194baf2535d54ce7f46c396b043e146ca9e81f028a9ae35dfade28c,1.0,reconstructed
1955-08-31,1955-09-15T14:00:00Z,08c8263acb355fa3bb93cd1fd13c8835567db1f57d736137d94b46c189e8a4c2,1.0,reconstructed
1955-09-30,1955-10-15T14:00:00Z,a14b014766642f6f3b9b60b92832ce16a592ac865be387a5c4828f3c6fa87899,1.0,reconstructed
1955-10-31,1955-11-15T14:00:00Z,c5087f3e5a1a09f00358d46837f3334de10b5c1d48afdf787616d1c074842c3d,1.0,reconstructed
1955-11-30,1955-12-15T14:00:00Z,f4de79e7fc0d02ea25ccd1c98991ed5291cd110373532b1d3016343d5c2c67d6,1.0,reconstructed
1955-12-30,1956-01-15T14:00:00Z,bf9124f79ccffeb7f073c534509a21d40c1832d3d07d40e8554143da92d410ed,1.0,reconstructed
1956-01-31,1956-02-15T14:00:00Z,fba13b6ca1b9a4fcb222638a6d1d2f28637b32f31225d5eef0ff88d3c15b20c0,1.0,reconstructed
1956-02-29,1956-03-15T14:00:00Z,8c24cadb7f155b776469added3c97f473ced912ffac443a2e0b22169dd9622e9,1.0,reconstructed
1956-03-29,1956-04-15T14:00:00Z,b9c6a570b4710ff219ff32655e0ec4e0d77f81cd4ef1372ffcb05180d25db64f,1.0,reconstructed
1956-04-30,1956-05-15T14:00:00Z,19440858022ab6819ba0dd582202c40d823dfc4030bfba11e82d3249a3314cdb,1.0,reconstructed
1956-05-31,1956-06-15T14:00:00Z,737dbf752094787cb6b5d6eb4abe5efaa760b55e64a519f8c9035fd3b39fea3e,1.0,reconstructed
1956-06-29,1956-07-15T14:00:00Z,25b681632e19b87f77cb69b4802e2f58af1b33c8302a65b425528d3827729544,1.0,reconstructed
1956-07-31,1956-08-15T14:00:00Z,342d56bc5df6280ef60f5ed2e81864d61883d6d181b3a612502204346f51ab4b,1.0,reconstructed
1956-08-31,1956-09-15T14:00:00Z,2077ec9842c758c40701724b9f432a5fa980564fdd5db8dd9d6edcaa30674d23,1.0,reconstructed
1956-09-28,1956-10-15T14:00:00Z,e731ef7762bc5681c8fdbe6946cfbde6dde9d594ed10b7ee8b71a1ab7dc0c532,1.0,reconstructed
1956-10-31,1956-11-15T14:00:00Z,68085b0276c7e10f5ef13e14954f9de8fe15db6fe733e45b763be56303074f11,1.0,reconstructed
1956-11-30,1956-12-15T14:00:00Z,07b8955bfe8c4c5d48bea2c0316f204e5dc132f2408b467a97a92d97a23752f0,1.0,reconstructed
1956-12-31,1957-01-15T14:00:00Z,cad5782366dced31cc1d4ee4bc87fbc6261857cc7a1daa019dfdef0c1ce50723,1.0,reconstructed
1957-01-31,1957-02-15T14:00:00Z,b626ef3bdee650020cb8e653612a4764c8ccf64268146634d1f78c36698dfd3f,1.0,reconstructed
1957-02-28,1957-03-15T14:00:00Z,81ece151f4791b1781dd401591f146877d11c2aed466429b0ca71a08daff03b5,1.0,reconstructed
1957-03-29,1957-04-15T14:00:00Z,f3a903a012eb9eb244b813807d058d3ec91d883f3242f929b6d9c6423fd8bf20,1.0,reconstructed
1957-04-30,1957-05-15T14:00:00Z,e996afc3a405d147f624312274380152af4ea26ead76684438548b558f7900fc,1.0,reconstructed
1957-05-31,1957-06-15T14:00:00Z,7239f795303f090eec3bf7da779b1afa49fa08855065e8829a35073b69eaa457,1.0,reconstructed
1957-06-28,1957-07-15T14:00:00Z,7e8eac1a5a045553158af05331ea8b0ce9f610af95d401db08233ca978582bdd,1.0,reconstructed
1957-07-31,1957-08-15T14:00:00Z,32b2e11910808323e544ebb944c1c3744db90a4fac30c8f5efaf2dbb06e88257,1.0,reconstructed
1957-08-30,1957-09-15T14:00:00Z,fa992020cc6145c52f1e3686500780f7adf543d82db2b5a9d56d011558367f93,1.0,reconstructed
1957-09-30,1957-10-15T14:00:00Z,0f3b67b456cc42a090d96f25c248731de3f9a4dd2cd9bb9046351257ded4cad1,1.0,reconstructed
1957-10-31,1957-11-15T14:00:00Z,81f8ff67cf85891350f131cf4a204e63b3f7dd57ab0ed606e50ab10d72699095,1.0,reconstructed
1957-11-29,1957-12-15T14:00:00Z,7bbf38d82b0ca713c1b74f0452aeaf41ce80e0c43429f8c09173735141389919,1.0,reconstructed
1957-12-31,1958-01-15T14:00:00Z,33fe15d5548e1de13d00712727f353078a47b887c13d01e7de023b9d882e52bb,1.0,reconstructed
1958-01-31,1958-02-15T14:00:00Z,81f35c4b58c11652deb7b7e864e4bc73700da47f87f7482737dba6bf28083604,1.0,reconstructed
1958-02-28,1958-03-15T14:00:00Z,2dcd78d02f6b2ba4d495461291bdda060ad197138eeda267ca05b9e2b81f5a82,1.0,reconstructed
1958-03-31,1958-04-15T14:00:00Z,5a9aea11a58cd5fad0135d0b9434ec2dff55e50692fd1e45aac017ee75aa97e5,1.0,reconstructed
1958-04-30,1958-05-15T14:00:00Z,44a40b6545f0497ba00d3a586fe363bf19b7e01e7110e4535f9ae5015296e02c,1.0,reconstructed
1958-05-29,1958-06-15T14:00:00Z,ebe2bbbaa21c2d79324be68c0c71b8d48b981e04ba8fc9b86517e63f94dc5f6b,1.0,reconstructed
1958-06-30,1958-07-15T14:00:00Z,82166d6fdf4642d5a7f66c645af3904485bebb17ff41735f1ac23af89c19739a,1.0,reconstructed
1958-07-31,1958-08-15T14:00:00Z,af529f2983268f44b4af3d891ec6124d0b8c8657dc5de127fa8021fc57f8bb4c,1.0,reconstructed
1958-08-29,1958-09-15T14:00:00Z,8ccf51642c77ce85e31be6fbe5960e35519df15c7c70bcd23e1801e0bd1672b6,1.0,reconstructed
1958-09-30,1958-10-15T14:00:00Z,dbdc8a8e4a9d03a96a9a6006fd236edb542b4a0be494d0840c3ba1aee7c89d4a,1.0,reconstructed
1958-10-31,1958-11-15T14:00:00Z,17450a9372b42c7c63f39b28bc3b4d73494af7e57d6a17d85931165299fafec5,1.0,reconstructed
1958-11-28,1958-12-15T14:00:00Z,131ba240062167ea0ccb6e090c3bcc1ae5ebba6297ef5c0449d691b66b806b66,1.0,reconstructed
1958-12-31,1959-01-15T14:00:00Z,b8144ef0dd3d6dbb06062d521383fa28b372f58a119e0a15c23594e61b5c0d10,1.0,reconstructed
1959-01-30,1959-02-15T14:00:00Z,d01fd457ec5f6b673268ccd76847e1ad86da584b795a2f055df5768583c0707c,1.0,reconstructed
1959-02-27,1959-03-15T14:00:00Z,406483d5db5d95da3f255a41572c31070855cbd5ae1f493834275910b9c02855,1.0,reconstructed
1959-03-31,1959-04-15T14:00:00Z,5739f1db0188873ff5b26b07cb8e571e5f6443ae0b3f19efc432d047ac35e1a0,1.0,reconstructed
1959-04-30,1959-05-15T14:00:00Z,6cdc30448f40464ba54788da0aa40c8f0ac9fe5530515133e59402f6d597f730,1.0,reconstructed
1959-05-29,1959-06-15T14:00:00Z,7585641b8b0bc0e158e2da4a3fc2b4ac2dfe56c15020cddb17d1ffa2e8de8686,1.0,reconstructed
1959-06-30,1959-07-15T14:00:00Z,a5cd844bacd124623d1005f86069aeb15c0f1d577b9dceef6eb892a8cf83ed75,1.0,reconstructed
1959-07-31,1959-08-15T14:00:00Z,56c2597a49861159d42c8f2a06f903401a843f691f020c9c9481d10b243a9034,1.0,reconstructed
1959-08-31,1959-09-15T14:00:00Z,8dc4c779ca056ead9ffa8a11c455ee5a731de64dd6051ba22234004df4bac4b9,1.0,reconstructed
1959-09-30,1959-10-15T14:00:00Z,2c64b61255b992c842ba9ed1a6b9d478ec5a24848eaa820cb63c4dfd47122104,1.0,reconstructed
1959-10-30,1959-11-15T14:00:00Z,f63f86d365d28b2e8fd8db38f8429768d8ec907cac4da1ef6526aea917a94b42,1.0,reconstructed
1959-11-30,1959-12-15T14:00:00Z,886e6a95ce2a181ae4722f235b981c7d24003b07477046c57bb5e2aa4293504b,1.0,reconstructed
1959-12-31,1960-01-15T14:00:00Z,e58dfb52253ad8577ba78fbe67048e2927e04f4974c69d8b9fa4e349af492138,1.0,reconstructed
1960-01-29,1960-02-15T14:00:00Z,0751c8eb8dba346926d8079ddf819c353eccd3f9c2831faebefcc9bf1d22a661,1.0,reconstructed
1960-02-29,1960-03-15T14:00:00Z,d3e6feb49247bd94b9b53b8d0c058f05eef4f2ddd361c09a6f0692504956d4f5,1.0,reconstructed
1960-03-31,1960-04-15T14:00:00Z,ab92113d620571b11bd56e1a8e9857cfb21591a3575cb5d7b652b5194f2b7b98,1.0,reconstructed
1960-04-29,1960-05-15T14:00:00Z,b9e57ca55ad8467b6d9931f683896e340c68d1da5942f01ed29939f284922abe,1.0,reconstructed
1960-05-31,1960-06-15T14:00:00Z,3caad8a853726af7ffec2b72fa554072b00be6d423493d9db41c21dd28616f82,1.0,reconstructed
1960-06-30,1960-07-15T14:00:00Z,5dea1f6b45bcfb587d83e80d4b92ea8c1fc05be654e33ea9cd7b74d46f9c2fd4,1.0,reconstructed
1960-07-29,1960-08-15T14:00:00Z,46b37299f66a7f6587d625b63143cca91b006e59fdfef2874ade950caef5be95,1.0,reconstructed
1960-08-31,1960-09-15T14:00:00Z,ad87ffd6d9af6b99791691bcbe46bafef75540692ae96f351fca8c99c4154f91,1.0,reconstructed
1960-09-30,1960-10-15T14:00:00Z,9b78dcab4eb86346ef8301dc6ec2025fb9e6bbe6e7251b861eb04d257c853507,1.0,reconstructed
1960-10-31,1960-11-15T14:00:00Z,8a8269893dda25438bdc468fd8a8c1939613acad4ed11f1627dd32ce5eb04707,1.0,reconstructed
1960-11-30,1960-12-15T14:00:00Z,d7009993f37a21b249152d57c8ea3832cbbcfb6834d4cb6633b8e1f0adfcdec9,1.0,reconstructed
1960-12-30,1961-01-15T14:00:00Z,92edaca068f664375d7633552aa2014c070d81b7e64ae69d7703f2f1386201af,1.0,reconstructed
1961-01-31,1961-02-15T14:00:00Z,a53727c96ad6a3e17bbef6422be45667c1852ba768f5122b07afcacce9b8a518,1.0,reconstructed
1961-02-28,1961-03-15T14:00:00Z,830fcd64e09e32aac9a3cc3fca1bafb2f11372598200cf58c311ce3090f48f5d,1.0,reconstructed
1961-03-30,1961-04-15T14:00:00Z,d05bb41dfab51e800286e05817ff106c6d92ba7453bc3375c0d681cd8cdb691f,1.0,reconstructed
1961-04-28,1961-05-15T14:00:00Z,30bbcb4acbbdc33b4ede750127f3ed3de6b8ae70041fe70b7aa6217f92c0df9f,1.0,reconstructed
1961-05-31,1961-06-15T14:00:00Z,cce0ced39f7aedf841bbce615c8f46fdc7f0c5c4f57b18377dbe96e3605e0fa3,1.0,reconstructed
1961-06-30,1961-07-15T14:00:00Z,a5e0f10b325d0597651cf7210d6cc359a725ea111be5ad512f5e506fa0d884e6,1.0,reconstructed
1961-07-31,1961-08-15T14:00:00Z,4443e5e7e5672f1dc98cdbb0c9d54f9e3673902c3e1fc43f1652075cf969eb22,1.0,reconstructed
1961-08-31,1961-09-15T14:00:00Z,f10795189e4fead1178d31643004038d5d3df63902ef9834ac45ab02ca39a0ad,1.0,reconstructed
1961-09-29,1961-10-15T14:00:00Z,5b6a28f0abfb5e861a1ca0b046580f96df928652f1f45d098477cd99eaf38a06,1.0,reconstructed
1961-10-31,1961-11-15T14:00:00Z,bf90135e39097fc5807f8a5fa364de8e32461586582486fb4235994102f7fd33,1.0,reconstructed
1961-11-30,1961-12-15T14:00:00Z,1b6a632a01e781b8d412dcf802e708c8e45f4da8940e3f9bb913fa073c0ad163,1.0,reconstructed
1961-12-29,1962-01-15T14:00:00Z,a2c71089bf7e25a2602e2449f1fcdd3990d022506cc5636ddd615a97c161a534,1.0,reconstructed
1962-01-31,1962-02-15T14:00:00Z,9c6a04e3adbf2253e80b87cae8cebd44bb62271a43fce46c4e34484fa5a61be4,1.0,reconstructed
1962-02-28,1962-03-15T14:00:00Z,214a3e26d526f48bdc86ec152780e8227f5979f120adac4a74fb6987d1d995cb,1.0,reconstructed
1962-03-30,1962-04-15T14:00:00Z,8a572135f19ecb9b4b0865d62c6983114406c594e82a7b3f8ac162224ff39f48,1.0,reconstructed
1962-04-30,1962-05-15T14:00:00Z,d02c1a8caeec3128aab3e5076ace52d924904c35200be9bc76e10f6e5adb888b,1.0,reconstructed
1962-05-31,1962-06-15T14:00:00Z,81dd048df8a60fe4a421260001735dbd5eb2349427611c263f3db90454103316,1.0,reconstructed
1962-06-29,1962-07-15T14:00:00Z,ac1a93377ba8c9bb4efee56a5e97f0992130962bded028bf3eec7cd2f0036f30,1.0,reconstructed
1962-07-31,1962-08-15T14:00:00Z,18d0f804443f6d1bdfb321168487d94116e86c4b6a32875f3ac835758bf79051,1.0,reconstructed
1962-08-31,1962-09-15T14:00:00Z,8add0f82b6c86fda9cc8e3bbd5d70e2182c4a98ccef0b66242d3ce327b10b3d7,1.0,reconstructed
1962-09-28,1962-10-15T14:00:00Z,7abb2befe2a7bd0dce906c794acb7257f996b9a32fcd1a2c49e358f678579c0e,1.0,reconstructed
1962-10-31,1962-11-15T14:00:00Z,a6dc738397c1bc4e8448665629144cf17296de7849fb7a8ccb57f6790b54c39e,1.0,reconstructed
1962-11-30,1962-12-15T14:00:00Z,51b5baa71600413950221e245b7e439ed9b9958c45ff6b207cfb3c5c7087e30d,1.0,reconstructed
1962-12-31,1963-01-15T14:00:00Z,d2fab16baa5af131030e138ad2ea44a58b6d0b3694f5e06f8260f2f0f4d752c5,1.0,reconstructed
1963-01-31,1963-02-15T14:00:00Z,9e7e6549a8eb299fe84f505ff850c3279d508200199c812ac8279b3cf5a6b1b3,1.0,reconstructed
1963-02-28,1963-03-15T14:00:00Z,0bbe6b2273b13412fdbc26c8f8a5676ab9980fd6b3f9fdf3aa309472d9d50144,1.0,reconstructed
1963-03-29,1963-04-15T14:00:00Z,8a10a41ce40e9c8901679822f86280d33fe76770b5f16bb11feb28b764eb84c3,1.0,reconstructed
1963-04-30,1963-05-15T14:00:00Z,e2b3339cbc6d9e4c169044af1192009cdaace6f83569947333cf17adbf2ff84d,1.0,reconstructed
1963-05-31,1963-06-15T14:00:00Z,c09f35532c7d4c0e9393fbbf68ede9694f07f260bf1542ca5719f0dd6407c08d,1.0,reconstructed
1963-06-28,1963-07-15T14:00:00Z,11ad5589f7ccfa5cde1176dd19def9dffc486bed467ed2d7716890b9c9a9088f,1.0,reconstructed
1963-07-31,1963-08-15T14:00:00Z,491400ef40ac6a06f943a53f049b797828ed7b54fa446c069ce92f6b228084dc,1.0,reconstructed
1963-08-30,1963-09-15T14:00:00Z,d078547d949f7c36bfc88d35504ca7b307d6f0e319d4ee22a9e62a1c03fa114b,1.0,reconstructed
1963-09-30,1963-10-15T14:00:00Z,45518e1d460e4c6e0718168ff09928704d4ed3bee6047e780b165f1beeb5162c,1.0,reconstructed
1963-10-31,1963-11-15T14:00:00Z,b3a5304a9aae938d5e1c2cfe5ce464a57b4d095f6827b479884d4a75fb6a0d44,1.0,reconstructed
1963-11-29,1963-12-15T14:00:00Z,d89209365ec400c0fdcb4ac10817b4dccde075fc603f53415a46a4cb3ee807c2,1.0,reconstructed
1963-12-31,1964-01-15T14:00:00Z,560a3426cfdd4bd670dd4f1ea38b2897ab7481c0539ce27733846d9050de991b,1.0,reconstructed
1964-01-31,1964-02-15T14:00:00Z,00345a7c5e628f67eb94f918eba7245d6d41dc67bc5265db588df6fd36a2640b,1.0,reconstructed
1964-02-28,1964-03-15T14:00:00Z,a99425ef101e6f577f8f0a8e5b3fa6e55014c154822714c70adbea89bf6e2bd6,1.0,reconstructed
1964-03-31,1964-04-15T14:00:00Z,1dda1a87b81b23b0f41385885cc3874914c21f8df726bafe8be2fed7e2b5cce9,1.0,reconstructed
1964-04-30,1964-05-15T14:00:00Z,b28af048f61f02fe60429375d0c3e2b4d05abcbd79e993e67e58db2f51f57924,1.0,reconstructed
1964-05-28,1964-06-15T14:00:00Z,9e0d5a457661b6095f013f9d8d4ea73276bf9f48f562630f74a775ccfd2a0dfb,1.0,reconstructed
1964-06-30,1964-07-15T14:00:00Z,71de8d0b21773c005ab537f24a9693e009d26b03c7bd084a971546347786b53d,1.0,reconstructed
1964-07-31,1964-08-15T14:00:00Z,b0d538242a65e1ff4ccf81ed2f86bb3185d31ddc2aa6691e13e4d01c3f08b60e,1.0,reconstructed
1964-08-31,1964-09-15T14:00:00Z,a7a60cca81fd427c91efa5cf5cb2bb2dd303a1ec14296211d89e4bb1aea4d077,1.0,reconstructed
1964-09-30,1964-10-15T14:00:00Z,b600fbba3b8cd82fd6c1fbaa8d20b4a38d734c492a27e61e58652735c6ba19d4,1.0,reconstructed
1964-10-30,1964-11-15T14:00:00Z,74d5f6d686a36f762a6bd1c10bf728e079f06703cd896e69656255d8052f968b,1.0,reconstructed
1964-11-30,1964-12-15T14:00:00Z,3d2317b3f2f770b6fa415de7f1597706fd11ff8dc9bf173b87588498a5906295,1.0,reconstructed
1964-12-31,1965-01-15T14:00:00Z,6dccc1f8a2a7405fe5910424d58c58d4bc2db5d643931da02a304551dc7632c7,1.0,reconstructed
1965-01-29,1965-02-15T14:00:00Z,f5cc74333e5f3afae2937dcfe8e6f82434ddaf79c914a477cd2623abd3186e20,1.0,reconstructed
1965-02-26,1965-03-15T14:00:00Z,71ce31d33a95fe4ea223505f11a92a199142bab7afbdafcf264d1f95f2add225,1.0,reconstructed
1965-03-31,1965-04-15T14:00:00Z,1924b583b5cfed893ef7c6c13688bf33a2b80fa791ea9f7096540b743411776f,1.0,reconstructed
1965-04-30,1965-05-15T14:00:00Z,2cd6fae7c9d59672c82fe7588ac1d9a07c863fcd2b2cd8f6acbba83d14d151ef,1.0,reconstructed
1965-05-28,1965-06-15T14:00:00Z,dad7dbe0cf47b7ed23f232120a0e46e0cf5c7948cf8da09b737dbc1f1993ba65,1.0,reconstructed
1965-06-30,1965-07-15T14:00:00Z,efee5f3c7cd8b3a317758e1518f86ce12ba7354f01b05b31bb99496ed7c8c687,1.0,reconstructed
1965-07-30,1965-08-15T14:00:00Z,32b202c80347bf1709c235fb1b0b128eaf582fe3848741d1e60edc4e675063d6,1.0,reconstructed
1965-08-31,1965-09-15T14:00:00Z,c96f8b3584dc19eee540a529c0d0d0bd259cc7d81ef02214f9dcdc39114b3593,1.0,reconstructed
1965-09-30,1965-10-15T14:00:00Z,6d25759bbe4ef19247866311cfcf846a065ba88e04f4e73513a6784917c24a91,1.0,reconstructed
1965-10-29,1965-11-15T14:00:00Z,5a556ad630ee093529459cd9f8a004b7a5d5679c63b70c69b4d477034f82a50e,1.0,reconstructed
1965-11-30,1965-12-15T14:00:00Z,dfde6baefeed71c47d3eb74a7cb7f3c833776a865adf6cc0ff7115bd8e742883,1.0,reconstructed
1965-12-31,1966-01-15T14:00:00Z,d30fac046ea4cef362e8c457922ed97ce17dda3a34829706a8e0dfd570325ebe,1.0,reconstructed
1966-01-31,1966-02-15T14:00:00Z,4609b44f2c455fdc39a158166431f10dca7e87f96e1a3189b21fdbf1c213d130,1.0,reconstructed
1966-02-28,1966-03-15T14:00:00Z,6046ada14950c06b53cd235ab36a6fb8e2831a56c38d96f0bc911662c602db30,1.0,reconstructed
1966-03-31,1966-04-15T14:00:00Z,d7079f5d08b19ebe53bc46017457759ed4a5eb202fb30eed33c0fd1bd6edfae0,1.0,reconstructed
1966-04-29,1966-05-15T14:00:00Z,27ff8083786041f8a81bfd9fe816f844f0d3d2cd31e9443970bbdd2a82d31797,1.0,reconstructed
1966-05-31,1966-06-15T14:00:00Z,e3336c4952b49463994c089d975772df3250649d0ebfb1f8effc50d2796b72bf,1.0,reconstructed
1966-06-30,1966-07-15T14:00:00Z,fc34a6d6a74e470f15e8640f52d2892c31bae9b4a634e9cf36468c0495ff8d76,1.0,reconstructed
1966-07-29,1966-08-15T14:00:00Z,498dc0a91d6305cd1fea6dbdcd621fa910125f34330e52c4e3905b34dc064209,1.0,reconstructed
1966-08-31,1966-09-15T14:00:00Z,9f39da6709ed0697e15af2ffc79beff26d2d0062ac77a3fe7de7af7f9e47df90,1.0,reconstructed
1966-09-30,1966-10-15T14:00:00Z,c17035c588e8bf5e5a20bfbbb05ccf13563166bdd951076df046675ed5a84d3d,1.0,reconstructed
1966-10-31,1966-11-15T14:00:00Z,f5b27c463d6bc9dc7b7b823ac858fef84a150663451cd8547bfd365f935a9024,1.0,reconstructed
1966-11-30,1966-12-15T14:00:00Z,c0dc357c6f27812761e0996eb0dd67bfbe0e32cd90e9e3582fc4a6b438acf32a,1.0,reconstructed
1966-12-30,1967-01-15T14:00:00Z,2f31f3732bccdb3777266ad1de7cbe38233acc3d320d50479ac4652541fcafc3,1.0,reconstructed
1967-01-31,1967-02-15T14:00:00Z,35ffcbb5761d4b0daa9438090eba8f6f2cbcec14f19a708d434426dadcbb7eaa,1.0,reconstructed
1967-02-28,1967-03-15T14:00:00Z,7dac7641632c7ce04974fe425de6126cc08b9fa82c4888060cebe7c7a1250ba1,1.0,reconstructed
1967-03-31,1967-04-15T14:00:00Z,a094ba73b8cbe668919bd21e2ea1b9d72f608f00f972885bd38f184ba565ab4b,1.0,reconstructed
1967-04-28,1967-05-15T14:00:00Z,ea5cff54a63b1e89e80a5ffa7887c5be63c70ea421953eb58bc4d373c5166a60,1.0,reconstructed
1967-05-31,1967-06-15T14:00:00Z,119f2f49612f522ca8e5e569ff59198b106c5f28e3c5e037b1e1f882393e8505,1.0,reconstructed
1967-06-30,1967-07-15T14:00:00Z,69da32bbf7e949521ae16228449e13d59b8bbb2bc07301e65c33faa214141699,1.0,reconstructed
1967-07-31,1967-08-15T14:00:00Z,67b3c7db9b64c8eac229f49ff9f08327a28e82e3eced42f62b334e7ae3ca80ff,1.0,reconstructed
1967-08-31,1967-09-15T14:00:00Z,69ac27f73e9140ae9cadc8a45d52b8591d0dfa4e28d4cda38e42f7c49f06a0ce,1.0,reconstructed
1967-09-29,1967-10-15T14:00:00Z,5d677637235d761029fe007b27dbc5774cb14ead83acee336ab8506cde32ce3c,1.0,reconstructed
1967-10-31,1967-11-15T14:00:00Z,883bdb6ff945d314a0bbfd04649eba8ad74f68ba40da0442d7e8816f030dab8c,1.0,reconstructed
1967-11-30,1967-12-15T14:00:00Z,63400fb8729bec183839ea8cb02c3c5492f86b6fe3bdcb92dbf69617c89ce715,1.0,reconstructed
1967-12-29,1968-01-15T14:00:00Z,97ebcc8fb7cde47e45d7ee531ffd1d50233924b8b09620606bbf49534dcc8380,1.0,reconstructed
1968-01-31,1968-02-15T14:00:00Z,f5c5388e0171a5c458324cc93f080b0ff266956e2888f8569791c0b67bc23b77,1.0,reconstructed
1968-02-29,1968-03-15T14:00:00Z,7a200467c90e3707323ba0290a1a11c0893ebb6e8da9c0ffd14f27ebae335c14,1.0,reconstructed
1968-03-29,1968-04-15T14:00:00Z,d741de798f3b9488c70ba2ac1e5aafc1493ec0add47071a5dc494201efb3f9ca,1.0,reconstructed
1968-04-30,1968-05-15T14:00:00Z,d135cbe8d75aef514d6a02764d2c1791b50ee3d8a8637a08deb7abde3cfd1fc7,1.0,reconstructed
1968-05-31,1968-06-15T14:00:00Z,48fd13a63a5c3fc08ce8041d598750cdb3f9416834d95c795cfb10b0d2ad4ffc,1.0,reconstructed
1968-06-28,1968-07-15T14:00:00Z,80be94c7cad77e02450215ef6257e78d41893a9cb67e537e85addc0cbf3bc3c3,1.0,reconstructed
1968-07-30,1968-08-15T14:00:00Z,b02c19e4e75eb34aa03e346ea0d12227ca1410f00b443fa3558edeb0b9fedc95,1.0,reconstructed
1968-08-30,1968-09-15T14:00:00Z,66a2c0e4fc25db7ed695f726aee186753d54879f8c26662b1f7878b58bfa6cbb,1.0,reconstructed
1968-09-30,1968-10-15T14:00:00Z,8dc303af686d08fbacbb3d0c98ca343803df5ca8a500bc6979475de9a4e3232e,1.0,reconstructed
1968-10-31,1968-11-15T14:00:00Z,1efd138f2afd3437e39370db367725fe3175dac16ef19138059acea5a2138b22,1.0,reconstructed
1968-11-29,1968-12-15T14:00:00Z,0f83646646c613c3491d3bd3bff3731c4f86f7d1609ed4742f8008dd9b470a90,1.0,reconstructed
1968-12-31,1969-01-15T14:00:00Z,5f003dded2a0eec4f2580b99e376152e9a47cf43ec8d51e83312f3e2ed19d0a9,1.0,reconstructed
1969-01-31,1969-02-15T14:00:00Z,604688a8ffc0d0ad02903b0311a80a8ab45c2cb1bddd02db660746b0c76d51f2,1.0,reconstructed
1969-02-28,1969-03-15T14:00:00Z,149b2b67ff761b11076e918f2ec5e5274aafa25ef5d2482c8aaf8b0d5fad6d72,1.0,reconstructed
1969-03-28,1969-04-15T14:00:00Z,ab8fbd499007fe78977501b82f633b37004863a2c720bd6633ecb5b26c1fe050,1.0,reconstructed
1969-04-30,1969-05-15T14:00:00Z,9147356784bf0fafbab5d619deac6e94b55d9a4aa6673e94c9dd3fb2d39e6b99,1.0,reconstructed
1969-05-29,1969-06-15T14:00:00Z,6baa4721885648558195b451bdbf11a5409261304b76e70b9fab80f74574cc18,1.0,reconstructed
1969-06-30,1969-07-15T14:00:00Z,6fac0cb4f6dfba578f6251aec95aae83a8f2c442faa7f9d1250dc45ae017919c,1.0,reconstructed
1969-07-31,1969-08-15T14:00:00Z,4b8305056c6ed075ee09c8924b9b96ca6001177ada7ed06d3228624f194616c8,1.0,reconstructed
1969-08-29,1969-09-15T14:00:00Z,022933e7fee7e0f07307eabad7f83f092758d66fee62e826cde05f4cba848156,1.0,reconstructed
1969-09-30,1969-10-15T14:00:00Z,88ed52ce405ee6fe79339a36630aaed762f58ad5c5faf5d0071e27e0c7ca1b71,1.0,reconstructed
1969-10-31,1969-11-15T14:00:00Z,28300e3c0cf49a1420134ee43a576c8a20c6ef6b35c2867ac7109acd68869528,1.0,reconstructed
1969-11-28,1969-12-15T14:00:00Z,fbab66d9d2fc1c214e5056a634dd30803b59fed6c6a8aac1d9c740df0d8ffd92,1.0,reconstructed
1969-12-31,1970-01-15T14:00:00Z,d0067e57cf7acbd3d7a37868b8aedb77febb3d7cfaafa7b159f32152093269c3,1.0,reconstructed
1970-01-30,1970-02-15T14:00:00Z,78bf8eb0105bc6f4be839a76c79f8b91562dc7688f03f4700f99983ee039ec10,1.0,reconstructed
1970-02-27,1970-03-15T14:00:00Z,58127c5082361fb8f632d96ebb039498c643de631885bfb39a2a0a29531f2159,1.0,reconstructed
1970-03-31,1970-04-15T14:00:00Z,e79b147e45b20310ab861febe6c9febd0ca0a78799963c60178d06e667125749,1.0,reconstructed
1970-04-30,1970-05-15T14:00:00Z,2dba4595dc9712e10f1aa93455159da051c282856f0939add29eff07bbdc7ccd,1.0,reconstructed
1970-05-29,1970-06-15T14:00:00Z,a199d729696349a66d8e4f3cbff6f0538360ad7fcd5c1c535a4a8919f559891f,1.0,reconstructed
1970-06-30,1970-07-15T14:00:00Z,d5fa1b2438a4a141fa6f6bd284cf4122da659b7a1cfa179df39eec84a06f6f7b,1.0,reconstructed
1970-07-31,1970-08-15T14:00:00Z,c78f965fb44571f4dd943fbda6ab79a41c0449565b9e80343dc54eebfb423ef0,1.0,reconstructed
1970-08-31,1970-09-15T14:00:00Z,43000ecfee7e91630a0c94f5fa48fcc3be5ae10e4c25e928820435e62b8d2a88,1.0,reconstructed
1970-09-30,1970-10-15T14:00:00Z,4e25f07f67d9f067b142b8779dcc7414834d628d5cfd6b05c6219be99a9506d2,1.0,reconstructed
1970-10-30,1970-11-15T14:00:00Z,e3c61d830787cd07f3f4266da9922a812efa7f52c66b8fede3e136739105c8ab,1.0,reconstructed
1970-11-30,1970-12-15T14:00:00Z,f7b195d0edd6d44c3b577c9961c956f5fa2abf0387139f209e82148ce139477d,1.0,reconstructed
1970-12-31,1971-01-15T14:00:00Z,bc40f6efbb89ba2263e0f3e4b4bf914faa58fa76e64611f4ee99dcd35be4866a,1.0,reconstructed
1971-01-29,1971-02-15T14:00:00Z,d68e1fe25d9dea062b3f0f949fac9b4027f1c9a7187c208f1774df45a92159ae,1.0,reconstructed
1971-02-26,1971-03-15T14:00:00Z,c2c87e1a94aecfed56e597f5d3520c02bf4f8d831ea6cb02b2ace88711f715cb,1.0,reconstructed
1971-03-31,1971-04-15T14:00:00Z,57f336836087c3800c3ccc1f4947ef9c6d606aad3124f6cbfa59854fbf91db97,1.0,reconstructed
1971-04-30,1971-05-15T14:00:00Z,1840b61e878f37f225405f0c83f1466e729a67ce0ec9c6fec81f49fdb2890c5b,1.0,reconstructed
1971-05-28,1971-06-15T14:00:00Z,2a22991b3b820c46d0e3638d14885afbef51fab44f458c74fd8d48e76fe51583,1.0,reconstructed
1971-06-30,1971-07-15T14:00:00Z,243241d9aad99e1da41f6f4323bb174f925f217100695f5795073036848355b3,1.0,reconstructed
1971-07-30,1971-08-15T14:00:00Z,297744578b5749181ce8bdb8ce44c099b5a3b1fa476d91a720c47b168630a2be,1.0,reconstructed
1971-08-31,1971-09-15T14:00:00Z,3b90e0b44a0a9cfa9950d849898efaf07bb0712c37720e044aa09664200cf43b,1.0,reconstructed
1971-09-30,1971-10-15T14:00:00Z,8c2c5970c79638e671f8a1aed091f2c5b89962d528d6459d18471472d372594f,1.0,reconstructed
1971-10-29,1971-11-15T14:00:00Z,e9f8110a73acceaa5bfbfca3296d6079b4092f49dd48ab9460dfd8ffe5c75519,1.0,reconstructed
1971-11-30,1971-12-15T14:00:00Z,0879ff7309cb2e218be2f18226378bc2e67f9d906853d5c9b1d78b264e3d46c3,1.0,reconstructed
1971-12-31,1972-01-15T14:00:00Z,fc7e015141c69333c1e0ca1153e16e46b15e001aac81627fd61ce296b49186bb,1.0,reconstructed
1972-01-31,1972-02-15T14:00:00Z,0e1496b307883fddd5d1d8dd26147385688ed0ae20b786252cb64db2af36d46c,1.0,reconstructed
1972-02-29,1972-03-15T14:00:00Z,172c0e3bf6c7fa22b9e96d18e77833de6521fb49414e2d09847ab314e909b502,1.0,reconstructed
1972-03-30,1972-04-15T14:00:00Z,931e1ad6deec27271f65e2c7cd83ec700521434f23a4c6b881ce61bb31ca2df2,1.0,reconstructed
1972-04-28,1972-05-15T14:00:00Z,1bf4151ea524cb6117b549246ba7e5e06b82452e46bbab11375511c46a084d82,1.0,reconstructed
1972-05-31,1972-06-15T14:00:00Z,d55935bb6ca6ce8c42a8cfb7321cfa5e3c1fdc8c90bcb7b95389b5b6296ac2f9,1.0,reconstructed
1972-06-30,1972-07-15T14:00:00Z,cbe91a4e7d2b13b744a24dc0fb0c15e55dcf27c16e69ed023280c699a98500f1,1.0,reconstructed
1972-07-31,1972-08-15T14:00:00Z,6003eb8aeca1c97c7e2eb56210d64f772a5b700187f2c6ffd77fa9dc2f4e1d21,1.0,reconstructed
1972-08-31,1972-09-15T14:00:00Z,e3a5f1257c87c8bf214530f53dc502aa82a310aad5c675a8424cdfe7af16e037,1.0,reconstructed
1972-09-29,1972-10-15T14:00:00Z,9aae29db9df6802eb0786f90bc127f93d83213e218b6acd650d8a93b27ad8a2e,1.0,reconstructed
1972-10-31,1972-11-15T14:00:00Z,eb2c7f928865d22178cd52731dc854e9ee912628c3581496447e67bfc41e0efa,1.0,reconstructed
1972-11-30,1972-12-15T14:00:00Z,25222e6022907f1bb341b791100a4b8bb292ec0db30c0ead18edc37e1537e843,1.0,reconstructed
1972-12-29,1973-01-15T14:00:00Z,c930c42f4932ace2fd33990086a988d5cb700a9418a693b65cd97e6471deeb97,1.0,reconstructed
1973-01-31,1973-02-15T14:00:00Z,723c2f7406577a3bbec1c4acb4c3ecc26e259953bc3f69b65fbc58c83ba702e8,1.0,reconstructed
1973-02-28,1973-03-15T14:00:00Z,be98022d27ceeb3f671d97d9fc5e5a4d01072a3ebc40590092821b4632938fb1,1.0,reconstructed
1973-03-30,1973-04-15T14:00:00Z,4052b59de598b95f0a66fa65637d11c780fa9d3530bdaf0e41f4cd11dc14a9d3,1.0,reconstructed
1973-04-30,1973-05-15T14:00:00Z,87782e680be3b58ebb0d064d003615b72c691a68b2563985e26d0a60d620d893,1.0,reconstructed
1973-05-31,1973-06-15T14:00:00Z,69d6460722b657d7145a00ca8a220def59fbffe74b2a2d3eb96d46a910e01eaa,1.0,reconstructed
1973-06-29,1973-07-15T14:00:00Z,d99b78d7df1d192be51de79b5abc76a84aac6f9ad940e82cb80f2a870c003ebf,1.0,reconstructed
1973-07-31,1973-08-15T14:00:00Z,3a260d464eda920a6a9689613feac390be9a12ebe1bdaa6e685e0a37c753c599,1.0,reconstructed
1973-08-31,1973-09-15T14:00:00Z,0228fd5b832ed26221900d05c4c6596ee549b734c55f27f81895349ab3b1b844,1.0,reconstructed
1973-09-28,1973-10-15T14:00:00Z,1f87196eed54b54a241244852fbc521a4ffeddd2e5fe79b8df397ab2e31ad5e9,1.0,reconstructed
1973-10-31,1973-11-15T14:00:00Z,7b42913b88dfecea937d33acdc7f59fa8eb9dd07b54fbc27b052d870c151b4db,1.0,reconstructed
1973-11-30,1973-12-15T14:00:00Z,e80f0c5eed505a72875ef872bc4246141a453717806c357cd0b69632ba672f95,1.0,reconstructed
1973-12-31,1974-01-15T14:00:00Z,ec8ded17e454d5196cb4e7ca0f3602108c93435d0ffc848151cc30da461ecebe,1.0,reconstructed
1974-01-31,1974-02-15T14:00:00Z,e84a2a930838bb96386e389417f344938a8f039d6abe30c1272e4642af484826,1.0,reconstructed
1974-02-28,1974-03-15T14:00:00Z,3d7d5aaa2aff64562b89da7f4d73c818cfc1160936d603b48b9ae9a5aea215dc,1.0,reconstructed
1974-03-29,1974-04-15T14:00:00Z,b967e4fc0429a2ea7cd990169a5b154e518e789066e8703c0858a7015d8bf852,1.0,reconstructed
1974-04-30,1974-05-15T14:00:00Z,76a39c1a361a3228c45c756cf1989b0d07dca611057be67126ef6c2c7f7c8f7b,1.0,reconstructed
1974-05-31,1974-06-15T14:00:00Z,b3e8f590d3a9606ba02d3bcae047a62e7e6749d830e8985fa138391baad24dae,1.0,reconstructed
1974-06-28,1974-07-15T14:00:00Z,21582ce3ab0b1ed6a7522b627b3dd12dde891a6710bc0eca51f4790701bb96f0,1.0,reconstructed
1974-07-31,1974-08-15T14:00:00Z,c26853e52943b29dd3317eaa764fd78bbf6d51572fa77e467c05cf628362cb40,1.0,reconstructed
1974-08-30,1974-09-15T14:00:00Z,c696ed6f31377437412d021022ae96b62f6f135077f34801ad2f7170ca3a1862,1.0,reconstructed
1974-09-30,1974-10-15T14:00:00Z,ad9aa0a4f14eb77183d2f63eb589faebe5a23fe9740adfc1ed17325873f9847d,1.0,reconstructed
1974-10-31,1974-11-15T14:00:00Z,d8235a012255ab8d5758ed3dfe12ce3b92c00919f74a5cb09f31663b7ad5018a,1.0,reconstructed
1974-11-29,1974-12-15T14:00:00Z,b07a83c22ad96dcd51bb9b4501e87620ac11991c0aaf2578b152b62c2715dd01,1.0,reconstructed
1974-12-31,1975-01-15T14:00:00Z,719fadada40efa80814872c8b88bf5ca4993e210e3870e22f9d7f418c5fc8960,1.0,reconstructed
1975-01-31,1975-02-15T14:00:00Z,4a372fcb116579bee0b3016ec589db4872340bcb930a8ecec336983b10c5c0e6,1.0,reconstructed
1975-02-28,1975-03-15T14:00:00Z,36c6b16b8b9e157cf96f1d8fd7e3357d8ed7d8f6789f999b374e0d4abbd91cbb,1.0,reconstructed
1975-03-31,1975-04-15T14:00:00Z,97765820ae46b00c027449c22e37ff756d1757bf4d3cafd95405e585885fc49c,1.0,reconstructed
1975-04-30,1975-05-15T14:00:00Z,40852772874da15cc8cf3a48f13d847463eff4c60ad06602a7bed0e5d69d53db,1.0,reconstructed
1975-05-30,1975-06-15T14:00:00Z,dbaa918196f6f5c62bb193fc5868a40a2286d6509a88e3443331c735b556ec74,1.0,reconstructed
1975-06-30,1975-07-15T14:00:00Z,2b490663499691857ab18b381f40dc4085f49ba9c5fa89d4efeb58ea66e97561,1.0,reconstructed
1975-07-31,1975-08-15T14:00:00Z,6cc47a7522b8bbc5f7fa7363574e7463cdc807245969f4cce93bd62b89b751f3,1.0,reconstructed
1975-08-29,1975-09-15T14:00:00Z,cdf56c663cc50fa186d8e5ab498fee2cfe35957e5b9fa585ea63ed8ae584a480,1.0,reconstructed
1975-09-30,1975-10-15T14:00:00Z,80dafd59578a5334903d483b7a2a955f5d49264a440bade03b0944dcca8ddfe6,1.0,reconstructed
1975-10-31,1975-11-15T14:00:00Z,874efa1da05fcab01cc92d6d925d04ba15edf974aab9dd50008141bca841791c,1.0,reconstructed
1975-11-28,1975-12-15T14:00:00Z,59b06acb37c2f970a9f24abd37942a0ea0239ebb69503b266a4618899dd9f687,1.0,reconstructed
1975-12-31,1976-01-15T14:00:00Z,7b753e4312a830794e3ae24c351d909c7fe2336f4834d84fd3ee9b3062d3f9ca,1.0,reconstructed
1976-01-30,1976-02-15T14:00:00Z,57f26872d1409d2f7b93f5a07e674df80e2738c561d110d5a0fb32e2c6905e6b,1.0,reconstructed
1976-02-27,1976-03-15T14:00:00Z,73ab29199dd411f0f20883e587cc87041e2913b70b7d4f023b488fe229a48d61,1.0,reconstructed
1976-03-31,1976-04-15T14:00:00Z,fb3bed17ff41b9810ce1b2858de3c580cfc49504fa057a783fe4a2a430c0d792,1.0,reconstructed
1976-04-30,1976-05-15T14:00:00Z,0d4f90c8ff123d08b20ae460a755b29fb237f2cc37c78c38f300e866bd363070,1.0,reconstructed
1976-05-28,1976-06-15T14:00:00Z,695928392dbd23005f035dd2a749219783bf8892aea8b41e9e279a94dc28f90e,1.0,reconstructed
1976-06-30,1976-07-15T14:00:00Z,738aebc40706c25311a4a34995970ef1153cd2ecec17b14c2a708c4b5956c14d,1.0,reconstructed
1976-07-30,1976-08-15T14:00:00Z,b297e47117b8e9c34f8ae55a5d044a56b4b97b2fc15eaf711c6e2a35e926651a,1.0,reconstructed
1976-08-31,1976-09-15T14:00:00Z,a87a83f39f8e253da71ae444f2b8dbfdcbc2ebb15a1269618598cf116b12416c,1.0,reconstructed
1976-09-30,1976-10-15T14:00:00Z,e24facdaa34c8a6bf87a5a40640face19fae434281f16afe810c726e537cbc9d,1.0,reconstructed
1976-10-29,1976-11-15T14:00:00Z,7f2e46501278c22405b209d443b486a58e0aafe03f39273ce9512de683ae7659,1.0,reconstructed
1976-11-30,1976-12-15T14:00:00Z,a937b9eb62d4d9e4dbe7833c93553624de5f237cfb266a423627b02796ec70de,1.0,reconstructed
1976-12-31,1977-01-15T14:00:00Z,a74134664fa386bbdd216a4910e5cb610308602599223636ce66b57c2d0482ee,1.0,reconstructed
1977-01-31,1977-02-15T14:00:00Z,6db4c09309d74283642b013caea9b11654762f08c039bc63b7bfdb6b3c7794d6,1.0,reconstructed
1977-02-28,1977-03-15T14:00:00Z,cd1546d94a48b1c3dc932eb33027db5b540031d73de13e84f3770c18c90f4db8,1.0,reconstructed
1977-03-31,1977-04-15T14:00:00Z,764431bb1f381416c1cdf996e461b772075ac34b8ea811cc596d5cdb3742f002,1.0,reconstructed
1977-04-29,1977-05-15T14:00:00Z,df0c0e9d0954a48d1374423e2984ef7bc484d9b23a68cae7cf9b2dd0da084e73,1.0,reconstructed
1977-05-31,1977-06-15T14:00:00Z,281075723b0f784d582c4fd5c09c7cdc5c10a3df671b28ade12cc29dba04e7f3,1.0,reconstructed
1977-06-30,1977-07-15T14:00:00Z,248c8dd5e2dc5eafe2d7ef0e10b08026bda73c368183326ee40a6a9ce96c5c71,1.0,reconstructed
1977-07-29,1977-08-15T14:00:00Z,56fcabf43d05af9ce41306c79b3fde8548962dcf7abf350f7c00054d6d05d012,1.0,reconstructed
1977-08-31,1977-09-15T14:00:00Z,108491a1283e9cd277a8635c6bd6075c56103e1c5742ba690a40c1145ebb2c75,1.0,reconstructed
1977-09-30,1977-10-15T14:00:00Z,12472decbbf15b39af921cd7c0a46690fd01fa35504cab66a5fbe30f20bfdfb6,1.0,reconstructed
1977-10-31,1977-11-15T14:00:00Z,bf3cb6d57bc7e6f9bf1bcdd127c65efaa05a429b5b60c86a735d62c900a00427,1.0,reconstructed
1977-11-30,1977-12-15T14:00:00Z,dc069959a69102a18cc1abcd3e555f03b24b82d443d6f4f0d2beb802e5935bfb,1.0,reconstructed
1977-12-30,1978-01-15T14:00:00Z,8525457d886da6d437e24ea1b19949988fd9b8a7cb9a8868191b24a48bb16965,1.0,reconstructed
1978-01-31,1978-02-15T14:00:00Z,16e2797c0e4f4485f572384f68d8119a65de50318826146dd19ca0b819139e90,1.0,reconstructed
1978-02-28,1978-03-15T14:00:00Z,aa7b4804b00ccc306de2267dd0b853ecb634ebafbcf4a196fb2130b7a199a879,1.0,reconstructed
1978-03-31,1978-04-15T14:00:00Z,0b1ccdbe1a0aaa399a85a51341b61a5c97053996cf813b2b4e201ae43644e479,1.0,reconstructed
1978-04-28,1978-05-15T14:00:00Z,0cd08b88feda67ff6a440c9dc11cab636e14e4e3f8ac320a40b5b29a07d75cdf,1.0,reconstructed
1978-05-31,1978-06-15T14:00:00Z,f2ba027594a625f3df050887403051ca45f8e0a6895625743efe15b03d81f14e,1.0,reconstructed
1978-06-30,1978-07-15T14:00:00Z,30f4ab1c5a1de7cc696cd601765a4dd603b0f714e99702e23cd2a2ca2115760c,1.0,reconstructed
1978-07-31,1978-08-15T14:00:00Z,40f451c0c7b5b807e5edafcbef2a0f71b6e0eb2ded9dee5ed6f09805f1d5b24d,1.0,reconstructed
1978-08-31,1978-09-15T14:00:00Z,2fe35d9b4d7bba556a70a9ec1a26b4a63961a4262a45f515779e148f198bbb0a,1.0,reconstructed
1978-09-29,1978-10-15T14:00:00Z,1bb25cd52a0de2e425874e274a82629c419e856130e44619f7322c1ecba0cc16,1.0,reconstructed
1978-10-31,1978-11-15T14:00:00Z,25ae3859dc49d85da8c47b131d40ff9f042b5633db7f553d76e6db6130d8dc55,1.0,reconstructed
1978-11-30,1978-12-15T14:00:00Z,920851754540a6ce381d9ff7f0e4467a3eeb43aa29bc3a14262946bf6bfa9dbb,1.0,reconstructed
1978-12-29,1979-01-15T14:00:00Z,a88e8aa9d56389e23600ee2231879495576c6103550e5430478751f85ce32304,1.0,reconstructed
1979-01-31,1979-02-15T14:00:00Z,13a0c99d91c1c6431bdff419a731d5515b12a83de4f0dc99eb0db0bcf53e8f98,1.0,reconstructed
1979-02-28,1979-03-15T14:00:00Z,8f176d5c8a5e3610dd8dde61c8044f8cdaea18d87f3873bbbf9f3b14925ec051,1.0,reconstructed
1979-03-30,1979-04-15T14:00:00Z,c603f30c0d5923e5f9ff7fe0c4072af4a5a1d9128b5ae45a26638a02803cb140,1.0,reconstructed
1979-04-30,1979-05-15T14:00:00Z,e96488a138551a2643ffcb78c6e16223b13452e247492c12a1dc08961c24dbfc,1.0,reconstructed
1979-05-31,1979-06-15T14:00:00Z,488dbfe5637ab8d8377edfcbf7d5c2a6a09463fc2b1c62ee2069a98ffbb1c974,1.0,reconstructed
1979-06-29,1979-07-15T14:00:00Z,f959329deb57a74d28240f0d83947cd37c4fa5c742863879ae630f4429bac473,1.0,reconstructed
1979-07-31,1979-08-15T14:00:00Z,80b3a781a8041f13a37b9d55eb77e29a15a4583c99edfe44bc5659e5d493fb3d,1.0,reconstructed
1979-08-31,1979-09-15T14:00:00Z,6f962119fd3bfa308d0ec53260f2d677d5b9762b2ead5a535d7df67236e0b9be,1.0,reconstructed
1979-09-28,1979-10-15T14:00:00Z,a7a8d3ea0e5067c5e47de406051047e2e8f5057991804575e5135000140017cb,1.0,reconstructed
1979-10-31,1979-11-15T14:00:00Z,c2253aa5c3fa48a76c4747e419f87d1563970e23fe44549af2bfc638fa067fe1,1.0,reconstructed
1979-11-30,1979-12-15T14:00:00Z,26c2b15534774dc1936dfdc3f670cc556ddd926ab41a9cfeceea233c62b4cf10,1.0,reconstructed
1979-12-31,1980-01-15T14:00:00Z,9a4c7f480ca30a53a5eb010786be00fd0d572ef95276dd810b6ae5f8f388dc38,1.0,reconstructed
1980-01-31,1980-02-15T14:00:00Z,747a61fa5328213061ea2b527f9198c7c6f6b0bb1866d0605815c68d4e89f153,1.0,reconstructed
1980-02-29,1980-03-15T14:00:00Z,b838744204dbbbc02b25eac4d27d4da915efc973aaadd8cdce4e71bd50b86a23,1.0,reconstructed
1980-03-31,1980-04-15T14:00:00Z,7c4aa774fb6cd77b37e78db01cffc9c9e5b7fc1fbd1c8c61ac92bfafb5cd4a96,1.0,reconstructed
1980-04-30,1980-05-15T14:00:00Z,f564cf28cc116eae10d0e8cfef2bd193552b8a7c159568369367c1c081cb9688,1.0,reconstructed
1980-05-30,1980-06-15T14:00:00Z,a264b479f89d5def296ee8e800f595ce4a21cafe0c859acb5679f1de98fb1386,1.0,reconstructed
1980-06-30,1980-07-15T14:00:00Z,35ce579b813bb995f61f9b4b80679d1f3cedd39d120e1b0df9019a885aee756b,1.0,reconstructed
1980-07-31,1980-08-15T14:00:00Z,1f71d6fda32d52f6c365b70bbb0558fce4962775a29dcbcfb2c118216102f370,1.0,reconstructed
1980-08-29,1980-09-15T14:00:00Z,6d361abe32cf3dc15ca84469a89e491119d965167c676221365002022354393d,1.0,reconstructed
1980-09-30,1980-10-15T14:00:00Z,6d7ba97b40d2c2bdf5ad9f6876de77009a304b9ba37168ecfcdf0f6247d2b1d2,1.0,reconstructed
1980-10-31,1980-11-15T14:00:00Z,42e8fa8229ccf63d1bee8babac57db36a59af56f99a31d4e14ca354ec809e9f8,1.0,reconstructed
1980-11-28,1980-12-15T14:00:00Z,410019686ea7a248b29f1208b9266a2026c7be52309fac096f7a92664c72450b,1.0,reconstructed
1980-12-31,1981-01-15T14:00:00Z,3cf896766be458069d6cb3bdd143ec41f6e990543ac2c413a01a4c1566c17888,1.0,reconstructed
1981-01-30,1981-02-15T14:00:00Z,8cd41079dd0c74ec044e62edfa254e824d8f7e4b8602b9904c1f84b9e8ca86a3,1.0,reconstructed
1981-02-27,1981-03-15T14:00:00Z,fd799d868ffea5505a9c353b524bd86c078f21b4a2192f05dc03b370e56071ed,1.0,reconstructed
1981-03-31,1981-04-15T14:00:00Z,2c7af2b1dc147eafa783fc85b23aa4b209e93ccd8158db10e9816e8ee1332411,1.0,reconstructed
1981-04-30,1981-05-15T14:00:00Z,9c4f0c614c5b4116bc7004b9b80dd2732c80d5746553fd2f14353fc179d751cc,1.0,reconstructed
1981-05-29,1981-06-15T14:00:00Z,5843c41f8a2e50a5047c6a652fc995badd7d65ca6e65b53f9fa095dbaac6c0ee,1.0,reconstructed
1981-06-30,1981-07-15T14:00:00Z,60ccd672bf4c6260c53b1f09d2f62ccacf3dd9095998f9723dded38ecf1abe68,1.0,reconstructed
1981-07-31,1981-08-15T14:00:00Z,7fa0a7332aee179ee805e2bfe1f1a907625571ffc69c36cd6b05b40f9881489d,1.0,reconstructed
1981-08-31,1981-09-15T14:00:00Z,a82ba18b02b0350562c15b0f3972bdc27c8006729ec230b450c557e86ce2f7c4,1.0,reconstructed
1981-09-30,1981-10-15T14:00:00Z,4cad7e1aae470188760cde86743f9f20440dec2d14b62b15ca3221466784ff0a,1.0,reconstructed
1981-10-30,1981-11-15T14:00:00Z,98348b97cb9d00a19e94734b65aefc4bee92c4da0e5743b92ab160c4b35e16a2,1.0,reconstructed
1981-11-30,1981-12-15T14:00:00Z,2c6e34af2db1bee5a174db517561893760b0310beda59c3e25426d69428e55f2,1.0,reconstructed
1981-12-31,1982-01-15T14:00:00Z,bb56b75f084e189efcada1510ddba134f5cd83fd170e8aa1936a4bb0c3ea28a4,1.0,reconstructed
1982-01-29,1982-02-15T14:00:00Z,00ba43d836ffcea52c006cfaaf5e30c3d2f8c0cd8788bed2f0f9bae571bc8b25,1.0,reconstructed
1982-02-26,1982-03-15T14:00:00Z,e846d28e6e96be6489885b65d30e990b8b9da22cd276093e86df0e382682e207,1.0,reconstructed
1982-03-31,1982-04-15T14:00:00Z,9f33fce396e8625126224d77d13f784cf839e6c77327c7a7c4b72e0f4374ef0a,1.0,reconstructed
1982-04-30,1982-05-15T14:00:00Z,8446e94c13f13b6bea1bbbc5d25b2b8f17990312d035fd994745ed17e2a5a5b9,1.0,reconstructed
1982-05-28,1982-06-15T14:00:00Z,3a97adfdc5fea35110ed2e6137a8adf5d616b030d72e055ed16e3b22ac9f4e79,1.0,reconstructed
1982-06-30,1982-07-15T14:00:00Z,3b5ced3e958dd4e4f15cb1572627288ed389cc82f6ebc6fa611ec4595de45dad,1.0,reconstructed
1982-07-30,1982-08-15T14:00:00Z,6719d8a1cae5d4d1a098a5a2d701e003fec54d6e4b1fec056e7532d928c679e9,1.0,reconstructed
1982-08-31,1982-09-15T14:00:00Z,8b6e4acc431d99e6ae0e822e934632c22ed7f64c4be2bb53b9e181794ab60946,1.0,reconstructed
1982-09-30,1982-10-15T14:00:00Z,ac09b7e39ebbf752615a82de730bd5a77dcd122db0b94c983f5b0ec4036c3cb9,1.0,reconstructed
1982-10-29,1982-11-15T14:00:00Z,c4812787e351fd674e96a3f065a45d3e39be847e3fec6e6d70dfe1f0504cbbde,1.0,reconstructed
1982-11-30,1982-12-15T14:00:00Z,2f8bfc60a16fe46abef6c4a84b0812f07d7d473bc551644cdf433fa6269f35fe,1.0,reconstructed
1982-12-31,1983-01-15T14:00:00Z,dd8382de39c47a0577d51db78298a958b9855e2a6e4687a349fa1579aded6fdb,1.0,reconstructed
1983-01-31,1983-02-15T14:00:00Z,338d4fec299e481130f5129b9f5b74473f9b78f8b547f14157a0d84d207199bb,1.0,reconstructed
1983-02-28,1983-03-15T14:00:00Z,e9855f3f373b6c6597e1ea1da9a0324df6569b36e487613381a56a17fc3b873b,1.0,reconstructed
1983-03-31,1983-04-15T14:00:00Z,360eb35cc8f4bdbceda343d56be0c6a3f799fedae53f07a31ce04f1724be9301,1.0,reconstructed
1983-04-29,1983-05-15T14:00:00Z,72a7beb43f0407e0aee727eace22856c9488177374066b36c8bfd032e641ec24,1.0,reconstructed
1983-05-31,1983-06-15T14:00:00Z,c85c00a840ffd8c21e7a3e89e0e653579a2ae7a740617c549f7e6fb2ad15d902,1.0,reconstructed
1983-06-30,1983-07-15T14:00:00Z,b7a0f101f8de4cb9c856f8b3de22ae09d339494c42e750bec7b5a51103422882,1.0,reconstructed
1983-07-29,1983-08-15T14:00:00Z,6ee97499eb1b8c834ae402fd59ae21549af5cd621d569c1d25ef0fc571c4bfcb,1.0,reconstructed
1983-08-31,1983-09-15T14:00:00Z,a18a378e774a6174e919bbe81e32a2d62e0a53d7b780a20ea0d0617519cc1499,1.0,reconstructed
1983-09-30,1983-10-15T14:00:00Z,c10008db5b0ff6bc3d72a5deee27db6b2b29d18f966de7d36fc122384a0a0b5b,1.0,reconstructed
1983-10-31,1983-11-15T14:00:00Z,6d7c7b8c8856fa2d647a36b367eb1c4e340348f85a822cf4c5de8b1762646d4d,1.0,reconstructed
1983-11-30,1983-12-15T14:00:00Z,a942ade70a6748d1810b11056e8fed8061751f4bd7dd74fc23297b9ca75d8bd7,1.0,reconstructed
1983-12-30,1984-01-15T14:00:00Z,0f64d523d03a285ed088c5f821b1a6960f325bcdacb419c1bc2717f868193163,1.0,reconstructed
1984-01-31,1984-02-15T14:00:00Z,b760376c18ba364343f63134ac0ed80bd02397efb7eabe8311a89954d379bd39,1.0,reconstructed
1984-02-29,1984-03-15T14:00:00Z,b43c20566440366869013996b0f772170d6fa2bcc641e70c6fda685feb32a6bb,1.0,reconstructed
1984-03-30,1984-04-15T14:00:00Z,878a3b3b1d7b0401276bb958a7a306b3bfc461120b5a9e4a17f2ffff84689c09,1.0,reconstructed
1984-04-30,1984-05-15T14:00:00Z,366bfec665e8c65e3f1c80428ffdb349aeb06a6224dd5959df8dd569597a4dd0,1.0,reconstructed
1984-05-31,1984-06-15T14:00:00Z,a2e2217d0ea121473940011448f873cab7ee6704412dfa44f6fe87cd1133190e,1.0,reconstructed
1984-06-29,1984-07-15T14:00:00Z,a37bc2a47fca1bf2b8da858052b713dcfc75aaa5d6dbc6e4f94a3ddfbf8417ff,1.0,reconstructed
1984-07-31,1984-08-15T14:00:00Z,f96d32e4849bbcde92ff7148aec2323d85db086fa724dd46d4cf4d1139df5d2d,1.0,reconstructed
1984-08-31,1984-09-15T14:00:00Z,d68b54ed97907d62da06b06c05fe4d648fea9f01ada4b68cfb34f222c12f1dfc,1.0,reconstructed
1984-09-28,1984-10-15T14:00:00Z,44ff30b2c775d8b5d74d3f26cd7f0eb5bb47dcae830e61412ae7018d9f066772,1.0,reconstructed
1984-10-31,1984-11-15T14:00:00Z,2f523307e516ce0ab226d647c7fdee78b96df15c1f551e49b8422bd2af75a16d,1.0,reconstructed
1984-11-30,1984-12-15T14:00:00Z,08bcdff20811e0381f83ae65e22dcd7a0b389306fa829d62176f0b7b3a10f412,1.0,reconstructed
1984-12-31,1985-01-15T14:00:00Z,4541a3a57b4f08b32d3e04fc7f32425303cc233f980d20fbf303adbf062fe1c6,1.0,reconstructed
1985-01-31,1985-02-15T14:00:00Z,9c53471ccfeac5dc63b37944fd9e428d3bb78fbf26d008c232de8eb166acbddb,1.0,reconstructed
1985-02-28,1985-03-15T14:00:00Z,9cfbceaee65c467978c3f3ec4fb8b98fd2a9211e32404359f1a5588e35c4ba6d,1.0,reconstructed
1985-03-29,1985-04-15T14:00:00Z,73876fea3843d4921ecb49ee01a9ed2903a45f76f25c5d05c181fd9d42799630,1.0,reconstructed
1985-04-30,1985-05-15T14:00:00Z,9493214e327b76960a7807e5bd692aee1273209204fe0c6c90bc91d78a4dc610,1.0,reconstructed
1985-05-31,1985-06-15T14:00:00Z,d7556dd2b7b971a6d58bba5f3cb79c2fd7bae6cdc0a622cddb36a9232c4f6090,1.0,reconstructed
1985-06-28,1985-07-15T14:00:00Z,b1f83bb1a14e14deab413586fe9171ad7a24b857fb1b710598e4ba3f3f1e3883,1.0,reconstructed
1985-07-31,1985-08-15T14:00:00Z,91b5591fb707baa0080e66d618d28b74b2c59850ed314a384ff591ab10d7fdd4,1.0,reconstructed
1985-08-30,1985-09-15T14:00:00Z,a39839bd07e2abd8f83103d3cd74fa3812a9d243796ecbca4a0a446b969077e3,1.0,reconstructed
1985-09-30,1985-10-15T14:00:00Z,0a64b3a0dec05765481ac0d022a5296ad69e24c8ca773eb2add7051116b35352,1.0,reconstructed
1985-10-31,1985-11-15T14:00:00Z,f1c35a0029a5c2b4e48193b0d10f56d0f19ac7333992035e94645e941903b39f,1.0,reconstructed
1985-11-29,1985-12-15T14:00:00Z,ba7ab2a8ec1516ace25e0fc326d266164354067228fb37160b5015b0555c878e,1.0,reconstructed
1985-12-31,1986-01-15T14:00:00Z,578a9d3e728aab302255684e30fa09ca5aebdb9a51a59d127cb1bdf028341eba,1.0,reconstructed
1986-01-31,1986-02-15T14:00:00Z,bd2bd280fc3e5a717ed759c6f30248b96dfc10e7bd45701c64bbe82f234c8f9d,1.0,reconstructed
1986-02-28,1986-03-15T14:00:00Z,705c52d014fc012919cca44f174fb8ddd4f0c19ca938ac64707d6238e0302d5d,1.0,reconstructed
1986-03-31,1986-04-15T14:00:00Z,7fa499409d87c25b3a01d8a0596dae6a4a6929bc2104ecd82a32179547d5f724,1.0,reconstructed
1986-04-30,1986-05-15T14:00:00Z,502228996ca145516ff00f387605173c220c3a9945d792b0b561c28814012cf6,1.0,reconstructed
1986-05-30,1986-06-15T14:00:00Z,42f81f358085183c11d1c5ce6ff74f9cc6a2d153540d62f5290fd861d86e8c22,1.0,reconstructed
1986-06-30,1986-07-15T14:00:00Z,d38ef73600c6875cdfed38fbb062782148539c70af1ea96201b809d9582bd3e2,1.0,reconstructed
1986-07-31,1986-08-15T14:00:00Z,324446b6b7a061cee6adf5634df0fbb3277c65980c104fb4a4d4be3078241d08,1.0,reconstructed
1986-08-29,1986-09-15T14:00:00Z,f168b3ba74c97f9295af93bc751c0908e4a49cd069bee0e93143f8e82b697a3a,1.0,reconstructed
1986-09-30,1986-10-15T14:00:00Z,bfe3dd53cd3749a979ea598d99a859a81dd9fbe77bf623d0539e10d57d87cee6,1.0,reconstructed
1986-10-31,1986-11-15T14:00:00Z,472fdaab76b5425d1bb7da7829ee3f552c9a924f349442c3242beeeaf542dd6c,1.0,reconstructed
1986-11-28,1986-12-15T14:00:00Z,209be37636a56c3aa769af540fbcc26a9474536338cba05fa67997f5ac438407,1.0,reconstructed
1986-12-31,1987-01-15T14:00:00Z,c0d97be7c6784ea499bf7c4b397cd8a816b16da2556bbccf5737c44ead92ae6e,1.0,reconstructed
1987-01-30,1987-02-15T14:00:00Z,1b8ac9576ed69b7a3145c8b64aff36ae7c16be1b69b1c4b3f1e4347d679b080c,1.0,reconstructed
1987-02-27,1987-03-15T14:00:00Z,d15ed68f02cec68c8fb1de89fbec199058c9788e1ea581a1a0ac771c0bc5aa76,1.0,reconstructed
1987-03-31,1987-04-15T14:00:00Z,3335d73304b3b2335b97014942737834bb22d97b4e33d860ef579aae96e2e756,1.0,reconstructed
1987-04-30,1987-05-15T14:00:00Z,5b7caa41bd0b8abaea70086541cb1ce23d7516522809b76669b23b4405bd7e01,1.0,reconstructed
1987-05-29,1987-06-15T14:00:00Z,a6fd7dd586bcc1b0b7bb26cad3d48530c8c756959fa80ac12fb261e21d76ce0e,1.0,reconstructed
1987-06-30,1987-07-15T14:00:00Z,04a9086d6b4b3cc657511f01d90ab5560dff1d0424a5fa760c1303f12d87d5e2,1.0,reconstructed
1987-07-31,1987-08-15T14:00:00Z,5296d42f294fc148b90047dac3e6a4eec4498ec75e30a10346225583fc22ec74,1.0,reconstructed
1987-08-31,1987-09-15T14:00:00Z,f19bbc31e7c587753e0edc429e2d80da0114dc40971d20130a7863a46bcdc47d,1.0,reconstructed
1987-09-30,1987-10-15T14:00:00Z,230ff0b2e96f1bc88bde9b9e84d288c61879f0f7a0e0b8c5ced91d00736c0cb5,1.0,reconstructed
1987-10-30,1987-11-15T14:00:00Z,485c06f5054f9890a642a3015da55856d038d144e7f95c49914d0579a555a26a,1.0,reconstructed
1987-11-30,1987-12-15T14:00:00Z,5f55a9dfe7014c89fac3e44b67260b5b7e72e4191ffefb7fd1f6ce835252427e,1.0,reconstructed
1987-12-31,1988-01-15T14:00:00Z,d39b093fcd5f77f5b8fea4338520beef3b2bb7a8607f51cd3a6566770e5c5b39,1.0,reconstructed
1988-01-29,1988-02-15T14:00:00Z,1d09d780581356e60ca30ffb2973807324c983cda7814f8c2c8292562fff157c,1.0,reconstructed
1988-02-29,1988-03-15T14:00:00Z,5a2c71283d7c07b3ee9b112331d48094d836924784648f830a275d70156497f4,1.0,reconstructed
1988-03-31,1988-04-15T14:00:00Z,d7921682917d209a8c3c27753a6ccf62a3a2ad8d52a06585dc8adf0adb5c386c,1.0,reconstructed
1988-04-29,1988-05-15T14:00:00Z,6354edc8372d428720efc4737fa8aca36572bc2d8ed38d598d03cb6a837949d4,1.0,reconstructed
1988-05-31,1988-06-15T14:00:00Z,02999ee888d5e7d6d2136606b5ca3eaa852da6bdcf1592ea8a196b6d4c7351de,1.0,reconstructed
1988-06-30,1988-07-15T14:00:00Z,7af1caf51116a762b14cac2584d97b086612f6971745242032fad8b02ef83f18,1.0,reconstructed
1988-07-29,1988-08-15T14:00:00Z,f3181694c2eb876ed7f063fed6baaea8552010c4ea48a715888754c19885b5c0,1.0,reconstructed
1988-08-31,1988-09-15T14:00:00Z,297483002aa3f5096c09e8699ad65d20b91cd70f2d6fbc5f57401f437ce9af18,1.0,reconstructed
1988-09-30,1988-10-15T14:00:00Z,8c1af91ed73cf614caf04f91f9e221e6c00226e44da219d56d3c50ef50b5cfce,1.0,reconstructed
1988-10-31,1988-11-15T14:00:00Z,eb6b2589f0957d5cc60c99d2b7961ff72ae9dfffb3227bda7c0b9d9c233f772c,1.0,reconstructed
1988-11-30,1988-12-15T14:00:00Z,beeac49340b9199daeca7fb1240860a4f0da0ea3a8b0ba8657400f2b642675f7,1.0,reconstructed
1988-12-30,1989-01-15T14:00:00Z,4e0c348f1c7d6810395a0b736a8bb169816c15a2a8587e6c6aab3d5a8104eea4,1.0,reconstructed
1989-01-31,1989-02-15T14:00:00Z,917b59229419f8c0ec69005f53157e9a983b9a719e8d3e1b8b4cf69c2a1707f0,1.0,reconstructed
1989-02-28,1989-03-15T14:00:00Z,d2c93b83c2a736eb9638f80ae5ca5f30bb9a80d2d7d16f8c690b41e31f94d156,1.0,reconstructed
1989-03-31,1989-04-15T14:00:00Z,7e6669a553c4a6a7e287f7ff1310e90bbfcb50f65fb3488e8d25e9bc05b8dd60,1.0,reconstructed
1989-04-28,1989-05-15T14:00:00Z,c170d338ffe4381be994671152b85f11ac1e07cc720c7ce392d307fca7d8baf8,1.0,reconstructed
1989-05-31,1989-06-15T14:00:00Z,aeac508902cec5a73781b0745162bbdbba38d2f4ac3f27e41cdf037844b5a88a,1.0,reconstructed
1989-06-30,1989-07-15T14:00:00Z,8f3abce775b97fdca39973fe58f9de71a947cae0a816c9e518bb12ab9ae2aa7b,1.0,reconstructed
1989-07-31,1989-08-15T14:00:00Z,4fe13cf7317666667009dde279261e5ffa931da2eeda52b42eb91c38508fa6fd,1.0,reconstructed
1989-08-31,1989-09-15T14:00:00Z,952b181b3c0bf30e5c31ba4542615ef6c5e505aca014de7193ce5c459a127079,1.0,reconstructed
1989-09-29,1989-10-15T14:00:00Z,7a5ffa33f98e74ccb2dff90d25ca4b630ff9d94b1dccf9d35de1d6a1aa17efa5,1.0,reconstructed
1989-10-31,1989-11-15T14:00:00Z,44270e41b7e4f6bd36a6c090550596b6e1bf794647cb875cd51132f4d2e9ae0b,1.0,reconstructed
1989-11-30,1989-12-15T14:00:00Z,b5f9f4491a0727b929605d7b35b587bb90f6e3cf878f183771648681e06e229e,1.0,reconstructed
1989-12-29,1990-01-15T14:00:00Z,0515aec6b90ab89edad0575672415ba72b1ae8d9f6244ff16a666f550281b435,1.0,reconstructed
1990-01-31,1990-02-15T14:00:00Z,76c3b62b3419b36366762eb09931983055ccf314ced54d783ee6ffe30af7f000,1.0,reconstructed
1990-02-28,1990-03-15T14:00:00Z,e8101ce6b4aeb0afbc20b5aa286406e3b6fc8d760b9aef62eac95c4db02de670,1.0,reconstructed
1990-03-30,1990-04-15T14:00:00Z,675de14b32b52cb13259d76f8ce67c6facb6e89d7426d9c15000ffc35f5f1c2a,1.0,reconstructed
1990-04-30,1990-05-15T14:00:00Z,9a41f8e9a8c7ff8a7feee0558f3b6316cc5037217659484f6ea4282f6ff5c96e,1.0,reconstructed
1990-05-31,1990-06-15T14:00:00Z,0491fd8bc0f40bab8508795761c6af648504d2aca5e235066cd3817b20d57802,1.0,reconstructed
1990-06-29,1990-07-15T14:00:00Z,98aac980cd5d0174c65b9f95f4f10cb60a4aede49f45ee1a96fd5d50d16d142d,1.0,reconstructed
1990-07-31,1990-08-15T14:00:00Z,6870923a4459ca5192b7fe91b50ec4be913f9680a22a46e3f5facce0479a0220,1.0,reconstructed
1990-08-31,1990-09-15T14:00:00Z,dc1db1a1f5ea21e141ec5bda8786117d76e77cc739f7a87aa2967b4275ade71f,1.0,reconstructed
1990-09-28,1990-10-15T14:00:00Z,e0286a095111da069bf306f6bb3331be78f4589f1a91ca23dcb97ec6b9f753c9,1.0,reconstructed
1990-10-31,1990-11-15T14:00:00Z,4e48fbfcd0deeb864e703206a362c431f826a8391e2e5ec707f40638031b8e3d,1.0,reconstructed
1990-11-30,1990-12-15T14:00:00Z,441d3f830d75573e35dd69ce23777bf0237f9e28410f108a452625c5c6fa86a6,1.0,reconstructed
1990-12-31,1991-01-15T14:00:00Z,6e4c8ff38c7bcccf3c87a32d6c53707d29ef30045104617323273ee199ef2772,1.0,reconstructed
1991-01-31,1991-02-15T14:00:00Z,6d319c0dfe7de16c527d6f1026648095633a3245b210a50df468de6d80ce4d85,1.0,reconstructed
1991-02-28,1991-03-15T14:00:00Z,3c2de2ff02decd6e4efbb0e8704ebadf8ad35f7ac9d7e2819d854db8ece96a05,1.0,reconstructed
1991-03-28,1991-04-15T14:00:00Z,26ad1a29100e03f80be71473c035985df0159a01e799e149aae6fb8518f934a3,1.0,reconstructed
1991-04-30,1991-05-15T14:00:00Z,2426621d666a47cb88f18b3f3f02d7065b54b7cf899c05d12aa93f9638f15abb,1.0,reconstructed
1991-05-31,1991-06-15T14:00:00Z,346cc94ab463fb0607fed3208d822ac68fb71a9f0bb22a534d4eed03e22437dd,1.0,reconstructed
1991-06-28,1991-07-15T14:00:00Z,b4dd4e51d5dd93007432e605e6c6fbb8551386a14c4b0165a045d39effab8c0f,1.0,reconstructed
1991-07-31,1991-08-15T14:00:00Z,086eec1d8a97009cde07ef398f2719aa1b1d12dd0ab08ba6e11e1403fd3615de,1.0,reconstructed
1991-08-30,1991-09-15T14:00:00Z,dbc756b79373cd21fe675c8bc1dc2256e94083648c1a11a2d9dfaec61d79fce6,1.0,reconstructed
1991-09-30,1991-10-15T14:00:00Z,2ee96576830f5f8fe642af1090772ce8591bb850afa3cc973fab475f1a09ee0c,1.0,reconstructed
1991-10-31,1991-11-15T14:00:00Z,8eb0526609689ecf6ed5a2a6575adad29319401dc74e6c58da011d9a084058e4,1.0,reconstructed
1991-11-29,1991-12-15T14:00:00Z,748c2496ea9bd44d02f96b482ed3b8ded6e703e892c3585b7cf72ab636146a49,1.0,reconstructed
1991-12-31,1992-01-15T14:00:00Z,c581a9689c1cb0c7df2359ab76fe865e7f36e881c7385d06fabc8716aaf40b32,1.0,reconstructed
1992-01-31,1992-02-15T14:00:00Z,28c5bac9b5f591974daccade4d0757756f17f7ae3aaf28d67b44359d84d8483c,1.0,reconstructed
1992-02-28,1992-03-15T14:00:00Z,e6ca58f1d727279e42e1f67a71ea935e8347be4c252388be928f7e17f2a034d9,1.0,reconstructed
1992-03-31,1992-04-15T14:00:00Z,06793c8d13dcaebb633b8d9e2008426b9c76c64b300fb479391219ee7cd2cbe6,1.0,reconstructed
1992-04-30,1992-05-15T14:00:00Z,5067a861d45cac1c5bb1c68de024313b582a49bc6635df2bee6d252c0445db4c,1.0,reconstructed
1992-05-29,1992-06-15T14:00:00Z,171fdf7237e0e638a40175e05b4ac0827149fd732b832ca80a6e9e48cec8d114,1.0,reconstructed
1992-06-30,1992-07-15T14:00:00Z,2d814a7fd1e74dc583818e02927f23184301d22c4d943cf1d9e28d7c7706c310,1.0,reconstructed
1992-07-31,1992-08-15T14:00:00Z,e978fd847994fce62d2ea488a800b06aef04cc6d52eaa8dc557dec68680cdd6e,1.0,reconstructed
1992-08-31,1992-09-15T14:00:00Z,b88cae9f12404cfdb12b1ae136f679313b88524456adfd8460875a36c440644f,1.0,reconstructed
1992-09-30,1992-10-15T14:00:00Z,49ca0ed3141970456387066257a2c7a335801342b2c72d6a5024fd65080987d7,1.0,reconstructed
1992-10-30,1992-11-15T14:00:00Z,4aaac8fcfa59e20b85776c3b5aa61eb91d6d6fc99adefab90e97705eec949293,1.0,reconstructed
1992-11-30,1992-12-15T14:00:00Z,5a53837f9b2c152291636b4ae7aecdae8077239eace3b99d50dfdfc9357938de,1.0,reconstructed
1992-12-31,1993-01-15T14:00:00Z,6d64bc630a621475865f139c02acc1904e791107607a0c14473d2a13d07daee2,1.0,reconstructed
1993-01-29,1993-02-15T14:00:00Z,59e751fc91396f042241e66be12db6ac0e9d6230fda7dc8288c13ca59c74c0d6,1.0,reconstructed
1993-02-26,1993-03-15T14:00:00Z,ef9baa440c1791e3e63dda0419fa3b29c4120f866d6f6cf4f7b07d9b5caa3261,1.0,reconstructed
1993-03-31,1993-04-15T14:00:00Z,b2f1c1f3eb7d602b3f7db69e7861009c2f88b79418fdf5109097e58ab1a1d12e,1.0,reconstructed
1993-04-30,1993-05-15T14:00:00Z,6738d4e6fc14f255d5e03d3cc2cedcdab99d00197564f4e0623a7ff031c77926,1.0,reconstructed
1993-05-28,1993-06-15T14:00:00Z,b54d3b016e872c071a8a53c278a9c66a44ccc2dcd9a999c99e5e808085ebab27,1.0,reconstructed
1993-06-30,1993-07-15T14:00:00Z,fab6b856203e7e0a38f44fd102bc22f3a0846198ca29c751b6c07f102c4daa1d,1.0,reconstructed
1993-07-30,1993-08-15T14:00:00Z,72998e2ab4476fdc98cf369481535ed5dd967e76352bc0e551990ea6d4285295,1.0,reconstructed
1993-08-31,1993-09-15T14:00:00Z,8c13e97888b5542feb6119dedc08ad6598cc26c50592ab1392a5641e6ca7064a,1.0,reconstructed
1993-09-30,1993-10-15T14:00:00Z,ede945aadb38b27af632ff0b8e3cdb227605dab4dd3b8e4227d2a3392c31c168,1.0,reconstructed
1993-10-29,1993-11-15T14:00:00Z,e29d3ad1f78cec76ab6842e947b88067ef8701db6e26ecf78c405e602783d75a,1.0,reconstructed
1993-11-30,1993-12-15T14:00:00Z,d4822d2d4b954200a1c212d0216b13501e5bc4eb8a95e162412a7acd20f414d1,1.0,reconstructed
1993-12-31,1994-01-15T14:00:00Z,5d84b221757f074679f0568c7ff87212b37b5328b2df79df4a5f1dcdadfebcc3,1.0,reconstructed
1994-01-31,1994-02-15T14:00:00Z,de9007dbd1c1092dfa8edc0b0e9083c23a0e0291b9a695e0d390d1dbefe1d9a9,1.0,reconstructed
1994-02-28,1994-03-15T14:00:00Z,d0c8f7068077c22a4fb03d7a5f9219ed2800e412152f24b39102f939372307f6,1.0,reconstructed
1994-03-31,1994-04-15T14:00:00Z,f9946583df75b3100361800cc91c3d3115b9fcae403fd5d5b960820f1669d81a,1.0,reconstructed
1994-04-29,1994-05-15T14:00:00Z,795e0812f487bd4dff277d6d82f93739aa48bcf98ac07a5289b4bbd54c2d3e99,1.0,reconstructed
1994-05-31,1994-06-15T14:00:00Z,c0e0f6e13431a8f10bf579c57f6395ee2bdf5b17b874b62b72a8dd06261d1ecc,1.0,reconstructed
1994-06-30,1994-07-15T14:00:00Z,58c425ed114d20ad97bbc1ad4dc1ebcf7e1dc788eb4b3567b08c429e14bb2747,1.0,reconstructed
1994-07-29,1994-08-15T14:00:00Z,1cc0a280a0df7d48a6126a71e9a3974c8cf374cd9e6fb9bda89d30b9d0972740,1.0,reconstructed
1994-08-31,1994-09-15T14:00:00Z,c2474f7ac945edef88f633ce42b86c57b92f53befe49ae6125e29a22b7712653,1.0,reconstructed
1994-09-30,1994-10-15T14:00:00Z,633c1e98ec9304cf0302f170278292ffac918be91ddfe607b28b5d2ad68aed9b,1.0,reconstructed
1994-10-31,1994-11-15T14:00:00Z,1cc423966a408101ec178cd5c574c2edf6ae032496e42c6bab00c02b36bb9665,1.0,reconstructed
1994-11-30,1994-12-15T14:00:00Z,ea56d5e08fbcbdf6b3b5504c31bff4dc7c54b778177f3da5d8214293147f2776,1.0,reconstructed
1994-12-30,1995-01-15T14:00:00Z,ac087dc0a8273676d0bca832739b8ac787475c579e3dc255f1325bd31678f442,1.0,reconstructed
1995-01-31,1995-02-15T14:00:00Z,1746c7fb59323976e454c48dbfdaadcfe2bc9a26361b312b7392166aa761e689,1.0,reconstructed
1995-02-28,1995-03-15T14:00:00Z,fcd92e517e96a945e684c84be9a0a20ec4f5049b736cc08c49bd3582fec3898c,1.0,reconstructed
1995-03-31,1995-04-15T14:00:00Z,1ca2e030a925f256d23d18323f7b4e72780b7d4fe6212b138d15515b5723352e,1.0,reconstructed
1995-04-28,1995-05-15T14:00:00Z,abc0e0a2ce15e70f975c012c410e488d596d7fd5eb0f26b00cf9edc8318e2a6c,1.0,reconstructed
1995-05-31,1995-06-15T14:00:00Z,d59f0ca2243afb9c486b1ced265b48a488fb43e8d8c858b03ba5a5dba44faef7,1.0,reconstructed
1995-06-30,1995-07-15T14:00:00Z,ac25de619ded3a2185783681711684167026dc577a7f51bf0b8e5b3953eeaafc,1.0,reconstructed
1995-07-31,1995-08-15T14:00:00Z,8a04ef81abc3df51e822fae486e7e80c7dffeb37f80a25f18df7060fcb4f41a1,1.0,reconstructed
1995-08-31,1995-09-15T14:00:00Z,2f76a30b1514759c481be560872397f1b580524e02d3615af027283c96ee27de,1.0,reconstructed
1995-09-29,1995-10-15T14:00:00Z,79ca86b9e03213232bbebc6778d8250e6af8fb9ab219df4ee4f5d1d8e0cbf4af,1.0,reconstructed
1995-10-31,1995-11-15T14:00:00Z,82f206e8d31fec59e9738dd99baedbddd9c30960564a73bdbee11d175bec8ec8,1.0,reconstructed
1995-11-30,1995-12-15T14:00:00Z,a7f47d47e1979da099df72a2f375ac5474d9e41a8620dc676c2ad7b5f6bc58de,1.0,reconstructed
1995-12-29,1996-01-15T14:00:00Z,1649bd2e2f14abefa409f113661f841670958215a67ed8ffc2130501c78cd793,1.0,reconstructed
1996-01-31,1996-02-15T14:00:00Z,f64f8245cbcafa1334efefa267fdf8ecf493a0406d10a5dc29b4076ffa02513f,1.0,reconstructed
1996-02-29,1996-03-15T14:00:00Z,4f759b355ed2495005d3d2031be4cfc2249b0bd102e0e2ae8b38b6153d98b27a,1.0,reconstructed
1996-03-29,1996-04-15T14:00:00Z,113f0a427d6e4a23570d751008f8f14168cbf5694de64ecb8cdf27f815eef286,1.0,reconstructed
1996-04-30,1996-05-15T14:00:00Z,e11fa428e800863aba630618e3f1ead9cbccb54dbf55715d16e2d9e65c055a75,1.0,reconstructed
1996-05-31,1996-06-15T14:00:00Z,64304917f979c19b3236cd41014c60dd765014ac1ffda94de042ac2d4499bcd8,1.0,reconstructed
1996-06-28,1996-07-15T14:00:00Z,c7c3a13b4126ef27f03ed77c614018eff02342f76002ed11254eee3d23a03448,1.0,reconstructed
1996-07-31,1996-08-15T14:00:00Z,04ca372703c44b7d38ce9ca228d0d2db9ea70278f340fcbbc0de22cff0a6de2f,1.0,reconstructed
1996-08-30,1996-09-15T14:00:00Z,50edad9ee08068ed8f265f41d8e188eeb89bad0efd8df6147fecc2a53b46711b,1.0,reconstructed
1996-09-30,1996-10-15T14:00:00Z,27044b8220b06a9f5554593480ccecfe48893471962345d00ab1cff09628e553,1.0,reconstructed
1996-10-31,1996-11-15T14:00:00Z,dbeedd1b0888e62cad2e62d12c654986b7996a42f3af76c94c81b13a6d26a574,1.0,reconstructed
1996-11-29,1996-12-15T14:00:00Z,1035b35e6809832379304f27ded4b11cc1a6e142352b6d0f28388afa3724946f,1.0,reconstructed
1996-12-31,1997-01-15T14:00:00Z,84d22c6ad84ac586ad494aceff96cf5d2e842f51bd625a14f7ab783184b4f909,1.0,reconstructed
1997-01-31,1997-02-15T14:00:00Z,4e5a302b2d0da8ad1091075b007cd1d453d8a581f24b18543062290de8b7cc88,1.0,reconstructed
1997-02-28,1997-03-15T14:00:00Z,2a7ebe3aa1c9623c6fb1a17c05ce8c9cbe0bb8ba9489675305c45e1b1890b6f8,1.0,reconstructed
1997-03-31,1997-04-15T14:00:00Z,6d5c94313fb1ece086f7b74a63771f3dd0d35860ecb6ed1297796702e9488f35,1.0,reconstructed
1997-04-30,1997-05-15T14:00:00Z,3652145499f466cff2991095ec3aa1530688ab4d844d109719804cab1a1a77c4,1.0,reconstructed
1997-05-30,1997-06-15T14:00:00Z,b45619782603cd6b1d4f9e509abf41ec2794722057dd65d9ece60a0135134139,1.0,reconstructed
1997-06-30,1997-07-15T14:00:00Z,3796db5693b5b46a4342c43e2dce7d14825c71c26cf402e93b62cb8f1dffd602,1.0,reconstructed
1997-07-31,1997-08-15T14:00:00Z,7b2b7ef6e3a6639fb8066fd150e367ea792dd7a8e69d4debe07ff67feb523db7,1.0,reconstructed
1997-08-29,1997-09-15T14:00:00Z,a46846dde4baa7ab9b2498e16a1bee8d9e995b35df9b10b2e2e1e123a4f7d444,1.0,reconstructed
1997-09-30,1997-10-15T14:00:00Z,bdc1e54beb2cfe5b5b69db1d01b62d02c25744f90b09f721594811acca44e2e0,1.0,reconstructed
1997-10-31,1997-11-15T14:00:00Z,6b7277aedad0a85084bf1b1baa06d8e74d82ce003ce293400ad98794db0671d1,1.0,reconstructed
1997-11-28,1997-12-15T14:00:00Z,a9460f15efdc4b22b8789f85e58e086bfc25846c5fc17bc3edcd5a936bc7bde5,1.0,reconstructed
1997-12-31,1998-01-15T14:00:00Z,5dd67a8ebe3400b458dab8d92856962aade8e45b1ffb0ebb966d68ffbf83d55b,1.0,reconstructed
1998-01-30,1998-02-15T14:00:00Z,80a44b6ab5dd0e4be0eb28b5b9a301672af68f83a127fbc057b91b7011c020b0,1.0,reconstructed
1998-02-27,1998-03-15T14:00:00Z,d94542ba73430ff1f5f495842e3b40069acd241918a1ef4abf58e3dadb070ed7,1.0,reconstructed
1998-03-31,1998-04-15T14:00:00Z,100d300ab11e398d913d01223fd1e26c168ca4e93d1dc25afab9a53aa31a3af2,1.0,reconstructed
1998-04-30,1998-05-15T14:00:00Z,dc426a12e8f6dec40726a17b427185487455b6f5ca6b26846d634c597c23eb1a,1.0,reconstructed
1998-05-29,1998-06-15T14:00:00Z,bf39c6c23f0b088793243d0ee51d211dff8435681f79d990320b6fae34115d4f,1.0,reconstructed
1998-06-30,1998-07-15T14:00:00Z,7bc503a3480ac3a61260f0d9ab352fcafc33a52ee6b6a7687bf4ae05ac7f868c,1.0,reconstructed
1998-07-31,1998-08-15T14:00:00Z,b719f5f2503fd410c9bc2ba996a0a31059174cc272f56ca8e627f39e85285093,1.0,reconstructed
1998-08-31,1998-09-15T14:00:00Z,8f050673ea687445d44e72469b3f8da80ed02566556735eeb77f3dd05b40e476,1.0,reconstructed
1998-09-30,1998-10-15T14:00:00Z,e7b37ad477dafce41570b268dbb49defc2944994b985d10eba76c9fbafe6997d,1.0,reconstructed
1998-10-30,1998-11-15T14:00:00Z,9baa4aa0e1b5872aa2fb6ef6948b409f017c3bb717eaf12a99eb1207fcc955f9,1.0,reconstructed
1998-11-30,1998-12-15T14:00:00Z,7d17d09f695817d4a65cd435043038756376e2c05803727fe3d69b7eec8a0a37,1.0,reconstructed
1998-12-31,1999-01-15T14:00:00Z,b313c7770b808f7ec33bcb50818852aa0eaff710fed004ef95270e5e48aaf7f7,1.0,reconstructed
1999-01-29,1999-02-15T14:00:00Z,3d4edd58b37f15951b65c7b5e2c052446e840f9363ddf859e40209ee4010b96e,1.0,reconstructed
1999-02-26,1999-03-15T14:00:00Z,e76eaa5350b12f7de06afa58eff2a92e466da74bbbf03d0fb20932e9bdfd84a5,1.0,reconstructed
1999-03-31,1999-04-15T14:00:00Z,c40d7c87c62e7bbe76d90eeaed9e8dcb851c6b674f836c0b871d3e0a6cb9ecf2,1.0,reconstructed
1999-04-30,1999-05-15T14:00:00Z,3bfa0cd0e14694e73d5c1b5e6fc3ac288d07b9eb793d1f2fa28cd8f8040d14ef,1.0,reconstructed
1999-05-28,1999-06-15T14:00:00Z,52a5ab434f2a4a20f2366e5e6f00072f17c32cb2a9cd2dc67f60f58fd02e4da7,1.0,reconstructed
1999-06-30,1999-07-15T14:00:00Z,005303cd40d7b8d06141c78771e4881c710a5d4f912ae82b257768569d0a0fb2,1.0,reconstructed
1999-07-30,1999-08-15T14:00:00Z,5af870406d9a67513a4f4f8ebe9f51da85f93f46bbae73b0d22cd3feec22f639,1.0,reconstructed
1999-08-31,1999-09-15T14:00:00Z,babd1509b362ff39ae1a173cef82816be85b9e239b65542e20880ffd8aaad7f9,1.0,reconstructed
1999-09-30,1999-10-15T14:00:00Z,103c7e9eb217232035d003e81a4bded8b8846023ccef5bec299ea541062c2ea9,1.0,reconstructed
1999-10-29,1999-11-15T14:00:00Z,256e587a8c3ab6b83f34305023d6aaa480891772c262204c1169b435cd9eb1b3,1.0,reconstructed
1999-11-30,1999-12-15T14:00:00Z,703f0f01f5c2ceb832eb5f43f8e14655d7a0b4e15c1caf7aec43ba3528c0928b,1.0,reconstructed
1999-12-31,2000-01-15T14:00:00Z,572c2ef1373ae794fbe14b1962460550e74c32bea5675ae64c9cf52ed3ae3ff5,1.0,reconstructed
2000-01-31,2000-02-15T14:00:00Z,447eede36c67151108b78ca19e5035694334d140d21b13c619dcc14dd62ed21b,1.0,reconstructed
2000-02-29,2000-03-15T14:00:00Z,3f655f111784ecc9084c5200bda785f531c8d16cd5b11f4dd8c702f898cab79c,1.0,reconstructed
2000-03-31,2000-04-15T14:00:00Z,a323d7beff90ebad59260cc75f6b1012553016ef97dff43ab1ace72baeacd3b6,1.0,reconstructed
2000-04-28,2000-05-15T14:00:00Z,afdc563b69947b8edeaa5488964a8ce30d9527253f8b31b26eaad6eae4be22e7,1.0,reconstructed
2000-05-31,2000-06-15T14:00:00Z,f3eb1742f904f5d57d2abcf61d891755d7cac7de1cf3a04a4b706a737ead3b15,1.0,reconstructed
2000-06-30,2000-07-15T14:00:00Z,798a98750b6063dc7d1dae76a8a295a90fdd76b0e62e8b4c59e969d513f4cf50,1.0,reconstructed
2000-07-31,2000-08-15T14:00:00Z,58567a5460d401f033eb77157cfb1d9eb52f70732e7e69cdb8623b0cbe8cd056,1.0,reconstructed
2000-08-31,2000-09-15T14:00:00Z,1684dcc63926551c9f9334491eedbe9a342ec90a149618e98b36bd9c41ec7ce8,1.0,reconstructed
2000-09-29,2000-10-15T14:00:00Z,6923d3ad4f660b96848f7f5d0d5afec323aa3da0e266f97d16d996d06d1d35db,1.0,reconstructed
2000-10-31,2000-11-15T14:00:00Z,5fe2862d5c0ebffdb4757f308f4fb42f979e5633868bc61c8e1ed3c71d85e830,1.0,reconstructed
2000-11-30,2000-12-15T14:00:00Z,3c8338ae31172749b39a6a5323df410eb8b44fc834b798ef0e686c5fe67a12f7,1.0,reconstructed
2000-12-29,2001-01-15T14:00:00Z,94828acfd881b884a1652014ef924ebfd222a4f77943389c2b4fbf32e5b2cf1b,1.0,reconstructed
2001-01-31,2001-02-15T14:00:00Z,45c63ff4a9bfa829efb9f9e96a3547d9dfad6f8385ce5e5122508e02d131c94b,1.0,reconstructed
2001-02-28,2001-03-15T14:00:00Z,28b3e13fcd630a220addb1f1550fbe6ba2a63f16e4571ef9c2a7243350fb811c,1.0,reconstructed
2001-03-30,2001-04-15T14:00:00Z,935b47bb211b13cf0ee2e40df0cb90d8da421a3849f5736829d9905f8c09a661,1.0,reconstructed
2001-04-30,2001-05-15T14:00:00Z,19b43721056e496e5ca4b474ad99049659ac618ee812622f8f34f361b40f2c8a,1.0,reconstructed
2001-05-31,2001-06-15T14:00:00Z,5db7346d34ea793466914489552c8fb36723361ef21358a6bdeaa8df8511b1a3,1.0,reconstructed
2001-06-29,2001-07-15T14:00:00Z,3121006d0d839e4162d672a9f754a0b1573af5f20667e6acd1cbdc073bee777b,1.0,reconstructed
2001-07-31,2001-08-15T14:00:00Z,53563004db0663818ef397257d1756b875d12f05395e27a7c8731dc0c6921caf,1.0,reconstructed
2001-08-31,2001-09-15T14:00:00Z,dcf9ecab4a7942a1cd4413d0e86ab48cb845d90bc31f6a2d45ee9df74f5a76bf,1.0,reconstructed
2001-09-28,2001-10-15T14:00:00Z,06cd2a2d50461418b8da7ada947acf955e9f03cfa73cf2c8e1d8b3cd62847197,1.0,reconstructed
2001-10-31,2001-11-15T14:00:00Z,69efb83b444162a505dd131ed8a65f1bebddd7cccef8f667cd8cf155b58a0d10,1.0,reconstructed
2001-11-30,2001-12-15T14:00:00Z,3f967d777a166842d1320a28916b05715bc03b9561f1e452b56e42eb905cc18a,1.0,reconstructed
2001-12-31,2002-01-15T14:00:00Z,66570e0af9b271b96d4f2578c948bcaf34790b3d24bc48555591b669b875bb70,1.0,reconstructed
2002-01-31,2002-02-15T14:00:00Z,8742e5806e0d846c252b44273010d3b67c8ad43e6a9abce9a6396f1f99ea29c6,1.0,reconstructed
2002-02-28,2002-03-15T14:00:00Z,cf4b37f9d03ef306dd879ea25ba4a46300079f3471c8cb593a6364b2f1875e3a,1.0,reconstructed
2002-03-28,2002-04-15T14:00:00Z,bb24c6f2e31fd17c97bb62f26ccc359b3ce5750c29f0de1f60c364e22c80aced,1.0,reconstructed
2002-04-30,2002-05-15T14:00:00Z,51ab843b76bd479ae9718ae2273496db14826b8b278374347e2c8c6934fdd338,1.0,reconstructed
2002-05-31,2002-06-15T14:00:00Z,f5f1781e6058df3a81606105821171af453a4c80f3d52fe6011647a577b0e8ec,1.0,reconstructed
2002-06-28,2002-07-15T14:00:00Z,00512f0cb384fdced3800f701fc109e52aaad5c97330d8c1a72c2c10eb30d720,1.0,reconstructed
2002-07-31,2002-08-15T14:00:00Z,b5256d772912989f920877ebd117d3929749e3461714feba6979aafebb6dee4a,1.0,reconstructed
2002-08-30,2002-09-15T14:00:00Z,7d5a6e82fa8eb06188108dd9f7b7a55b6a559e4caf33b89f125ddb9d41c5f66d,1.0,reconstructed
2002-09-30,2002-10-15T14:00:00Z,86f6496b06bf78a29e0896cb68eb68752e07c09f11dd7313bc935fbdbb13f246,1.0,reconstructed
2002-10-31,2002-11-15T14:00:00Z,205358db5ccea21b353ec382338cf97ee3e75a11642f7b4ee47e4bdf68606ff1,1.0,reconstructed
2002-11-29,2002-12-15T14:00:00Z,0168a9bf6018650f9d168343a716d95d1f1854b1d8d5fa133b8b1d7ee1ea310a,1.0,reconstructed
2002-12-31,2003-01-15T14:00:00Z,257865e39c156083b8a53876e4899d289be62367b85fbdecde40310aa197ea26,1.0,reconstructed
2003-01-31,2003-02-15T14:00:00Z,040274b0da3bd5c9fcb2f7e7a05f6fde008a121ab605639dbd53206fbfac7200,1.0,reconstructed
2003-02-28,2003-03-15T14:00:00Z,f854c55ea8a0b5eabc1b975e0adf4174eb30fe2d5ddbb695497db43f1e531db5,1.0,reconstructed
2003-03-31,2003-04-15T14:00:00Z,ec3b05f00ff41b55276498140c64e5494b98dcc9904287f107ed5d55e514935d,1.0,reconstructed
2003-04-30,2003-05-15T14:00:00Z,b4cdb14f8e6aeafaade2edceab25daff9180971db0c45b52769aca3b4e270a85,1.0,reconstructed
2003-05-30,2003-06-15T14:00:00Z,2c3c803a39eacb46326c56af53afc92351ad85bce47f050d670c4e5e4d97ea7e,1.0,reconstructed
2003-06-30,2003-07-15T14:00:00Z,21e3227ee624f873ea8f7d7759c32fa740debef1a4056fbe2ae4a06e3b3c33fb,1.0,reconstructed
2003-07-31,2003-08-15T14:00:00Z,d731836cc79c3745982757afbbcb201641902509409c540c3cceb2ef485fafd3,1.0,reconstructed
2003-08-29,2003-09-15T14:00:00Z,c6f108e92b73145cbb66c16aa5e2e2fff4937c1ff22d794261b51a01d08193c1,1.0,reconstructed
2003-09-30,2003-10-15T14:00:00Z,69f5d96ad1330ce52a0e2fe1b42cde455cc0481215b50eb8cc8de432fb79ca69,1.0,reconstructed
2003-10-31,2003-11-15T14:00:00Z,3eb28380389bf426535d8944622bb49349fe4f0e4afc961f67b444062592d847,1.0,reconstructed
2003-11-28,2003-12-15T14:00:00Z,0f5cd23e82743af6be251ccf11896598cef140f8f64c2a4c7476ff80496defe8,1.0,reconstructed
2003-12-31,2004-01-15T14:00:00Z,cd7b8fcf53f085339c3a904997f43cf3d399df6f7fc33a2dcf5943a15298e217,1.0,reconstructed
2004-01-30,2004-02-15T14:00:00Z,1b79184213333d13cf6de534b615a6da1ace11d7ed76ce9cd50ea7ab279284e2,1.0,reconstructed
2004-02-27,2004-03-15T14:00:00Z,9385621af0739c920edbf4cedef2788e1e07a55ba112f7ad3dea80820af12c56,1.0,reconstructed
2004-03-31,2004-04-15T14:00:00Z,0ce7035f99542cfac0463c59a57b7bf3ef469e01f5aa23fd6f9624f8d005e5b0,1.0,reconstructed
2004-04-30,2004-05-15T14:00:00Z,dcddb1a8bae72a94f0df8371a4edf171fd2cc61732d4033fa31b91847f667139,1.0,reconstructed
2004-05-28,2004-06-15T14:00:00Z,df6bddbfdc3e4e72bad4a2d8d883f3b9055c0e692ec146168164c8d68c4d8806,1.0,reconstructed
2004-06-30,2004-07-15T14:00:00Z,b84a22a6274fe395c40b86d88365186f844fd3101268068ab96ab8f068490036,1.0,reconstructed
2004-07-30,2004-08-15T14:00:00Z,54cf6addd161173be73cd029a55b80f50cc5e57fda57ab9a6d63893a1f59a3c6,1.0,reconstructed
2004-08-31,2004-09-15T14:00:00Z,0cbcf2f7ceb9cffdaa5be230e5b32f67ffd0d07017c05e40593ca5710adea18b,1.0,reconstructed
2004-09-30,2004-10-15T14:00:00Z,06c1a091f18876fceccf9011519ddbc514d975f3d38c0ee14f1ed64bcfce5892,1.0,reconstructed
2004-10-29,2004-11-15T14:00:00Z,e9cc534ec9a5676601e217d5cea68455f6506b00bbaa6b0619c0448641813b29,1.0,reconstructed
2004-11-30,2004-12-15T14:00:00Z,4bbe54c1b27abf2cfb8e40e3461e911df055b1b49dc73a71afc51b7c6320ecc0,1.0,reconstructed
2004-12-31,2005-01-15T14:00:00Z,5fcb42614ac6c62de1e47d72b10ce6a76e6ea83ba02be988f22cbca8d34f62ca,1.0,reconstructed
2005-01-31,2005-02-15T14:00:00Z,6c2ba49bffcfcdc9bd2dfe93550956d58dec57bfee48f3eb7fecd5df535be0e8,1.0,reconstructed
2005-02-28,2005-03-15T14:00:00Z,fcc5d7fef3431948d0fda7cbf16d81ebcb334c2149ee0095b795974da0c3f604,1.0,reconstructed
2005-03-31,2005-04-15T14:00:00Z,f67486416cd5319e0f0b6d408581579cb9f7077e94fef3ddb1655ccb7345e5e1,1.0,reconstructed
2005-04-29,2005-05-15T14:00:00Z,0ba575ba955a9387716aa6fe8b71fd22375e5e3f764b337fce054dd6593b1684,1.0,reconstructed
2005-05-31,2005-06-15T14:00:00Z,28a9626f264cece2da574949eb137ebf95f107f0d4a7d80aab34ecb6f2aff06e,1.0,reconstructed
2005-06-30,2005-07-15T14:00:00Z,6ad1dbfe7598121bd23173fa792d409f7f95a5d3fef6e757f5ca63f1a5b407fd,1.0,reconstructed
2005-07-29,2005-08-15T14:00:00Z,bc55422f07d6afaa5c4a3217a1192e3574de9552e5c2a950e374b2dfeb7abee5,1.0,reconstructed
2005-08-31,2005-09-15T14:00:00Z,e5908b0843e140698896a8158b2dd7ab29a65332d6d6491e5e14a6ca6a927c5c,1.0,reconstructed
2005-09-30,2005-10-15T14:00:00Z,0a1f53fa3206c95ab180689326ae9140c277ea63f10e73294b49e7234cbc4c74,1.0,reconstructed
2005-10-31,2005-11-15T14:00:00Z,106aa42cc7d5c754cdc744bdbbfb1e9a63c6c98e7572fd85635954c449476273,1.0,reconstructed
2005-11-30,2005-12-15T14:00:00Z,d0b7750c1db164cabb3ac4a4e21f7789d50a66153c6ed4eef0aae80d0ce38f18,1.0,reconstructed
2005-12-30,2006-01-15T14:00:00Z,5f22c85e9088612aaec95201632a0276f05349f3d144e28450a45058034e78b9,1.0,reconstructed
2006-01-31,2006-02-15T14:00:00Z,9238178d83c35dffe33caea5ed1e9b3e2c0af9e5e03d67c43b1aa647e7d97d24,1.0,reconstructed
2006-02-28,2006-03-15T14:00:00Z,2afedd07f6b70bb28c891bfcf965062bdfd6f6a1606217a0d99d15ce06a65567,1.0,reconstructed
2006-03-31,2006-04-15T14:00:00Z,ce6ddf304f4d0c1c60002fba2fc45486fbdf1ba99ff84284325464d995ff64ff,1.0,reconstructed
2006-04-28,2006-05-15T14:00:00Z,4f3ea9d2032ac067e7451916544184336d86c3592b288f7327d966f7a0de9d3e,1.0,reconstructed
2006-05-31,2006-06-15T14:00:00Z,c522026a1f4a71302d8f63f171731f9a0bb359c926934b229a1d36c9655b6e30,1.0,reconstructed
2006-06-30,2006-07-15T14:00:00Z,68eb0b3553ff446000f83acdfccff0068d805823b1792fce9ba762a36cc0fb68,1.0,reconstructed
2006-07-31,2006-08-15T14:00:00Z,616d406522c3502ed6410ac11554220924dc0b50a11a99bcd5ea78481ae22050,1.0,reconstructed
2006-08-31,2006-09-15T14:00:00Z,70852c1b6b71cd86c6961b710cef7c419d80e907da47e3fdaba5128eb6467827,1.0,reconstructed
2006-09-29,2006-10-15T14:00:00Z,d5247df2e01937cabe2e20faeb9ac6b3a9b7a2b9a206fd16be712aece5bb0dc3,1.0,reconstructed
2006-10-31,2006-11-15T14:00:00Z,f67369249fd66586a2098d6dbe0cd8123e4d5739e5607dd43b5a1be02d5211b0,1.0,reconstructed
2006-11-30,2006-12-15T14:00:00Z,2ecba3dd2c6ce6f388c8349c3f1484459ede01a699d3ed62e8edcab8d00b4afc,1.0,reconstructed
2006-12-29,2007-01-15T14:00:00Z,7fe71bfe519dbd50056cc49950630a23c6abbd045a7b30c377de0ca43f2a83e8,1.0,reconstructed
2007-01-31,2007-02-15T14:00:00Z,fc7e8b9457db3c17096f3c3eb2ec5f4cf3185953145862e2d1b18d1e23c82c70,1.0,reconstructed
2007-02-28,2007-03-15T14:00:00Z,824150cacb333cab13ccedbae1af0b7d687f5e571a3447e70f1f981d2cd57388,1.0,reconstructed
2007-03-30,2007-04-15T14:00:00Z,c91ca4e2c5263209b396e3af84ac7e0282a834a1de011b5bfb9d2596ba9ab39d,1.0,reconstructed
2007-04-30,2007-05-15T14:00:00Z,5ae80c0800f0ffa0ecea47fb751be703becacb1901292f0de4d1aa99130fb7bb,1.0,reconstructed
2007-05-31,2007-06-15T14:00:00Z,cbc09ff04c1e91eb51f379e9ccbaa5613c2907a4253afe79aa4d33fb73300a67,1.0,reconstructed
2007-06-29,2007-07-15T14:00:00Z,51ec1672586ee6f81cc445e76ddba954fab2711e59e496f9fd4027ee3b74323a,1.0,reconstructed
2007-07-31,2007-08-15T14:00:00Z,6f7adc729d9c86d92203820d791fc620d7d8c431b0884ba3360f8e51e8fb1e11,1.0,reconstructed
2007-08-31,2007-09-15T14:00:00Z,0998edeba1ce5a04799bb91cb06cfc5301e4b6a5ee62d014448df5e1dae8fa08,1.0,reconstructed
2007-09-28,2007-10-15T14:00:00Z,2fbdbd3faea537981882012cf886d149fc923e99d7b526b992404bc9f11ed2c5,1.0,reconstructed
2007-10-31,2007-11-15T14:00:00Z,d3fb1c4b9489f2cbd8bbea0a49c7812d66dc0f97f5fea052550f3acc1049cc4a,1.0,reconstructed
2007-11-30,2007-12-15T14:00:00Z,f09ec72c269fc93870d334e18b42fc0215e5dc409179aba5753ff0f926e6b523,1.0,reconstructed
2007-12-31,2008-01-15T14:00:00Z,db4dd7e887f8c3dc3cdd4d0ca4405a6b4ddebd6349d2f3dd750554ad67a99b38,1.0,reconstructed
2008-01-31,2008-02-15T14:00:00Z,ad2dbed55aa9eab58a26a3f9524543d699e4ea4acd233416d001ef720629e202,1.0,reconstructed
2008-02-29,2008-03-15T14:00:00Z,8bcc8c24cbaae4b0964725dc7e9e98506d2447fdc8085acbaeb9825b578f0122,1.0,reconstructed
2008-03-31,2008-04-15T14:00:00Z,400da38b89c68c1ca9ee63d38dcc06057743db7d10a86d4a40e73b845aeaa001,1.0,reconstructed
2008-04-30,2008-05-15T14:00:00Z,4db95ee6d3a6c73fcacce1354940172b0ebcce6591498562a92bfa0ec65dd000,1.0,reconstructed
2008-05-30,2008-06-15T14:00:00Z,1d5d8cfdb58a717987a3697ed97a14d3ad2e181cfe77731cb514c51d3d529a75,1.0,reconstructed
2008-06-30,2008-07-15T14:00:00Z,33683f7e20dced2feaf1b9b77423442202c3146802df7590aa32df705ffd0f2f,1.0,reconstructed
2008-07-31,2008-08-15T14:00:00Z,423824c0d059f2137c6f3e730ee61f63702a48b1264926d8a48caacd98e4ceb7,1.0,reconstructed
2008-08-29,2008-09-15T14:00:00Z,63b154d7658e7150d2e37eff9461a6c2fba77a2c03413058a515dbde648b5cbc,1.0,reconstructed
2008-09-30,2008-10-15T14:00:00Z,e1f191f56374f382b113a9f2efdffe498fd4a96d40c9f7fc550ac5c0c6e192d9,1.0,reconstructed
2008-10-31,2008-11-15T14:00:00Z,c4da796e69266c8d4ad3f1e642fb6625d136710db6385a4ec2f4911cc36444d1,1.0,reconstructed
2008-11-28,2008-12-15T14:00:00Z,0f7f098fdd575bf62945309671e1f544131f5543a88cf3399f80afc01f8613f8,1.0,reconstructed
2008-12-31,2009-01-15T14:00:00Z,d620f09c35d0a79096c10f21f17d063d7d4f6f9325987f0d4960c4433471fa05,1.0,reconstructed
2009-01-30,2009-02-15T14:00:00Z,c0c3cc6dbd9ff127429b71744ae6bac82f86358bc83e3fa196ddb9600e710b8d,1.0,reconstructed
2009-02-27,2009-03-15T14:00:00Z,057d30d6eacd727780f359d2bdf74848b4c94233826e73afbc8d82110908a8e9,1.0,reconstructed
2009-03-31,2009-04-15T14:00:00Z,31aebac6c1ff24d17a1f9561e36298bcec38678bc9b995dafc166204ea8f7e37,1.0,reconstructed
2009-04-30,2009-05-15T14:00:00Z,270a3a714113bc14996b7ff0de2af0f3f176eba074de9cb0e9c70270cb8c1864,1.0,reconstructed
2009-05-29,2009-06-15T14:00:00Z,e3eb027a0e150e368293ef2106e59163cd42c4a3cc476718fe78583bf0daf115,1.0,reconstructed
2009-06-30,2009-07-15T14:00:00Z,cfa4441ecf2a08ac54f922503aa19d2598cc5136ba0d1d57f56733b7ae32dd2b,1.0,reconstructed
2009-07-31,2009-08-15T14:00:00Z,585e5a60edf19b5482ef6d3dde9f9e03698dde9248fadabd4ac23773b844edbe,1.0,reconstructed
2009-08-31,2009-09-15T14:00:00Z,91953315415201ab16ee7efc55c1ebbd54d21a9130b6e48c63e5a0db77803866,1.0,reconstructed
2009-09-30,2009-10-15T14:00:00Z,0831dcbc7d78b3bb123cdb212234a9d8ead1af588d09a9a5757ba3f8cb262a20,1.0,reconstructed
2009-10-30,2009-11-15T14:00:00Z,bfdacc32669d659763136530a940723352c82420400d9f6557bb492c652ab4c2,1.0,reconstructed
2009-11-30,2009-12-15T14:00:00Z,9d7a9c0afcd5081afd81e5736d5722baadea319981b75b0d8494e6592619ac76,1.0,reconstructed
2009-12-31,2010-01-15T14:00:00Z,a2786dcb2ffad0e59a789f3a85e78d5429d50e5e648f1d7120e9c4653c3a1ad1,1.0,reconstructed
2010-01-29,2010-02-15T14:00:00Z,c0db6a080d698dcab12787d36f4e28a68eee976b7242d5313f5d9170448db051,1.0,reconstructed
2010-02-26,2010-03-15T14:00:00Z,840da609a7bec0e9f5cb59488b17938e204efa865ad73af97695113ad7e71c95,1.0,reconstructed
2010-03-31,2010-04-15T14:00:00Z,c5e5fa9817a07be54b6eb3da155c5f82b5e5f1545c09a09fd9280183b619d158,1.0,reconstructed
2010-04-30,2010-05-15T14:00:00Z,6a0529e73a5a1f5334a4eecc110f73d224c1d33a17f650dece6246d546842e32,1.0,reconstructed
2010-05-28,2010-06-15T14:00:00Z,4852233040316b84271615adc0bcb91bf2ade824374aa96f12e6b63f82079c80,1.0,reconstructed
2010-06-30,2010-07-15T14:00:00Z,3a8909e98615501d0dec21908a14e477e6ce38aab98943672e936210213aac15,1.0,reconstructed
2010-07-30,2010-08-15T14:00:00Z,0f2b540a87c79d6229b2292924c417ffb9057e03c4ebdf7be56d2841886da8fe,1.0,reconstructed
2010-08-31,2010-09-15T14:00:00Z,dcffa8f4ddcf17d55a10869e8f9f6b31547472cf477729d1ac7559813380806a,1.0,reconstructed
2010-09-30,2010-10-15T14:00:00Z,f92fc8ddecca3612580e3c08bbf3bd869b20754d06a620ef5053ffc925165f09,1.0,reconstructed
2010-10-29,2010-11-15T14:00:00Z,3bb3f5173424cbf138e7c39863e0f390959f409ee01ee8a417a27431adccb1c3,1.0,reconstructed
2010-11-30,2010-12-15T14:00:00Z,1aa27ec8e77e399fddab568b203db0879987903985137974405ea8c60824b466,1.0,reconstructed
2010-12-31,2011-01-15T14:00:00Z,16e304bb918532cf3aea4761073a71ce15b0a46e20721e873b59fde604fbde9b,1.0,reconstructed
2011-01-31,2011-02-15T14:00:00Z,1b1df3c846c45ce6c9a3d71fa1ee5c90b357374db2b2b1d514181f818e22b868,1.0,reconstructed
2011-02-28,2011-03-15T14:00:00Z,00730050d88b7284076d979ad3d0cce219c66799bd598c2dc0c2bfa2bb23106c,1.0,reconstructed
2011-03-31,2011-04-15T14:00:00Z,ce5c9c92ceedbb2261f8c825627f34b109a65309637b3642ea034c19f994309b,1.0,reconstructed
2011-04-29,2011-05-15T14:00:00Z,0cb5f2ac6906f697a094fbae885dbad9f59f884b2c016ad0ab370ebeb29940e3,1.0,reconstructed
2011-05-31,2011-06-15T14:00:00Z,e2346a94a33535aead8fb5da4b42c64c553b27c0d73d9733fedb08c559978096,1.0,reconstructed
2011-06-30,2011-07-15T14:00:00Z,abdc540bb91b803c64df61b697cc18b47ec9083d3773bc78de2b24f5639dcbe6,1.0,reconstructed
2011-07-29,2011-08-15T14:00:00Z,6db48ffe9670c57c764049472b777114295b3234bb28631948f6fb63ed7f225a,1.0,reconstructed
2011-08-31,2011-09-15T14:00:00Z,f6dfbc80a2eb6be3dd489fe25ee8cd1753063b35cae0a48c2758ce6074e3cf03,1.0,reconstructed
2011-09-30,2011-10-15T14:00:00Z,2b061886e59584739f59fa8a1f887f9b271f7c38f1577d89db5bd7e7b6d57baf,1.0,reconstructed
2011-10-31,2011-11-15T14:00:00Z,e96efdd9172865923ab3978f37cc3d8f1aa7878146b8a681968c27c935160ad2,1.0,reconstructed
2011-11-30,2011-12-15T14:00:00Z,09ab28f67d266b162e94b424126757300b7ec8e50df9466a77be9c2364f1622e,1.0,reconstructed
2011-12-30,2012-01-15T14:00:00Z,1929244e18c9364d74581880c4377087f1a137755268067219ac8d34f8b95538,1.0,reconstructed
2012-01-31,2012-02-15T14:00:00Z,b12e7d803108817497ed0332baedb0b12e645d48a540f60c6da18d841d0df28e,1.0,reconstructed
2012-02-29,2012-03-15T14:00:00Z,64e5d53d84bb20fe1dba15b560588eb967a225060d0b093b75ce53eba0df7649,1.0,reconstructed
2012-03-30,2012-04-15T14:00:00Z,f4cebe009606eaeb66426fa5e2dd184082a0c530ee383046a172b72a5a065fb6,1.0,reconstructed
2012-04-30,2012-05-15T14:00:00Z,ed422adc20539dfbd695042be4442e74de897922ae11cfa33d2fff2053213a44,1.0,reconstructed
2012-05-31,2012-06-15T14:00:00Z,1c9f9a3d08820af204592d22fdfc8d5ea6182e297ad352c6e1325a704343ec1e,1.0,reconstructed
2012-06-29,2012-07-15T14:00:00Z,4b144ee9c7364c99649144c7cc8d2467d95c398ca7db8fe961ef6008ecd66f5e,1.0,reconstructed
2012-07-31,2012-08-15T14:00:00Z,6607fe7054cd64341df6015699027ddb2e55b6f800732f3c068e1c7ac5fef3c5,1.0,reconstructed
2012-08-31,2012-09-15T14:00:00Z,e1b32e6e00e71f749b6938e1901535beb7e70f5b64a9d41b913bac1220891604,1.0,reconstructed
2012-09-28,2012-10-15T14:00:00Z,7f17a9c3246288687d8829618feec6d0ceb4512e33bb59a97c91d6683d25231d,1.0,reconstructed
2012-10-31,2012-11-15T14:00:00Z,a85f2ea0ba9dcb090ff8c2af7ae673009aaa5be98d86cef5605a53750d95c328,1.0,reconstructed
2012-11-30,2012-12-15T14:00:00Z,d83060cf4a9062de708c0fc54ccbac92be19662be8466c7effed8751788f2f09,1.0,reconstructed
2012-12-31,2013-01-15T14:00:00Z,df67a6bdda844fcd3836f0f09539137eb4df024e932b04672986b4c12ec8e941,1.0,reconstructed
2013-01-31,2013-02-15T14:00:00Z,992d7c5ad969a88f25b0ffcb1acf34abe340b0c388431dd0d9ba1729628bff1f,1.0,reconstructed
2013-02-28,2013-03-15T14:00:00Z,00f6e9bf5af7ad8afe0709b2b5019c0c18cf3eb42cedd79f8ff59b08b9d33630,1.0,reconstructed
2013-03-28,2013-04-15T14:00:00Z,151ced948ecdaa6f1c722559ae6c477237f114b9ce357ba31c4afcf7f0fed349,1.0,reconstructed
2013-04-30,2013-05-15T14:00:00Z,c4a99f1ec8f760e4e373a56b1b9e6a5dab96e0bcf2ae5708f6bd5f178a2a7d37,1.0,reconstructed
2013-05-31,2013-06-15T14:00:00Z,027b4220f736acccd87ebb4d2d8cd99eab7638bc6ddd66b8a622ded589987740,1.0,reconstructed
2013-06-28,2013-07-15T14:00:00Z,18986a529537cae17a7b0d563ab77c7288d1c13ad434941d3f7aee261c20b619,1.0,reconstructed
2013-07-31,2013-08-15T14:00:00Z,18e17fff58c0722cd49d5134a2c32a718114e1b9995e127d2f1b869a7a506036,1.0,reconstructed
2013-08-30,2013-09-15T14:00:00Z,93c5c48a222192585832d841ac4206166207718f979d521cefb48a743bb6fed7,1.0,reconstructed
2013-09-30,2013-10-15T14:00:00Z,bece7427370a18b73d3cff7f71fd93dc3546a068f35492f62f048370ec570600,1.0,reconstructed
2013-10-31,2013-11-15T14:00:00Z,39c84f92b2a3ec50e35f6e03701c2e10040dbb4da4bff11fea2e5fe38d30ed4b,1.0,reconstructed
2013-11-29,2013-12-15T14:00:00Z,a6b397199ea25ef0d8dddb2565e27526c79b16deadf39e1969573970edbc4117,1.0,reconstructed
2013-12-31,2014-01-15T14:00:00Z,feceef03cb41b851307198eaabd9c66c634cc9c99955d784b28e6113718c0aeb,1.0,reconstructed
2014-01-31,2014-02-15T14:00:00Z,1c4c860f17d0b8e7683ac481eddc3992a857c2d840f81b4834af2c7f8f3ce6d1,1.0,reconstructed
2014-02-28,2014-03-15T14:00:00Z,d1eaca685ad2667922fa3445346b7c8ee0d13fe93ca7d6a3ca4f551fd5c4352a,1.0,reconstructed
2014-03-31,2014-04-15T14:00:00Z,c82111b7962a72209784f81389d3f9fb9f0b0625356246fb2c01ccfd2d7500eb,1.0,reconstructed
2014-04-30,2014-05-15T14:00:00Z,b188a63a2eb29ef8de3f7568381f76f805e5848af45f8612724154c9b339bbcf,1.0,reconstructed
2014-05-30,2014-06-15T14:00:00Z,eaa80f39188186e4d54378d4f88801050fa825c6dfab457e961f5c8950be33e5,1.0,reconstructed
2014-06-30,2014-07-15T14:00:00Z,774740de7de35ccb4a928d70c14b7b27636fa5de4aec68043677b28516a99f49,1.0,reconstructed
2014-07-31,2014-08-15T14:00:00Z,c93b494d8e82c43a271c6234df60d928a1d4bf3b9168af0db3ff1c05968c9c2a,1.0,reconstructed
2014-08-29,2014-09-15T14:00:00Z,a7e9cdb958886c6131cd1469fbeb5fa9e0ca05b96902a1643d505883e42393bc,1.0,reconstructed
2014-09-30,2014-10-15T14:00:00Z,3c42fbc614cec99b7f40df0d285d7fc6fecdf74b625b54b3e7e8fc89082e6353,1.0,reconstructed
2014-10-31,2014-11-15T14:00:00Z,92257f0de1451ff242cb528297bcb1981082a334edc3acc45bf38931f5deb087,1.0,reconstructed
2014-11-28,2014-12-15T14:00:00Z,b85ca0fc050fbf58d65640e155e544eabbb080568cd55775b7aacc0deffff67e,1.0,reconstructed
2014-12-31,2015-01-15T14:00:00Z,56410256915b4fb173bb4e43f0ee6bab9900f7b789f14212b8555614e9e7b042,1.0,reconstructed
2015-01-30,2015-02-15T14:00:00Z,6cf4d72ad700931acac355a5365da174a2ab50954936a6b7fca8bae6bf77e2b4,1.0,reconstructed
2015-02-27,2015-03-15T14:00:00Z,4b32cfa50860f0b6629778d415242ebfd4c6fb9ec14817e1ed85753af83ac16e,1.0,reconstructed
2015-03-31,2015-04-15T14:00:00Z,af4f1b6d83e81c62a36aa702f592728e69adefd473909f2e2846a280140150cd,1.0,reconstructed
2015-04-30,2015-05-15T14:00:00Z,e8a10673b18aa4b452795a680b6bcf01b2049a453a0f069bf0df2ea688cd9501,1.0,reconstructed
2015-05-29,2015-06-15T14:00:00Z,91d396a7a72e7b1e10da255889840b5fd9ee9455536b87dc549b2a95a09c4109,1.0,reconstructed
2015-06-30,2015-07-15T14:00:00Z,a00957afd75a20dd5a1895f1b703fff820fc7a137a0727c48d21332550b2f35e,1.0,reconstructed
2015-07-31,2015-08-15T14:00:00Z,4a59726dd646431c372f355d3068ce49f4fee984aae6246ff0a4f33cbd56fc4e,1.0,reconstructed
2015-08-31,2015-09-15T14:00:00Z,528831c77b766b77b81c957a3c6465e12fbd465c85d23412a8d8e48fb5a26736,1.0,reconstructed
2015-09-30,2015-10-15T14:00:00Z,876d860d4e3ade8216b16ad0ef11405b405355f5bde5fba3f03daf7362c5a667,1.0,reconstructed
2015-10-30,2015-11-15T14:00:00Z,948e8ddb35bc3f863bbbf653e159f770238f2e75e0203543710d8ce401f558d0,1.0,reconstructed
2015-11-30,2015-12-15T14:00:00Z,97058fafebf71c0457ba462ee38a2b3e5f2be15f22e29065ac5e2cfdb246ebfc,1.0,reconstructed
2015-12-31,2016-01-15T14:00:00Z,e6bc655521ef3303b4b09b82bf947587204bc0cdf0c29e4f6086256e830f019b,1.0,reconstructed
2016-01-29,2016-02-15T14:00:00Z,6b86982011c4207870c9a48b7841048a0456436a341d5265402c2f13df33ad27,1.0,reconstructed
2016-02-29,2016-03-15T14:00:00Z,c3fda385d0223c5e6e5643fadffcec975d9cbef35c66c617f3a1fca5fd83a673,1.0,reconstructed
2016-03-31,2016-04-15T14:00:00Z,e6a577c533a888bf8feca6847dcb0f2f5bae92bc830cb50b2225b0d28fa0ad19,1.0,reconstructed
2016-04-29,2016-05-15T14:00:00Z,f6e4b2d6b40e981a4b7f3363878561ceec343569599eb87e0bfaaf900c6c0fa5,1.0,reconstructed
2016-05-31,2016-06-15T14:00:00Z,5fa97ba9dd117f9a078e2d7ce68a2de2686cc7f3658dd06d1c8aa3b945ba96c5,1.0,reconstructed
2016-06-30,2016-07-15T14:00:00Z,010d2699b47c951b97d4d536b693b2e295f15479ea023915e8606b97a4326928,1.0,reconstructed
2016-07-29,2016-08-15T14:00:00Z,e56a629295d8c7f06a655b472a618656d16c2b17f7bb3eba727c016a883ccc05,1.0,reconstructed
2016-08-31,2016-09-15T14:00:00Z,1d04252d806f8c32d981235f558816643221f94b1229e8182454844173a12009,1.0,reconstructed
2016-09-30,2016-10-15T14:00:00Z,e96ed8a8e9d4035aa31833cdb4fbbaf1aea41e29a8877e179c2a96e3bc4eccc2,1.0,reconstructed
2016-10-31,2016-11-15T14:00:00Z,e2c474e7644d612302e1990dffb9d220e59ed32af094fc72af1cd95578e95351,1.0,reconstructed
2016-11-30,2016-12-15T14:00:00Z,12db51dce1933fd95ee84b911cf5daa2bca5afd119ee92f6cad37112ead40138,1.0,reconstructed
2016-12-30,2017-01-15T14:00:00Z,05e563299a9742463680aae331523107b6680de3c4829fa6319c1e638036a2d4,1.0,reconstructed
2017-01-31,2017-02-15T14:00:00Z,e3542258772150a6d930494f6da0439946ee6b760ef144afc24c889f7e2f8ed4,1.0,reconstructed
2017-02-28,2017-03-15T14:00:00Z,81b9c912be86ef1d1520ab9967f72181cba0f9814fb884f044dec2526cd91889,1.0,reconstructed
2017-03-31,2017-04-15T14:00:00Z,6c649dd76669ec0851496270e125f0a436a1894883630ff3d7eb10419a440014,1.0,reconstructed
2017-04-28,2017-05-15T14:00:00Z,f291367cd1a762ef5e118d47bcac36161068072c7d817c4e9b86698795f140f6,1.0,reconstructed
2017-05-31,2017-06-15T14:00:00Z,b87019166ad896b5268c81e6fe8f1463113989afb9055e94b6806d557c015d05,1.0,reconstructed
2017-06-30,2017-07-15T14:00:00Z,4af3753a7520d0271fd1d76f9468bd669e390b2e49be9a37860881f4ea9dfa8c,1.0,reconstructed
2017-07-31,2017-08-15T14:00:00Z,63de0656a13f36ec61b17881e471dfbd078ec936f36ca91b74f298f8f57735aa,1.0,reconstructed
2017-08-31,2017-09-15T14:00:00Z,d9c621393e89c46667612e4908f284f2bda461911ecdc37a091eb0cbb304a119,1.0,reconstructed
2017-09-29,2017-10-15T14:00:00Z,72f72041eae88ef3959a14a25a346177fd1c8809a6a5b9b07f765a54409eb3f2,1.0,reconstructed
2017-10-31,2017-11-15T14:00:00Z,48afbe41d11388ec40eacd4968b8f57b17eff3ee32759dd0efc75201d19ffb5e,1.0,reconstructed
2017-11-30,2017-12-15T14:00:00Z,9a1e9dc74d60ebf73b6d6033988c54d5871c174cd3fb1d07bad0e67007679043,1.0,reconstructed
2017-12-29,2018-01-15T14:00:00Z,20addaba2f9c4c46b146a07811495e653c2d87f83522dc4b51eea80f94d75684,1.0,reconstructed
2018-01-31,2018-02-15T14:00:00Z,2fa57663dfb41703e28cab3fcc37604185eb6018b55343307849da26c8dc5f67,1.0,reconstructed
2018-02-28,2018-03-15T14:00:00Z,c03e31a34db692f307b9c7a67777031776aeb63128ee6397cd1ea85ce7b42228,1.0,reconstructed
2018-03-29,2018-04-15T14:00:00Z,0f60b7dae1f8f0542399c3af3f64c3500e0a8993f37cff5027ff9148cba4326f,1.0,reconstructed
2018-04-30,2018-05-15T14:00:00Z,158b97159d3833b48807d0637341370d9892e209b1c84138999c7f159283c385,1.0,reconstructed
2018-05-31,2018-06-15T14:00:00Z,f82d181fc93d6e50edac87cea78bd39dda10048f698aba57fcd3f243194b544d,1.0,reconstructed
2018-06-29,2018-07-15T14:00:00Z,c5a5a8d5cb37a4ea1bfed77ae1582bee97fd0fca0be67914857a7383a3898743,1.0,reconstructed
2018-07-31,2018-08-15T14:00:00Z,6e52288df68021ff29a5010a8005d427d48740dd8392ccdfbca41a7c799fbade,1.0,reconstructed
2018-08-31,2018-09-15T14:00:00Z,52e2bc80539eeeebe94c77a75064c17492a2821745710990b99ef5a535577845,1.0,reconstructed
2018-09-28,2018-10-15T14:00:00Z,e6ad391b6089469e1f6009031b78679769c8fa8d4dd4f9551abff51bd5939d7f,1.0,reconstructed
2018-10-31,2018-11-15T14:00:00Z,74a28f1ee15c4aa30401fa5b46a78f4259170fa77c072aa42617ea868c8ec967,1.0,reconstructed
2018-11-30,2018-12-15T14:00:00Z,591b97116e931161cb3a4e642a2dd42bee6fc1644321204b6c47f4a30a854a90,1.0,reconstructed
2018-12-31,2019-01-15T14:00:00Z,dafc2b4726bee477252f6a83051c612072041ebbe244d72286408084feb41706,1.0,reconstructed
2019-01-31,2019-02-15T14:00:00Z,02ed566ace748f56d0f7fddebcf5d0e0476e69c1eaf1d17740b94084f41772dc,1.0,reconstructed
2019-02-28,2019-03-15T14:00:00Z,c27df1458a052b7f099038995b4756459642019f4e47f7f781150c351a5eb373,1.0,reconstructed
2019-03-29,2019-04-15T14:00:00Z,bf462d88e1a598584442417c2df69d3c713fc1081b4239f2e314bff890a8bdba,1.0,reconstructed
2019-04-30,2019-05-15T14:00:00Z,0519cc6e101b2db56060bbf62f9882147f8c2564ba66bbf1b8cfbe23e9194641,1.0,reconstructed
2019-05-31,2019-06-15T14:00:00Z,e92ddbad001a91397eba7f3d2df1f41b535cac0697cdf4063f2e7568be24ad92,1.0,reconstructed
2019-06-28,2019-07-15T14:00:00Z,fbcfef04c9f01d3ef9451cc100f8e3dfb967ac89cc4286b1355e3e22bf134664,1.0,reconstructed
2019-07-31,2019-08-15T14:00:00Z,62ef85d2f32e989f6e6553ea4438995f0c3611d49f78f3bb5b6f6f62bdf31e4e,1.0,reconstructed
2019-08-30,2019-09-15T14:00:00Z,f217dc8b2bd66512a185abc2648ebe73cbeff6ee9416e4cf4ed3cd23c5e958da,1.0,reconstructed
2019-09-30,2019-10-15T14:00:00Z,1374cb7a81da73a7fe7ade35cf8b1b26e24dcd82fafa2a6aa06e8f573948e962,1.0,reconstructed
2019-10-31,2019-11-15T14:00:00Z,9cc2a021cc51667ce815d20acaf3f8d7aceecbc731af90692dd770cbdc62ff39,1.0,reconstructed
2019-11-29,2019-12-15T14:00:00Z,03a062fd7d75745ab140348cc88519a781cf1f93b2cbdb90ce997bf092eb1230,1.0,reconstructed
2019-12-31,2020-01-15T14:00:00Z,8dfc62d455448baf31777f1e5974f77dde0495c98dff65c82f350a0fee77c7c0,1.0,reconstructed
2020-01-31,2020-02-15T14:00:00Z,aba35c8822ebde4c40fcfb10e1654281623747342169fdc90335178237ff3d7c,1.0,reconstructed
2020-02-28,2020-03-15T14:00:00Z,88a2d001a8d546fc86f7d62f6c03dfb66f3befe606f0a3c86a4748e80cf61bde,1.0,reconstructed
2020-03-31,2020-04-15T14:00:00Z,06bf517dbd8bc666bbb4ba27cf24afef9e53aa1da056d54921df1b09b40634a7,1.0,reconstructed
2020-04-30,2020-05-15T14:00:00Z,2dda4ee35ff54e6b67f73ce0f00cf58c6cf8cb10e3282c3b503b8e68c7effea4,1.0,reconstructed
2020-05-29,2020-06-15T14:00:00Z,d36350917798209848f28d373e520fa1f2e428f8a3b96cdd98071a7226ee65d8,1.0,reconstructed
2020-06-30,2020-07-15T14:00:00Z,cf8dbc118fa983f0b50947cb825b16e4e4940d1eb8cba60c8653cc4e3cf7f3a1,1.0,reconstructed
2020-07-31,2020-08-15T14:00:00Z,8174a3bcf66b11d7d89efbce01ef46c951036af4339a4b7bf8a46f7ec6e8b12a,1.0,reconstructed
2020-08-31,2020-09-15T14:00:00Z,4eaf3fc4ecdbb0e9194d5804d07a391cce72000096accfc0b1aa12cb6d21cbf9,1.0,reconstructed
2020-09-30,2020-10-15T14:00:00Z,84c8b757da25fa25703821dd7aa21c38d2a4d7613e8aa3f54deed92932490a71,1.0,reconstructed
2020-10-30,2020-11-15T14:00:00Z,fb5de95125d2ba58eae0343ce3ba92ef985b3450a7b5054bc6ee51838b945ee7,1.0,reconstructed
2020-11-30,2020-12-15T14:00:00Z,e68053bd28a7a8eee0c70f4a5d8f51608c921cf737f197c447136f3ea755e47e,1.0,reconstructed
2020-12-31,2021-01-15T14:00:00Z,874757c334b3b8431f1ab0d2008ab2484524cdf4757d240482d0e84cc21af7fc,1.0,reconstructed
2021-01-29,2021-02-15T14:00:00Z,03057839c805292db9768cb0bace425b4cb0808007c5ab080b0e1ece0fb9016a,1.0,reconstructed
2021-02-26,2021-03-15T14:00:00Z,168ce90af5a7eeef713d06ce2bc9e8545fda577bb182d28467b395afc4d771b6,1.0,reconstructed
2021-03-31,2021-04-15T14:00:00Z,94bb0ad9b05867831c498c0191f2c5549286d66567c48d31641637d866cafd47,1.0,reconstructed
2021-04-30,2021-05-15T14:00:00Z,68a940f56145340bb6ffb9026011c426acf286083864e6e617cac6c6ed3f01bc,1.0,reconstructed
2021-05-28,2021-06-15T14:00:00Z,81aed10f362a133bcf08bae1b64826106e91eabcb56a19d91cda18ac40dea727,1.0,reconstructed
2021-06-30,2021-07-15T14:00:00Z,bfc81ab22db288ec7b86b2494c3d0d824241e70ab2d4a30aa8d3a530615ce478,1.0,reconstructed
2021-07-30,2021-08-15T14:00:00Z,0fcbf716a967999bbf676a89484ae06b7cb7b38bdffd342298c63d7504e73a5b,1.0,reconstructed
2021-08-31,2021-09-15T14:00:00Z,58a237f739d23f65aab1f4738c707c3a33105ed3adcb432d098f54388b51ccf0,1.0,reconstructed
2021-09-30,2021-10-15T14:00:00Z,e41d7b6a8c4748031c0fd2bf28041ede6f5860019a8fd4e6c494c91c3a9b0ae6,1.0,reconstructed
2021-10-29,2021-11-15T14:00:00Z,9d64b845cc817be3e1925d637d25723e5cba14512bebb68df078ad56ff22c094,1.0,reconstructed
2021-11-30,2021-12-15T14:00:00Z,94b676577dc1a1242c24b2dd82424b9194cf35e32fef8e1289fcbd5634a32c1e,1.0,reconstructed
2021-12-31,2022-01-15T14:00:00Z,fb575b907308f85baee3d6ac0cc80974081956bd66447e77a501c90cf140b72c,1.0,reconstructed
2022-01-31,2022-02-15T14:00:00Z,0df8d7b222b8c1bfd8394be9254273b39c28b7de4e6ba06e3d35951d709048fd,1.0,reconstructed
2022-02-28,2022-03-15T14:00:00Z,b450b212b6fb2e4c15f229508c2ffc34b225d607fc1eaf03f936c3021e5d2564,1.0,reconstructed
2022-03-31,2022-04-15T14:00:00Z,6e9f7cdd4106416962b85044308d6aecabf97d82c79be6c6345b1c81d060d490,1.0,reconstructed
2022-04-29,2022-05-15T14:00:00Z,15e516bab25abd568c6a5e5b8a9d8b81dbfe7f4e81a0254cfb5a355a33ea542d,1.0,reconstructed
2022-05-31,2022-06-15T14:00:00Z,4a47da29df0c78054848353827e6f90b161cc3739901bbf1e9aaa115020b5daf,1.0,reconstructed
2022-06-30,2022-07-15T14:00:00Z,da94600fdcfa819f2aa4d90aa772f537d12238be61e3f48571016b9226739e4c,1.0,reconstructed
2022-07-29,2022-08-15T14:00:00Z,463e1ca38730b11dee8d59007b06b39bca5668b197bc46d5890909dbeaa7bbd1,1.0,reconstructed
2022-08-31,2022-09-15T14:00:00Z,4b24b69d37940437f4eec138f1bb71b3e653d5630acff509ac74b3f987222eda,1.0,reconstructed
2022-09-30,2022-10-15T14:00:00Z,7102ffa74fc59a3572f09963665462f33d9c40cb715760c4979e7b500c1dbd47,1.0,reconstructed
2022-10-31,2022-11-15T14:00:00Z,a0259157ec9d82e891d0ff27dd739ec675a8a22d039801eeb473d250622feca1,1.0,reconstructed
2022-11-30,2022-12-15T14:00:00Z,bc4bf983a9126500d63a5e0ee53239faf7d0a36e9a4dd065cc9d9fe30536ba80,1.0,reconstructed
2022-12-30,2023-01-15T14:00:00Z,50ef413bcabafc8ed9e7b2bafff0908d9daaff36bf4bd8b4080755138170fcfc,1.0,reconstructed
2023-01-31,2023-02-15T14:00:00Z,19d2eb6e4464a516d910f4c99e52c4867179015a019304d111730656eef5b757,1.0,reconstructed
2023-02-28,2023-03-15T14:00:00Z,37cc34604b90463c5969772aea6c1743e1d1af2210e3a8c78c1eaa246e37450d,1.0,reconstructed
2023-03-31,2023-04-15T14:00:00Z,f5df03d8ed7619d95cd615da0ee1cac41afe39fd64942e3dd36115abab8fc98e,1.0,reconstructed
2023-04-28,2023-05-15T14:00:00Z,ff238d1711565662a168bd86b9780ae17dbde4e7e643155f0bf09da90ada5d54,1.0,reconstructed
2023-05-31,2023-06-15T14:00:00Z,bc0dffbc67da713da47b1cc8d133428777927781f30df7d267e5378323966720,1.0,reconstructed
2023-06-30,2023-07-15T14:00:00Z,25dc747627c84d194d56554c80ba5b9e268ea94b0af1ea1510858a512939e8cc,1.0,reconstructed
2023-07-31,2023-08-15T14:00:00Z,61712f8e7ff46489fe863fa20760cebf461f434b2f1c07752ae2e389b3d5cbf9,1.0,reconstructed
2023-08-31,2023-09-15T14:00:00Z,a282eea7b8f2d26c34666aff111a4f808f7d44b10b89981d1974ebdcf8bdce73,1.0,reconstructed
2023-09-29,2023-10-15T14:00:00Z,7d184a546c4b2eaad6d1bf1e2dbee4d4e89310b2dfd6d891b76940662fb18f34,1.0,reconstructed
2023-10-31,2023-11-15T14:00:00Z,c323a0e0f679e459b745f051c40a89da9885bf3791e05b6b49b4b7432e1eed94,1.0,reconstructed
2023-11-30,2023-12-15T14:00:00Z,69feab370e6254470514d10afcc315c864efce700d7ccfc3f8d4b993c6adb395,1.0,reconstructed
2023-12-29,2024-01-15T14:00:00Z,d6f4cfe11c130408e7dcd3b8e4642876945641b25af5563fcf2a8237a66d9952,1.0,reconstructed
2024-01-31,2024-02-15T14:00:00Z,1aad0342a89db27871bf63d1ce76a360bb5f3405e3a8360524a15f6ed8fd1944,1.0,reconstructed
2024-02-29,2024-03-15T14:00:00Z,7b133a3040056c02464d216d889e36ef80b11c76edbc71a9d49abc45fbeda376,1.0,reconstructed
2024-03-28,2024-04-15T14:00:00Z,6e01a56b83d8af3cefa329e728dccb28e6d3a6ed0bbe800dc8079f00252752f1,1.0,reconstructed
2024-04-30,2024-05-15T14:00:00Z,9e4e3cfd765b86c1ddc8362cd41a05c478f97ba43ab3b0e3d493051ebf5b6923,1.0,reconstructed
2024-05-31,2024-06-15T14:00:00Z,f1d53c36f8859729f6dfd127cd537d11ab3b9a0810a2b54e04b6c44d2cbe5b07,1.0,reconstructed
2024-06-28,2024-07-15T14:00:00Z,5e2d77c9249bae97592e617aca63a73125bc650b8a4e44e95c37a3a985b06099,1.0,reconstructed
2024-07-31,2024-08-15T14:00:00Z,2b38c1ad27aa752381d6a6027e5311cd921a7b990400b85d3ccd731a3433feb7,1.0,reconstructed
2024-08-30,2024-09-15T14:00:00Z,89818c2ec5b4593ab9ba5c22f33e8d2fdb9a27e4a3c5faeae9e18d8b695d3c0d,1.0,reconstructed
2024-09-30,2024-10-15T14:00:00Z,f8cbc123b09fcfbc50cfe90044c9c0675571da9824feaea2718f0387fd24aa1d,1.0,reconstructed
2024-10-31,2024-11-15T14:00:00Z,107c3e1576ebb0352670ba22df89d03a95074a3782d66c11363713c9ce74f1c4,1.0,reconstructed
2024-11-29,2024-12-15T14:00:00Z,8a917097279111849105a9e7895fee3f7c6c15217e3f0a6acab1ce129534377c,1.0,reconstructed
2024-12-31,2025-01-15T14:00:00Z,5f22510907282477ac1bd17bb919947754f18c466ee8c25365b1c070c03b131f,1.0,reconstructed
2025-01-31,2025-02-15T14:00:00Z,7d24075c51e231cf2af9d9dee608093e9922e470fa4caf32e9359daf4434c2b2,1.0,reconstructed
2025-02-28,2025-03-15T14:00:00Z,618ee16724c108e55a6e269b2eec540febbe22b1040efb1b2c9dc91196775cfc,1.0,reconstructed
2025-03-31,2025-04-15T14:00:00Z,bc5b02b437137b81fc1089e2a891e563e715586f66d1ef94235d725e80b36428,1.0,reconstructed
2025-04-30,2025-05-15T14:00:00Z,6cd9e3e6426f48028293eaac6014ac61dbb60f26030cd8282f89b71466e57c1d,1.0,reconstructed
2025-05-30,2025-06-15T14:00:00Z,75d022034d2fbd82b53681ce54c2f5c3e52d1f3874c2d1522712d19e6e94a354,1.0,reconstructed
2025-06-30,2025-07-15T14:00:00Z,772629f833284d0f4f9a5e961cbb685200cef55447575b62327c2a6993c6cbdb,1.0,reconstructed
2025-07-31,2025-08-15T14:00:00Z,3f5b7fc596bbacf23f2016ef382c56dd2872ad2d3c1feec7be04534bffc19241,1.0,reconstructed
2025-08-29,2025-09-15T14:00:00Z,37d97ad70579907bc01fe2924fa30b19cdbb9e3f9d7915278e3cf5644c09dba5,1.0,reconstructed
2025-09-30,2025-10-15T14:00:00Z,98c5930fc358991c07d6fbdbdafc703f0f562d2bb08c0dc3aa5149ac089ccbc3,1.0,reconstructed
2025-10-31,2025-11-15T14:00:00Z,daf107d8b1106c734695323b51682beddcca5cfdbc95960ae77ae18516b9080a,1.0,reconstructed
2025-11-28,2025-12-15T14:00:00Z,03736d11cbd995687386774f66c2049cca19527525633f191324b74d6e9161b2,1.0,reconstructed
2025-12-31,2026-01-15T14:00:00Z,e393479773e19e25a9c213ae34e50d0f73f94b73ae5261da68b79f5cf700d219,1.0,reconstructed
2026-01-30,2026-02-15T14:00:00Z,33f65a393f5b93adc3c405ff785b543e33de60665cc3f76174860bbfa6e7463d,1.0,reconstructed
2026-02-27,2026-03-15T14:00:00Z,79b926a9ebc05adea7e937a1ba04f1a42e8eac319775f0189e790663f3dcc7f4,1.0,reconstructed
2026-03-31,2026-04-15T14:00:00Z,2400a717181fbdfb31528341a4e75332c6c82c97db0750a02112ba078415eb6e,1.0,reconstructed
2026-04-30,2026-05-15T14:00:00Z,b4d6d8ab38cb2d3f23541e0921846253974b5f3da68565afefc2c6f9061ea1f3,1.0,reconstructed
2026-05-29,2026-06-15T14:00:00Z,dba4cff2d2fce951074eb992deb881a927ca0da05d9ac402b31806a8db45c2eb,1.0,reconstructed
