Date,log_vix,log_hy_spread,vrp
2000-01-04,1.0647280926995648,-0.04580879678196506,-1.7768007490795297
2000-01-05,1.001520124863124,-0.06698619120567131,-2.5292558385091386
2000-01-06,0.9281247601729489,-0.04054196571970922,-2.345564995445325
2000-01-07,0.45141808934960237,-0.019583348535255327,-2.979705763112427
2000-01-10,0.45012232491169496,-0.04580879678196506,-4.20175268913121
2000-01-11,0.5506901926668145,-0.08298610702346028,-3.7354961877806616
2000-01-12,0.592890115587475,-0.09370907540951658,-3.4254391893987997
2000-01-13,0.45012232491169496,-0.04054196571970922,-3.4022673608080445
2000-01-14,0.17104152580411722,-0.06698619120567131,-3.651990771121875
2000-01-18,0.42277325976795505,-0.07764157765872057,-3.0474813810833346
2000-01-19,0.45141808934960237,-0.06698619120567131,-2.7388855484518517
2000-01-20,0.4553018061398902,-0.08298610702346028,-2.4791686759421543
2000-01-21,0.3323444626641077,-0.0883419236814065,-2.57007422088067
2000-01-24,0.74047605955038,-0.04054196571970922,-1.608695159029765
2000-01-25,0.614977655008374,-0.04580879678196506,-2.222047647104661
2000-01-26,0.6161996972657859,-0.04580879678196506,-2.0234823576517225
2000-01-27,0.6778290210970659,-0.05108658899897629,-1.680021177550058
2000-01-28,0.9726065673590795,-0.05108658899897629,-0.9171712195180962
2000-01-31,0.8415088784556198,-0.014370647326959963,-1.7686437336353158
2000-02-01,0.6670508707234587,-0.014370647326959963,-2.3046322227666387
2000-02-02,0.6271740268465201,-0.019583348535255327,-2.141409513950053
2000-02-03,0.4887372772898382,0.04736006580046123,-2.0665604665103077
2000-02-04,0.4280032840684624,-0.014370647326959963,-2.075932225852398
2000-02-07,0.5867238958856572,-0.04054196571970922,-1.5360920133008584
2000-02-08,0.3898642539372321,-0.04054196571970922,-1.5623046765685915
2000-02-09,0.6002718327012918,-0.05637538808989588,-1.1524602204185617
2000-02-10,0.6210823329951861,-0.06698619120567131,-1.3637132601927773
2000-02-11,0.781095113127844,-0.04580879678196506,-0.8115348608753143
2000-02-14,0.7764824032957842,-0.009168638846598739,-1.0419079279991292
2000-02-15,0.6027281858403845,-0.03528605037732293,-1.0713332894862904
2000-02-16,0.6742408136969193,-0.019583348535255327,-0.8311295798578132
2000-02-17,0.633252328916668,-0.04054196571970922,-0.9083617099642497
2000-02-18,0.957496650091141,0.001203474773410482,-0.12631415009312205
2000-02-22,0.9423051520511175,0.06256078011250714,-0.5248010104335404
2000-02-23,0.7193556645314843,0.02182129764918359,-0.6029320354485718
2000-02-24,0.7764824032957842,0.07264420590194146,-0.4257051066496336
2000-02-25,0.8695618310504428,0.08769456606968704,-0.5756402751815561
2000-02-28,0.8108941492257956,0.057503992305485994,-0.3965368771217427
2000-02-29,0.6574355340919582,0.09269156915435701,-0.963106445632885
2000-03-01,0.44103547489689066,0.10762377075504756,-1.1478812558352778
2000-03-02,0.3645933577663493,0.10762377075504756,-1.058229508487874
2000-03-03,0.1058900815675641,0.11752994837072872,-1.189929702886283
2000-03-06,0.42277325976795505,0.10265613303544996,-0.9567271838302496
2000-03-07,0.7683921409337626,0.12739758045076108,-0.2577743368458403
2000-03-08,0.711099221812575,0.13231703542690126,-0.6528218231752531
2000-03-09,0.5141890281030955,0.14701839975773093,-0.6840889846425555
2000-03-10,0.3885398235345517,0.13231703542690126,-1.727823043482984
2000-03-13,0.5941217865594284,0.15677217426217976,-1.1312948222329762
2000-03-14,0.7799426444130705,0.1954164000562559,-0.6938987191662342
2000-03-15,0.5306102842140403,0.21927337980799297,-1.0860404600382128
2000-03-16,0.3255792634939226,0.24760862704905692,-1.7954934836887348
2000-03-17,0.5343862887095856,0.25230054003394997,-2.890502648336418
2000-03-20,0.6076342345249578,0.2569837883546618,-2.496276665212136
2000-03-21,0.44882621078378027,0.27563077122842894,-2.4719863866220164
2000-03-22,0.4214642333017458,0.29874832643567323,-2.540977148648462
2000-03-23,0.5205163353946968,0.3170918295238923,-2.1088958662814505
2000-03-24,0.6502022336944975,0.2802711718735121,-1.8533607071848106
2000-03-27,0.7937409928035278,0.2802711718735121,-1.3533317720265028
2000-03-28,0.831340935832776,0.32621406326284486,-1.1130112851113592
2000-03-29,0.7439808376480405,0.37580810723832403,-0.996928001971674
2000-03-30,0.8995479707660301,0.44625647746789077,-0.44979633526923773
2000-03-31,0.7451481275488303,0.4068703463541042,-0.7961240920319332
2000-04-03,0.735796444111645,0.42006714063560513,-0.6921439880371318
2000-04-04,1.076163814437439,0.4893131695545101,0.10494436813467091
2000-04-05,1.20691503821085,0.4893131695545101,0.5173782673674405
2000-04-06,1.0792744542348518,0.45925041663019844,0.5277899504327777
2000-04-07,0.777636289884447,0.47217811622282885,0.17788241670689803
2000-04-10,0.9564142294831488,0.49357890352067996,0.6704822397533826
2000-04-11,1.0896189463141657,0.467876201289708,1.1338331693140167
2000-04-12,1.2628081908015514,0.4375567150939172,1.6726818409053408
2000-04-13,1.3032936155368644,0.45925041663019844,0.46178467985877536
2000-04-14,1.6697828702329072,0.4807601150896212,1.0466348343166045
2000-04-17,1.2598940803193115,0.44625647746789077,-2.1950558625522048
2000-04-18,0.9704531160661539,0.4331956164354091,-2.92150372034126
2000-04-19,1.065769644548447,0.45059519237554385,-2.7666040544472383
2000-04-20,0.9412168703630522,0.45059519237554385,-2.705134763094928
2000-04-24,1.1019823827913398,0.4635669763871714,-2.1504058176105905
2000-04-25,0.8740243508225024,0.41567583521809864,-2.2895482504193647
2000-04-26,1.0605580254712812,0.41567583521809864,-2.597104057511268
2000-04-27,0.9779835082797419,0.38026893203838125,-2.4921789625966078
2000-04-28,0.979057664526316,0.38916711044803903,-2.191985537053129
2000-05-01,0.9444802460918985,0.4419103268840947,-1.9699587741834874
2000-05-02,1.2158144426813977,0.42445085520158776,-1.3564969848179462
2000-05-03,1.5090061364339478,0.41567583521809864,-0.8816681364206277
2000-05-04,1.4314445593844487,0.40245610982626207,-1.1159658027253314
2000-05-05,1.1183827798934403,0.39803417628226934,-1.36627030205228
2000-05-08,1.18603976557947,0.39360451883296443,-1.075587530520813
2000-05-09,1.2579495382436705,0.4068703463541042,-0.7101397618377427
2000-05-10,1.3479187030574613,0.4375567150939172,-0.33029659432548053
2000-05-11,1.1417921000785012,0.44625647746789077,-0.8953839325675859
2000-05-12,0.9629023098344349,0.42006714063560513,-1.3613054502146933
2000-05-15,0.831340935832776,0.42006714063560513,-1.3841459116428367
2000-05-16,0.7718623395386314,0.4375567150939172,-1.468461064254912
2000-05-17,0.7299356790058321,0.4419103268840947,-1.3329524267829074
2000-05-18,0.7275879505392192,0.42882700511400146,-1.1616035243182157
2000-05-19,0.8962320323240753,0.467876201289708,-0.7709526711028367
2000-05-22,0.957496650091141,0.49357890352067996,-0.6784151266447462
2000-05-23,0.943393012974988,0.5105704461146773,-0.4784811549832966
2000-05-24,0.7695493494106729,0.5190237147582628,-0.7608482259979694
2000-05-25,0.7994702657151457,0.5691600082137177,-0.7626922289968023
2000-05-26,0.7868501673429367,0.5897610820645226,-0.8715087069571938
2000-05-30,0.6873750358011984,0.5774205309733775,-0.7405213959644951
2000-05-31,0.6909463162552723,0.5815407239917074,-1.633923131564099
2000-06-01,0.5331281835099073,0.6061222887826896,-1.5970811930754685
2000-06-02,0.4201545975469643,0.6020418723835534,-1.8113169945112455
2000-06-05,0.576829372024505,0.6101961502932229,-1.57924742203417
2000-06-06,0.6186419578304526,0.5979548799680368,-1.2407662868870248
2000-06-07,0.5481879671999741,0.5897610820645226,-1.0855795799021415
2000-06-08,0.5842535250170682,0.5897610820645226,-0.8013486100912635
2000-06-09,0.5053070679550988,0.5650196346492115,-0.6629552210584756
2000-06-12,0.5280901296944637,0.5774205309733775,-0.3451401533685715
2000-06-13,0.4449335392812663,0.5774205309733775,-0.4591899519240709
2000-06-14,0.4201545975469643,0.5897610820645226,-0.8269775687601577
2000-06-15,0.31336055489478115,0.5650196346492115,-0.7169293583456611
2000-06-16,0.2887627935222684,0.5938612903060486,-0.4798926060474587
2000-06-19,0.306549241087351,0.5897610820645226,-0.3164539575427674
2000-06-20,0.34044134006709137,0.5732936330000667,-0.3361000022475955
2000-06-21,0.3038203524109708,0.5442157587922577,-0.14336231811738306
2000-06-22,0.4874585895565154,0.5400344252069963,0.433568606029349
2000-06-23,0.5306102842140403,0.5105704461146773,0.18148450021199636
2000-06-26,0.5444306907705431,0.535846186030514,0.3027360623831959
2000-06-27,0.46176253237463133,0.535846186030514,0.050651850471732145
2000-06-28,0.25979112914235736,0.531651018415512,-0.1321692867966488
2000-06-29,0.17676053647172932,0.5608724902336696,-0.011073610987982934
2000-06-30,0.15381496490929697,0.5856542338067501,-0.028952605325036313
2000-07-03,0.19526690535392263,0.5979548799680368,0.14592767206355212
2000-07-05,0.37792213068909253,0.6020418723835534,0.19135798470208978
2000-07-06,0.3485152404247373,0.5897610820645226,-0.36477591204811516
2000-07-07,0.10735443363844788,0.5979548799680368,-0.6073201950462294
2000-07-10,0.2653324762769227,0.5856542338067501,-0.6145351895906248
2000-07-11,0.23471845503147315,0.5732936330000667,-0.3867246231431292
2000-07-12,0.223502953788302,0.5732936330000667,-0.13563151298154452
2000-07-13,0.223502953788302,0.5897610820645226,0.02745725028571077
2000-07-14,0.12195591284677064,0.5400344252069963,0.07983322989034722
2000-07-17,0.140825337759875,0.5063332216620083,0.09305512616334857
2000-07-18,0.1838927201012264,0.5020889056169892,0.42449967916292636
2000-07-19,0.16960995499653153,0.5063332216620083,0.4376528367067309
2000-07-20,0.06606285470668126,0.5567185527857461,0.3088735283827931
2000-07-21,0.06606285470668126,0.5608724902336696,-0.038985223753395346
2000-07-24,0.20800817705935115,0.5442157587922577,-0.5232586122365389
2000-07-25,0.13213196633653537,0.5525578000149192,-0.44081875101669304
2000-07-26,0.1724723686159564,0.5400344252069963,-0.12234393852023306
2000-07-27,0.16244142885221594,0.5691600082137177,-0.12244148278173342
2000-07-28,0.33504609737353297,0.5774205309733775,0.399549579123647
2000-07-31,0.32151216718298037,0.622378615250015,-0.5981815539067744
2000-08-01,0.2956169870262696,0.6425535684725187,-0.4384844534411927
2000-08-02,0.2192854876849792,0.650578822780461,-0.3638348041635513
2000-08-03,0.2178782596789077,0.650578822780461,-0.14744207510044469
2000-08-04,0.018118177949218783,0.6705315476194547,-0.32255264827398356
2000-08-07,0.07940142771309382,0.650578822780461,-0.0307316539360059
2000-08-08,0.04369050789939157,0.6545819463345763,-0.22589506982340132
2000-08-09,0.10149272696793128,0.650578822780461,0.09872739937822884
2000-08-10,0.10295936878474153,0.6665535417136595,0.1468124501970629
2000-08-11,0.007520228253632613,0.650578822780461,0.18056488148212638
2000-08-14,-0.09598698004569214,0.6665535417136595,0.1979738381853096
2000-08-15,-0.08029425248350079,0.6545819463345763,-0.07183129984818469
2000-08-16,-0.07404146696936166,0.6545819463345763,0.20220017215638098
2000-08-17,-0.15964773504494845,0.6625692859924025,0.2746000275662289
2000-08-18,-0.22972878084078066,0.6784688881990975,-0.0068407324051762575
2000-08-21,-0.18065139671608768,0.6784688881990975,0.2892184124065943
2000-08-22,-0.16125789383882974,0.6745033232863573,0.45167646237969855
2000-08-23,-0.1757906293609236,0.6903285118941104,0.6665758368416866
2000-08-24,-0.2313792447440226,0.6942694268207509,0.7430342019532099
2000-08-25,-0.3168777154079687,0.6863814632452657,0.7915037585720548
2000-08-28,-0.31517602065572636,0.6625692859924025,1.026711624513318
2000-08-29,-0.2562575369744017,0.6385313975342863,1.2737688691895126
2000-08-30,-0.12604612710498125,0.6304678669093396,1.7049013017022876
2000-08-31,-0.264599212304159,0.6903285118941104,1.0768444123034788
2000-09-01,-0.1516107335650742,0.7099721286628179,0.5753401731795325
2000-09-05,0.19384761031729253,0.6824282617511426,1.3812784062349637
2000-09-06,0.32828739866969364,0.6665535417136595,1.5221962316986057
2000-09-07,0.1364820095046255,0.6385313975342863,0.8639199510319663
2000-09-08,-0.0061643355439721164,0.6465693701746135,0.582107658749841
2000-09-11,-0.015324396735659624,0.6385313975342863,0.6253402045123899
2000-09-12,0.013581086536037477,0.6425535684725187,0.9157848272565179
2000-09-13,-0.027584482766978002,0.6585787607867013,0.842990448179323
2000-09-14,-0.03681465906364015,0.650578822780461,1.0406020593252676
2000-09-15,0.0029662912620930008,0.6385313975342863,1.2130902159782087
2000-09-18,0.25423858218038137,0.6585787607867013,0.04501623007882951
2000-09-19,0.15381496490929697,0.6824282617511426,-0.0788425391257243
2000-09-20,0.20942034888144137,0.6903285118941104,0.05730721473890907
2000-09-21,0.24449544632722167,0.6982042270592461,0.2281495730753884
2000-09-22,0.32151216718298037,0.7177871679598561,-0.015551525405840046
2000-09-25,0.4109702900798339,0.713882658728282,-0.3310423635878771
2000-09-26,0.47206908361682365,0.7410888165391053,-0.057270825912565236
2000-09-27,0.4449335392812663,0.775644694440271,-0.1827686064004605
2000-09-28,0.14371689400992,0.7908530053567164,-0.4536566090708418
2000-09-29,0.29835410046825944,0.8021996831000152,-0.3018422193101177
2000-10-02,0.3872147694159361,0.8209987183700769,-0.08574417740798866
2000-10-03,0.4682087032307319,0.8097360281558867,0.31985176483030897
2000-10-04,0.4280032840684624,0.8209987183700769,0.2956815615945902
2000-10-05,0.3605825610448366,0.847085425568802,0.2723667721676355
2000-10-06,0.576829372024505,0.8581838163456167,0.8623722594566909
2000-10-10,0.831340935832776,0.891190506727763,0.510783963446338
2000-10-11,1.0185148780119397,0.9452645862226461,0.522170991539783
2000-10-12,1.4075684534570863,0.9806838525497527,1.2978142241729165
2000-10-13,1.1255279784416556,1.0156152346594014,0.02417254788953247
2000-10-16,1.0417164626535205,1.0051862484265028,-1.0738679960197883
2000-10-17,1.1498890415525829,1.0705235391962862,-0.6197192977029254
2000-10-18,1.2374506701791603,1.1075949776687428,-0.8154278868338243
2000-10-19,0.8572529077314072,1.1075949776687428,-1.149173752147737
2000-10-20,0.760278549356953,1.110938390473319,-2.1908538102280164
2000-10-23,0.8120340124277556,1.1309068262815565,-1.8181639962873475
2000-10-24,0.76491787818517,1.1176120212850564,-1.6112551309141423
2000-10-25,1.0269739156531283,1.0975382100478575,-0.9287715012491963
2000-10-26,1.227636760745305,1.1209422624004628,-0.8550784095432916
2000-10-27,1.0079051418012688,1.1209422624004628,-0.9210278452020214
2000-10-30,0.8984430218368872,1.1209422624004628,-1.1666908101770832
2000-10-31,0.6885658149321999,1.1768973294931226,-1.2956932152392868
2000-11-01,0.76491787818517,1.1638420716003812,-1.198813412585732
2000-11-02,0.7228868329784099,1.1801506695736181,-0.9839821415694437
2000-11-03,0.6933248052739421,1.1638420716003812,-0.7409433402567444
2000-11-06,0.7925936931922243,1.1572891525926423,-0.28729892071958935
2000-11-07,0.8369942328196602,1.1638420716003812,-0.007302465536506629
2000-11-08,0.9204595560436093,1.1572891525926423,0.41612263980919456
2000-11-09,1.0844515528502383,1.1833998413761233,0.09113653492168292
2000-11-10,1.2187747294242257,1.196355058541684,0.5771097376019589
2000-11-13,1.2705647368244404,1.212456561806959,0.03816087392374129
2000-11-14,1.0438160776533165,1.212456561806959,-0.12173591200104017
2000-11-15,0.973682777881573,1.2156646308558308,-0.8003682928441898
2000-11-16,0.8527634734201427,1.231644382815063,-0.7127685309008678
2000-11-17,0.8256760409877395,1.2411841241396815,-0.7806128974844774
2000-11-20,1.1081436906983544,1.2727265487479802,-0.06459132482312639
2000-11-21,1.0238048820051018,1.3193165592625957,-0.203204835361745
2000-11-22,1.136719532708193,1.359013597629831,0.23429587649335198
2000-11-24,0.957496650091141,1.3559819436585678,-0.5874896133451222
2000-11-27,1.0563819680424174,1.3741177414151706,-0.6244786901370111
2000-11-28,1.1296027339227386,1.4010805520564626,-0.30176510111259086
2000-11-29,1.1142915362791532,1.454161104312412,-0.4057559546065562
2000-11-30,1.3271183807423395,1.5599017116616185,0.23158023369941372
2000-12-01,1.1132677951878027,1.5374095177017661,0.06728307625163192
2000-12-04,1.143818569216875,1.5599017116616185,0.4079901936345
2000-12-05,0.8460160770585102,1.5710734400588475,0.0851446027126628
2000-12-06,0.8550090859761735,1.5766409027668757,-1.0625865335791915
2000-12-07,0.8851501014230584,1.5794200572860515,-1.0030012376957467
2000-12-08,0.5394128521065384,1.5682851184531028,-1.4838564253256936
2000-12-11,0.6742408136969193,1.548680550676904,-0.9746459354609275
2000-12-12,0.8336034884292728,1.5260881674483677,-1.6438993396576789
2000-12-13,0.6885658149321999,1.5118650328856935,-1.5969441660559685
2000-12-14,0.831340935832776,1.5260881674483677,-1.2566866981503413
2000-12-15,1.0163960884690746,1.5090108083357276,-0.8308735709629339
2000-12-18,1.1357041146633335,1.5175638628006165,-0.87553585669185
2000-12-19,1.0813464369052097,1.506153367757419,-0.8422655249449869
2000-12-20,1.5187744086438733,1.5374095177017661,-0.255944287861431
2000-12-21,1.3280672097342083,1.5571010727851005,-1.0267019138230697
2000-12-22,1.1204259782352877,1.5599017116616185,-1.1040853569193412
2000-12-26,1.2384302184499534,1.5626992610296484,-1.3232986069282233
2000-12-27,1.1800466806390026,1.5542973375686746,-1.205944626575137
2000-12-28,1.0185148780119397,1.5430512958794755,-1.214341053363711
2000-12-29,1.0480110129534814,1.5430512958794755,-0.8758610583939083
2001-01-02,1.3591996918407325,1.6425141711873792,-0.4445008192677264
2001-01-03,1.0216900737440637,1.5794200572860515,-1.0291040869634194
2001-01-04,1.0605580254712812,1.573858699256941,-2.2743012288079756
2001-01-05,1.2325479942225372,1.5766409027668757,-1.7588209351349626
2001-01-08,1.3450912846885914,1.5599017116616185,-1.9064795935665955
2001-01-09,1.1650082653120188,1.5090108083357276,-1.9289112428606152
2001-01-10,1.0427663658741344,1.465807408340024,-1.8286665608070125
2001-01-11,0.9346785340173438,1.4159369404433388,-1.915251835978091
2001-01-12,0.7971798688785905,1.362041631714895,-1.837598370624751
2001-01-16,0.8784800165167076,1.3468651756196715,-1.4074303942275643
2001-01-17,0.8392524611228784,1.3407690711338083,-1.2120265778418033
2001-01-18,0.6574355340919582,1.3559819436585678,-1.2336195667538576
2001-01-19,0.641740044751877,1.3100667803333708,-1.0829529012134629
2001-01-22,0.6429505211470743,1.2976810255789912,-0.8298953151402324
2001-01-23,0.431919183648462,1.2727265487479802,-0.9463154853976735
2001-01-24,0.4912929107669808,1.2601566184530963,-0.6593032103339738
2001-01-25,0.5681432657841948,1.2601566184530963,-0.26162717320308265
2001-01-26,0.5594302616996641,1.2601566184530963,-0.003205589728402371
2001-01-29,0.5644125601318744,1.2538482116056895,0.28403135682766045
2001-01-30,0.5594302616996641,1.2506881136952899,0.4823992048181389
2001-01-31,0.4900153841841771,1.2028079328756243,0.4386478695668844
2001-02-01,0.44363478443321763,1.1898857227757962,0.5454747548816562
2001-02-02,0.48105666428985944,1.1572891525926423,0.7438139337713982
2001-02-05,0.5116543576493751,1.144132296908205,-0.23918510180388733
2001-02-06,0.48489946945952367,1.1209422624004628,-0.11006820384736583
2001-02-07,0.4449335392812663,1.127589653480342,0.08687212538598078
2001-02-08,0.41753349590108374,1.1142774011531136,0.25244318994853154
2001-02-09,0.4912929107669808,1.1242681359852857,0.2900745198576734
2001-02-12,0.47720835878516477,1.1142774011531136,0.3029327566439293
2001-02-13,0.40570873060151563,1.1008948991480478,0.12981050399241503
2001-02-14,0.4253894871005151,1.0773042337304963,0.2640034427938076
2001-02-15,0.25701622533942203,1.0397840325871386,0.2583795256449729
2001-02-16,0.5027643800507923,1.0773042337304963,0.6527235800380199
2001-02-20,0.8120340124277556,1.0840668463911558,0.23399143208570614
2001-02-21,0.9303110480439462,1.094177072054251,0.24960297550799623
2001-02-22,1.0385637987234,1.1142774011531136,-0.07075065460585801
2001-02-23,1.0854856332378724,1.1375281831630772,0.2935099985628343
2001-02-26,0.895125780185994,1.144132296908205,0.19115527933585483
2001-02-27,1.0100303325156146,1.140832389812859,-0.07290710516001446
2001-02-28,1.2009664887070255,1.1474279156240523,0.39392420882607687
2001-03-01,1.1740409944463688,1.140832389812859,0.04182640042375271
2001-03-02,1.1081436906983544,1.127589653480342,0.1859397929450789
2001-03-05,1.076163814437439,1.1176120212850564,0.3191984521744545
2001-03-06,0.9455672665428048,1.110938390473319,0.2483658927047651
2001-03-07,0.746314933387163,1.1176120212850564,-0.0009252386618985621
2001-03-08,0.7660765161387746,1.110938390473319,0.21788960215084294
2001-03-09,0.916070135311573,1.0908114733586136,0.7431707196071426
2001-03-12,1.389991470149783,1.1142774011531136,0.2477066338384224
2001-03-13,1.1204259782352877,1.1242681359852857,-1.6884419720441357
2001-03-14,1.3233200431484018,1.1931224535852447,-1.2441329283559655
2001-03-15,1.2217317170073674,1.2060282231431998,-1.397952814100574
2001-03-16,1.3516840005400415,1.2443560798314417,-0.8842731351414456
2001-03-19,1.3394280902124134,1.2506881136952899,-0.9434066284391069
2001-03-20,1.4487651015365768,1.2727265487479802,-0.7952979213095305
2001-03-21,1.5355673659029618,1.3131537901423687,-0.9181604961969934
2001-03-22,1.6146355782179203,1.36808687473236,-0.7032754173595371
2001-03-23,1.4020297453046409,1.3377155147805984,-0.8297375827928937
2001-03-26,1.2686277426200776,1.3069760081714508,-1.4193428165891266
2001-03-27,1.067851592295607,1.2538482116056895,-1.5612512461789645
2001-03-28,1.2237014422214756,1.26958990240507,-1.3165024984367837
2001-03-29,1.2811952626527352,1.2852344816007681,-1.4824345697111159
2001-03-30,1.2296021705199096,1.3069760081714508,-1.274129602001807
2001-04-02,1.471394208599989,1.3100667803333708,-0.6662793155817708
2001-04-03,1.7712697462432365,1.3921247631904763,-0.26238485990242283
2001-04-04,1.71809469600059,1.430706803072368,-0.8780565450449752
2001-04-05,1.354504805092541,1.4365907459554261,-1.1788787970482475
2001-04-06,1.514338580866912,1.471610564750944,-1.5037913504484195
2001-04-09,1.533804363140607,1.4802904759454998,-1.3061648967599824
2001-04-10,1.3071192480991474,1.4129726172011474,-1.4500991381045625
2001-04-11,1.2118625426376222,1.3980988018658687,-1.52643151801249
2001-04-12,0.9704531160661539,1.3801342999785342,-1.6174176583498998
2001-04-16,0.9929840993490986,1.3377155147805984,-1.5395130629771874
2001-04-17,0.9149716569670452,1.36808687473236,-1.4603292715456757
2001-04-18,0.7474810331572229,1.3861366181532886,-1.6119708098696675
2001-04-19,0.7509771020035853,1.430706803072368,-2.4699554285135483
2001-04-20,0.8895879859304251,1.4395276058608917,-2.057567258853251
2001-04-23,1.1820457943014404,1.5147160486384117,-1.340627046284472
2001-04-24,1.2148269879126432,1.548680550676904,-1.2471367607335089
2001-04-25,1.105064625287341,1.3254643883218205,-1.149078085914736
2001-04-26,0.9531644669828653,1.3346582772253466,-1.2511093626524317
2001-04-27,0.7346252672970786,1.2976810255789912,-1.3279119794504972
2001-04-30,0.9006524859466858,1.2633049469082858,-1.0512441504263113
2001-05-01,0.7556317801335667,1.228456477624748,-1.044952432421687
2001-05-02,0.7591175209256878,1.1801506695736181,-0.7555877541297799
2001-05-03,0.9335872979222352,1.1898857227757962,-0.18267866104051717
2001-05-04,0.7217102691611932,1.1995835481501542,-0.4877634441750078
2001-05-07,0.831340935832776,1.196355058541684,-0.4463691339331428
2001-05-08,0.7833986353917783,1.1898857227757962,-0.3469864205970149
2001-05-09,0.7730181219711996,1.2060282231431998,-0.07412837951204868
2001-05-10,0.7322814501714913,1.1768973294931226,0.11316963525538495
2001-05-11,0.6778290210970659,1.1142774011531136,0.29040025304839057
2001-05-14,0.7625991699613945,1.1474279156240523,0.5975924362244898
2001-05-15,0.6980755336395849,1.1176120212850564,0.7606890488704697
2001-05-16,0.4733547827100523,1.1342196657401904,0.6083948428895641
2001-05-17,0.4188443519361584,1.1309068262815565,-0.4886262008588742
2001-05-18,0.3872147694159361,1.1242681359852857,-0.2597286579327377
2001-05-21,0.3242242178251315,1.1142774011531136,-0.1279324326075001
2001-05-22,0.403074130930575,1.1176120212850564,-0.20986279413347006
2001-05-23,0.49767161436211854,1.1209422624004628,0.2218253799159202
2001-05-24,0.29835410046825944,1.0908114733586136,-0.48807856131794713
2001-05-25,0.302454784679402,1.0908114733586136,-0.21760314289003055
2001-05-29,0.5053070679550988,1.0874414021052548,0.06517536698086417
2001-05-30,0.5830175257523205,1.1008948991480478,0.3207455525626042
2001-05-31,0.5681432657841948,1.140832389812859,0.11119263177752019
2001-06-01,0.43452692464451664,1.1309068262815565,0.11141691696116804
2001-06-04,0.4070248549085566,1.144132296908205,0.24659597537165204
2001-06-05,0.1595687871514729,1.1671121922919905,0.05411121046619046
2001-06-06,0.2736242197808976,1.1638420716003812,0.1404521273460261
2001-06-07,0.1724723686159564,1.1507192570918248,0.05107172158397964
2001-06-08,0.20800817705935115,1.1375281831630772,0.3414070785781445
2001-06-11,0.31608047028373015,1.1507192570918248,0.5078459078973148
2001-06-12,0.31608047028373015,1.173639810426148,0.6109786978597765
2001-06-13,0.4162222790677478,1.1995835481501542,1.0288964446246964
2001-06-14,0.6271740268465201,1.2727265487479802,1.3580742843847178
2001-06-15,0.5891918644348145,1.257004376599191,0.11342873189794642
2001-06-18,0.633252328916668,1.3038814644745353,0.4603371685159456
2001-06-19,0.5306102842140403,1.3315973495816267,0.5089370570442692
2001-06-20,0.45012232491169496,1.362041631714895,0.5971185695806491
2001-06-21,0.13068045615289334,1.36808687473236,0.26084829033735146
2001-06-22,0.2220978340372602,1.3891324581295055,0.27387659213800764
2001-06-25,0.31199961058896036,1.3831372349001045,0.49638767409846635
2001-06-26,0.3832361120284735,1.3741177414151706,0.6094370999871499
2001-06-27,0.34044134006709137,1.3499077413654903,0.8009096672363595
2001-06-28,0.22069201223678264,1.3346582772253466,0.8670102562022903
2001-06-29,0.0838334161684127,1.2945751118472848,0.776905586877202
2001-07-02,0.03919449804107691,1.3007831400268983,0.8980079730633673
2001-07-03,0.0630900575172746,1.2758593202951634,0.5420316864121533
2001-07-05,0.23191870129799283,1.2664493716694112,1.074828118514095
2001-07-06,0.43973491909945844,1.2852344816007681,0.35613134391130963
2001-07-09,0.5481879671999741,1.2852344816007681,-0.2757100658751849
2001-07-10,0.6429505211470743,1.3069760081714508,0.10404715660866821
2001-07-11,0.7334536027858066,1.3100667803333708,0.2253914330300227
2001-07-12,0.49894567022202513,1.3315973495816267,0.1239893671573003
2001-07-13,0.37526137174458346,1.3285327229307904,-0.8816258001911672
2001-07-16,0.6015002773207563,1.3315973495816267,-0.35298173930902893
2001-07-17,0.5644125601318744,1.3407690711338083,-0.41030380801874017
2001-07-18,0.6849915098216038,1.3831372349001045,-0.08679348224876628
2001-07-19,0.5519404714294798,1.3741177414151706,-0.11012978000857705
2001-07-20,0.5306102842140403,1.365066054547957,-0.02243736633320007
2001-07-23,0.7016334928802789,1.359013597629831,0.4562300998860073
2001-07-24,0.8740243508225024,1.359013597629831,0.18856252847387908
2001-07-25,0.7322814501714913,1.3407690711338083,0.06337659812945133
2001-07-26,0.6137550817623693,1.3285327229307904,-0.08274688580897799
2001-07-27,0.4874585895565154,1.3315973495816267,-0.22473242815916394
2001-07-30,0.5743505313242331,1.3438189551393465,0.1687201143242714
2001-07-31,0.4384340101028721,1.3285327229307904,0.22721329209151933
2001-08-01,0.2969858765751177,1.2727265487479802,0.2265037420132623
2001-08-02,0.23191870129799283,1.228456477624748,0.277584475675231
2001-08-03,0.20376740404686633,1.2188686467525838,0.44762470180274105
2001-08-06,0.4733547827100523,1.2156646308558308,1.0475809757701662
2001-08-07,0.35790534651163547,1.2028079328756243,0.5122341867197209
2001-08-08,0.5280901296944637,1.228456477624748,1.0088843968938919
2001-08-09,0.4553018061398902,1.2220686197259958,0.14884713428401655
2001-08-10,0.2956169870262696,1.2411841241396815,0.14368479930507108
2001-08-13,0.27776107770847697,1.2664493716694112,0.35373372586012736
2001-08-14,0.28601632931706983,1.257004376599191,0.6362911581150803
2001-08-15,0.34448118626025603,1.231644382815063,0.9948828332904628
2001-08-16,0.4280032840684624,1.2475240730540993,1.1017749863005142
2001-08-17,0.713460743002307,1.2789882266081165,1.7779211981411553
2001-08-20,0.5965835122179997,1.2664493716694112,0.912096918835403
2001-08-21,0.7787897034609949,1.282113277212993,1.2138057780251075
2001-08-22,0.5431770697909769,1.2789882266081165,0.28424851174665583
2001-08-23,0.5167216587064365,1.2914653895140953,0.25678356769288285
2001-08-24,0.17818820240740676,1.2852344816007681,-0.05087977535747964
2001-08-27,0.2969858765751177,1.2883518492274197,-0.5701497476895528
2001-08-28,0.4874585895565154,1.3038814644745353,-0.051704107565898716
2001-08-29,0.6161996972657859,1.3162370467470255,-0.021519494567428896
2001-08-30,0.8929119702252573,1.3162370467470255,0.5442662375010495
2001-08-31,0.8381235735242428,1.2601566184530963,0.006188039924827977
2001-09-04,0.9412168703630522,1.2028079328756243,0.363293109759528
2001-09-05,0.995120585637844,1.228456477624748,0.6537272185292261
2001-09-06,1.2266534470005022,1.2727265487479802,1.3001268026756092
2001-09-07,1.4514902856482708,1.3131537901423687,0.669064093199969
2001-09-10,1.5276253082352265,1.3131537901423687,0.5758208445646452
2001-09-17,2.2907411909948188,1.7014307823542838,1.902027694684157
2001-09-18,2.0889542245606507,1.6828326395806827,-0.6005023546191789
2001-09-19,2.2087038702503876,1.7067195814452039,-0.10440855030958014
2001-09-20,2.421082893079873,1.7303836248013014,0.2773420165315979
2001-09-21,2.3507369129649254,1.7821929495918165,-0.16261260395452176
2001-09-24,2.006689750710601,1.7975315744474079,-0.48828790846295245
2001-09-25,1.858244490452943,1.7796274680933633,-1.1095845224246954
2001-09-26,1.8146939671259068,1.802623901951572,-0.9356084402116364
2001-09-27,1.7123077893966896,1.8279332761444929,-0.8061538614322433
2001-09-28,1.5355673659029618,1.8728631998037957,-0.843853291762649
2001-10-01,1.5697261223298984,1.8455007365138667,-0.8133386274984588
2001-10-02,1.4686884156732918,1.8529925536167071,-0.6780081378329731
2001-10-03,1.4830899069690362,1.8455007365138667,-0.48993187996614673
2001-10-04,1.53908989302731,1.8379867214019925,-0.3513528148301857
2001-10-05,1.6613685329858379,1.835477094037415,0.14650814947656035
2001-10-09,1.7801700376417435,1.8102432714637877,0.8749029101749742
2001-10-10,1.5063362895270367,1.7898738587798715,0.6822709956404985
2001-10-11,1.4974180613332566,1.761596058746162,0.2988884048114915
2001-10-12,1.815492007409288,1.7512345397558706,0.813366365900415
2001-10-15,1.8186812990518477,1.719893524032007,1.08551713282156
2001-10-16,1.6180607183501006,1.7146321564913727,1.0461919654837808
2001-10-17,1.8002937665049985,1.7093598505488108,1.5662234334504095
2001-10-18,1.789847305217544,1.7093598505488108,1.099944947570476
2001-10-19,1.721396253798928,1.7067195814452039,1.273319207220758
2001-10-22,1.5636255377227368,1.7067195814452039,1.3048368432101125
2001-10-23,1.5417290231444365,1.6987822408655615,0.9003165674682346
2001-10-24,1.4478562933678163,1.7093598505488108,0.9933989492079663
2001-10-25,1.3090299334068096,1.7119973736622152,1.0414596731438401
2001-10-26,1.2079052730713844,1.7119973736622152,0.5733322179702778
2001-10-29,1.5098955792698203,1.7172642047244704,1.3435236245114237
2001-10-30,1.6672610497377784,1.7408305118507197,0.7582733320912519
2001-10-31,1.675657810085098,1.7093598505488108,0.8620575800075595
2001-11-01,1.5688555620232443,1.6961309303836645,0.9630953930079204
2001-11-02,1.425952523136534,1.6694642467627736,0.1284372582788419
2001-11-05,1.4066460629184763,1.67482006342072,0.3321463202782975
2001-11-06,1.2452773381207265,1.6801645927854596,0.12885188633188224
2001-11-07,1.2773341953433082,1.6881603269287135,0.14382545928241464
2001-11-08,1.227636760745305,1.6425141711873792,0.3532427715053777
2001-11-09,1.109169297518658,1.6234772477816,0.4345786921479459
2001-11-13,1.0079051418012688,1.6097914172378134,0.7608568189345517
2001-11-14,1.017455682679337,1.5599017116616185,0.1287076195188568
2001-11-15,0.9094728232466066,1.4336504809942336,0.24042927733239258
2001-11-16,0.8550090859761735,1.362041631714895,0.43121966906390263
2001-11-19,0.7857000539341096,1.3921247631904763,0.5572104527107965
2001-11-20,0.746314933387163,1.359013597629831,0.42755736996628585
2001-11-21,0.7544688322980524,1.3223923367711667,0.5566498230853576
2001-11-23,0.6429505211470743,1.2914653895140953,0.5446556064835358
2001-11-26,0.7075534451645556,1.2976810255789912,0.42859325841537177
2001-11-27,0.7322814501714913,1.3007831400268983,0.7368756632631729
2001-11-28,0.9466538672040296,1.2852344816007681,1.3101590258963478
2001-11-29,0.8673278076986776,1.3468651756196715,0.6074548842677747
2001-11-30,0.713460743002307,1.365066054547957,0.24323253868157657
2001-12-03,0.9324956384474663,1.362041631714895,0.7681117156970507
2001-12-04,0.7416448040513703,1.3891324581295055,0.6512120048519408
2001-12-05,0.614977655008374,1.3223923367711667,0.07244160850737448
2001-12-06,0.6980755336395849,1.282113277212993,-0.15589903828840573
2001-12-07,0.671846130723958,1.2475240730540993,0.08758856951406559
2001-12-10,0.916070135311573,1.3069760081714508,0.6731296518492283
2001-12-11,0.8807049940889091,1.3407690711338083,0.1749209724391294
2001-12-12,0.832472547447211,1.3741177414151706,0.37474612420183345
2001-12-13,0.9477400483996795,1.3468651756196715,0.8426186664128318
2001-12-14,0.8051878962988946,1.3499077413654903,0.08564341833260268
2001-12-17,0.7625991699613945,1.2976810255789912,0.12866708920068115
2001-12-18,0.64778722584996,1.3468651756196715,0.01457684718125632
2001-12-19,0.5606766636456973,1.37110410084074,0.08160483281380519
2001-12-20,0.6933248052739421,1.359013597629831,0.46495545078756534
2001-12-21,0.5506901926668145,1.3438189551393465,0.2750171552226946
2001-12-24,0.5656567574695076,1.3377155147805984,0.4846687124804022
2001-12-26,0.5243059012888933,1.3254643883218205,0.6822332134739835
2001-12-27,0.43452692464451664,1.3468651756196715,0.7143575755847468
2001-12-28,0.4096557596385042,1.3468651756196715,0.8203090315990208
2001-12-31,0.7087357169390356,1.3193165592625957,1.5708408689902404
2002-01-02,0.576829372024505,1.282113277212993,0.8695328486792103
2002-01-03,0.4017559054259359,1.2538482116056895,0.5050656455936677
2002-01-04,0.2818918623000891,1.2411841241396815,0.20868269911844642
2002-01-07,0.4797744805172786,1.2633049469082858,0.6723695147839871
2002-01-08,0.46563200680182115,1.2601566184530963,0.7624872338058211
2002-01-09,0.5040358899729978,1.257004376599191,1.0743164336173874
2002-01-10,0.5331281835099073,1.26958990240507,1.1444299292592581
2002-01-11,0.5631678123736154,1.2976810255789912,1.3824887539619541
2002-01-14,0.6826059630019892,1.2976810255789912,1.464298304139001
2002-01-15,0.5755903428635638,1.3254643883218205,1.399873528824585
2002-01-16,0.6670508707234587,1.3285327229307904,1.5503465720891856
2002-01-17,0.5192520117118115,1.3131537901423687,0.28258602044499576
2002-01-18,0.5531901948701803,1.3315973495816267,0.47010066002128237
2002-01-22,0.6861835252023943,1.3285327229307904,0.9034628195168348
2002-01-23,0.47206908361682365,1.3131537901423687,0.6831068262181186
2002-01-24,0.3765920657345668,1.3007831400268983,0.6146837620508983
2002-01-25,0.35790534651163547,1.2883518492274197,0.819648698779046
2002-01-28,0.37526137174458346,1.2789882266081165,1.1102563988972036
2002-01-29,0.7730181219711996,1.3254643883218205,1.9838505653218672
2002-01-30,0.6393175285636316,1.3346582772253466,-0.5392892915043385
2002-01-31,0.36859869986457316,1.2092444293383189,-1.017063774210618
2002-02-01,0.37259834838066636,1.1833998413761233,-0.938239878838069
2002-02-04,0.832472547447211,1.2156646308558308,0.06217379900217505
2002-02-05,0.8973378496901169,1.238008196054032,-0.5289329111754694
2002-02-06,0.9672195371583373,1.2506881136952899,-0.17633209795992544
2002-02-07,0.8594949415397753,1.2506881136952899,-0.0898618839532809
2002-02-08,0.644160477007275,1.26958990240507,-0.22085580957062725
2002-02-11,0.45918016964713226,1.2727265487479802,-0.8508894214758498
2002-02-12,0.4384340101028721,1.2538482116056895,-0.8342350010650663
2002-02-13,0.3363959425840421,1.2411841241396815,-0.7281401625869774
2002-02-14,0.4578879757096349,1.2601566184530963,-0.45205987138590004
2002-02-15,0.5343862887095856,1.2789882266081165,-0.04889583421210968
2002-02-19,0.7822471099920081,1.282113277212993,0.3988486180138815
2002-02-20,0.5706278155004016,1.3038814644745353,-0.4042194824023324
2002-02-21,0.7087357169390356,1.3069760081714508,-0.3693241326337173
2002-02-22,0.5953529186124692,1.3315973495816267,-0.9275942887614864
2002-02-25,0.4669206499745493,1.3407690711338083,-1.0595458797426118
2002-02-26,0.4462316949207299,1.3223923367711667,-1.1818631585208232
2002-02-27,0.4214642333017458,1.3407690711338083,-0.9357945413874419
2002-02-28,0.43452692464451664,1.3038814644745353,-0.6492947033053633
2002-03-01,0.21365234788980095,1.2411841241396815,-0.7593127022062524
2002-03-04,0.2887627935222684,1.2188686467525838,-1.2607798017672645
2002-03-05,0.26117729110408533,1.1898857227757962,-1.4606618364946553
2002-03-06,0.2108318122991316,1.1703781016228838,-1.265448481575203
2002-03-07,0.2249073721907461,1.0840668463911558,-1.1768942679693906
2002-03-08,0.11466478417866321,1.0260015082010439,-1.075075320156695
2002-03-11,0.1966854848233334,1.02254414127843,-0.6894867889896079
2002-03-12,0.16100547460566736,1.0190820543995076,-0.4742000264423417
2002-03-13,0.14227134944219583,1.032902133533594,-0.22588401254597204
2002-03-14,0.10442524650913139,0.9771641042471301,-0.2591495571198826
2002-03-15,-0.012267631256626443,0.9701099182106094,-0.17950876224960788
2002-03-18,0.06457684872493602,0.9771641042471301,-0.05164432437375249
2002-03-19,-0.05226609081359942,0.9701099182106094,0.028340168015034545
2002-03-20,-0.0061643355439721164,0.9345416178365904,0.2161981847977855
2002-03-21,-0.053815940681907495,0.9416952988706695,-0.6561873531189436
2002-03-22,-0.11335040263859791,0.9345416178365904,-0.4764113272433953
2002-03-25,-0.003117499915452456,0.927367700054104,-0.03811739677513518
2002-03-26,-0.05691820386063127,0.9523881253025334,-0.32760846864652615
2002-03-27,-0.12445598735072498,0.9523881253025334,-0.266190904925648
2002-03-28,-0.17255457101440022,0.9452645862226461,-0.09838685562894174
2002-04-01,0.03469129248037443,0.9057233731185986,0.5022200503859042
2002-04-02,0.09855714786785563,0.927367700054104,0.8633642423463238
2002-04-03,0.24728271970914834,0.9594917104653099,1.2224352761159993
2002-04-04,0.188163531355566,0.9594917104653099,1.148009379798816
2002-04-05,0.09414802855934128,0.9806838525497527,1.1602856092434022
2002-04-08,0.16387665063911763,0.9701099182106094,1.516697156599358
2002-04-09,0.14371689400992,0.9771641042471301,1.6933497922932959
2002-04-10,-0.04762165681183522,0.9594917104653099,1.3193701089006848
2002-04-11,0.26117729110408533,0.9665754531855908,1.384186919967025
2002-04-12,0.1364820095046255,0.9982096876442755,-0.5875950036976233
2002-04-15,0.19384761031729253,1.001700367128574,-0.34322184548510826
2002-04-16,-0.060023594912016226,0.9806838525497527,-0.6229059863476977
2002-04-17,-0.010740492931887495,0.9559424051344415,-1.4148284850640247
2002-04-18,0.11758361454744691,0.9523881253025334,-0.9263012103286749
2002-04-19,-0.030657942827306033,0.9559424051344415,-0.9222448349415578
2002-04-22,0.18674064776419677,0.9701099182106094,-0.3171498555936831
2002-04-23,0.2584040193226619,0.9665754531855908,-0.5565168833219412
2002-04-24,0.3255792634939226,0.9771641042471301,-0.20551016321813348
2002-04-25,0.3498586408972696,0.984198722474786,-0.1246386771062151
2002-04-26,0.5053070679550988,0.9912138811527557,0.4069048678308774
2002-04-29,0.7381371131265462,0.9736394640064466,0.20274743045104715
2002-04-30,0.4759244197584219,0.8618725126249744,0.005650817256022694
2002-05-01,0.22771384021636754,0.86555585131889,-0.3201415773591247
2002-05-02,0.2291161589008789,0.8581838163456167,-0.38344206404123754
2002-05-03,0.24588942815652182,0.8838927225694522,-0.11215106923398555
2002-05-06,0.5581833073802486,0.891190506727763,0.3707918412411382
2002-05-07,0.4797744805172786,0.9129586939893054,-0.3466763464556648
2002-05-08,0.2736242197808976,0.86555585131889,-0.4232070229944537
2002-05-09,0.4306144062644787,0.86555585131889,-1.849391025331746
2002-05-10,0.5394128521065384,0.8948315385735321,-1.5219266649281384
2002-05-13,0.3187974999337903,0.891190506727763,-1.9826012983780692
2002-05-14,0.12632170475112095,0.86555585131889,-2.4230058220665702
2002-05-15,0.10295936878474153,0.8802359400397402,-2.619681708784294
2002-05-16,-7.396002083939338e-05,0.923773116539527,-2.5039776002163228
2002-05-17,-0.12445598735072498,0.9093436139117712,-2.4399366151870177
2002-05-20,0.11028085344501201,0.9309571956922263,-1.7927564696894005
2002-05-21,0.22631082227935864,0.9452645862226461,-1.475541810945487
2002-05-22,0.1595687871514729,0.9594917104653099,-1.4167878879852585
2002-05-23,-0.04144127398556975,0.9416952988706695,-1.4615055372510177
2002-05-24,0.06011411610173583,0.9345416178365904,-1.2076403503464863
2002-05-28,0.26256303474857,0.9381209808089914,-0.8909728954539791
2002-05-29,0.2736242197808976,0.9630360552001095,-0.6420789188849029
2002-05-30,0.3038203524109708,0.984198722474786,-0.42259590214672127
2002-05-31,0.21647032751456755,1.0051862484265028,-0.3004980873716649
2002-06-03,0.6574355340919582,1.001700367128574,0.6854832124545174
2002-06-04,0.7193556645314843,1.0294541680195164,-0.41954196287507517
2002-06-05,0.5644125601318744,1.0156152346594014,-0.39260048390099445
2002-06-06,0.7509771020035853,1.0294541680195164,0.036852278565915594
2002-06-07,0.6742408136969193,1.05007199089529,-0.5321920618558071
2002-06-10,0.6992620200237839,1.073916152738977,-0.20347760758551556
2002-06-11,0.7845496897129004,1.1042471511166088,0.19453686998433975
2002-06-12,0.7498122283150405,1.1474279156240523,-0.13895646814495705
2002-06-13,0.8493919050705542,1.1638420716003812,0.2424839006268131
2002-06-14,0.9531644669828653,1.212456561806959,0.4947466037137295
2002-06-17,0.806330073057494,1.196355058541684,0.5348596652010156
2002-06-18,0.760278549356953,1.196355058541684,-0.5293647358876189
2002-06-19,0.9639822378436306,1.2348282856123738,-0.008196598241400484
2002-06-20,1.1132677951878027,1.228456477624748,-0.2744956623098817
2002-06-21,1.0875530487565779,1.2883518492274197,-0.23906153046366163
2002-06-24,1.0616011218254224,1.3038814644745353,-0.3162348934262073
2002-06-25,1.1498890415525829,1.3285327229307904,0.08351934292791632
2002-06-26,1.2079052730713844,1.5599017116616185,-0.22126349870307438
2002-06-27,0.9887064579149021,1.5821961694898747,-0.2868233357464067
2002-06-28,0.8918044117173679,1.6070453658109185,-0.5624489786956944
2002-07-01,1.0751261038418038,1.454161104312412,-0.001878755363954744
2002-07-02,1.2608656623225476,1.5232499150592727,0.04590392639023434
2002-07-03,1.3052070820084218,1.548680550676904,-0.16492803761539224
2002-07-05,1.0751261038418038,1.5317551602980883,-0.2840651522576141
2002-07-08,1.1910240803491081,1.540231975694776,-1.3137119513570326
2002-07-09,1.380696124059017,1.5374095177017661,-0.8306898165537197
2002-07-10,1.7205710700869465,1.5599017116616185,-0.4952717191053932
2002-07-11,1.699866870342084,1.6152746155792361,-1.1385358744455212
2002-07-12,1.6231902976139867,1.6152746155792361,-0.9999569260310652
2002-07-15,1.7962802732662724,1.596031327890356,-0.4987254330967575
2002-07-16,1.9234833553279163,1.5794200572860515,-0.011008071686851799
2002-07-17,1.8298151343827869,1.596031327890356,-0.1706223752837092
2002-07-18,1.8035000163774324,1.6152746155792361,0.08404751309141456
2002-07-19,2.03782135924384,1.6452221033666696,-0.11343433449716304
2002-07-22,2.2981430223363093,1.6774937360404847,-0.2066606842745395
2002-07-23,2.4959833654395482,1.7356124477773167,-0.07674451408283943
2002-07-24,2.1597201998091684,1.8000790163943592,-0.7171269344856717
2002-07-25,2.1177612197604,1.8051662362446415,-1.8188911986552634
2002-07-26,1.8345731515316464,1.8429985377465423,-1.9973086981978354
2002-07-29,1.482191948665592,1.812777982564301,-2.3990013118584548
2002-07-30,1.534686002604737,1.8077060243837602,-2.803166353073056
2002-07-31,1.544365512627579,1.7356124477773167,-2.5358283267374113
2002-08-01,1.946421096600701,1.6908199792385088,-1.5757967738827248
2002-08-02,2.258894348002542,1.7486375315975815,-1.0450556746763227
2002-08-05,2.5059878286850927,1.7873161397078445,-0.5505219625984735
2002-08-06,2.3088746122386037,1.761596058746162,-1.0752773501344204
2002-08-07,2.0788017754104335,1.7821929495918165,-1.5597807357752973
2002-08-08,1.898808512750174,1.7719154147755447,-1.6615872837622039
2002-08-09,1.820274590258493,1.7898738587798715,-1.883450554919858
2002-08-12,1.9540255471476515,1.8102432714637877,-1.3644358662115517
2002-08-13,1.8590299757611446,1.8480004688453378,-1.2385075326057056
2002-08-14,1.573206335896797,1.8604623034796295,-1.5722930841928242
2002-08-15,1.3061633274909126,1.812777982564301,-2.334548735531732
2002-08-16,1.246254165898888,1.7924290008045374,-2.217552058640482
2002-08-19,1.2266534470005022,1.7924290008045374,-1.9490208806537044
2002-08-20,1.3214188590982812,1.7949815709696604,-1.7968656448971922
2002-08-21,1.189031337811003,1.7796274680933633,-1.7766053555474446
2002-08-22,1.1407783179339426,1.719893524032007,-1.6867386583896933
2002-08-23,1.2956268934289847,1.7119973736622152,-1.1990738501598777
2002-08-26,1.3498018918683359,1.693476845112688,-1.1632992496882255
2002-08-27,1.3704358102661236,1.664097095034663,-0.865683238822826
2002-08-28,1.6554636500314555,1.67482006342072,-0.21748195317516097
2002-08-29,1.6848649180367188,1.6828326395806827,-0.29773937554368507
2002-08-30,1.5974473838003826,1.6801645927854596,-0.13990183930824107
2002-09-03,2.167474366856084,1.7486375315975815,1.0714290601486292
2002-09-04,1.9834884718587034,1.746037861205963,-0.24306078041415685
2002-09-05,2.0882303815947205,1.764179837110214,0.0833635000228992
2002-09-06,1.898808512750174,1.7303836248013014,0.018716884604248724
2002-09-09,1.9080868815153222,1.7303836248013014,0.17316397832131586
2002-09-10,1.8002937665049985,1.7329993839243354,0.24709612722278515
2002-09-11,1.7785538674686947,1.704076560627598,0.37594778150952923
2002-09-12,1.9879940811080308,1.7146321564913727,0.9705177817861627
2002-09-13,1.8590299757611446,1.719893524032007,0.6530936211208092
2002-09-16,1.9303843625034973,1.7093598505488108,1.0583455148855379
2002-09-17,2.0260022381864715,1.7067195814452039,1.5000318737125082
2002-09-18,1.9894943489688042,1.719893524032007,1.0186696341227215
2002-09-19,2.2149403543546513,1.764179837110214,1.553154497848705
2002-09-20,2.0969056080143234,1.7898738587798715,0.8536335672880208
2002-09-23,2.1469853357510607,1.8404938676713922,1.2326790492568682
2002-09-24,2.2059275974451324,1.8753361188149082,1.539866950019007
2002-09-25,1.9752098339851876,1.8554849157288136,1.1153994004538383
2002-09-26,1.7615279511598751,1.8529925536167071,0.3611668858339121
2002-09-27,1.9479436898455829,1.8852037508949406,0.6784087510328966
2002-09-30,2.1476942221584543,1.8925793593269462,0.18141317101325877
2002-10-01,1.7222208809992838,1.862947338705373,-0.3171779358337002
2002-10-02,1.9372684852889845,1.895033136243054,-1.0685053887698321
2002-10-03,1.9737019281599284,1.9291390253482275,-1.159610743218264
2002-10-04,2.131341757861052,1.9460214916108791,-0.6491221951958086
2002-10-07,2.349417451112586,1.9841930983805478,-0.17627244888963273
2002-10-08,2.2404348718888887,2.021798654862704,-0.29669115452271116
2002-10-09,2.315561289170039,2.0908404392833217,-0.013865305252073272
2002-10-10,1.9917431090022089,2.0976423519304332,-0.7228114211145188
2002-10-11,1.8495881452210963,2.0680347258332454,-1.1974418560623274
2002-10-15,1.7139624511935376,1.9889244024487054,-1.653251267225484
2002-10-16,1.8731337281262719,1.9889244024487054,-1.9799805855716306
2002-10-17,1.7205710700869465,1.9675636732521062,-2.1408048790340937
2002-10-18,1.673141251974474,1.969945992116776,-2.0599985648699817
2002-10-21,1.6376742821736103,1.9436165808142973,-1.8184317226156113
2002-10-22,1.7197459591522575,1.9412093872354117,-1.5166994220297114
2002-10-23,1.6453121193829343,1.9436165808142973,-1.359597779437058
2002-10-24,1.7147892596305059,1.9412093872354117,-0.975326975757846
2002-10-25,1.360137765639761,1.950824482146849,-1.5150468566552906
2002-10-28,1.458744392828584,1.9460214916108791,-1.320829414980065
2002-10-29,1.565369959541428,1.9747039264297896,-0.8730712778561789
2002-10-30,1.4731967406188884,1.9627923110826968,-0.8236761919042044
2002-10-31,1.4650764096096516,1.955618393300211,-0.6127689781370299
2002-11-01,1.2937068985577207,1.926718043546277,-0.6866436163026263
2002-11-04,1.4360129074942607,1.8852037508949406,-0.5144176981546589
2002-11-05,1.4731967406188884,1.8579748307495967,-0.24153922039779568
2002-11-06,1.4277843932443903,1.835477094037415,-0.08347768137233011
2002-11-07,1.4902631045560777,1.8404938676713922,0.1246761083533323
2002-11-08,1.3042505114307796,1.8504977395985371,-0.5474061835240596
2002-11-12,1.4140165589296814,1.8480004688453378,-0.19095236974628668
2002-11-13,1.4740975737798767,1.8379867214019925,0.1331927135119498
2002-11-14,1.2325479942225372,1.7949815709696604,0.03404924840901806
2002-11-15,1.0269739156531283,1.7538288911278563,-0.4637272432517385
2002-11-18,1.131637997926276,1.7329993839243354,-0.0704257927614016
2002-11-19,1.1060913548556774,1.7093598505488108,0.03377036634746822
2002-11-20,0.8829284255619854,1.6506293084961214,-0.04098745372933599
2002-11-21,0.709917717544547,1.5849692460318532,-0.7688072264545651
2002-11-22,0.6320376721622035,1.5542973375686746,-1.056928154956321
2002-11-25,0.74047605955038,1.545867485224902,-0.6553182818938831
2002-11-26,0.9542481382499474,1.5821961694898747,-0.015424383831927055
2002-11-27,1.0896189463141657,1.5260881674483677,-0.06662010292366691
2002-11-29,1.1153149050247853,1.545867485224902,-0.6831478546518022
2002-12-02,1.1112191948834578,1.4483178338817115,-0.404279399364876
2002-12-03,1.198980777750766,1.4483178338817115,0.03054217249445757
2002-12-04,1.2569767630205564,1.4889407796537963,0.16413657632292653
2002-12-05,1.369501164093426,1.5118650328856935,0.6092643013295734
2002-12-06,1.2530822954638277,1.5430512958794755,0.5114876179151872
2002-12-09,1.4323588574497053,1.5654937276980254,1.0190042491205349
2002-12-10,1.2413668188221936,1.5571010727851005,-0.15500513481383488
2002-12-11,1.1417921000785012,1.5682851184531028,-0.24576769350122404
2002-12-12,1.0937461964508262,1.5599017116616185,-0.03073011346141485
2002-12-13,1.1840434886102538,1.540231975694776,0.40822503838522345
2002-12-16,0.9833499889706944,1.5090108083357276,-0.03477835822968323
2002-12-17,1.028029534630648,1.5147160486384117,-0.5630761702645916
2002-12-18,1.1950053364471311,1.5260881674483677,-0.09274535300985948
2002-12-19,1.3797648804966565,1.5514904991582377,0.3196393885210142
2002-12-20,1.0333014961617952,1.540231975694776,-0.025955534963341312
2002-12-23,0.979057664526316,1.5430512958794755,-0.12747226019436492
2002-12-24,1.0100303325156146,1.545867485224902,0.2138785216874143
2002-12-26,1.1019823827913398,1.548680550676904,0.552085801404557
2002-12-27,1.3176126328128457,1.573858699256941,1.189051758797972
2002-12-30,1.3242701536603916,1.5794200572860515,0.5444197299920568
2002-12-31,1.227636760745305,1.5147160486384117,0.5630263330610116
2003-01-02,0.8906964170669673,1.4424610685881496,0.2991285502587608
2003-01-03,0.8108941492257956,1.4188978027118997,-1.020034702487345
2003-01-06,0.8369942328196602,1.37110410084074,-0.6930004091438636
2003-01-07,0.861734976691538,1.3254643883218205,-0.7490932352399705
2003-01-08,0.9061685675227406,1.3007831400268983,-0.39019392264913333
2003-01-09,0.7614390989038933,1.228456477624748,-0.6337214078215867
2003-01-10,0.7695493494106729,1.2188686467525838,-0.6612973890174483
2003-01-13,0.8358644386452528,1.2188686467525838,-0.2711871059022131
2003-01-14,0.7983253003503221,1.231644382815063,-0.042264751553686565
2003-01-15,0.9039634323997516,1.231644382815063,0.39746107144235643
2003-01-16,0.8482670790372768,1.2411841241396815,0.3866079162999982
2003-01-17,0.9248423486586745,1.2758593202951634,0.7573629776624582
2003-01-21,1.1245083182398246,1.282113277212993,0.8746865614665087
2003-01-22,1.2657194712832063,1.3162370467470255,0.8937825515897239
2003-01-23,1.1183827798934403,1.2945751118472848,0.6541652369322231
2003-01-24,1.498311174279389,1.3100667803333708,1.4831827277461465
2003-01-27,1.7688373030267388,1.3346582772253466,1.00011361009716
2003-01-28,1.5355673659029618,1.3223923367711667,0.6444080871236462
2003-01-29,1.4758983753283137,1.3193165592625957,0.7584582832517835
2003-01-30,1.4812937036969045,1.3223923367711667,0.9647124612508863
2003-01-31,1.4677858487670206,1.3346582772253466,0.3709065379153282
2003-02-03,1.4542128328495632,1.3100667803333708,0.17553733122187518
2003-02-04,1.60777276411114,1.3315973495816267,0.7155645160833966
2003-02-05,1.631719410974025,1.3162370467470255,0.9055351994571643
2003-02-06,1.6579957397579415,1.3529466611359047,1.1788401949415717
2003-02-07,1.7131350841311987,1.365066054547957,1.518898890076999
2003-02-10,1.7114802513452594,1.3529466611359047,1.5253635679467816
2003-02-11,1.6857006386235682,1.359013597629831,1.6741534501465014
2003-02-12,1.739485584243703,1.3980988018658687,1.9457055904521516
2003-02-13,1.68737101699188,1.454161104312412,1.6124592144344239
2003-02-14,1.595722742376019,1.4336504809942336,1.7289899396668293
2003-02-18,1.4623645313911178,1.4159369404433388,0.9030076475284216
2003-02-19,1.4803951718798831,1.4070335553650533,0.7329427674205342
2003-02-20,1.4668829922449698,1.4010805520564626,0.9564736676956723
2003-02-21,1.3834880068963202,1.3741177414151706,0.9322129162238362
2003-02-24,1.5399698781396405,1.37110410084074,1.2890809537036394
2003-02-25,1.5187744086438733,1.3831372349001045,1.0603001877031784
2003-02-26,1.5364484532082407,1.3801342999785342,1.263239759652699
2003-02-27,1.4094123278881998,1.36808687473236,0.9508736789654699
2003-02-28,1.325219762329322,1.362041631714895,0.7955391499905355
2003-03-03,1.400181024952968,1.3346582772253466,1.1241321358516978
2003-03-04,1.526741453250727,1.3407690711338083,1.4337781437365857
2003-03-05,1.395553902798353,1.3468651756196715,1.0069906036376366
2003-03-06,1.4857820637161683,1.3407690711338083,1.3052118882017327
2003-03-07,1.459649864225185,1.3499077413654903,1.403316200321964
2003-03-10,1.6546192209061301,1.362041631714895,1.9012580894379747
2003-03-11,1.6798466524645579,1.3468651756196715,1.1180635618301507
2003-03-12,1.6714624020171074,1.3438189551393465,1.2354326660168695
2003-03-13,1.5205468511109177,1.2945751118472848,1.2001007367012078
2003-03-14,1.450582184186601,1.2976810255789912,-0.1960229043750917
2003-03-17,1.5196607694429918,1.257004376599191,0.20250831078584647
2003-03-18,1.400181024952968,1.2156646308558308,-0.6752307723794259
2003-03-19,1.5009888134400546,1.2060282231431998,-0.2432996447947666
2003-03-20,1.401105536965423,1.1931224535852447,-0.16875919499448855
2003-03-21,1.2325479942225372,1.144132296908205,-0.15189497401175298
2003-03-24,1.3964799361753153,1.1833998413761233,-0.11888250148770463
2003-03-25,1.2403882925344007,1.1801506695736181,-1.1544790108398517
2003-03-26,1.189031337811003,1.173639810426148,-1.0137092544423627
2003-03-27,1.1619908361960878,1.1671121922919905,-0.7817594603366971
2003-03-28,1.1407783179339426,1.1638420716003812,-0.5186900063622601
2003-03-31,1.2792653912889373,1.154006332399661,-0.027648021465066085
2003-04-01,1.2019588189145172,1.1176120212850564,-0.48457303816498193
2003-04-02,1.1680224619708046,1.032902133533594,-0.5013293021340411
2003-04-03,1.1870371829494661,1.0156152346594014,-0.7726731400270983
2003-04-04,1.2773341953433082,0.9912138811527557,-0.35098615399022537
2003-04-07,1.2108738883794983,0.9452645862226461,-0.20354269372063513
2003-04-08,1.0772009446445754,0.9806838525497527,-0.1312848466216616
2003-04-09,1.0751261038418038,1.0156152346594014,0.1541009804475373
2003-04-10,0.913872749603384,1.0051862484265028,-0.09893575399256502
2003-04-11,0.7833986353917783,0.9806838525497527,-0.07273917714222737
2003-04-14,0.6622471951448395,0.9488288570060668,-0.014677575235710016
2003-04-15,0.5581833073802486,0.9309571956922263,-0.6469768238326732
2003-04-16,0.5531901948701803,0.923773116539527,-0.5102788308326467
2003-04-17,0.42277325976795505,0.8948315385735321,-0.9231672537289015
2003-04-21,0.48105666428985944,0.8765738769558047,-0.8785388857838077
2003-04-22,0.31608047028373015,0.854489746872402,-0.8583929369983518
2003-04-23,0.3296402314174107,0.7984230952911999,-1.1235786238311953
2003-04-24,0.2653324762769227,0.7908530053567164,-1.0724197568114855
2003-04-25,0.3296402314174107,0.7870594695035592,-0.8158351537163883
2003-04-28,0.33504609737353297,0.7718283231482529,-0.7951404964844491
2003-04-29,0.3242242178251315,0.7372200465363926,-1.0250463230795586
2003-04-30,0.3845627876791433,0.6942694268207509,-0.6582084696814282
2003-05-01,0.43452692464451664,0.6665535417136595,-0.29937884758487177
2003-05-02,0.306549241087351,0.622378615250015,-0.22452207330936552
2003-05-05,0.3739300481238709,0.6183242926519525,-0.2846044744885677
2003-05-06,0.3296402314174107,0.6545819463345763,-0.08347129169554414
2003-05-07,0.35656578337847594,0.7021329315551955,0.019521628752138795
2003-05-08,0.3885398235345517,0.7372200465363926,0.26820642934860256
2003-05-09,0.17533187321141486,0.7294647553396986,-0.0833972450229724
2003-05-12,0.15093349796575292,0.7294647553396986,-0.3386119007660831
2003-05-13,0.20659529612141572,0.7294647553396986,-0.33175365244804905
2003-05-14,0.2192854876849792,0.7641783075584316,-0.040502441150686457
2003-05-15,0.11028085344501201,0.7372200465363926,0.04378634846410394
2003-05-16,-0.015324396735659624,0.768006199975699,-0.01513243063397344
2003-05-19,0.29013502096116284,0.7794553311376539,0.7280571084092492
2003-05-20,0.39515575011424353,0.8209987183700769,-0.3367001838890369
2003-05-21,0.3845627876791433,0.8322116102335237,-0.0803037563529568
2003-05-22,0.188163531355566,0.854489746872402,-0.13141006689410922
2003-05-23,0.10002532026171265,0.8581838163456167,-0.258229688381601
2003-05-27,0.2178782596789077,0.8618725126249744,0.19706939762236686
2003-05-28,0.223502953788302,0.86555585131889,-0.3182480495728691
2003-05-29,0.2791386798398437,0.8581838163456167,0.031232276588060458
2003-05-30,0.14371689400992,0.8359382504999517,0.0664009086692836
2003-06-02,0.3363959425840421,0.7794553311376539,-0.03256727284689451
2003-06-03,0.33504609737353297,0.8097360281558867,0.19840357236676737
2003-06-04,0.30518525771275823,0.7946408749854306,0.3749910162369323
2003-06-05,0.3336956042742999,0.7488086953924121,0.11264586601376048
2003-06-06,0.3898642539372321,0.7099721286628179,0.4119155231997964
2003-06-09,0.5065776718991994,0.7216856748689545,0.8268249247467419
2003-06-10,0.30791282358179495,0.7488086953924121,0.441525154291855
2003-06-11,0.24867505612242774,0.7177871679598561,0.2983798575617431
2003-06-12,0.2763828007626489,0.7099721286628179,0.28058061258197536
2003-06-13,0.3106380076934902,0.7021329315551955,0.577248786620603
2003-06-16,0.25006696930188554,0.6425535684725187,0.3899139178376392
2003-06-17,0.22069201223678264,0.5732936330000667,-0.5210607954461536
2003-06-18,0.1853170442557048,0.531651018415512,-0.2969904932841932
2003-06-19,0.19100687065222377,0.5525578000149192,-0.012071518268987587
2003-06-20,0.09561850281803377,0.5442157587922577,-0.5020609898127817
2003-06-23,0.2997216593527605,0.6020418723835534,0.09653478242919154
2003-06-24,0.322868519264637,0.6345028371240474,0.12332282615840863
2003-06-25,0.33099267191982157,0.5774205309733775,0.4082457339529951
2003-06-26,0.13358272810898666,0.5274488994011183,0.05173780688183083
2003-06-27,0.09855714786785563,0.5274488994011183,-0.2092371361170101
2003-06-30,0.15093349796575292,0.5691600082137177,-0.2088648049933253
2003-07-01,0.14227134944219583,0.5774205309733775,0.05223038758072988
2003-07-02,0.07940142771309382,0.5897610820645226,-0.028934399836187362
2003-07-03,0.13213196633653537,0.5608724902336696,-0.1201334982943581
2003-07-07,0.22771384021636754,0.535846186030514,0.013563465327045967
2003-07-08,0.1451616963040834,0.5020889056169892,-0.759455734553965
2003-07-09,0.06457684872493602,0.5020889056169892,-0.6509290282699651
2003-07-10,0.10295936878474153,0.5148006026333686,-0.38517720975414355
2003-07-11,-0.004640505316931354,0.535846186030514,-0.6838678946039481
2003-07-14,0.16100547460566736,0.4893131695545101,-0.3494314795961494
2003-07-15,0.1552543180458388,0.39803417628226934,-0.1419456501706066
2003-07-16,0.1853170442557048,0.4112769126147852,0.16790143519565018
2003-07-17,0.25006696930188554,0.4068703463541042,0.4352545501040978
2003-07-18,0.0912050533893273,0.4112769126147852,-0.16816194744914553
2003-07-21,0.188163531355566,0.3353036007533888,-0.025331834360812114
2003-07-22,0.10002532026171265,0.3668628484222475,-0.3094317787041653
2003-07-23,0.021138558241307243,0.39360451883296443,-0.3762462652829678
2003-07-24,0.015094263385080717,0.38472192395504096,-0.11274733249968377
2003-07-25,-0.11651904293645278,0.39803417628226934,-0.2335580291520141
2003-07-28,-0.021447615993989474,0.3623783587568398,-0.6525330415317514
2003-07-29,0.025663489310864915,0.35338551867739004,-0.33302166867721567
2003-07-30,0.05266074753221272,0.4419103268840947,-0.07545657832294375
2003-07-31,0.14660575708659604,0.37133942194997466,0.32965262893504393
2003-08-01,0.322868519264637,0.41567583521809864,0.8635890523558123
2003-08-04,0.39251124594157066,0.44625647746789077,0.9475896967464857
2003-08-05,0.5731101732387558,0.42882700511400146,1.5027805816770445
2003-08-06,0.42277325976795505,0.5400344252069963,0.0844779162256801
2003-08-07,0.2556277465174051,0.5774205309733775,0.00414879871481594
2003-08-08,0.16100547460566736,0.5691600082137177,-0.1660941879031375
2003-08-11,0.1838927201012264,0.5483902095207693,0.12344261835122013
2003-08-12,-0.08656066520797366,0.5691600082137177,-0.09018607694043063
2003-08-13,0.040693966380271396,0.5105704461146773,0.11492220510644001
2003-08-14,-0.004640505316931354,0.5400344252069963,0.2182572137856614
2003-08-15,-0.03527414313657413,0.5442157587922577,0.4037571097332048
2003-08-18,-0.04916894981671049,0.535846186030514,0.5990057737005601
2003-08-19,-0.09913581530126007,0.5063332216620083,0.4581870102081809
2003-08-20,-0.10544467960206763,0.4331956164354091,0.6396504239419397
2003-08-21,-0.10228847923138198,0.3443606755409037,0.8154452850661663
2003-08-22,0.007520228253632613,0.3488771117212013,1.1866599927588295
2003-08-25,0.15237460029734584,0.30793666346176973,1.164073714558097
2003-08-26,0.14660575708659604,0.3170918295238923,1.3875567319015323
2003-08-27,0.09414802855934128,0.2709818638862947,1.5229718242785166
2003-08-28,-0.003117499915452456,0.29414164352506084,1.595318672457214
2003-08-29,0.019628629343882924,0.2616584039546819,1.614395623381363
2003-09-02,0.07792245146944385,0.14701839975773093,1.6515246993119517
2003-09-03,0.13937830649653637,0.13231703542690126,1.0484597815807735
2003-09-04,0.03168514643951151,0.17616789592052537,0.9839669680697137
2003-09-05,-0.05071709417150772,0.2569837883546618,1.0937717420796558
2003-09-08,-0.03681465906364015,0.22401796163150417,1.1842305872933292
2003-09-09,0.05266074753221272,0.21927337980799297,1.2063622796578088
2003-09-10,0.22069201223678264,0.2569837883546618,1.4951144685607491
2003-09-11,0.11174292276350005,0.22875368335308566,1.0520705813673497
2003-09-12,0.02717018401602274,0.2569837883546618,1.1194092686782338
2003-09-15,0.11612457785076256,0.2616584039546819,1.4868875334792777
2003-09-16,-0.07248043933760882,0.24290801727886369,1.3418593887097472
2003-09-17,-0.053815940681907495,0.25230054003394997,0.5582833197329796
2003-09-18,-0.1451979259441992,0.20975750280792607,0.6458593020358918
2003-09-19,-0.1500060844227287,0.18099373609221242,0.2909020198303983
2003-09-22,0.16960995499653153,0.19061795350647748,0.9593229270667563
2003-09-23,0.14371689400992,0.21927337980799297,0.6892745697969814
2003-09-24,0.3858890909936547,0.22875368335308566,1.2829854345413534
2003-09-25,0.5205163353946968,0.23348057800203573,0.63886701446356
2003-09-26,0.5167216587064365,0.2709818638862947,0.7030134931214518
2003-09-29,0.4449335392812663,0.24760862704905692,0.8217769566097808
2003-09-30,0.5780680920192509,0.29874832643567323,0.9909908500755533
2003-10-01,0.3659291054199365,0.27563077122842894,0.60470028839996
2003-10-02,0.3296402314174107,0.22875368335308566,-0.34651199754828643
2003-10-03,0.1480490771181945,0.14212740837677743,-0.3906408529944643
2003-10-06,0.1494916571584472,0.17616789592052537,-0.31568771238478405
2003-10-07,0.1350327422416211,0.11752994837072872,-0.1162040822998921
2003-10-08,0.10149272696793128,0.10265613303544996,0.05982635521597682
2003-10-09,0.0481790598562222,0.06256078011250714,0.2223736407910209
2003-10-10,-0.007688700613300113,0.06256078011250714,0.37009002678814995
2003-10-14,-0.177409746329347,-0.009168638846598739,0.5332302381867849
2003-10-15,-0.12604612710498125,-0.08298610702346028,0.8064307595529717
2003-10-16,-0.20671930908306052,-0.1480147532063663,0.8812747230392498
2003-10-17,-0.13720203457086785,-0.11529199925680103,1.1421840030309771
2003-10-20,-0.2313792447440226,-0.11529199925680103,0.5889576919453137
2003-10-21,-0.31347567872303134,-0.11529199925680103,0.4322545177642121
2003-10-22,-0.1292291051308698,-0.04580879678196506,0.9624198942758889
2003-10-23,-0.12763716602587294,-0.04054196571970922,0.4483247099295352
2003-10-24,-0.12286704877863293,-0.0039772793163238345,0.6937833625312027
2003-10-27,-0.06936127716103022,-0.05108658899897629,1.002912615689732
2003-10-28,-0.26794294690580456,-0.014370647326959963,0.9178848155841859
2003-10-29,-0.333951181460108,-0.06698619120567131,0.14512746935094795
2003-10-30,-0.3511288821691524,-0.11529199925680103,0.3609928385583356
2003-10-31,-0.3910399385282745,-0.0883419236814065,0.5193152722660451
2003-11-03,-0.31347567872303134,-0.13160059723003698,0.8790844225699426
2003-11-04,-0.31347567872303134,-0.11529199925680103,0.8631668307565508
2003-11-05,-0.2612594466186487,-0.1480147532063663,1.1509584698696635
2003-11-06,-0.2813574432784829,-0.18116526767730448,1.3382523104743471
2003-11-07,-0.24960170335914955,-0.2035088328755056,1.4118330597133233
2003-11-10,-0.13720203457086785,-0.21475487456470463,1.4355497751910262
2003-11-12,-0.2796770894855628,-0.186732730385332,1.5287130373223934
2003-11-13,-0.3271095533137405,-0.10987902335975812,0.8461496499816389
2003-11-14,-0.24794020212771845,-0.08298610702346028,1.2056014606678342
2003-11-17,0.015094263385080717,-0.08298610702346028,1.418072792166392
2003-11-18,0.0912050533893273,-0.0883419236814065,1.6223930402933675
2003-11-19,0.04518729731675127,-0.13160059723003698,1.1724007924569464
2003-11-20,0.1451616963040834,-0.07230828811166493,1.2201617409536476
2003-11-21,0.07199876017959589,-0.07764157765872057,0.9607995769983722
2003-11-24,-0.16609359846002017,-0.12071655372073226,0.7393429585514079
2003-11-25,-0.286404534173746,-0.1480147532063663,0.027516953713498608
2003-11-26,-0.36841209807605463,-0.186732730385332,0.09178290153909709
2003-11-28,-0.3528524671273444,-0.23739768788938995,0.3114892687001501
2003-12-01,-0.2763193894630379,-0.28909552395656885,0.679871359640132
2003-12-02,-0.36148593501340204,-0.30072847208407233,0.22271286888547145
2003-12-03,-0.29990754935336594,-0.34780134555944253,0.5416417638947243
2003-12-04,-0.35630280773815315,-0.35374736995974915,0.678964251683778
2003-12-05,-0.2231353334798426,-0.27751569449867974,1.0359511089775697
2003-12-08,-0.31517602065572636,-0.3359509583651088,0.8345704107717367
2003-12-09,-0.13560588380181907,-0.3957645387292852,1.1035071850111267
2003-12-10,-0.0975608070265887,-0.3776718704656455,1.067306435552026
2003-12-11,-0.2830388011899486,-0.30072847208407233,1.001307230766359
2003-12-12,-0.3373784075967689,-0.30656501837715183,0.464722604774607
2003-12-15,-0.20017981014848713,-0.34780134555944253,0.9113747636396656
2003-12-16,-0.42090766521548556,-0.324155689449946,0.6485483596093531
2003-12-17,-0.4834168586827574,-0.30656501837715183,0.6240433631953121
2003-12-18,-0.38057372859782884,-0.30656501837715183,0.9615385504943362
2003-12-19,-0.3356642727098069,-0.3124150284567681,0.5522033902213531
2003-12-22,-0.24794020212771845,-0.3418692300008407,0.8937213634656049
2003-12-23,-0.32369480483449126,-0.4139872153048337,0.736446039289237
2003-12-24,-0.2948362008962717,-0.3597073685783116,1.0160097117725397
2003-12-26,-0.16448067080405118,-0.3418692300008407,1.4487067188930536
2003-12-29,-0.2231353334798426,-0.3776718704656455,1.5677753636173664
2003-12-30,-0.12763716602587294,-0.40789842907868984,0.8785195416230023
2003-12-31,-0.029120793145224276,-0.40182422678561225,1.2793984115980954
2004-01-02,-0.04298517109521406,-0.4632310585968949,1.4848077341327397
2004-01-05,-0.15803849715227897,-0.5325416104780061,1.5207101763672228
2004-01-06,-0.2830388011899486,-0.5261617876291173,0.8167429935144407
2004-01-07,-0.49790175680770765,-0.5646837168589349,0.6956675210843251
2004-01-08,-0.47800423197385006,-0.5972384417711725,0.8827999301789248
2004-01-09,-0.2796770894855628,-0.5071180567488897,1.32063152093976
2004-01-12,-0.26794294690580456,-0.5134500906127378,1.0610671238569278
2004-01-13,-0.07092027728022235,-0.48194685014901684,1.2867629101963605
2004-01-14,-0.2796770894855628,-0.48821626803911006,0.9762959341193599
2004-01-15,-0.4870310121986499,-0.5261617876291173,0.47396191068749616
2004-01-16,-0.5901620852879661,-0.5517779473009803,0.505869521043177
2004-01-20,-0.5510436418600756,-0.5841663600180321,0.7012616344511841
2004-01-21,-0.7167706004425264,-0.5906939781521892,0.6538197738004757
2004-01-22,-0.6450927689193053,-0.5776555008705626,0.5731699020495716
2004-01-23,-0.6203359425600852,-0.6502111927754375,0.7900707045450412
2004-01-26,-0.6758647526528977,-0.6703647683389249,0.8401786674628682
2004-01-27,-0.5252635354729551,-0.5906939781521892,0.32777958100482146
2004-01-28,-0.27464204084262916,-0.6368639080437167,0.4437148119962364
2004-01-29,-0.2149155057602877,-0.5646837168589349,0.21332036332483814
2004-01-30,-0.29990754935336594,-0.4945012235358943,0.325913756077247
2004-02-02,-0.21984439478816428,-0.47569289323118724,0.7048373184227759
2004-02-03,-0.1822736235007577,-0.40789842907868984,0.9107201623388295
2004-02-04,-0.0975608070265887,-0.3897192957118195,1.2697769590398258
2004-02-05,-0.12286704877863293,-0.3776718704656455,1.0740210359660265
2004-02-06,-0.40857082778329057,-0.30656501837715183,0.7942154704869624
2004-02-09,-0.3408098133742943,-0.3418692300008407,0.45962585301494285
2004-02-10,-0.41914206490697115,-0.36568140725370396,0.5744542735090618
2004-02-11,-0.5179409934780207,-0.324155689449946,0.5893544309455975
2004-02-12,-0.5326051839078597,-0.3957645387292852,0.1884719975604292
2004-02-13,-0.4834168586827574,-0.3597073685783116,0.4415071217450251
2004-02-17,-0.5161134624019633,-0.383688429029009,0.5113520958525002
2004-02-18,-0.4816114352544354,-0.37166955229089166,0.3589865616665119
2004-02-19,-0.44396356140069054,-0.36568140725370396,0.5550485936000507
2004-02-20,-0.40154522552388644,-0.3776718704656455,0.7791985672456703
2004-02-23,-0.35802923653845653,-0.3300464661868603,1.022335015171664
2004-02-24,-0.4262116297081129,-0.2832989997301824,1.091690007518824
2004-02-25,-0.6033233050044995,-0.2949053277460502,0.9968328961462721
2004-02-26,-0.6222326411935188,-0.3182785645832885,1.0401377627689794
2004-02-27,-0.6758647526528977,-0.30656501837715183,1.1535641359451496
2004-03-01,-0.6972175554638982,-0.3359509583651088,1.3086226510928087
2004-03-02,-0.6165465572407123,-0.3776718704656455,0.8496359312736992
2004-03-03,-0.6758647526528977,-0.3776718704656455,0.7233817208540319
2004-03-04,-0.7050225128070008,-0.36568140725370396,0.8657360588171599
2004-03-05,-0.6894341886051795,-0.30072847208407233,1.0441649143553204
2004-03-08,-0.4457449810928614,-0.28909552395656885,1.5462154150751068
2004-03-09,-0.30498773154479286,-0.2717455481072841,0.9199932124769807
2004-03-10,0.025663489310864915,-0.28909552395656885,1.5910987857865175
2004-03-11,0.31199961058896036,-0.26598850081090175,0.9171713785977456
2004-03-12,-0.030657942827306033,-0.27751569449867974,0.017667325403690756
2004-03-15,0.3739300481238709,-0.26598850081090175,0.41536679332020976
2004-03-16,0.2667161755023044,-0.19790445878256122,0.08142461067690805
2004-03-17,-0.060023594912016226,-0.21475487456470463,-0.2569414376984374
2004-03-18,0.004485185893566539,-0.23739768788938995,-0.24202314941983577
2004-03-19,0.09708820898687445,-0.25451346654897533,0.18062588236737873
2004-03-22,0.4332233562550143,-0.2035088328755056,0.375465549384115
2004-03-23,0.31199961058896036,-0.19231244274615472,0.016352572557039282
2004-03-24,0.19242759899117942,-0.18116526767730448,0.08942875146958384
2004-03-25,-0.09598698004569214,-0.19790445878256122,-0.11081594848810539
2004-03-26,-0.18389678611698257,-0.26024449327040744,-0.5172890173374162
2004-03-29,-0.3219889834164311,-0.30656501837715183,-0.4709531877146333
2004-03-30,-0.35975705494397864,-0.3124150284567681,-0.8565027186870345
2004-03-31,-0.2813574432784829,-0.26598850081090175,-0.49033979547298195
2004-04-01,-0.29652563497194456,-0.3182785645832885,-0.2513905725437928
2004-04-02,-0.4726018258532536,-0.4139872153048337,-0.40584189346632055
2004-04-05,-0.595795045835186,-0.4446523803018116,-0.5603688264179411
2004-04-06,-0.5307681064813954,-0.42620882086255346,-0.31362723986570357
2004-04-07,-0.4510958471016636,-0.4446523803018116,0.027714421428966383
2004-04-08,-0.3632158780522154,-0.47569289323118724,0.39503338960361256
2004-04-12,-0.5381241506515251,-0.5008017938449887,0.3273703681083871
2004-04-13,-0.1952849077680246,-0.5389375236915963,1.0372584206190079
2004-04-14,-0.4762022771478492,-0.5325416104780061,-0.15305234101923812
2004-04-15,-0.45466886640515664,-0.5453496086372213,0.1244979631521212
2004-04-16,-0.6014394857175409,-0.5389375236915963,0.06305449088652632
2004-04-19,-0.5124616093893345,-0.5517779473009803,0.15895565489142618
2004-04-20,-0.2931477806056864,-0.5711613148761593,0.7595657733519532
2004-04-21,-0.479807169546437,-0.5711613148761593,-0.5447201101879431
2004-04-22,-0.6642858766688619,-0.558222622294026,-0.7437166520591558
2004-04-23,-0.7822773889569226,-0.6368639080437167,-1.3300453927632239
2004-04-26,-0.6336393980690483,-0.6302165169638376,-0.8224910474048746
2004-04-27,-0.5770621415747027,-0.6103782548201279,-0.474395910368521
2004-04-28,-0.35802923653845653,-0.6368639080437167,0.13663217514284015
2004-04-29,-0.30498773154479286,-0.6235865047039897,-0.19769711996780517
2004-04-30,-0.20671930908306052,-0.5711613148761593,-0.0569699611335779
2004-05-03,-0.3015997091968521,-0.558222622294026,-0.1712146542677581
2004-05-04,-0.31347567872303134,-0.5261617876291173,-0.33320562760826544
2004-05-05,-0.44931103748767254,-0.5325416104780061,-0.2929380673682862
2004-05-06,-0.22972878084078066,-0.48821626803911006,0.1613211430545533
2004-05-07,-0.05691820386063127,-0.5197979743901477,0.40159520692900136
2004-05-10,0.18674064776419677,-0.383688429029009,0.11505674449290501
2004-05-11,0.01055228932759667,-0.36568140725370396,-0.21161806837361732
2004-05-12,-0.05536664471690828,-0.324155689449946,-0.25483859752237276
2004-05-13,0.05415305849234924,-0.28909552395656885,0.07011111766123357
2004-05-14,-0.004640505316931354,-0.2260510101460912,0.18443436872137076
2004-05-17,0.21365234788980095,-0.18116526767730448,0.8027749735539544
2004-05-18,0.12341192961983419,-0.23739768788938995,0.6296148383793374
2004-05-19,0.06457684872493602,-0.3182785645832885,0.6916536995658783
2004-05-20,0.025663489310864915,-0.2717455481072841,0.8310082896366987
2004-05-21,-0.0015953184470884694,-0.3182785645832885,0.9879047309497009
2004-05-24,-0.06468856246062558,-0.3359509583651088,1.113230968104224
2004-05-25,-0.41561384832298887,-0.3418692300008407,0.6809135333792852
2004-05-26,-0.41385139771948637,-0.3418692300008407,-0.06161261579714736
2004-05-27,-0.5381241506515251,-0.3182785645832885,-0.06277735225430202
2004-05-28,-0.49790175680770765,-0.36568140725370396,0.10612132536620922
2004-06-01,-0.35630280773815315,-0.3597073685783116,0.5823473257053642
2004-06-02,-0.3945374558172811,-0.37166955229089166,0.7484910252805153
2004-06-03,-0.23303099248213435,-0.3597073685783116,1.1591691368190784
2004-06-04,-0.27464204084262916,-0.4139872153048337,0.8202881695987766
2004-06-07,-0.5179409934780207,-0.4139872153048337,0.32225172138696195
2004-06-08,-0.5882868754205396,-0.45083016227272943,-0.5630774230965385
2004-06-09,-0.5179409934780207,-0.48194685014901684,-0.19719787664451366
2004-06-10,-0.5826689111033019,-0.47569289323118724,-0.4100313110029181
2004-06-14,-0.3962878461423306,-0.5134500906127378,0.04885725172660518
2004-06-15,-0.580798686834301,-0.4384896111815838,-0.4094547059699876
2004-06-16,-0.6298320658015752,-0.48194685014901684,-0.4352216614539727
2004-06-17,-0.5621650303820739,-0.47569289323118724,-0.07075395801577897
2004-06-18,-0.5920385457408814,-0.5008017938449887,0.11749714819212373
2004-06-21,-0.5418093092134193,-0.5008017938449887,0.42107378805404005
2004-06-22,-0.7226630901824209,-0.5261617876291173,0.27699264878877833
2004-06-23,-0.7883090147316381,-0.5261617876291173,0.24544069774023689
2004-06-24,-0.6260296972673356,-0.5071180567488897,0.3028002457621069
2004-06-25,-0.5547459481293741,-0.5134500906127378,0.5940222594900897
2004-06-28,-0.3962878461423306,-0.5711613148761593,0.9351167100700948
2004-06-29,-0.5033528328188883,-0.5389375236915963,0.9078099744242518
2004-06-30,-0.7167706004425264,-0.45083016227272943,0.6609364631510914
2004-07-01,-0.5528941860487845,-0.4323417821223598,0.9413889226585394
2004-07-02,-0.575195639112235,-0.40789842907868984,-0.00015805955456921794
2004-07-06,-0.3649468853683163,-0.4323417821223598,0.5859344311895106
2004-07-07,-0.44218326885850257,-0.4384896111815838,0.30069853091976045
2004-07-08,-0.373617600777181,-0.45083016227272943,0.6101088480171032
2004-07-09,-0.4475275293631787,-0.4632310585968949,0.4653769064549008
2004-07-12,-0.5976752679530614,-0.4632310585968949,0.42036581319833716
2004-07-13,-0.6933230879071708,-0.5008017938449887,0.4938250834082736
2004-07-14,-0.8329393243661096,-0.5261617876291173,0.48499233858168744
2004-07-15,-0.6450927689193053,-0.5517779473009803,0.9367858978949152
2004-07-16,-0.7167706004425264,-0.5008017938449887,0.7195112077198902
2004-07-19,-0.558452955501039,-0.5261617876291173,1.183635651204087
2004-07-20,-0.7503260425262452,-0.6037998380445186,0.9293467147385419
2004-07-21,-0.3373784075967689,-0.6169737806313211,0.7481712585029628
2004-07-22,-0.45288178959446934,-0.5711613148761593,-0.663103827759568
2004-07-23,-0.3219889834164311,-0.5453496086372213,-0.20988472801853975
2004-07-26,-0.188771899767852,-0.5453496086372213,0.009709845564905586
2004-07-27,-0.31347567872303134,-0.5646837168589349,0.05307332952911898
2004-07-28,-0.3823154509498823,-0.5389375236915963,-0.151110001400105
2004-07-29,-0.46541488661605385,-0.5517779473009803,-0.0661436540903781
2004-07-30,-0.5307681064813954,-0.5197979743901477,-0.0017381978649346158
2004-08-02,-0.5215999696795491,-0.48821626803911006,0.23150568758194254
2004-08-03,-0.403299982164992,-0.48194685014901684,0.6420451489319999
2004-08-04,-0.37188158364821255,-0.47569289323118724,0.5970749047255075
2004-08-05,-0.027584482766978002,-0.48194685014901684,1.3947202888317796
2004-08-06,0.12486719332842432,-0.3957645387292852,0.605867325982167
2004-08-09,0.058624964229329134,-0.4139872153048337,0.04646336014188094
2004-08-10,-0.16125789383882974,-0.4384896111815838,-0.04979639888324599
2004-08-11,-0.07092027728022235,-0.4446523803018116,-0.1788933851305692
2004-08-12,0.08678438903294709,-0.40789842907868984,0.33307738625773925
2004-08-13,-0.08029425248350079,-0.3897192957118195,-0.07930212571166324
2004-08-16,-0.1451979259441992,-0.4139872153048337,0.06816485674028175
2004-08-17,-0.2346837104320414,-0.40182422678561225,-0.19256978411745398
2004-08-18,-0.36841209807605463,-0.4323417821223598,-0.25963982183762513
2004-08-19,-0.2446204565852617,-0.4384896111815838,-0.1743055726434365
2004-08-20,-0.40857082778329057,-0.46945432121676034,-0.20982178024002962
2004-08-23,-0.42975299981680953,-0.5071180567488897,-0.1792474208954762
2004-08-24,-0.5289320526750332,-0.5134500906127378,-0.11170467148619434
2004-08-25,-0.5939162584484421,-0.5325416104780061,0.024126492443461104
2004-08-26,-0.6070950915063102,-0.5197979743901477,0.020931542897298754
2004-08-27,-0.6450927689193053,-0.5325416104780061,0.2019627426208067
2004-08-30,-0.5088146637231038,-0.5261617876291173,0.6029312516022708
2004-08-31,-0.5362832919980457,-0.47569289323118724,0.3959793944374969
2004-09-01,-0.6070950915063102,-0.46945432121676034,0.3617524548529936
2004-09-02,-0.7285681339203598,-0.5197979743901477,0.37456664183754623
2004-09-03,-0.8024329095923224,-0.5841663600180321,-0.23029196278729092
2004-09-07,-0.7702531702887246,-0.558222622294026,-0.024932505507805357
2004-09-08,-0.7722535144737579,-0.5389375236915963,-0.026580356180608476
2004-09-09,-0.7822773889569226,-0.5841663600180321,0.15814031034300416
2004-09-10,-0.8329393243661096,-0.5906939781521892,0.299830047909657
2004-09-13,-0.9562473056499705,-0.6037998380445186,0.14593195435629677
2004-09-14,-0.8741360364902868,-0.6103782548201279,0.42540063945081624
2004-09-15,-0.6585140750071924,-0.6302165169638376,0.959283835322326
2004-09-16,-0.7069769998553184,-0.558222622294026,0.6654367695991108
2004-09-17,-0.7782636676484529,-0.6235865047039897,0.6983599912417457
2004-09-20,-0.6991666265500442,-0.5906939781521892,0.8992264709152695
2004-09-21,-0.853462381429303,-0.6103782548201279,0.578567861112559
2004-09-22,-0.6393603467730744,-0.5972384417711725,0.9924440324637512
2004-09-23,-0.6279302392277324,-0.6636290983899297,0.21113761606596365
2004-09-24,-0.7285681339203598,-0.6569112712961324,0.12267063578705584
2004-09-27,-0.6623606269410262,-0.6235865047039897,0.34306138914282724
2004-09-28,-0.8186618530014511,-0.6235865047039897,0.07835235266784794
2004-09-29,-0.9477145160093109,-0.6502111927754375,-0.03824707370110069
2004-09-30,-0.920160265717998,-0.6235865047039897,0.07712976166389332
2004-10-01,-1.0474396345039843,-0.6569112712961324,0.09026811317726705
2004-10-04,-0.905434452968601,-0.6569112712961324,-0.9199536058921757
2004-10-05,-0.7943534057649938,-0.6569112712961324,-0.4956748147855774
2004-10-06,-0.9328441682483902,-0.7111588637222135,-0.4735957336712558
2004-10-07,-0.6855504718148905,-0.7387241160446719,-0.062479236206551325
2004-10-08,-0.580798686834301,-0.690679789485236,-0.19570029783923862
2004-10-12,-0.580798686834301,-0.6838900177052027,-0.07000893087457999
2004-10-13,-0.5124616093893345,-0.6703647683389249,0.21448638182523813
2004-10-14,-0.333951181460108,-0.6502111927754375,0.3675888193050639
2004-10-15,-0.5826689111033019,-0.6838900177052027,-0.09762647262216732
2004-10-18,-0.6450927689193053,-0.6636290983899297,-0.09877750499825834
2004-10-19,-0.565881831690188,-0.6569112712961324,0.20397708765290443
2004-10-20,-0.6184405216242962,-0.6169737806313211,-0.002404344526561193
2004-10-21,-0.6777992678948814,-0.6569112712961324,0.12354803809731936
2004-10-22,-0.5381241506515251,-0.6569112712961324,0.3586297778035083
2004-10-25,-0.30837983840229677,-0.6703647683389249,0.33492840921753825
2004-10-26,-0.3408098133742943,-0.6974877888623818,0.523256948222509
2004-10-27,-0.4582462580541091,-0.7736074479693936,-0.4133139559969424
2004-10-28,-0.5179409934780207,-0.7947701152440707,-0.7477640787020483
2004-10-29,-0.36148593501340204,-0.8089773134381134,-0.2590402291197293
2004-11-01,-0.36148593501340204,-0.8089773134381134,0.0013985306744275657
2004-11-02,-0.3770935150309302,-0.8232645526075898,0.19807927747231227
2004-11-03,-0.7762588564813584,-0.8593388201440098,-0.20408269084118072
2004-11-04,-0.7903222412993857,-0.9033164235717782,-0.6951146959123367
2004-11-05,-0.8166280601296504,-1.008997475051768,-1.1702809406398225
2004-11-08,-0.8247718724860715,-1.0167173539050742,-1.0562689623025339
2004-11-09,-0.863780320045956,-1.008997475051768,-0.8663248083331022
2004-11-10,-0.9755412740071967,-1.024460804944124,-0.8091340361731467
2004-11-12,-0.9222703162970792,-0.9936278628857486,-0.5158754645900477
2004-11-15,-0.9117360522043273,-1.0167173539050742,-0.5527914329108075
2004-11-16,-0.9477145160093109,-1.0322279725624302,-0.39628602165856885
2004-11-17,-0.9477145160093109,-0.9936278628857486,-0.42569524908636497
2004-11-18,-0.9971353839448619,-1.008997475051768,-0.44979904477362587
2004-11-19,-0.8866136957744005,-1.0714247071989145,-0.04206107657737405
2004-11-22,-0.9993037724990974,-1.0478340417813616,-0.6566632652646742
2004-11-23,-1.0651497495046687,-1.0714247071989145,-0.6327546034066746
2004-11-24,-1.0540678186036505,-1.087274622824725,-0.3871258730243899
2004-11-26,-1.0408270276811205,-1.1192747729098933,-0.16595655242468152
2004-11-29,-0.9286097771836621,-1.1435426925029069,0.23865086123668316
2004-11-30,-0.9413319131235673,-1.1032242241096037,0.2909322662838402
2004-12-01,-0.9993037724990974,-1.1192747729098933,0.4070322093763342
2004-12-02,-0.9971353839448619,-1.1354275551941653,-0.22931685167782834
2004-12-03,-1.00147404047424,-1.0793372822450826,-0.010243042988271653
2004-12-06,-0.9519777779825818,-1.0714247071989145,0.2894477023762584
2004-12-07,-0.8514032870591485,-1.0952368844517772,0.6656608901707044
2004-12-08,-0.9519777779825818,-1.0556732388889847,0.09118668223284704
2004-12-09,-1.0188962956633436,-1.0952368844517772,-0.015904700542977216
2004-12-10,-1.0452336349412445,-1.1032242241096037,0.07938776755094674
2004-12-13,-1.094168630402368,-1.1192747729098933,0.20807632271730875
2004-12-14,-1.05185682909084,-1.1192747729098933,-0.042106014706991934
2004-12-15,-1.1371264368850917,-1.1192747729098933,-0.04270178046079553
2004-12-16,-1.155412026141126,-1.1927865357949687,0.13799835364282087
2004-12-17,-1.229766637778184,-1.1927865357949687,0.2195396585115851
2004-12-20,-1.258164038837725,-1.2010876176584335,0.01131378870777495
2004-12-21,-1.3255609192129214,-1.1845125374441134,0.10447716227650605
2004-12-22,-1.3500280182264355,-1.2010876176584335,-0.20827967114721616
2004-12-23,-1.4046163364159059,-1.2010876176584335,-0.13553021572409632
2004-12-27,-1.1853819727425559,-1.2514729487821719,0.4159940155984808
2004-12-28,-1.2180184007562358,-1.2514729487821719,0.513423844240841
2004-12-29,-1.3085598061758503,-1.277046055354559,0.275160877479254
2004-12-30,-1.0896845620738527,-1.2514729487821719,0.797361399223344
2004-12-31,-0.9307261761606475,-1.1598512904761433,1.1975847785044236
2005-01-03,-0.7682540566262854,-1.1927865357949687,1.5824941452495989
2005-01-04,-0.7883090147316381,-1.26849300088967,1.4750896800156053
2005-01-05,-0.7662563623174734,-1.209415960923411,0.44577129727774806
2005-01-06,-0.8699892146332724,-1.1680450883796576,0.18563368480144174
2005-01-07,-0.8886987291023047,-1.1845125374441134,0.21244436345154635
2005-01-10,-0.9434579067240534,-1.1598512904761433,0.32981114321583155
2005-01-11,-0.9519777779825818,-1.087274622824725,0.3679648155678509
2005-01-12,-1.0896845620738527,-1.0793372822450826,0.015584733777125586
2005-01-13,-1.0276480452095065,-1.0478340417813616,0.25488198106630783
2005-01-14,-1.1189589150949513,-1.0635367436234293,-0.13259315916715622
2005-01-18,-1.1099189549487236,-1.0478340417813616,-0.08224079518415602
2005-01-19,-0.9541116301905839,-1.0478340417813616,-0.2611721211813792
2005-01-20,-0.8186618530014511,-0.9783508393065258,-0.3772946862981595
2005-01-21,-0.7128491807485667,-0.9480701422882929,-0.1425968874647691
2005-01-24,-0.6565929523700066,-0.9480701422882929,0.002626041069856469
2005-01-25,-0.7722535144737579,-1.008997475051768,0.03462628134362083
2005-01-26,-0.8991469354055688,-1.024460804944124,0.01555154618296013
2005-01-27,-0.9413319131235673,-1.0556732388889847,0.11826305218966297
2005-01-28,-0.9413319131235673,-1.024460804944124,0.31945330290771545
2005-01-31,-1.0320342539545238,-1.008997475051768,0.384413569874697
2005-02-01,-1.210993021551018,-1.0322279725624302,0.004528539481599478
2005-02-02,-1.2988907751070595,-1.0793372822450826,-0.22429219672528528
2005-02-03,-1.267693887925738,-1.1192747729098933,-0.03023452280039759
2005-02-04,-1.4096316999700413,-1.087274622824725,-0.11027261323512365
2005-02-07,-1.2820495703953763,-1.1032242241096037,-0.506717450263418
2005-02-08,-1.3134066947541305,-1.1273383035348405,-0.3458849736537625
2005-02-09,-1.2180184007562358,-1.0635367436234293,0.014872318614218562
2005-02-10,-1.335322195919352,-1.1112368002695667,-0.3764155481753043
2005-02-11,-1.3549469323152579,-1.1435426925029069,-0.28530236333623393
2005-02-14,-1.3328786419320837,-1.15168388166149,-0.5402477352013377
2005-02-15,-1.3946118731703616,-1.1927865357949687,-0.4228286949611961
2005-02-16,-1.4373777517650501,-1.2514729487821719,-0.3798777329749499
2005-02-17,-1.27247082983066,-1.2514729487821719,0.09330119961898418
2005-02-18,-1.4171716674178199,-1.302879673437701,-0.44202204590607874
2005-02-22,-0.9626638713356603,-1.3115496929762889,0.49723741155698686
2005-02-23,-1.1280280129266476,-1.302879673437701,-0.9067227555505222
2005-02-24,-1.320693066493186,-1.346529257829395,-1.2182579791381527
2005-02-25,-1.3402156794543418,-1.3730842464891393,-1.2136774037326508
2005-02-28,-1.199322748924142,-1.3909433220219323,-1.1886669427740035
2005-03-01,-1.2086550468763568,-1.4089290587229784,-1.1500475377092014
2005-03-02,-1.103158047774477,-1.3819980632058555,-0.8448522302438091
2005-03-03,-1.0079946988766095,-1.3909433220219323,-0.4464707940346489
2005-03-04,-1.2321222280332,-1.3642016516112152,-0.5753251929306222
2005-03-07,-1.1577061577355017,-1.3999202455369981,-1.0209914271681781
2005-03-08,-1.1257581588353949,-1.4544595141086598,-0.7229981871212448
2005-03-09,-1.0584954392103592,-1.5008223820895181,-0.4487639565796025
2005-03-10,-1.105409950535062,-1.4361491223247969,-0.9218728266669302
2005-03-11,-1.0364271013243431,-1.4821753992157507,-0.587089776439255
2005-03-14,-1.1280280129266476,-1.4452877925564778,-0.7490333503134465
2005-03-15,-0.9605235258590936,-1.4452877925564778,-0.4340847556850581
2005-03-16,-0.8886987291023047,-1.3377390298085752,-0.42588346461154014
2005-03-17,-0.9307261761606475,-1.243005567810811,-0.6031655365798703
2005-03-18,-0.9626638713356603,-1.2599686962419188,-0.4295453854932239
2005-03-21,-0.863780320045956,-1.1762654464524727,-0.07751846258715428
2005-03-22,-0.7305390509679516,-1.1762654464524727,0.2913666360683317
2005-03-23,-0.7722535144737579,-1.087274622824725,-0.130392228780053
2005-03-24,-0.9033369856099086,-1.0952368844517772,-0.10857392434223576
2005-03-28,-0.834984945902942,-1.087274622824725,0.2256970145284409
2005-03-29,-0.6874916601261747,-1.0167173539050742,0.67548307670286
2005-03-30,-0.8575848995831019,-0.9405561271764199,0.3122876732881007
2005-03-31,-0.7802697169099441,-0.8376327397396295,-0.4230500712295751
2005-04-01,-0.7662563623174734,-0.8161108715735107,-0.1694251526037662
2005-04-04,-0.7622654138819543,-0.7876962522335708,-0.02811280460744373
2005-04-05,-0.8493456984598573,-0.8304384703900757,0.05027506853636217
2005-04-06,-0.9605235258590936,-0.8666156637164172,-0.037833415554346925
2005-04-07,-1.141686814364111,-0.9181467479706902,-0.18348231486304806
2005-04-08,-1.0762755001052249,-0.9330643100735788,-0.04811198846511351
2005-04-11,-1.2227119003885079,-0.8739134478747275,-0.7250546074159786
2005-04-12,-1.3871320385541117,-0.7947701152440707,-0.7613964898577203
2005-04-13,-0.9264949689226255,-0.7736074479693936,0.052037817696281845
2005-04-14,-0.6797351141032869,-0.6771183761784662,-0.09735045008210047
2005-04-15,-0.11810470222977455,-0.5841663600180321,0.30408341613949674
2005-04-18,-0.3117760396296052,-0.5261617876291173,-0.4629529387134114
2005-04-19,-0.5976752679530614,-0.5134500906127378,-0.6941364758296353
2005-04-20,-0.251264186297724,-0.5517779473009803,-0.09534380736746462
2005-04-21,-0.7030691962581979,-0.6302165169638376,-1.228947356470292
2005-04-22,-0.5197698868030731,-0.6037998380445186,-1.6307102772297313
2005-04-25,-0.6623606269410262,-0.5906939781521892,-1.6171734048482223
2005-04-26,-0.6070950915063102,-0.5646837168589349,-1.3628694864244109
2005-04-27,-0.6146536864214523,-0.48821626803911006,-1.3602282385715747
2005-04-28,-0.2612594466186487,-0.4139872153048337,-0.5543654484893241
2005-04-29,-0.5326051839078597,-0.4200906556635819,-1.1863691670882572
2005-05-02,-0.5677421638725926,-0.40789842907868984,-1.4520137608157575
2005-05-03,-0.6797351141032869,-0.4323417821223598,-1.4408567405518762
2005-05-04,-0.8145957362643935,-0.4384896111815838,-1.3956530147866297
2005-05-05,-0.7883090147316381,-0.4323417821223598,-1.2703777603128636
2005-05-06,-0.774255472766887,-0.46945432121676034,-0.9807069452176295
2005-05-09,-0.834984945902942,-0.48194685014901684,-0.8555961209782847
2005-05-10,-0.6070950915063102,-0.4323417821223598,-0.38444794175853614
2005-05-11,-0.6952696478867361,-0.37166955229089166,-0.7049390805524812
2005-05-12,-0.38754676338465444,-0.3418692300008407,-0.06388296292875646
2005-05-13,-0.3528524671273444,-0.27751569449867974,-0.2269389682320117
2005-05-16,-0.46541488661605385,-0.2203966527424135,-0.16554148051937254
2005-05-17,-0.6719998919252427,-0.17561000095430535,-0.5956113823719767
2005-05-18,-0.8596485243739218,-0.186732730385332,-0.8228546264869292
2005-05-19,-0.9243819504402143,-0.2717455481072841,-1.0872739372596805
2005-05-20,-0.9626638713356603,-0.3124150284567681,-0.9613193959583938
2005-05-23,-1.0036459837236975,-0.3359509583651088,-0.7829778134181756
2005-05-24,-1.0607118649973022,-0.3418692300008407,-0.7722251384969683
2005-05-25,-1.0852078417693038,-0.4139872153048337,-0.5952547357471147
2005-05-26,-1.1623000401002896,-0.46945432121676034,-0.4860780822681533
2005-05-27,-1.1830653946013103,-0.5008017938449887,-0.4591083530467574
2005-05-31,-0.9307261761606475,-0.4323417821223598,0.16230959928690894
2005-06-01,-1.1348492340211302,-0.4323417821223598,-0.21827098701493763
2005-06-02,-1.2557865546960023,-0.5134500906127378,-0.635783987648499
2005-06-03,-1.1830653946013103,-0.5776555008705626,-0.315835325313942
2005-06-06,-1.1531199820491354,-0.5197979743901477,-0.2102025684516207
2005-06-07,-1.1280280129266476,-0.5197979743901477,0.04517574085375247
2005-06-08,-1.0584954392103592,-0.5261617876291173,0.36562964048667246
2005-06-09,-1.199322748924142,-0.5071180567488897,0.3110182033424633
2005-06-10,-1.2274130179493172,-0.5711613148761593,0.2691261780106548
2005-06-13,-1.3013049772181502,-0.5906939781521892,0.29495027425190906
2005-06-14,-1.267693887925738,-0.6235865047039897,0.44403423207055204
2005-06-15,-1.3475716650873426,-0.6569112712961324,0.4427647870871794
2005-06-16,-1.424732135020074,-0.6235865047039897,0.4534674895844333
2005-06-17,-1.3426656164027695,-0.6368639080437167,0.6821950611701061
2005-06-20,-1.3451174544773739,-0.6368639080437167,0.6877708520316497
2005-06-21,-1.4424521486042117,-0.6302165169638376,0.6862493088370969
2005-06-22,-1.4500807014853303,-0.5776555008705626,0.817501583464574
2005-06-23,-1.1877006809663326,-0.5906939781521892,1.3736496924791501
2005-06-24,-1.176126421091356,-0.558222622294026,-0.2656909014168272
2005-06-27,-1.0986596419051873,-0.5389375236915963,-0.2612244557789083
2005-06-28,-1.3182621787655235,-0.6037998380445186,-0.4064434092164298
2005-06-29,-1.27247082983066,-0.6368639080437167,-0.5617726873376027
2005-06-30,-1.2086550468763568,-0.6103782548201279,-0.27679261754929196
2005-07-01,-1.3623418178669486,-0.6771183761784662,-0.5040974192368439
2005-07-05,-1.2940685763174957,-0.7043141139665472,-0.23387795044696297
2005-07-06,-1.155412026141126,-0.6771183761784662,-0.2307218616794972
2005-07-07,-1.105409950535062,-0.6569112712961324,-0.36627427492683035
2005-07-08,-1.3500280182264355,-0.7318046622431363,-0.629511678808464
2005-07-11,-1.3921165435474787,-0.7736074479693936,-1.1960926221134025
2005-07-12,-1.4756599563491988,-0.8232645526075898,-1.225676793391275
2005-07-13,-1.504068156006996,-0.8448474764548748,-1.0722398233195611
2005-07-14,-1.511865840824855,-0.8812322934883755,-0.8655949142460713
2005-07-15,-1.639661843234237,-0.9033164235717782,-0.9504642221460213
2005-07-18,-1.5222965668592647,-0.9255945602106564,-0.5433956652942123
2005-07-19,-1.6071646356854017,-0.9033164235717782,-0.5919656884308898
2005-07-20,-1.6670326692819957,-0.9033164235717782,-0.7104183472834613
2005-07-21,-1.4705253704104486,-0.955606487344165,-0.27426955509609363
2005-07-22,-1.5883796372709462,-0.9330643100735788,-0.5329561342799717
2005-07-25,-1.4373777517650501,-0.955606487344165,-0.41544744196437405
2005-07-26,-1.4654003814682035,-0.9631652954587496,-0.31223508981954357
2005-07-27,-1.6315023509939368,-0.9936278628857486,-0.39198265630337464
2005-07-28,-1.5883796372709462,-0.9783508393065258,-0.2420512617325099
2005-07-29,-1.320693066493186,-1.0400190024843234,0.05009623420429047
2005-08-01,-1.199322748924142,-1.008997475051768,0.09049110126558924
2005-08-02,-1.2772561239579414,-1.008997475051768,0.1635288891463217
2005-08-03,-1.258164038837725,-0.9859778472959273,0.09809037304153113
2005-08-04,-1.0986596419051873,-0.9936278628857486,0.49916671187497497
2005-08-05,-1.1076636570238043,-1.008997475051768,0.16323622646916455
2005-08-08,-0.9477145160093109,-0.9936278628857486,0.296402484227801
2005-08-09,-1.1257581588353949,-0.9783508393065258,0.1939158521810093
2005-08-10,-1.130299916377806,-0.9859778472959273,0.11983132465491557
2005-08-11,-1.1212235045775125,-0.9480701422882929,0.340762944199083
2005-08-12,-1.0496473649810414,-0.9107207448753777,0.5266238863521505
2005-08-15,-1.1577061577355017,-0.9480701422882929,0.237689130239059
2005-08-16,-0.8824482586321201,-0.9181467479706902,0.5918308249527122
2005-08-17,-0.9286097771836621,-0.9480701422882929,-0.35011551168891814
2005-08-18,-0.9033369856099086,-0.9181467479706902,-0.07077708525424908
2005-08-19,-0.9033369856099086,-0.9330643100735788,0.15941213760443312
2005-08-22,-0.9033369856099086,-0.9330643100735788,0.346029498222141
2005-08-23,-0.920160265717998,-0.9255945602106564,0.5328135754652358
2005-08-24,-0.7503260425262452,-0.9405561271764199,0.9861767312539998
2005-08-25,-0.8390806560442682,-0.9405561271764199,0.43535907650868877
2005-08-26,-0.8411305534090692,-0.9707467009406204,0.5534677705357554
2005-08-29,-0.8824482586321201,-0.9480701422882929,0.363135141574063
2005-08-30,-0.8555229837758208,-0.8666156637164172,0.23056821286703016
2005-08-31,-1.0807380198772831,-0.7387241160446719,-0.09424073327570263
2005-09-01,-0.9605235258590936,-0.7111588637222135,-0.5637059911222996
2005-09-02,-0.8720619604823819,-0.7111588637222135,-0.17922901434432387
2005-09-06,-1.0079946988766095,-0.7526199220176769,-0.18340962806856762
2005-09-07,-1.0986596419051873,-0.7736074479693936,-0.825242461617818
2005-09-08,-1.0079946988766095,-0.7876962522335708,-0.4479252134405406
2005-09-09,-1.2227119003885079,-0.7876962522335708,-0.6213404802984086
2005-09-12,-1.3013049772181502,-0.8161108715735107,-0.9504400907997304
2005-09-13,-1.1280280129266476,-0.7947701152440707,-0.45252740894150356
2005-09-14,-1.0123503534720757,-0.8018637653097387,-0.21452062564429764
2005-09-15,-1.105409950535062,-0.8161108715735107,-0.21824346517412313
2005-09-16,-1.4071227811367502,-0.8232645526075898,-0.4876522969302053
2005-09-19,-1.1853819727425559,-0.7736074479693936,-0.2500839560875192
2005-09-20,-1.0718198344110195,-0.745662501343944,0.0796554167341071
2005-09-21,-0.8268115625411955,-0.6771183761784662,0.21782465731331277
2005-09-22,-0.9222703162970792,-0.6368639080437167,-0.22908181944992637
2005-09-23,-1.00147404047424,-0.7043141139665472,-0.19554158873529126
2005-09-26,-0.9841589997397687,-0.745662501343944,0.057428399692676206
2005-09-27,-1.0452336349412445,-0.7387241160446719,0.16945681715393823
2005-09-28,-1.0740467852771043,-0.7180221378570417,0.333943787219419
2005-09-29,-1.1623000401002896,-0.7318046622431363,0.38465537649469866
2005-09-30,-1.2368391079254202,-0.8232645526075898,-0.061516332377072054
2005-10-03,-1.1121762774034842,-0.8739134478747275,0.27711212452499695
2005-10-04,-0.9498453395413964,-0.8666156637164172,0.6410644076893507
2005-10-05,-0.6758647526528977,-0.8448474764548748,0.3917221453084115
2005-10-06,-0.5976752679530614,-0.8161108715735107,-0.15965085590423436
2005-10-07,-0.6681401487437019,-0.7876962522335708,-0.08708550717961612
2005-10-11,-0.4744014755994123,-0.7387241160446719,0.2782520054610701
2005-10-12,-0.3701463060955878,-0.6974877888623818,0.6788816918973477
2005-10-13,-0.3271095533137405,-0.6636290983899297,0.6468629290331078
2005-10-14,-0.6146536864214523,-0.6974877888623818,0.41419784090301737
2005-10-17,-0.6527542718937381,-0.7736074479693936,-0.014078025738982602
2005-10-18,-0.5289320526750332,-0.8089773134381134,0.3580707577184056
2005-10-19,-0.8866136957744005,-0.78064206619705,-0.5785806482366983
2005-10-20,-0.38929280886223966,-0.7947701152440707,-0.5707912840104697
2005-10-21,-0.3858021334651899,-0.7876962522335708,-1.195469645840843
2005-10-24,-0.6393603467730744,-0.8232645526075898,-1.3712364825020016
2005-10-25,-0.6797351141032869,-0.8593388201440098,-1.7695904324666978
2005-10-26,-0.6681401487437019,-0.8593388201440098,-1.482242530195173
2005-10-27,-0.40505583384313687,-0.8018637653097387,-0.803609579354804
2005-10-28,-0.7344854082463294,-0.7947701152440707,-1.4076076514824742
2005-10-31,-0.5307681064813954,-0.7736074479693936,-1.3617073779121711
2005-11-01,-0.6184405216242962,-0.8018637653097387,-1.248939338893899
2005-11-02,-0.8907853086528964,-0.8232645526075898,-1.4477615617717852
2005-11-03,-0.9928032008365861,-0.8666156637164172,-1.6864516662789866
2005-11-04,-0.9562473056499705,-0.8666156637164172,-1.416985696978104
2005-11-07,-0.9712421864014111,-0.8593388201440098,-1.1829298465744333
2005-11-08,-0.9755412740071967,-0.8161108715735107,-0.9348091440943066
2005-11-09,-1.0364271013243431,-0.852082797325581,-0.7811984254034363
2005-11-10,-1.2415641339886903,-0.8018637653097387,-0.8778866320073947
2005-11-14,-1.176126421091356,-0.7947701152440707,-0.6599436594365087
2005-11-15,-1.1645997969936175,-0.7665922892914245,-0.4078382555104766
2005-11-16,-1.1577061577355017,-0.6974877888623818,-0.25254056137017483
2005-11-17,-1.3996096582609114,-0.6569112712961324,-0.45250716945221986
2005-11-18,-1.4323127312749167,-0.7180221378570417,-0.8485330374823438
2005-11-21,-1.5092643760308353,-0.7043141139665472,-0.8423704347023513
2005-11-22,-1.5670637388992537,-0.6838900177052027,-0.8775015394188678
2005-11-23,-1.4730914921425613,-0.7180221378570417,-0.6274028716723519
2005-11-25,-1.493704662871895,-0.6974877888623818,-0.6712647881661261
2005-11-28,-1.2557865546960023,-0.7043141139665472,-0.07167078970735972
2005-11-29,-1.2439294002008705,-0.7736074479693936,-0.20801222025776017
2005-11-30,-1.2039849175405641,-0.7318046622431363,0.0622296491402026
2005-12-01,-1.4021118837277518,-0.7665922892914245,-0.27690517457317637
2005-12-02,-1.4602844667435488,-0.7595964827999047,-0.86295376954237
2005-12-05,-1.3134066947541305,-0.7665922892914245,-0.40786653226612785
2005-12-06,-1.3328786419320837,-0.7249040369105856,-0.2536067246058246
2005-12-07,-1.176126421091356,-0.7387241160446719,0.1844628570396811
2005-12-08,-1.169204737799882,-0.7111588637222135,0.1319669515689121
2005-12-09,-1.2916608020987006,-0.78064206619705,0.1338617083850988
2005-12-12,-1.3451174544773739,-0.7876962522335708,0.18295525964744672
2005-12-13,-1.434844222566983,-0.78064206619705,0.21645152225731226
2005-12-14,-1.599098706704943,-0.7387241160446719,-0.2883209598874831
2005-12-15,-1.5327663550266435,-0.7526199220176769,-0.12344776749804613
2005-12-16,-1.5459081117979174,-0.745662501343944,-0.03296530006455126
2005-12-19,-1.3672823251754054,-0.7387241160446719,0.3418747429303324
2005-12-20,-1.4146562591111855,-0.745662501343944,0.19094612927057603
2005-12-21,-1.511865840824855,-0.7736074479693936,0.2051627337047167
2005-12-22,-1.6505781915749667,-0.7387241160446719,0.1245829955939084
2005-12-23,-1.6560521584743844,-0.7043141139665472,-0.004445545728127301
2005-12-27,-1.320693066493186,-0.690679789485236,0.7084562808537411
2005-12-28,-1.3747095080641634,-0.7180221378570417,-0.16891595092212539
2005-12-29,-1.3109823223640957,-0.7249040369105856,0.09791103437365749
2005-12-30,-1.2016529787615369,-0.745662501343944,0.30437361126889584
2006-01-03,-1.4272565712540266,-0.690679789485236,-0.11615551210477387
2006-01-04,-1.3697559537508894,-0.7180221378570417,-1.569574099259066
2006-01-05,-1.3846430934582197,-0.7526199220176769,-1.4391868693336005
2006-01-06,-1.4628412613712118,-0.8089773134381134,-1.3199665760836323
2006-01-09,-1.4297835155330305,-0.8448474764548748,-1.3635253419696105
2006-01-10,-1.4988817615781247,-0.852082797325581,-1.2651679348759446
2006-01-11,-1.4782307673109034,-0.8739134478747275,-0.9994309404618437
2006-01-12,-1.412142857961395,-0.8304384703900757,-0.723020323368969
2006-01-13,-1.4046163364159059,-0.7665922892914245,-0.5878311431063568
2006-01-17,-1.2392006291151523,-0.7526199220176769,-0.10544627687736988
2006-01-18,-1.16000216136932,-0.7526199220176769,0.1779520237016874
2006-01-19,-1.2227119003885079,-0.7947701152440707,0.15392150664950607
2006-01-20,-0.6739315665484124,-0.78064206619705,1.1277900877269016
2006-01-23,-0.7983901613279087,-0.7876962522335708,-0.7673179506744766
2006-01-24,-0.9264949689226255,-0.8232645526075898,-0.7735096368487229
2006-01-25,-1.02108173447099,-0.8959336578192052,-0.6818006981485503
2006-01-26,-1.1212235045775125,-0.9107207448753777,-0.6050162590074881
2006-01-27,-1.2250613652528715,-0.9255945602106564,-0.7042603072366114
2006-01-30,-1.1280280129266476,-0.9707467009406204,-0.7627410557508897
2006-01-31,-1.0036459837236975,-0.9107207448753777,-0.3224257789440036
2006-02-01,-1.1348492340211302,-0.9631652954587496,-0.6012369623689511
2006-02-02,-0.9434579067240534,-0.9631652954587496,-0.3164691143613003
2006-02-03,-1.00147404047424,-0.9405561271764199,-0.8415434689907694
2006-02-06,-0.9841589997397687,-0.9405561271764199,-0.6784991378268868
2006-02-07,-0.8679179945798715,-0.9330643100735788,-0.2776553271090417
2006-02-08,-1.0298402948841179,-0.9405561271764199,-0.6988944019988101
2006-02-09,-0.9669498619570328,-0.9405561271764199,-0.737856878011531
2006-02-10,-1.02108173447099,-0.9631652954587496,-0.5914038189372338
2006-02-13,-0.9180517963296477,-0.9480701422882929,-0.20011056323754328
2006-02-14,-1.16000216136932,-0.955606487344165,-0.37962531256551596
2006-02-15,-1.1462543772455438,-0.9859778472959273,-0.7521968842418217
2006-02-16,-1.3426656164027695,-1.008997475051768,-0.8986126329726339
2006-02-17,-1.2156745836306486,-1.0013010253053578,-0.7619389530985389
2006-02-21,-1.1234899181773255,-1.008997475051768,-0.4167941962513402
2006-02-22,-1.2462968822666716,-0.9936278628857486,-0.42484874153089786
2006-02-23,-1.2486663580474482,-1.024460804944124,-0.43849251287448376
2006-02-24,-1.3475716650873426,-1.0167173539050742,-0.3908428840193577
2006-02-27,-1.3158333893923373,-1.0167173539050742,-0.17125980700772922
2006-02-28,-1.1394057017019317,-0.9480701422882929,0.32242611557085077
2006-03-01,-1.3279981236137177,-0.9783508393065258,-0.4532339752574587
2006-03-02,-1.2844491304658237,-0.9859778472959273,-0.6540600384313744
2006-03-03,-1.2274130179493172,-1.008997475051768,-0.3322985817955841
2006-03-06,-1.0496473649810414,-1.0322279725624302,0.0339655018066525
2006-03-07,-1.0673714253657418,-1.0013010253053578,0.07767237653903007
2006-03-08,-1.1439697778702331,-0.9936278628857486,0.1494128403210241
2006-03-09,-1.0629298264853368,-0.9859778472959273,0.4521423755725115
2006-03-10,-1.2534110777630485,-1.0013010253053578,-0.01640059581665111
2006-03-13,-1.3697559537508894,-1.024460804944124,-0.6206484637529939
2006-03-14,-1.530145253380763,-0.9707467009406204,-0.6825338066820815
2006-03-15,-1.3747095080641634,-1.008997475051768,-0.8943175191047238
2006-03-16,-1.2227119003885079,-0.9707467009406204,-0.5299352261490553
2006-03-17,-1.1900213015707741,-0.9936278628857486,-0.27524432896529427
2006-03-20,-1.267693887925738,-1.0013010253053578,-0.18606549385526353
2006-03-21,-1.3085598061758503,-1.0714247071989145,-0.06036124638428682
2006-03-22,-1.4096316999700413,-1.0793372822450826,-0.32411369376238
2006-03-23,-1.4196895667136868,-1.0952368844517772,-0.40398428641209866
2006-03-24,-1.4146562591111855,-1.0556732388889847,-0.21785261032177322
2006-03-27,-1.3475716650873426,-1.087274622824725,0.08883852973380452
2006-03-28,-1.3182621787655235,-1.1435426925029069,0.31033557386564253
2006-03-29,-1.4756599563491988,-1.1273383035348405,-0.09947335638364369
2006-03-30,-1.320693066493186,-1.15168388166149,0.019550262184232958
2006-03-31,-1.3648108693583423,-1.1354275551941653,0.11956216341578225
2006-04-03,-1.320693066493186,-1.1680450883796576,0.3804926201716505
2006-04-04,-1.4272565712540266,-1.1598512904761433,0.38039588364798277
2006-04-05,-1.4297835155330305,-1.1354275551941653,0.15221613907088882
2006-04-06,-1.3500280182264355,-1.1435426925029069,0.3531000247625412
2006-04-07,-1.1577061577355017,-1.1927865357949687,0.8331860311223334
2006-04-10,-1.1738174476319416,-1.1598512904761433,0.07230720412329407
2006-04-11,-0.9928032008365861,-1.15168388166149,0.5555199624897778
2006-04-12,-1.0452336349412445,-1.1927865357949687,0.12446941913501665
2006-04-13,-1.130299916377806,-1.2010876176584335,0.17436976479360794
2006-04-17,-1.0852078417693038,-1.1762654464524727,0.439558580214591
2006-04-18,-1.3623418178669486,-1.15168388166149,0.18330833818822292
2006-04-19,-1.3821565851435325,-1.1845125374441134,-1.2571985701520776
2006-04-20,-1.303721022015637,-1.209415960923411,-0.9048324837796885
2006-04-21,-1.3158333893923373,-1.209415960923411,-0.6988500102845742
2006-04-24,-1.2772561239579414,-1.1927865357949687,-0.40748838139922594
2006-04-25,-1.2772561239579414,-1.2599686962419188,-0.21035907712542046
2006-04-26,-1.2748624595890004,-1.26849300088967,-0.11861400727340525
2006-04-27,-1.2557865546960023,-1.243005567810811,0.12016060704578516
2006-04-28,-1.3158333893923373,-1.243005567810811,0.03267442854902958
2006-05-01,-1.094168630402368,-1.277046055354559,0.4983361998476539
2006-05-02,-1.2203641719218938,-1.26849300088967,-0.04042713969767314
2006-05-03,-1.2203641719218938,-1.2942391940570082,-0.22771721937537892
2006-05-04,-1.2510378309039432,-1.302879673437701,-0.15855861494742604
2006-05-05,-1.3085598061758503,-1.277046055354559,-0.13499279080200124
2006-05-08,-1.2180184007562358,-1.2942391940570082,-0.3204696317772646
2006-05-09,-1.2203641719218938,-1.3115496929762889,-0.11381396759245492
2006-05-10,-1.2700814590149634,-1.3289791653301788,-0.011605214026871587
2006-05-11,-1.105409950535062,-1.346529257829395,0.45797103839088926
2006-05-12,-0.7463576100061262,-1.346529257829395,0.21080560604611237
2006-05-15,-0.8720619604823819,-1.3115496929762889,-0.643080554623131
2006-05-16,-0.9180517963296477,-1.2514729487821719,-0.4873870896189065
2006-05-17,-0.3632158780522154,-1.217771745237184,0.6481196678561663
2006-05-18,-0.23964769696706015,-1.1680450883796576,-0.4122978539573492
2006-05-19,-0.20835663950731437,-1.1762654464524727,-0.17760407507740705
2006-05-22,-0.12127870414112382,-1.1192747729098933,0.05614137233022576
2006-05-23,-0.03681465906364015,-1.1435426925029069,0.24480288360523564
2006-05-24,-0.1790301046844895,-1.0952368844517772,0.059826054704143386
2006-05-25,-0.49790175680770765,-1.1354275551941653,-0.43563434439196996
2006-05-26,-0.7325115377333914,-1.1435426925029069,-1.0906648075127794
2006-05-30,0.024155987357236893,-1.1598512904761433,0.31793575209837055
2006-05-31,-0.3322391325776265,-1.1435426925029069,-0.980827421596369
2006-06-01,-0.6816721083076496,-1.1354275551941653,-1.5971736770823257
2006-06-02,-0.7206976804078163,-1.0635367436234293,-1.620959787457935
2006-06-05,-0.29652563497194456,-1.087274622824725,-0.6669647419870207
2006-06-06,-0.1822736235007577,-1.0478340417813616,-0.8004298399713368
2006-06-07,-0.10860442435609703,-1.0635367436234293,-0.4203900683478066
2006-06-08,-0.02298057830233373,-1.0322279725624302,-0.17506738378191675
2006-06-09,-0.058470322882061,-1.024460804944124,0.034729199871509436
2006-06-12,0.3512011442227843,-1.0400190024843234,0.9308325615154183
2006-06-13,0.709917717544547,-0.9859778472959273,1.3483034684851578
2006-06-14,0.41753349590108374,-0.9859778472959273,0.6826252362443719
2006-06-15,-0.4262116297081129,-1.008997475051768,-0.6176833317361539
2006-06-16,-0.19691559590681432,-1.0322279725624302,-1.1559969016942044
2006-06-19,-0.10386613686585691,-1.0400190024843234,-0.8463687483254902
2006-06-20,-0.2897739765181184,-1.0167173539050742,-1.0226567516379035
2006-06-21,-0.4942734490426917,-0.9707467009406204,-1.1092485399017549
2006-06-22,-0.42975299981680953,-0.9859778472959273,-0.8876541024145901
2006-06-23,-0.4279816731716905,-0.9936278628857486,-0.6736986162090957
2006-06-26,-0.4762022771478492,-0.9707467009406204,-0.4853433317699386
2006-06-27,-0.33909358739336626,-0.955606487344165,-0.07385909188537068
2006-06-28,-0.4457449810928614,-0.9783508393065258,-0.2832702542949287
2006-06-29,-0.9863176130840954,-0.9783508393065258,-1.0850379548969984
2006-06-30,-0.9755412740071967,-0.9631652954587496,-2.077016968626272
2006-07-03,-0.9820020411773107,-0.9783508393065258,-1.8115600390628714
2006-07-05,-0.7543002696752626,-1.024460804944124,-1.2200711316535335
2006-07-06,-0.8555229837758208,-0.9936278628857486,-1.2264058262944115
2006-07-07,-0.7903222412993857,-0.9783508393065258,-0.8866290312218358
2006-07-10,-0.7802697169099441,-1.0013010253053578,-0.7764929626374284
2006-07-11,-0.9626638713356603,-0.9783508393065258,-0.8317512074354746
2006-07-12,-0.6874916601261747,-0.9859778472959273,-0.22100993713738176
2006-07-13,-0.11018532669773905,-0.9330643100735788,0.4555663076185701
2006-07-14,-0.06936127716103022,-0.8959336578192052,-0.18442323288692603
2006-07-17,0.021138558241307243,-0.9107207448753777,0.1829899594913185
2006-07-18,-0.11810470222977455,-0.9480701422882929,0.21300438267837946
2006-07-19,-0.48883991760854767,-0.9107207448753777,-0.23405335785774795
2006-07-20,-0.37188158364821255,-0.9033164235717782,-0.4864800456019099
2006-07-21,-0.17255457101440022,-0.9181467479706902,-0.05862736332928203
2006-07-24,-0.5939162584484421,-0.9181467479706902,-0.6609541529110871
2006-07-25,-0.6184405216242962,-0.9405561271764199,-1.4427602135588549
2006-07-26,-0.6623606269410262,-0.9405561271764199,-1.2744058994712075
2006-07-27,-0.6014394857175409,-0.955606487344165,-0.9096780499920316
2006-07-28,-0.7187334552942946,-0.9255945602106564,-0.8377775861170859
2006-07-31,-0.5995567473529859,-0.8885723224763145,-0.7413524601222712
2006-08-01,-0.580798686834301,-0.8959336578192052,-0.4520273323737391
2006-08-02,-0.7167706004425264,-0.9107207448753777,-0.5164042011956852
2006-08-03,-0.6933230879071708,-0.9107207448753777,-0.41948664471274266
2006-08-04,-0.7167706004425264,-0.8959336578192052,-0.23828124832048406
2006-08-07,-0.5473463769455874,-0.9107207448753777,0.26824391622724064
2006-08-08,-0.5473463769455874,-0.9181467479706902,0.4763317331220896
2006-08-09,-0.5528941860487845,-0.9181467479706902,0.6112891450070197
2006-08-10,-0.6933230879071708,-0.9107207448753777,0.536520606213686
2006-08-11,-0.7246300614357941,-0.9330643100735788,0.6423219613685996
2006-08-14,-0.7325115377333914,-0.955606487344165,0.7855651659832552
2006-08-15,-0.9033369856099086,-0.9330643100735788,0.7096845267512467
2006-08-16,-1.1234899181773255,-0.9107207448753777,-0.41652946062802254
2006-08-17,-1.1623000401002896,-0.9405561271764199,-0.6380727242747504
2006-08-18,-1.303721022015637,-0.9181467479706902,-0.6701449287397646
2006-08-21,-1.1669012155359488,-0.9033164235717782,-0.37419878405468
2006-08-22,-1.1738174476319416,-0.9033164235717782,-0.2759463339417184
2006-08-23,-1.1257581588353949,-0.9033164235717782,0.023806053130000362
2006-08-24,-1.1257581588353949,-0.9033164235717782,0.18000270669618393
2006-08-25,-1.1462543772455438,-0.8959336578192052,0.34653026551189225
2006-08-28,-1.176126421091356,-0.9181467479706902,0.48093597040543773
2006-08-29,-1.1531199820491354,-0.9181467479706902,0.5033232354929816
2006-08-30,-1.1669012155359488,-0.9107207448753777,0.6562143151298021
2006-08-31,-1.1462543772455438,-0.8593388201440098,0.8639856407211943
2006-09-01,-1.2274130179493172,-0.8593388201440098,0.8991136894972018
2006-09-05,-1.0740467852771043,-0.9033164235717782,0.9334326702116582
2006-09-06,-0.8370320557399233,-0.9255945602106564,1.4525128307495925
2006-09-07,-0.8085077508492259,-0.9181467479706902,0.9279769691127526
2006-09-08,-0.9583846033839873,-0.9107207448753777,0.7002975133095813
2006-09-11,-0.9949684586180586,-0.9330643100735788,0.7644676448125094
2006-09-12,-1.2368391079254202,-0.9255945602106564,0.5486589338464382
2006-09-13,-1.4171716674178199,-0.9405561271764199,-0.3617724000989855
2006-09-14,-1.3255609192129214,-0.9631652954587496,-0.12500182438829957
2006-09-15,-1.2748624595890004,-0.9783508393065258,0.1621991872276101
2006-09-18,-1.2700814590149634,-0.9783508393065258,0.317507410096536
2006-09-19,-1.2227119003885079,-0.9255945602106564,0.5647994431869752
2006-09-20,-1.3648108693583423,-0.9330643100735788,0.450024314317331
2006-09-21,-1.16000216136932,-0.8666156637164172,0.6798184022264175
2006-09-22,-1.0829720432290495,-0.8304384703900757,0.7598017272741575
2006-09-25,-1.1900213015707741,-0.8161108715735107,0.6765592399507985
2006-09-26,-1.3304374409408448,-0.852082797325581,0.09321549311094937
2006-09-27,-1.3182621787655235,-0.8812322934883755,-0.22633483300778112
2006-09-28,-1.2844491304658237,-0.8959336578192052,0.027583830009483536
2006-09-29,-1.2227119003885079,-0.9107207448753777,0.32764775522840545
2006-10-02,-1.0874454183214728,-0.8959336578192052,0.7326448154761717
2006-10-03,-1.1623000401002896,-0.9033164235717782,0.6589339173036879
2006-10-04,-1.2510378309039432,-0.8885723224763145,0.649187677141916
2006-10-05,-1.2227119003885079,-0.9330643100735788,-0.23688224553954873
2006-10-06,-1.3231258240812058,-0.9936278628857486,-0.20986859173347566
2006-10-10,-1.3328786419320837,-1.024460804944124,0.1674355819404626
2006-10-11,-1.3085598061758503,-1.0556732388889847,0.3807880643445015
2006-10-12,-1.4399138062455858,-1.0635367436234293,0.3336149861064969
2006-10-13,-1.5275265911597722,-1.087274622824725,-0.30643375984207405
2006-10-16,-1.4399138062455858,-1.0952368844517772,-0.02130026586594566
2006-10-17,-1.2820495703953763,-1.087274622824725,0.4051827563101641
2006-10-18,-1.3771896776889714,-1.0952368844517772,0.3378530393472659
2006-10-19,-1.488537318553096,-1.1032242241096037,0.3156047237632215
2006-10-20,-1.5591117897168463,-1.1032242241096037,0.34011850987436026
2006-10-23,-1.4424521486042117,-1.1273383035348405,0.6877689692561211
2006-10-24,-1.5196854446632484,-1.1192747729098933,0.4678955684875587
2006-10-25,-1.5511822507428688,-1.087274622824725,0.46975845639785596
2006-10-26,-1.5777015025470595,-1.0714247071989145,0.4433581229164594
2006-10-27,-1.5144699615511543,-1.0556732388889847,0.5832710137147984
2006-10-30,-1.412142857961395,-1.0714247071989145,0.46076600699525516
2006-10-31,-1.4373777517650501,-1.008997475051768,0.5797178640483661
2006-11-01,-1.335322195919352,-1.0013010253053578,0.90117116729571
2006-11-02,-1.3574097353402523,-1.0478340417813616,0.5068620457359612
2006-11-03,-1.4222097212332636,-1.1435426925029069,0.566064001594129
2006-11-06,-1.4222097212332636,-1.1354275551941653,0.6893403016483305
2006-11-07,-1.4399138062455858,-1.1273383035348405,-0.3436041355819088
2006-11-08,-1.5275265911597722,-1.1192747729098933,-0.39307579780707774
2006-11-09,-1.4602844667435488,-1.1354275551941653,-0.11970841239518358
2006-11-10,-1.5170764946727129,-1.1192747729098933,-0.24985589275614023
2006-11-13,-1.4988817615781247,-1.1435426925029069,-0.026114037412460763
2006-11-14,-1.5937340675492513,-1.1354275551941653,-0.050707185733299014
2006-11-15,-1.645114593214969,-1.2010876176584335,-0.4504134226224692
2006-11-16,-1.686351754678629,-1.2514729487821719,-0.3921138949034151
2006-11-17,-1.71698092452694,-1.1927865357949687,-0.31249553254304585
2006-11-20,-1.7394680386285957,-1.1845125374441134,-0.16795637618811438
2006-11-21,-1.7592929802755035,-1.1354275551941653,-0.03206943585883183
2006-11-22,-1.6918958316050654,-1.1273383035348405,0.22786346275952707
2006-11-24,-1.5327663550266435,-1.1192747729098933,0.5920293070055405
2006-11-27,-1.1485410512873726,-1.1032242241096037,1.1677143989164944
2006-11-28,-1.3085598061758503,-1.0635367436234293,-0.5463446470716218
2006-11-29,-1.5066650664945096,-1.1192747729098933,-0.7662010026796078
2006-11-30,-1.485957077755782,-1.0793372822450826,-1.1577829790448673
2006-12-01,-1.2988907751070595,-1.0714247071989145,-0.6191957139467189
2006-12-04,-1.4046163364159059,-1.0793372822450826,-0.595534826526182
2006-12-05,-1.3946118731703616,-1.1273383035348405,-0.7289953371877208
2006-12-06,-1.3796720354273244,-1.1845125374441134,-0.5972665351103026
2006-12-07,-1.0651497495046687,-1.2010876176584335,0.13112023224084027
2006-12-08,-1.2016529787615369,-1.243005567810811,-0.017911144812336226
2006-12-11,-1.5380156442569382,-1.2261551520286675,-0.3826984540009319
2006-12-12,-1.553823032160464,-1.1927865357949687,-0.27636250133138407
2006-12-13,-1.6808183167058801,-1.243005567810811,-0.2944014979269851
2006-12-14,-1.7394680386285957,-1.243005567810811,-0.2163077751153852
2006-12-15,-1.71698092452694,-1.2599686962419188,-0.6786425347766992
2006-12-18,-1.5670637388992537,-1.2514729487821719,-0.23378233201468016
2006-12-19,-1.647845066248324,-1.2599686962419188,-0.24129086690340887
2006-12-20,-1.6587932714328026,-1.26849300088967,-0.10883204232900659
2006-12-21,-1.5857064931613778,-1.2514729487821719,0.18280664867888596
2006-12-22,-1.3722317589084763,-1.302879673437701,0.5551434338522264
2006-12-26,-1.397109656057547,-1.302879673437701,0.297361206145281
2006-12-27,-1.5564660422131766,-1.3553500606179176,-0.10688459046104735
2006-12-28,-1.4654003814682035,-1.3909433220219323,-0.14519592974243503
2006-12-29,-1.3231258240812058,-1.3999202455369981,0.24288819863976782
2007-01-03,-1.2086550468763568,-1.3202494553502624,0.46069881956160785
2007-01-04,-1.335322195919352,-1.2856280542213514,0.41011877000925623
2007-01-05,-1.1853819727425559,-1.302879673437701,0.7858980489971042
2007-01-08,-1.2180184007562358,-1.3115496929762889,0.3060086000431132
2007-01-09,-1.2392006291151523,-1.3377390298085752,0.28189970015678056
2007-01-10,-1.3451174544773739,-1.3553500606179176,0.29467843489449114
2007-01-11,-1.496292021512502,-1.3999202455369981,0.12612162807003682
2007-01-12,-1.689122559823642,-1.4179699889579265,-0.1930944785675089
2007-01-16,-1.530145253380763,-1.4361491223247969,-0.2643973519717995
2007-01-17,-1.5697194750591044,-1.4914817518430012,-0.16638250850914735
2007-01-18,-1.5014736401439468,-1.4821753992157507,0.13017869685039066
2007-01-19,-1.6206596195103165,-1.5101975433951234,0.002480312077428569
2007-01-22,-1.5222965668592647,-1.5196074920208746,0.29633966870470235
2007-01-23,-1.6369392960329447,-1.557600386065539,0.17328868558118282
2007-01-24,-1.762136319572161,-1.5768124343519678,0.035419118514713806
2007-01-25,-1.4071227811367502,-1.635337606598462,0.13156958759966852
2007-01-26,-1.4297835155330305,-1.6156787620674025,-0.7561501144185838
2007-01-29,-1.3500280182264355,-1.6254891350172787,-0.4078045557004384
2007-01-30,-1.4730914921425613,-1.586473315540132,-0.3952505825508012
2007-01-31,-1.6152537535541942,-1.4914817518430012,-0.6244787768557261
2007-02-01,-1.645114593214969,-1.5480486676362541,-0.7970241405985539
2007-02-02,-1.7085944418273744,-1.538532790636187,-0.941492007823878
2007-02-05,-1.5803673030705194,-1.538532790636187,-0.5335153932609608
2007-02-06,-1.553823032160464,-1.538532790636187,-0.2865208017633226
2007-02-07,-1.642387027345931,-1.557600386065539,-0.23685647992036005
2007-02-08,-1.6098585108606358,-1.557600386065539,-0.044948851284008835
2007-02-09,-1.4373777517650501,-1.6156787620674025,0.39558205568279564
2007-02-12,-1.3109823223640957,-1.6156787620674025,0.23810583252427975
2007-02-13,-1.6369392960329447,-1.6254891350172787,-0.20942626262846153
2007-02-14,-1.6670326692819957,-1.586473315540132,-0.664162140610098
2007-02-15,-1.6697842431105099,-1.6156787620674025,-0.7860196856788513
2007-02-16,-1.725392478736981,-1.635337606598462,-0.6804152495214046
2007-02-20,-1.6642835216106573,-1.635337606598462,-0.3826189794679359
2007-02-21,-1.6752960025868018,-1.6751184732169677,-0.2506518701676882
2007-02-22,-1.6808183167058801,-1.7155333244940003,-0.0789893738397049
2007-02-23,-1.5723777202386346,-1.65515003740873,0.2636885503616693
2007-02-26,-1.424732135020074,-1.6254891350172787,0.5021315272990601
2007-02-27,-0.029120793145224276,-1.4270432660604557,2.9282440201550144
2007-02-28,-0.5124616093893345,-1.3999202455369981,-2.7822533537588128
2007-03-01,-0.44040427165790696,-1.3909433220219323,-2.5190002906209235
2007-03-02,0.01660662689818483,-1.3202494553502624,-1.4966578912378623
2007-03-05,0.1667446264283087,-1.2514729487821719,-1.2492917574107771
2007-03-06,-0.41561384832298887,-1.2942391940570082,-2.0640826288657887
2007-03-07,-0.5454994767238471,-1.3202494553502624,-2.46946534475696
2007-03-08,-0.7265984087062516,-1.3730842464891393,-2.476417586885802
2007-03-09,-0.7662563623174734,-1.4636645269191193,-2.387808396797466
2007-03-12,-0.7862970358168323,-1.4179699889579265,-2.1356639422360977
2007-03-13,-0.05691820386063127,-1.3115496929762889,-0.6715305718219009
2007-03-14,-0.1936551641560358,-1.2942391940570082,-1.457759942367509
2007-03-15,-0.333951181460108,-1.346529257829395,-1.5125623025476524
2007-03-16,-0.2729656915591456,-1.346529257829395,-1.1345355546265277
2007-03-19,-0.6681401487437019,-1.3730842464891393,-1.5188308103624497
2007-03-20,-0.9349635536359662,-1.346529257829395,-2.050155375449433
2007-03-21,-1.1738174476319416,-1.3202494553502624,-2.242090476974845
2007-03-22,-1.0079946988766095,-1.4089290587229784,-2.3714054211569167
2007-03-23,-1.0036459837236975,-1.4270432660604557,-2.0861681205908984
2007-03-26,-0.9583846033839873,-1.3999202455369981,-1.7430114942325523
2007-03-27,-0.8907853086528964,-1.4089290587229784,-1.3675573844529951
2007-03-28,-0.5939162584484421,-1.3819980632058555,-0.637953616491951
2007-03-29,-0.5640227286950104,-1.3999202455369981,-0.5275667747677194
2007-03-30,-0.6585140750071924,-1.4179699889579265,-0.42676254253946555
2007-04-02,-0.6797351141032869,-1.3642016516112152,-0.2085328446464507
2007-04-03,-0.8949629162505095,-1.3909433220219323,-0.3192031336153613
2007-04-04,-0.9413319131235673,-1.3553500606179176,-0.7115016936077426
2007-04-05,-0.9434579067240534,-1.3819980632058555,-0.4725821170999014
2007-04-09,-0.9626638713356603,-1.4544595141086598,-0.30123923726992025
2007-04-10,-1.0629298264853368,-1.4361491223247969,-0.24083511403532679
2007-04-11,-0.8886987291023047,-1.4636645269191193,0.26116104710704036
2007-04-12,-1.0562807579938678,-1.4636645269191193,0.09309919364189041
2007-04-13,-1.1715101474667322,-1.5008223820895181,-0.01924658405841213
2007-04-16,-1.2227119003885079,-1.5101975433951234,-0.0423761042825969
2007-04-17,-1.1853819727425559,-1.4914817518430012,-0.37553182377888944
2007-04-18,-1.1212235045775125,-1.4821753992157507,-0.09207129801618193
2007-04-19,-1.094168630402368,-1.5008223820895181,0.15908653982111665
2007-04-20,-1.2016529787615369,-1.5290524870910944,0.19230381283424927
2007-04-23,-0.9841589997397687,-1.5290524870910944,0.10419406442074738
2007-04-24,-0.9669498619570328,-1.5101975433951234,0.2536531522338608
2007-04-25,-0.9477145160093109,-1.538532790636187,0.4974915325376593
2007-04-26,-1.0386262044504402,-1.5768124343519678,-0.033667483990698785
2007-04-27,-1.1144354122824731,-1.5768124343519678,0.05469748750585208
2007-04-30,-0.7404151530169288,-1.472903073547918,0.8710470167118147
2007-05-01,-0.884530206379279,-1.472903073547918,0.33456413075327024
2007-05-02,-0.9755412740071967,-1.4914817518430012,0.35574029915693306
2007-05-03,-0.9733909091221093,-1.538532790636187,0.3197362210630889
2007-05-04,-1.0123503534720757,-1.5101975433951234,0.2557255357737392
2007-05-07,-0.9605235258590936,-1.5196074920208746,0.4446354952225985
2007-05-08,-0.9477145160093109,-1.5196074920208746,0.6709957676474935
2007-05-09,-1.0188962956633436,-1.5671882169377027,0.7360160752418781
2007-05-10,-0.8658482980774876,-1.557600386065539,1.1045352271933189
2007-05-11,-1.0036459837236975,-1.5768124343519678,0.17753796336773678
2007-05-14,-0.7923371016021997,-1.5961711409144907,0.260121362582481
2007-05-15,-0.7822773889569226,-1.635337606598462,0.47018525955031093
2007-05-16,-0.8866136957744005,-1.6254891350172787,0.516948765262946
2007-05-17,-0.884530206379279,-1.65515003740873,0.39369969896531837
2007-05-18,-1.0452336349412445,-1.6952453903316729,0.31675038763666286
2007-05-21,-0.9286097771836621,-1.7053690694245727,0.1796145586421237
2007-05-22,-0.9798467348615733,-1.746272831103148,0.3135598547382821
2007-05-23,-0.9413319131235673,-1.7669748092907787,0.5818399239776382
2007-05-24,-0.7682540566262854,-1.7566026956707694,1.0644858608015566
2007-05-25,-0.920160265717998,-1.7566026956707694,0.3644483139860913
2007-05-29,-0.8803680485785088,-1.7878471760460108,0.5160867502982649
2007-05-30,-1.0298402948841179,-1.7669748092907787,0.38217736398686597
2007-05-31,-0.9820020411773107,-1.746272831103148,0.18553681604224836
2007-06-01,-1.0408270276811205,-1.7983481361638893,0.29742763368850905
2007-06-04,-0.9307261761606475,-1.7669748092907787,0.49885709816798957
2007-06-05,-0.8596485243739218,-1.7983481361638893,0.8200421682388171
2007-06-06,-0.6146536864214523,-1.7257384821084885,1.2828914881486506
2007-06-07,-0.22807896992844345,-1.7257384821084885,1.250494191504995
2007-06-08,-0.6203359425600852,-1.6952453903316729,-0.7241850454165697
2007-06-11,-0.6450927689193053,-1.7053690694245727,-1.06624135134597
2007-06-12,-0.2931477806056864,-1.7155333244940003,-0.23518409023180284
2007-06-13,-0.6412699175209174,-1.6751184732169677,-0.9513103879040883
2007-06-14,-0.8575848995831019,-1.7155333244940003,-1.7068668210687903
2007-06-15,-0.7963711558586088,-1.6952453903316729,-1.4510168957645242
2007-06-18,-0.9033369856099086,-1.6851619645422384,-1.454591469361118
2007-06-19,-1.0254575022690526,-1.6059061941166688,-1.3910918445393734
2007-06-20,-0.6527542718937381,-1.6156787620674025,-0.54571753580114
2007-06-21,-0.7423945778563429,-1.5480486676362541,-1.1408300014906863
2007-06-22,-0.45288178959446934,-1.5196074920208746,-0.5077318038765319
2007-06-25,-0.29652563497194456,-1.4179699889579265,-0.3015858036327273
2007-06-26,0.058624964229329134,-1.4270432660604557,0.45818250834816726
2007-06-27,-0.4924612209788116,-1.346529257829395,-0.5664192527815283
2007-06-28,-0.4906499867025409,-1.3909433220219323,-0.9470301894982489
2007-06-29,-0.36841209807605463,-1.3377390298085752,-0.4777654741525802
2007-07-02,-0.5161134624019633,-1.217771745237184,-0.45372801892630754
2007-07-03,-0.6052085662391359,-1.2514729487821719,-0.6418230755800189
2007-07-05,-0.5015347493911504,-1.3115496929762889,-0.2633933850740025
2007-07-06,-0.6431806028285798,-1.3289791653301788,-0.24351986094587086
2007-07-09,-0.5603083807779429,-1.302879673437701,0.01289824473388048
2007-07-10,-0.1451979259441992,-1.1435426925029069,0.9313252454015956
2007-07-11,-0.2982160840508591,-1.1112368002695667,-0.007077810217588578
2007-07-12,-0.4906499867025409,-1.1762654464524727,-0.2615683197596354
2007-07-13,-0.5621650303820739,-1.1927865357949687,-0.9825628644904727
2007-07-16,-0.4816114352544354,-1.1845125374441134,-0.6115492089300897
2007-07-17,-0.4744014755994123,-1.2010876176584335,-0.33591286897319794
2007-07-18,-0.40857082778329057,-1.0793372822450826,0.028334160710984567
2007-07-19,-0.5473463769455874,-1.0793372822450826,0.03918708988447759
2007-07-20,-0.2462796814447042,-0.9480701422882929,0.7004632466215379
2007-07-23,-0.2696163055002359,-0.8959336578192052,0.4019525814644667
2007-07-24,0.007520228253632613,-0.7736074479693936,1.0563356473450174
2007-07-25,-0.06157772488597491,-0.7043141139665472,-0.035972237780466064
2007-07-26,0.32151216718298037,-0.4323417821223598,0.839651286535943
2007-07-27,0.7521414936311389,-0.3418692300008407,0.2484293042638225
2007-07-30,0.3390936918233622,-0.36568140725370396,-0.8834259567586062
2007-07-31,0.6754373913387268,-0.3957645387292852,-0.44927367238663485
2007-08-01,0.6933248052739421,-0.3418692300008407,-0.34329839604398604
2007-08-02,0.3858890909936547,-0.40182422678561225,-0.597402915375197
2007-08-03,0.8650920091584233,-0.36568140725370396,0.3459804069573061
2007-08-06,0.6051823964503532,-0.3418692300008407,-0.9209860470249347
2007-08-07,0.4306144062644787,-0.3897192957118195,-1.2905434705653436
2007-08-08,0.4162222790677478,-0.558222622294026,-1.1766023329774828
2007-08-09,1.0089679378041598,-0.48821626803911006,-0.19336159183720802
2007-08-10,1.1959995812524646,-0.4384896111815838,-0.681430562790877
2007-08-13,1.0185148780119397,-0.4632310585968949,-0.6962591934145944
2007-08-14,1.1336717907980767,-0.4139872153048337,-0.22819083066182597
2007-08-15,1.422285376061864,-0.34780134555944253,0.22926555898113393
2007-08-16,1.436925722535777,-0.16453584254886228,0.29682719525804124
2007-08-17,1.3591996918407325,-0.2260510101460912,0.3868010579431611
2007-08-20,0.9929840993490986,-0.21475487456470463,-0.37815041033944946
2007-08-21,0.8751389289064532,-0.19790445878256122,-0.27695768390374054
2007-08-22,0.5990428515136675,-0.26024449327040744,-0.4422638520328431
2007-08-23,0.5656567574695076,-0.30656501837715183,-0.45103332627706744
2007-08-24,0.3187974999337903,-0.3359509583651088,-0.5669928786242883
2007-08-27,0.5780680920192509,-0.3300464661868603,-0.15957103288309102
2007-08-28,0.9897763250686336,-0.248795362108452,0.6184546003636682
2007-08-29,0.709917717544547,-0.25451346654897533,-0.4458276268667696
2007-08-30,0.8538865037268955,-0.2260510101460912,-0.4863746269356149
2007-08-31,0.6586390488290266,-0.186732730385332,-0.5225910335679855
2007-09-04,0.5854889815693849,-0.19790445878256122,-0.5098830369660211
2007-09-05,0.7994702657151457,-0.15901684527824125,-0.0477599426159681
2007-09-06,0.7311088090472848,-0.18116526767730448,-0.010404110549999844
2007-09-07,0.982277470428946,-0.0883419236814065,0.6737340050509225
2007-09-10,1.1030100414895225,-0.05637538808989588,0.7455694886687556
2007-09-11,0.877366761404387,-0.08298610702346028,0.6540132513945273
2007-09-12,0.8426361939039229,-0.10987902335975812,0.5730584262961282
2007-09-13,0.8199999345499212,-0.17561000095430535,0.8009446362978111
2007-09-14,0.8381235735242428,-0.1700668769004897,0.9788047920330261
2007-09-17,1.0089679378041598,-0.2035088328755056,1.5314138304503055
2007-09-18,0.2680991945945171,-0.23739768788938995,0.5026257727160779
2007-09-19,0.223502953788302,-0.3300464661868603,-1.1900564932537145
2007-09-20,0.2818918623000891,-0.383688429029009,-0.8647378470377232
2007-09-21,0.07496216472661593,-0.4139872153048337,-1.0083634006871338
2007-09-24,0.12922847384712063,-0.45083016227272943,-0.6501945992602333
2007-09-25,0.015094263385080717,-0.40789842907868984,-0.5626014082272305
2007-09-26,-0.13560588380181907,-0.42620882086255346,-0.5408102311163859
2007-09-27,-0.2379920615310377,-0.4200906556635819,-0.514777503824822
2007-09-28,-0.07716612280145523,-0.4139872153048337,-0.09168680986413033
2007-10-01,-0.10228847923138198,-0.3957645387292852,0.09628650898892263
2007-10-02,-0.0015953184470884694,-0.3897192957118195,0.09031579502951413
2007-10-03,0.04518729731675127,-0.4139872153048337,0.4255876572836857
2007-10-04,-0.009214183016867805,-0.4200906556635819,0.5811701630325281
2007-10-05,-0.25292765210421875,-0.5008017938449887,0.4278946293946057
2007-10-09,-0.38754676338465444,-0.5453496086372213,0.0055389613328499536
2007-10-10,-0.2931477806056864,-0.5711613148761593,0.052474758858582174
2007-10-11,0.05713502380193885,-0.6037998380445186,0.8671900191222462
2007-10-12,-0.11969125562836931,-0.6235865047039897,0.7223902208272674
2007-10-15,0.11174292276350005,-0.6368639080437167,1.1977143012132965
2007-10-16,0.2220978340372602,-0.5711613148761593,1.2731898292397488
2007-10-17,0.0060032610325093565,-0.46945432121676034,0.8706553279695471
2007-10-18,-7.396002083939338e-05,-0.3897192957118195,1.0629951492456975
2007-10-19,0.6076342345249578,-0.2949053277460502,2.2248410093900146
2007-10-22,0.44103547489689066,-0.27751569449867974,-0.13083887698791838
2007-10-23,0.2763828007626489,-0.30656501837715183,-0.19530031676035003
2007-10-24,0.3296402314174107,-0.26024449327040744,0.00864825154370046
2007-10-25,0.3792515672025838,-0.2717455481072841,0.35690605270415854
2007-10-26,0.15669320962242778,-0.27751569449867974,0.2496831497935992
2007-10-29,0.2009369370345314,-0.2832989997301824,0.17160108753254918
2007-10-30,0.3659291054199365,-0.2832989997301824,0.6762140378488951
2007-10-31,0.004485185893566539,-0.2949053277460502,0.18954392494477265
2007-11-01,0.6381054878727024,-0.19790445878256122,1.124846637108155
2007-11-02,0.6137550817623693,-0.13160059723003698,-0.06945171369817386
2007-11-05,0.7683921409337626,-0.10987902335975812,0.4638099227787759
2007-11-06,0.4083406147729591,-0.12615273639176688,0.021397334028388084
2007-11-07,1.0100303325156146,-0.07230828811166493,0.8616377952527369
2007-11-08,0.9747585769205305,0.0063736666660343805,-0.27631553232882317
2007-11-09,1.2158144426813977,0.06256078011250714,0.36984053872199874
2007-11-13,0.7439808376480405,0.08769456606968704,-0.2820965662792646
2007-11-14,0.9509960784286298,0.07264420590194146,-0.8713958959396365
2007-11-15,1.172036183279273,0.17616789592052537,-0.22384973607059686
2007-11-16,0.9017565677192558,0.23348057800203573,-0.6378784184939669
2007-11-19,0.9585786544540242,0.3443606755409037,-0.25498009606888944
2007-11-20,0.8336034884292728,0.38916711044803903,-0.4521866451285619
2007-11-21,1.0469628653178185,0.45925041663019844,0.13015408246564358
2007-11-23,0.9149716569670452,0.42882700511400146,-0.43188629603186274
2007-11-26,1.256003651363926,0.4807601150896212,0.018712374320242614
2007-11-27,0.9876359795920668,0.4635669763871714,-0.7376919628651087
2007-11-28,0.7451481275488303,0.39803417628226934,-0.9917053164774786
2007-11-29,0.7287620596392698,0.39803417628226934,-1.7502178964269264
2007-11-30,0.5965835122179997,0.4068703463541042,-1.6657842825479523
2007-12-03,0.6861835252023943,0.4375567150939172,-1.3277872782580347
2007-12-04,0.7075534451645556,0.467876201289708,-1.0471169711123856
2007-12-05,0.554439363482,0.45492649700647847,-1.1046928574281178
2007-12-06,0.3512011442227843,0.42006714063560513,-1.5043741384079332
2007-12-07,0.3363959425840421,0.35338551867739004,-1.4977898045171532
2007-12-10,0.32151216718298037,0.3170918295238923,-1.2282082850747056
2007-12-11,0.6837989892309445,0.37580810723832403,-0.439721141671067
2007-12-12,0.5469360195063397,0.3443606755409037,-1.4279905218963653
2007-12-13,0.5581833073802486,0.3307629043837246,-1.2307440474036246
2007-12-14,0.6453699127799752,0.31251837788770176,-0.7999120502105458
2007-12-17,0.7925936931922243,0.3307629043837246,-0.5034589751859578
2007-12-18,0.5681432657841948,0.3668628484222475,-0.8790599444359991
2007-12-19,0.4462316949207299,0.38916711044803903,-0.8334894211157198
2007-12-20,0.2997216593527605,0.42445085520158776,-0.7825879298240127
2007-12-21,-0.004640505316931354,0.37580810723832403,-1.067960408178939
2007-12-24,0.015094263385080717,0.3623783587568398,-1.1536420499129618
2007-12-26,0.024155987357236893,0.3353036007533888,-0.9623803187966962
2007-12-27,0.2556277465174051,0.3578859249071815,-0.31217098707621305
2007-12-28,0.32151216718298037,0.39803417628226934,-0.2903804745753573
2007-12-31,0.5506901926668145,0.4807601150896212,0.3487333626493103
2008-01-02,0.633252328916668,0.5567185527857461,0.61725060053919
2008-01-03,0.5494393580884471,0.5856542338067501,0.5464738842410256
2008-01-04,0.7252384856748557,0.6625692859924025,1.1058578819870222
2008-01-07,0.7075534451645556,0.6982042270592461,-0.09994007055023267
2008-01-08,0.895125780185994,0.7216856748689545,0.4904076574364618
2008-01-09,0.746314933387163,0.805970655162806,0.004703546637268421
2008-01-10,0.6670508707234587,0.768006199975699,-0.048373385850649736
2008-01-11,0.694513296231725,0.7870594695035592,0.19433265348306544
2008-01-14,0.6002718327012918,0.7794553311376539,0.1794934051573532
2008-01-15,0.653821208272373,0.8097360281558867,0.39749373202470906
2008-01-16,0.7764824032957842,0.843375142178448,-0.12681831872911517
2008-01-17,1.2118625426376222,0.9020979568543396,0.7351111129596323
2008-01-18,1.0823818563478544,0.9201734307045507,-0.26287082061428657
2008-01-22,1.4533056097908443,1.0432179914665383,0.48924635589708954
2008-01-23,1.2666892291043141,1.073916152738977,0.32623244302799687
2008-01-24,1.143818569216875,0.9488288570060668,-0.3432285502280749
2008-01-25,1.2725005830328446,0.9020979568543396,0.0709731464056683
2008-01-28,1.143818569216875,0.9165686280436379,-0.1290340468643769
2008-01-29,1.0968374694984229,0.8507902885286065,-0.2685438597705056
2008-01-30,1.1275661909619206,0.8247418603706008,0.041636946540600246
2008-01-31,0.979057664526316,0.8875442397517288,0.007888102898340056
2008-02-01,0.7346252672970786,0.891190506727763,-0.5996737585185676
2008-02-04,0.9564142294831488,0.8765738769558047,-0.3131808127134566
2008-02-05,1.1900278854954427,0.927367700054104,0.12855132995784876
2008-02-06,1.2618370941986583,0.9381209808089914,-0.3895739607091587
2008-02-07,1.131637997926276,0.9416952988706695,-0.38055849407834524
2008-02-08,1.1670180884856067,0.9947141967463463,-0.08334560821359377
2008-02-11,1.1255279784416556,1.0363454174908837,0.08352785386994516
2008-02-12,0.9929840993490986,1.0363454174908837,0.11799357618703396
2008-02-13,0.8336034884292728,1.0397840325871386,0.0010224010570966805
2008-02-14,0.9072704873469326,0.9947141967463463,0.2211036616882152
2008-02-15,0.8493919050705542,1.0121436691002361,0.2641873857341028
2008-02-19,0.9127734128853437,0.9947141967463463,0.6520261763640082
2008-02-20,0.7787897034609949,0.9947141967463463,0.6963116565367942
2008-02-21,0.8606152888538746,1.0294541680195164,1.0840278123125013
2008-02-22,0.739306829376709,1.0294541680195164,0.962725954453557
2008-02-25,0.6161996972657859,0.9806838525497527,0.9220048737308477
2008-02-26,0.47463989457852834,0.9665754531855908,0.49785717189804485
2008-02-27,0.5743505313242331,0.9701099182106094,0.7708099917903276
2008-02-28,0.6766334603280221,1.0363454174908837,1.204703198074154
2008-02-29,1.015336297291761,1.1375281831630772,1.7044812740836834
2008-03-03,0.9876359795920668,1.1638420716003812,0.6228855335621497
2008-03-04,0.9050662159864814,1.1671121922919905,0.7588003269426757
2008-03-05,0.8017587996403546,1.140832389812859,0.8337864994915908
2008-03-06,1.1204259782352877,1.1768973294931226,1.5216138007382116
2008-03-07,1.1142915362791532,1.2188686467525838,0.7556554183474782
2008-03-10,1.3013788469146066,1.26958990240507,1.1252205036585097
2008-03-11,0.9961882207371433,1.228456477624748,0.5524564678932765
2008-03-12,1.0865195308817712,1.2852344816007681,-0.7825152135141425
2008-03-13,1.0937461964508262,1.3285327229307904,-0.5703959079407867
2008-03-14,1.4668829922449698,1.362041631714895,0.3275857626200865
2008-03-17,1.5627530875430728,1.4336504809942336,0.46138011776385807
2008-03-18,0.9346785340173438,1.365066054547957,-0.40536033444059355
2008-03-19,1.3450912846885914,1.359013597629831,-1.1064474711604793
2008-03-20,1.0238048820051018,1.36808687473236,-1.7902550068829919
2008-03-24,0.9281247601729489,1.2664493716694112,-1.8861330180765257
2008-03-25,0.9270309788623916,1.2348282856123738,-1.8723066903848986
2008-03-26,0.9661408511879584,1.2411841241396815,-1.5072921362980891
2008-03-27,0.9444802460918985,1.2252645599661736,-1.373655567588657
2008-03-28,0.925936772194493,1.2411841241396815,-1.1137416769357567
2008-03-31,0.9149716569670452,1.3100667803333708,-0.932256610053177
2008-04-01,0.5731101732387558,1.2506881136952899,-1.2068475599100732
2008-04-02,0.6646500580698825,1.1995835481501542,-1.9798572786285362
2008-04-03,0.6381054878727024,1.173639810426148,-1.722986031237984
2008-04-04,0.5444306907705431,1.1671121922919905,-1.5830473063294925
2008-04-07,0.5406681509576845,1.094177072054251,-1.293575874443717
2008-04-08,0.5331281835099073,1.1075949776687428,-1.011318131019844
2008-04-09,0.5891918644348145,1.1507192570918248,-0.6290824405058579
2008-04-10,0.48489946945952367,1.1474279156240523,-0.5974313168865305
2008-04-11,0.6682502805323497,1.1671121922919905,-0.01468208292621633
2008-04-14,0.711099221812575,1.1605677286730083,-0.3528949847325834
2008-04-15,0.5854889815693849,1.1309068262815565,-0.28851468992826307
2008-04-16,0.29287746977536516,1.0671263809589442,-0.4896945057694319
2008-04-17,0.2708631950515953,1.032902133533594,-1.453514210277835
2008-04-18,0.23751515904422893,0.9594917104653099,-1.2183969298695385
2008-04-21,0.2887627935222684,0.9523881253025334,-1.0206132819132103
2008-04-22,0.3390936918233622,0.9309571956922263,-0.6502592194051683
2008-04-23,0.2556277465174051,0.923773116539527,-0.5394447955879622
2008-04-24,0.22771384021636754,0.8765738769558047,-0.3079438866998213
2008-04-25,0.16100547460566736,0.847085425568802,-0.1849765662390143
2008-04-28,0.1681776554520278,0.8507902885286065,-0.12331677279568978
2008-04-29,0.2528487316511126,0.854489746872402,0.2889978918417402
2008-04-30,0.32828739866969364,0.854489746872402,0.6322086374560537
2008-05-01,0.05713502380193885,0.8359382504999517,0.3360195759854837
2008-05-02,-0.04916894981671049,0.7718283231482529,-0.7719292600119794
2008-05-05,0.06011411610173583,0.775644694440271,-0.3339251707877043
2008-05-06,-0.044529915820883205,0.7946408749854306,-0.2935564950562592
2008-05-07,0.1810419069333251,0.8021996831000152,0.127262773688693
2008-05-08,0.13358272810898666,0.843375142178448,-0.520639320898194
2008-05-09,0.1350327422416211,0.8692338479678657,-0.25492343583253174
2008-05-12,-0.11018532669773905,0.8692338479678657,-0.38816300112312835
2008-05-13,-0.08029425248350079,0.8172500432677603,-0.4246101103998723
2008-05-14,-0.13082194543916595,0.775644694440271,-0.2341635782185824
2008-05-15,-0.35630280773815315,0.7908530053567164,-0.3477825537881039
2008-05-16,-0.3271095533137405,0.768006199975699,-0.5518466321392125
2008-05-19,-0.23633739973418955,0.7565051451388218,-0.138974972281603
2008-05-20,-0.1435969288290705,0.7870594695035592,0.24666179284285442
2008-05-21,0.013581086536037477,0.7718283231482529,0.49986375802952926
2008-05-22,-0.06936127716103022,0.7526598400124682,-0.34741500591411845
2008-05-23,0.1552543180458388,0.7946408749854306,0.2901411430155672
2008-05-27,0.1681776554520278,0.8021996831000152,0.02473633002174085
2008-05-28,0.08530928947018548,0.7603446284535235,0.001848102394786333
2008-05-29,-0.05536664471690828,0.7372200465363926,-0.02389001082819394
2008-05-30,-0.10386613686585691,0.7449516935159239,0.0774851118357973
2008-06-02,0.19526690535392263,0.783260250448498,0.8037839306475382
2008-06-03,0.2528487316511126,0.8247418603706008,0.7447731523279245
2008-06-04,0.3296402314174107,0.8284794855791472,1.0007278035668652
2008-06-05,0.019628629343882924,0.768006199975699,0.7522059955848406
2008-06-06,0.6802183919127626,0.7870594695035592,0.7496154914882851
2008-06-09,0.6271740268465201,0.7488086953924121,-1.0007363790109352
2008-06-10,0.6344664615353898,0.713882658728282,-0.7034303934012512
2008-06-11,0.746314933387163,0.7410888165391053,-0.2695504775567046
2008-06-12,0.6526154005321335,0.6903285118941104,-0.49533919575028335
2008-06-13,0.3858890909936547,0.6745033232863573,-0.6650990407651559
2008-06-16,0.3498586408972696,0.6665535417136595,-0.7243493466270468
2008-06-17,0.3739300481238709,0.6784688881990975,-0.39908043395188525
2008-06-18,0.5179871196528104,0.7294647553396986,0.06775975090408173
2008-06-19,0.4332233562550143,0.7294647553396986,-0.011049284676329776
2008-06-20,0.5965835122179997,0.7946408749854306,0.5304734195963668
2008-06-23,0.5681432657841948,0.8172500432677603,0.11098488733425378
2008-06-24,0.5406681509576845,0.9093436139117712,0.3447021028497312
2008-06-25,0.37526137174458346,0.9129586939893054,0.3415289791171576
2008-06-26,0.7240629050126496,1.001700367128574,1.1160365625468427
2008-06-27,0.6658507204619035,1.05007199089529,-0.39810617518105146
2008-06-30,0.7264135753754521,1.0294541680195164,-0.06363124656950418
2008-07-01,0.6909463162552723,1.073916152738977,0.14037993221179595
2008-07-02,0.9488258104534872,1.0908114733586136,0.8219942369158095
2008-07-03,0.8222718380010796,1.1242681359852857,0.25369801762683514
2008-07-07,0.9335872979222352,1.1671121922919905,0.717058033817759
2008-07-08,0.6308224908192659,1.2028079328756243,0.2651667286982705
2008-07-09,0.8729093310489774,1.186644855568021,0.2868097343809897
2008-07-10,0.9127734128853437,1.212456561806959,-0.03825583075879931
2008-07-11,1.1142915362791532,1.2060282231431998,0.5501488462508444
2008-07-14,1.213839186478135,1.2092444293383189,0.7437417301478155
2008-07-15,1.2197607999597744,1.2633049469082858,0.8808101838586686
2008-07-16,0.8583741479508448,1.2475240730540993,0.1879493953450941
2008-07-17,0.8482670790372768,1.1768973294931226,-0.4958912770155915
2008-07-18,0.7381371131265462,1.1375281831630772,-0.5273849500142396
2008-07-21,0.6186419578304526,1.1075949776687428,-0.49198513325596144
2008-07-22,0.3805803758686228,1.1142774011531136,-0.5913574525517474
2008-07-23,0.39779751928859286,1.0671263809589442,-0.5198923793176984
2008-07-24,0.6658507204619035,1.127589653480342,0.14311414935370056
2008-07-25,0.6015002773207563,1.1142774011531136,-0.503867671057983
2008-07-28,0.7591175209256878,1.1768973294931226,0.04150827998108198
2008-07-29,0.4912929107669808,1.186644855568021,-0.5128475583219566
2008-07-30,0.3845627876791433,1.1833998413761233,-1.128687065160855
2008-07-31,0.6051823964503532,1.2443560798314417,-0.9264592757449495
2008-08-01,0.5594302616996641,1.2852344816007681,-0.9572562543502368
2008-08-04,0.671846130723958,1.2883518492274197,-0.5237991272837463
2008-08-05,0.37526137174458346,1.2789882266081165,-0.8585954966220427
2008-08-06,0.2514581942513623,1.2601566184530963,-1.7832825835104078
2008-08-07,0.3765920657345668,1.2945751118472848,-1.3100965259010526
2008-08-08,0.3106380076934902,1.2883518492274197,-1.4350706441237913
2008-08-11,0.23611728788255615,1.2664493716694112,-1.7130543259085924
2008-08-12,0.3792515672025838,1.2789882266081165,-1.326631700219305
2008-08-13,0.4293090235419037,1.2727265487479802,-1.1068149954481887
2008-08-14,0.2667161755023044,1.2789882266081165,-1.1359457011616747
2008-08-15,0.1595687871514729,1.282113277212993,-1.1160283415873613
2008-08-18,0.35388474234278233,1.2976810255789912,-0.5555273359471259
2008-08-19,0.3938338087145505,1.3162370467470255,-0.5692499271931466
2008-08-20,0.27776107770847697,1.3377155147805984,-0.7021833295197772
2008-08-21,0.19384761031729253,1.3346582772253466,-0.5975449530879526
2008-08-22,0.0466835762248758,1.3223923367711667,-0.5618893700043031
2008-08-25,0.3525432632231426,1.3438189551393465,-0.26314832699780133
2008-08-26,0.2873898965254777,1.3438189551393465,-0.9118968151311392
2008-08-27,0.1853170442557048,1.3499077413654903,-0.8062307583812386
2008-08-28,0.13793053066699468,1.3346582772253466,-0.7878919342608673
2008-08-29,0.30927574557065013,1.3315973495816267,-0.5232411741180585
2008-09-02,0.48617932045603945,1.3741177414151706,-0.19262938974539434
2008-09-03,0.4135975099844035,1.3921247631904763,-0.11223200447846789
2008-09-04,0.735796444111645,1.4129726172011474,0.691171738199998
2008-09-05,0.6198624099868825,1.4129726172011474,-0.9315371778715937
2008-09-08,0.5681432657841948,1.3861366181532886,-0.7371505773236932
2008-09-09,0.8995479707660301,1.4070335553650533,-0.5108301871159853
2008-09-10,0.7925936931922243,1.4129726172011474,-1.4285157711786836
2008-09-11,0.777636289884447,1.4336504809942336,-1.1713890899151733
2008-09-12,0.9204595560436093,1.4100048248847377,-0.8736985169613463
2008-09-15,1.515226339910659,1.5571010727851005,0.36567498325555997
2008-09-16,1.388134820545652,1.6234772477816,-1.5700274768918792
2008-09-17,1.890276256015711,1.7172642047244704,-0.6195499209728382
2008-09-18,1.636824172204696,1.7667609856739501,-1.850727883497186
2008-09-19,1.5478772165347434,1.6015443262461733,-2.0662881806942752
2008-09-22,1.699866870342084,1.6015443262461733,-2.126720485652775
2008-09-23,1.8511640356264658,1.6506293084961214,-1.7769225235848536
2008-09-24,1.8091025584871316,1.7251439984643522,-1.7533088620898802
2008-09-25,1.612921443330957,1.777059388638518,-1.770802072405147
2008-09-26,1.7728901045983803,1.8728631998037957,-1.3228635333809795
2008-09-29,2.6065311255379586,1.9936468958896643,0.3399840068660297
2008-09-30,2.1263460102007805,2.0427092673404417,-2.5102892689459573
2008-10-01,2.1561885752465417,2.1066832821653807,-2.536342558156732
2008-10-02,2.5172000186517267,2.2726067730775488,-1.63927286878053
2008-10-03,2.509730112627391,2.322825805093392,-1.6977539930818413
2008-10-06,2.9105006290601048,2.489211973138453,-0.7865952459589199
2008-10-07,2.9972627162455456,2.5104660104566485,-1.054825273366945
2008-10-08,3.192155712023842,2.5731797961309972,-0.9147499170379235
2008-10-09,3.488509483539941,2.647174199015933,-0.27328637114778154
2008-10-10,3.7421589047851755,2.898638560257038,-0.6073268226701695
2008-10-14,3.0722574981972266,2.7525203671905265,-3.3933915402548664
2008-10-15,3.713860203562092,2.862053321560789,-2.0566807006936525
2008-10-16,3.6464238840669188,2.9573897185943343,-2.7380319180583066
2008-10-17,3.757402956313404,2.99422490969598,-2.3724786598367453
2008-10-20,2.9597991375456365,2.963834393587379,-3.363341222744905
2008-10-21,2.967225887428878,2.9814732637465418,-3.3481916742546076
2008-10-22,3.730065855995814,3.010074825321791,-1.8820102736049773
2008-10-23,3.65432002041075,3.0554871960231713,-2.0073007263949316
2008-10-24,4.0891186382438125,3.109233826895589,-1.0022594545371988
2008-10-27,4.121994578725952,3.1274021069556386,-0.9457132425268775
2008-10-28,3.6192422585769712,3.106193085230392,-1.6076161349915845
2008-10-29,3.742561204703174,3.035230426453888,-2.3053498362986855
2008-10-30,3.4432482608753063,2.9878571015920232,-2.4862888771122233
2008-10-31,3.305274425687261,3.0289648809691507,-2.5135913376217864
2008-11-03,2.9972627162455456,3.0477152676449686,-2.707623014027634
2008-11-04,2.6667095984911646,3.0305327191921605,-2.9363199194724023
2008-11-05,3.043014802272351,3.0148105470433713,-2.1680126446053944
2008-11-06,3.477925159162954,3.032099588716794,-1.4165616286342477
2008-11-07,3.121333092692755,3.0508268977837485,-2.146853310106571
2008-11-10,3.309499542768461,3.057038727576581,-1.679820884491192
2008-11-12,3.5981532079553293,3.1319239118593507,-0.7853732589452751
2008-11-13,3.302454271687146,3.1648397258092333,-1.311791969124516
2008-11-14,3.59179548147994,3.1796613825232516,-1.1256057254104415
2008-11-17,3.709794241931582,3.2192524801256956,-1.0172817499146674
2008-11-18,3.6476720497512343,3.2952156881459462,-0.8362354871427092
2008-11-19,3.9103944267143116,3.385374806440369,-0.15975516643596727
2008-11-20,4.149970933379054,3.5012416935613997,-0.20041477202486643
2008-11-21,3.8494953646119474,3.5578851868385395,-1.1975721749887238
2008-11-24,3.5226363710142943,3.5515117774900955,-1.758407735577733
2008-11-25,3.3523295962323694,3.5502351712487177,-2.2477242331188454
2008-11-26,3.061519045811185,3.5374336385375433,-2.417046858761764
2008-11-28,3.079902584850466,3.5399991200359966,-2.2643036030971087
2008-12-01,3.6836316459723206,3.5932832644815953,-0.9928400121192529
2008-12-02,3.446824515735425,3.592027518853092,-2.1616300164899274
2008-12-03,3.3440009489177407,3.6170250425456536,-2.1776317452361034
2008-12-04,3.476157171464111,3.635612799191388,-1.7203647655075756
2008-12-05,3.3071530786233883,3.6601864240761874,-1.7591164739234446
2008-12-08,3.2387202733361176,3.645470841711708,-1.6965452858510095
2008-12-09,3.2588522801829423,3.641778565041589,-1.5393570784962143
2008-12-10,3.102714379584214,3.6503855297711265,-1.5309984686901814
2008-12-11,3.105237601914607,3.682100918779838,-1.2260164056611453
2008-12-12,3.0285377413730723,3.727752162560956,-1.1696492795372018
2008-12-15,3.154242091849328,3.788919723731696,-0.6892493838117222
2008-12-16,2.927746024792134,3.7443660242414456,-0.802020409934966
2008-12-17,2.78842342445197,3.699015557679592,-1.2851691261407927
2008-12-18,2.643624656201668,3.6577397492651373,-1.2376945383541198
2008-12-19,2.4966098070758727,3.6219951141902382,-1.275222645677174
2008-12-22,2.4733431306014277,3.5907711511063436,-1.011338299464226
2008-12-23,2.502240322357206,3.5451223101520246,-0.7194686248235662
2008-12-24,2.451155402512835,3.541280888193152,-0.5412421696882238
2008-12-26,2.3978291028319956,3.510338217644546,-0.3378322781720681
2008-12-29,2.4313565152175864,3.4711212777005773,0.004267924904108547
2008-12-30,2.281968628314289,3.3675975876819937,0.060244535545136514
2008-12-31,2.1695853386127064,3.3177078821057986,-0.17300579046763032
2009-01-02,2.112023257320713,3.2782146529989697,-0.09627263676550687
2009-01-05,2.104114815837024,3.2207070131423094,-0.3763441690458114
2009-01-06,2.0664244287784896,3.1077139118096695,-0.13486943635626206
2009-01-07,2.3984775333154853,3.067872950777551,0.675760194068956
2009-01-08,2.3441336596422775,3.106193085230392,0.22100883712705396
2009-01-09,2.361270141007561,3.1031486932141785,0.5400676910672657
2009-01-12,2.5530280367681115,3.106193085230392,0.8023439539678293
2009-01-13,2.390685247097335,3.12891027128492,0.41312660402921514
2009-01-14,2.7486251512780493,3.1349339754114878,1.2960664198512915
2009-01-15,2.85316006735147,3.1514257631768725,1.0266443887085432
2009-01-16,2.569552217397318,3.1243830848789123,0.8676889503835085
2009-01-20,3.1487840766304447,3.1243830848789123,2.0644354640848728
2009-01-21,2.5884053388004293,3.1122709269531317,-0.3081107745953734
2009-01-22,2.6406513441232793,3.109233826895589,-0.6425815284888233
2009-01-23,2.639461093563008,3.115304394115001,-0.4320327646855841
2009-01-26,2.5438057519369206,3.11681976807401,-0.2893953046531955
2009-01-27,2.323564127965571,3.119847802159074,-0.36536494242189044
2009-01-28,2.14556675628165,3.064782178615631,-0.4069751341131287
2009-01-29,2.348757613971083,3.036794397052297,-0.3773776768321676
2009-01-30,2.490968001885412,3.036794397052297,-0.3729339863343495
2009-02-02,2.533317376680048,3.064782178615631,-0.19914253519723854
2009-02-03,2.376996540025546,3.0492715599582754,-0.1529714748774212
2009-02-04,2.4281498371986374,3.0258262936317206,0.12227876689110004
2009-02-05,2.4204394064067833,3.022683817089656,0.39812261820395367
2009-02-06,2.3971802753958604,3.010074825321791,0.5087793966411684
2009-02-09,2.4146426240996712,2.998990294583862,0.2939232053689749
2009-02-10,2.603518104931532,3.0132329555492956,0.9033636694292055
2009-02-11,2.471448014664013,3.0289648809691507,-0.31521361677757975
2009-02-12,2.2561671829795658,3.0445998148637785,-0.37807932282772677
2009-02-13,2.368488976195035,3.035230426453888,0.1092301740076646
2009-02-17,2.721005933076356,3.0725020574689372,0.9100009551795142
2009-02-18,2.709417371853415,3.0939935271520564,0.09436805996037453
2009-02-19,2.628128872024793,3.077122729706776,0.2644703301467213
2009-02-20,2.757771637281472,3.119847802159074,0.7115754042908512
2009-02-23,2.9411458404809228,3.1334293902324117,1.2518152533932834
2009-02-24,2.531462477128494,3.188512973516548,0.0763475737483293
2009-02-25,2.4802801879561853,3.181138794883676,-0.3986108469517045
2009-02-26,2.479650340037408,3.182615347033072,-0.12452935048740114
2009-02-27,2.5841591958563908,3.2134259910723046,0.20528453257037513
2009-03-02,2.9427496770593216,3.2782146529989697,0.8067221698207128
2009-03-03,2.8492955068427643,3.313505763091405,-0.05893150779536558
2009-03-04,2.656670301654584,3.340002339934055,-0.09108448028351505
2009-03-05,2.806991863981729,3.382647947849739,0.2006527984410749
2009-03-06,2.7594834478477295,3.392179152472977,-0.3212355076809993
2009-03-09,2.7793761972779407,3.419215423950127,0.01674049335664434
2009-03-10,2.4613200026044404,3.3989652904398517,-0.2614072085302619
2009-03-11,2.412707788424168,3.3538374983345363,-1.3565804527436789
2009-03-12,2.251388404802474,3.3413892572477826,-1.3258424994864852
2009-03-13,2.33088022679635,3.306486721121084,-1.4065922411717882
2009-03-16,2.421082893079873,3.2481858030415083,-0.9733859905894492
2009-03-17,2.2253036992686526,3.2409833606967644,-0.9888573289816464
2009-03-18,2.173802804716028,3.296627309804963,-1.1493137688899862
2009-03-19,2.4172205009022765,3.263959538201599,-0.6542578131683747
2009-03-20,2.556095348751536,3.263959538201599,-0.1926949458349995
2009-03-23,2.38808293262431,3.23809664638968,-0.38714221659798775
2009-03-24,2.368488976195035,3.222160712376695,-1.8316920807878216
2009-03-25,2.323564127965571,3.1943969163996053,-1.7073479323161542
2009-03-26,2.194795297254948,3.1692953256287963,-1.64303542784761
2009-03-27,2.2418064304226517,3.118334237061955,-1.3980823160842526
2009-03-30,2.534553375944795,3.1394423823676765,-0.7365362822357704
2009-03-31,2.446696832267958,3.160376283920822,-1.0323741260805888
2009-04-01,2.3255612226723095,3.173743110887519,-0.9548848502579083
2009-04-02,2.309544123126021,3.122872224992137,-0.8286932643549949
2009-04-03,2.1484032003744247,3.0848051901259606,-1.14095384959038
2009-04-06,2.234254702471622,3.069416925403596,-0.7387716311057497
2009-04-07,2.196885878230821,3.0709599605865487,-0.5252048057676678
2009-04-08,2.0875060760895185,3.0585893104710786,-0.6975160920061938
2009-04-09,1.9142554083464838,3.032099588716794,-0.7400101530987687
2009-04-13,2.0111583894565133,3.02739607284925,-1.0863467810407816
2009-04-14,2.0007205044692085,2.9782753084111007,-0.7977351953122498
2009-04-15,1.8863891719871,2.9606141033198043,-0.8498265125590995
2009-04-16,1.8566725617900244,2.911812502843841,-0.6628478007577748
2009-04-17,1.7073379575830931,2.8469331679886567,-0.7439172015414517
2009-04-20,2.1113053255333947,2.867073405506155,0.1840198051640281
2009-04-21,1.9608521402553238,2.8969869950765914,-0.9256397516255062
2009-04-22,2.0326566192432263,2.8837356089749204,-0.7076159863490254
2009-04-23,1.9616097897301084,2.867073405506155,-0.5410466674095462
2009-04-24,1.9365042520369096,2.816419692637437,-0.3417440279411551
2009-04-27,2.0488569987955816,2.8232322642157675,-0.01828293869714737
2009-04-28,2.0215574134582845,2.8027393992063696,0.168530211573079
2009-04-29,1.8793795736475047,2.7455148979705775,0.2290784928900734
2009-04-30,1.9119438320305562,2.5618920404998304,0.17784096882998188
2009-05-01,1.817884162956036,2.5410664208926788,0.32435390540727105
2009-05-04,1.7558297775422507,2.520068362879384,0.49038041186473735
2009-05-05,1.6588394780434994,2.491151535944235,-0.4404942740445466
2009-05-06,1.5810209478343045,2.4638617296104623,-0.2764810773171838
2009-05-07,1.665578686506998,2.384232636904674,-0.11401054807130911
2009-05-08,1.5461219124414718,2.3578053699464974,-0.19685693495388046
2009-05-11,1.6172046608555062,2.392309007568228,-0.28151052535646004
2009-05-12,1.5240882212196143,2.404375540618793,-0.452965499880896
2009-05-13,1.683193369759537,2.446161925922243,0.09765164416954475
2009-05-14,1.4857820637161683,2.4579755105385597,-0.5385580343792062
2009-05-15,1.638523811298122,2.4579755105385597,-0.057483820007445806
2009-05-18,1.3825576870551346,2.440234432195322,-0.24476613355489238
2009-05-19,1.2452773381207265,2.410387344884092,-0.9331700439897286
2009-05-20,1.2676586528065534,2.365966208026704,-0.5981249145908318
2009-05-21,1.4839875787901498,2.3393468944358875,0.0046046469435554625
2009-05-22,1.5965853596982598,2.2999321242191697,0.24722687049021153
2009-05-26,1.4176946670198673,2.2915556401543915,0.24648601701575953
2009-05-27,1.573206335896797,2.244983779245167,0.04235566154414237
2009-05-28,1.5125622220350068,2.217056587074378,-0.10218318838969731
2009-05-29,1.2569767630205564,2.221373146831352,-0.42570077801722234
2009-06-01,1.3638869364549453,2.1336142776825042,-0.2877148304997212
2009-06-02,1.325219762329322,2.09537707420505,-0.6300555637649913
2009-06-03,1.4542128328495632,2.0908404392833217,-0.12168831599041849
2009-06-04,1.3769694769260767,2.0542522014471496,-0.1303945485320335
2009-06-05,1.3242701536603916,1.9818241320756838,-0.023816484947214545
2009-06-08,1.338483085243224,1.9580119548228212,0.29420848578785663
2009-06-09,1.1930154125628678,1.955618393300211,0.3243228306425255
2009-06-10,1.2118625426376222,1.91457834470636,0.6019797488077344
2009-06-11,1.177045535358286,1.9170109379335973,0.8208051948527944
2009-06-12,1.1810464150154698,1.9121434158155586,1.0705179544966885
2009-06-15,1.4350997962217,1.9097061467716914,1.7481306841639628
2009-06-16,1.6008934985441232,1.9291390253482275,1.1952311400206674
2009-06-17,1.5009888134400546,1.9889244024487054,1.000433655150947
2009-06-18,1.3629501119920409,1.9912867484462153,1.06220015269925
2009-06-19,1.1650082653120188,1.9936468958896643,0.9181896877834026
2009-06-22,1.4677858487670206,2.035758203386114,1.6644568609302377
2009-06-23,1.4140165589296814,2.0588547040624445,0.2663647177227021
2009-06-24,1.2695963140352586,2.0542522014471496,0.3240805271767922
2009-06-25,0.9961882207371433,2.0726123051356073,0.05543501132948255
2009-06-26,0.9499111536888096,2.0726123051356073,-0.414689538735969
2009-06-29,0.8862602818650563,2.0634488688061183,-0.2350425603708476
2009-06-30,0.995120585637844,1.9460214916108791,0.09457759615868327
2009-07-01,0.9812045429098322,1.933974066364705,0.24821561010770318
2009-07-02,1.1609844989781772,1.9387999065363921,0.7964203927864553
2009-07-06,1.2647493791128368,1.9604032593328165,0.02584514109652396
2009-07-07,1.4387504646940654,1.9651791143129507,0.603019813109914
2009-07-08,1.4794963530312633,2.0147899587988416,0.41822904468702776
2009-07-09,1.3394280902124134,2.003065581720847,0.4828617772345515
2009-07-10,1.2666892291043141,2.026460380890382,0.6491966081352438
2009-07-13,0.9908459895531956,2.0334369416726097,0.47750358656683994
2009-07-14,0.8493919050705542,1.9960048488674855,-0.4322293383314764
2009-07-15,0.9455672665428048,1.9387999065363921,-0.03242254825977655
2009-07-16,0.8940190929338595,1.950824482146849,-0.936844390572949
2009-07-17,0.7718623395386314,1.9121434158155586,-0.8424545082976679
2009-07-20,0.7787897034609949,1.9023802536320071,-0.6937903956828764
2009-07-21,0.7169993126553152,1.882740440118508,-0.6579310673401059
2009-07-22,0.6694494079399934,1.8554849157288136,-0.47593303728104197
2009-07-23,0.6646500580698825,1.7796274680933633,-0.1942345700899342
2009-07-24,0.6235205934013981,1.7590096452175907,-0.756506596070417
2009-07-27,0.76491787818517,1.7225201200668572,-0.2608538276322363
2009-07-28,0.8482670790372768,1.6961309303836645,0.1485271819733414
2009-07-29,0.9149716569670452,1.664097095034663,0.4998836774681356
2009-07-30,0.8918044117173679,1.6343729820287967,0.7319920062656482
2009-07-31,0.9488258104534872,1.6042963376339268,0.8509122998190186
2009-08-03,0.9094728232466066,1.540231975694776,1.0608851873469363
2009-08-04,0.8347341906367095,1.5090108083357276,0.5608473487575046
2009-08-05,0.8358644386452528,1.4774004719347902,0.8272835639822131
2009-08-06,0.9215558943888909,1.465807408340024,1.2213140631842574
2009-08-07,0.8199999345499212,1.4188978027118997,1.2490051882587943
2009-08-10,0.8460160770585102,1.4218552120790713,1.0650986501985527
2009-08-11,0.9564142294831488,1.4395276058608917,1.5053227949202397
2009-08-12,0.8973378496901169,1.4802904759454998,1.208035963307089
2009-08-13,0.814312137257406,1.5175638628006165,1.023178493766175
2009-08-14,0.7637587629238505,1.5260881674483677,1.0479986493952844
2009-08-17,1.1549377509868797,1.5905063186353836,1.7785511769841402
2009-08-18,0.9769089418056178,1.596031327890356,0.31569878302222043
2009-08-19,0.9854938003684139,1.6125344983543115,0.4972879322414764
2009-08-20,0.8572529077314072,1.6180117753106285,0.41783999388453746
2009-08-21,0.8482670790372768,1.5794200572860515,0.46391872217841
2009-08-24,0.8628544326062544,1.5821961694898747,0.03995743048726361
2009-08-25,0.8381235735242428,1.5766409027668757,0.28717179217019945
2009-08-26,0.8415088784556198,1.573858699256941,0.568889227337187
2009-08-27,0.8108941492257956,1.5626992610296484,0.7996235275967406
2009-08-28,0.8199999345499212,1.5542973375686746,1.077601693005041
2009-08-31,0.9585786544540242,1.5766409027668757,1.5753856420507322
2009-09-01,1.2792653912889373,1.5932703278953173,2.1080102024248304
2009-09-02,1.255030203040991,1.6070453658109185,1.064020686190422
2009-09-03,1.074088010389001,1.596031327890356,1.0204774578510205
2009-09-04,0.8762530656506229,1.5682851184531028,0.8142820221563937
2009-09-08,0.916070135311573,1.5514904991582377,0.70226064911048
2009-09-09,0.7695493494106729,1.5374095177017661,0.5730394196005375
2009-09-10,0.6790238461929093,1.5232499150592727,0.5614701360325495
2009-09-11,0.7498122283150405,1.4802904759454998,0.6924010580107556
2009-09-14,0.7158202838352425,1.4188978027118997,0.9135717604712945
2009-09-15,0.6634488831101357,1.3529466611359047,1.029896092208683
2009-09-16,0.6957012853874504,1.2727265487479802,1.2940012913706442
2009-09-17,0.6909463162552723,1.2727265487479802,0.8515720087373643
2009-09-18,0.7228868329784099,1.238008196054032,1.1693716761004107
2009-09-21,0.739306829376709,1.2443560798314417,1.462343590034076
2009-09-22,0.6223017273140093,1.2220686197259958,1.509806543769611
2009-09-23,0.671846130723958,1.2060282231431998,1.710418305691189
2009-09-24,0.8415088784556198,1.2028079328756243,1.9529174149704747
2009-09-25,0.9149716569670452,1.2092444293383189,1.8485754748260417
2009-09-28,0.8336034884292728,1.228456477624748,1.8659811863973985
2009-09-29,0.8684450410969199,1.2156646308558308,1.1350098725491793
2009-09-30,0.9149716569670452,1.2220686197259958,1.4562498656110776
2009-10-01,1.1930154125628678,1.2789882266081165,2.1277043414800785
2009-10-02,1.233529250485201,1.3069760081714508,0.8599624400561858
2009-10-05,1.0469628653178185,1.2914653895140953,0.796553047609699
2009-10-06,0.9248423486586745,1.2601566184530963,0.4253631909680381
2009-10-07,0.8108941492257956,1.2789882266081165,0.13004986793758697
2009-10-08,0.7533054035965198,1.2443560798314417,0.30658410166298133
2009-10-09,0.6271740268465201,1.2028079328756243,0.25459974944962216
2009-10-13,0.6113083404574184,1.2220686197259958,0.6580585686760818
2009-10-14,0.5953529186124692,1.1671121922919905,0.8934154270468524
2009-10-15,0.45141808934960237,1.144132296908205,0.13070134994848784
2009-10-16,0.4135975099844035,1.144132296908205,0.3123493467934468
2009-10-19,0.4214642333017458,1.1375281831630772,0.44164348290569155
2009-10-20,0.34313521524232554,1.1342196657401904,0.3885035956979257
2009-10-21,0.5154556283607441,1.1075949776687428,0.8532726950975975
2009-10-22,0.31472084124774735,1.0874414021052548,0.5325832843722628
2009-10-23,0.5217800912120335,1.063724665834607,0.8122642609167073
2009-10-26,0.7683921409337626,1.0294541680195164,1.0796430484530002
2009-10-27,0.8279433677486102,1.0705235391962862,1.1024579310237557
2009-10-28,1.1569547778559515,1.110938390473319,1.8469925080711704
2009-10-29,0.8199999345499212,1.1008948991480478,0.5949005107097944
2009-10-30,1.4241196344680223,1.1342196657401904,0.9543887000340532
2009-11-02,1.3394280902124134,1.1142774011531136,-0.12424613128175549
2009-11-03,1.246254165898888,1.1176120212850564,-0.046089622172176235
2009-11-04,1.1377347780393294,1.0975382100478575,0.05752821533423165
2009-11-05,0.895125780185994,1.1008948991480478,-0.05621214132070866
2009-11-06,0.7544688322980524,1.1142774011531136,-0.5177551763534937
2009-11-09,0.6308224908192659,1.1042471511166088,-0.43872996052401575
2009-11-10,0.592890115587475,1.0874414021052548,-0.9801981217491416
2009-11-12,0.760278549356953,1.094177072054251,-0.16684728875664886
2009-11-13,0.6562312746102315,1.0874414021052548,-0.2336519999255088
2009-11-16,0.5990428515136675,1.0975382100478575,-0.09554314565134797
2009-11-17,0.5394128521065384,1.0975382100478575,-0.3131424361795479
2009-11-18,0.43973491909945844,1.0840668463911558,-0.1926912360689673
2009-11-19,0.5669001677239993,1.0975382100478575,0.2955905789651067
2009-11-20,0.5116543576493751,1.094177072054251,0.077533665120308
2009-11-23,0.37792213068909253,1.0874414021052548,0.10898338044078515
2009-11-24,0.28464209124236695,1.1008948991480478,-0.16365385734076934
2009-11-25,0.28601632931706983,1.1042471511166088,0.11064705173593647
2009-11-27,0.8177261951749667,1.127589653480342,1.2150695996105054
2009-11-30,0.7914459255711768,1.1309068262815565,0.7092949596210542
2009-12-01,0.47720835878516477,1.1075949776687428,0.44512734394983444
2009-12-02,0.37259834838066636,1.0773042337304963,0.14296672238898825
2009-12-03,0.5456835145118213,1.0466473067219666,0.6999355557699372
2009-12-04,0.3898642539372321,0.9912138811527557,0.5325446446431177
2009-12-07,0.5002191494423969,0.9982096876442755,0.87917728113466
2009-12-08,0.6957012853874504,1.0156152346594014,1.455585568038384
2009-12-09,0.5706278155004016,0.9982096876442755,1.0741610611679897
2009-12-10,0.5280901296944637,0.9701099182106094,1.2198202740086452
2009-12-11,0.43452692464451664,0.9381209808089914,1.2060915960337357
2009-12-14,0.3765920657345668,0.8948315385735321,1.2944123441787867
2009-12-15,0.4214642333017458,0.854489746872402,1.4185622169239631
2009-12-16,0.2942476924533427,0.83965942247349,1.3639284907037639
2009-12-17,0.5519404714294798,0.8729065180448852,2.0187633684520594
2009-12-18,0.4462316949207299,0.847085425568802,1.4031563860298166
2009-12-21,0.2873898965254777,0.8021996831000152,1.2573929167037008
2009-12-22,0.15381496490929697,0.775644694440271,0.8499497131679595
2009-12-23,0.17818820240740676,0.7565051451388218,1.0883248639496588
2009-12-24,0.14371689400992,0.7333453655000557,1.2628396905356136
2009-12-28,0.20942034888144137,0.7177871679598561,1.498210087530529
2009-12-29,0.22069201223678264,0.713882658728282,1.7299448185436448
2009-12-30,0.21365234788980095,0.7177871679598561,1.9375781550859104
2009-12-31,0.4462316949207299,0.6745033232863573,2.5388553063369974
2010-01-04,0.2249073721907461,0.6545819463345763,1.7991066924784527
2010-01-05,0.12632170475112095,0.6385313975342863,0.563164978495251
2010-01-06,0.09855714786785563,0.5856542338067501,0.7505235574123961
2010-01-07,0.0838334161684127,0.5274488994011183,0.97879212800563
2010-01-08,-0.05691820386063127,0.5232398059121313,0.9129581073540379
2010-01-11,-0.1484026556858216,0.5105704461146773,0.9504368958569123
2010-01-12,-0.03835601889717094,0.5442157587922577,1.3560223601584565
2010-01-13,-0.10071170570663096,0.5274488994011183,0.9972961527534014
2010-01-14,-0.13560588380181907,0.531651018415512,0.8167896097691074
2010-01-15,-0.0912698751665825,0.5567185527857461,1.0930463922724243
2010-01-19,-0.1435969288290705,0.5608724902336696,0.6094014712088264
2010-01-20,0.02717018401602274,0.5815407239917074,0.4887527712703167
2010-01-21,0.5217800912120335,0.6142634779412728,1.1606935274730794
2010-01-22,1.095807356960243,0.6625692859924025,1.2296600743573665
2010-01-25,0.8929119702252573,0.6863814632452657,0.11215492152942168
2010-01-26,0.7960339709202988,0.6942694268207509,0.19249151202615794
2010-01-27,0.6296067844345412,0.6824282617511426,0.16914017836232825
2010-01-28,0.700448006296875,0.6824282617511426,0.5137595429345906
2010-01-29,0.8040454736821834,0.7021329315551955,0.6401395890961609
2010-02-01,0.5619225137075108,0.7333453655000557,0.23996593809680683
2010-02-02,0.4201545975469643,0.7333453655000557,-0.24709233337819006
2010-02-03,0.4358298893765728,0.7021329315551955,-0.24581376128050444
2010-02-04,0.9661408511879584,0.7526598400124682,0.8453091566134608
2010-02-05,0.9693756692809051,0.8359382504999517,-0.5270640690110534
2010-02-08,1.0121539192755777,0.8507902885286065,-0.16884250440751777
2010-02-09,0.957496650091141,0.8618725126249744,-0.04569079408503446
2010-02-10,0.8918044117173679,0.8802359400397402,-0.11263545772947552
2010-02-11,0.7275879505392192,0.8984673503001704,-0.09714338533497016
2010-02-12,0.5793062669101822,0.9165686280436379,-0.25407749231713556
2010-02-16,0.5192520117118115,0.9129586939893054,-0.0676573630382999
2010-02-17,0.45141808934960237,0.8322116102335237,-0.39439861994863307
2010-02-18,0.306549241087351,0.775644694440271,-0.3915691196472634
2010-02-19,0.2220978340372602,0.7410888165391053,-0.32562099352635365
2010-02-22,0.2108318122991316,0.7177871679598561,-0.0757435455089776
2010-02-23,0.40570873060151563,0.7565051451388218,0.5164672284841293
2010-02-24,0.25701622533942203,0.7488086953924121,0.11314423863165278
2010-02-25,0.23331892640078702,0.775644694440271,0.11149933447547465
2010-02-26,0.1480490771181945,0.7794553311376539,0.23946395051382513
2010-03-01,0.11320423274527544,0.7794553311376539,0.44883433309874593
2010-03-02,0.0838334161684127,0.7488086953924121,0.29085328635937796
2010-03-03,0.0496737490557241,0.7333453655000557,0.4720766633235812
2010-03-04,0.03318862093097628,0.713882658728282,0.7012232058892331
2010-03-05,-0.16932223022463125,0.6665535417136595,0.5839706003407471
2010-03-08,-0.11018532669773905,0.6264264664604942,0.11005538449537026
2010-03-09,-0.08969926260591286,0.6101961502932229,0.4047573009614893
2010-03-10,0.01055228932759667,0.5815407239917074,0.8116397776144088
2010-03-11,-0.06780284321121917,0.5774205309733775,0.8411888211269287
2010-03-12,-0.1435969288290705,0.5608724902336696,0.8759982747802363
2010-03-15,-0.07716612280145523,0.5650196346492115,1.2240230723468257
2010-03-16,-0.12604612710498125,0.5815407239917074,1.3760053534974264
2010-03-17,-0.25292765210421875,0.5608724902336696,1.0103735166223493
2010-03-18,-0.3015997091968521,0.5232398059121313,0.9540833656887792
2010-03-19,-0.24296189334463408,0.5063332216620083,1.2765880067108248
2010-03-22,-0.2595910491772583,0.5232398059121313,1.2991401503424829
2010-03-23,-0.34768487647954244,0.5148006026333686,1.1825096086576106
2010-03-24,-0.1484026556858216,0.45059519237554385,1.3997359127436453
2010-03-25,-0.015324396735659624,0.42006714063560513,1.6825212120081945
2010-03-26,-0.11335040263859791,0.42882700511400146,1.7231632805182218
2010-03-29,-0.14199684216821615,0.42445085520158776,1.8840954925671574
2010-03-30,-0.21655761403123583,0.41567583521809864,1.6543488144150449
2010-03-31,-0.14199684216821615,0.44625647746789077,1.9780254600908564
2010-04-01,-0.16125789383882974,0.4375567150939172,2.044942986978678
2010-04-05,-0.2346837104320414,0.3623783587568398,1.7346124467221378
2010-04-06,-0.36841209807605463,0.3623783587568398,1.228685676625735
2010-04-07,-0.3015997091968521,0.39360451883296443,1.5108931523510851
2010-04-08,-0.32540166104818363,0.38472192395504096,1.4330311320344908
2010-04-09,-0.38405825212657707,0.37580810723832403,1.4544440177865048
2010-04-12,-0.4834168586827574,0.37580810723832403,1.1701995005315888
2010-04-13,-0.373617600777181,0.3668628484222475,1.5377234341267245
2010-04-14,-0.4816114352544354,0.32621406326284486,1.556501032706709
2010-04-15,-0.4279816731716905,0.30334665633552027,0.8974282895546563
2010-04-16,-0.021447615993989474,0.32621406326284486,1.7781641791122473
2010-04-19,-0.1822736235007577,0.3353036007533888,0.3603800058187967
2010-04-20,-0.45645707897553267,0.31251837788770176,0.10398890494109235
2010-04-21,-0.3528524671273444,0.3170918295238923,0.1656965910495261
2010-04-22,-0.3271095533137405,0.29414164352506084,0.44281766258756905
2010-04-23,-0.3015997091968521,0.26632441860117884,0.6832762324115923
2010-04-26,-0.16125789383882974,0.2569837883546618,0.9251648609873447
2010-04-27,0.5891918644348145,0.3170918295238923,2.306030659421874
2010-04-28,0.36726421925227093,0.29874832643567323,0.07898098451198479
2010-04-29,-0.009214183016867805,0.31251837788770176,-0.4076876689372582
2010-04-30,0.4938459817171617,0.3443606755409037,0.2888746862168729
2010-05-03,0.24588942815652182,0.32621406326284486,-0.5197679215765795
2010-05-04,0.713460743002307,0.37580810723832403,0.1743591999292054
2010-05-05,0.8369942328196602,0.4764727459451261,-0.3406093507952166
2010-05-06,1.611206263534361,0.622378615250015,1.1540727619915543
2010-05-07,2.2356292761612377,0.706055559166282,0.9956207059393385
2010-05-10,1.249182616128898,0.6183242926519525,-0.5435024985096812
2010-05-11,1.197987396507497,0.6545819463345763,-1.8017746232787453
2010-05-12,0.9050662159864814,0.5897610820645226,-1.9806843247284989
2010-05-13,1.0301395852097293,0.5732936330000667,-1.6167325210953765
2010-05-14,1.4740975737798767,0.650578822780461,-0.7160741503190211
2010-05-17,1.4378382415383926,0.6625692859924025,-0.7508392147672606
2010-05-18,1.674819100805703,0.7021329315551955,-0.06444736043656552
2010-05-19,1.8194779054885613,0.7526598400124682,0.28754407944959703
2010-05-20,2.5499573773376127,0.8765738769558047,1.7411468757555388
2010-05-21,2.1766106732070845,0.9129586939893054,0.11782132098394392
2010-05-24,2.0488569987955816,0.8948315385735321,0.05584206303210591
2010-05-25,1.7623412119743782,0.9912138811527557,-0.24202213903732278
2010-05-26,1.795477071066487,0.9309571956922263,0.111782861394449
2010-05-27,1.329963908367642,0.8618725126249744,-0.383734539419016
2010-05-28,1.5478772165347434,0.8692338479678657,-0.7108330614674369
2010-06-01,1.8369494482891293,0.9201734307045507,-0.06847837853092913
2010-06-02,1.3760369989372279,0.9201734307045507,-0.7647104056357508
2010-06-03,1.3090299334068096,0.8802359400397402,-1.114806789105823
2010-06-04,1.8321951486979526,0.9559424051344415,0.02890742443168085
2010-06-07,1.917334754626064,0.9701099182106094,-0.5027956950983502
2010-06-08,1.68737101699188,1.001700367128574,-0.6824514544820486
2010-06-09,1.689874567583738,0.9982096876442755,-0.4616934968834488
2010-06-10,1.4130962801509335,0.9736394640064466,-0.6353641201512616
2010-06-11,1.244300357507489,1.001700367128574,-1.2893405662480792
2010-06-14,1.2237014422214756,0.9630360552001095,-1.04001373107521
2010-06-15,0.943393012974988,0.9165686280436379,-1.1984192785847918
2010-06-16,0.9488258104534872,0.8948315385735321,-1.3637442896412473
2010-06-17,0.8527634734201427,0.8729065180448852,-1.2206533515850488
2010-06-18,0.7264135753754521,0.83965942247349,-1.131371284201375
2010-06-21,0.8336034884292728,0.7870594695035592,-0.662325828877874
2010-06-22,1.0688917903651616,0.8134958186814018,0.002955478477670944
2010-06-23,1.0542915130313906,0.83965942247349,-0.13525236362820728
2010-06-24,1.335646164506275,0.86555585131889,0.600598458558999
2010-06-25,1.2187747294242257,0.8692338479678657,0.26461464356002296
2010-06-28,1.2647493791128368,0.8802359400397402,0.6025604901113042
2010-06-29,1.7230455810760357,0.927367700054104,1.6195726370637062
2010-06-30,1.7566446867716914,0.9523881253025334,0.5237708888802619
2010-07-01,1.6163486694676192,0.9665754531855908,0.4815479380358975
2010-07-02,1.3713701460727061,0.9523881253025334,0.350698343302867
2010-07-06,1.3271183807423395,0.9559424051344415,0.5267017803872678
2010-07-07,1.0469628653178185,0.9416952988706695,0.2903004506481602
2010-07-08,0.925936772194493,0.8984673503001704,-0.9298494644003856
2010-07-09,0.8448899003926652,0.8618725126249744,-0.876885495020656
2010-07-12,0.7822471099920081,0.8507902885286065,-0.7531969871365328
2010-07-13,0.7971798688785905,0.7946408749854306,-0.4357387121629411
2010-07-14,0.8347341906367095,0.7870594695035592,-0.4172886783473252
2010-07-15,0.8628544326062544,0.805970655162806,-0.07991632273844518
2010-07-16,0.9844220988467457,0.8209987183700769,0.40672956119573506
2010-07-19,0.9542481382499474,0.8209987183700769,-0.5561398349477094
2010-07-20,0.7240629050126496,0.8284794855791472,-0.683420179616941
2010-07-21,0.9182655969732021,0.8134958186814018,-0.25216835594862297
2010-07-22,0.8051878962988946,0.783260250448498,-0.4027102467649723
2010-07-23,0.6694494079399934,0.7526598400124682,-1.0100089210764807
2010-07-26,0.5793062669101822,0.7333453655000557,-0.9624570083529033
2010-07-27,0.6356800704705132,0.6903285118941104,-0.7323653785685453
2010-07-28,0.7614390989038933,0.706055559166282,-0.236044944608076
2010-07-29,0.7474810331572229,0.7099721286628179,-0.044010871304120465
2010-07-30,0.6730437269697856,0.7449516935159239,0.07468745383915405
2010-08-02,0.4887372772898382,0.7333453655000557,0.057933199077557514
2010-08-03,0.5669001677239993,0.7372200465363926,-0.5184381848982533
2010-08-04,0.5141890281030955,0.713882658728282,-0.35749906849254204
2010-08-05,0.5002191494423969,0.7216856748689545,-0.18271145930770197
2010-08-06,0.4540078294152251,0.7449516935159239,0.022739236454423675
2010-08-09,0.5053070679550988,0.7333453655000557,0.3446207020729015
2010-08-10,0.5343862887095856,0.7565051451388218,0.5910654690296665
2010-08-11,0.8906964170669673,0.8247418603706008,1.357706090097521
2010-08-12,0.9281247601729489,0.843375142178448,-0.00675252735919465
2010-08-13,0.9833499889706944,0.8581838163456167,0.3067395345923691
2010-08-16,0.9682978097504152,0.8729065180448852,0.5521607480169398
2010-08-17,0.7707060821486288,0.83965942247349,0.5134190103987334
2010-08-18,0.8006147653522478,0.8247418603706008,0.5018263803518671
2010-08-19,1.0047145459855145,0.83965942247349,1.1069305795310758
2010-08-20,0.9017565677192558,0.8322116102335237,0.5076872256833354
2010-08-23,0.9204595560436093,0.83965942247349,0.7973822255282504
2010-08-24,1.1112191948834578,0.8802359400397402,1.3510751707968653
2010-08-25,1.0322480545980794,0.8765738769558047,0.948375082291097
2010-08-26,1.1019823827913398,0.8802359400397402,1.304784326988537
2010-08-27,0.7845496897129004,0.8359382504999517,0.9430963862882804
2010-08-30,1.0854856332378724,0.86555585131889,1.1019631760710067
2010-08-31,0.9629023098344349,0.8765738769558047,0.6941634988746263
2010-09-01,0.7193556645314843,0.8322116102335237,0.579087020525824
2010-09-02,0.6356800704705132,0.8021996831000152,-0.8611016007965913
2010-09-03,0.39779751928859286,0.7641783075584316,-1.0808200974686444
2010-09-07,0.7087357169390356,0.7870594695035592,-0.5356594766868299
2010-09-08,0.6429505211470743,0.7526598400124682,-0.5529177521014478
2010-09-09,0.5891918644348145,0.706055559166282,-0.4322646071968467
2010-09-10,0.48617932045603945,0.6665535417136595,-0.35138574802662886
2010-09-13,0.3845627876791433,0.6625692859924025,-0.28377160827568215
2010-09-14,0.4306144062644787,0.6625692859924025,-0.19074918091970366
2010-09-15,0.5002191494423969,0.6425535684725187,0.20357388496638615
2010-09-16,0.45141808934960237,0.6183242926519525,0.364532327149898
2010-09-17,0.4887372772898382,0.6142634779412728,0.6992127233520452
2010-09-20,0.42277325976795505,0.6183242926519525,0.8606021744125124
2010-09-21,0.5318695155126406,0.6465693701746135,0.5881377548345991
2010-09-22,0.5519404714294798,0.6585787607867013,0.8812018786185336
2010-09-23,0.7169993126553152,0.6665535417136595,1.3378275779457864
2010-09-24,0.45012232491169496,0.6465693701746135,0.9378587030540472
2010-09-27,0.5556879777573654,0.6625692859924025,0.19655587220235957
2010-09-28,0.5631678123736154,0.6625692859924025,0.43124161347829687
2010-09-29,0.6429505211470743,0.6345028371240474,0.803878676352689
2010-09-30,0.6968887731646786,0.622378615250015,1.154400125119915
2010-10-01,0.5506901926668145,0.6061222887826896,1.1533703569578606
2010-10-04,0.6766334603280221,0.6101961502932229,1.5551682729923175
2010-10-05,0.4565951880558322,0.5897610820645226,1.232802776405441
2010-10-06,0.4214642333017458,0.5774205309733775,0.18662516069178287
2010-10-07,0.4306144062644787,0.5691600082137177,0.47768976043694295
2010-10-08,0.31743918350277744,0.5650196346492115,0.5604667805084318
2010-10-12,0.06457684872493602,0.5483902095207693,0.5699048905181889
2010-10-13,0.08530928947018548,0.5232398059121313,0.8223085054970293
2010-10-14,0.20235239148199516,0.5020889056169892,1.008307132493321
2010-10-15,0.07940142771309382,0.49357890352067996,0.9922197499943772
2010-10-18,0.08825871566754903,0.5232398059121313,1.2335589512215284
2010-10-19,0.306549241087351,0.531651018415512,1.70323315079919
2010-10-20,0.18958569575756784,0.5400344252069963,0.9325033633021677
2010-10-21,0.11466478417866321,0.5148006026333686,0.6811506206993467
2010-10-22,0.0421926360495945,0.49783747420226143,0.7996749860470432
2010-10-25,0.19810334944669766,0.47217811622282885,1.288457551391669
2010-10-26,0.25006696930188554,0.42445085520158776,1.5732578112712043
2010-10-27,0.31743918350277744,0.39803417628226934,1.920930571719256
2010-10-28,0.34044134006709137,0.41567583521809864,2.1385743938966555
2010-10-29,0.3832361120284735,0.4375567150939172,2.4315977963874196
2010-11-01,0.46563200680182115,0.49783747420226143,2.7762117688889263
2010-11-02,0.431919183648462,0.4893131695545101,2.92580991468433
2010-11-03,0.15669320962242778,0.4807601150896212,2.1889329461399365
2010-11-04,0.0029662912620930008,0.467876201289708,2.02768422640719
2010-11-05,-0.03681465906364015,0.42445085520158776,0.2965049455269719
2010-11-08,-0.0321956393090175,0.4112769126147852,0.5091256328953755
2010-11-09,0.08678438903294709,0.3578859249071815,0.9429547498201215
2010-11-10,-0.004640505316931354,0.4068703463541042,0.8080029928211775
2010-11-12,0.3038203524109708,0.4068703463541042,1.6541309941816444
2010-11-15,0.24728271970914834,0.37133942194997466,1.125209422556122
2010-11-16,0.5606766636456973,0.467876201289708,1.8774509395313963
2010-11-17,0.4565951880558322,0.467876201289708,0.9501022816353186
2010-11-18,0.037694230180303705,0.42882700511400146,0.5301068468002612
2010-11-19,-0.07092027728022235,0.4331956164354091,-0.1354092550535297
2010-11-22,-0.019915488424229806,0.47217811622282885,0.19032615352784607
2010-11-23,0.306549241087351,0.531651018415512,0.982386450814241
2010-11-24,0.15669320962242778,0.4850402481646111,0.24790351376450456
2010-11-26,0.5154556283607441,0.4893131695545101,0.4699230736029877
2010-11-29,0.42669668909782044,0.5274488994011183,0.2340794219636591
2010-11-30,0.6778290210970659,0.6061222887826896,0.8934085570874548
2010-12-01,0.40439173912980964,0.5232398059121313,0.6232020112618455
2010-12-02,0.13213196633653537,0.4850402481646111,-0.6907587138513527
2010-12-03,-0.07560336113645322,0.4807601150896212,-1.0911070250184796
2010-12-06,-0.07404146696936166,0.49357890352067996,-0.8218087724325367
2010-12-07,-0.07872975292854258,0.38026893203838125,-0.5530416676850957
2010-12-08,-0.11810470222977455,0.3488771117212013,-0.3431033202577798
2010-12-09,-0.19691559590681432,0.3398361814862537,-0.24319759268915225
2010-12-10,-0.13879939607139713,0.31251837788770176,0.0651846698002432
2010-12-13,-0.1484026556858216,0.3307629043837246,0.18559469864363484
2010-12-14,-0.13879939607139713,0.2569837883546618,0.4578934687667037
2010-12-15,-0.08656066520797366,0.24760862704905692,0.7914621321866698
2010-12-16,-0.17417213495869427,0.2709818638862947,0.7906957636107276
2010-12-17,-0.38929280886223966,0.31251837788770176,0.5091463821900666
2010-12-20,-0.3373784075967689,0.30334665633552027,0.8262272181885663
2010-12-21,-0.32369480483449126,0.29414164352506084,1.0446364108646569
2010-12-22,-0.5069928751330863,0.2709818638862947,0.7209742444294469
2010-12-23,-0.3271095533137405,0.23348057800203573,1.1768634138286433
2010-12-27,-0.1292291051308698,0.24760862704905692,1.7034967860577623
2010-12-28,-0.1532162983627138,0.19061795350647748,1.8732698907503607
2010-12-29,-0.19202636397730305,0.24760862704905692,1.9936451515222715
2010-12-30,-0.1532162983627138,0.20975750280792607,2.2437124995194693
2010-12-31,-0.11651904293645278,0.25230054003394997,2.460625048848053
2011-01-03,-0.13879939607139713,0.20975750280792607,2.5961683127483277
2011-01-04,-0.1757906293609236,0.1858104103701176,1.7522704400087503
2011-01-05,-0.2346837104320414,0.10762377075504756,1.858378970115896
2011-01-06,-0.17255457101440022,0.11752994837072872,1.9314564845338824
2011-01-07,-0.2149155057602877,0.16648857789147845,2.0257592398433517
2011-01-10,-0.1500060844227287,0.19061795350647748,2.284018868624771
2011-01-11,-0.2562575369744017,0.1616350295296892,2.2749384254138634
2011-01-12,-0.3666789582720179,0.13722696579887375,2.1373333647042014
2011-01-13,-0.3408098133742943,0.14212740837677743,1.6154060756694517
2011-01-14,-0.5051722653398498,0.11258169656675203,1.5234258038358675
2011-01-18,-0.43152544228385276,0.10265613303544996,1.4018401290284594
2011-01-19,-0.1871459231673704,0.10762377075504756,1.977585314290931
2011-01-20,-0.07872975292854258,0.06760750465356248,1.616343612642229
2011-01-21,-0.004640505316931354,0.07767092359323481,1.941782831047835
2011-01-24,-0.13241568797169112,0.06760750465356248,1.9030408406985255
2011-01-25,-0.14199684216821615,0.08268769722721252,1.836279783426266
2011-01-26,-0.2982160840508591,0.04227284595017966,1.7825754044237163
2011-01-27,-0.3823154509498823,0.04736006580046123,1.711129355895484
2011-01-28,0.2249073721907461,0.06760750465356248,2.835819309404659
2011-01-31,0.15237460029734584,0.09269156915435701,0.9952881450015955
2011-02-01,-0.13560588380181907,0.04736006580046123,0.5296746054628663
2011-02-02,-0.188771899767852,-0.0039772793163238345,-0.25488152366211614
2011-02-03,-0.2897739765181184,-0.03528605037732293,-0.1656139759338727
2011-02-04,-0.42090766521548556,-0.11529199925680103,-0.137035777744468
2011-02-07,-0.35975705494397864,-0.13706018651834345,0.18415090455215335
2011-02-08,-0.44218326885850257,-0.19790445878256122,0.12410323127149092
2011-02-09,-0.43152544228385276,-0.15901684527824125,0.29156364754329445
2011-02-10,-0.3927881537300294,-0.186732730385332,0.5716863383148225
2011-02-11,-0.46362114476412886,-0.16453584254886228,0.6921399062643098
2011-02-14,-0.4173774035902764,-0.1700668769004897,0.7845713420264437
2011-02-15,-0.3442450811630941,-0.17561000095430535,1.0956238227756452
2011-02-16,-0.2847211644207293,-0.19231244274615472,1.346423598515426
2011-02-17,-0.30668327379442056,-0.18116526767730448,1.2533509314394486
2011-02-18,-0.333951181460108,-0.19790445878256122,1.363369083936931
2011-02-22,0.3296402314174107,-0.12615273639176688,2.6218780774140282
2011-02-23,0.5040358899729978,-0.12615273639176688,1.0414661532425096
2011-02-24,0.3991176001848585,-0.0883419236814065,0.9966054811709616
2011-02-25,0.10735443363844788,-0.09370907540951658,0.779724942622337
2011-02-28,-0.02298057830233373,-0.06167524006051565,0.37321535465052785
2011-03-01,0.35790534651163547,-0.07230828811166493,1.1034860254761303
2011-03-02,0.31608047028373015,-0.09370907540951658,0.3306611475030964
2011-03-03,0.015094263385080717,-0.15901684527824125,0.0970935710669604
2011-03-04,0.0838334161684127,-0.10987902335975812,-0.3666899319125569
2011-03-07,0.3106380076934902,-0.10987902335975812,0.12979511607350255
2011-03-08,0.19384761031729253,-0.13706018651834345,0.041615658984735494
2011-03-09,0.25006696930188554,-0.09908761028873415,0.18811306224416027
2011-03-10,0.47206908361682365,-0.02480678651984433,0.8148847181685247
2011-03-11,0.23051777902954984,-0.009168638846598739,-0.2790709248687403
2011-03-14,0.3739300481238709,0.016682535516082807,0.11452897484421451
2011-03-15,0.7695493494106729,0.09767874528463387,0.9368173959338812
2011-03-16,1.3032936155368644,0.13231703542690126,1.7174916997625505
2011-03-17,0.9972554508830822,0.10265613303544996,0.6692085606495146
2011-03-18,0.7833986353917783,0.06256078011250714,0.2452439040172677
2011-03-21,0.3038203524109708,0.016682535516082807,-0.2806986417859741
2011-03-22,0.24867505612242774,0.0063736666660343805,-0.6018926712164798
2011-03-23,0.10002532026171265,0.0063736666660343805,-0.587015282961324
2011-03-24,-0.07716612280145523,-0.030041005601830872,-0.6156403075807827
2011-03-25,-0.0912698751665825,-0.05637538808989588,-0.5983111402398623
2011-03-28,0.13937830649653637,-0.07230828811166493,0.026932839930760216
2011-03-29,-0.05226609081359942,-0.0883419236814065,-0.03245086918627884
2011-03-30,-0.12286704877863293,-0.07230828811166493,-0.031063607978875543
2011-03-31,-0.11810470222977455,-0.06698619120567131,0.0749469753456152
2011-04-01,-0.17255457101440022,-0.09370907540951658,0.24123385802391864
2011-04-04,-0.15643017910803492,-0.09370907540951658,0.4497163826343701
2011-04-05,-0.19691559590681432,-0.13160059723003698,0.6321351159779923
2011-04-06,-0.2545921019414762,-0.17561000095430535,0.7826785817581505
2011-04-07,-0.21984439478816428,-0.18116526767730448,1.02130530322136
2011-04-08,-0.0975608070265887,-0.19790445878256122,1.4123703918471477
2011-04-11,-0.30668327379442056,-0.19790445878256122,1.2183929283411097
2011-04-12,-0.2231353334798426,-0.142531554864944,1.5099566395852246
2011-04-13,-0.251264186297724,-0.13160059723003698,1.289758706883586
2011-04-14,-0.36148593501340204,-0.15901684527824125,1.3292226116952792
2011-04-15,-0.5307681064813954,-0.11529199925680103,1.258979902992945
2011-04-18,-0.2446204565852617,-0.08298610702346028,1.8180676254950083
2011-04-19,-0.43862622903488424,-0.07764157765872057,0.8027354827140548
2011-04-20,-0.5770621415747027,-0.12615273639176688,0.6012243160904902
2011-04-21,-0.6489210040131206,-0.13160059723003698,-0.25052996520939413
2011-04-25,-0.44931103748767254,-0.10987902335975812,0.20272969939340774
2011-04-26,-0.4762022771478492,-0.09908761028873415,0.39854658979485574
2011-04-27,-0.5252635354729551,-0.12071655372073226,0.1800998160307943
2011-04-28,-0.6623606269410262,-0.0883419236814065,-0.013441030946876464
2011-04-29,-0.6374520711182237,-0.09908761028873415,0.21323676802828342
2011-05-02,-0.4103299727880868,-0.08298610702346028,0.7869663721016982
2011-05-03,-0.2880885902957648,-0.07230828811166493,1.1995140621091134
2011-05-04,-0.2247822473794243,-0.07230828811166493,1.4354289703193004
2011-05-05,-0.04607521422105134,-0.05108658899897629,1.6409331475361872
2011-05-06,-0.015324396735659624,-0.04580879678196506,1.3937470018561489
2011-05-09,-0.2116341614980446,-0.04054196571970922,1.1867053584186862
2011-05-10,-0.42444253039134455,-0.07230828811166493,0.9707067840869892
2011-05-11,-0.2462796814447042,-0.05637538808989588,1.0337941347272857
2011-05-12,-0.403299982164992,-0.06698619120567131,0.3991468074483058
2011-05-13,-0.22643012581880678,-0.05108658899897629,0.8122211588217858
2011-05-16,-0.03989822356227237,-0.05637538808989588,1.0420099099367872
2011-05-17,-0.1484026556858216,-0.04054196571970922,0.8959310318674766
2011-05-18,-0.36841209807605463,-0.05637538808989588,0.7764601066092737
2011-05-19,-0.4942734490426917,-0.05108658899897629,0.3665423339088686
2011-05-20,-0.16770745124625877,-0.04054196571970922,1.1050851316279413
2011-05-23,-0.03527414313657413,-0.014370647326959963,1.1947699189429588
2011-05-24,-0.10544467960206763,-0.0039772793163238345,0.6414651671468928
2011-05-25,-0.22643012581880678,0.01153333934103209,0.689642398518414
2011-05-26,-0.3927881537300294,0.057503992305485994,0.6020733585453562
2011-05-27,-0.4120902183155121,0.057503992305485994,0.6882272426143146
2011-05-31,-0.5069928751330863,0.09767874528463387,0.6787083971145889
2011-06-01,-0.030657942827306033,0.12739758045076108,1.0802319614310927
2011-06-02,-0.06313271375222418,0.12739758045076108,-0.5729254537428208
2011-06-03,-0.08499267841804849,0.1713328549040478,-0.33593274499509124
2011-06-06,-0.0015953184470884694,0.17616789592052537,-0.22002047976926792
2011-06-07,-0.0662452719626188,0.19061795350647748,-0.3783425492669439
2011-06-08,0.04369050789939157,0.23819867842330544,0.07196169000836457
2011-06-09,-0.11335040263859791,0.23819867842330544,0.024798882090049854
2011-06-10,0.05415305849234924,0.2616584039546819,0.3564733377390839
2011-06-13,0.16387665063911763,0.2802711718735121,0.15277015219515788
2011-06-14,-0.03681465906364015,0.23348057800203573,0.09352108709416941
2011-06-15,0.3991176001848585,0.30334665633552027,0.5558667141955419
2011-06-16,0.5793062669101822,0.3623783587568398,0.2571027026476632
2011-06-17,0.4682087032307319,0.3578859249071815,0.3429653765243186
2011-06-20,0.2178782596789077,0.37133942194997466,0.18520155041793618
2011-06-21,0.05415305849234924,0.3623783587568398,0.10870422773079602
2011-06-22,0.0029662912620930008,0.3488771117212013,-0.26569829004986084
2011-06-23,0.11758361454744691,0.4068703463541042,0.0859516504270339
2011-06-24,0.36993254785720786,0.42882700511400146,0.7397734894236532
2011-06-27,0.2969858765751177,0.42006714063560513,0.44222830526823415
2011-06-28,0.10002532026171265,0.3623783587568398,0.14211151451401435
2011-06-29,-0.1936551641560358,0.30793666346176973,-0.5722473921936968
2011-06-30,-0.3185804399537023,0.2569837883546618,-0.7138687337544626
2011-07-01,-0.43152544228385276,0.21927337980799297,-0.8924443089379541
2011-07-05,-0.3980393260600016,0.23348057800203573,-1.1551810188078313
2011-07-06,-0.34940635238360385,0.25230054003394997,-0.8015123494441414
2011-07-07,-0.4173774035902764,0.1858104103701176,-0.6448504006996503
2011-07-08,-0.4173774035902764,0.24290801727886369,-0.7173418087117177
2011-07-11,-0.016854025693821852,0.32165704811938334,0.04054195889639221
2011-07-12,0.2009369370345314,0.3398361814862537,-0.2764271523001395
2011-07-13,0.20659529612141572,0.32621406326284486,-0.037816764943148735
2011-07-14,0.3296402314174107,0.2895265772014345,0.4047958648049567
2011-07-15,0.15237460029734584,0.29874832643567323,0.23764481014459352
2011-07-18,0.3498586408972696,0.31251837788770176,0.7168756726465927
2011-07-19,0.1058900815675641,0.31251837788770176,0.35197439511940787
2011-07-20,0.08825871566754903,0.27563077122842894,-0.205221142862138
2011-07-21,-0.14679983455029477,0.22875368335308566,-0.3153971727853183
2011-07-22,-0.1532162983627138,0.22401796163150417,-0.6064580107864308
2011-07-25,0.12632170475112095,0.2145199046675196,0.12141452877241535
2011-07-26,0.2514581942513623,0.22401796163150417,0.494644071570377
2011-07-27,0.6100841714733853,0.20975750280792607,1.2958991788913372
2011-07-28,0.7016334928802789,0.23348057800203573,0.4653807561120893
2011-07-29,0.8751389289064532,0.29874832643567323,1.00547595996779
2011-08-01,0.692135812090002,0.35338551867739004,0.8531900875350342
2011-08-02,0.8234071021812744,0.42882700511400146,1.285504416102635
2011-08-03,0.6586390488290266,0.45925041663019844,-0.26219027352267815
2011-08-04,1.5116736218928428,0.5815407239917074,1.3594254238559984
2011-08-05,1.5417290231444365,0.6142634779412728,-0.9102551243195672
2011-08-08,2.6825813010992183,0.847085425568802,1.2484115273557657
2011-08-09,1.798689117362653,0.9736394640064466,-2.199321644499368
2011-08-10,2.3724187984238436,1.0121436691002361,-1.612085889522405
2011-08-11,2.0983489280459215,1.0432179914665383,-2.3177193781707914
2011-08-12,1.9011309011110153,1.0121436691002361,-2.817635261240146
2011-08-15,1.530275208553126,0.9416952988706695,-3.124414814698166
2011-08-16,1.6154920908486219,0.9452645862226461,-2.8037039019045404
2011-08-17,1.5045548698348659,0.9345416178365904,-2.6997289526506365
2011-08-18,2.351396286159179,0.9877087275263972,-1.0129831549611084
2011-08-19,2.376342890278833,1.0121436691002361,-1.3570674109449283
2011-08-22,2.336188941921381,1.0190820543995076,-1.208065342840155
2011-08-23,1.8941576815513017,1.0671263809589442,-1.6209659967549215
2011-08-24,1.8653071725096786,1.063724665834607,-1.7826352617411476
2011-08-25,2.1526522424097223,1.0569075159096497,-1.0884015172465575
2011-08-26,1.840905086431787,1.0806877942657134,-1.3966098988230524
2011-08-29,1.56624159880115,1.0432179914665383,-1.6410439469878255
2011-08-30,1.6189161891292079,1.0432179914665383,-1.65495015351285
2011-08-31,1.5081165820692246,1.0121436691002361,-1.5336457871278102
2011-09-01,1.5258573205363826,0.9982096876442755,-1.2120790252261464
2011-09-02,1.7056793943424655,1.02254414127843,-0.6904155659273935
2011-09-06,1.9502258909068877,1.094177072054251,-0.4470010106675846
2011-09-07,1.6605258744096087,1.05007199089529,-0.6533620264982944
2011-09-08,1.7386656894296826,1.0534920564776324,-0.7677189974592784
2011-09-09,2.0635040836730028,1.0840668463911558,-0.012246476126274034
2011-09-12,2.068612561133701,1.127589653480342,-0.19933349127440111
2011-09-13,1.9433734360805481,1.1209422624004628,-0.1303576937344854
2011-09-14,1.7615279511598751,1.0975382100478575,-0.19180319811476926
2011-09-15,1.53908989302731,1.0773042337304963,-0.41805965815713614
2011-09-16,1.450582184186601,1.0671263809589442,-0.5267277448062888
2011-09-19,1.605195051126726,1.1176120212850564,-0.008921592541126379
2011-09-20,1.6163486694676192,1.110938390473319,0.20055463229386158
2011-09-21,1.974455838284964,1.1176120212850564,1.0789630944629958
2011-09-22,2.26297988616669,1.228456477624748,0.8760117610461748
2011-09-23,2.2561671829795658,1.2475240730540993,0.2751581467467306
2011-09-26,2.099791508086174,1.2443560798314417,0.2946574808687556
2011-09-27,2.003706710561035,1.2188686467525838,-0.00047056458185842974
2011-09-28,2.2445475433810698,1.2538482116056895,0.5933643359546577
2011-09-29,2.0867818604323514,1.2945751118472848,0.2822195612102469
2011-09-30,2.3704544484746917,1.37110410084074,0.9911062028843146
2011-10-03,2.5289872165792864,1.4629008426981294,0.9940896324746477
2011-10-04,2.226682651690376,1.5710734400588475,0.16795083608959077
2011-10-05,2.0111583894565133,1.5374095177017661,-0.2123557554557043
2011-10-06,1.8941576815513017,1.4629008426981294,-0.3396465454343772
2011-10-07,1.8887221260417522,1.4129726172011474,-0.28133855913098577
2011-10-11,1.6163486694676192,1.3499077413654903,-0.9621444460978522
2011-10-12,1.4758983753283137,1.2664493716694112,-0.8886651020712275
2011-10-13,1.4250363154547707,1.2601566184530963,-0.7312614384088837
2011-10-14,1.1900278854954427,1.2092444293383189,-0.8171712935985552
2011-10-17,1.6613685329858379,1.2060282231431998,-0.028929707109245334
2011-10-18,1.5027723215645485,1.2028079328756243,-0.34533839510115233
2011-10-19,1.7484865124797384,1.1474279156240523,0.0026182076982146736
2011-10-20,1.776127715969033,1.127589653480342,0.21083701003984265
2011-10-21,1.4812937036969045,1.0671263809589442,0.008802449520146922
2011-10-24,1.289863157274233,1.0156152346594014,-0.3957380478285208
2011-10-25,1.5610070420654876,1.0086673447108512,0.17805246755462123
2011-10-26,1.3469765459232277,0.9771641042471301,-0.3021035528546245
2011-10-27,0.8984430218368872,0.843375142178448,-0.8502826200397897
2011-10-28,0.7937409928035278,0.8507902885286065,-1.8559559020226288
2011-10-31,1.356383592479285,0.9309571956922263,-0.6386554895569689
2011-11-01,1.7753187394901704,1.0534920564776324,-0.18122251239662884
2011-11-02,1.606054769764633,1.0294541680195164,-0.7808287925012389
2011-11-03,1.4066460629184763,0.9947141967463463,-0.9990031387442588
2011-11-04,1.3751042118154921,0.9982096876442755,-1.000770577268221
2011-11-07,1.3460340732040998,1.0086673447108512,-0.7777442631356156
2011-11-08,1.1132677951878027,0.9877087275263972,-0.8926029163053013
2011-11-09,1.8856112884671004,1.073916152738977,0.49891815178701726
2011-11-10,1.6120641476945163,1.0671263809589442,-0.8488723321042644
2011-11-14,1.4641726831239996,1.0603183815817983,-0.8247256046148941
2011-11-15,1.4722956189538772,1.0773042337304963,-0.5856304302476515
2011-11-16,1.6714624020171074,1.094177072054251,0.01629080861875883
2011-11-17,1.7541995617135981,1.1209422624004628,0.19520608789386146
2011-11-18,1.5417290231444365,1.1176120212850564,-0.11205712327783011
2011-11-21,1.6206266769362996,1.1768973294931226,0.31320187437150676
2011-11-22,1.53908989302731,1.212456561806959,0.059391884263395915
2011-11-23,1.710652153960667,1.2538482116056895,0.617517147640108
2011-11-25,1.7509366051196016,1.2443560798314417,0.39709117411158407
2011-11-28,1.5531365681407223,1.228456477624748,0.3676340962421422
2011-11-29,1.4195317444463307,1.228456477624748,-0.4441150859987248
2011-11-30,1.1458433868595335,1.1768973294931226,-0.5993540776296941
2011-12-01,1.1060913548556774,1.144132296908205,-1.7501956834856272
2011-12-02,1.1173605265616176,1.1309068262815565,-1.4290790193652494
2011-12-05,1.1498890415525829,1.1008948991480478,-1.0753163781751942
2011-12-06,1.1790465909196164,1.0806877942657134,-0.8364802361212833
2011-12-07,1.2325479942225372,1.094177072054251,-0.4506374532412002
2011-12-08,1.4149365368093418,1.1008948991480478,0.12723252858543785
2011-12-09,0.9983220729451454,1.0908114733586136,-0.8293608617928763
2011-12-12,0.9215558943888909,1.1142774011531136,-0.9667232562301864
2011-12-13,0.8929119702252573,1.1142774011531136,-0.955729755213233
2011-12-14,0.9618221732702912,1.1242681359852857,-0.649858186870132
2011-12-15,0.8594949415397753,1.1209422624004628,-0.665703583259929
2011-12-16,0.7660765161387746,1.1309068262815565,-0.5418280078520744
2011-12-19,0.8381235735242428,1.1309068262815565,-0.13621294397369302
2011-12-20,0.6393175285636316,1.094177072054251,-0.3672542773550065
2011-12-21,0.4135975099844035,1.0773042337304963,-1.6837064383600624
2011-12-22,0.37792213068909253,1.063724665834607,-1.4501630651301172
2011-12-23,0.3201551609497921,1.0363454174908837,-1.3557570384144302
2011-12-27,0.4759244197584219,1.0363454174908837,-0.9259361191718463
2011-12-28,0.6754373913387268,1.0466473067219666,-0.31110696959619283
2011-12-29,0.5693858148814495,1.032902133533594,-0.4967848798145209
2011-12-30,0.6610449937356132,1.0397840325871386,-0.24529101151134283
2012-01-03,0.6088594696505838,0.927367700054104,-0.08929955621746823
2012-01-04,0.5154556283607441,0.9057233731185986,-0.43495697068035843
2012-01-05,0.4201545975469643,0.9057233731185986,-0.3084634430275636
2012-01-06,0.306549241087351,0.9057233731185986,-0.2259074591704137
2012-01-09,0.3659291054199365,0.9020979568543396,0.13392288452493706
2012-01-10,0.31472084124774735,0.8765738769558047,0.3098571260231255
2012-01-11,0.36325697568943405,0.8984673503001704,0.44001281582987467
2012-01-12,0.28464209124236695,0.8802359400397402,0.5813303906746949
2012-01-13,0.34448118626025603,0.9129586939893054,0.9235590126317649
2012-01-17,0.512922099162677,0.9020979568543396,1.3539216732147754
2012-01-18,0.3417886000502343,0.8802359400397402,1.2689184958527657
2012-01-19,0.2009369370345314,0.8209987183700769,0.7946816381962284
2012-01-20,-0.03373447019239017,0.7908530053567164,0.5582774125606232
2012-01-23,0.025663489310864915,0.7641783075584316,0.8488404741977889
2012-01-24,0.06160248025341035,0.7641783075584316,1.1245655359551816
2012-01-25,-0.029120793145224276,0.768006199975699,1.2124966012601703
2012-01-26,0.01055228932759667,0.7488086953924121,1.142544381589318
2012-01-27,0.004485185893566539,0.7449516935159239,1.2320594013336106
2012-01-30,0.13358272810898666,0.775644694440271,1.677348946045012
2012-01-31,0.13937830649653637,0.7603446284535235,1.8425777006721036
2012-02-01,0.007520228253632613,0.7333453655000557,1.8491422754473859
2012-02-02,-0.08029425248350079,0.7372200465363926,1.4187339462178916
2012-02-03,-0.2214893829915863,0.6863814632452657,1.3972674002042245
2012-02-06,-0.11493427674122032,0.6942694268207509,0.7070727741313718
2012-02-07,-0.13241568797169112,0.6625692859924025,0.9226703688111886
2012-02-08,-0.05226609081359942,0.6345028371240474,1.257446563823759
2012-02-09,0.019628629343882924,0.622378615250015,1.5548502035984535
2012-02-10,0.32828739866969364,0.6585787607867013,2.2732273435683554
2012-02-13,0.0808796269616814,0.6264264664604942,1.7289100038727703
2012-02-14,0.15381496490929697,0.6264264664604942,1.7311142915275295
2012-02-15,0.37526137174458346,0.6264264664604942,2.309176399108851
2012-02-16,0.10735443363844788,0.622378615250015,1.945140435914594
2012-02-17,-0.11176741962480184,0.5979548799680368,1.0681915618345694
2012-02-21,-0.04762165681183522,0.5732936330000667,1.3682094540936864
2012-02-22,-0.04762165681183522,0.5774205309733775,1.5956246242233012
2012-02-23,-0.2712906598679835,0.5608724902336696,1.3807994456165111
2012-02-24,-0.1871459231673704,0.5190237147582628,1.5942762264217787
2012-02-27,-0.04762165681183522,0.535846186030514,1.996168214452969
2012-02-28,-0.0834258637482339,0.5190237147582628,2.117906981830863
2012-02-29,-0.010740492931887495,0.5063332216620083,2.357329671202532
2012-03-01,-0.1952849077680246,0.4893131695545101,2.106433482081205
2012-03-02,-0.19039850614018086,0.5020889056169892,2.0614065193127775
2012-03-05,-0.06936127716103022,0.5190237147582628,2.3624037703135192
2012-03-06,0.3390936918233622,0.6183242926519525,3.055190225374176
2012-03-07,0.08530928947018548,0.5897610820645226,1.3287000521268424
2012-03-08,-0.08499267841804849,0.5608724902336696,1.0324944066227015
2012-03-09,-0.21984439478816428,0.5525578000149192,0.5616369675220377
2012-03-12,-0.4726018258532536,0.5400344252069963,0.3221398314518631
2012-03-13,-0.6279302392277324,0.5020889056169892,0.30954235676366965
2012-03-14,-0.5326051839078597,0.4419103268840947,-0.686866380089936
2012-03-15,-0.5124616093893345,0.45925041663019844,-0.39445765608688876
2012-03-16,-0.6913778736619078,0.45492649700647847,-0.5599287321257667
2012-03-19,-0.5826689111033019,0.42445085520158776,-0.13610159372679298
2012-03-20,-0.4834168586827574,0.42882700511400146,0.20206484588794044
2012-03-21,-0.565881831690188,0.45059519237554385,0.2678991733344431
2012-03-22,-0.4852234413180757,0.4764727459451261,0.6215970995393882
2012-03-23,-0.6241306192483441,0.4850402481646111,0.3239398853701798
2012-03-26,-0.7325115377333914,0.4764727459451261,0.3182840656568601
2012-03-27,-0.4816114352544354,0.4850402481646111,-0.04279452652197636
2012-03-28,-0.5033528328188883,0.4850402481646111,0.12780171490223005
2012-03-29,-0.5015347493911504,0.5232398059121313,0.25371496666515314
2012-03-30,-0.49790175680770765,0.49357890352067996,0.4851643485100951
2012-04-02,-0.4726018258532536,0.5105704461146773,0.6623689137422387
2012-04-03,-0.4690061472308226,0.4764727459451261,0.589077020149985
2012-04-04,-0.3322391325776265,0.5105704461146773,0.9450052883106449
2012-04-05,-0.2880885902957648,0.535846186030514,0.68717232843505
2012-04-09,0.0466835762248758,0.6142634779412728,1.46945209021829
2012-04-10,0.2736242197808976,0.6465693701746135,1.398543114415035
2012-04-11,0.2220978340372602,0.6385313975342863,0.43342236684159663
2012-04-12,-0.2050829308937174,0.6142634779412728,-0.21238104082814738
2012-04-13,0.1552543180458388,0.622378615250015,0.10646843577271736
2012-04-16,0.1552543180458388,0.6101961502932229,-0.03769779352846946
2012-04-17,-0.0061643355439721164,0.5815407239917074,-0.029148504454730047
2012-04-18,0.021138558241307243,0.5815407239917074,-0.34675757081618813
2012-04-19,-0.021447615993989474,0.5856542338067501,-0.17451890052181662
2012-04-20,-0.16609359846002017,0.5732936330000667,-0.2685093763898137
2012-04-23,0.0705158866758476,0.5979548799680368,0.3748698814281848
2012-04-24,-0.06157772488597491,0.5732936330000667,0.1670813949908688
2012-04-25,-0.26794294690580456,0.535846186030514,0.03897105761158349
2012-04-26,-0.3666789582720179,0.5400344252069963,-0.525478038551948
2012-04-27,-0.3528524671273444,0.5232398059121313,-0.39919467921175383
2012-04-30,-0.21327435528811306,0.531651018415512,0.08227069648877282
2012-05-01,-0.30498773154479286,0.49783747420226143,0.13590941491623534
2012-05-02,-0.2579239583699686,0.49783747420226143,0.3016119021439721
2012-05-03,-0.14679983455029477,0.4807601150896212,0.6928871413172277
2012-05-04,0.09855714786785563,0.4893131695545101,1.0605352067909284
2012-05-07,0.06606285470668126,0.49357890352067996,0.2134668754254971
2012-05-08,0.08235676831549897,0.5148006026333686,0.5034569613536852
2012-05-09,0.23051777902954984,0.531651018415512,0.9413444900014599
2012-05-10,0.0496737490557241,0.5148006026333686,0.7542676972802572
2012-05-11,0.20376740404686633,0.5232398059121313,1.2384795793863936
2012-05-14,0.47078304215214717,0.5608724902336696,1.8744332782913393
2012-05-15,0.4836190360373567,0.5774205309733775,1.54736688493841
2012-05-16,0.5217800912120335,0.6061222887826896,1.7095608990406326
2012-05-17,0.7891489847714646,0.6942694268207509,2.321777472576649
2012-05-18,0.8583741479508448,0.7255781978817499,1.7290932460457498
2012-05-21,0.4887372772898382,0.768006199975699,1.1164799188446428
2012-05-22,0.5481879671999741,0.7372200465363926,0.5581145429352176
2012-05-23,0.5293504891096807,0.7794553311376539,0.7920648335195813
2012-05-24,0.4280032840684624,0.7641783075584316,0.8948568154611551
2012-05-25,0.4565951880558322,0.768006199975699,1.1907206533317989
2012-05-29,0.3605825610448366,0.7526598400124682,1.2493959814964102
2012-05-30,0.7486468721661902,0.7984230952911999,1.5617977117863397
2012-05-31,0.739306829376709,0.891190506727763,1.0940379355390217
2012-06-01,1.028029534630648,0.9630360552001095,1.8182242333943497
2012-06-04,0.9704531160661539,0.9665754531855908,0.3776372522617382
2012-06-05,0.8108941492257956,0.9877087275263972,0.4030071956263665
2012-06-06,0.5078477023235155,0.927367700054104,0.06539240250854943
2012-06-07,0.45141808934960237,0.8875442397517288,-0.7139011687630711
2012-06-08,0.3872147694159361,0.8875442397517288,-0.5307383456756761
2012-06-11,0.6802183919127626,0.8692338479678657,0.10644660667983233
2012-06-12,0.49894567022202513,0.8692338479678657,-0.23913837800955595
2012-06-13,0.7637587629238505,0.8729065180448852,0.21108819536392012
2012-06-14,0.4462316949207299,0.8507902885286065,-0.1100295700403639
2012-06-15,0.3712657638296863,0.847085425568802,-0.1995470149318432
2012-06-18,-0.027584482766978002,0.8359382504999517,-0.803873615242716
2012-06-19,-0.01838448666944683,0.775644694440271,-0.5180004652040336
2012-06-20,-0.19854722966785154,0.7333453655000557,-0.7764432105887776
2012-06-21,0.23051777902954984,0.7255781978817499,0.19052435396539041
2012-06-22,-0.060023594912016226,0.7255781978817499,-1.2304993706555334
2012-06-25,0.2722439144191823,0.7565051451388218,-0.523611750186995
2012-06-26,0.17961541645663193,0.7449516935159239,-0.9112381327784371
2012-06-27,0.140825337759875,0.7255781978817499,-0.7388113857360799
2012-06-28,0.17818820240740676,0.7255781978817499,-0.5681726912154755
2012-06-29,-0.2247822473794243,0.6625692859924025,-0.9621473982749443
2012-07-02,-0.2712906598679835,0.6982042270592461,-1.9662447960482439
2012-07-03,-0.2948362008962717,0.6745033232863573,-1.7312450169925484
2012-07-05,-0.15643017910803492,0.6784688881990975,-1.3032952072026833
2012-07-06,-0.2214893829915863,0.6942694268207509,-1.1690668162254074
2012-07-09,-0.08029425248350079,0.6942694268207509,-0.8665517810493646
2012-07-10,0.03318862093097628,0.6784688881990975,-0.40589854072799914
2012-07-11,-0.08499267841804849,0.6665535417136595,-0.5264562939541556
2012-07-12,-0.026049010776526656,0.6824282617511426,-0.15612894838322128
2012-07-13,-0.2813574432784829,0.6824282617511426,-0.3770903210247295
2012-07-16,-0.21984439478816428,0.6745033232863573,-0.8192687031402013
2012-07-17,-0.32540166104818363,0.6625692859924025,-0.7310290007331063
2012-07-18,-0.38057372859782884,0.650578822780461,-0.690586367974228
2012-07-19,-0.5069928751330863,0.6183242926519525,-0.7997159141005615
2012-07-20,-0.36148593501340204,0.6304678669093396,-0.31908839625321234
2012-07-23,0.018118177949218783,0.6705315476194547,0.26111424606507305
2012-07-24,0.28464209124236695,0.6784688881990975,0.6015383557669638
2012-07-25,0.12486719332842432,0.6784688881990975,0.3536487148746319
2012-07-26,-0.1516107335650742,0.6585787607867013,0.16757490825358204
2012-07-27,-0.2880885902957648,0.6061222887826896,-0.6813194497814213
2012-07-30,-0.07248043933760882,0.5979548799680368,-0.9094197960872911
2012-07-31,0.06457684872493602,0.5815407239917074,-0.40570809548768605
2012-08-01,0.06903223125405229,0.5567185527857461,-0.25214658657903183
2012-08-02,-0.1451979259441992,0.5691600082137177,-0.3292754591492262
2012-08-03,-0.4726018258532536,0.5190237147582628,-0.7442394546672774
2012-08-06,-0.4173774035902764,0.5148006026333686,-1.4287649250854202
2012-08-07,-0.4103299727880868,0.4764727459451261,-1.1465631634460611
2012-08-08,-0.5307681064813954,0.467876201289708,-1.1347669579610569
2012-08-09,-0.5381241506515251,0.4764727459451261,-0.8787605454835723
2012-08-10,-0.6393603467730744,0.5063332216620083,-0.7786277451011065
2012-08-13,-0.8452352256403848,0.49783747420226143,-0.8619919681346713
2012-08-14,-0.6184405216242962,0.4807601150896212,-0.23738253611665786
2012-08-15,-0.6604366936534941,0.4635669763871714,-0.056148005935785054
2012-08-16,-0.7265984087062516,0.467876201289708,0.07199513528498655
2012-08-17,-0.8970541481114285,0.467876201289708,-0.26263688548542474
2012-08-20,-0.7802697169099441,0.45492649700647847,0.15458857777803311
2012-08-21,-0.5864129144727819,0.4419103268840947,0.6996522830219165
2012-08-22,-0.5696037268687101,0.4635669763871714,0.8860843321794624
2012-08-23,-0.41561384832298887,0.467876201289708,1.3499245548406207
2012-08-24,-0.5565987529377125,0.45925041663019844,0.8423993596770931
2012-08-27,-0.34768487647954244,0.45925041663019844,1.1556018770345964
2012-08-28,-0.32369480483449126,0.4635669763871714,1.4124725627187982
2012-08-29,-0.22807896992844345,0.44625647746789077,1.7696188486465116
2012-08-30,-0.10386613686585691,0.45492649700647847,2.1665274411418003
2012-08-31,-0.16125789383882974,0.5063332216620083,1.832101741736612
2012-09-04,-0.08029425248350079,0.4893131695545101,1.987408295692837
2012-09-05,-0.11810470222977455,0.4764727459451261,2.1195445574288327
2012-09-06,-0.479807169546437,0.42882700511400146,1.715074566840234
2012-09-07,-0.7089330321055335,0.40245610982626207,-0.7575686466337151
2012-09-10,-0.35975705494397864,0.37580810723832403,0.01042633188453206
2012-09-11,-0.3373784075967689,0.3578859249071815,0.16374686868588736
2012-09-12,-0.44396356140069054,0.29874832643567323,0.2061496350464106
2012-09-13,-0.774255472766887,0.29414164352506084,-0.1415684951546095
2012-09-14,-0.683610621823413,0.20020578437864092,-0.7486301587115409
2012-09-17,-0.6681401487437019,0.20975750280792607,-0.5397392428824349
2012-09-18,-0.74834103201321,0.2145199046675196,-0.46384047438609716
2012-09-19,-0.8085077508492259,0.21927337980799297,-0.31483209594861017
2012-09-20,-0.7702531702887246,0.23819867842330544,-0.010916799998870217
2012-09-21,-0.7883090147316381,0.2569837883546618,0.195225708227381
2012-09-24,-0.7543002696752626,0.29414164352506084,0.4769244946112031
2012-09-25,-0.5106374587331607,0.32165704811938334,1.076744710562743
2012-09-26,-0.2696163055002359,0.42882700511400146,0.9434102438220832
2012-09-27,-0.6203359425600852,0.39803417628226934,0.4174372921720185
2012-09-28,-0.45645707897553267,0.39360451883296443,0.42446015692201944
2012-10-01,-0.3528524671273444,0.38916711044803903,0.7144850487821215
2012-10-02,-0.46003674637164954,0.39360451883296443,0.7336965572536146
2012-10-03,-0.5106374587331607,0.37580810723832403,0.8717215875385245
2012-10-04,-0.6758647526528977,0.3488771117212013,0.7086771066436636
2012-10-05,-0.7187334552942946,0.3170918295238923,0.5093341102111838
2012-10-09,-0.3442450811630941,0.32165704811938334,1.4626376446740645
2012-10-10,-0.35802923653845653,0.3443606755409037,0.9698064485615142
2012-10-11,-0.4816114352544354,0.32621406326284486,0.7399968193883855
2012-10-12,-0.38405825212657707,0.32165704811938334,1.1226267198635504
2012-10-15,-0.5399660387510994,0.2849030968962622,1.0104932119058758
2012-10-16,-0.5491943139623041,0.24760862704905692,0.739815841090414
2012-10-17,-0.5770621415747027,0.1858104103701176,0.3148201187205992
2012-10-18,-0.5845403793145925,0.1713328549040478,0.42277676527960617
2012-10-19,-0.22807896992844345,0.20498614063851664,1.1937880755637602
2012-10-22,-0.3015997091968521,0.19061795350647748,-0.060802231246087676
2012-10-23,0.0496737490557241,0.25230054003394997,0.7695190657243375
2012-10-24,-0.026049010776526656,0.24290801727886369,0.14930234535357942
2012-10-25,-0.058470322882061,0.2145199046675196,0.3308047020214612
2012-10-26,-0.10702410843369538,0.25230054003394997,0.47615768459158525
2012-10-31,0.015094263385080717,0.35338551867739004,0.9265042657444699
2012-11-01,-0.2897739765181184,0.32621406326284486,0.6760144321462813
2012-11-02,-0.14199684216821615,0.31251837788770176,0.62415346606399
2012-11-05,-0.012267631256626443,0.32621406326284486,0.7240837798585522
2012-11-06,-0.1435969288290705,0.2895265772014345,0.7412352755650301
2012-11-07,0.08678438903294709,0.35338551867739004,1.0686059739590446
2012-11-08,-0.0015953184470884694,0.37133942194997466,-0.585205417250347
2012-11-09,0.01660662689818483,0.41567583521809864,-0.6343004888773895
2012-11-13,-0.29652563497194456,0.4375567150939172,-0.5950979657856842
2012-11-14,-0.08969926260591286,0.44625647746789077,-0.02730595218318126
2012-11-15,-0.07872975292854258,0.4893131695545101,-0.3220536062006904
2012-11-16,-0.3373784075967689,0.5063332216620083,-0.4811865972843171
2012-11-19,-0.5454994767238471,0.45059519237554385,-0.6370123609282481
2012-11-20,-0.575195639112235,0.42445085520158776,-1.5839376168247965
2012-11-21,-0.5326051839078597,0.39360451883296443,-1.2366248792824917
2012-11-23,-0.5640227286950104,0.38916711044803903,-1.0237515066274834
2012-11-26,-0.49790175680770765,0.37580810723832403,-1.1731692331605654
2012-11-27,-0.42267454269250065,0.3623783587568398,-0.7897113193019045
2012-11-28,-0.49608701807816413,0.3668628484222475,-0.7231803243370525
2012-11-29,-0.578929704855021,0.3307629043837246,-0.8074407622003131
2012-11-30,-0.43152544228385276,0.3623783587568398,-0.37896799096801304
2012-12-03,-0.2982160840508591,0.3398361814862537,0.09867959624540097
2012-12-04,-0.21820036774505594,0.3307629043837246,0.38019479702155734
2012-12-05,-0.3288184828896793,0.29874832643567323,0.4414310492700872
2012-12-06,-0.30837983840229677,0.2849030968962622,0.7026427959707028
2012-12-07,-0.4262116297081129,0.2569837883546618,0.6837347427921783
2012-12-10,-0.3997918969276505,0.25230054003394997,0.9029289767296252
2012-12-11,-0.4852234413180757,0.22401796163150417,0.9872660531416332
2012-12-12,-0.4173774035902764,0.1954164000562559,1.0047568468858725
2012-12-13,-0.3117760396296052,0.1858104103701176,1.3947165454260524
2012-12-14,-0.2379920615310377,0.19061795350647748,1.4557330234605823
2012-12-17,-0.34940635238360385,0.20498614063851664,1.3872628030772522
2012-12-18,-0.4852234413180757,0.14701839975773093,0.5055396376767625
2012-12-19,-0.1790301046844895,0.14701839975773093,0.6131813725796997
2012-12-20,-0.1292291051308698,0.14701839975773093,0.6792668329392563
2012-12-21,-0.10228847923138198,0.18099373609221242,0.8125374093800118
2012-12-24,-0.10228847923138198,0.1713328549040478,0.6651369227196037
2012-12-26,0.1451616963040834,0.1713328549040478,1.2707697157670417
2012-12-27,0.14371689400992,0.19061795350647748,1.4187582230200422
2012-12-28,0.5780680920192509,0.20020578437864092,2.353668227919203
2012-12-31,-0.07404146696936166,0.21927337980799297,0.889617516889804
2013-01-02,-0.6508368937706035,0.13231703542690126,-0.9466356488740143
2013-01-03,-0.6739315665484124,0.08268769722721252,-2.298161944724164
2013-01-04,-0.8186618530014511,0.07264420590194146,-2.258530207805922
2013-01-07,-0.8268115625411955,0.06256078011250714,-2.032750291832244
2013-01-08,-0.8617136637865447,0.06256078011250714,-1.829391682006757
2013-01-09,-0.8227336599658066,0.04736006580046123,-1.5141719673996783
2013-01-10,-0.8886987291023047,0.02182129764918359,-1.3710571607259976
2013-01-11,-0.9159451066129783,0.016682535516082807,-1.358670803995198
2013-01-14,-0.8824482586321201,0.0063736666660343805,-1.0393513918127224
2013-01-15,-0.8762118405387262,0.03206768833569136,-0.7720357597596487
2013-01-16,-0.9033369856099086,0.026949667940748576,-0.5655310410218248
2013-01-17,-0.8720619604823819,-0.009168638846598739,-0.2687260577787226
2013-01-18,-1.1121762774034842,-0.0039772793163238345,-0.6393849067063476
2013-01-22,-1.1189589150949513,-0.009168638846598739,-0.43998735372337555
2013-01-23,-1.1121762774034842,-0.02480678651984433,-0.3676291337084095
2013-01-24,-1.0607118649973022,-0.04054196571970922,-0.07120853553528758
2013-01-25,-1.016712553005492,-0.0883419236814065,0.22068118315103513
2013-01-28,-0.8720619604823819,-0.09370907540951658,0.4440226747390822
2013-01-29,-0.9264949689226255,-0.06167524006051565,0.5568918439911208
2013-01-30,-0.7206976804078163,-0.030041005601830872,0.9738728982414855
2013-01-31,-0.7285681339203598,0.026949667940748576,1.0348819250021357
2013-02-01,-1.0145307118776612,0.02182129764918359,0.7127583989142698
2013-02-04,-0.6527542718937381,0.057503992305485994,0.6881895658933541
2013-02-05,-0.8411305534090692,0.057503992305485994,-0.1663086978386991
2013-02-06,-0.905434452968601,0.07264420590194146,-0.5427688678708658
2013-02-07,-0.8866136957744005,0.09269156915435701,-0.2695716381620272
2013-02-08,-0.988477677657436,0.09269156915435701,-0.20740643302642753
2013-02-11,-1.0058196048358288,0.08268769722721252,-0.1870380923710016
2013-02-12,-1.0718198344110195,0.07264420590194146,-0.06635543161953536
2013-02-13,-0.9971353839448619,0.03717540052548084,0.25649995874093307
2013-02-14,-1.0673714253657418,0.03717540052548084,0.3481326861846271
2013-02-15,-1.1121762774034842,0.03206768833569136,0.47047649864597263
2013-02-19,-1.1462543772455438,0.01153333934103209,0.595284890253703
2013-02-20,-0.6508368937706035,0.01153333934103209,1.1068759639287662
2013-02-21,-0.5491943139623041,0.04736006580046123,0.4230181142364675
2013-02-22,-0.7503260425262452,0.03717540052548084,0.11835800279179716
2013-02-25,0.07348085258903879,0.03717540052548084,1.1872040753004462
2013-02-26,-0.2595910491772583,0.06256078011250714,-0.5333651897945514
2013-02-27,-0.6412699175209174,0.04227284595017966,-1.0308805977025794
2013-02-28,-0.49608701807816413,0.04227284595017966,-1.0064653448301397
2013-03-01,-0.5234312436558755,0.05243710101960705,-0.7919614153911807
2013-03-04,-0.7822773889569226,0.04227284595017966,-0.9846087364724516
2013-03-05,-0.8907853086528964,0.01153333934103209,-1.0053476350331756
2013-03-06,-0.8803680485785088,-0.009168638846598739,-1.0347164988962112
2013-03-07,-0.9798467348615733,-0.04580879678196506,-0.9451633049731849
2013-03-08,-1.0829720432290495,-0.07230828811166493,-0.8748522638650476
2013-03-11,-1.3231258240812058,-0.07764157765872057,-1.1072791176919172
2013-03-12,-1.155412026141126,-0.07230828811166493,-0.6669255401543752
2013-03-13,-1.258164038837725,-0.07764157765872057,-0.6261820791702398
2013-03-14,-1.3871320385541117,-0.09908761028873415,-0.6191163002427208
2013-03-15,-1.3871320385541117,-0.09370907540951658,-0.5813522624190183
2013-03-18,-0.9159451066129783,-0.06698619120567131,0.3939726918816485
2013-03-19,-0.7069769998553184,-0.06167524006051565,0.7263202301607175
2013-03-20,-1.0651497495046687,-0.07230828811166493,0.31441021819708226
2013-03-21,-0.7862970358168323,-0.07230828811166493,0.6126475520455813
2013-03-22,-0.8720619604823819,-0.06167524006051565,0.18715446981089381
2013-03-25,-0.8370320557399233,-0.07764157765872057,0.0743731244184857
2013-03-26,-1.0430293635807946,-0.06167524006051565,-0.13881072885877732
2013-03-27,-0.9605235258590936,-0.04580879678196506,-0.16264449049184884
2013-03-28,-1.0584954392103592,-0.05108658899897629,-0.09203237304663806
2013-04-01,-0.8699892146332724,-0.014370647326959963,0.3739253455094806
2013-04-02,-1.0408270276811205,-0.030041005601830872,0.20014286678603813
2013-04-03,-0.7423945778563429,-0.014370647326959963,0.7212283923652377
2013-04-04,-0.8064812817108523,-0.0039772793163238345,0.1437409045146484
2013-04-05,-0.8004108093751442,0.026949667940748576,0.28109470447975793
2013-04-08,-0.9519777779825818,0.001203474773410482,0.12730426332758427
2013-04-09,-1.0276480452095065,-0.014370647326959963,-0.06971167389247428
2013-04-10,-1.1348492340211302,-0.06167524006051565,-0.09972480042831554
2013-04-11,-1.1623000401002896,-0.0883419236814065,-0.7928789280835206
2013-04-12,-1.2039849175405641,-0.07764157765872057,-0.6776939915520516
2013-04-15,-0.1936551641560358,-0.05637538808989588,1.1673207039515607
2013-04-16,-0.7923371016021997,-0.06167524006051565,-1.7005248204445518
2013-04-17,-0.32028419554005777,-0.05108658899897629,-1.1970311221093657
2013-04-18,-0.14679983455029477,-0.05108658899897629,-1.1271781367960043
2013-04-19,-0.595795045835186,-0.06167524006051565,-1.6658124198151147
2013-04-22,-0.7069769998553184,-0.07764157765872057,-1.7484172405587808
2013-04-23,-0.8907853086528964,-0.09908761028873415,-1.8208849869752333
2013-04-24,-0.863780320045956,-0.12615273639176688,-1.7878425786135614
2013-04-25,-0.8617136637865447,-0.15350983281025343,-1.511361504540865
2013-04-26,-0.863780320045956,-0.15901684527824125,-1.29747608677996
2013-04-29,-0.8431821410260892,-0.19790445878256122,-1.0097124705687117
2013-04-30,-0.8824482586321201,-0.186732730385332,-0.9834772577547635
2013-05-01,-0.6874916601261747,-0.21475487456470463,-0.4314115312390723
2013-05-02,-0.8679179945798715,-0.24309012180576856,-0.8005825056682526
2013-05-03,-1.0254575022690526,-0.3124150284567681,-1.1509713836116353
2013-05-06,-1.0673714253657418,-0.3300464661868603,-1.356851356663208
2013-05-07,-1.0298402948841179,-0.36568140725370396,-1.0618138953512717
2013-05-08,-1.0673714253657418,-0.36568140725370396,-0.9789140868673996
2013-05-09,-0.9648060505593132,-0.37166955229089166,-0.6562377293198608
2013-05-10,-1.0829720432290495,-0.37166955229089166,-0.6423844556171112
2013-05-13,-1.0919257029768825,-0.30072847208407233,-0.47426828276553046
2013-05-14,-1.0430293635807946,-0.30072847208407233,-0.1647907968140712
2013-05-15,-1.0342297156161542,-0.2949053277460502,-0.5246176238923023
2013-05-16,-0.9776932835686477,-0.26024449327040744,-0.3487395293279319
2013-05-17,-1.1144354122824731,-0.28909552395656885,-0.4595683081160595
2013-05-20,-0.988477677657436,-0.30656501837715183,-0.5219073356198275
2013-05-21,-0.9138397923571994,-0.30072847208407233,-0.15981806477635907
2013-05-22,-0.8206971170049886,-0.34780134555944253,0.21236535792193476
2013-05-23,-0.7702531702887246,-0.26024449327040744,0.18352147040531125
2013-05-24,-0.7862970358168323,-0.24309012180576856,0.3346193944735009
2013-05-28,-0.6894341886051795,-0.30072847208407233,0.7098947087409423
2013-05-29,-0.6222326411935188,-0.186732730385332,0.7848249304182179
2013-05-30,-0.6797351141032869,-0.19231244274615472,0.6176177457115549
2013-05-31,-0.35630280773815315,-0.1480147532063663,1.2689563173665124
2013-06-03,-0.35975705494397864,-0.07230828811166493,0.29441704370460253
2013-06-04,-0.36148593501340204,-0.05637538808989588,0.3945413653358878
2013-06-05,-0.15643017910803492,0.06760750465356248,0.8559396419050418
2013-06-06,-0.29990754935336594,0.09269156915435701,-0.021650064690192813
2013-06-07,-0.5640227286950104,-0.0039772793163238345,-0.5072752793827713
2013-06-10,-0.5088146637231038,-0.019583348535255327,-0.7261439209358477
2013-06-11,-0.22643012581880678,0.09269156915435701,-0.0008040535550915888
2013-06-12,0.013581086536037477,0.06256078011250714,0.2596141204200257
2013-06-13,-0.3373784075967689,0.10762377075504756,-0.29440626660706515
2013-06-14,-0.21327435528811306,0.07264420590194146,-0.5596430829570143
2013-06-17,-0.2712906598679835,0.03717540052548084,-0.5018445668349155
2013-06-18,-0.3032932104220008,0.03206768833569136,-0.4725148831475888
2013-06-19,-0.2982160840508591,-0.02480678651984433,-0.3995916482256832
2013-06-20,0.2873898965254777,0.11258169656675203,0.2251969087572034
2013-06-21,0.06011411610173583,0.09767874528463387,-1.2666408007596905
2013-06-24,0.23471845503147315,0.21927337980799297,-0.7139798394490693
2013-06-25,-0.004640505316931354,0.21927337980799297,-1.1376217249944482
2013-06-26,-0.20344781566753206,0.1954164000562559,-1.3595759248240413
2013-06-27,-0.2612594466186487,0.16648857789147845,-1.3719914285501167
2013-06-28,-0.2612594466186487,0.13231703542690126,-1.1653006949378062
2013-07-01,-0.3442450811630941,0.13722696579887375,-1.0618304925602908
2013-07-02,-0.3322391325776265,0.12739758045076108,-0.8573266280156052
2013-07-03,-0.373617600777181,0.12739758045076108,-0.6540871311998454
2013-07-05,-0.6108717607153126,0.07264420590194146,-0.772825072677291
2013-07-08,-0.631735178726632,0.10762377075504756,-0.9364163252496615
2013-07-09,-0.7148091139420303,0.07264420590194146,-0.9172047273804554
2013-07-10,-0.7423945778563429,0.04227284595017966,-0.8852905030791688
2013-07-11,-0.7822773889569226,0.001203474773410482,-0.6900726183847443
2013-07-12,-0.8166280601296504,-0.05108658899897629,-1.1731987600654046
2013-07-15,-0.8268115625411955,-0.06698619120567131,-0.9261298077768404
2013-07-16,-0.7011172347988293,-0.09370907540951658,-0.5210070915985312
2013-07-17,-0.8288527322749146,-0.11529199925680103,-0.5366972224882977
2013-07-18,-0.8308951889669347,-0.17561000095430535,-0.32269652898045076
2013-07-19,-1.094168630402368,-0.18116526767730448,-0.6605780084721687
2013-07-22,-1.1508295852125816,-0.19790445878256122,-0.5304638148542293
2013-07-23,-1.0673714253657418,-0.21475487456470463,-0.18494345770824663
2013-07-24,-0.9541116301905839,-0.186732730385332,0.1948359641108389
2013-07-25,-0.9993037724990974,-0.13160059723003698,0.24450646070731016
2013-07-26,-1.0540678186036505,-0.09908761028873415,0.3234697226090861
2013-07-29,-0.9096338838022686,-0.10987902335975812,0.7540342293822758
2013-07-30,-0.9096338838022686,-0.12615273639176688,0.8680664972328881
2013-07-31,-0.8970541481114285,-0.09908761028873415,1.0777387721434968
2013-08-01,-1.0058196048358288,-0.142531554864944,1.0744839919181859
2013-08-02,-1.2227119003885079,-0.08298610702346028,-0.20105788458263124
2013-08-05,-1.2557865546960023,-0.08298610702346028,-0.06033797218616251
2013-08-06,-1.0540678186036505,-0.07230828811166493,0.4583985805892139
2013-08-07,-0.9971353839448619,-0.04580879678196506,0.4891904264047629
2013-08-08,-1.05185682909084,-0.05108658899897629,0.5156199932171428
2013-08-09,-0.905434452968601,-0.05108658899897629,0.8363149568847266
2013-08-12,-1.0342297156161542,-0.06167524006051565,0.7440216873328872
2013-08-13,-1.1462543772455438,-0.09370907540951658,0.7334363537485185
2013-08-14,-0.9841589997397687,-0.10987902335975812,1.0863944451489662
2013-08-15,-0.6412699175209174,-0.08298610702346028,1.5533294180139292
2013-08-16,-0.7108904251050909,-0.10447757670657945,0.17666091593249625
2013-08-19,-0.5714663446034912,-0.09908761028873415,0.5718199906365861
2013-08-20,-0.6070950915063102,-0.05108658899897629,0.49126677503421584
2013-08-21,-0.41914206490697115,-0.06698619120567131,0.877215447630687
2013-08-22,-0.6355450888008605,-0.0883419236814065,0.5116289979582047
2013-08-23,-0.7883090147316381,-0.07764157765872057,0.005494137722481384
2013-08-26,-0.5920385457408814,-0.07764157765872057,0.49386847624683483
2013-08-27,-0.2763193894630379,-0.04054196571970922,1.1506005831899804
2013-08-28,-0.32369480483449126,-0.06698619120567131,-0.005613633379802321
2013-08-29,-0.2696163055002359,-0.07230828811166493,0.28608553251388186
2013-09-03,-0.3032932104220008,-0.10987902335975812,0.6641388137841951
2013-09-04,-0.42975299981680953,-0.13706018651834345,0.5865547794918542
2013-09-05,-0.44931103748767254,-0.16453584254886228,0.4231344579597122
2013-09-06,-0.43507351101706704,-0.142531554864944,0.6759252347830241
2013-09-09,-0.4744014755994123,-0.12615273639176688,0.8412466746347788
2013-09-10,-0.6797351141032869,-0.15901684527824125,0.1890969255516672
2013-09-11,-0.8206971170049886,-0.142531554864944,-0.10502796037978039
2013-09-12,-0.7265984087062516,-0.15350983281025343,0.22884702212634672
2013-09-13,-0.7523124544202302,-0.15901684527824125,0.3736267083244552
2013-09-16,-0.7089330321055335,-0.19231244274615472,0.6338466207511754
2013-09-17,-0.6797351141032869,-0.16453584254886228,0.6683512769636873
2013-09-18,-0.8679179945798715,-0.12071655372073226,0.4397611372847856
2013-09-19,-0.9583846033839873,-0.20912561976727567,-0.31189381991061904
2013-09-20,-0.9669498619570328,-0.19231244274615472,-0.10657002199778426
2013-09-23,-0.7226630901824209,-0.15901684527824125,0.22799633572386543
2013-09-24,-0.7682540566262854,-0.13160059723003698,0.2553424735840283
2013-09-25,-0.7822773889569226,-0.10447757670657945,0.4235750030780944
2013-09-26,-0.7722535144737579,-0.10987902335975812,0.6015239307955365
2013-09-27,-0.5051722653398498,-0.07764157765872057,1.142002701855932
2013-09-30,-0.30498773154479286,-0.03528605037732293,1.516696453404648
2013-10-01,-0.4906499867025409,-0.06167524006051565,1.204205992722015
2013-10-02,-0.30498773154479286,-0.06167524006051565,1.268160381306929
2013-10-03,-0.1292291051308698,-0.07764157765872057,1.7644144855777284
2013-10-04,-0.2813574432784829,-0.10447757670657945,1.1369374130756067
2013-10-07,0.1350327422416211,-0.10987902335975812,1.687466105188284
2013-10-08,0.2667161755023044,-0.11529199925680103,1.6978483367197672
2013-10-09,0.16244142885221594,-0.12071655372073226,1.0811968132851568
2013-10-10,-0.32540166104818363,-0.15350983281025343,0.5325562513224372
2013-10-11,-0.4582462580541091,-0.1480147532063663,-1.0931032230738142
2013-10-15,0.024155987357236893,-0.19231244274615472,0.07116159113263924
2013-10-16,-0.6450927689193053,-0.186732730385332,-0.9268762966936245
2013-10-17,-0.8907853086528964,-0.19790445878256122,-1.661946692210591
2013-10-18,-0.9841589997397687,-0.23739768788938995,-1.6757718395649475
2013-10-21,-0.9583846033839873,-0.26598850081090175,-1.5088610898952155
2013-10-22,-0.9222703162970792,-0.248795362108452,-1.1836347626555055
2013-10-23,-0.9033369856099086,-0.248795362108452,-1.0176736102748136
2013-10-24,-0.9498453395413964,-0.2717455481072841,-0.9283803147260605
2013-10-25,-0.9733909091221093,-0.26024449327040744,-0.7609802751466187
2013-10-28,-0.9264949689226255,-0.248795362108452,-0.534016364118988
2013-10-29,-0.905434452968601,-0.24309012180576856,-0.2686799198475614
2013-10-30,-0.8555229837758208,-0.25451346654897533,-0.10505093656791242
2013-10-31,-0.834984945902942,-0.2949053277460502,0.021930487911285768
2013-11-01,-0.9328441682483902,-0.324155689449946,0.044882440664220404
2013-11-04,-1.0079946988766095,-0.3124150284567681,0.10964599399597803
2013-11-05,-0.9349635536359662,-0.3124150284567681,0.35950822619330375
2013-11-06,-1.0651497495046687,-0.30072847208407233,0.2846145436124157
2013-11-07,-0.8024329095923224,-0.30656501837715183,0.7205801843264372
2013-11-08,-1.0145307118776612,-0.2832989997301824,-0.4434624782324866
2013-11-12,-1.0320342539545238,-0.30072847208407233,-0.8218353580985178
2013-11-13,-1.0986596419051873,-0.26024449327040744,-0.7031150013001559
2013-11-14,-1.1325736557527606,-0.26598850081090175,-0.8373283434450871
2013-11-15,-1.1738174476319416,-0.2832989997301824,-0.7866419729644156
2013-11-18,-0.9712421864014111,-0.30072847208407233,-0.31793582299289835
2013-11-19,-0.9096338838022686,-0.324155689449946,-0.052710453881822064
2013-11-20,-0.9075334850535917,-0.3359509583651088,0.15075327735369862
2013-11-21,-1.0673714253657418,-0.3182785645832885,0.04692396990818084
2013-11-22,-1.1577061577355017,-0.3300464661868603,-0.3082976310956212
2013-11-25,-1.0386262044504402,-0.34780134555944253,-0.04934119724371856
2013-11-26,-1.0342297156161542,-0.34780134555944253,0.17236950862512196
2013-11-27,-0.9971353839448619,-0.36568140725370396,0.44473357295450927
2013-11-29,-0.8452352256403848,-0.37166955229089166,0.847729419555808
2013-12-02,-0.7384373082901038,-0.3957645387292852,1.213452822378969
2013-12-03,-0.6758647526528977,-0.3776718704656455,1.4385859489951203
2013-12-04,-0.6470062353908629,-0.3957645387292852,1.4867493177722881
2013-12-05,-0.575195639112235,-0.4139872153048337,1.7823731904582902
2013-12-06,-0.8268115625411955,-0.4323417821223598,1.3436878476904661
2013-12-09,-0.8886987291023047,-0.4446523803018116,0.38629155883818445
2013-12-10,-0.8024329095923224,-0.4200906556635819,0.6933825761097907
2013-12-11,-0.5124616093893345,-0.4446523803018116,1.2725204849632967
2013-12-12,-0.4906499867025409,-0.4446523803018116,0.6442411028503711
2013-12-13,-0.4510958471016636,-0.4384896111815838,0.8701158037559794
2013-12-16,-0.403299982164992,-0.4570230304172819,1.1705953667574185
2013-12-17,-0.37188158364821255,-0.4200906556635819,1.1686711299993897
2013-12-18,-0.8247718724860715,-0.42620882086255346,0.5753452608640762
2013-12-19,-0.7543002696752626,-0.46945432121676034,-0.6334236685051563
2013-12-20,-0.8268115625411955,-0.48821626803911006,-0.5030752634010803
2013-12-23,-0.9841589997397687,-0.5134500906127378,-0.6690519216560757
2013-12-24,-1.1076636570238043,-0.5389375236915963,-0.7636909028761586
2013-12-26,-1.141686814364111,-0.5389375236915963,-0.6022050560262775
2013-12-27,-1.1121762774034842,-0.5389375236915963,-0.46279343033177284
2013-12-30,-0.8741360364902868,-0.5325416104780061,0.15693717660101178
2013-12-31,-0.8411305534090692,-0.5134500906127378,0.43415699494191173
2014-01-02,-0.7384373082901038,-0.5134500906127378,0.6597472781420967
2014-01-03,-0.8329393243661096,-0.5261617876291173,0.11496860660431794
2014-01-06,-0.8762118405387262,-0.5389375236915963,0.2720067559815803
2014-01-07,-1.0101716833425511,-0.5646837168589349,0.2150525290425093
2014-01-08,-1.02108173447099,-0.5972384417711725,0.14667728897440918
2014-01-09,-1.016712553005492,-0.5906939781521892,0.36794937424555246
2014-01-10,-1.1853819727425559,-0.5453496086372213,0.2949615058891408
2014-01-13,-0.9328441682483902,-0.5325416104780061,0.8386833710064975
2014-01-14,-1.1531199820491354,-0.5646837168589349,-0.5685197886937373
2014-01-15,-1.1531199820491354,-0.5972384417711725,-0.9406538282023247
2014-01-16,-1.0964133472008317,-0.5906939781521892,-0.7444764806147227
2014-01-17,-1.1166963624984545,-0.5906939781521892,-0.5444281230239771
2014-01-21,-1.02108173447099,-0.6037998380445186,-0.2562550616375691
2014-01-22,-1.0276480452095065,-0.6302165169638376,-0.08931851511736565
2014-01-23,-0.8308951889669347,-0.5646837168589349,0.4518329125209548
2014-01-24,-0.05536664471690828,-0.4632310585968949,1.4842612190379336
2014-01-27,-0.16932223022463125,-0.4570230304172819,-0.4241814421171635
2014-01-28,-0.44396356140069054,-0.4632310585968949,-0.6771629842744957
2014-01-29,-0.18065139671608768,-0.4200906556635819,-0.10018982536693645
2014-01-30,-0.19039850614018086,-0.4384896111815838,-0.17149309587679606
2014-01-31,-0.013795598890816354,-0.383688429029009,0.013087300963217575
2014-02-03,0.41491020059291245,-0.3418692300008407,0.8625537350094847
2014-02-04,0.0912050533893273,-0.324155689449946,-0.7833761717452511
2014-02-05,0.21224256802279376,-0.3418692300008407,-0.4117099390898542
2014-02-06,-0.20017981014848713,-0.383688429029009,-0.8072883818835217
2014-02-07,-0.5362832919980457,-0.3897192957118195,-1.5081031118381347
2014-02-10,-0.5418093092134193,-0.4139872153048337,-1.5997117769059874
2014-02-11,-0.683610621823413,-0.4632310585968949,-1.5595951472328013
2014-02-12,-0.7246300614357941,-0.5071180567488897,-1.6600864617228088
2014-02-13,-0.7562893005060524,-0.46945432121676034,-1.4364578350651418
2014-02-14,-0.8720619604823819,-0.4945012235358943,-1.4344761661770509
2014-02-18,-0.8105356805394515,-0.5071180567488897,-1.1661482112023347
2014-02-19,-0.49790175680770765,-0.5453496086372213,-0.3977441258456944
2014-02-20,-0.6298320658015752,-0.5646837168589349,-0.525421347813101
2014-02-21,-0.6508368937706035,-0.5776555008705626,-0.44356020861175527
2014-02-24,-0.7384373082901038,-0.6103782548201279,-0.33822792048457595
2014-02-25,-0.8514032870591485,-0.6169737806313211,-0.4199573050673583
2014-02-26,-0.7148091139420303,-0.6169737806313211,0.04598209200844361
2014-02-27,-0.7762588564813584,-0.6235865047039897,0.18254991810351076
2014-02-28,-0.784286494576306,-0.6368639080437167,0.23294527869054218
2014-03-03,-0.40857082778329057,-0.5972384417711725,1.0305761475385606
2014-03-04,-0.7642600853482572,-0.6502111927754375,0.3485580817370589
2014-03-05,-0.8064812817108523,-0.6569112712961324,-0.5235215716694498
2014-03-06,-0.7423945778563429,-0.6569112712961324,-0.1738386232532964
2014-03-07,-0.7622654138819543,-0.6502111927754375,0.00861952183352799
2014-03-10,-0.7443753961982711,-0.6302165169638376,0.2720815360756628
2014-03-11,-0.6279302392277324,-0.6302165169638376,0.6871746570898573
2014-03-12,-0.6913778736619078,-0.5972384417711725,0.637138921457553
2014-03-13,-0.3701463060955878,-0.5646837168589349,1.3762711660337716
2014-03-14,-0.10544467960206763,-0.5389375236915963,1.1894127110366945
2014-03-17,-0.4726018258532536,-0.5776555008705626,0.775820899911487
2014-03-18,-0.6816721083076496,-0.5972384417711725,0.18502115615820447
2014-03-19,-0.5677421638725926,-0.6838900177052027,0.3255042779745037
2014-03-20,-0.6816721083076496,-0.6502111927754375,0.21667167976154847
2014-03-21,-0.5901620852879661,-0.6703647683389249,0.4053941719623632
2014-03-24,-0.5733303740016503,-0.6771183761784662,0.5747330929243357
2014-03-25,-0.7802697169099441,-0.690679789485236,0.35643598480738936
2014-03-26,-0.6033233050044995,-0.6771183761784662,0.7201298230712633
2014-03-27,-0.6623606269410262,-0.6636290983899297,0.5062100686960959
2014-03-28,-0.7030691962581979,-0.690679789485236,0.6340545601418395
2014-03-31,-0.8085077508492259,-0.6636290983899297,0.5105608936818817
2014-04-01,-0.9712421864014111,-0.690679789485236,0.01656167654676557
2014-04-02,-0.9733909091221093,-0.7387241160446719,-0.0378889078907529
2014-04-03,-0.9138397923571994,-0.7526199220176769,0.21235570778651236
2014-04-04,-0.7923371016021997,-0.7249040369105856,0.6170499061321588
2014-04-07,-0.4852234413180757,-0.6974877888623818,0.4479373804354546
2014-04-08,-0.6108717607153126,-0.690679789485236,-0.13712244275931323
2014-04-09,-0.8206971170049886,-0.6838900177052027,-0.3126261058298901
2014-04-10,-0.4279816731716905,-0.6636290983899297,0.03824799706364674
2014-04-11,-0.23303099248213435,-0.6302165169638376,-0.8762885994452615
2014-04-14,-0.38929280886223966,-0.6703647683389249,-1.06816509860561
2014-04-15,-0.47800423197385006,-0.6771183761784662,-1.1041791965749728
2014-04-16,-0.74834103201321,-0.690679789485236,-1.4056669349465376
2014-04-17,-0.9159451066129783,-0.7249040369105856,-1.7239515783902877
2014-04-21,-0.9392075246891668,-0.7318046622431363,-1.4960653786318778
2014-04-22,-0.9519777779825818,-0.745662501343944,-1.2912792371164965
2014-04-23,-0.9349635536359662,-0.7249040369105856,-1.0778314274408647
2014-04-24,-0.9243819504402143,-0.7387241160446719,-0.8250500682668318
2014-04-25,-0.7722535144737579,-0.7180221378570417,-0.3436363775878593
2014-04-28,-0.7903222412993857,-0.7249040369105856,-0.442905459238389
2014-04-29,-0.8431821410260892,-0.7387241160446719,-0.3292636200115537
2014-04-30,-0.905434452968601,-0.7043141139665472,-0.29981046978212667
2014-05-01,-0.9392075246891668,-0.6771183761784662,-0.16590632071746586
2014-05-02,-1.0123503534720757,-0.690679789485236,-0.05359369965626324
2014-05-05,-0.9307261761606475,-0.6838900177052027,0.28878340019983095
2014-05-06,-0.8247718724860715,-0.6974877888623818,0.6496579615953697
2014-05-07,-0.9075334850535917,-0.6838900177052027,0.18813089080361256
2014-05-08,-0.9012410806463965,-0.6771183761784662,0.19378470687234547
2014-05-09,-1.0101716833425511,-0.6838900177052027,0.22911584563207846
2014-05-12,-1.1645997969936175,-0.7111588637222135,0.17277786273224072
2014-05-13,-1.1877006809663326,-0.7111588637222135,-0.3192820567248828
2014-05-14,-1.1784375113890946,-0.690679789485236,-0.08724213981104492
2014-05-15,-0.9562473056499705,-0.6569112712961324,0.328225660109958
2014-05-16,-1.1166963624984545,-0.6636290983899297,-0.24225478855442287
2014-05-19,-1.1212235045775125,-0.6703647683389249,-0.10362557244996173
2014-05-20,-1.00147404047424,-0.6636290983899297,0.21723381881031983
2014-05-21,-1.2392006291151523,-0.6636290983899297,-0.23544441147190187
2014-05-22,-1.210993021551018,-0.6569112712961324,-0.43154293642200586
2014-05-23,-1.3722317589084763,-0.6569112712961324,-0.5070808443787358
2014-05-27,-1.335322195919352,-0.6703647683389249,-0.33898565280581566
2014-05-28,-1.2940685763174957,-0.6435287692910661,-0.3192600096513674
2014-05-29,-1.320693066493186,-0.6569112712961324,-0.1510937963080289
2014-05-30,-1.3623418178669486,-0.6771183761784662,-0.21345012298257196
2014-06-02,-1.3182621787655235,-0.7736074479693936,0.04393675656984628
2014-06-03,-1.2486663580474482,-0.7876962522335708,0.3434306282608781
2014-06-04,-1.199322748924142,-0.7876962522335708,0.6090586780602026
2014-06-05,-1.2940685763174957,-0.7876962522335708,0.5920164299823811
2014-06-06,-1.5327663550266435,-0.8304384703900757,-0.0337758285598938
2014-06-09,-1.424732135020074,-0.852082797325581,0.11767752764719462
2014-06-10,-1.4654003814682035,-0.8812322934883755,0.226024692178784
2014-06-11,-1.3134066947541305,-0.8812322934883755,0.6481104958000333
2014-06-12,-1.0896845620738527,-0.852082797325581,1.047973517222962
2014-06-13,-1.176126421091356,-0.8739134478747275,0.5690165581847204
2014-06-16,-1.069594856838818,-0.9033164235717782,0.8368759196982452
2014-06-17,-1.2039849175405641,-0.9330643100735788,0.7877874130905108
2014-06-18,-1.5644107599340724,-0.9181467479706902,0.2859387179348224
2014-06-19,-1.5617600273931755,-0.9330643100735788,-0.07719855720741393
2014-06-20,-1.5014736401439468,-0.955606487344165,0.19193730380912608
2014-06-23,-1.4679618312685212,-0.9631652954587496,0.37788011753133366
2014-06-24,-1.1877006809663326,-0.9480701422882929,0.998570002087638
2014-06-25,-1.3158333893923373,-0.9033164235717782,0.5566353079542643
2014-06-26,-1.306139373920451,-0.8739134478747275,0.5372389212771691
2014-06-27,-1.397109656057547,-0.8666156637164172,0.5553262680450003
2014-06-30,-1.320693066493186,-0.8304384703900757,0.7995985976606165
2014-07-01,-1.424732135020074,-0.852082797325581,0.780591778266481
2014-07-02,-1.5092643760308353,-0.8812322934883755,0.2918251226730885
2014-07-03,-1.642387027345931,-0.8959336578192052,0.23035186012300168
2014-07-07,-1.3796720354273244,-0.8959336578192052,0.5545631490827921
2014-07-08,-1.2227119003885079,-0.8666156637164172,0.8436616948008462
2014-07-09,-1.3013049772181502,-0.8448474764548748,0.4551036244080362
2014-07-10,-1.0829720432290495,-0.7665922892914245,0.7956811689029998
2014-07-11,-1.199322748924142,-0.7736074479693936,0.6327855554324135
2014-07-14,-1.2605435335831512,-0.8018637653097387,0.6903579852456313
2014-07-15,-1.2274130179493172,-0.78064206619705,0.655615743841324
2014-07-16,-1.4628412613712118,-0.7595964827999047,0.40831592923570703
2014-07-17,-0.6777992678948814,-0.6838900177052027,1.7063770629542743
2014-07-18,-1.2039849175405641,-0.6569112712961324,-0.10463715526076059
2014-07-21,-1.0342297156161542,-0.6435287692910661,-0.27735003249745677
2014-07-22,-1.1623000401002896,-0.6502111927754375,-0.2774210317955618
2014-07-23,-1.3328786419320837,-0.6636290983899297,-0.45646908573789446
2014-07-24,-1.2557865546960023,-0.6974877888623818,-0.1466264533904916
2014-07-25,-1.0607118649973022,-0.6771183761784662,0.3817961385668058
2014-07-28,-1.0896845620738527,-0.6838900177052027,0.36098613647296485
2014-07-29,-0.9328441682483902,-0.6435287692910661,0.8149742375985342
2014-07-30,-0.9222703162970792,-0.6502111927754375,0.8601412918453103
2014-07-31,-0.2462796814447042,-0.48821626803911006,2.1494757618449754
2014-08-01,-0.23303099248213435,-0.3597073685783116,0.05763687713545567
2014-08-04,-0.5677421638725926,-0.36568140725370396,-0.2672682903947398
2014-08-05,-0.2595910491772583,-0.40789842907868984,0.2666164070499895
2014-08-06,-0.3442450811630941,-0.383688429029009,-0.014130185050665265
2014-08-07,-0.2948362008962717,-0.3897192957118195,0.3214071890042373
2014-08-08,-0.44931103748767254,-0.3897192957118195,0.18254030579535413
2014-08-11,-0.7384373082901038,-0.4384896111815838,-0.6229834372385566
2014-08-12,-0.7582799283059733,-0.46945432121676034,-0.4366115160955733
2014-08-13,-1.0145307118776612,-0.4945012235358943,-0.6142431735930746
2014-08-14,-1.1212235045775125,-0.5325416104780061,-0.7736660245071673
2014-08-15,-0.9605235258590936,-0.5325416104780061,-0.38483308778277997
2014-08-18,-1.1439697778702331,-0.5841663600180321,-0.4461965484587377
2014-08-19,-1.169204737799882,-0.6103782548201279,-0.6515257934162686
2014-08-20,-1.2700814590149634,-0.6502111927754375,-0.731545387431969
2014-08-21,-1.2748624595890004,-0.6368639080437167,-0.5489856601332086
2014-08-22,-1.3451174544773739,-0.6502111927754375,-0.4919382159446258
2014-08-25,-1.2892548571921127,-0.6636290983899297,-0.19865323425586737
2014-08-26,-1.306139373920451,-0.6569112712961324,-0.2012302283959579
2014-08-27,-1.2700814590149634,-0.6368639080437167,0.06379611167050908
2014-08-28,-1.2063190132796866,-0.6302165169638376,0.36637955318712034
2014-08-29,-1.1969944473312062,-0.6435287692910661,0.5689833250229033
2014-09-02,-1.16000216136932,-0.6435287692910661,0.731569600679551
2014-09-03,-1.1348492340211302,-0.6235865047039897,0.944161544041527
2014-09-04,-1.0718198344110195,-0.6103782548201279,1.2072840925370225
2014-09-05,-1.1969944473312062,-0.558222622294026,1.132402124294808
2014-09-08,-1.0673714253657418,-0.5646837168589349,1.2530401034516183
2014-09-09,-0.8866136957744005,-0.558222622294026,1.6200719492188593
2014-09-10,-1.0188962956633436,-0.5071180567488897,1.104137185850631
2014-09-11,-1.0364271013243431,-0.48194685014901684,1.093617482671308
2014-09-12,-0.9264949689226255,-0.4945012235358943,1.422767799892758
2014-09-15,-0.7602719654322845,-0.47569289323118724,1.4820017306228093
2014-09-16,-1.05185682909084,-0.45083016227272943,1.1692753536386338
2014-09-17,-1.069594856838818,-0.48194685014901684,0.7342128730952235
2014-09-18,-1.210993021551018,-0.5261617876291173,0.6689670041777804
2014-09-19,-1.1923438377130013,-0.5325416104780061,0.5989296770888834
2014-09-22,-0.8472898094382033,-0.5008017938449887,1.3317053822712634
2014-09-23,-0.6033233050044995,-0.4323417821223598,1.3367870098965393
2014-09-24,-0.9349635536359662,-0.40182422678561225,0.7085219704796505
2014-09-25,-0.4726018258532536,-0.3124150284567681,1.1820979406309957
2014-09-26,-0.6184405216242962,-0.2717455481072841,-0.3080286552762446
2014-09-29,-0.4120902183155121,-0.20912561976727567,0.010739185261964695
2014-09-30,-0.3545771085517081,-0.2717455481072841,0.34153094505339654
2014-10-01,-0.286404534173746,-0.24309012180576856,0.6636520494959338
2014-10-02,-0.38057372859782884,-0.26024449327040744,-0.09296382824502675
2014-10-03,-0.6758647526528977,-0.3359509583651088,-0.31806489682194145
2014-10-06,-0.5051722653398498,-0.35374736995974915,-0.29637228045126784
2014-10-07,-0.2050829308937174,-0.28909552395656885,0.44257733844990776
2014-10-08,-0.5696037268687101,-0.2260510101460912,-0.8264999854546149
2014-10-09,0.03919449804107691,-0.2035088328755056,-0.44166413390103526
2014-10-10,0.3885398235345517,-0.12615273639176688,-0.48966986371984855
2014-10-14,0.5867238958856572,-0.03528605037732293,-0.37357603669849343
2014-10-15,0.877366761404387,0.09269156915435701,0.382370777409207
2014-10-16,0.8695618310504428,0.04227284595017966,0.5561754096366147
2014-10-17,0.48617932045603945,-0.11529199925680103,0.21142907870120986
2014-10-20,0.01055228932759667,-0.11529199925680103,-0.6231385517150525
2014-10-21,-0.3945374558172811,-0.21475487456470463,-1.232729457799099
2014-10-22,-0.0975608070265887,-0.248795362108452,-1.3083742854767826
2014-10-23,-0.3168777154079687,-0.2832989997301824,-1.4832513808699805
2014-10-24,-0.38929280886223966,-0.2832989997301824,-1.5986580020769723
2014-10-27,-0.40154522552388644,-0.26598850081090175,-1.4634922214323576
2014-10-28,-0.7069769998553184,-0.27751569449867974,-1.6847554353061946
2014-10-29,-0.5621650303820739,-0.3182785645832885,-1.4978143895268428
2014-10-30,-0.6816721083076496,-0.30072847208407233,-1.4210376131041973
2014-10-31,-0.7782636676484529,-0.3300464661868603,-1.4230375234684793
2014-11-03,-0.6412699175209174,-0.3359509583651088,-1.3058940870405766
2014-11-04,-0.6108717607153126,-0.30072847208407233,-0.9850357553947375
2014-11-05,-0.7503260425262452,-0.3182785645832885,-0.9855704431671887
2014-11-06,-0.8514032870591485,-0.3300464661868603,-1.031277408162768
2014-11-07,-0.9669498619570328,-0.2949053277460502,-1.0214756116570052
2014-11-10,-1.0651497495046687,-0.3182785645832885,-0.9298474767239161
2014-11-12,-0.988477677657436,-0.3124150284567681,-0.3647605556868317
2014-11-13,-0.8268115625411955,-0.28909552395656885,0.12741639221726633
2014-11-14,-0.9264949689226255,-0.25451346654897533,0.18463671464371165
2014-11-17,-0.7862970358168323,-0.23739768788938995,0.6318123148204444
2014-11-18,-0.8125650728883977,-0.19790445878256122,0.796067406251311
2014-11-19,-0.7923371016021997,-0.17561000095430535,0.7704107333453725
2014-11-20,-0.8699892146332724,-0.15350983281025343,0.8265988479094893
2014-11-21,-1.0145307118776612,-0.19231244274615472,0.7591791615263018
2014-11-24,-1.0762755001052249,-0.19231244274615472,0.5926683078296808
2014-11-25,-1.16000216136932,-0.19231244274615472,0.575354324168315
2014-11-26,-1.2016529787615369,-0.18116526767730448,0.6855270696501288
2014-11-28,-0.9222703162970792,-0.13706018651834345,1.247262420861109
2014-12-01,-0.7523124544202302,-0.04054196571970922,1.6426826998143367
2014-12-02,-1.0254575022690526,-0.04054196571970922,0.8651459132840384
2014-12-03,-1.103158047774477,-0.04580879678196506,0.5419741374086249
2014-12-04,-1.130299916377806,-0.03528605037732293,0.5564720059610108
2014-12-05,-1.2439294002008705,-0.06698619120567131,0.5466946491320456
2014-12-08,-0.7423945778563429,-0.014370647326959963,1.5139606028297423
2014-12-09,-0.5252635354729551,0.08268769722721252,1.6018446949046632
2014-12-10,0.004485185893566539,0.15677217426217976,2.6437208651873987
2014-12-11,0.23051777902954984,0.17616789592052537,1.4112179280226806
2014-12-12,0.36726421925227093,0.2802711718735121,1.7454937279164215
2014-12-15,0.27776107770847697,0.30334665633552027,0.7073020768887222
2014-12-16,0.6814124307057687,0.38916711044803903,1.4544981286318144
2014-12-17,0.13937830649653637,0.2849030968962622,0.5909931590533151
2014-12-18,-0.2696163055002359,0.12739758045076108,-0.9625470667273551
2014-12-19,-0.32369480483449126,0.09767874528463387,-1.994635135108134
2014-12-22,-0.5436537880092509,0.06760750465356248,-2.0965047845476987
2014-12-23,-0.6279302392277324,0.02182129764918359,-1.9899149502383986
2014-12-24,-0.7108904251050909,0.016682535516082807,-1.8462713105732471
2014-12-26,-0.6855504718148905,0.016682535516082807,-1.5260004252708232
2014-12-29,-0.578929704855021,0.03206768833569136,-1.1068244374475877
2014-12-30,-0.42267454269250065,0.04227284595017966,-0.5874806372543072
2014-12-31,0.10442524650913139,0.07264420590194146,0.43648866583425516
2015-01-02,-0.11018532669773905,0.09269156915435701,3.770793198635487e-05
2015-01-05,0.20800817705935115,0.15677217426217976,0.7810702686405988
2015-01-06,0.37259834838066636,0.23348057800203573,0.24166927154852091
2015-01-07,0.12049914222944293,0.20498614063851664,-0.14027694069750155
2015-01-08,-0.23633739973418955,0.13722696579887375,-0.8579326431266509
2015-01-09,-0.1484026556858216,0.1518999763275112,-1.1648464888873284
2015-01-12,0.16244142885221594,0.1858104103701176,-0.5190289619283259
2015-01-13,0.2969858765751177,0.19061795350647748,-0.16422428069289022
2015-01-14,0.4201545975469643,0.24290801727886369,0.294596123525452
2015-01-15,0.536900573036683,0.2569837883546618,0.6565776760900903
2015-01-20,0.20376740404686633,0.24290801727886369,-0.06591467989201925
2015-01-21,0.05266074753221272,0.22875368335308566,-0.05038814413539162
2015-01-22,-0.33909358739336626,0.1858104103701176,-0.497934882412811
2015-01-23,-0.2948362008962717,0.20020578437864092,-0.8113744172911846
2015-01-26,-0.4942734490426917,0.18099373609221242,-0.9497874182663394
2015-01-27,-0.2018133384479875,0.1954164000562559,-0.22059372241667402
2015-01-28,0.28051560781721613,0.20498614063851664,0.27815460389856544
2015-01-29,0.03919449804107691,0.19061795350647748,-0.3141737096269491
2015-01-30,0.3525432632231426,0.23348057800203573,0.2390866093372862
2015-02-02,0.13793053066699468,0.18099373609221242,-0.26365311211077636
2015-02-03,-0.18389678611698257,0.10762377075504756,-0.8936093765861912
2015-02-04,-0.026049010776526656,0.07767092359323481,-0.8439305553281563
2015-02-05,-0.2629288339358472,0.04736006580046123,-0.983757943420679
2015-02-06,-0.19039850614018086,-0.06167524006051565,-0.8427574189285013
2015-02-09,0.007520228253632613,-0.05108658899897629,-0.2642418059809902
2015-02-10,-0.20017981014848713,-0.07764157765872057,-0.3896886207995303
2015-02-11,-0.2446204565852617,-0.07230828811166493,-0.535980792860469
2015-02-12,-0.5270971961924114,-0.08298610702346028,-0.727103629109056
2015-02-13,-0.6489210040131206,-0.09908761028873415,-0.9669362083022585
2015-02-17,-0.44396356140069054,-0.17561000095430535,-0.42599276456170637
2015-02-18,-0.5069928751330863,-0.1480147532063663,-0.2768336312654189
2015-02-19,-0.5362832919980457,-0.1700668769004897,-0.06915858968563682
2015-02-20,-0.7246300614357941,-0.19790445878256122,-0.12956208693755694
2015-02-23,-0.6739315665484124,-0.18116526767730448,0.012856067586181507
2015-02-24,-0.8472898094382033,-0.1700668769004897,-0.029767223862492982
2015-02-25,-0.8166280601296504,-0.19231244274615472,0.2043662028980677
2015-02-26,-0.8024329095923224,-0.25451346654897533,0.44817985283655587
2015-02-27,-0.920160265717998,-0.25451346654897533,0.4632812479237437
2015-03-02,-0.9841589997397687,-0.2832989997301824,0.4784140194298519
2015-03-03,-0.8125650728883977,-0.2832989997301824,0.6583657400583424
2015-03-04,-0.7384373082901038,-0.248795362108452,0.8575706330817094
2015-03-05,-0.7762588564813584,-0.23739768788938995,0.8595945880103567
2015-03-06,-0.5528941860487845,-0.26024449327040744,1.4139722953568834
2015-03-09,-0.578929704855021,-0.20912561976727567,0.2333977437073087
2015-03-10,-0.2897739765181184,-0.12615273639176688,0.8486756022449745
2015-03-11,-0.2595910491772583,-0.15350983281025343,-0.0740172917866654
2015-03-12,-0.5124616093893345,-0.1480147532063663,-0.24721831267146294
2015-03-13,-0.40857082778329057,-0.11529199925680103,-0.42933621836829894
2015-03-16,-0.47800423197385006,-0.09370907540951658,-0.4171481637130107
2015-03-17,-0.4690061472308226,-0.05637538808989588,-0.749680609694124
2015-03-18,-0.7903222412993857,0.0063736666660343805,-1.0358158707227691
2015-03-19,-0.7702531702887246,-0.05637538808989588,-1.223756635368947
2015-03-20,-0.988477677657436,-0.04580879678196506,-1.3828635164927197
2015-03-23,-0.905434452968601,-0.04054196571970922,-1.2558693884685102
2015-03-24,-0.8617136637865447,-0.04580879678196506,-0.9357580594609843
2015-03-25,-0.5088146637231038,-0.07230828811166493,-0.2310532931529139
2015-03-26,-0.44396356140069054,-0.08298610702346028,-0.6666146587374909
2015-03-27,-0.5770621415747027,-0.07230828811166493,-0.6366787028640611
2015-03-30,-0.683610621823413,-0.0883419236814065,-0.5691142439938447
2015-03-31,-0.5362832919980457,-0.04054196571970922,-0.6279890505687407
2015-04-01,-0.5696037268687101,-0.019583348535255327,-0.6923228117704914
2015-04-02,-0.6527542718937381,-0.04054196571970922,-0.6115803927050332
2015-04-06,-0.6393603467730744,-0.05108658899897629,-0.38428493486976895
2015-04-07,-0.631735178726632,-0.09370907540951658,-0.31227991257537846
2015-04-08,-0.7883090147316381,-0.12071655372073226,-0.3481483222332693
2015-04-09,-0.9733909091221093,-0.1480147532063663,-0.4610617175631319
2015-04-10,-1.0852078417693038,-0.15901684527824125,-0.5076739309529851
2015-04-13,-0.7963711558586088,-0.15901684527824125,0.03280094572211296
2015-04-14,-0.8514032870591485,-0.1480147532063663,0.05671635113191283
2015-04-15,-1.0276480452095065,-0.1700668769004897,-0.024322183880292596
2015-04-16,-1.0807380198772831,-0.15350983281025343,-0.022327310333196546
2015-04-17,-0.8064812817108523,-0.12615273639176688,0.6412600753265071
2015-04-20,-0.9286097771836621,-0.15901684527824125,-0.2035904513192983
2015-04-21,-0.9392075246891668,-0.17561000095430535,-0.4297536727591555
2015-04-22,-1.0562807579938678,-0.19790445878256122,-0.38792943365758836
2015-04-23,-1.1076636570238043,-0.186732730385332,-0.3778830921768679
2015-04-24,-1.1508295852125816,-0.18116526767730448,-0.2576823063775455
2015-04-27,-0.9669498619570328,-0.186732730385332,0.22829532150760362
2015-04-28,-1.1234899181773255,-0.2035088328755056,0.06544290568902432
2015-04-29,-0.9096338838022686,-0.19790445878256122,0.5498659331564661
2015-04-30,-0.6758647526528977,-0.16453584254886228,1.0035477989508956
2015-05-01,-1.0584954392103592,-0.19790445878256122,-0.13001777379057367
2015-05-04,-1.0254575022690526,-0.20912561976727567,-0.519242323388797
2015-05-05,-0.7226630901824209,-0.2260510101460912,0.16833383088367643
2015-05-06,-0.5621650303820739,-0.21475487456470463,-0.02018903563741373
2015-05-07,-0.565881831690188,-0.186732730385332,0.13723095603026364
2015-05-08,-1.0232688720653342,-0.19790445878256122,-0.44895105943120067
2015-05-11,-0.8145957362643935,-0.24309012180576856,-0.6821269122145271
2015-05-12,-0.8125650728883977,-0.18116526767730448,-0.5254792141469965
2015-05-13,-0.8329393243661096,-0.20912561976727567,-0.35193525050394703
2015-05-14,-1.0496473649810414,-0.2035088328755056,-0.4620186076749839
2015-05-15,-1.130299916377806,-0.186732730385332,-0.9054539382000286
2015-05-18,-1.05185682909084,-0.2203966527424135,-0.5384891616678267
2015-05-19,-1.0254575022690526,-0.23739768788938995,-0.3106814509771037
2015-05-20,-1.0188962956633436,-0.2203966527424135,-0.06898272971100279
2015-05-21,-1.1923438377130013,-0.20912561976727567,-0.1315196015097523
2015-05-22,-1.1877006809663326,-0.23171800299581236,0.029746331694513246
2015-05-26,-0.7722535144737579,-0.20912561976727567,0.8702582296710254
2015-05-27,-0.9349635536359662,-0.2260510101460912,-0.004183154665178697
2015-05-28,-0.9264949689226255,-0.21475487456470463,-0.2774314768431398
2015-05-29,-0.8166280601296504,-0.2035088328755056,0.13022962823121556
2015-06-01,-0.7903222412993857,-0.2035088328755056,0.16914725250686044
2015-06-02,-0.7364606644495921,-0.2203966527424135,0.4592819364760585
2015-06-03,-0.853462381429303,-0.23739768788938995,0.48261104673585564
2015-06-04,-0.6450927689193053,-0.18116526767730448,0.982107827790689
2015-06-05,-0.7423945778563429,-0.18116526767730448,0.5154617341915214
2015-06-08,-0.5362832919980457,-0.15350983281025343,1.0486167923460197
2015-06-09,-0.6913778736619078,-0.12615273639176688,0.7324092246652797
2015-06-10,-0.9455853049422126,-0.15901684527824125,0.530656061328931
2015-06-11,-1.0254575022690526,-0.1480147532063663,-0.3306517948942057
2015-06-12,-0.8288527322749146,-0.142531554864944,0.1608471970329296
2015-06-15,-0.5179409934780207,-0.09908761028873415,0.5426397000529781
2015-06-16,-0.6260296972673356,-0.06698619120567131,0.48760613996809726
2015-06-17,-0.6855504718148905,-0.07230828811166493,0.43497453894986887
2015-06-18,-0.9519777779825818,-0.09908761028873415,0.2087728870345163
2015-06-19,-0.7923371016021997,-0.0883419236814065,0.026966932744764763
2015-06-22,-1.0496473649810414,-0.1480147532063663,-0.27329508465081004
2015-06-23,-1.1923438377130013,-0.1480147532063663,-0.43374102226235306
2015-06-24,-0.9370847389988183,-0.12615273639176688,0.20515545762977686
2015-06-25,-0.7822773889569226,-0.12071655372073226,0.32839593357099794
2015-06-26,-0.7802697169099441,-0.13160059723003698,0.4934186119844997
2015-06-29,0.05266074753221272,0.0063736666660343805,2.0661925022499528
2015-06-30,-0.04144127398556975,0.05243710101960705,-0.008765188579068547
2015-07-01,-0.3927881537300294,-0.009168638846598739,-0.32984926727004554
2015-07-02,-0.2729656915591456,0.0063736666660343805,-0.10737269329944497
2015-07-06,-0.23633739973418955,0.08769456606968704,0.20940499002536642
2015-07-07,-0.3927881537300294,0.11752994837072872,0.1737544642281704
2015-07-08,0.17104152580411722,0.15677217426217976,1.1599899443876382
2015-07-09,0.21506169048690355,0.10762377075504756,0.380081747394452
2015-07-10,-0.2662705829009786,0.03717540052548084,-0.1481927022678042
2015-07-13,-0.8044564640681925,0.016682535516082807,-1.2946469553301427
2015-07-14,-0.9138397923571994,0.02182129764918359,-1.582941841506258
2015-07-15,-0.9434579067240534,0.016682535516082807,-1.4219870005371036
2015-07-16,-1.1923438377130013,0.0063736666660343805,-1.5625985695295819
2015-07-17,-1.229766637778184,0.026949667940748576,-1.6049730859344973
2015-07-20,-1.16000216136932,0.03206768833569136,-1.235208159100381
2015-07-21,-1.1669012155359488,0.08268769722721252,-0.9948653173484131
2015-07-22,-1.1900213015707741,0.13231703542690126,-0.8632361916686909
2015-07-23,-1.0718198344110195,0.15677217426217976,-0.4469397349844756
2015-07-24,-0.8370320557399233,0.20975750280792607,-0.010716333631527691
2015-07-27,-0.479807169546437,0.2895265772014345,0.22844260262807362
2015-07-28,-0.8991469354055688,0.26632441860117884,-0.3820648172636934
2015-07-29,-1.103158047774477,0.2145199046675196,-1.1589334893782581
2015-07-30,-1.1877006809663326,0.18099373609221242,-1.2430722164656798
2015-07-31,-1.1900213015707741,0.22875368335308566,-0.9952943949064196
2015-08-03,-1.0896845620738527,0.2709818638862947,-0.5986160805704379
2015-08-04,-0.9928032008365861,0.25230054003394997,-0.26583980310576555
2015-08-05,-1.1009079458571729,0.1954164000562559,-0.23282517087655064
2015-08-06,-0.8308951889669347,0.24760862704905692,0.3614753553310101
2015-08-07,-0.9096338838022686,0.30334665633552027,0.021779592560503616
2015-08-10,-1.1645997969936175,0.29874832643567323,-0.1904842195425341
2015-08-11,-0.8431821410260892,0.37133942194997466,-0.34165564878136795
2015-08-12,-0.863780320045956,0.42445085520158776,-0.5278705827934259
2015-08-13,-0.8886987291023047,0.3668628484222475,-0.32877878496454094
2015-08-14,-1.0298402948841179,0.30334665633552027,-0.32749791003389583
2015-08-17,-0.988477677657436,0.3307629043837246,-0.1060855063734598
2015-08-18,-0.8268115625411955,0.32165704811938334,0.19314416254790195
2015-08-19,-0.5436537880092509,0.37580810723832403,0.8254758354865482
2015-08-20,0.09561850281803377,0.4068703463541042,1.6828228971972305
2015-08-21,1.1690264770629686,0.45492649700647847,1.792085260918218
2015-08-24,2.2211630459793223,0.5732936330000667,1.8529529959035125
2015-08-25,1.874696489791274,0.47217811622282885,-0.30583907471430455
2015-08-26,1.389991470149783,0.4764727459451261,-0.9017850016636539
2015-08-27,0.9682978097504152,0.42882700511400146,-2.2678091472749307
2015-08-28,0.9629023098344349,0.39360451883296443,-2.3268470043304426
2015-08-31,1.2088951595563528,0.38472192395504096,-1.622068136565991
2015-09-01,1.4884714761370221,0.42006714063560513,-0.9104228288888424
2015-09-02,0.9672195371583373,0.39803417628226934,-2.0953227866521993
2015-09-03,0.9149716569670452,0.38472192395504096,-2.109630634260768
2015-09-04,1.1458433868595335,0.40245610982626207,-1.4309814182956748
2015-09-08,0.8358644386452528,0.3578859249071815,-1.8161486746053541
2015-09-09,0.982277470428946,0.3353036007533888,-1.7519043566415624
2015-09-10,0.7753282635237029,0.3307629043837246,-1.9267830374690995
2015-09-11,0.6368931561735967,0.3488771117212013,-1.8761101607375499
2015-09-14,0.7614390989038933,0.3488771117212013,-1.3932347858283198
2015-09-15,0.5556879777573654,0.31251837788770176,-1.4452523621900304
2015-09-16,0.403074130930575,0.3353036007533888,-1.5796327126398602
2015-09-17,0.37526137174458346,0.38916711044803903,-1.4236680325542723
2015-09-18,0.5230432796737006,0.42882700511400146,-0.8962914237571319
2015-09-21,0.2389126025418757,0.41567583521809864,-1.4639159152089225
2015-09-22,0.5431770697909769,0.5063332216620083,-0.7161788519634226
2015-09-23,0.5040358899729978,0.5063332216620083,-0.7628997847276833
2015-09-24,0.6694494079399934,0.5732936330000667,-0.20809087212650168
2015-09-25,0.6873750358011984,0.5774205309733775,0.08263825073259948
2015-09-28,1.1285845495811835,0.7099721286628179,1.0848199887799301
2015-09-29,1.045914327083442,0.7565051451388218,0.027877679082462782
2015-09-30,0.7902976895584071,0.7641783075584316,-0.09837397719084008
2015-10-01,0.5569358001976364,0.783260250448498,-0.752639991316918
2015-10-02,0.3485152404247373,0.843375142178448,-0.8128186963108367
2015-10-05,0.15381496490929697,0.7641783075584316,-1.2199168589190832
2015-10-06,0.13358272810898666,0.7255781978817499,-1.4643348047061833
2015-10-07,-0.015324396735659624,0.6465693701746135,-1.4353928345243534
2015-10-08,-0.16932223022463125,0.622378615250015,-1.5177235178310637
2015-10-09,-0.2247822473794243,0.5691600082137177,-1.4766446382101333
2015-10-13,-0.1292291051308698,0.6142634779412728,-0.7583006091425781
2015-10-14,-0.07248043933760882,0.6425535684725187,-0.49336952272932866
2015-10-15,-0.3997918969276505,0.622378615250015,-0.8178456842168649
2015-10-16,-0.580798686834301,0.5897610820645226,-1.476563476671272
2015-10-19,-0.5939162584484421,0.5815407239917074,-1.2760243720863562
2015-10-20,-0.45288178959446934,0.5400344252069963,-0.7739714354785499
2015-10-21,-0.2880885902957648,0.5442157587922577,-0.24286325292695168
2015-10-22,-0.6952696478867361,0.5567185527857461,-0.7831212890703806
2015-10-23,-0.6933230879071708,0.5020889056169892,-1.4193479016753696
2015-10-26,-0.5362832919980457,0.5148006026333686,-1.2207679110071237
2015-10-27,-0.5106374587331607,0.5442157587922577,-0.9228583096525484
2015-10-28,-0.7187334552942946,0.5020889056169892,-1.0047533383094627
2015-10-29,-0.6642858766688619,0.467876201289708,-1.0747620378125207
2015-10-30,-0.5770621415747027,0.4635669763871714,-0.6665146749672722
2015-11-02,-0.7543002696752626,0.44625647746789077,-0.7632038927434363
2015-11-03,-0.6777992678948814,0.41567583521809864,-0.8906466795806884
2015-11-04,-0.49608701807816413,0.39803417628226934,-0.3624152922778005
2015-11-05,-0.580798686834301,0.42882700511400146,-0.2799201046676751
2015-11-06,-0.7187334552942946,0.4375567150939172,-0.2565896475697932
2015-11-09,-0.3185804399537023,0.4893131695545101,0.6395196137188952
2015-11-10,-0.5362832919980457,0.5232398059121313,0.08210637502446272
2015-11-12,-0.019915488424229806,0.5691600082137177,1.2938864349733874
2015-11-13,0.23051777902954984,0.6142634779412728,0.9866029125342249
2015-11-16,-0.05226609081359942,0.6304678669093396,0.2792501975031182
2015-11-17,0.05116764466697314,0.5938612903060486,-0.051523204413676645
2015-11-18,-0.2629288339358472,0.5979548799680368,-0.2948238307560706
2015-11-19,-0.23964769696706015,0.6304678669093396,-0.7419328118160693
2015-11-20,-0.5033528328188883,0.6465693701746135,-0.8998288166770918
2015-11-23,-0.4762022771478492,0.6585787607867013,-0.6294669661976443
2015-11-24,-0.42090766521548556,0.6824282617511426,-0.2796300331409076
2015-11-25,-0.5547459481293741,0.6665535417136595,-0.24598952223284268
2015-11-27,-0.5677421638725926,0.6705315476194547,-0.014558705778745613
2015-11-30,-0.3858021334651899,0.6784688881990975,0.521073484056963
2015-12-01,-0.6527542718937381,0.6784688881990975,0.2313868276768072
2015-12-02,-0.42444253039134455,0.6545819463345763,0.36198228882016215
2015-12-03,-0.060023594912016226,0.6465693701746135,0.6985351381181242
2015-12-04,-0.6260296972673356,0.6665535417136595,-0.7649732395418641
2015-12-07,-0.4368493092937264,0.7216856748689545,-1.2912985254608111
2015-12-08,-0.14039766492671296,0.775644694440271,-0.6263910597454813
2015-12-09,0.16387665063911763,0.8021996831000152,0.01766410442470336
2015-12-10,0.12486719332842432,0.7984230952911999,0.047933818221058744
2015-12-11,0.777636289884447,0.9416952988706695,1.360579412998317
2015-12-14,0.5793062669101822,1.02254414127843,0.2428522587302944
2015-12-15,0.3498586408972696,0.9381209808089914,0.08562650977416018
2015-12-16,-0.09913581530126007,0.8984673503001704,-0.6513358563239425
2015-12-17,0.06606285470668126,0.9093436139117712,-0.6218631559467259
2015-12-18,0.31608047028373015,0.9771641042471301,-0.4544057968484769
2015-12-21,0.0301811551358702,0.9947141967463463,-1.263717530634022
2015-12-22,-0.30498773154479286,0.9594917104653099,-1.648915667097384
2015-12-23,-0.4852234413180757,0.923773116539527,-1.8196428919548526
2015-12-24,-0.45466886640515664,0.923773116539527,-1.793808750474694
2015-12-28,-0.25292765210421875,0.9309571956922263,-1.1871774751363988
2015-12-29,-0.3945374558172811,0.891190506727763,-1.1502227277185066
2015-12-30,-0.19039850614018086,0.8875442397517288,-0.8290748555976638
2015-12-31,-0.044529915820883205,0.8875442397517288,-0.44801068623496704
2016-01-04,0.31608047028373015,0.9416952988706695,0.13961319224086075
2016-01-05,0.12486719332842432,0.9165686280436379,-0.40714134100253657
2016-01-06,0.3010885538747471,0.9452645862226461,0.15033862263439585
2016-01-07,0.8460160770585102,0.9912138811527557,0.8831699923477403
2016-01-08,1.0647280926995648,0.9877087275263972,0.29448771379291266
2016-01-11,0.7672344563264168,1.0156152346594014,-0.11343257211059035
2016-01-12,0.5469360195063397,1.0397840325871386,-0.18660088656736804
2016-01-13,0.8717938692356704,1.0806877942657134,0.49324223442136816
2016-01-14,0.7264135753754521,1.1042471511166088,-0.5839590429125955
2016-01-15,1.065769644548447,1.2092444293383189,-0.12451724765240599
2016-01-19,0.9629023098344349,1.2060282231431998,-0.6217524816136188
2016-01-20,1.1245083182398246,1.3285327229307904,-0.0658556660231892
2016-01-21,1.0311940174046206,1.2852344816007681,-0.1610865863187295
2016-01-22,0.5306102842140403,1.2028079328756243,-0.7315458611288165
2016-01-25,0.7498122283150405,1.196355058541684,-0.6968093010607229
2016-01-26,0.5506901926668145,1.1898857227757962,-1.0483145981898363
2016-01-27,0.6259567427110914,1.173639810426148,-0.8866796041389587
2016-01-28,0.5406681509576845,1.1638420716003812,-0.9044439793141543
2016-01-29,0.24728271970914834,1.1605677286730083,-1.1325791046778995
2016-02-01,0.21647032751456755,1.1768973294931226,-1.7324576691097204
2016-02-02,0.48489946945952367,1.238008196054032,-1.0012369476916159
2016-02-03,0.44233542982315643,1.2538482116056895,-1.2452430800904115
2016-02-04,0.4669206499745493,1.2538482116056895,-0.9632023767793296
2016-02-05,0.6586390488290266,1.2758593202951634,-0.36378992642671576
2016-02-08,0.957496650091141,1.4010805520564626,-0.17984820698001946
2016-02-09,1.015336297291761,1.4336504809942336,-0.07074984204969555
2016-02-10,0.9887064579149021,1.4070335553650533,0.1769771700002488
2016-02-11,1.1800466806390026,1.506153367757419,0.7755017084920883
2016-02-12,0.8918044117173679,1.4395276058608917,0.2617557691072074
2016-02-16,0.7451481275488303,1.3831372349001045,-0.4101512799860623
2016-02-17,0.5268292054626075,1.3100667803333708,-0.9038883795615722
2016-02-18,0.44103547489689066,1.2976810255789912,-1.1342363041361492
2016-02-19,0.29287746977536516,1.3162370467470255,-1.1088043195457071
2016-02-22,0.13068045615289334,1.2727265487479802,-1.0835760260695513
2016-02-23,0.35388474234278233,1.2758593202951634,-0.8020899949934958
2016-02-24,0.3187974999337903,1.2976810255789912,-0.8552110445685392
2016-02-25,0.0912050533893273,1.26958990240507,-0.976986407195345
2016-02-26,0.19242759899117942,1.1801506695736181,-0.8111419423700071
2016-02-29,0.2956169870262696,1.1638420716003812,-0.3693420225230225
2016-03-01,-0.12445598735072498,1.0671263809589442,-0.9132830524259707
2016-03-02,-0.2231353334798426,1.0156152346594014,-1.8532852955964534
2016-03-03,-0.2880885902957648,1.0051862484265028,-1.7057707166824154
2016-03-04,-0.2612594466186487,0.9345416178365904,-1.4061979519281522
2016-03-07,-0.18065139671608768,0.9165686280436379,-1.0152051790503223
2016-03-08,0.025663489310864915,0.9559424051344415,-0.40125815479380644
2016-03-09,-0.024514376259327873,0.9594917104653099,-0.522097611881639
2016-03-10,-0.06936127716103022,0.9201734307045507,-0.3850463004786744
2016-03-11,-0.3219889834164311,0.83965942247349,-0.5260217959383962
2016-03-14,-0.251264186297724,0.8097360281558867,-0.8778313580788044
2016-03-15,-0.264599212304159,0.847085425568802,-0.6284083879546531
2016-03-16,-0.5920385457408814,0.8838927225694522,-0.898861937882124
2016-03-17,-0.6972175554638982,0.83965942247349,-0.9169713702454408
2016-03-18,-0.7802697169099441,0.7984230952911999,-0.9331076544617711
2016-03-21,-0.8268115625411955,0.775644694440271,-0.8078512235428477
2016-03-22,-0.7503260425262452,0.7908530053567164,-0.43614236945936163
2016-03-23,-0.6014394857175409,0.8284794855791472,0.05428823012343448
2016-03-24,-0.6393603467730744,0.8802359400397402,0.015384963625742602
2016-03-28,-0.5454994767238471,0.9020979568543396,0.408723036050924
2016-03-29,-0.8206971170049886,0.9559424051344415,0.19223727464964666
2016-03-30,-0.8741360364902868,0.9165686280436379,-0.160992728485282
2016-03-31,-0.7943534057649938,0.923773116539527,0.09563126271987306
2016-04-01,-0.9712421864014111,0.923773116539527,0.002401187236776651
2016-04-04,-0.7602719654322845,0.9165686280436379,0.2830228060313936
2016-04-05,-0.5124616093893345,0.9523881253025334,0.845673771810904
2016-04-06,-0.7662563623174734,0.9201734307045507,0.04529043215382183
2016-04-07,-0.38057372859782884,0.9452645862226461,0.3032536610320934
2016-04-08,-0.5234312436558755,0.9165686280436379,-0.3146641706475472
2016-04-11,-0.3632158780522154,0.9057233731185986,0.17133643964599307
2016-04-12,-0.6184405216242962,0.8581838163456167,-0.020147816951744998
2016-04-13,-0.8166280601296504,0.7984230952911999,-0.5038061774610832
2016-04-14,-0.8411305534090692,0.7565051451388218,-0.7360429395095828
2016-04-15,-0.8617136637865447,0.7641783075584316,-0.5162834306264814
2016-04-18,-0.9180517963296477,0.7641783075584316,-0.36759086710210537
2016-04-19,-0.9413319131235673,0.7021329315551955,-0.41951639722341894
2016-04-20,-0.9328441682483902,0.6425535684725187,-0.21918947028402744
2016-04-21,-0.7943534057649938,0.6345028371240474,0.23474778441811545
2016-04-22,-0.9455853049422126,0.6345028371240474,0.0332372564037096
2016-04-25,-0.7682540566262854,0.6465693701746135,0.545983646195244
2016-04-26,-0.7923371016021997,0.622378615250015,0.7003464454766378
2016-04-27,-0.8308951889669347,0.6183242926519525,0.8269264919688071
2016-04-28,-0.5491943139623041,0.5938612903060486,1.4478712264470903
2016-04-29,-0.4618283747907039,0.6142634779412728,1.1270759004114668
2016-05-02,-0.6508368937706035,0.5815407239917074,0.8211101162653818
2016-05-03,-0.479807169546437,0.6425535684725187,0.8836434001771282
2016-05-04,-0.3997918969276505,0.6745033232863573,0.7629167572180774
2016-05-05,-0.42444253039134455,0.6863814632452657,0.7672927918706814
2016-05-06,-0.6431806028285798,0.7099721286628179,0.6389411493054251
2016-05-09,-0.6719998919252427,0.7294647553396986,0.7211337415698795
2016-05-10,-0.8596485243739218,0.7021329315551955,0.6247788655165954
2016-05-11,-0.6489210040131206,0.6784688881990975,0.1977535789110962
2016-05-12,-0.7030691962581979,0.6625692859924025,-0.11505625462835956
2016-05-13,-0.5826689111033019,0.6824282617511426,0.3229148605587626
2016-05-16,-0.6508368937706035,0.6385313975342863,0.03998377138469668
2016-05-17,-0.4852234413180757,0.622378615250015,0.08090844780339229
2016-05-18,-0.4173774035902764,0.5815407239917074,0.04342584182052586
2016-05-19,-0.3511288821691524,0.6345028371240474,0.401912311149384
2016-05-20,-0.5528941860487845,0.6061222887826896,0.2564176770155003
2016-05-23,-0.44040427165790696,0.6020418723835534,0.4685349784593825
2016-05-24,-0.7011172347988293,0.5691600082137177,0.27096732118552125
2016-05-25,-0.8044564640681925,0.531651018415512,-0.5127043072094324
2016-05-26,-0.9012410806463965,0.5483902095207693,-0.628786426771413
2016-05-27,-0.9669498619570328,0.5483902095207693,-0.48837076189450485
2016-05-31,-0.7463576100061262,0.5020889056169892,0.014770393779205668
2016-06-01,-0.7443753961982711,0.5190237147582628,0.23341096154386629
2016-06-02,-0.8596485243739218,0.5148006026333686,0.2482414963306636
2016-06-03,-0.8928732375124226,0.5525578000149192,0.35316658589811634
2016-06-06,-0.8555229837758208,0.5148006026333686,0.564430794704246
2016-06-07,-0.774255472766887,0.4807601150896212,0.713646007654042
2016-06-08,-0.7682540566262854,0.4375567150939172,0.9118868698753421
2016-06-09,-0.6585140750071924,0.45492649700647847,1.2015701824675886
2016-06-10,-0.23303099248213435,0.5063332216620083,2.0712163380700104
2016-06-13,0.3525432632231426,0.5442157587922577,2.477528256553451
2016-06-14,0.2887627935222684,0.5938612903060486,2.1702882944368276
2016-06-15,0.2389126025418757,0.5897610820645226,2.2812916572004167
2016-06-16,0.12922847384712063,0.6465693701746135,2.29903284419846
2016-06-17,0.1350327422416211,0.6020418723835534,2.439156897101438
2016-06-20,-0.019915488424229806,0.5148006026333686,2.2654996105882774
2016-06-21,-0.003117499915452456,0.5148006026333686,2.1439000323899724
2016-06-22,0.3792515672025838,0.49783747420226143,2.8995490206983483
2016-06-23,-0.19691559590681432,0.4419103268840947,2.1303079273236514
2016-06-24,0.9314035552643823,0.650578822780461,2.943972875623421
2016-06-27,0.7146407607557635,0.7449516935159239,-0.6853457254683238
2016-06-28,0.037694230180303705,0.7099721286628179,-1.9463813548086715
2016-06-29,-0.2982160840508591,0.622378615250015,-2.6149477481936696
2016-06-30,-0.4744014755994123,0.6020418723835534,-2.9633554375295863
2016-07-01,-0.6336393980690483,0.5650196346492115,-3.1574379678212097
2016-07-05,-0.4834168586827574,0.5815407239917074,-2.6242004182711773
2016-07-06,-0.5976752679530614,0.5732936330000667,-2.596724299477689
2016-07-07,-0.6355450888008605,0.5232398059121313,-2.4276116623436574
2016-07-08,-0.9498453395413964,0.4635669763871714,-2.652443542002509
2016-07-11,-0.8782891771465868,0.3668628484222475,-2.670056194161641
2016-07-12,-0.8762118405387262,0.27563077122842894,-2.405023223671983
2016-07-13,-0.9841589997397687,0.3307629043837246,-2.411386640072049
2016-07-14,-1.0320342539545238,0.26632441860117884,-2.2086974727845776
2016-07-15,-1.0651497495046687,0.2569837883546618,-2.068116376746929
2016-07-18,-1.1166963624984545,0.26632441860117884,-1.8838780569692832
2016-07-19,-1.2250613652528715,0.2709818638862947,-1.8152474340336495
2016-07-20,-1.27247082983066,0.24760862704905692,-1.632436138498603
2016-07-21,-1.0496473649810414,0.25230054003394997,-1.0808284238623216
2016-07-22,-1.2133327172923896,0.24290801727886369,-1.156459707848094
2016-07-25,-1.02108173447099,0.24290801727886369,-0.6890330679529658
2016-07-26,-0.9820020411773107,0.2709818638862947,-0.41896391662162047
2016-07-27,-1.0298402948841179,0.29874832643567323,-0.2604386244304097
2016-07-28,-1.0540678186036505,0.31251837788770176,-0.07719753061255738
2016-07-29,-1.2486663580474482,0.3443606755409037,-0.18178486121656906
2016-08-01,-1.1166963624984545,0.38026893203838125,0.22667472972150537
2016-08-02,-0.9138397923571994,0.39803417628226934,0.7557035318661852
2016-08-03,-1.0232688720653342,0.39360451883296443,0.4373658940061831
2016-08-04,-1.1212235045775125,0.3623783587568398,0.4101910692297487
2016-08-05,-1.3648108693583423,0.27563077122842894,0.19861065327656846
2016-08-08,-1.3377678738615961,0.2569837883546618,-0.12287103193577543
2016-08-09,-1.2988907751070595,0.22875368335308566,0.14124300136541057
2016-08-10,-1.2063190132796866,0.23819867842330544,0.48285856558212253
2016-08-11,-1.2940685763174957,0.20498614063851664,0.4663473447249902
2016-08-12,-1.3255609192129214,0.21927337980799297,0.3871021878838481
2016-08-15,-1.2629248151265289,0.16648857789147845,0.660131844710988
2016-08-16,-1.0718198344110195,0.13722696579887375,1.0535543282118958
2016-08-17,-1.1738174476319416,0.14701839975773093,0.7749554930016428
2016-08-18,-1.3549469323152579,0.1518999763275112,0.6135088397917808
2016-08-19,-1.3771896776889714,0.12739758045076108,0.6843928704332424
2016-08-22,-1.155412026141126,0.14212740837677743,1.176054532007625
2016-08-23,-1.130299916377806,0.12246856384571787,1.3630691781744193
2016-08-24,-0.8970541481114285,0.11752994837072872,1.826874585126312
2016-08-25,-0.8596485243739218,0.12246856384571787,1.6900559478457224
2016-08-26,-0.8555229837758208,0.07264420590194146,1.8347953466890223
2016-08-29,-1.0058196048358288,0.10265613303544996,1.6778883951135202
2016-08-30,-0.9669498619570328,0.08769456606968704,1.5632908492178577
2016-08-31,-0.9033369856099086,0.10265613303544996,1.773321352601064
2016-09-01,-0.8907853086528964,0.11258169656675203,1.8222009987666656
2016-09-02,-1.2227119003885079,0.09767874528463387,1.4119504074235192
2016-09-06,-1.2133327172923896,0.09767874528463387,1.2803155246950693
2016-09-07,-1.2321222280332,0.08769456606968704,1.2642172525414612
2016-09-08,-1.1009079458571729,0.04736006580046123,1.608384728442234
2016-09-09,-0.15643017910803492,0.10265613303544996,3.1951014314394723
2016-09-12,-0.5603083807779429,0.14212740837677743,-0.8697572450217231
2016-09-13,-0.10071170570663096,0.1713328549040478,-0.4645183662598517
2016-09-14,-0.05536664471690828,0.18099373609221242,-0.6690333868285537
2016-09-15,-0.35630280773815315,0.18099373609221242,-0.8821587659777462
2016-09-16,-0.5215999696795491,0.1858104103701176,-1.1548120749641417
2016-09-19,-0.4924612209788116,0.17616789592052537,-0.8784265201306719
2016-09-20,-0.42267454269250065,0.1713328549040478,-0.4959768072751474
2016-09-21,-0.9286097771836621,0.1616350295296892,-1.0564906174003883
2016-09-22,-1.2133327172923896,0.09767874528463387,-1.7260788612968805
2016-09-23,-1.1508295852125816,0.10265613303544996,-1.5058321942452049
2016-09-26,-0.6855504718148905,0.13231703542690126,-0.6047933969375727
2016-09-27,-0.9712421864014111,0.14212740837677743,-1.0765362577365376
2016-09-28,-1.1280280129266476,0.12246856384571787,-1.2307351963311286
2016-09-29,-0.7802697169099441,0.09767874528463387,-0.5152596895951835
2016-09-30,-0.9307261761606475,0.03717540052548084,-0.8664759180164877
2016-10-03,-0.8720619604823819,0.016682535516082807,-0.7572095100534642
2016-10-04,-0.8596485243739218,-0.02480678651984433,-0.5102944454071977
2016-10-05,-0.9949684586180586,-0.06167524006051565,-0.609823561667976
2016-10-06,-1.0276480452095065,-0.07764157765872057,-0.5193551070843471
2016-10-07,-0.8907853086528964,-0.07230828811166493,-0.06064466092828925
2016-10-11,-0.5234312436558755,-0.07764157765872057,0.7524497002840509
2016-10-12,-0.42444253039134455,-0.07764157765872057,0.2521395949753538
2016-10-13,-0.2897739765181184,-0.04054196571970922,0.707689236040851
2016-10-14,-0.38754676338465444,-0.09370907540951658,0.7267660360719921
2016-10-17,-0.37188158364821255,-0.07230828811166493,0.9823936346267105
2016-10-18,-0.5381241506515251,-0.09370907540951658,0.8561285118449691
2016-10-19,-0.7030691962581979,-0.12615273639176688,0.5457869812075503
2016-10-20,-0.834984945902942,-0.1480147532063663,0.5016595994066958
2016-10-21,-0.920160265717998,-0.1480147532063663,0.5494222318902661
2016-10-24,-0.988477677657436,-0.15901684527824125,0.6404147812603302
2016-10-25,-0.8949629162505095,-0.15901684527824125,0.8346944844082217
2016-10-26,-0.7364606644495921,-0.12615273639176688,1.1869011154946336
2016-10-27,-0.5234312436558755,-0.10987902335975812,1.6840562472561305
2016-10-28,-0.37535502115391334,-0.07230828811166493,2.03512800344223
2016-10-31,-0.22807896992844345,0.0063736666660343805,2.35918366161978
2016-11-01,0.009036667213392592,0.07767092359323481,2.9129483747970046
2016-11-02,0.12195591284677064,0.12739758045076108,2.718088460558398
2016-11-03,0.49767161436211854,0.12739758045076108,3.179002867886334
2016-11-04,0.5519404714294798,0.1518999763275112,3.270052178999952
2016-11-07,0.03168514643951151,0.057503992305485994,2.5995955383877107
2016-11-08,0.03619316194488123,0.04227284595017966,0.22706548399958412
2016-11-09,-0.7089330321055335,0.02182129764918359,-0.794726706694659
2016-11-10,-0.6393603467730744,0.03717540052548084,-0.8228295609389008
2016-11-14,-0.6894341886051795,0.10762377075504756,-0.4285363433631749
2016-11-15,-0.9138397923571994,0.02182129764918359,-0.545103529013843
2016-11-16,-0.8411305534090692,0.02182129764918359,-0.468409011904534
2016-11-17,-0.9180517963296477,-0.02480678651984433,-0.36510127737471504
2016-11-18,-1.0254575022690526,-0.030041005601830872,-0.4402706974037929
2016-11-21,-1.1212235045775125,-0.06167524006051565,-0.38867733519375497
2016-11-22,-1.1234899181773255,-0.10447757670657945,-0.4912395065188005
2016-11-23,-1.1189589150949513,-0.12615273639176688,-0.2741032907913491
2016-11-25,-1.1394057017019317,-0.13706018651834345,-0.08447843787747586
2016-11-28,-0.9605235258590936,-0.12615273639176688,0.3265319006442531
2016-11-29,-1.0145307118776612,-0.10987902335975812,0.28868859019737836
2016-11-30,-0.9222703162970792,-0.12071655372073226,0.6188207082389814
2016-12-01,-0.7702531702887246,-0.1480147532063663,1.0197026570810261
2016-12-02,-0.7602719654322845,-0.13706018651834345,1.1123191028124975
2016-12-05,-1.1853819727425559,-0.1700668769004897,0.6067625873256799
2016-12-06,-1.267693887925738,-0.21475487456470463,0.3230579913982775
2016-12-07,-1.1669012155359488,-0.26024449327040744,0.5836549796185229
2016-12-08,-1.0718198344110195,-0.2832989997301824,-0.3087463037882371
2016-12-09,-1.2772561239579414,-0.3418692300008407,-0.4513563164581358
2016-12-12,-1.0718198344110195,-0.3597073685783116,-0.12746735938981724
2016-12-13,-1.0540678186036505,-0.3897192957118195,0.11480458475852923
2016-12-14,-0.9519777779825818,-0.4384896111815838,0.19075983908448474
2016-12-15,-1.0386262044504402,-0.3897192957118195,-0.17372569829982068
2016-12-16,-1.1715101474667322,-0.383688429029009,-0.27040432224319333
2016-12-19,-1.2868509678175915,-0.37166955229089166,-0.2626356096008864
2016-12-20,-1.3500280182264355,-0.3897192957118195,-0.18653219578364796
2016-12-21,-1.3946118731703616,-0.3957645387292852,-0.16799049294383192
2016-12-22,-1.3549469323152579,-0.40789842907868984,0.03505445455188285
2016-12-23,-1.3524865176387804,-0.4139872153048337,0.20785492585591483
2016-12-27,-1.2203641719218938,-0.4446523803018116,0.5890735944238995
2016-12-28,-1.0036459837236975,-0.4200906556635819,1.058148827977003
2016-12-29,-0.9138397923571994,-0.40182422678561225,0.7461383181585094
2016-12-30,-0.7762588564813584,-0.383688429029009,1.1648597853371578
2017-01-03,-1.0254575022690526,-0.4323417821223598,0.821025598882719
2017-01-04,-1.2534110777630485,-0.5008017938449887,0.1294757760360139
2017-01-05,-1.2964786426553543,-0.48821626803911006,-0.02232598984881859
2017-01-06,-1.3821565851435325,-0.5261617876291173,0.03506545899349457
2017-01-09,-1.3231258240812058,-0.5008017938449887,0.21316366668346562
2017-01-10,-1.3402156794543418,-0.5134500906127378,0.27528951512456823
2017-01-11,-1.397109656057547,-0.4945012235358943,0.36599408360867036
2017-01-12,-1.3279981236137177,-0.48194685014901684,0.5710659868985619
2017-01-13,-1.4046163364159059,-0.5008017938449887,0.5472058032079383
2017-01-17,-1.2486663580474482,-0.47569289323118724,0.9045273552868424
2017-01-18,-1.1076636570238043,-0.5071180567488897,1.1483225029089155
2017-01-19,-1.0408270276811205,-0.5197979743901477,1.354369396714627
2017-01-20,-1.3279981236137177,-0.5008017938449887,0.8719320455215527
2017-01-23,-1.27247082983066,-0.45083016227272943,0.9532881050513389
2017-01-24,-1.4449927829726283,-0.5008017938449887,0.7404688485873274
2017-01-25,-1.511865840824855,-0.558222622294026,0.31889969262474166
2017-01-26,-1.5591117897168463,-0.558222622294026,-0.2858892782897963
2017-01-27,-1.5723777202386346,-0.558222622294026,-0.12294960517059209
2017-01-30,-1.2462968822666716,-0.5389375236915963,0.5694308541370928
2017-01-31,-1.2203641719218938,-0.5134500906127378,0.42624045636344515
2017-02-01,-1.2629248151265289,-0.5453496086372213,0.5426193112102939
2017-02-02,-1.2344795670924833,-0.558222622294026,0.7627674377588414
2017-02-03,-1.4705253704104486,-0.6037998380445186,0.5385406987644792
2017-02-06,-1.3697559537508894,-0.5711613148761593,0.36727498306540957
2017-02-07,-1.38962318728203,-0.558222622294026,0.4783033249128734
2017-02-08,-1.3500280182264355,-0.5261617876291173,0.709682328349951
2017-02-09,-1.493704662871895,-0.558222622294026,0.612379037396812
2017-02-10,-1.5014736401439468,-0.5776555008705626,0.35774718456295596
2017-02-13,-1.4449927829726283,-0.6037998380445186,0.44855071820669856
2017-02-14,-1.530145253380763,-0.6435287692910661,0.17052844506119144
2017-02-15,-1.2250613652528715,-0.6636290983899297,0.6799855474800522
2017-02-16,-1.2748624595890004,-0.6235865047039897,0.5034461500525705
2017-02-17,-1.3402156794543418,-0.6037998380445186,0.5662806958211113
2017-02-21,-1.320693066493186,-0.6368639080437167,0.7380316307268326
2017-02-22,-1.2796518264022083,-0.6569112712961324,0.5929943506456999
2017-02-23,-1.2868509678175915,-0.6636290983899297,0.7438736237519958
2017-02-24,-1.3451174544773739,-0.6169737806313211,0.804615365044147
2017-02-27,-1.1969944473312062,-0.6771183761784662,1.1773162301180287
2017-02-28,-1.0101716833425511,-0.6838900177052027,1.5925025018773844
2017-03-01,-1.094168630402368,-0.8018637653097387,1.4950281414409379
2017-03-02,-1.2629248151265289,-0.8161108715735107,-0.3739813182847799
2017-03-03,-1.4730914921425613,-0.78064206619705,-0.7567455366138234
2017-03-06,-1.4021118837277518,-0.7387241160446719,-0.4225667478092537
2017-03-07,-1.3500280182264355,-0.690679789485236,-0.19060150590632488
2017-03-08,-1.2510378309039432,-0.6502111927754375,0.10678428038130135
2017-03-09,-1.1485410512873726,-0.5906939781521892,0.44449811067612116
2017-03-10,-1.2988907751070595,-0.5841663600180321,0.3762026391649584
2017-03-13,-1.3747095080641634,-0.5517779473009803,0.3189577174355295
2017-03-14,-1.1485410512873726,-0.48194685014901684,0.8625966150135643
2017-03-15,-1.306139373920451,-0.5008017938449887,0.6216313803478442
2017-03-16,-1.4096316999700413,-0.5906939781521892,-0.06459289960443612
2017-03-17,-1.3921165435474787,-0.5711613148761593,0.12577492840978916
2017-03-20,-1.3771896776889714,-0.5325416104780061,0.30849492335088646
2017-03-21,-1.1099189549487236,-0.48821626803911006,0.9100763085972511
2017-03-22,-1.0342297156161542,-0.4139872153048337,-0.11012537793585075
2017-03-23,-0.9669498619570328,-0.4446523803018116,0.18718872998662842
2017-03-24,-1.00147404047424,-0.46945432121676034,0.33931324078525904
2017-03-27,-1.103158047774477,-0.4384896111815838,0.3771381390026901
2017-03-28,-1.3304374409408448,-0.5071180567488897,0.19610021941077488
2017-03-29,-1.3574097353402523,-0.5517779473009803,-0.09646516154920938
2017-03-30,-1.3279981236137177,-0.6103782548201279,0.1451470649477073
2017-03-31,-1.1325736557527606,-0.5646837168589349,0.5660221160744595
2017-04-03,-1.130299916377806,-0.5261617876291173,0.7054835582925845
2017-04-04,-1.267693887925738,-0.5261617876291173,0.6304051720478301
2017-04-05,-1.016712553005492,-0.5711613148761593,1.2046751485491096
2017-04-06,-1.1280280129266476,-0.558222622294026,1.0852745873586211
2017-04-07,-1.02108173447099,-0.6037998380445186,1.3257581219671333
2017-04-10,-0.774255472766887,-0.6037998380445186,1.8664067078908408
2017-04-11,-0.5770621415747027,-0.5517779473009803,2.3243606956102307
2017-04-12,-0.44931103748767254,-0.5389375236915963,2.644829717942668
2017-04-13,-0.41561384832298887,-0.4945012235358943,2.5693356054485816
2017-04-17,-0.6546729574987424,-0.5134500906127378,1.8129564521880817
2017-04-18,-0.7011172347988293,-0.46945432121676034,1.14991065670215
2017-04-19,-0.6033233050044995,-0.5071180567488897,1.4232455624400915
2017-04-20,-0.7543002696752626,-0.5261617876291173,1.3321864260111178
2017-04-21,-0.6604366936534941,-0.5325416104780061,1.0880517564419705
2017-04-24,-1.504068156006996,-0.6037998380445186,-0.17185635669993632
2017-04-25,-1.5249103638272108,-0.6569112712961324,-0.8828469412597872
2017-04-26,-1.5014736401439468,-0.6703647683389249,-0.8359572472343126
2017-04-27,-1.6315023509939368,-0.6569112712961324,-0.8278549665303623
2017-04-28,-1.5092643760308353,-0.6771183761784662,-0.4202343010092647
2017-05-01,-1.7002328816258416,-0.6569112712961324,-0.5645674034947252
2017-05-02,-1.5697194750591044,-0.6502111927754375,-0.20914858906861802
2017-05-03,-1.5459081117979174,-0.6703647683389249,0.017632165891951903
2017-05-04,-1.6044733372076938,-0.6435287692910661,0.08682094549601449
2017-05-05,-1.5750384791831438,-0.6302165169638376,0.28975609242029793
2017-05-08,-1.7964848860184301,-0.6435287692910661,-0.07809532565683447
2017-05-09,-1.742291673868376,-0.6838900177052027,0.17008597962729555
2017-05-10,-1.6725387732192503,-0.6974877888623818,0.42326370360103077
2017-05-11,-1.5670637388992537,-0.6974877888623818,0.6945197386265742
2017-05-12,-1.6206596195103165,-0.6636290983899297,0.6852824447994696
2017-05-15,-1.6152537535541942,-0.6974877888623818,0.7828711195468391
2017-05-16,-1.553823032160464,-0.7043141139665472,0.6110590278098065
2017-05-17,-0.4816114352544354,-0.6169737806313211,2.4870499321727397
2017-05-18,-0.6546729574987424,-0.6103782548201279,-0.0701214595135307
2017-05-19,-1.2086550468763568,-0.6569112712961324,-0.8111505877989611
2017-05-22,-1.4808036838175018,-0.6974877888623818,-1.237510912344691
2017-05-23,-1.5353896503348148,-0.7318046622431363,-1.227239349044935
2017-05-24,-1.725392478736981,-0.7249040369105856,-1.3303268529095014
2017-05-25,-1.7338295234131595,-0.7318046622431363,-1.1508471312387916
2017-05-26,-1.7849887102145028,-0.7318046622431363,-1.1652847293544981
2017-05-30,-1.6260756331025956,-0.7249040369105856,-0.6894595313619379
2017-05-31,-1.6179553882636195,-0.6838900177052027,-0.4740152003416121
2017-06-01,-1.762136319572161,-0.7180221378570417,-0.5107015713803736
2017-06-02,-1.8022507738095315,-0.7180221378570417,-0.8995190196075659
2017-06-05,-1.7113872483858514,-0.7249040369105856,-0.6335892040782061
2017-06-06,-1.6071646356854017,-0.6974877888623818,-0.26937291211614406
2017-06-07,-1.623366194028164,-0.690679789485236,-0.19800083829780485
2017-06-08,-1.686351754678629,-0.6703647683389249,-0.1487305838486308
2017-06-09,-1.540644091289223,-0.690679789485236,0.26164431683340633
2017-06-12,-1.3475716650873426,-0.7043141139665472,0.7163373271799773
2017-06-13,-1.6152537535541942,-0.7249040369105856,0.4359723692142087
2017-06-14,-1.5564660422131766,-0.7111588637222135,0.40342747299373327
2017-06-15,-1.488537318553096,-0.6974877888623818,0.6497733488646181
2017-06-16,-1.6260756331025956,-0.6703647683389249,0.5257046772759274
2017-06-19,-1.6287876837447468,-0.7111588637222135,0.6584862792478658
2017-06-20,-1.4988817615781247,-0.6636290983899297,0.21874168122462792
2017-06-21,-1.5275265911597722,-0.6103782548201279,-0.08701936307102999
2017-06-22,-1.599098706704943,-0.5972384417711725,-0.017691412068929775
2017-06-23,-1.725392478736981,-0.6037998380445186,-0.04931924313121834
2017-06-26,-1.7592929802755035,-0.6235865047039897,0.045863638933731694
2017-06-27,-1.4475354708769337,-0.6636290983899297,0.7047796295395229
2017-06-28,-1.7225860107113597,-0.6636290983899297,-0.28237480709506696
2017-06-29,-1.3524865176387804,-0.6703647683389249,-0.16899630986034847
2017-06-30,-1.4171716674178199,-0.6636290983899297,-0.6205886526742026
2017-07-03,-1.4071227811367502,-0.6974877888623818,-0.408605993760419
2017-07-05,-1.4449927829726283,-0.690679789485236,-0.2803446587438952
2017-07-06,-1.094168630402368,-0.6569112712961324,0.45099981710117126
2017-07-07,-1.4146562591111855,-0.6235865047039897,-0.5115875548648877
2017-07-10,-1.434844222566983,-0.6235865047039897,-0.6129016835421377
2017-07-11,-1.491119681280595,-0.6103782548201279,-0.4946114339739143
2017-07-12,-1.647845066248324,-0.6368639080437167,-0.5449386850005212
2017-07-13,-1.7592929802755035,-0.6636290983899297,-0.9525609035159396
2017-07-14,-1.8723773994582833,-0.690679789485236,-0.9479671970440813
2017-07-17,-1.782122195475698,-0.7180221378570417,-0.7708572107072255
2017-07-18,-1.762136319572161,-0.7180221378570417,-0.5383407238944905
2017-07-19,-1.7907310637762544,-0.7526199220176769,-0.39733025714383874
2017-07-20,-1.8517427030598714,-0.7736074479693936,-0.5852553361623233
2017-07-21,-1.9171112299967497,-0.7526199220176769,-0.5087304758302059
2017-07-24,-1.8961467924353768,-0.7595964827999047,-0.30806065888203926
2017-07-25,-1.8961467924353768,-0.8161108715735107,-0.14419087040303616
2017-07-26,-1.8458746044185959,-0.8089773134381134,0.024072722644155078
2017-07-27,-1.7002328816258416,-0.8161108715735107,0.4093135012510192
2017-07-28,-1.6505781915749667,-0.7876962522335708,0.6166434361324936
2017-07-31,-1.6587932714328026,-0.7736074479693936,0.7127474358905332
2017-08-01,-1.7058044046005054,-0.78064206619705,0.7509512510584664
2017-08-02,-1.6533139743526082,-0.7876962522335708,0.8743960099903607
2017-08-03,-1.6098585108606358,-0.7595964827999047,1.0482266808525134
2017-08-04,-1.7225860107113597,-0.7595964827999047,0.904159953436399
2017-08-07,-1.7507793509836285,-0.7526199220176769,0.9003566465939251
2017-08-08,-1.4730914921425613,-0.7526199220176769,1.3878943591888722
2017-08-09,-1.434844222566983,-0.6368639080437167,1.4400446538675296
2017-08-10,-0.40154522552388644,-0.5646837168589349,3.210783846844303
2017-08-11,-0.49608701807816413,-0.5134500906127378,1.0516169675931288
2017-08-14,-1.141686814364111,-0.5841663600180321,0.1963591970901377
2017-08-15,-1.2086550468763568,-0.5972384417711725,-0.383964744723887
2017-08-16,-1.2796518264022083,-0.5906939781521892,-0.27621235869947974
2017-08-17,-0.48883991760854767,-0.558222622294026,1.2044179143808789
2017-08-18,-0.7325115377333914,-0.5261617876291173,-0.39507505471375537
2017-08-21,-0.9519777779825818,-0.5134500906127378,-0.51516654172094
2017-08-22,-1.3747095080641634,-0.558222622294026,-0.9647601364654046
2017-08-23,-1.16000216136932,-0.5453496086372213,-0.9362848856416489
2017-08-24,-1.1645997969936175,-0.5711613148761593,-0.7637226790785449
2017-08-25,-1.3921165435474787,-0.5841663600180321,-0.9247897736326733
2017-08-28,-1.3821565851435325,-0.5906939781521892,-0.7086764824303109
2017-08-29,-1.2892548571921127,-0.5776555008705626,-0.33229577006851213
2017-08-30,-1.4071227811367502,-0.6037998380445186,-0.3173697455286849
2017-08-31,-1.5697194750591044,-0.6103782548201279,-0.5426898137656169
2017-09-01,-1.6946721044103208,-0.6302165169638376,-0.8093593674741769
2017-09-05,-1.1645997969936175,-0.5711613148761593,0.2470606301389128
2017-09-06,-1.306139373920451,-0.6169737806313211,-0.1819353736518659
2017-09-07,-1.3255609192129214,-0.5906939781521892,-0.09265618323738631
2017-09-08,-1.1900213015707741,-0.5646837168589349,0.3311616216175196
2017-09-11,-1.5327663550266435,-0.6103782548201279,-0.04591890445030831
2017-09-12,-1.5723777202386346,-0.6368639080437167,-0.8041112523708747
2017-09-13,-1.5937340675492513,-0.6569112712961324,-0.7014319341548969
2017-09-14,-1.6098585108606358,-0.6838900177052027,-0.5185289109360786
2017-09-15,-1.6835836754254228,-0.690679789485236,-0.43801944099750684
2017-09-18,-1.689122559823642,-0.7249040369105856,-0.2716183847473654
2017-09-19,-1.6808183167058801,-0.7387241160446719,-0.11888596140969497
2017-09-20,-1.7936066413052993,-0.78064206619705,-0.13848019204294384
2017-09-21,-1.825432657599303,-0.7665922892914245,-0.027376142160543505
2017-09-22,-1.8488071239597959,-0.7526199220176769,0.006094721021132949
2017-09-25,-1.6725387732192503,-0.7387241160446719,0.44166892952782855
2017-09-26,-1.6835836754254228,-0.7665922892914245,0.5094159696608948
2017-09-27,-1.767832176356934,-0.8018637653097387,0.499459608424142
2017-09-28,-1.8605675807441526,-0.8018637653097387,0.2701637341093019
2017-09-29,-1.8723773994582833,-0.8232645526075898,0.35998375386961784
2017-10-02,-1.8901857348259914,-0.8161108715735107,0.2840501557920096
2017-10-03,-1.8723773994582833,-0.8161108715735107,0.19184159573881768
2017-10-04,-1.8370956181824518,-0.8232645526075898,0.32292129047926726
2017-10-05,-1.968684337597174,-0.8376327397396295,0.21684933185125624
2017-10-06,-1.8312582339408763,-0.8376327397396295,0.11301533882178721
2017-10-10,-1.7085944418273744,-0.8376327397396295,0.5391679488395551
2017-10-11,-1.7735393144559979,-0.8376327397396295,0.46781974770339496
2017-10-12,-1.7564522406104335,-0.8089773134381134,0.5859594718127227
2017-10-13,-1.8429454172892794,-0.78064206619705,0.530275731361837
2017-10-16,-1.7564522406104335,-0.8304384703900757,0.7590102878070021
2017-10-17,-1.645114593214969,-0.852082797325581,1.0153905488506765
2017-10-18,-1.7113872483858514,-0.8812322934883755,0.9949627196778431
2017-10-19,-1.71698092452694,-0.8666156637164172,1.0575958526326925
2017-10-20,-1.7394680386285957,-0.9107207448753777,1.1001727562676857
2017-10-23,-1.4449927829726283,-0.9255945602106564,1.235076983773075
2017-10-24,-1.4222097212332636,-0.9405561271764199,1.1586532003530814
2017-10-25,-1.4046163364159059,-0.9107207448753777,1.2576546718491373
2017-10-26,-1.3871320385541117,-0.9181467479706902,1.0558851172810497
2017-10-27,-1.7878584220755112,-0.8959336578192052,0.5079190486840554
2017-10-30,-1.5937340675492513,-0.8593388201440098,0.15911205696264416
2017-10-31,-1.6808183167058801,-0.8448474764548748,0.03813460108345821
2017-11-01,-1.6752960025868018,-0.8666156637164172,0.18576448195613976
2017-11-02,-1.7507793509836285,-0.8376327397396295,0.1987442719020529
2017-11-03,-1.9840343211201172,-0.8376327397396295,-0.03633250973057336
2017-11-06,-1.9051125536109759,-0.8161108715735107,0.08970931681556678
2017-11-07,-1.762136319572161,-0.8018637653097387,0.4284699812963823
2017-11-08,-1.7936066413052993,-0.7318046622431363,0.49917776517898055
2017-11-09,-1.5937340675492513,-0.6502111927754375,0.9031645010670772
2017-11-10,-1.38962318728203,-0.6703647683389249,1.1634287549158107
2017-11-13,-1.3377678738615961,-0.6636290983899297,1.3648316142260424
2017-11-14,-1.3158333893923373,-0.6169737806313211,1.4963759429360601
2017-11-15,-0.9648060505593132,-0.5325416104780061,2.08665932699897
2017-11-16,-1.2748624595890004,-0.6502111927754375,1.3198284583031887
2017-11-17,-1.3549469323152579,-0.6703647683389249,0.47997834636548276
2017-11-20,-1.553823032160464,-0.7111588637222135,0.23737762693859263
2017-11-21,-1.8080285014855313,-0.7387241160446719,-0.042641481289871434
2017-11-22,-1.7649828066720223,-0.7111588637222135,-0.2567441983913301
2017-11-24,-1.825432657599303,-0.7318046622431363,-0.18883001702996136
2017-11-27,-1.767832176356934,-0.7387241160446719,0.011996058241206106
2017-11-28,-1.7225860107113597,-0.7318046622431363,0.2402693250761044
2017-11-29,-1.540644091289223,-0.7526199220176769,-0.3042201155983549
2017-11-30,-1.3921165435474787,-0.7736074479693936,0.13104148523482326
2017-12-01,-1.3549469323152579,-0.7595964827999047,-0.2374967993739799
2017-12-04,-1.2940685763174957,-0.7947701152440707,0.035934270354300545
2017-12-05,-1.3796720354273244,-0.8018637653097387,0.08379411854554696
2017-12-06,-1.4577299933627492,-0.7595964827999047,0.03235483987722546
2017-12-07,-1.686351754678629,-0.7595964827999047,-0.15418946363066469
2017-12-08,-1.8517427030598714,-0.7595964827999047,-0.3454471111963452
2017-12-11,-1.9231296669117033,-0.7736074479693936,-0.579101492256005
2017-12-12,-1.7536143661043937,-0.7947701152440707,-0.21289706932573096
2017-12-13,-1.6808183167058801,-0.7526199220176769,0.046749445775571885
2017-12-14,-1.5964151085849436,-0.7595964827999047,0.3483403225314898
2017-12-15,-1.899132206260754,-0.7526199220176769,-0.17850447353151552
2017-12-18,-1.8664664347593145,-0.7526199220176769,-0.6483263257752765
2017-12-19,-1.7225860107113597,-0.78064206619705,-0.5703842628441745
2017-12-20,-1.8109215444311908,-0.7947701152440707,-0.6443926090981553
2017-12-21,-1.8400189974827152,-0.8018637653097387,-0.5027517900882894
2017-12-22,-1.7592929802755035,-0.8089773134381134,-0.2304553496136175
2017-12-26,-1.6615370574054589,-0.8018637653097387,0.10139385183648499
2017-12-27,-1.6017846105029898,-0.7876962522335708,0.3458031826308057
2017-12-28,-1.6808183167058801,-0.8161108715735107,0.36752544090704603
2017-12-29,-1.4526282365656074,-0.7947701152440707,0.8301474283114154
2018-01-02,-1.7964848860184301,-0.8161108715735107,0.22944429611089878
2018-01-03,-1.9809577937550331,-0.8666156637164172,-0.4997914602562711
2018-01-04,-1.959514033944595,-0.9255945602106564,-0.6852636138540303
2018-01-05,-1.959514033944595,-0.955606487344165,-0.6703432376132142
2018-01-08,-1.8694202239660458,-0.9631652954587496,-0.7389863815184003
2018-01-09,-1.7085944418273744,-0.9783508393065258,-0.3152590933028503
2018-01-10,-1.782122195475698,-0.9107207448753777,-0.3005496829832299
2018-01-11,-1.7649828066720223,-0.9255945602106564,-0.12095728168594568
2018-01-12,-1.686351754678629,-0.9480701422882929,-0.33462103245508823
2018-01-16,-1.2988907751070595,-0.9707467009406204,0.11814249331589786
2018-01-17,-1.2392006291151523,-0.9707467009406204,0.3108321724910734
2018-01-18,-1.1669012155359488,-0.9631652954587496,-0.07699528448930182
2018-01-19,-1.3946118731703616,-0.9631652954587496,-0.25458539750485204
2018-01-22,-1.4551780802945247,-0.9859778472959273,-0.30572540838063006
2018-01-23,-1.4373777517650501,-0.9936278628857486,-0.5508919840937515
2018-01-24,-1.3451174544773739,-1.0167173539050742,-0.2175232535106123
2018-01-25,-1.3182621787655235,-1.0167173539050742,0.03246634341566465
2018-01-26,-1.4424521486042117,-1.0556732388889847,0.02644665560849159
2018-01-29,-0.8166280601296504,-1.0322279725624302,0.25523559821071434
2018-01-30,-0.6298320658015752,-0.9783508393065258,0.507086654143535
2018-01-31,-0.8782891771465868,-1.008997475051768,-0.27443136611598756
2018-02-01,-0.8928732375124226,-1.008997475051768,-0.06113589196429473
2018-02-02,-0.1871459231673704,-0.955606487344165,1.3109488215973522
2018-02-05,1.974455838284964,-0.8666156637164172,3.030159195814033
2018-02-06,1.3582613051868444,-0.78064206619705,-0.5647493047221185
2018-02-07,1.138749657177999,-0.8812322934883755,-0.9820983785273715
2018-02-08,1.6672610497377784,-0.7876962522335708,0.14876595387335978
2018-02-09,1.2705647368244404,-0.6302165169638376,-1.4328850738415118
2018-02-12,0.9149716569670452,-0.7043141139665472,-1.8693098417482026
2018-02-13,0.8437632727948889,-0.6569112712961324,-1.8458079307024788
2018-02-14,0.11320423274527544,-0.7180221378570417,-2.739616798117372
2018-02-15,0.09414802855934128,-0.8018637653097387,-2.636771294056247
2018-02-16,0.14227134944219583,-0.852082797325581,-2.4169276780379376
2018-02-20,0.302454784679402,-0.8666156637164172,-1.857969712960434
2018-02-21,0.2220978340372602,-0.8812322934883755,-1.740589086081153
2018-02-22,0.03318862093097628,-0.8304384703900757,-1.7876865262207995
2018-02-23,-0.32369480483449126,-0.7947701152440707,-2.0793678900137498
2018-02-26,-0.44396356140069054,-0.852082797325581,-2.382938678403142
2018-02-27,0.013581086536037477,-0.8739134478747275,-1.557846972507172
2018-02-28,0.19810334944669766,-0.8739134478747275,-1.223267557662652
2018-03-01,0.5469360195063397,-0.7876962522335708,-0.5392121058698315
2018-03-02,0.16100547460566736,-0.745662501343944,-1.2416092258228328
2018-03-05,0.03469129248037443,-0.7876962522335708,-1.2047158514308616
2018-03-06,-0.021447615993989474,-0.8304384703900757,-1.2557535975495073
2018-03-07,-0.11493427674122032,-0.8089773134381134,-1.13490498051197
2018-03-08,-0.31517602065572636,-0.8089773134381134,-1.178784267095083
2018-03-09,-0.6585140750071924,-0.8304384703900757,-1.5177876476253553
2018-03-12,-0.4475275293631787,-0.8161108715735107,-1.6082338042886424
2018-03-13,-0.34768487647954244,-0.7947701152440707,-1.1675951644859741
2018-03-14,-0.20017981014848713,-0.7665922892914245,-0.7568623894189366
2018-03-15,-0.30668327379442056,-0.7665922892914245,-0.7284772316775008
2018-03-16,-0.44396356140069054,-0.78064206619705,-0.6840358418915703
2018-03-19,0.07792245146944385,-0.745662501343944,0.4286338350978907
2018-03-20,-0.04607521422105134,-0.7665922892914245,-0.1335415285291484
2018-03-21,-0.09913581530126007,-0.78064206619705,0.039093572793302646
2018-03-22,0.653821208272373,-0.7111588637222135,1.5152977781973958
2018-03-23,0.832472547447211,-0.6838900177052027,0.31418302241643087
2018-03-26,0.3605825610448366,-0.690679789485236,-1.0027334187130605
2018-03-27,0.5506901926668145,-0.6771183761784662,-1.3961670575558538
2018-03-28,0.5965835122179997,-0.6636290983899297,-1.3690478818955296
2018-03-29,0.21506169048690355,-0.6502111927754375,-1.7051158002239455
2018-04-02,0.6873750358011984,-0.6636290983899297,-0.8563566680139147
2018-04-03,0.36993254785720786,-0.7043141139665472,-1.6812395724848264
2018-04-04,0.22771384021636754,-0.7043141139665472,-1.8134532081174195
2018-04-05,0.06606285470668126,-0.7876962522335708,-1.926513504255104
2018-04-06,0.4214642333017458,-0.7526199220176769,-1.1392398772057517
2018-04-09,0.4578879757096349,-0.7736074479693936,-1.461102057239777
2018-04-10,0.28464209124236695,-0.8376327397396295,-1.479502873842764
2018-04-11,0.2528487316511126,-0.852082797325581,-1.5764288501393047
2018-04-12,-0.0015953184470884694,-0.9107207448753777,-1.736781044964876
2018-04-13,-0.1709379364588362,-0.9405561271764199,-1.8265561937349692
2018-04-16,-0.3117760396296052,-0.9783508393065258,-1.7814741236967284
2018-04-17,-0.5436537880092509,-1.008997475051768,-2.0001281645812554
2018-04-18,-0.479807169546437,-1.0478340417813616,-1.8371824589948351
2018-04-19,-0.41561384832298887,-0.9783508393065258,-1.449868762660953
2018-04-20,-0.2579239583699686,-0.9783508393065258,-0.9866947087932865
2018-04-23,-0.34940635238360385,-0.955606487344165,-1.0431250180648926
2018-04-24,-0.07404146696936166,-0.9181467479706902,-0.3189085569806075
2018-04-25,-0.10228847923138198,-0.8739134478747275,-0.6035836995365615
2018-04-26,-0.3666789582720179,-0.9033164235717782,-0.7760495984216197
2018-04-27,-0.5142869434334666,-0.8959336578192052,-1.0455824622170333
2018-04-30,-0.42090766521548556,-0.8812322934883755,-0.6249050516102361
2018-05-01,-0.4997176667411263,-0.8739134478747275,-0.6850361657272231
2018-05-02,-0.41385139771948637,-0.8885723224763145,-0.2915496100161566
2018-05-03,-0.4262116297081129,-0.852082797325581,-0.22640644835372487
2018-05-04,-0.6336393980690483,-0.8593388201440098,-0.32688579625568853
2018-05-07,-0.6374520711182237,-0.8812322934883755,-0.734786518522106
2018-05-08,-0.6450927689193053,-0.8812322934883755,-0.5295955281693094
2018-05-09,-0.9033369856099086,-0.9033164235717782,-0.6941137251037437
2018-05-10,-0.9434579067240534,-0.9181467479706902,-0.9088554056450696
2018-05-11,-1.069594856838818,-0.9255945602106564,-1.2148481897274521
2018-05-14,-1.0079946988766095,-0.9480701422882929,-0.8975468370369439
2018-05-15,-0.6604366936534941,-0.955606487344165,-0.08209105713507749
2018-05-16,-0.9033369856099086,-0.9480701422882929,-0.46847802544900247
2018-05-17,-0.9012410806463965,-0.955606487344165,-0.31142836864207707
2018-05-18,-0.9033369856099086,-0.9181467479706902,-0.08038963808291077
2018-05-21,-0.9755412740071967,-0.9255945602106564,-0.005363149199438015
2018-05-22,-0.9455853049422126,-0.9330643100735788,-0.07726258569813202
2018-05-23,-1.0852078417693038,-0.8666156637164172,-0.12492383292032766
2018-05-24,-1.0964133472008317,-0.8593388201440098,0.027412303577621738
2018-05-25,-0.9455853049422126,-0.8304384703900757,0.45697533022538994
2018-05-29,-0.2346837104320414,-0.6771183761784662,1.776868613639737
2018-05-30,-0.6014394857175409,-0.7526199220176769,0.46200348854951073
2018-05-31,-0.5106374587331607,-0.7595964827999047,-0.05703918102861205
2018-06-01,-0.8949629162505095,-0.8161108715735107,-0.6044852042774201
2018-06-04,-1.0496473649810414,-0.8593388201440098,-1.0317076157828244
2018-06-05,-1.1257581588353949,-0.852082797325581,-1.0027713869805779
2018-06-06,-1.303721022015637,-0.8959336578192052,-1.0471139834901755
2018-06-07,-1.1877006809663326,-0.8959336578192052,-0.9607169048746043
2018-06-08,-1.176126421091356,-0.8885723224763145,-0.6979385315934001
2018-06-11,-1.1371264368850917,-0.9330643100735788,-0.44692132709228266
2018-06-12,-1.1394057017019317,-0.9405561271764199,-0.23138740422167337
2018-06-13,-1.0058196048358288,-0.9783508393065258,0.19694284231500797
2018-06-14,-1.1900213015707741,-0.9936278628857486,0.036427938439987186
2018-06-15,-1.2227119003885079,-0.9783508393065258,0.14177027289423147
2018-06-18,-1.1462543772455438,-0.9707467009406204,0.4527877642769981
2018-06-19,-0.9180517963296477,-0.9255945602106564,0.9773634182796838
2018-06-20,-1.0386262044504402,-0.9707467009406204,0.8264095973270816
2018-06-21,-0.6585140750071924,-0.9330643100735788,1.5973651239066669
2018-06-22,-0.8308951889669347,-0.9330643100735788,1.1097220944350639
2018-06-25,-0.18389678611698257,-0.8739134478747275,2.3151755501996356
2018-06-26,-0.42267454269250065,-0.8666156637164172,0.7120450959009027
2018-06-27,-0.0912698751665825,-0.8089773134381134,1.452270064906904
2018-06-28,-0.2629288339358472,-0.7526199220176769,0.9751205222416881
2018-06-29,-0.3927881537300294,-0.7736074479693936,0.8024693621152529
2018-07-02,-0.479807169546437,-0.6569112712961324,0.8766090701161828
2018-07-03,-0.38405825212657707,-0.6636290983899297,1.222267582239291
2018-07-05,-0.595795045835186,-0.6838900177052027,0.999573872911325
2018-07-06,-0.9138397923571994,-0.6838900177052027,0.22563864170370806
2018-07-09,-1.0607118649973022,-0.745662501343944,-0.24419433666585114
2018-07-10,-1.0718198344110195,-0.7876962522335708,-0.495555661444012
2018-07-11,-0.8596485243739218,-0.7387241160446719,0.012337826573511516
2018-07-12,-1.0852078417693038,-0.7736074479693936,-0.4353203775420361
2018-07-13,-1.176126421091356,-0.7665922892914245,-0.7908711562009384
2018-07-16,-1.0298402948841179,-0.7876962522335708,-0.31658428626811513
2018-07-17,-1.2039849175405641,-0.7947701152440707,-0.37342629923731485
2018-07-18,-1.1946680707941604,-0.8089773134381134,-0.2404755483833652
2018-07-19,-1.02108173447099,-0.7876962522335708,0.23047393682361775
2018-07-20,-1.0232688720653342,-0.8161108715735107,0.3326807883330081
2018-07-23,-1.0762755001052249,-0.852082797325581,0.44232363329613855
2018-07-24,-1.1234899181773255,-0.8739134478747275,0.5331267416961406
2018-07-25,-1.1508295852125816,-0.8666156637164172,0.45717547648996865
2018-07-26,-1.1853819727425559,-0.9107207448753777,0.01779633179953711
2018-07-27,-0.9863176130840954,-0.9107207448753777,0.507923527188632
2018-07-30,-0.7325115377333914,-0.9033164235717782,0.7688723216527826
2018-07-31,-1.0298402948841179,-0.8812322934883755,0.2891269104431386
2018-08-01,-0.9605235258590936,-0.9033164235717782,0.42917081303539995
2018-08-02,-1.1738174476319416,-0.9033164235717782,0.2664003438306204
2018-08-03,-1.303721022015637,-0.9033164235717782,0.014947929544592073
2018-08-06,-1.3946118731703616,-0.9033164235717782,-0.08103360061355605
2018-08-07,-1.4808036838175018,-0.9631652954587496,-0.13570554012283514
2018-08-08,-1.5014736401439468,-0.9480701422882929,-0.07049336174646752
2018-08-09,-1.3946118731703616,-0.9405561271764199,0.2897781762632467
2018-08-10,-0.9583846033839873,-0.852082797325581,1.1593978863068437
2018-08-13,-0.631735178726632,-0.8376327397396295,1.4241129677579538
2018-08-14,-0.9264949689226255,-0.8666156637164172,0.9976929622720033
2018-08-15,-0.6585140750071924,-0.8161108715735107,1.25194065872897
2018-08-16,-0.8970541481114285,-0.8593388201440098,0.596266631663981
2018-08-17,-1.0718198344110195,-0.8593388201440098,0.04324868576381984
2018-08-20,-1.105409950535062,-0.8376327397396295,0.11647344160107712
2018-08-21,-1.0232688720653342,-0.8666156637164172,0.42566255668777464
2018-08-22,-1.16000216136932,-0.8666156637164172,0.3604076765406208
2018-08-23,-1.1234899181773255,-0.8739134478747275,0.6111025700389552
2018-08-24,-1.2203641719218938,-0.8812322934883755,0.6209811163335404
2018-08-27,-1.1807505015170543,-0.9033164235717782,0.5217386277870957
2018-08-28,-1.103158047774477,-0.9255945602106564,0.31031474921859004
2018-08-29,-1.16000216136932,-0.9330643100735788,0.417070612372829
2018-08-30,-0.8803680485785088,-0.8959336578192052,0.8196964211386761
2018-08-31,-1.0232688720653342,-0.8593388201440098,0.641299166328638
2018-09-04,-0.9583846033839873,-0.8812322934883755,0.9383156285186355
2018-09-05,-0.8024329095923224,-0.8593388201440098,1.3447923564730941
2018-09-06,-0.6565929523700066,-0.8376327397396295,1.6809202203506233
2018-09-07,-0.6127620881496119,-0.8666156637164172,1.8230765174265313
2018-09-10,-0.7523124544202302,-0.8812322934883755,1.7162448010799234
2018-09-11,-0.9455853049422126,-0.9255945602106564,1.5207574607872558
2018-09-12,-0.9626638713356603,-0.9405561271764199,1.5103868272323464
2018-09-13,-1.1325736557527606,-0.9631652954587496,1.3776296714185159
2018-09-14,-1.2016529787615369,-1.008997475051768,0.9862600707660895
2018-09-17,-0.8493456984598573,-1.008997475051768,1.7137085319756582
2018-09-18,-1.0386262044504402,-1.0478340417813616,1.224220988033749
2018-09-19,-1.2772561239579414,-1.0478340417813616,0.6772462312393054
2018-09-20,-1.2653083411061234,-1.0400190024843234,0.8504391933151009
2018-09-21,-1.2940685763174957,-1.0400190024843234,0.31278096480960677
2018-09-24,-1.1715101474667322,-1.0167173539050742,0.6899930441746664
2018-09-25,-1.1212235045775125,-1.0322279725624302,0.8382627931864784
2018-09-26,-1.016712553005492,-1.024460804944124,1.1711469853230663
2018-09-27,-1.1234899181773255,-1.0400190024843234,1.0613518065888188
2018-09-28,-1.1900213015707741,-1.0478340417813616,1.0234747129380366
2018-10-01,-1.2180184007562358,-1.0635367436234293,1.1304916720105442
2018-10-02,-1.2063190132796866,-1.0635367436234293,1.1465083400176075
2018-10-03,-1.3109823223640957,-1.1112368002695667,1.1141707198832629
2018-10-04,-0.7404151530169288,-1.008997475051768,2.1717334837486515
2018-10-05,-0.6241306192483441,-0.9859778472959273,1.7581131733795237
2018-10-09,-0.4173774035902764,-0.9181467479706902,2.115259650609437
2018-10-10,0.6076342345249578,-0.8448474764548748,3.925138741665323
2018-10-11,0.8448899003926652,-0.7947701152440707,0.2722095092106859
2018-10-12,0.39779751928859286,-0.8232645526075898,-1.0315874926257498
2018-10-15,0.396476818767262,-0.8593388201440098,-1.0357493317429607
2018-10-16,-0.13720203457086785,-0.8885723224763145,-1.6657336574455954
2018-10-17,-0.17255457101440022,-0.8885723224763145,-2.1584691845789674
2018-10-18,0.22771384021636754,-0.8448474764548748,-1.214100881201925
2018-10-19,0.20376740404686633,-0.8448474764548748,-1.299198490360211
2018-10-22,0.1681776554520278,-0.8376327397396295,-1.0674355376347617
2018-10-23,0.31743918350277744,-0.745662501343944,-0.5751914468547155
2018-10-24,0.8729093310489774,-0.7249040369105856,0.559481370900919
2018-10-25,0.7579560132147257,-0.6974877888623818,-0.8936551470985622
2018-10-26,0.7509771020035853,-0.6103782548201279,-1.0023207871448105
2018-10-29,0.8131734140426355,-0.6169737806313211,-0.9812016990470965
2018-10-30,0.6550264994842925,-0.5841663600180321,-0.9812358922912384
2018-10-31,0.3872147694159361,-0.6368639080437167,-1.4079052896150814
2018-11-01,0.12486719332842432,-0.6368639080437167,-1.6947233865164244
2018-11-02,0.1494916571584472,-0.6974877888623818,-1.5234461385796858
2018-11-05,0.21365234788980095,-0.6974877888623818,-1.1825501530784932
2018-11-06,0.20659529612141572,-0.7249040369105856,-0.9571885627427821
2018-11-07,-0.3459644531681807,-0.78064206619705,-1.6463232522161753
2018-11-08,-0.2847211644207293,-0.8018637653097387,-2.059025538754184
2018-11-09,-0.1790301046844895,-0.7043141139665472,-1.602612668701456
2018-11-13,0.2220978340372602,-0.5841663600180321,-1.1791509823761257
2018-11-14,0.3898642539372321,-0.5197979743901477,-0.6226636489265818
2018-11-15,0.21647032751456755,-0.4446523803018116,-0.7096005487030999
2018-11-16,-0.05536664471690828,-0.40182422678561225,-1.088364889692149
2018-11-19,0.23331892640078702,-0.3597073685783116,-0.34975550037184044
2018-11-20,0.5481879671999741,-0.3124150284567681,-0.18292701888832624
2018-11-21,0.3296402314174107,-0.36568140725370396,-0.8983539541468477
2018-11-23,0.4253894871005151,-0.3359509583651088,-0.47515395628205204
2018-11-26,0.06011411610173583,-0.35374736995974915,-0.8749255596972684
2018-11-27,0.07792245146944385,-0.324155689449946,-1.0728829094910135
2018-11-28,-0.0015953184470884694,-0.3597073685783116,-0.939404657740437
2018-11-29,0.04369050789939157,-0.3776718704656455,-1.5296184243408268
2018-11-30,-0.0662452719626188,-0.3359509583651088,-1.4268585006097303
2018-12-03,-0.3322391325776265,-0.3897192957118195,-1.6428381161625687
2018-12-04,0.32151216718298037,-0.3359509583651088,-0.6317288890106624
2018-12-06,0.3819085572799522,-0.21475487456470463,-1.8069765262443402
2018-12-07,0.640529047373612,-0.21475487456470463,-1.0917554436968036
2018-12-10,0.5681432657841948,-0.18116526767730448,-1.559984824568784
2018-12-11,0.4565951880558322,-0.2260510101460912,-1.4487222339959602
2018-12-12,0.41753349590108374,-0.2717455481072841,-1.2173894296952132
2018-12-13,0.30927574557065013,-0.27751569449867974,-1.1384374435766336
2018-12-14,0.43973491909945844,-0.23739768788938995,-0.6358116519185372
2018-12-17,0.7925936931922243,-0.1700668769004897,-0.35113513593423984
2018-12-18,0.911673646477287,-0.09370907540951658,-0.4427678781826802
2018-12-19,0.911673646477287,-0.030041005601830872,-0.15163719913724022
2018-12-20,1.203942240921601,0.10762377075504756,0.2625234526115916
2018-12-21,1.3704358102661236,0.1616350295296892,0.4233975155880781
2018-12-24,1.8785994519703662,0.22401796163150417,0.9589632366427863
2018-12-26,1.3983310891096488,0.23348057800203573,-0.34532222100591803
2018-12-27,1.356383592479285,0.23819867842330544,-1.8765560907002796
2018-12-28,1.199973808401482,0.20020578437864092,-1.8600820512037604
2018-12-31,0.8940190929338595,0.2145199046675196,-2.0556720355762046
2019-01-02,0.6393175285636316,0.22401796163150417,-2.223619250761942
2019-01-03,0.8973378496901169,0.26632441860117884,-1.502756126508825
2019-01-04,0.4070248549085566,0.07767092359323481,-2.4932521402233303
2019-01-07,0.4096557596385042,-0.03528605037732293,-2.975227308590953
2019-01-08,0.28464209124236695,-0.13160059723003698,-2.9185013475443378
2019-01-09,0.21647032751456755,-0.2035088328755056,-2.795090835707544
2019-01-10,0.1480490771181945,-0.19231244274615472,-2.624407761997609
2019-01-11,-0.04762165681183522,-0.186732730385332,-2.6558188403806864
2019-01-14,0.08530928947018548,-0.15901684527824125,-2.141764717922603
2019-01-15,0.015094263385080717,-0.186732730385332,-2.0073435678549654
2019-01-16,0.0808796269616814,-0.248795362108452,-1.7824727962168638
2019-01-17,-0.06780284321121917,-0.2717455481072841,-1.7404968687911437
2019-01-18,-0.10860442435609703,-0.34780134555944253,-1.6105607727844122
2019-01-22,0.3296402314174107,-0.26598850081090175,-0.9072334457896233
2019-01-23,0.15093349796575292,-0.27751569449867974,-1.2236147179716406
2019-01-24,0.058624964229329134,-0.24309012180576856,-1.0931882569022362
2019-01-25,-0.16932223022463125,-0.30656501837715183,-1.1795035864533634
2019-01-28,0.055644578386953365,-0.26598850081090175,-0.6884003953005148
2019-01-29,0.09414802855934128,-0.2717455481072841,-0.48209126026474897
2019-01-30,-0.13082194543916595,-0.2949053277460502,-0.5748008669750405
2019-01-31,-0.3100774266020671,-0.28909552395656885,-1.2146148599082172
2019-02-01,-0.38405825212657707,-0.3359509583651088,-1.2389304569964357
2019-02-04,-0.45645707897553267,-0.3597073685783116,-1.0795341100756617
2019-02-05,-0.4852234413180757,-0.4200906556635819,-0.9924113941079569
2019-02-06,-0.5197698868030731,-0.4323417821223598,-0.8311024712871841
2019-02-07,-0.3442450811630941,-0.3359509583651088,-0.28398964501453944
2019-02-08,-0.4582462580541091,-0.3182785645832885,-0.5329203749392666
2019-02-11,-0.41385139771948637,-0.3418692300008407,-0.20302869946440946
2019-02-12,-0.5106374587331607,-0.40789842907868984,-0.10463732374153935
2019-02-13,-0.4708034978964626,-0.4384896111815838,-0.4397238180269055
2019-02-14,-0.3701463060955878,-0.40789842907868984,-0.05565968474422452
2019-02-15,-0.6070950915063102,-0.4384896111815838,-0.2071025761645149
2019-02-19,-0.6127620881496119,-0.4446523803018116,-0.46331482843323474
2019-02-20,-0.7802697169099441,-0.4632310585968949,-0.4930467627520267
2019-02-21,-0.6933230879071708,-0.48821626803911006,-0.12092868705667524
2019-02-22,-0.884530206379279,-0.48194685014901684,-0.25437239566961406
2019-02-25,-0.6184405216242962,-0.5134500906127378,0.2119392519703632
2019-02-26,-0.558452955501039,-0.5071180567488897,0.5355394830840425
2019-02-27,-0.6470062353908629,-0.5517779473009803,0.6167542862871974
2019-02-28,-0.631735178726632,-0.5646837168589349,0.8605189582598761
2019-03-01,-0.8720619604823819,-0.6037998380445186,0.6541920346011064
2019-03-04,-0.6604366936534941,-0.5776555008705626,0.9065940397183749
2019-03-05,-0.6393603467730744,-0.5711613148761593,1.0463586334371928
2019-03-06,-0.45466886640515664,-0.5261617876291173,1.5342625383715613
2019-03-07,-0.30668327379442056,-0.45083016227272943,1.6635438870664898
2019-03-08,-0.3997918969276505,-0.40182422678561225,1.1814380600799799
2019-03-11,-0.7187334552942946,-0.4384896111815838,0.8462349724482119
2019-03-12,-0.8308951889669347,-0.4632310585968949,-0.3707816257900983
2019-03-13,-0.905434452968601,-0.5197979743901477,-0.3201060051513913
2019-03-14,-0.8866136957744005,-0.5453496086372213,-0.2797182562519841
2019-03-15,-1.0188962956633436,-0.5453496086372213,-0.259298946229601
2019-03-18,-0.9712421864014111,-0.5453496086372213,-0.09566952506386181
2019-03-19,-0.8741360364902868,-0.5711613148761593,0.20788016962743314
2019-03-20,-0.8024329095923224,-0.5325416104780061,0.545933566513035
2019-03-21,-0.8596485243739218,-0.5646837168589349,0.5990466633452688
2019-03-22,-0.32540166104818363,-0.4945012235358943,0.8500265742331812
2019-03-25,-0.3511288821691524,-0.4323417821223598,-0.551087157017735
2019-03-26,-0.6508368937706035,-0.4570230304172819,-0.7741374621725442
2019-03-27,-0.5621650303820739,-0.4570230304172819,-0.5697462998866856
2019-03-28,-0.6991666265500442,-0.4632310585968949,-0.6379660019831642
2019-03-29,-0.8431821410260892,-0.5197979743901477,-0.6751028108357909
2019-04-01,-0.9075334850535917,-0.5517779473009803,-0.7014918725531076
2019-04-02,-0.9159451066129783,-0.5453496086372213,-1.0413181119955508
2019-04-03,-0.8370320557399233,-0.5776555008705626,-0.6559821090128377
2019-04-04,-0.8699892146332724,-0.5776555008705626,-0.46954189178896344
2019-04-05,-1.0320342539545238,-0.6037998380445186,-0.5239910970388307
2019-04-08,-0.9541116301905839,-0.6169737806313211,-0.28415530873748635
2019-04-09,-0.7285681339203598,-0.6037998380445186,0.31454511249554756
2019-04-10,-0.9286097771836621,-0.6037998380445186,0.05244607161307528
2019-04-11,-0.988477677657436,-0.6502111927754375,0.10425291325933132
2019-04-12,-1.2156745836306486,-0.7249040369105856,-0.04791665697594118
2019-04-15,-1.1439697778702331,-0.7249040369105856,-0.04610165187150127
2019-04-16,-1.176126421091356,-0.7526199220176769,0.11258692395030774
2019-04-17,-1.0807380198772831,-0.7318046622431363,0.4694719000347419
2019-04-18,-1.1969944473312062,-0.690679789485236,0.42397425591133525
2019-04-22,-1.1212235045775125,-0.690679789485236,0.6999696628656595
2019-04-23,-1.1531199820491354,-0.6974877888623818,0.8203536435414929
2019-04-24,-0.9626638713356603,-0.690679789485236,0.5823747660683164
2019-04-25,-0.9392075246891668,-0.6771183761784662,0.7787416587774705
2019-04-26,-1.05185682909084,-0.6703647683389249,0.7831826501939313
2019-04-29,-0.969095308017895,-0.690679789485236,0.8993097434613007
2019-04-30,-0.9669498619570328,-0.690679789485236,1.0616367961391124
2019-05-01,-0.6279302392277324,-0.7043141139665472,1.7843870210965922
2019-05-02,-0.7011172347988293,-0.6838900177052027,1.2745597979449388
2019-05-03,-1.02108173447099,-0.6974877888623818,0.8957214095615356
2019-05-06,-0.5088146637231038,-0.6302165169638376,1.1185910175610443
2019-05-07,0.12195591284677064,-0.5841663600180321,2.2270679828552025
2019-05-08,0.13358272810898666,-0.5972384417711725,0.8777235816851406
2019-05-09,0.08973227018357453,-0.5197979743901477,1.050280223491071
2019-05-10,-0.40154522552388644,-0.5071180567488897,0.45093168166914077
2019-05-13,0.2956169870262696,-0.3897192957118195,1.6944944759221405
2019-05-14,-0.06780284321121917,-0.4323417821223598,-0.8513311529877178
2019-05-15,-0.3322391325776265,-0.40789842907868984,-1.193479291196596
2019-05-16,-0.5362832919980457,-0.47569289323118724,-1.3328722976550311
2019-05-17,-0.41561384832298887,-0.46945432121676034,-1.0853903146326456
2019-05-20,-0.3545771085517081,-0.47569289323118724,-0.8276487721669478
2019-05-21,-0.5995567473529859,-0.5197979743901477,-1.0845272871610618
2019-05-22,-0.6374520711182237,-0.4945012235358943,-1.1230769007475236
2019-05-23,-0.251264186297724,-0.3776718704656455,-0.2556570910398443
2019-05-24,-0.43507351101706704,-0.4139872153048337,-0.7801711501792251
2019-05-28,-0.15643017910803492,-0.3957645387292852,-0.07429048371963037
2019-05-29,-0.09284136493954653,-0.2949053277460502,-0.005487887053796704
2019-05-30,-0.188771899767852,-0.3124150284567681,-0.05481714484500194
2019-05-31,0.03168514643951151,-0.16453584254886228,0.538667736661426
2019-06-03,0.05415305849234924,-0.10447757670657945,0.17121785986489824
2019-06-04,-0.24296189334463408,-0.19790445878256122,-0.06950984696270734
2019-06-05,-0.3927881537300294,-0.2260510101460912,-1.3769950580812642
2019-06-06,-0.42090766521548556,-0.26024449327040744,-1.3194144828728505
2019-06-07,-0.35630280773815315,-0.28909552395656885,-1.041708739068272
2019-06-10,-0.41914206490697115,-0.37166955229089166,-1.128264622741623
2019-06-11,-0.4103299727880868,-0.3897192957118195,-0.8964025471913443
2019-06-12,-0.42444253039134455,-0.3776718704656455,-0.6479072936215717
2019-06-13,-0.44040427165790696,-0.36568140725370396,-0.41804199410735604
2019-06-14,-0.5381241506515251,-0.37166955229089166,-0.3802049855827142
2019-06-17,-0.5252635354729551,-0.37166955229089166,-0.10766049558134766
2019-06-18,-0.5621650303820739,-0.42620882086255346,0.08188634190606871
2019-06-19,-0.7187334552942946,-0.4139872153048337,-0.43165250263226335
2019-06-20,-0.6374520711182237,-0.4945012235358943,-0.07214960970978805
2019-06-21,-0.5161134624019633,-0.5453496086372213,-0.050635039828354794
2019-06-24,-0.5418093092134193,-0.5134500906127378,0.14669960220189102
2019-06-25,-0.35975705494397864,-0.4570230304172819,0.6777060764092859
2019-06-26,-0.37188158364821255,-0.48194685014901684,0.3901279476758601
2019-06-27,-0.44040427165790696,-0.4570230304172819,0.5167191192970325
2019-06-28,-0.575195639112235,-0.46945432121676034,0.46256615415022034
2019-07-01,-0.7722535144737579,-0.5197979743901477,0.2158924519900641
2019-07-02,-1.0079946988766095,-0.48821626803911006,-0.40608728572445973
2019-07-03,-1.0874454183214728,-0.5008017938449887,-0.33800477434521997
2019-07-05,-0.9328441682483902,-0.5261617876291173,-0.2207942041123509
2019-07-08,-0.7923371016021997,-0.5134500906127378,0.23420417369408458
2019-07-09,-0.7662563623174734,-0.4945012235358943,0.31429249191227443
2019-07-10,-0.9863176130840954,-0.5071180567488897,0.17004087112074925
2019-07-11,-1.0079946988766095,-0.5134500906127378,0.19306615719587517
2019-07-12,-1.1280280129266476,-0.5008017938449887,0.1710335148544497
2019-07-15,-1.0629298264853368,-0.5134500906127378,0.3303387385879933
2019-07-16,-1.0232688720653342,-0.5389375236915963,0.5974404578898664
2019-07-17,-0.7903222412993857,-0.5071180567488897,1.0804619415359387
2019-07-18,-0.8803680485785088,-0.4446523803018116,0.7296705785705067
2019-07-19,-0.6952696478867361,-0.46945432121676034,1.119773586494803
2019-07-22,-0.8803680485785088,-0.47569289323118724,0.7558816947548056
2019-07-23,-1.0785059816920557,-0.5197979743901477,0.5796733878978023
2019-07-24,-1.2016529787615369,-0.5261617876291173,0.14985309167828878
2019-07-25,-1.0496473649810414,-0.558222622294026,0.4243918047019589
2019-07-26,-1.1807505015170543,-0.5841663600180321,0.22732612676886968
2019-07-29,-1.0298402948841179,-0.558222622294026,0.32581318220113165
2019-07-30,-0.7963711558586088,-0.5325416104780061,0.8860864470386235
2019-07-31,-0.38754676338465444,-0.558222622294026,1.6987696979441413
2019-08-01,-0.0975608070265887,-0.45083016227272943,1.4672514975987245
2019-08-02,-0.13879939607139713,-0.3957645387292852,1.1569419521791355
2019-08-05,0.8006147653522478,-0.19790445878256122,2.594273061615349
2019-08-06,0.24310077353693868,-0.23739768788938995,-0.871022424197037
2019-08-07,0.14660575708659604,-0.2035088328755056,-1.0936280128085591
2019-08-08,-0.25292765210421875,-0.324155689449946,-1.4578836149366312
2019-08-09,-0.0818596224337273,-0.324155689449946,-1.5923305347067316
2019-08-12,0.36859869986457316,-0.2717455481072841,-0.6529584943645748
2019-08-13,-0.1532162983627138,-0.3597073685783116,-1.4949154642264486
2019-08-14,0.5002191494423969,-0.2203966527424135,-0.5731402208810846
2019-08-15,0.3805803758686228,-0.2035088328755056,-1.7386071157450413
2019-08-16,-0.004640505316931354,-0.23171800299581236,-2.0783062605069387
2019-08-19,-0.2579239583699686,-0.2949053277460502,-2.4762644689302578
2019-08-20,-0.15643017910803492,-0.30072847208407233,-2.208722390293705
2019-08-21,-0.44396356140069054,-0.383688429029009,-2.468567147616109
2019-08-22,-0.29146037288422766,-0.4139872153048337,-2.0312641785231804
2019-08-23,0.2009369370345314,-0.3597073685783116,-0.9399358203725281
2019-08-26,0.12195591284677064,-0.3776718704656455,-1.8296334046578335
2019-08-27,0.26256303474857,-0.3957645387292852,-1.4715176394553464
2019-08-28,0.12632170475112095,-0.40789842907868984,-1.4237141660388344
2019-08-29,-0.09598698004569214,-0.4632310585968949,-1.5767046774049582
2019-08-30,0.07199876017959589,-0.4570230304172819,-1.2931318754356296
2019-09-03,0.17104152580411722,-0.37166955229089166,-0.8441847805426461
2019-09-04,-0.18389678611698257,-0.37166955229089166,-1.2082268019174331
2019-09-05,-0.36148593501340204,-0.46945432121676034,-1.4898617173816193
2019-09-06,-0.5901620852879661,-0.48194685014901684,-1.9273846228152254
2019-09-09,-0.5399660387510994,-0.5197979743901477,-1.5641489614443438
2019-09-10,-0.5528941860487845,-0.5776555008705626,-1.3068763525593492
2019-09-11,-0.6642858766688619,-0.5646837168589349,-1.2137774717674175
2019-09-12,-0.7404151530169288,-0.6103782548201279,-1.2229175765413123
2019-09-13,-0.8370320557399233,-0.6235865047039897,-1.1523009902732355
2019-09-16,-0.6527542718937381,-0.6435287692910661,-0.5906384433759112
2019-09-17,-0.6972175554638982,-0.6368639080437167,-0.4450419759037139
2019-09-18,-0.7943534057649938,-0.6302165169638376,-0.38025470725181737
2019-09-19,-0.774255472766887,-0.6636290983899297,-0.10356909012301599
2019-09-20,-0.5307681064813954,-0.6368639080437167,0.5313562840545694
2019-09-23,-0.6070950915063102,-0.6169737806313211,0.5041534347540565
2019-09-24,-0.22972878084078066,-0.5776555008705626,1.3453536623427973
2019-09-25,-0.41561384832298887,-0.5711613148761593,0.8625606586927022
2019-09-26,-0.3962878461423306,-0.5453496086372213,0.9036827580356839
2019-09-27,-0.2018133384479875,-0.5197979743901477,1.4170655422456997
2019-09-30,-0.3666789582720179,-0.5008017938449887,1.1677297576363583
2019-10-01,0.009036667213392592,-0.4632310585968949,1.8480054008390578
2019-10-02,0.2969858765751177,-0.3418692300008407,1.6644568278272254
2019-10-03,0.09267706609185025,-0.2717455481072841,0.25516903133125385
2019-10-04,-0.2313792447440226,-0.2832989997301824,-0.23129206889672785
2019-10-07,-0.09913581530126007,-0.324155689449946,-0.3236808926509374
2019-10-08,0.2584040193226619,-0.27751569449867974,0.4709113988621088
2019-10-09,0.021138558241307243,-0.3182785645832885,-0.36879157708891896
2019-10-10,-0.1451979259441992,-0.35374736995974915,-0.606032637594253
2019-10-11,-0.4834168586827574,-0.45083016227272943,-1.0103426534834714
2019-10-15,-0.8782891771465868,-0.5071180567488897,-1.4190718250849335
2019-10-16,-0.8493456984598573,-0.5071180567488897,-1.412794557267575
2019-10-17,-0.8268115625411955,-0.5134500906127378,-1.1166981913978264
2019-10-18,-0.7344854082463294,-0.5008017938449887,-0.7357048604293535
2019-10-21,-0.784286494576306,-0.5261617876291173,-0.6371404862653756
2019-10-22,-0.6933230879071708,-0.5197979743901477,-0.4301816478003709
2019-10-23,-0.7822773889569226,-0.5261617876291173,-0.3717086147153277
2019-10-24,-0.8431821410260892,-0.5389375236915963,-0.26638506579719606
2019-10-25,-1.069594856838818,-0.5841663600180321,-0.4095905245530598
2019-10-28,-0.969095308017895,-0.6103782548201279,-0.11069251768816644
2019-10-29,-0.9498453395413964,-0.6037998380445186,-0.04252849681045172
2019-10-30,-1.141686814364111,-0.5389375236915963,-0.12906980172816876
2019-10-31,-0.9455853049422126,-0.4200906556635819,0.34301141560415377
2019-11-01,-1.1485410512873726,-0.4570230304172819,0.1710751421531424
2019-11-04,-1.0298402948841179,-0.5197979743901477,-0.028097572884357262
2019-11-05,-0.9712421864014111,-0.5325416104780061,0.18145940705196303
2019-11-06,-1.0762755001052249,-0.5008017938449887,0.2180840458502485
2019-11-07,-1.05185682909084,-0.5389375236915963,0.4649743028987429
2019-11-08,-1.2016529787615369,-0.5134500906127378,0.31659665994094827
2019-11-12,-1.0629298264853368,-0.5134500906127378,0.8345343513475842
2019-11-13,-0.9928032008365861,-0.48194685014901684,1.0823731824205236
2019-11-14,-0.9820020411773107,-0.4632310585968949,1.268348214032946
2019-11-15,-1.2063190132796866,-0.47569289323118724,1.038197749517553
2019-11-18,-1.1121762774034842,-0.4570230304172819,0.7933381060094556
2019-11-19,-1.0232688720653342,-0.4384896111815838,1.1077467148577829
2019-11-20,-1.0408270276811205,-0.40182422678561225,1.24312316914024
2019-11-21,-0.9648060505593132,-0.40789842907868984,1.3656424656685613
2019-11-22,-1.1394057017019317,-0.4323417821223598,1.2057862655263534
2019-11-25,-1.2486663580474482,-0.4632310585968949,1.114291584137969
2019-11-26,-1.3279981236137177,-0.48194685014901684,0.47372641687999206
2019-11-27,-1.2772561239579414,-0.5197979743901477,0.6776851942882406
2019-11-29,-1.0762755001052249,-0.5071180567488897,0.9670378424441146
2019-12-02,-0.6070950915063102,-0.4945012235358943,1.7574300227291633
2019-12-03,-0.41561384832298887,-0.42620882086255346,1.5641108485604438
2019-12-04,-0.6279302392277324,-0.5008017938449887,1.0491597090834615
2019-12-05,-0.6816721083076496,-0.5134500906127378,0.8762732723875682
2019-12-06,-0.8617136637865447,-0.5841663600180321,0.7646990499493579
2019-12-09,-0.4332990019794993,-0.5906939781521892,1.0510384930932415
2019-12-10,-0.46541488661605385,-0.6169737806313211,1.145893009260594
2019-12-11,-0.5920385457408814,-0.6235865047039897,1.1407404388159168
2019-12-12,-0.7963711558586088,-0.7111588637222135,0.9440981527652347
2019-12-13,-1.0740467852771043,-0.7043141139665472,0.12092318982913179
2019-12-16,-1.1853819727425559,-0.7665922892914245,0.1488498602669851
2019-12-17,-1.1508295852125816,-0.7947701152440707,0.054524088053410386
2019-12-18,-1.0852078417693038,-0.8448474764548748,0.37043158515153773
2019-12-19,-1.103158047774477,-0.8232645526075898,0.5409541905656524
2019-12-20,-1.1009079458571729,-0.8304384703900757,0.5875355632892179
2019-12-23,-1.0785059816920557,-0.8376327397396295,0.6414247562587834
2019-12-24,-1.0651497495046687,-0.8304384703900757,0.8282519620528925
2019-12-26,-1.069594856838818,-0.8304384703900757,0.9985016912267324
2019-12-27,-0.9012410806463965,-0.8089773134381134,1.156293494907268
2019-12-30,-0.6241306192483441,-0.78064206619705,1.7809786139946786
2019-12-31,-0.8288527322749146,-0.78064206619705,1.2984944079869603
2020-01-02,-1.1099189549487236,-0.8089773134381134,0.9533610893064377
2020-01-03,-0.7802697169099441,-0.7736074479693936,0.8718095953312455
2020-01-06,-0.8145957362643935,-0.8018637653097387,0.5770811669824643
2020-01-07,-0.8268115625411955,-0.8232645526075898,0.6604552212600872
2020-01-08,-0.8970541481114285,-0.852082797325581,0.6901275689176676
2020-01-09,-1.094168630402368,-0.8593388201440098,0.34261088089072256
2020-01-10,-1.0896845620738527,-0.8666156637164172,0.19961357773007346
2020-01-13,-1.1439697778702331,-0.8666156637164172,0.2547306307224102
2020-01-14,-1.1280280129266476,-0.8885723224763145,0.12238455472337158
2020-01-15,-1.1212235045775125,-0.8959336578192052,0.3235462153690904
2020-01-16,-1.1439697778702331,-0.9107207448753777,0.4433857282805728
2020-01-17,-1.1946680707941604,-0.9330643100735788,0.008092397292937321
2020-01-21,-1.0254575022690526,-0.8739134478747275,0.4185370527848919
2020-01-22,-1.0123503534720757,-0.8593388201440098,0.6108145625895278
2020-01-23,-0.9971353839448619,-0.7947701152440707,0.8292729647724313
2020-01-24,-0.6739315665484124,-0.7249040369105856,1.5268713544300194
2020-01-27,-0.04144127398556975,-0.4945012235358943,2.034272860850711
2020-01-28,-0.35975705494397864,-0.6037998380445186,0.20264213687779684
2020-01-29,-0.3408098133742943,-0.6235865047039897,0.018780306670477663
2020-01-30,-0.4997176667411263,-0.5453496086372213,0.011814519934055879
2020-01-31,0.05116764466697314,-0.4945012235358943,1.1073677165881424
2020-02-03,-0.0818596224337273,-0.5325416104780061,-0.17032461756845815
2020-02-04,-0.3997918969276505,-0.6103782548201279,-0.5954018643306414
2020-02-05,-0.5621650303820739,-0.6771183761784662,-1.274002686729168
2020-02-06,-0.5976752679530614,-0.7111588637222135,-1.411484666052372
2020-02-07,-0.5033528328188883,-0.6771183761784662,-1.014062812220398
2020-02-10,-0.5826689111033019,-0.6771183761784662,-0.9593552164172541
2020-02-11,-0.5565987529377125,-0.745662501343944,-0.8282751132429156
2020-02-12,-0.8370320557399233,-0.7876962522335708,-1.0295993823285878
2020-02-13,-0.7543002696752626,-0.8018637653097387,-0.7898033493672814
2020-02-14,-0.8493456984598573,-0.8089773134381134,-0.6911882257005366
2020-02-18,-0.6222326411935188,-0.7736074479693936,-0.08109390686918425
2020-02-19,-0.7089330321055335,-0.8018637653097387,-0.01035934386385128
2020-02-20,-0.4870310121986499,-0.7665922892914245,0.4679746660248192
2020-02-21,-0.2247822473794243,-0.7387241160446719,1.034177346538716
2020-02-24,0.8505162816126078,-0.4945012235358943,2.4383608349240493
2020-02-25,1.1508995469670722,-0.40182422678561225,0.21634137386908836
2020-02-26,1.1214471186528125,-0.34780134555944253,-0.7359130079254727
2020-02-27,2.1098686380792,-0.1480147532063663,1.156442715786096
2020-02-28,2.177312403424883,0.07264420590194146,-0.20921804175866543
2020-03-02,1.6638953167539812,0.03717540052548084,-0.7536493478755322
2020-03-03,1.9365042520369096,-0.030041005601830872,-1.0754681737843164
2020-03-04,1.5408495881213533,-0.07764157765872057,-1.8322179871126116
2020-03-05,2.1427274499189064,0.07767092359323481,-1.2882989184654687
2020-03-06,2.30284311415087,0.3578859249071815,-1.163579300770343
2020-03-09,3.0378528996843053,0.7870594695035592,0.23137525423412825
2020-03-10,2.6412461671829996,0.6705315476194547,-1.983343274129568
2020-03-11,3.0087707220116013,0.7603446284535235,-1.5796957623363197
2020-03-12,3.955871403275128,1.0534920564776324,-0.18671793719118757
2020-03-13,3.2067901929897342,1.0156152346594014,-2.496710860958067
2020-03-16,4.21293967514,1.362041631714895,-1.2318749054532168
2020-03-17,3.9722280290128036,1.37110410084074,-2.376283561219746
2020-03-18,3.99217262002776,1.5542973375686746,-2.2247313427723934
2020-03-19,3.823433579053999,1.764179837110214,-2.385788245394532
2020-03-20,3.5803155063153964,1.8329649806621633,-2.470793677684407
2020-03-23,3.384029511522238,2.021798654862704,-2.6512247696610176
2020-03-24,3.387681782935071,1.9460214916108791,-2.3988327952329684
2020-03-25,3.4898298548332827,1.8379867214019925,-2.6216261693820138
2020-03-26,3.3569459138462037,1.6234772477816,-2.5470704140707614
2020-03-27,3.5589315465407876,1.540231975694776,-2.2204919680732496
2020-03-30,3.1700606508875016,1.4918176696332783,-2.6361833646377018
2020-03-31,2.989914930174207,1.4774004719347902,-2.732837440247867
2020-04-01,3.1690745803519516,1.573858699256941,-2.158257082063306
2020-04-02,2.848190340952998,1.5905063186353836,-2.6517945042609523
2020-04-03,2.6113448446633405,1.661409253505948,-2.8002950377394082
2020-04-06,2.515956608397235,1.6152746155792361,-2.6787298384228744
2020-04-07,2.6053263504120197,1.5090108083357276,-2.876648099171144
2020-04-08,2.395882419096303,1.4889407796537963,-2.9075759551471463
2020-04-09,2.284670653986492,1.231644382815063,-2.963272713082862
2020-04-13,2.2507049101922116,1.1474279156240523,-2.750756358252632
2020-04-14,2.007434874729666,1.0294541680195164,-2.8548940799802174
2020-04-15,2.2280609286362028,1.127589653480342,-2.3788558383123135
2020-04-16,2.177312403424883,1.1075949776687428,-2.2650060286078237
2020-04-17,2.036346927519191,1.0156152346594014,-2.1921048441422495
2020-04-20,2.4268664358783885,1.0874414021052548,-1.458695876229351
2020-04-21,2.5265097765737656,1.212456561806959,-1.0885587408710364
2020-04-22,2.305525433119292,1.196355058541684,-1.4557642832283826
2020-04-23,2.2650206921754745,1.2028079328756243,-1.3785623220916765
2020-04-24,1.867657366182893,1.2538482116056895,-1.7183456830815595
2020-04-27,1.6529292795780381,1.2475240730540993,-1.8424678957974032
2020-04-28,1.6764959497040595,1.2506881136952899,-1.5933344573417094
2020-04-29,1.4731967406188884,1.2028079328756243,-1.6299717911423424
2020-04-30,1.7246939421170215,1.1242681359852857,-1.2804963467211294
2020-05-01,1.9646374833054638,1.1474279156240523,-0.634817004199973
2020-05-04,1.8707881061594962,1.1768973294931226,-0.9062042718399425
2020-05-05,1.6798466524645579,1.1142774011531136,-0.9175179331417893
2020-05-06,1.7222208809992838,1.1142774011531136,-0.6035279786514813
2020-05-07,1.492053592873618,1.1142774011531136,-0.7118552107152789
2020-05-08,1.164002815110895,1.0874414021052548,-1.0672344526377016
2020-05-11,1.1224678886136623,1.0840668463911558,-1.0752912001177781
2020-05-12,1.631719410974025,1.0534920564776324,0.05376330991204631
2020-05-13,1.8162895171766191,1.1176120212850564,0.24492368737007306
2020-05-14,1.594860189655866,1.1703781016228838,-0.12891704079465618
2020-05-15,1.5320402550219836,1.173639810426148,-0.07562344108086722
2020-05-18,1.2937068985577207,1.05007199089529,-0.18949925444681207
2020-05-19,1.4094123278881998,1.0294541680195164,-0.6246471265971971
2020-05-20,1.1650082653120188,0.9630360552001095,-0.8229709196665205
2020-05-21,1.315707768831609,0.9345416178365904,-0.5579255269044219
2020-05-22,1.1820457943014404,0.927367700054104,-0.5272180283911073
2020-05-26,1.1670180884856067,0.8134958186814018,-0.2590361853450063
2020-05-27,1.1275661909619206,0.7946408749854306,-0.2201830911429289
2020-05-28,1.224685787979156,0.7565051451388218,-0.0535580646528754
2020-05-29,1.1163379016954527,0.7984230952911999,0.05910358913295518
2020-06-01,1.189031337811003,0.6903285118941104,0.43780022622711795
2020-06-02,1.0469628653178185,0.5897610820645226,0.4666283162095475
2020-06-03,0.9204595560436093,0.42882700511400146,0.4155097934209639
2020-06-04,0.9368595294508832,0.4419103268840947,0.3826858547872702
2020-06-05,0.7925936931922243,0.29414164352506084,0.4184418756776639
2020-06-08,0.9368595294508832,0.29874832643567323,-0.21208944388995482
2020-06-09,1.1224678886136623,0.4068703463541042,0.16137949520078532
2020-06-10,1.1224678886136623,0.4807601150896212,0.36132835933968144
2020-06-11,2.2246141011159812,0.6784688881990975,2.3894011913164546
2020-06-12,1.880159181682888,0.6304678669093396,-1.0967561381738136
2020-06-15,1.7452169200340097,0.6183242926519525,-1.089491700620636
2020-06-16,1.6848649180367188,0.42006714063560513,-0.9362724609449606
2020-06-17,1.668102014626434,0.45059519237554385,-0.8979622537665721
2020-06-18,1.6231902976139867,0.5190237147582628,-0.6803217464846499
2020-06-19,1.8035000163774324,0.5232398059121313,-0.08498060155377186
2020-06-22,1.5214326538234035,0.5274488994011183,-0.27404411148205887
2020-06-23,1.4857820637161683,0.5232398059121313,-0.07512430480457276
2020-06-24,1.699035664630003,0.6101961502932229,0.545185545141607
2020-06-25,1.5610070420654876,0.6385313975342863,-0.11930523650984833
2020-06-26,1.7720798875372712,0.6824282617511426,0.40388763551937423
2020-06-29,1.5223181777560366,0.7255781978817499,-0.29345963791453883
2020-06-30,1.400181024952968,0.6942694268207509,-0.40134187562734897
2020-07-01,1.227636760745305,0.650578822780461,-0.5501010142577527
2020-07-02,1.1336717907980767,0.5856542338067501,-0.45984179866544905
2020-07-06,1.1599776096283416,0.5274488994011183,-0.15855818936925564
2020-07-07,1.3061633274909126,0.531651018415512,0.06653482499982034
2020-07-08,1.1740409944463688,0.5400344252069963,0.0004607439782277761
2020-07-09,1.289863157274233,0.5732936330000667,0.39728762745839424
2020-07-10,1.0937461964508262,0.5732936330000667,0.31643343705291965
2020-07-13,1.5583857738558644,0.5190237147582628,1.183125902873826
2020-07-14,1.3147547621268667,0.5274488994011183,0.9351981178626724
2020-07-15,1.1417921000785012,0.4331956164354091,0.6276245271883047
2020-07-16,1.1660133563514212,0.4112769126147852,0.7923698446958446
2020-07-17,0.9226518057182207,0.40245610982626207,0.6577902442030126
2020-07-20,0.7857000539341096,0.31251837788770176,0.6963059879481797
2020-07-21,0.8290763463502134,0.2145199046675196,0.8799237009690023
2020-07-22,0.7695493494106729,0.19061795350647748,1.0462348401434514
2020-07-23,0.9661408511879584,0.18099373609221242,1.540164247049075
2020-07-24,0.9401281675851761,0.1954164000562559,1.3298965816901485
2020-07-27,0.8177261951749667,0.1713328549040478,1.2757645224100655
2020-07-28,0.8962320323240753,0.1858104103701176,1.5041945516594244
2020-07-29,0.7439808376480405,0.12739758045076108,1.3873544640153213
2020-07-30,0.8199999345499212,0.12246856384571787,1.2864603564054624
2020-07-31,0.7857000539341096,0.13231703542690126,1.457065084623912
2020-08-03,0.76491787818517,0.09269156915435701,1.4715626125625738
2020-08-04,0.7040029686610555,0.11752994837072872,1.4630972908887263
2020-08-05,0.6113083404574184,0.07264420590194146,1.5161501204619845
2020-08-06,0.5693858148814495,0.08268769722721252,1.5475920642034393
2020-08-07,0.5141890281030955,0.08268769722721252,1.5236651218221682
2020-08-10,0.5040358899729978,0.09767874528463387,1.7567464525098184
2020-08-11,0.735796444111645,0.06760750465356248,2.3349039601074564
2020-08-12,0.5230432796737006,0.10265613303544996,1.8786175431110843
2020-08-13,0.5040358899729978,0.13231703542690126,1.2577428015708898
2020-08-14,0.4938459817171617,0.18099373609221242,1.4859566913595612
2020-08-17,0.403074130930575,0.1954164000562559,1.5901762723500883
2020-08-18,0.42408167751225556,0.18099373609221242,1.8194804886668383
2020-08-19,0.5556879777573654,0.17616789592052537,2.2478019969983576
2020-08-20,0.5780680920192509,0.19061795350647748,2.414666491999722
2020-08-21,0.5556879777573654,0.17616789592052537,2.545572677291173
2020-08-24,0.5343862887095856,0.13722696579887375,2.648746362444958
2020-08-25,0.4912929107669808,0.08769456606968704,2.1604956497294854
2020-08-26,0.6453699127799752,0.06256078011250714,2.5706994158293615
2020-08-27,0.7868501673429367,0.04227284595017966,2.4616353087063314
2020-08-28,0.6076342345249578,0.05243710101960705,2.3808860276509787
2020-08-31,1.001520124863124,0.06256078011250714,3.012909492128611
2020-09-01,0.9704531160661539,0.03717540052548084,3.114469595831472
2020-09-02,1.0185148780119397,0.016682535516082807,2.90932018622025
2020-09-03,1.6790091910597438,0.07264420590194146,3.264305589890154
2020-09-04,1.429615071477049,0.11752994837072872,0.40007266483747156
2020-09-08,1.4938427719521932,0.17616789592052537,0.7006338915526528
2020-09-09,1.246254165898888,0.13231703542690126,-0.3966829111647828
2020-09-10,1.332806380536822,0.13231703542690126,-0.3733269583797805
2020-09-11,1.050106137591944,0.15677217426217976,-0.8587789847876873
2020-09-14,0.9412168703630522,0.14212740837677743,-0.7387747526747345
2020-09-15,0.9127734128853437,0.12246856384571787,-0.6972449999654639
2020-09-16,0.9618221732702912,0.08769456606968704,-0.3556613680345569
2020-09-17,1.0068419442036738,0.12246856384571787,-0.012722560874980105
2020-09-18,0.9390390433914999,0.13231703542690126,0.04122281405080117
2020-09-21,1.143818569216875,0.2569837883546618,0.43622343828137117
2020-09-22,1.0490587702813305,0.2709818638862947,0.35152235306805907
2020-09-23,1.2237014422214756,0.2802711718735121,0.7374580352825882
2020-09-24,1.2168015510276347,0.3578859249071815,0.12422618864532307
2020-09-25,0.9983220729451454,0.3578859249071815,0.04993483166220885
2020-09-28,0.9779835082797419,0.30334665633552027,-0.09715934820057905
2020-09-29,0.986565093846653,0.29414164352506084,-0.19764748689096795
2020-09-30,0.9972554508830822,0.25230054003394997,0.06569579488842912
2020-10-01,1.0322480545980794,0.22875368335308566,0.3156194920499126
2020-10-02,1.1285845495811835,0.23819867842330544,0.6843344797484331
2020-10-05,1.1619908361960878,0.14212740837677743,0.8437232021388739
2020-10-06,1.3109395041546517,0.08268769722721252,0.7857635505207408
2020-10-07,1.172036183279273,0.06256078011250714,0.4884427460043114
2020-10-08,0.9961882207371433,0.03717540052548084,-7.350713660155673e-05
2020-10-09,0.8471418031532489,0.01153333934103209,-0.08002977998403027
2020-10-13,0.9650617515222034,-0.009168638846598739,0.1046805661815451
2020-10-14,1.0004545113863308,-0.0039772793163238345,0.3750657185061779
2020-10-15,1.0605580254712812,0.057503992305485994,0.6822160804050164
2020-10-16,1.1060913548556774,0.02182129764918359,1.0368840482294028
2020-10-19,1.2821597021840254,0.0063736666660343805,1.602874574673576
2020-10-20,1.2985044314194085,0.001203474773410482,1.33757504818127
2020-10-21,1.2305844544789521,0.0063736666660343805,1.468852513982709
2020-10-22,1.177045535358286,-0.009168638846598739,1.6487617473547953
2020-10-23,1.1204259782352877,-0.014370647326959963,1.74045542653567
2020-10-26,1.5818877528516726,0.06760750465356248,2.7239597588020636
2020-10-27,1.6579957397579415,0.08268769722721252,2.112949277279997
2020-10-28,2.189212453469602,0.1954164000562559,3.2245784869837686
2020-10-29,1.9947388530661379,0.17616789592052537,1.0437686619379045
2020-10-30,2.026742548341196,0.17616789592052537,1.2610938755157448
2020-11-02,1.9600945757865855,0.17616789592052537,1.2971411306197995
2020-11-03,1.837740900157891,0.08769456606968704,1.2119244485041263
2020-11-04,1.3195163895662725,-0.05637538808989588,0.2228053382220694
2020-11-05,1.1234882883865305,-0.16453584254886228,-0.4301108247338811
2020-11-06,0.831340935832776,-0.12071655372073226,-1.0431230739062116
2020-11-09,0.9303110480439462,-0.3776718704656455,-0.5854841607123364
2020-11-10,0.8245416920923322,-0.28909552395656885,-0.6673734942884513
2020-11-12,0.8862602818650563,-0.1480147532063663,-0.0719375010825807
2020-11-13,0.6247389317148058,-0.142531554864944,-0.37039163792252755
2020-11-16,0.5444306907705431,-0.21475487456470463,-0.5408034018459179
2020-11-17,0.576829372024505,-0.2260510101460912,-0.46545345662002496
2020-11-18,0.713460743002307,-0.26024449327040744,-0.008096230503737688
2020-11-19,0.6259567427110914,-0.2260510101460912,-0.1470246085918055
2020-11-20,0.6968887731646786,-0.2203966527424135,0.2179117455819147
2020-11-23,0.5706278155004016,-0.25451346654897533,0.18922181142150982
2020-11-24,0.44103547489689066,-0.324155689449946,0.17165461257243905
2020-11-25,0.3898642539372321,-0.3124150284567681,-0.23287189020607
2020-11-27,0.33504609737353297,-0.30072847208407233,-0.046177755440595394
2020-11-30,0.29835410046825944,-0.3124150284567681,0.1514565829619086
2020-12-01,0.3255792634939226,-0.383688429029009,0.41233356525426207
2020-12-02,0.3792515672025838,-0.40789842907868984,0.41751341154763416
2020-12-03,0.3938338087145505,-0.45083016227272943,0.6987654539980044
2020-12-04,0.32828739866969364,-0.4945012235358943,0.8580607623421547
2020-12-07,0.396476818767262,-0.4945012235358943,0.9604644070890513
2020-12-08,0.31336055489478115,-0.4945012235358943,1.0696752514145231
2020-12-09,0.5217800912120335,-0.48821626803911006,1.6279457426732857
2020-12-10,0.5531901948701803,-0.4632310585968949,1.5749824583711518
2020-12-11,0.6502022336944975,-0.4323417821223598,1.98477724864928
2020-12-14,0.815450616906597,-0.46945432121676034,2.492415986451154
2020-12-15,0.5990428515136675,-0.47569289323118724,2.269009834049908
2020-12-16,0.5506901926668145,-0.47569289323118724,1.555297587620424
2020-12-17,0.4784917121934612,-0.48194685014901684,1.6793891890421575
2020-12-18,0.431919183648462,-0.4945012235358943,1.7003494890099533
2020-12-21,0.8650920091584233,-0.40182422678561225,2.567912324195337
2020-12-22,0.7591175209256878,-0.4384896111815838,2.5636768772631404
2020-12-23,0.6502022336944975,-0.46945432121676034,2.6022015775662823
2020-12-24,0.42669668909782044,-0.48194685014901684,2.4579716045255013
2020-12-28,0.44882621078378027,-0.5841663600180321,2.605291961198216
2020-12-29,0.6223017273140093,-0.6103782548201279,2.608992884171692
2020-12-30,0.5842535250170682,-0.5972384417711725,2.7459719997731358
2020-12-31,0.5817809832981257,-0.6037998380445186,2.9424429316374066
2021-01-04,1.0605580254712812,-0.558222622294026,3.7351629183674158
2021-01-05,0.8851501014230584,-0.5646837168589349,2.5102920964894153
2021-01-06,0.8550090859761735,-0.6435287692910661,2.4641258921142213
2021-01-07,0.5343862887095856,-0.6569112712961324,2.0008309984032375
2021-01-08,0.4306144062644787,-0.6703647683389249,1.1128112220615618
2021-01-11,0.7416448040513703,-0.6302165169638376,1.7515510432238108
2021-01-12,0.6526154005321335,-0.6103782548201279,1.6748764849403865
2021-01-13,0.5141890281030955,-0.6302165169638376,1.703070348390826
2021-01-14,0.6429505211470743,-0.690679789485236,2.124797658072887
2021-01-15,0.7718623395386314,-0.6838900177052027,2.5107393039880512
2021-01-19,0.641740044751877,-0.7043141139665472,2.2444568843050385
2021-01-20,0.4332233562550143,-0.7318046622431363,1.8209386875842306
2021-01-21,0.3991176001848585,-0.745662501343944,1.156830803925266
2021-01-22,0.4759244197584219,-0.6771183761784662,1.5348960400056044
2021-01-25,0.6356800704705132,-0.6771183761784662,1.9870846967256586
2021-01-26,0.614977655008374,-0.6838900177052027,2.120750328697466
2021-01-27,1.9661502534547795,-0.6103782548201279,4.547819584766721
2021-01-28,1.3797648804966565,-0.6703647683389249,1.6351526980605655
2021-01-29,1.635974129680215,-0.6502111927754375,2.1471919515751354
2021-02-01,1.3825576870551346,-0.6235865047039897,1.1073659881531424
2021-02-02,0.9094728232466066,-0.6771183761784662,0.11801862426111348
2021-02-03,0.6015002773207563,-0.7249040369105856,-0.4398852381072886
2021-02-04,0.4578879757096349,-0.7526199220176769,-0.38683778056304974
2021-02-05,0.3390936918233622,-0.7947701152440707,-0.5466184425589008
2021-02-08,0.3885398235345517,-0.8232645526075898,-0.21392800927690922
2021-02-09,0.43973491909945844,-0.8448474764548748,0.03208836204018604
2021-02-10,0.48617932045603945,-0.8448474764548748,0.38557653244365686
2021-02-11,0.3898642539372321,-0.852082797325581,0.5028479466482462
2021-02-12,0.21506169048690355,-0.8666156637164172,0.47976807893775936
2021-02-16,0.41753349590108374,-0.9181467479706902,0.9892276478074743
2021-02-17,0.42277325976795505,-0.8959336578192052,1.2558859001437683
2021-02-18,0.5494393580884471,-0.8812322934883755,1.7169366150848695
2021-02-19,0.4938459817171617,-0.9181467479706902,1.7890050393674857
2021-02-22,0.6670508707234587,-0.8959336578192052,2.298770700629299
2021-02-23,0.6259567427110914,-0.8739134478747275,2.1535196865002995
2021-02-24,0.4017559054259359,-0.9107207448753777,2.0194044656907955
2021-02-25,1.2540564178187168,-0.9107207448753777,3.0089671630349577
2021-02-26,1.1609844989781772,-0.8376327397396295,1.168448074087345
2021-03-01,0.6550264994842925,-0.8232645526075898,0.5586328698646805
2021-03-02,0.7439808376480405,-0.8304384703900757,-0.20988587626361155
2021-03-03,1.0290847577172373,-0.8448474764548748,0.43269275563206955
2021-03-04,1.2227167519779465,-0.8232645526075898,0.7065525324919998
2021-03-05,0.8086130365636163,-0.78064206619705,0.03524287565385431
2021-03-08,0.8995479707660301,-0.8018637653097387,-0.10039044323335103
2021-03-09,0.735796444111645,-0.7665922892914245,-0.12007309649016784
2021-03-10,0.5581833073802486,-0.7595964827999047,-0.47865793728299183
2021-03-11,0.4759244197584219,-0.8376327397396295,-0.39546266515871525
2021-03-12,0.31472084124774735,-0.8161108715735107,-0.5718546587743232
2021-03-15,0.223502953788302,-0.8161108715735107,-0.4399809404814022
2021-03-16,0.18958569575756784,-0.8161108715735107,-0.29768759516823634
2021-03-17,0.10881802400025681,-0.745662501343944,-0.1555703354771733
2021-03-18,0.4332233562550143,-0.7387241160446719,0.6125580878729812
2021-03-19,0.3498586408972696,-0.7318046622431363,0.13674339126370438
2021-03-22,0.05713502380193885,-0.7947701152440707,-0.07452353915188828
2021-03-23,0.26117729110408533,-0.8018637653097387,0.3375269930396645
2021-03-24,0.3832361120284735,-0.8448474764548748,0.610649389745778
2021-03-25,0.19242759899117942,-0.8304384703900757,0.4818854623675156
2021-03-26,0.05415305849234924,-0.8666156637164172,0.40913793823288813
2021-03-29,0.32151216718298037,-0.9033164235717782,0.2817202693634269
2021-03-30,0.16387665063911763,-0.8959336578192052,0.29609680207887973
2021-03-31,0.13358272810898666,-0.955606487344165,0.48959075764767623
2021-04-01,-0.18389678611698257,-0.9783508393065258,0.17300820807991169
2021-04-05,-0.0912698751665825,-1.0400190024843234,0.1475842994124633
2021-04-06,-0.058470322882061,-1.0400190024843234,-0.20853650925188666
2021-04-07,-0.2116341614980446,-1.0635367436234293,-0.1895397455444137
2021-04-08,-0.2462796814447042,-1.0714247071989145,0.013525542643650862
2021-04-09,-0.2897739765181184,-1.0478340417813616,0.11253911143899364
2021-04-12,-0.25292765210421875,-1.0478340417813616,0.21002253939336338
2021-04-13,-0.29652563497194456,-0.9859778472959273,0.3920252297737661
2021-04-14,-0.23964769696706015,-1.0400190024843234,0.6889085456552099
2021-04-15,-0.3100774266020671,-1.0400190024843234,0.7532116924949611
2021-04-16,-0.3649468853683163,-1.0635367436234293,0.3196223872075234
2021-04-19,-0.19039850614018086,-1.0400190024843234,0.7947397811138169
2021-04-20,0.02717018401602274,-0.9631652954587496,1.2615071804681641
2021-04-21,-0.15643017910803492,-0.9707467009406204,0.9113500515560631
2021-04-22,0.03168514643951151,-0.9707467009406204,1.0097475164699279
2021-04-23,-0.18389678611698257,-1.008997475051768,0.5106009707594562
2021-04-26,-0.1340103337511081,-1.0322279725624302,0.3431909974085644
2021-04-27,-0.14679983455029477,-1.0478340417813616,0.5588613479555326
2021-04-28,-0.19202636397730305,-1.0322279725624302,0.7339472661690862
2021-04-29,-0.13879939607139713,-1.0478340417813616,1.0620125428305136
2021-04-30,0.01660662689818483,-1.0167173539050742,1.3246719291251512
2021-05-03,-0.029120793145224276,-1.024460804944124,1.2421127678722519
2021-05-04,0.1451616963040834,-0.9859778472959273,1.7330370528160983
2021-05-05,0.09708820898687445,-1.008997475051768,1.6492665129135629
2021-05-06,-0.016854025693821852,-1.0013010253053578,1.6900364423905099
2021-05-07,-0.2897739765181184,-1.024460804944124,1.0587977035678888
2021-05-10,0.17104152580411722,-1.0322279725624302,1.717415339031126
2021-05-11,0.4669206499745493,-0.955606487344165,1.8818960349920058
2021-05-12,1.1245083182398246,-0.9707467009406204,2.791713170895802
2021-05-13,0.6283905525541221,-0.9480701422882929,0.6121852315640257
2021-05-14,0.0466835762248758,-0.9631652954587496,-0.43273427602546877
2021-05-17,0.17961541645663193,-0.9631652954587496,-0.4974630148420016
2021-05-18,0.4017559054259359,-0.9631652954587496,0.1292267233624397
2021-05-19,0.51038604468214,-0.9255945602106564,0.3890498068182259
2021-05-20,0.31199961058896036,-0.9107207448753777,0.3219968388964447
2021-05-21,0.24030935233112025,-0.9480701422882929,0.14396630658366286
2021-05-24,-0.015324396735659624,-0.9480701422882929,-0.0024381461197625514
2021-05-25,0.05116764466697314,-0.9707467009406204,0.0461261336835782
2021-05-26,-0.1790301046844895,-0.9631652954587496,-0.07700973150454427
2021-05-27,-0.2813574432784829,-1.0013010253053578,0.004878667090434384
2021-05-28,-0.2779977386125719,-1.008997475051768,0.26670612803016885
2021-06-01,-0.09284136493954653,-0.9783508393065258,0.8047274286891729
2021-06-02,-0.15964773504494845,-0.9936278628857486,0.93648317207011
2021-06-03,-0.07092027728022235,-1.0167173539050742,1.3042702347356065
2021-06-04,-0.3356642727098069,-1.0167173539050742,1.018731241056365
2021-06-07,-0.3356642727098069,-1.024460804944124,0.7543696584345002
2021-06-08,-0.22643012581880678,-1.0322279725624302,1.160413856161569
2021-06-09,-0.09441373290522745,-1.0635367436234293,1.600715833542112
2021-06-10,-0.3910399385282745,-1.0556732388889847,1.3185679051629973
2021-06-11,-0.4708034978964626,-1.0714247071989145,1.2362649380649864
2021-06-14,-0.3408098133742943,-1.1032242241096037,1.632667180724269
2021-06-15,-0.2346837104320414,-1.1032242241096037,1.9606801869627168
2021-06-16,-0.053815940681907495,-1.1435426925029069,2.414391529081528
2021-06-17,-0.11651904293645278,-1.1192747729098933,2.207624144085429
2021-06-18,0.31608047028373015,-1.0952368844517772,3.097859701325954
2021-06-21,-0.09441373290522745,-1.1273383035348405,1.2491272366710036
2021-06-22,-0.2948362008962717,-1.1192747729098933,0.16188731590778246
2021-06-23,-0.3528524671273444,-1.1354275551941653,0.19742576039554088
2021-06-24,-0.41385139771948637,-1.1762654464524727,0.34091768045822524
2021-06-25,-0.4762022771478492,-1.209415960923411,0.30772020679890966
2021-06-28,-0.4510958471016636,-1.2010876176584335,0.5228578058352323
2021-06-29,-0.40505583384313687,-1.217771745237184,0.8096756102784243
2021-06-30,-0.43862622903488424,-1.209415960923411,0.9809402821333607
2021-07-01,-0.5015347493911504,-1.2261551520286675,1.0927488416844022
2021-07-02,-0.5770621415747027,-1.209415960923411,0.95956476762372
2021-07-06,-0.3322391325776265,-1.2010876176584335,1.1681194435395308
2021-07-07,-0.373617600777181,-1.2010876176584335,1.2962634190086122
2021-07-08,0.07496216472661593,-1.1273383035348405,2.144973399473999
2021-07-09,-0.3770935150309302,-1.1845125374441134,1.1350657490944145
2021-07-12,-0.378833083735618,-1.2010876176584335,0.6629910293602396
2021-07-13,-0.21820036774505594,-1.209415960923411,1.0856913468427691
2021-07-14,-0.3511288821691524,-1.1598512904761433,1.02639297344137
2021-07-15,-0.23633739973418955,-1.1273383035348405,1.4215628484975396
2021-07-16,-0.007688700613300113,-1.0952368844517772,1.9250765988661167
2021-07-19,0.5506901926668145,-0.8959336578192052,2.6109963177738815
2021-07-20,0.1810419069333251,-0.9405561271764199,1.044773389130974
2021-07-21,-0.0912698751665825,-1.0478340417813616,0.0621017407533929
2021-07-22,-0.12604612710498125,-1.0478340417813616,0.03984864902048217
2021-07-23,-0.2050829308937174,-1.0635367436234293,0.1571615319398761
2021-07-26,-0.1435969288290705,-1.0714247071989145,0.11428186251140718
2021-07-27,0.12777546466529568,-1.024460804944124,0.7929611422221696
2021-07-28,-0.029120793145224276,-1.0322279725624302,0.7031365788297825
2021-07-29,-0.12445598735072498,-1.0556732388889847,0.7973248023835643
2021-07-30,-0.03989822356227237,-1.0322279725624302,1.0912594614262803
2021-08-02,0.14227134944219583,-0.955606487344165,1.4989343835090223
2021-08-03,-0.07092027728022235,-0.9107207448753777,1.3610750354958956
2021-08-04,-0.0818596224337273,-0.9107207448753777,1.1889168069458182
2021-08-05,-0.19202636397730305,-0.9480701422882929,1.102568520266233
2021-08-06,-0.3823154509498823,-0.9859778472959273,0.7888360050203025
2021-08-09,-0.2847211644207293,-0.9707467009406204,1.160908279911816
2021-08-10,-0.2729656915591456,-0.9859778472959273,1.3975493305833235
2021-08-11,-0.378833083735618,-0.9480701422882929,1.4268831297791933
2021-08-12,-0.4816114352544354,-0.9707467009406204,1.4147956770690935
2021-08-13,-0.5069928751330863,-0.955606487344165,1.4948763805594818
2021-08-16,-0.38754676338465444,-0.9405561271764199,1.8505449393757412
2021-08-17,-0.0912698751665825,-0.9480701422882929,2.4625743274684093
2021-08-18,0.431919183648462,-0.9631652954587496,3.087834201836872
2021-08-19,0.4449335392812663,-0.9107207448753777,2.3849071050690536
2021-08-20,0.009036667213392592,-0.9480701422882929,1.8791932791995982
2021-08-23,-0.21327435528811306,-0.9707467009406204,1.3036462998679947
2021-08-24,-0.2018133384479875,-1.0322279725624302,1.072684823442479
2021-08-25,-0.2729656915591456,-1.0635367436234293,1.171619903454786
2021-08-26,0.05116764466697314,-1.0793372822450826,1.892530217097744
2021-08-27,-0.3408098133742943,-1.1032242241096037,1.2267820410445027
2021-08-30,-0.37535502115391334,-1.1112368002695667,0.8771695886167888
2021-08-31,-0.32540166104818363,-1.0714247071989145,1.0662870593552956
2021-09-01,-0.38929280886223966,-1.087274622824725,1.170680969750093
2021-09-02,-0.3373784075967689,-1.1112368002695667,1.467900912248534
2021-09-03,-0.3373784075967689,-1.1273383035348405,1.5996308450051804
2021-09-07,-0.05536664471690828,-1.1112368002695667,2.257722837158461
2021-09-08,-0.0834258637482339,-1.1112368002695667,2.287365518668747
2021-09-09,0.04518729731675127,-1.1192747729098933,2.6682002158228917
2021-09-10,0.3498586408972696,-1.15168388166149,3.1618210799509336
2021-09-13,0.12922847384712063,-1.1680450883796576,2.421033748783713
2021-09-14,0.14227134944219583,-1.15168388166149,2.5830289889970612
2021-09-15,-0.04916894981671049,-1.1762654464524727,2.2077935705700735
2021-09-16,0.028676072336794273,-1.1927865357949687,1.982604146947188
2021-09-17,0.33099267191982157,-1.209415960923411,2.6648632111219626
2021-09-20,0.925936772194493,-1.0556732388889847,3.1513348977403663
2021-09-21,0.7741734298363712,-1.1032242241096037,1.7312317712020096
2021-09-22,0.3390936918233622,-1.1680450883796576,1.2762203254479618
2021-09-23,0.019628629343882924,-1.217771745237184,0.60951943600068
2021-09-24,-0.11651904293645278,-1.2010876176584335,0.08513437601155402
2021-09-27,0.03919449804107691,-1.1927865357949687,0.5902487240847862
2021-09-28,0.6429505211470743,-1.1354275551941653,1.7951115187134712
2021-09-29,0.5581833073802486,-1.1680450883796576,0.5086204323032818
2021-09-30,0.6296067844345412,-1.1192747729098933,0.89150396118202
2021-10-01,0.36993254785720786,-1.0793372822450826,0.30041037982678354
2021-10-04,0.6076342345249578,-1.0714247071989145,0.579434129193893
2021-10-05,0.396476818767262,-1.1032242241096037,0.07628537574506801
2021-10-06,0.35656578337847594,-1.008997475051768,0.021010641549427642
2021-10-07,0.15381496490929697,-1.087274622824725,-0.0774140282217209
2021-10-08,0.040693966380271396,-1.0793372822450826,-0.1962550099820823
2021-10-12,0.19810334944669766,-1.0167173539050742,0.41793072383834423
2021-10-13,0.021138558241307243,-1.0400190024843234,0.37395314609438424
2021-10-14,-0.2612594466186487,-1.0952368844517772,0.12446658753921765
2021-10-15,-0.35630280773815315,-1.1435426925029069,-0.7331746180181619
2021-10-18,-0.3545771085517081,-1.15168388166149,-0.6354574035748336
2021-10-19,-0.4618283747907039,-1.1680450883796576,-0.5702318202052674
2021-10-20,-0.4997176667411263,-1.1845125374441134,-0.5744779650922495
2021-10-21,-0.5882868754205396,-1.217771745237184,-0.5130381783749193
2021-10-22,-0.5106374587331607,-1.1845125374441134,-0.1562263688965539
2021-10-25,-0.5454994767238471,-1.15168388166149,0.034377490918187106
2021-10-26,-0.4120902183155121,-1.1680450883796576,0.3581359212943592
2021-10-27,-0.2413043071887505,-1.15168388166149,0.8744005569815093
2021-10-28,-0.3168777154079687,-1.1762654464524727,0.8746074304457478
2021-10-29,-0.3632158780522154,-1.1762654464524727,0.5263916194063045
2021-11-01,-0.3373784075967689,-1.1112368002695667,0.7858358135363969
2021-11-02,-0.403299982164992,-1.0714247071989145,0.8934082524341921
2021-11-03,-0.5714663446034912,-1.0952368844517772,0.7404014472843297
2021-11-04,-0.5088146637231038,-1.087274622824725,0.8213081296306253
2021-11-05,-0.32540166104818363,-1.1435426925029069,1.195277068635719
2021-11-08,-0.2018133384479875,-1.217771745237184,1.5317716496691502
2021-11-09,-0.11176741962480184,-1.1762654464524727,1.8853887630474024
2021-11-10,0.03469129248037443,-1.1927865357949687,2.2399087984822184
2021-11-12,-0.35802923653845653,-1.1680450883796576,1.511531997014246
2021-11-15,-0.32369480483449126,-1.1598512904761433,1.3473334676662254
2021-11-16,-0.3442450811630941,-1.1435426925029069,1.5247419130694777
2021-11-17,-0.21984439478816428,-1.1032242241096037,1.8056684406769878
2021-11-18,-0.14199684216821615,-1.087274622824725,2.0816570746445384
2021-11-19,-0.0912698751665825,-1.0478340417813616,2.254464689752379
2021-11-22,0.10002532026171265,-1.0952368844517772,2.722743138355784
2021-11-23,0.13068045615289334,-1.0013010253053578,2.8727268322456543
2021-11-24,0.012067095475774177,-0.9859778472959273,2.8332809852254113
2021-11-26,1.227636760745305,-0.7665922892914245,4.898501623975839
2021-11-29,0.6076342345249578,-0.8304384703900757,1.1522770610148145
2021-11-30,1.0834168949028242,-0.7318046622431363,1.7075068864327783
2021-12-01,1.4632688387290773,-0.7947701152440707,1.5817424218903526
2021-12-02,1.1609844989781772,-0.8232645526075898,1.0889629012400748
2021-12-03,1.422285376061864,-0.8089773134381134,1.2992701903912371
2021-12-06,1.0823818563478544,-0.9181467479706902,0.8680823261086965
2021-12-07,0.4733547827100523,-1.1112368002695667,-0.14080223667765068
2021-12-08,0.20518170535511768,-1.0714247071989145,-1.0959700552125362
2021-12-09,0.4332233562550143,-1.0400190024843234,-0.4490877336241364
2021-12-10,0.028676072336794273,-1.008997475051768,-0.9154416820236169
2021-12-13,0.26256303474857,-0.9783508393065258,-0.4401273412718636
2021-12-14,0.4733547827100523,-0.9631652954587496,0.007347204662618967
2021-12-15,0.11758361454744691,-0.9783508393065258,-0.4053048161285917
2021-12-16,0.29835410046825944,-0.9859778472959273,-0.3891398966675091
2021-12-17,0.431919183648462,-0.955606487344165,-0.06528968334318935
2021-12-20,0.5965835122179997,-0.9181467479706902,0.22042465667346264
2021-12-21,0.35790534651163547,-1.0400190024843234,-0.1524917423437524
2021-12-22,0.019628629343882924,-1.0714247071989145,-1.0832021061755535
2021-12-23,-0.0834258637482339,-1.1435426925029069,-1.164814997507737
2021-12-27,-0.12763716602587294,-1.2261551520286675,-1.0353450686945413
2021-12-28,-0.1500060844227287,-1.2345663645320488,-1.2167413997097896
2021-12-29,-0.2462796814447042,-1.217771745237184,-1.0921488401520254
2021-12-30,-0.18389678611698257,-1.1680450883796576,-0.7155858163035276
2021-12-31,-0.2018133384479875,-1.1598512904761433,-0.49150016153276255
2022-01-03,-0.30498773154479286,-1.2010876176584335,-0.4090414250536019
2022-01-04,-0.25292765210421875,-1.1680450883796576,-0.1726544823289087
2022-01-05,0.1810419069333251,-1.1845125374441134,0.7963030456479185
2022-01-06,0.16387665063911763,-1.1192747729098933,-0.17352271136671482
2022-01-07,0.03919449804107691,-1.0793372822450826,-0.10383426780254712
2022-01-10,0.13358272810898666,-1.0478340417813616,0.2716286506750197
2022-01-11,-0.013795598890816354,-1.0952368844517772,0.29260322670352973
2022-01-12,-0.13720203457086785,-1.1927865357949687,0.05467101433315025
2022-01-13,0.26256303474857,-1.1598512904761433,0.9399083519280866
2022-01-14,0.10295936878474153,-1.1680450883796576,0.24271493166667923
2022-01-18,0.5867238958856572,-1.1435426925029069,1.296027794498714
2022-01-19,0.7146407607557635,-1.15168388166149,0.7680862417600031
2022-01-20,0.9127734128853437,-1.1598512904761433,1.0738007069642543
2022-01-21,1.2501580892873376,-1.008997475051768,1.5716382332154542
2022-01-24,1.3507431035747413,-0.8959336578192052,1.1201330904949454
2022-01-25,1.4668829922449698,-0.9330643100735788,1.5556611838395107
2022-01-26,1.538209632612215,-1.0400190024843234,1.62133574818283
2022-01-27,1.4057233699002238,-0.8812322934883755,1.6727333602587382
2022-01-28,1.131637997926276,-0.7736074479693936,1.4415613561554608
2022-01-31,0.8279433677486102,-0.7595964827999047,-0.05761206961852709
2022-02-01,0.4823380196592048,-0.8448474764548748,-0.8563788353444837
2022-02-02,0.49894567022202513,-0.8885723224763145,-0.6134147739391455
2022-02-03,0.7730181219711996,-0.8448474764548748,-0.043886482359233155
2022-02-04,0.6393175285636316,-0.8089773134381134,-0.8681352129487663
2022-02-07,0.5953529186124692,-0.78064206619705,-0.6794601017096803
2022-02-08,0.41491020059291245,-0.8161108715735107,-0.7000789714510967
2022-02-09,0.21365234788980095,-0.8812322934883755,-0.862572083224218
2022-02-10,0.7217102691611932,-0.8959336578192052,-0.13852401361395023
2022-02-11,1.1009541524678699,-0.7387241160446719,0.2082779172567509
2022-02-14,1.198980777750766,-0.6838900177052027,0.0637252791300239
2022-02-15,0.9248423486586745,-0.7318046622431363,-0.106224541058104
2022-02-16,0.7660765161387746,-0.7249040369105856,-0.4708439285844647
2022-02-17,1.177045535358286,-0.6838900177052027,0.4875539338942516
2022-02-18,1.1407783179339426,-0.6569112712961324,-0.008029125715721746
2022-02-22,1.246254165898888,-0.6771183761784662,0.3931259937557491
2022-02-23,1.4542128328495632,-0.6974877888623818,0.8353277255512218
2022-02-24,1.389991470149783,-0.558222622294026,0.518974869355969
2022-02-25,1.1245083182398246,-0.7665922892914245,0.04701037981441352
2022-02-28,1.3741711153558374,-0.6636290983899297,0.09878191288610375
2022-03-01,1.6554636500314555,-0.5841663600180321,0.8427479318772018
2022-03-02,1.4286998812481781,-0.7043141139665472,0.43258193835381925
2022-03-03,1.4048003742038788,-0.7043141139665472,0.23651487093369047
2022-03-04,1.5399698781396405,-0.5776555008705626,0.7160601846855453
2022-03-07,1.9080868815153222,-0.5071180567488897,1.5056270943170535
2022-03-08,1.804301237448118,-0.4945012235358943,0.46100797370194607
2022-03-09,1.5810209478343045,-0.5517779473009803,0.32807485903770695
2022-03-10,1.3816270595105704,-0.5134500906127378,-0.4594101832426546
2022-03-11,1.429615071477049,-0.48194685014901684,-0.10414063623155942
2022-03-14,1.5214326538234035,-0.4139872153048337,0.1559590258107914
2022-03-15,1.3441481801650008,-0.383688429029009,0.0972772136278089
2022-03-16,1.0290847577172373,-0.5389375236915963,-0.6935286812935938
2022-03-17,0.9215558943888909,-0.6368639080437167,-1.09378847461652
2022-03-18,0.7169993126553152,-0.6368639080437167,-1.293773981978894
2022-03-21,0.6766334603280221,-0.7318046622431363,-1.1973471905976483
2022-03-22,0.6051823964503532,-0.7111588637222135,-1.018018670006186
2022-03-23,0.6814124307057687,-0.6974877888623818,-0.7856599894904812
2022-03-24,0.4449335392812663,-0.7318046622431363,-1.1165021858263184
2022-03-25,0.33099267191982157,-0.8448474764548748,-1.329184297378263
2022-03-28,0.1667446264283087,-0.8232645526075898,-1.3399271108625073
2022-03-29,0.06011411610173583,-0.9405561271764199,-1.306941582032696
2022-03-30,0.12341192961983419,-0.9783508393065258,-1.1794855709717988
2022-03-31,0.2969858765751177,-0.9033164235717782,-0.6796455409917632
2022-04-01,0.1667446264283087,-0.9255945602106564,-1.0534130462609006
2022-04-04,0.01055228932759667,-0.9783508393065258,-1.0360094631272745
2022-04-05,0.3605825610448366,-1.024460804944124,-0.3333639544991249
2022-04-06,0.5002191494423969,-0.8666156637164172,-0.16493239520498257
2022-04-07,0.4293090235419037,-0.8232645526075898,-0.2113502217039987
2022-04-08,0.37792213068909253,-0.8018637653097387,-0.07002483869076738
2022-04-11,0.7753282635237029,-0.690679789485236,0.8382458433648502
2022-04-12,0.7625991699613945,-0.6771183761784662,0.3785309684328621
2022-04-13,0.4643427731719452,-0.6636290983899297,0.1422712751012181
2022-04-14,0.5755903428635638,-0.7249040369105856,0.2870248701772926
2022-04-18,0.509117159745559,-0.7526199220176769,0.08721620537927535
2022-04-19,0.40570873060151563,-0.7947701152440707,0.19816078948173174
2022-04-20,0.26394809624909815,-0.8089773134381134,-0.37642688256130097
2022-04-21,0.5731101732387558,-0.852082797325581,0.4064932167107917
2022-04-22,1.1870371829494661,-0.745662501343944,1.1404082766527086
2022-04-25,1.065769644548447,-0.6435287692910661,-0.13955503464134292
2022-04-26,1.6723021123151554,-0.6235865047039897,1.0909575944440353
2022-04-27,1.5063362895270367,-0.5841663600180321,-0.010326183383355276
2022-04-28,1.3591996918407325,-0.6235865047039897,0.03778416584277326
2022-04-29,1.6622112606319612,-0.558222622294026,0.12245605592652646
2022-05-02,1.5714667671921092,-0.48194685014901684,-0.9247919631623925
2022-05-03,1.2889013550729764,-0.5325416104780061,-1.1094003111511592
2022-05-04,0.8940190929338595,-0.45083016227272943,-1.4689640226941765
2022-05-05,1.4704926813812902,-0.4945012235358943,-0.9611812560187909
2022-05-06,1.3779016459868707,-0.40182422678561225,-1.6669332937159127
2022-05-09,1.773699779546277,-0.23171800299581236,-0.7403318993770645
2022-05-10,1.62745824874937,-0.2035088328755056,-1.3213249582593112
2022-05-11,1.5905427959837486,-0.186732730385332,-1.0802932392888032
2022-05-12,1.5214326538234035,-0.06698619120567131,-1.0605030188311055
2022-05-13,1.2521080216341791,-0.142531554864944,-1.1972434421904983
2022-05-16,1.1122436814796872,-0.09908761028873415,-1.548282260525059
2022-05-17,0.9682978097504152,-0.15901684527824125,-1.4938504433189153
2022-05-18,1.4487651015365768,-0.030041005601830872,-0.7557327235618609
2022-05-19,1.2985044314194085,0.01153333934103209,-1.8483334865087675
2022-05-20,1.3061633274909126,0.0063736666660343805,-1.554382901933899
2022-05-23,1.213839186478135,-0.04054196571970922,-1.4015781067157622
2022-05-24,1.3080748440537953,0.02182129764918359,-1.2012883215414003
2022-05-25,1.2029507992708124,-0.08298610702346028,-1.1173022370496195
2022-05-26,1.1153149050247853,-0.2832989997301824,-1.027750716108802
2022-05-27,0.9270309788623916,-0.3957645387292852,-1.393406030554747
2022-05-31,0.9779835082797419,-0.3776718704656455,-1.5182642621720472
2022-06-01,0.9237472903641083,-0.4323417821223598,-1.3336256141589893
2022-06-02,0.815450616906597,-0.4200906556635819,-1.2753449324247064
2022-06-03,0.8234071021812744,-0.383688429029009,-1.325894903867779
2022-06-06,0.8550090859761735,-0.3957645387292852,-1.2518951650055326
2022-06-07,0.7346252672970786,-0.30656501837715183,-1.1598136229582405
2022-06-08,0.7275879505392192,-0.30656501837715183,-0.9840037286326314
2022-06-09,0.9672195371583373,-0.26024449327040744,-0.452276389183447
2022-06-10,1.1407783179339426,-0.20912561976727567,-0.5752636083064467
2022-06-13,1.7139624511935376,-0.014370647326959963,-0.19227869949352727
2022-06-14,1.601754203981757,0.001203474773410482,-1.165918475457854
2022-06-15,1.3242701536603916,-0.04054196571970922,-1.3202194836326164
2022-06-16,1.624044536205413,0.13722696579887375,-0.6755827154725936
2022-06-17,1.4641726831239996,0.12739758045076108,-1.402402325287834
2022-06-21,1.3779016459868707,0.07767092359323481,-1.242248516304591
2022-06-22,1.2598940803193115,0.20975750280792607,-1.5539920730779142
2022-06-23,1.2695963140352586,0.23819867842330544,-1.237526729070807
2022-06-24,1.0875530487565779,0.14212740837677743,-1.3082486986945683
2022-06-27,1.0584708710838744,0.10762377075504756,-1.7971647406341904
2022-06-28,1.2019588189145172,0.18099373609221242,-1.2715951706026307
2022-06-29,1.1820457943014404,0.3488771117212013,-1.3347355151940419
2022-06-30,1.2364707807728144,0.45925041663019844,-0.9451612554386993
2022-07-01,1.0322480545980794,0.4807601150896212,-1.03972686426787
2022-07-05,1.1194046619607911,0.5105704461146773,-0.7120539946947404
2022-07-06,1.0354075983527142,0.42882700511400146,-0.5554646768965205
2022-07-07,0.9661408511879584,0.29414164352506084,-0.3874716264068225
2022-07-08,0.806330073057494,0.22875368335308566,-0.6550818448615433
2022-07-11,0.9758339647904858,0.26632441860117884,-0.08673464142399336
2022-07-12,1.0937461964508262,0.2616584039546819,0.18868880933497795
2022-07-13,1.044865397959126,0.2802711718735121,0.2681253501818153
2022-07-14,1.0004545113863308,0.30793666346176973,0.4339831210035669
2022-07-15,0.7591175209256878,0.24290801727886369,0.3145833750194429
2022-07-18,0.8807049940889091,0.17616789592052537,0.09750729974977894
2022-07-19,0.7902976895584071,0.10265613303544996,0.11024411797080935
2022-07-20,0.7181776228945271,0.001203474773410482,-0.8447951681395344
2022-07-21,0.6259567427110914,0.04736006580046123,-0.7579730826272979
2022-07-22,0.6161996972657859,0.03206768833569136,-0.6383100239113668
2022-07-25,0.6562312746102315,0.026949667940748576,-0.4233081701164183
2022-07-26,0.8120340124277556,0.08268769722721252,0.11668119038497059
2022-07-27,0.641740044751877,0.08769456606968704,-0.14376305584041763
2022-07-28,0.5293504891096807,0.04227284595017966,-1.09187868614454
2022-07-29,0.4004370620371996,-0.06698619120567131,-1.2246366828182629
2022-08-01,0.592890115587475,-0.05108658899897629,-0.9144441248780386
2022-08-02,0.7240629050126496,-0.15350983281025343,-0.42149394474064983
2022-08-03,0.48105666428985944,-0.19231244274615472,-0.600571209468978
2022-08-04,0.41491020059291245,-0.186732730385332,-0.831580334555133
2022-08-05,0.3765920657345668,-0.248795362108452,-0.6057988388097871
2022-08-08,0.39515575011424353,-0.26598850081090175,-0.2954021588662555
2022-08-09,0.4578879757096349,-0.23739768788938995,0.08618518639603912
2022-08-10,0.18246767457079327,-0.3124150284567681,-0.12379206599834938
2022-08-11,0.24728271970914834,-0.383688429029009,-0.7211736596855178
2022-08-12,0.15237460029734584,-0.3597073685783116,-0.5909923901174979
2022-08-15,0.21224256802279376,-0.36568140725370396,-0.7959057491247216
2022-08-16,0.17533187321141486,-0.3597073685783116,-0.6057948624229108
2022-08-17,0.20518170535511768,-0.3124150284567681,-0.2841573116197904
2022-08-18,0.15669320962242778,-0.28909552395656885,-0.2130919842509393
2022-08-19,0.302454784679402,-0.24309012180576856,0.27682346740260605
2022-08-22,0.7087357169390356,-0.1480147532063663,0.7056061378959776
2022-08-23,0.7451481275488303,-0.11529199925680103,0.05239680259713121
2022-08-24,0.5904251549981208,-0.15350983281025343,0.07358506751980716
2022-08-25,0.45918016964713226,-0.15901684527824125,0.11814170952235883
2022-08-26,0.9094728232466066,-0.13160059723003698,0.6715671815848923
2022-08-29,0.9801312061013293,-0.06167524006051565,-0.7764347571946371
2022-08-30,0.9801312061013293,0.001203474773410482,-0.5329886799889019
2022-08-31,0.943393012974988,0.06760750465356248,-0.4572387015266158
2022-09-01,0.9094728232466066,0.09269156915435701,-0.30111923275774943
2022-09-02,0.8995479707660301,0.08268769722721252,-0.04100730902908185
2022-09-06,1.0542915130313906,0.04227284595017966,0.30941040465617725
2022-09-07,0.806330073057494,0.03717540052548084,0.16728264104873528
2022-09-08,0.6861835252023943,-0.05108658899897629,-0.31954353594798
2022-09-09,0.5867238958856572,-0.17561000095430535,-0.2693320155324159
2022-09-12,0.7169993126553152,-0.21475487456470463,-0.20252416696855066
2022-09-13,1.0916833281380702,-0.11529199925680103,0.4904003316618783
2022-09-14,0.9747585769205305,-0.08298610702346028,-1.669288175589471
2022-09-15,0.986565093846653,-0.06698619120567131,-1.3605792246956347
2022-09-16,0.9897763250686336,0.05243710101960705,-1.1746569134263594
2022-09-19,0.9314035552643823,-0.009168638846598739,-1.029568896980735
2022-09-20,1.0803106362944548,-0.009168638846598739,-0.555845159487277
2022-09-21,1.1650082653120188,-0.014370647326959963,-0.2823310869599723
2022-09-22,1.0999255462519273,0.0063736666660343805,-0.46998336132535484
2022-09-23,1.3526245829746657,0.11258169656675203,0.14811619808305104
2022-09-26,1.5644977174625372,0.14212740837677743,0.4199399565502317
2022-09-27,1.5939970431895727,0.1616350295296892,0.6326841753009435
2022-09-28,1.3769694769260767,0.2802711718735121,0.5629415169420253
2022-09-29,1.5276253082352265,0.29414164352506084,0.5479352089712995
2022-09-30,1.5081165820692246,0.2616584039546819,0.2343420419949576
2022-10-03,1.369501164093426,0.2616584039546819,0.008502803042936723
2022-10-04,1.2715328264139003,0.11258169656675203,-0.6014217540014923
2022-10-05,1.2207463370682867,0.09767874528463387,-1.211603998668104
2022-10-06,1.4084905417143065,0.026949667940748576,-0.6092341169795521
2022-10-07,1.4848849643116733,0.06256078011250714,-0.28672061873067684
2022-10-11,1.6815205087025897,0.17616789592052537,-0.13547621804922505
2022-10-12,1.6764959497040595,0.20498614063851664,0.11668176835834988
2022-10-13,1.5364484532082407,0.17616789592052537,0.17458915194840383
2022-10-14,1.543487069001861,0.12739758045076108,-0.23435069113204132
2022-10-17,1.4857820637161683,0.07264420590194146,-0.5216877728448227
2022-10-18,1.4066460629184763,0.026949667940748576,-0.8927297043723711
2022-10-19,1.430529964124654,0.03717540052548084,-0.6665218608502803
2022-10-20,1.3582613051868444,-0.0039772793163238345,-0.5305189040378611
2022-10-21,1.330911778440144,0.04736006580046123,-0.3486094852861521
2022-10-24,1.3460340732040998,0.0063736666660343805,-0.6055470777037081
2022-10-25,1.2118625426376222,-0.009168638846598739,-0.6699066932235367
2022-10-26,1.092714951344624,-0.05108658899897629,-0.8222488510245993
2022-10-27,1.1040375209231996,-0.07230828811166493,-0.5680509424155845
2022-10-28,0.9303110480439462,-0.19231244274615472,-0.5894079303435579
2022-10-31,0.9444802460918985,-0.142531554864944,-0.924423952660249
2022-11-01,0.9368595294508832,-0.15350983281025343,-0.7005214363338745
2022-11-02,0.9423051520511175,-0.1480147532063663,-0.42115084822857646
2022-11-03,0.8807049940889091,-0.04580879678196506,-1.0164982941447858
2022-11-04,0.7960339709202988,-0.06698619120567131,-0.9800945083735975
2022-11-07,0.7730181219711996,-0.09908761028873415,-0.9671582242643322
2022-11-08,0.9072704873469326,-0.05637538808989588,-0.5677050317241263
2022-11-09,0.9672195371583373,0.04736006580046123,-0.216393649162026
2022-11-10,0.6766334603280221,-0.05108658899897629,-0.9915146042678121
2022-11-14,0.700448006296875,-0.12071655372073226,-2.6940722182326122
2022-11-15,0.7948878247866012,-0.13706018651834345,-2.282908354291271
2022-11-16,0.7451481275488303,-0.09908761028873415,-2.1124307727129232
2022-11-17,0.7240629050126496,-0.07764157765872057,-1.8916480783445595
2022-11-18,0.6271740268465201,-0.13160059723003698,-1.757332830894818
2022-11-21,0.5331281835099073,-0.13706018651834345,-1.6324010154689435
2022-11-22,0.39515575011424353,-0.17561000095430535,-1.5751319430932393
2022-11-23,0.2680991945945171,-0.20912561976727567,-1.708034781651738
2022-11-25,0.2887627935222684,-0.2035088328755056,-1.432072927736085
2022-11-28,0.5141890281030955,-0.142531554864944,-0.772292680934649
2022-11-29,0.4733547827100523,-0.142531554864944,-0.9492823801116372
2022-11-30,0.2997216593527605,-0.186732730385332,-0.9457832149854194
2022-12-01,0.1966854848233334,-0.2260510101460912,-2.12856983253981
2022-12-02,0.0838334161684127,-0.21475487456470463,-2.016159622646279
2022-12-05,0.322868519264637,-0.25451346654897533,-1.3338890764713827
2022-12-06,0.509117159745559,-0.17561000095430535,-1.1906918416242036
2022-12-07,0.5731101732387558,-0.11529199925680103,-1.073481626458656
2022-12-08,0.5243059012888933,-0.186732730385332,-0.8635341776261397
2022-12-09,0.5916579052245872,-0.23739768788938995,-0.5590467481582079
2022-12-12,0.8471418031532489,-0.2717455481072841,0.04956310187638081
2022-12-13,0.5569358001976364,-0.30656501837715183,-0.49700572250092667
2022-12-14,0.37526137174458346,-0.28909552395656885,-0.607769952395047
2022-12-15,0.5916579052245872,-0.19231244274615472,-0.05035681962161681
2022-12-16,0.5656567574695076,-0.12071655372073226,-0.8653385224580876
2022-12-19,0.5406681509576845,-0.12071655372073226,-0.8253406034470268
2022-12-20,0.4201545975469643,-0.11529199925680103,-0.8454377158247255
2022-12-21,0.2291161589008789,-0.18116526767730448,-0.8706395613115449
2022-12-22,0.4836190360373567,-0.15350983281025343,-0.5693740769842998
2022-12-23,0.3390936918233622,-0.16453584254886228,-0.8770542405024958
2022-12-27,0.44233542982315643,-0.186732730385332,-0.48008120358411427
2022-12-28,0.5053070679550988,-0.06698619120567131,-0.12314418489019063
2022-12-29,0.41491020059291245,-0.04580879678196506,-0.315464353243553
2022-12-30,0.4449335392812663,-0.05637538808989588,-0.5965662093722572
2023-01-03,0.6002718327012918,-0.10447757670657945,-0.0698144268336401
2023-01-04,0.4887372772898382,-0.1480147532063663,-0.005695225988506836
2023-01-05,0.5456835145118213,-0.1700668769004897,0.2301440349637812
2023-01-06,0.3739300481238709,-0.23171800299581236,-0.08441788899238117
2023-01-09,0.4836190360373567,-0.28909552395656885,-0.6504735307863568
2023-01-10,0.2997216593527605,-0.3124150284567681,-0.6622975366356323
2023-01-11,0.36859869986457316,-0.3300464661868603,-0.3635987115489109
2023-01-12,0.0496737490557241,-0.3359509583651088,-0.928626838673002
2023-01-13,-0.02298057830233373,-0.383688429029009,-0.7923664225227834
2023-01-17,0.12777546466529568,-0.3957645387292852,-0.3032232009163647
2023-01-18,0.2667161755023044,-0.3597073685783116,0.1903282319073048
2023-01-19,0.29150657949492453,-0.27751569449867974,-0.16212807821770722
2023-01-20,0.19810334944669766,-0.30072847208407233,-0.16937722757248136
2023-01-23,0.19242759899117942,-0.34780134555944253,-0.6851124722164152
2023-01-24,0.10442524650913139,-0.3124150284567681,-0.8388245477091918
2023-01-25,0.08678438903294709,-0.30072847208407233,-0.5867335461234235
2023-01-26,0.03469129248037443,-0.36568140725370396,-0.3923380310436537
2023-01-27,0.0014465762528503168,-0.37166955229089166,-0.4822371061414174
2023-01-30,0.2108318122991316,-0.35374736995974915,0.12032253115043415
2023-01-31,0.13358272810898666,-0.3300464661868603,-0.17788862174864764
2023-02-01,-0.0975608070265887,-0.324155689449946,-0.8191582642508911
2023-02-02,0.03469129248037443,-0.5517779473009803,-0.5934395908780846
2023-02-03,-0.026049010776526656,-0.5453496086372213,-0.8942082203389987
2023-02-06,0.13793053066699468,-0.5197979743901477,-0.5991261579322729
2023-02-07,0.024155987357236893,-0.5197979743901477,-0.5910328513576889
2023-02-08,0.1667446264283087,-0.46945432121676034,-0.479406155346934
2023-02-09,0.31743918350277744,-0.48194685014901684,-0.23253888479173873
2023-02-10,0.29287746977536516,-0.36568140725370396,-0.17130985570974425
2023-02-13,0.2667161755023044,-0.37166955229089166,0.05064833773689336
2023-02-14,0.06160248025341035,-0.4200906556635819,-0.3698403862173027
2023-02-15,-0.04144127398556975,-0.40182422678561225,-0.2625460908335231
2023-02-16,0.24310077353693868,-0.36568140725370396,0.43952267302074666
2023-02-17,0.2220978340372602,-0.2832989997301824,0.09024730788320325
2023-02-21,0.5965835122179997,-0.2203966527424135,0.9538582051958233
2023-02-22,0.5243059012888933,-0.26598850081090175,0.025032977383794845
2023-02-23,0.37526137174458346,-0.3300464661868603,0.05876833964793155
2023-02-24,0.4449335392812663,-0.3418692300008407,0.37536638085064017
2023-02-27,0.3498586408972696,-0.383688429029009,0.18093567987579645
2023-02-28,0.31608047028373015,-0.3776718704656455,0.3674726003685074
2023-03-01,0.2997216593527605,-0.40789842907868984,0.5679316576601936
2023-03-02,0.16100547460566736,-0.40182422678561225,0.5567565362739666
2023-03-03,-0.0015953184470884694,-0.48194685014901684,0.33395262710945073
2023-03-06,0.01660662689818483,-0.5325416104780061,-0.19765337209586317
2023-03-07,0.16100547460566736,-0.5261617876291173,0.30766829092343484
2023-03-08,0.0912050533893273,-0.4570230304172819,-0.24237434844969777
2023-03-09,0.5644125601318744,-0.34780134555944253,0.7952086725782642
2023-03-10,0.8245416920923322,-0.15350983281025343,0.5822791579702835
2023-03-13,1.013215111928909,0.06760750465356248,0.7048307669196567
2023-03-14,0.700448006296875,-0.08298610702346028,0.47336888874554023
2023-03-15,0.9726065673590795,0.1518999763275112,0.5979892856269976
2023-03-16,0.6113083404574184,0.016682535516082807,0.20706214993880306
2023-03-17,0.9039634323997516,0.13722696579887375,0.33111922864557497
2023-03-20,0.7498122283150405,0.12739758045076108,0.09512766877547403
2023-03-21,0.4070248549085566,-0.02480678651984433,-0.36171526831325695
2023-03-22,0.5205163353946968,0.05243710101960705,-0.2367622492713643
2023-03-23,0.5644125601318744,0.10265613303544996,-0.43537812344871624
2023-03-24,0.4540078294152251,0.1616350295296892,-0.3415277802315838
2023-03-27,0.302454784679402,0.06760750465356248,-0.39327395162047113
2023-03-28,0.21506169048690355,0.057503992305485994,-0.2619099606377229
2023-03-29,0.09267706609185025,-0.03528605037732293,-0.19643859722231882
2023-03-30,0.07792245146944385,-0.08298610702346028,-0.4849641467582143
2023-03-31,0.0301811551358702,-0.1700668769004897,-0.3717935337996715
2023-04-03,0.007520228253632613,-0.1700668769004897,-0.6291394315512451
2023-04-04,0.07496216472661593,-0.0883419236814065,-0.277804913915044
2023-04-05,0.08678438903294709,-0.030041005601830872,-0.07048639924461907
2023-04-06,-0.015324396735659624,-0.030041005601830872,0.013450858621441672
2023-04-10,0.0705158866758476,-0.10447757670657945,0.36843932861174944
2023-04-11,0.08973227018357453,-0.142531554864944,0.6580127808219575
2023-04-12,0.08825871566754903,-0.1480147532063663,0.9116335983955742
2023-04-13,-0.10860442435609703,-0.2203966527424135,0.7638359049137492
2023-04-14,-0.22643012581880678,-0.25451346654897533,0.0729746008423218
2023-04-17,-0.2462796814447042,-0.26598850081090175,0.27434377922040104
2023-04-18,-0.2662705829009786,-0.28909552395656885,0.43686781513046274
2023-04-19,-0.3288184828896793,-0.26598850081090175,0.5798673945564381
2023-04-20,-0.20999492327536795,-0.19231244274615472,1.012940064752606
2023-04-21,-0.2763193894630379,-0.23739768788938995,0.9634144006313531
2023-04-24,-0.2562575369744017,-0.2260510101460912,1.2221517712044123
2023-04-25,0.03919449804107691,-0.13706018651834345,1.9173897743777872
2023-04-26,0.05116764466697314,-0.142531554864944,0.7669670141891882
2023-04-27,-0.23303099248213435,-0.2260510101460912,0.4759698898927605
2023-04-28,-0.4475275293631787,-0.21475487456470463,-1.0052448077747598
2023-05-01,-0.3945374558172811,-0.24309012180576856,-0.8537181740984151
2023-05-02,-0.11176741962480184,-0.10447757670657945,-0.12494130998350453
2023-05-03,-0.024514376259327873,-0.05637538808989588,-0.12120171432534076
2023-05-04,0.23191870129799283,0.026949667940748576,0.41556342027731247
2023-05-05,-0.20671930908306052,-0.06698619120567131,-0.19953173422672343
2023-05-08,-0.2413043071887505,-0.09370907540951658,-0.9603570696977417
2023-05-09,-0.12286704877863293,-0.08298610702346028,-0.4904144115336399
2023-05-10,-0.24794020212771845,-0.06167524006051565,-0.47834110786833994
2023-05-11,-0.24960170335914955,-0.04580879678196506,-0.2822601847432393
2023-05-12,-0.23303099248213435,-0.07230828811166493,-0.0011466817599726285
2023-05-15,-0.21820036774505594,-0.06698619120567131,0.2756468301604188
2023-05-16,-0.07872975292854258,-0.05637538808989588,0.7042749575631289
2023-05-17,-0.2595910491772583,-0.07764157765872057,0.4506109704810762
2023-05-18,-0.3997918969276505,-0.10987902335975812,-0.15255746151074767
2023-05-19,-0.2696163055002359,-0.1480147532063663,-0.03931779848858187
2023-05-22,-0.20344781566753206,-0.19231244274615472,0.31893644206410376
2023-05-23,0.004485185893566539,-0.15901684527824125,0.909751660403786
2023-05-24,0.223502953788302,-0.11529199925680103,0.9538939526546217
2023-05-25,0.09561850281803377,-0.1700668769004897,0.7808899908875054
2023-05-26,-0.08499267841804849,-0.19790445878256122,0.4334782063427381
2023-05-30,-0.16286897458851368,-0.1700668769004897,-0.06050596726830157
2023-05-31,-0.08656066520797366,-0.10987902335975812,0.3265293067650116
2023-06-01,-0.4708034978964626,-0.13160059723003698,-0.16614265854967322
2023-06-02,-0.6662122608492259,-0.28909552395656885,-0.591005092262194
2023-06-05,-0.6412699175209174,-0.27751569449867974,-1.0243422268961568
2023-06-06,-0.7923371016021997,-0.27751569449867974,-1.0158614957627712
2023-06-07,-0.7963711558586088,-0.3124150284567681,-0.7785743185060633
2023-06-08,-0.8555229837758208,-0.27751569449867974,-0.6688207059683458
2023-06-09,-0.8186618530014511,-0.3359509583651088,-0.519480849324018
2023-06-12,-0.5882868754205396,-0.30656501837715183,0.08895820928380149
2023-06-13,-0.6642858766688619,-0.40182422678561225,-0.18766367869927836
2023-06-14,-0.8085077508492259,-0.40182422678561225,-0.3806101762218543
2023-06-15,-0.6855504718148905,-0.383688429029009,0.05761240771877108
2023-06-16,-0.8782891771465868,-0.4200906556635819,-0.7384216817539874
2023-06-20,-0.8085077508492259,-0.3776718704656455,-0.42524833834761083
2023-06-21,-0.9498453395413964,-0.3182785645832885,-0.5390930734683725
2023-06-22,-1.0123503534720757,-0.3300464661868603,-0.5310272302984621
2023-06-23,-0.8991469354055688,-0.2717455481072841,-0.176594169548142
2023-06-26,-0.7344854082463294,-0.24309012180576856,0.011606409902636217
2023-06-27,-0.8370320557399233,-0.3300464661868603,-0.011495691391607629
2023-06-28,-0.9012410806463965,-0.34780134555944253,-0.5056803099326945
2023-06-29,-0.8782891771465868,-0.42620882086255346,-0.2252662921349061
2023-06-30,-0.8679179945798715,-0.48194685014901684,-0.057269261691238055
2023-07-03,-0.8720619604823819,-0.5197979743901477,-0.5391537263648631
2023-07-05,-0.74834103201321,-0.5071180567488897,-0.09748602009387462
2023-07-06,-0.5088146637231038,-0.45083016227272943,0.5201145365808908
2023-07-07,-0.6222326411935188,-0.4632310585968949,0.2238212234462715
2023-07-10,-0.5770621415747027,-0.4323417821223598,0.496902559260582
2023-07-11,-0.6203359425600852,-0.48194685014901684,0.6159303903050772
2023-07-12,-0.8782891771465868,-0.5453496086372213,0.16096841028293712
2023-07-13,-0.863780320045956,-0.5325416104780061,0.0166528157303043
2023-07-14,-0.920160265717998,-0.5776555008705626,-0.2032056243415245
2023-07-17,-0.8907853086528964,-0.5325416104780061,0.07621289546006049
2023-07-18,-0.9286097771836621,-0.5776555008705626,0.16387719970623227
2023-07-19,-0.8329393243661096,-0.5841663600180321,0.19041608155597992
2023-07-20,-0.7862970358168323,-0.5776555008705626,0.45934774953053825
2023-07-21,-0.8658482980774876,-0.5841663600180321,0.25356838304104296
2023-07-24,-0.8024329095923224,-0.6302165169638376,0.5772806316383495
2023-07-25,-0.8125650728883977,-0.6169737806313211,0.627597012887852
2023-07-26,-0.9519777779825818,-0.5711613148761593,0.552261604845468
2023-07-27,-0.7030691962581979,-0.6569112712961324,1.1589466484164301
2023-07-28,-0.9222703162970792,-0.6302165169638376,0.6285224730867606
2023-07-31,-0.8596485243739218,-0.6502111927754375,0.2521046431037799
2023-08-01,-0.7983901613279087,-0.6302165169638376,0.5482311530148046
2023-08-02,-0.3927881537300294,-0.5389375236915963,1.361764671157995
2023-08-03,-0.42267454269250065,-0.5261617876291173,0.3369674302334523
2023-08-04,-0.2214893829915863,-0.5071180567488897,0.8644081711560548
2023-08-07,-0.44931103748767254,-0.5325416104780061,0.6154298794363929
2023-08-08,-0.4103299727880868,-0.5134500906127378,0.4978894095869948
2023-08-09,-0.41561384832298887,-0.5517779473009803,0.6242544093740263
2023-08-10,-0.43507351101706704,-0.6235865047039897,0.5759000393984967
2023-08-11,-0.6203359425600852,-0.6235865047039897,0.5076175831908776
2023-08-14,-0.6241306192483441,-0.6502111927754375,0.7252359781981711
2023-08-15,-0.3288184828896793,-0.6103782548201279,1.2186049593319037
2023-08-16,-0.27464204084262916,-0.6368639080437167,0.7103875294256264
2023-08-17,-0.09441373290522745,-0.5453496086372213,0.9602393194539425
2023-08-18,-0.188771899767852,-0.5008017938449887,0.7486881512600272
2023-08-21,-0.21655761403123583,-0.5325416104780061,0.943726442709442
2023-08-22,-0.24296189334463408,-0.558222622294026,0.9001925036487655
2023-08-23,-0.4120902183155121,-0.5646837168589349,0.8158108172007698
2023-08-24,-0.2050829308937174,-0.5711613148761593,0.7088744141433482
2023-08-25,-0.46541488661605385,-0.5776555008705626,-0.32150394347281797
2023-08-28,-0.575195639112235,-0.6037998380445186,-0.43491120792172827
2023-08-29,-0.6952696478867361,-0.5972384417711725,-0.5354871998539487
2023-08-30,-0.8085077508492259,-0.6435287692910661,-1.223687923704046
2023-08-31,-0.8720619604823819,-0.6103782548201279,-1.1202961454252152
2023-09-01,-0.9733909091221093,-0.6368639080437167,-1.03234600575644
2023-09-05,-0.7822773889569226,-0.6235865047039897,-0.4805645436865998
2023-09-06,-0.6952696478867361,-0.6037998380445186,-0.17703491593607865
2023-09-07,-0.7050225128070008,-0.5776555008705626,-0.1685605001866492
2023-09-08,-0.8166280601296504,-0.6103782548201279,-0.1545410921318194
2023-09-11,-0.8247718724860715,-0.6302165169638376,0.05739332472066688
2023-09-12,-0.7384373082901038,-0.6169737806313211,0.17888696556759526
2023-09-13,-0.8907853086528964,-0.6103782548201279,-0.015353724817123583
2023-09-14,-1.0320342539545238,-0.6569112712961324,-0.024857197451547665
2023-09-15,-0.8268115625411955,-0.6502111927754375,0.0753563314083849
2023-09-18,-0.784286494576306,-0.6302165169638376,-0.39137360691472184
2023-09-19,-0.7622654138819543,-0.6302165169638376,-0.11068143492101132
2023-09-20,-0.5640227286950104,-0.6636290983899297,0.4279596041365227
2023-09-21,-0.1500060844227287,-0.5841663600180321,0.8730100744342741
2023-09-22,-0.2050829308937174,-0.558222622294026,-0.13754833880715212
2023-09-25,-0.2545921019414762,-0.5325416104780061,0.0267102922688873
2023-09-26,0.06606285470668126,-0.48821626803911006,0.7361926229203536
2023-09-27,-0.04298517109521406,-0.4945012235358943,0.004244013847591695
2023-09-28,-0.1822736235007577,-0.4570230304172819,0.042794208606123284
2023-09-29,-0.1532162983627138,-0.4945012235358943,0.22342382245132195
2023-10-02,-0.13879939607139713,-0.4446523803018116,0.4798605712014734
2023-10-03,0.188163531355566,-0.35374736995974915,1.2631169729613052
2023-10-04,0.012067095475774177,-0.28909552395656885,0.44523823051494865
2023-10-05,-0.0015953184470884694,-0.2832989997301824,0.47723878997840313
2023-10-06,-0.16448067080405118,-0.3124150284567681,0.46844038106342545
2023-10-10,-0.23303099248213435,-0.35374736995974915,0.13877842995917145
2023-10-11,-0.3927881537300294,-0.3597073685783116,0.023784372704401976
2023-10-12,-0.2897739765181184,-0.3597073685783116,0.37031937475258836
2023-10-13,0.12195591284677064,-0.3300464661868603,1.1144348430712507
2023-10-16,-0.20344781566753206,-0.34780134555944253,0.7088343115754902
2023-10-17,-0.09598698004569214,-0.3597073685783116,0.611439975157696
2023-10-18,0.10735443363844788,-0.3182785645832885,1.1924135387293597
2023-10-19,0.4096557596385042,-0.28909552395656885,1.140943529942706
2023-10-20,0.45012232491169496,-0.2035088328755056,1.1624828635909912
2023-10-23,0.2708631950515953,-0.20912561976727567,0.5793545500239461
2023-10-24,0.0705158866758476,-0.26598850081090175,0.5069420488604442
2023-10-25,0.24588942815652182,-0.28909552395656885,0.8366170006149094
2023-10-26,0.31336055489478115,-0.21475487456470463,0.4807793605005595
2023-10-27,0.39251124594157066,-0.19790445878256122,0.43818511862904713
2023-10-30,0.1838927201012264,-0.21475487456470463,0.3064336681752111
2023-10-31,-0.05536664471690828,-0.26024449327040744,-0.2509264523925565
2023-11-01,-0.2595910491772583,-0.23171800299581236,-0.43358814316706934
2023-11-02,-0.4690061472308226,-0.4200906556635819,-0.8575290679887929
2023-11-03,-0.6070950915063102,-0.48821626803911006,-1.7587864037831953
2023-11-06,-0.6108717607153126,-0.5134500906127378,-1.6768745658755082
2023-11-07,-0.6260296972673356,-0.4632310585968949,-1.4359197956010763
2023-11-08,-0.6952696478867361,-0.4632310585968949,-1.2965822806011416
2023-11-09,-0.5362832919980457,-0.48821626803911006,-0.7688002221009981
2023-11-10,-0.7503260425262452,-0.4945012235358943,-1.0591649508115786
2023-11-13,-0.6355450888008605,-0.4945012235358943,-1.34493063935654
2023-11-14,-0.7523124544202302,-0.5646837168589349,-1.264731394784255
2023-11-15,-0.74834103201321,-0.5841663600180321,-1.9730277886491059
2023-11-16,-0.7206976804078163,-0.5008017938449887,-1.6589561537820532
2023-11-17,-0.8247718724860715,-0.5197979743901477,-1.5566185606415275
2023-11-20,-0.905434452968601,-0.5646837168589349,-1.4213626768917955
2023-11-21,-0.9180517963296477,-0.5453496086372213,-1.3703916690382374
2023-11-22,-1.0254575022690526,-0.5776555008705626,-1.2972981301542315
2023-11-24,-1.1121762774034842,-0.6103782548201279,-1.2370875308854592
2023-11-27,-1.0607118649973022,-0.5841663600180321,-0.9001057579488294
2023-11-28,-1.0607118649973022,-0.5776555008705626,-0.6675271135136726
2023-11-29,-0.9971353839448619,-0.6435287692910661,-0.3277699457325814
2023-11-30,-1.0101716833425511,-0.6169737806313211,-0.11808400617635388
2023-12-01,-1.0740467852771043,-0.5972384417711725,-0.0942046025147235
2023-12-04,-0.9755412740071967,-0.6435287692910661,0.061156551130665995
2023-12-05,-1.0254575022690526,-0.6435287692910661,0.01960148206584801
2023-12-06,-0.9993037724990974,-0.6502111927754375,0.28132607976843343
2023-12-07,-0.9798467348615733,-0.6636290983899297,0.40281189762248965
2023-12-08,-1.1371264368850917,-0.6771183761784662,-0.06217595227371952
2023-12-11,-1.0740467852771043,-0.6502111927754375,0.12676075836229242
2023-12-12,-1.2016529787615369,-0.6703647683389249,0.020535207308430715
2023-12-13,-1.1738174476319416,-0.6502111927754375,0.11645890028766405
2023-12-14,-1.1076636570238043,-0.8739134478747275,-0.7220979403606642
2023-12-15,-1.1531199820491354,-0.8448474764548748,-0.6097754611902687
2023-12-18,-1.0896845620738527,-0.8448474764548748,-0.28738646148246344
2023-12-19,-1.0964133472008317,-0.8812322934883755,-0.26302708925999785
2023-12-20,-0.8514032870591485,-0.9033164235717782,0.13615538830899102
2023-12-21,-0.8555229837758208,-0.9181467479706902,-0.6466165020505049
2023-12-22,-0.9863176130840954,-0.9330643100735788,-0.9899209289064309
2023-12-26,-0.9949684586180586,-0.9480701422882929,-0.7679362073982827
2023-12-27,-1.1189589150949513,-0.9707467009406204,-0.8071744401324761
2023-12-28,-1.1099189549487236,-0.9859778472959273,-0.5666340046056797
2023-12-29,-1.1144354122824731,-0.9707467009406204,-0.3391474058314034
2024-01-02,-0.9498453395413964,-0.8232645526075898,0.10388857864470218
2024-01-03,-0.7762588564813584,-0.7043141139665472,0.4025192459800404
2024-01-04,-0.7582799283059733,-0.7180221378570417,0.23206919113692048
2024-01-05,-0.9180517963296477,-0.7249040369105856,0.13499840271651212
2024-01-08,-0.9755412740071967,-0.7595964827999047,0.2504841508184617
2024-01-09,-1.0452336349412445,-0.7876962522335708,-0.7919431328982485
2024-01-10,-1.0607118649973022,-0.852082797325581,-0.5827875243006191
2024-01-11,-1.1166963624984545,-0.8161108715735107,-0.6038643939705075
2024-01-12,-1.0584954392103592,-0.8089773134381134,-0.2736528718680338
2024-01-16,-0.8166280601296504,-0.7947701152440707,0.3457478420213719
2024-01-17,-0.6298320658015752,-0.7665922892914245,0.7786988956288539
2024-01-18,-0.7582799283059733,-0.7947701152440707,0.5689824703860964
2024-01-19,-0.9286097771836621,-0.8232645526075898,-0.002041511072554432
2024-01-22,-0.9519777779825818,-0.8593388201440098,-0.633471358835259
2024-01-23,-1.0919257029768825,-0.8448474764548748,-0.6379657988262318
2024-01-24,-0.9626638713356603,-0.8959336578192052,-0.23464291544904844
2024-01-25,-0.8970541481114285,-0.8885723224763145,0.09768396221103183
2024-01-26,-0.9370847389988183,-0.9330643100735788,0.07187463678693672
2024-01-29,-0.8658482980774876,-0.9181467479706902,0.40013516588726955
2024-01-30,-0.9264949689226255,-0.9107207448753777,0.10245932178548063
2024-01-31,-0.7148091139420303,-0.7876962522335708,0.6656991381599734
2024-02-01,-0.8085077508492259,-0.8089773134381134,-0.7038770086437255
2024-02-02,-0.8145957362643935,-0.8739134478747275,-1.1032029923683997
2024-02-05,-0.8514032870591485,-0.852082797325581,-1.2757544987659168
2024-02-06,-0.9798467348615733,-0.8376327397396295,-1.2664265415007652
2024-02-07,-1.0298402948841179,-0.9033164235717782,-1.1197702783236532
2024-02-08,-1.0386262044504402,-0.9405561271764199,-1.157192684746404
2024-02-09,-1.0079946988766095,-0.9783508393065258,-0.8523544966618285
2024-02-12,-0.7983901613279087,-0.9631652954587496,-0.4138078382523728
2024-02-13,-0.43507351101706704,-0.955606487344165,0.4235022378935145
2024-02-14,-0.7089330321055335,-0.9405561271764199,-0.6496755102097147
2024-02-15,-0.7822773889569226,-0.9631652954587496,-0.8325342130977297
2024-02-16,-0.7364606644495921,-0.9707467009406204,-0.685248361426987
2024-02-20,-0.5124616093893345,-0.9480701422882929,-0.16677222824129517
2024-02-21,-0.5270971961924114,-0.9707467009406204,-0.07125800978324927
2024-02-22,-0.6777992678948814,-1.0635367436234293,-0.0713283690251422
2024-02-23,-0.834984945902942,-1.0556732388889847,-1.6282974876598397
2024-02-26,-0.8370320557399233,-1.0556732388889847,-1.3606993675025787
2024-02-27,-0.9012410806463965,-1.0322279725624302,-1.2430167496221463
2024-02-28,-0.8166280601296504,-0.9936278628857486,-0.8551361174181088
2024-02-29,-0.9075334850535917,-1.008997475051768,-0.7532223846825112
2024-03-01,-0.969095308017895,-0.9859778472959273,-0.6611145183025526
2024-03-04,-0.8886987291023047,-1.0322279725624302,-0.6840203526402455
2024-03-05,-0.6933230879071708,-0.9936278628857486,-0.1212800543545272
2024-03-06,-0.6855504718148905,-1.024460804944124,-0.33751525381233866
2024-03-07,-0.6972175554638982,-1.024460804944124,-0.2243858234372789
2024-03-08,-0.6393603467730744,-1.0322279725624302,-0.3253870881721397
2024-03-11,-0.5491943139623041,-1.0322279725624302,-0.08789793303252931
2024-03-12,-0.8166280601296504,-1.0793372822450826,-0.2782770747291749
2024-03-13,-0.834984945902942,-1.1192747729098933,-0.6039821186691672
2024-03-14,-0.7050225128070008,-1.1192747729098933,-0.1536547522632473
2024-03-15,-0.7030691962581979,-1.1112368002695667,0.07276440857241445
2024-03-18,-0.7187334552942946,-1.1354275551941653,0.028919917412682405
2024-03-19,-0.8206971170049886,-1.1598512904761433,-0.0898096814765806
2024-03-20,-0.9841589997397687,-1.1273383035348405,-0.29056036657425416
2024-03-21,-1.0101716833425511,-1.2010876176584335,-0.5524671438585331
2024-03-22,-0.9798467348615733,-1.1762654464524727,-0.320542858441804
2024-03-25,-0.9519777779825818,-1.15168388166149,-0.06147101612168397
2024-03-26,-0.9413319131235673,-1.1192747729098933,0.134729505112897
2024-03-27,-1.0408270276811205,-1.1192747729098933,0.16962067255393817
2024-03-28,-0.9906396080359171,-1.1435426925029069,-0.00641645953582104
2024-04-01,-0.8555229837758208,-1.1435426925029069,0.4360416074148519
2024-04-02,-0.6642858766688619,-1.0556732388889847,0.9390476795472548
2024-04-03,-0.7187334552942946,-1.0556732388889847,0.7531150122379653
2024-04-04,-0.34768487647954244,-1.0478340417813616,1.5579027561776149
2024-04-05,-0.403299982164992,-1.0952368844517772,0.6691933003041878
2024-04-08,-0.5547459481293741,-1.1192747729098933,0.08965483521638015
2024-04-09,-0.5939162584484421,-1.1273383035348405,0.2676546446912699
2024-04-10,-0.44396356140069054,-1.1598512904761433,0.7401265490861233
2024-04-11,-0.6070950915063102,-1.1112368002695667,0.14004573284432978
2024-04-12,-0.1871459231673704,-1.0400190024843234,0.7734718610760686
2024-04-15,0.10881802400025681,-1.0167173539050742,0.6432516445701075
2024-04-16,-0.015324396735659624,-0.955606487344165,0.12180999799418704
2024-04-17,-0.044529915820883205,-0.9107207448753777,0.3267723483399327
2024-04-18,-0.07716612280145523,-0.9330643100735788,0.3954988553708598
2024-04-19,0.03168514643951151,-0.9480701422882929,0.8110382332528272
2024-04-22,-0.24794020212771845,-1.008997475051768,0.27192140845208224
2024-04-23,-0.46362114476412886,-1.0793372822450826,-0.177927986935961
2024-04-24,-0.41385139771948637,-1.087274622824725,-0.37661548376354714
2024-04-25,-0.5215999696795491,-1.0478340417813616,-0.2916995953781292
2024-04-26,-0.5845403793145925,-1.1112368002695667,-0.20033506440910434
2024-04-29,-0.6527542718937381,-1.1435426925029069,-0.44197424475296115
2024-04-30,-0.4708034978964626,-1.0952368844517772,0.053573030067331745
2024-05-01,-0.5179409934780207,-1.0714247071989145,-0.7548879925777954
2024-05-02,-0.6508368937706035,-1.1112368002695667,-0.7425113361754704
2024-05-03,-0.8886987291023047,-1.1762654464524727,-1.182321789511378
2024-05-06,-0.8886987291023047,-1.217771745237184,-1.4331279252021538
2024-05-07,-0.9434579067240534,-1.1927865357949687,-1.5887213741641826
2024-05-08,-0.9928032008365861,-1.1598512904761433,-1.404671937560957
2024-05-09,-1.0607118649973022,-1.1273383035348405,-1.2521926880700271
2024-05-10,-1.0919257029768825,-1.1435426925029069,-1.1786320372016583
2024-05-13,-0.8658482980774876,-1.1273383035348405,-0.5634754964394634
2024-05-14,-0.9033369856099086,-1.1273383035348405,-0.37700027026728034
2024-05-15,-1.1144354122824731,-1.1354275551941653,-0.5906642439262887
2024-05-16,-1.1212235045775125,-1.1762654464524727,-1.0972156061848
2024-05-17,-1.2203641719218938,-1.1680450883796576,-1.0273577931544677
2024-05-20,-1.1830653946013103,-1.1845125374441134,-0.7327024589477148
2024-05-21,-1.2510378309039432,-1.1845125374441134,-0.6136624152525123
2024-05-22,-1.1508295852125816,-1.15168388166149,-0.25789765421948346
2024-05-23,-1.0430293635807946,-1.1598512904761433,0.08480947541484009
2024-05-24,-1.2344795670924833,-1.15168388166149,-0.36893574885233654
2024-05-28,-1.0101716833425511,-1.1680450883796576,-0.05981262853444204
2024-05-29,-0.7285681339203598,-1.1192747729098933,0.6190762670984283
2024-05-30,-0.6913778736619078,-1.087274622824725,0.5609605536123105
2024-05-31,-1.0101716833425511,-1.0793372822450826,-0.02623764565774667
2024-06-03,-0.969095308017895,-1.1032242241096037,-0.23207127675433661
2024-06-04,-0.9583846033839873,-1.0635367436234293,0.013512808494051093
2024-06-05,-1.0740467852771043,-1.0793372822450826,0.040785806315554556
2024-06-06,-1.0852078417693038,-1.0793372822450826,-0.5972654246910496
2024-06-07,-1.1669012155359488,-1.1192747729098933,-0.4923670255878376
2024-06-10,-1.0496473649810414,-1.1192747729098933,-0.08051021668464138
2024-06-11,-1.0254575022690526,-1.087274622824725,0.11733519563681469
2024-06-12,-1.2086550468763568,-1.1680450883796576,-0.006973804026485356
2024-06-13,-1.2321222280332,-1.0793372822450826,-0.3049259783116778
2024-06-14,-1.0673714253657418,-1.008997475051768,0.1543550537625039
2024-06-17,-1.0474396345039843,-1.0322279725624302,0.39499856705786596
2024-06-18,-1.1485410512873726,-1.0478340417813616,-0.033871155962098796
2024-06-20,-0.9328441682483902,-1.0556732388889847,0.48390673932674183
2024-06-21,-0.9498453395413964,-1.0714247071989145,0.6046386913158303
2024-06-24,-0.9222703162970792,-1.087274622824725,0.8336238014326183
2024-06-25,-1.0276480452095065,-1.087274622824725,0.757825875947567
2024-06-26,-1.0919257029768825,-1.0952368844517772,0.7027843313745649
2024-06-27,-1.1623000401002896,-1.0714247071989145,0.7553484280997085
2024-06-28,-1.1166963624984545,-1.0952368844517772,0.9767334184342799
2024-07-01,-1.1669012155359488,-1.0714247071989145,0.894389354752425
2024-07-02,-1.210993021551018,-1.0556732388889847,0.9403723139689797
2024-07-03,-1.1969944473312062,-1.0400190024843234,0.6533839163997057
2024-07-05,-1.1076636570238043,-1.024460804944124,0.7818556241130772
2024-07-08,-1.1325736557527606,-1.0793372822450826,0.6073747007215675
2024-07-09,-1.1009079458571729,-1.0714247071989145,0.8300499150816195
2024-07-10,-1.0254575022690526,-1.1032242241096037,1.1173513665070605
2024-07-11,-1.0101716833425511,-1.0952368844517772,0.43665756205197853
2024-07-12,-1.1121762774034842,-1.087274622824725,-0.069033545610532
2024-07-15,-0.9669498619570328,-1.1354275551941653,0.12083080905676916
2024-07-16,-0.9519777779825818,-1.1762654464524727,0.31262903521818164
2024-07-17,-0.6894341886051795,-1.1680450883796576,0.7060458526490127
2024-07-18,-0.42090766521548556,-1.1680450883796576,0.22576992530277548
2024-07-19,-0.3185804399537023,-1.1680450883796576,0.359245364718887
2024-07-22,-0.6070950915063102,-1.2010876176584335,-0.07236193171149048
2024-07-23,-0.6431806028285798,-1.2261551520286675,-0.35869622874113277
2024-07-24,-0.07092027728022235,-1.1598512904761433,0.8141081883170822
2024-07-25,-0.0061643355439721164,-1.1762654464524727,-0.591389735922586
2024-07-26,-0.3408098133742943,-1.1598512904761433,-0.9298104830802448
2024-07-29,-0.30498773154479286,-1.1354275551941653,-0.929219670258969
2024-07-30,-0.12604612710498125,-1.0793372822450826,-0.36362625980299396
2024-07-31,-0.3459644531681807,-1.0400190024843234,-0.5315030422657997
2024-08-01,0.013581086536037477,-0.9631652954587496,-0.43184222470636674
2024-08-02,0.6598422784435123,-0.6974877888623818,0.3902975175529121
2024-08-05,2.067153902558291,-0.558222622294026,2.2092527028311997
2024-08-06,1.136719532708193,-0.7318046622431363,-0.3471569960360968
2024-08-07,1.1508995469670722,-0.8018637653097387,-0.13682507761357346
2024-08-08,0.7075534451645556,-0.8666156637164172,-0.6283940100697973
2024-08-09,0.2708631950515953,-0.8593388201440098,-1.7493106217258516
2024-08-12,0.31743918350277744,-0.8376327397396295,-1.403771118299397
2024-08-13,-0.058470322882061,-0.8232645526075898,-1.7236004286515914
2024-08-14,-0.37535502115391334,-0.8812322934883755,-2.3574022259522285
2024-08-15,-0.5473463769455874,-0.9936278628857486,-2.3619982857135735
2024-08-16,-0.6279302392277324,-1.008997475051768,-2.6722932603937997
2024-08-19,-0.6565929523700066,-1.0714247071989145,-2.436898796489293
2024-08-20,-0.42975299981680953,-1.0400190024843234,-1.943938196739715
2024-08-21,-0.36148593501340204,-1.024460804944124,-1.551820587009902
2024-08-22,-0.1484026556858216,-1.0714247071989145,-0.9481534748151796
2024-08-23,-0.4332990019794993,-1.087274622824725,-1.2829046795471633
2024-08-26,-0.3823154509498823,-1.1192747729098933,-1.1998804600711248
2024-08-27,-0.5106374587331607,-1.1032242241096037,-1.146500183528195
2024-08-28,-0.21984439478816428,-1.087274622824725,-0.4052627675539151
2024-08-29,-0.4708034978964626,-1.1192747729098933,-0.6553247577305221
2024-08-30,-0.5901620852879661,-1.1354275551941653,-0.5845386971285051
2024-09-03,0.3187974999337903,-0.9936278628857486,0.8223858508210876
2024-09-04,0.3991176001848585,-0.9631652954587496,-0.03663295927302395
2024-09-05,0.20518170535511768,-1.008997475051768,-0.0840564962475075
2024-09-06,0.5356435918165416,-0.9330643100735788,0.7123676743832296
2024-09-09,0.140825337759875,-0.955606487344165,-0.4262129773471168
2024-09-10,0.08678438903294709,-0.8812322934883755,-0.5320412997242961
2024-09-11,-0.12604612710498125,-0.8959336578192052,-0.6472403581435056
2024-09-12,-0.22643012581880678,-0.9330643100735788,-0.8098132940199393
2024-09-13,-0.3117760396296052,-0.9480701422882929,-0.8624840260065992
2024-09-16,-0.2149155057602877,-0.9859778472959273,-0.5083691978266305
2024-09-17,-0.13879939607139713,-1.0400190024843234,-0.12085067866699592
2024-09-18,-0.04144127398556975,-1.0714247071989145,0.30248136442900414
2024-09-19,-0.3511288821691524,-1.1598512904761433,0.023050872831352272
2024-09-20,-0.3823154509498823,-1.1192747729098933,-0.7696329775445793
2024-09-23,-0.4279816731716905,-1.1192747729098933,-0.5832904802413739
2024-09-24,-0.5179409934780207,-1.0714247071989145,-0.4866427708792193
2024-09-25,-0.5142869434334666,-1.087274622824725,-0.25266840721094963
2024-09-26,-0.5215999696795491,-1.1273383035348405,-0.031108749534894592
2024-09-27,-0.2446204565852617,-1.1273383035348405,0.5945991679932112
2024-09-30,-0.2830388011899486,-1.217771745237184,0.7645943855545266
2024-10-01,0.11320423274527544,-1.1845125374441134,1.5568443472431448
2024-10-02,0.06011411610173583,-1.1927865357949687,1.2570919930695625
2024-10-03,0.2873898965254777,-1.209415960923411,1.864598309123157
2024-10-04,0.1058900815675641,-1.3377390298085752,1.7789507828129307
2024-10-07,0.5681432657841948,-1.2856280542213514,2.263964774291185
2024-10-08,0.4122842066707878,-1.2514729487821719,1.7963486090851517
2024-10-09,0.3377451405271691,-1.2942391940570082,1.4756502040419734
2024-10-10,0.3471711982367789,-1.2514729487821719,1.5090913014974914
2024-10-11,0.28326718164573017,-1.2599686962419188,1.6344216865894885
2024-10-15,0.30791282358179495,-1.302879673437701,1.6094249919728998
2024-10-16,0.1595687871514729,-1.3289791653301788,1.2997703679914927
2024-10-17,0.0912050533893273,-1.3377390298085752,1.3334972600588317
2024-10-18,-0.07248043933760882,-1.346529257829395,1.3043406271042848
2024-10-21,-0.019915488424229806,-1.346529257829395,1.5299931539304406
2024-10-22,-0.04607521422105134,-1.3115496929762889,1.6940584284580837
2024-10-23,0.11028085344501201,-1.2856280542213514,2.1628957325212275
2024-10-24,0.08678438903294709,-1.302879673437701,1.7521187465843944
2024-10-25,0.2653324762769227,-1.3377390298085752,2.234377724569372
2024-10-28,0.19100687065222377,-1.3999202455369981,2.3272715371066224
2024-10-29,0.12486719332842432,-1.3730842464891393,2.350670559070559
2024-10-30,0.2680991945945171,-1.4179699889579265,2.761500827026885
2024-10-31,0.6320376721622035,-1.346529257829395,3.463422092973186
2024-11-01,0.47206908361682365,-1.3909433220219323,1.1860622414289694
2024-11-04,0.48489946945952367,-1.3553500606179176,1.3949519861538364
2024-11-05,0.2873898965254777,-1.3642016516112152,1.3070135569149455
2024-11-06,-0.36148593501340204,-1.472903073547918,-0.11161581252496425
2024-11-07,-0.5528941860487845,-1.4821753992157507,-1.8567995204725398
2024-11-08,-0.6014394857175409,-1.5768124343519678,-1.7824982532784495
2024-11-12,-0.6450927689193053,-1.5961711409144907,-1.342474507912928
2024-11-13,-0.7802697169099441,-1.5671882169377027,-1.318577885253874
2024-11-14,-0.7226630901824209,-1.6059061941166688,-0.9571741803823889
2024-11-15,-0.38405825212657707,-1.4914817518430012,-0.2922834110750056
2024-11-18,-0.4834168586827574,-1.4914817518430012,-0.7642013027032453
2024-11-19,-0.34768487647954244,-1.5196074920208746,-0.33253183596653557
2024-11-20,-0.2116341614980446,-1.538532790636187,0.10251122037447566
2024-11-21,-0.2595910491772583,-1.5961711409144907,0.2817969665314817
2024-11-22,-0.5454994767238471,-1.5961711409144907,-0.059703223897491296
2024-11-25,-0.6662122608492259,-1.5671882169377027,-0.053836385880707466
2024-11-26,-0.7642600853482572,-1.5290524870910944,-0.030627256789433868
2024-11-27,-0.7642600853482572,-1.5196074920208746,0.057162187522860175
2024-11-29,-0.884530206379279,-1.4914817518430012,0.04137496459859885
2024-12-02,-0.920160265717998,-1.5290524870910944,-0.020581664289877667
2024-12-03,-0.9286097771836621,-1.5480486676362541,0.17288886787758462
2024-12-04,-0.8970541481114285,-1.5480486676362541,0.44237232489851974
2024-12-05,-0.8782891771465868,-1.5480486676362541,0.41035510408962383
2024-12-06,-1.0430293635807946,-1.538532790636187,0.3353143448987146
2024-12-09,-0.7463576100061262,-1.538532790636187,0.9946994946101658
2024-12-10,-0.74834103201321,-1.538532790636187,0.9692532516180096
2024-12-11,-0.8699892146332724,-1.5671882169377027,0.887317255154397
2024-12-12,-0.8004108093751442,-1.5480486676362541,0.7151987077274831
2024-12-13,-0.8227336599658066,-1.5290524870910944,0.6815011125697299
2024-12-16,-0.6489210040131206,-1.5196074920208746,1.169529475622722
2024-12-17,-0.43152544228385276,-1.4636645269191193,1.5670569443129043
2024-12-18,1.1275661909619206,-1.4821753992157507,4.154206123792896
2024-12-19,0.7428130632829878,-1.3202494553502624,0.22550954816875884
2024-12-20,-0.021447615993989474,-1.3642016516112152,-0.73645914881685
2024-12-23,-0.27464204084262916,-1.3730842464891393,-1.2011542411982326
2024-12-24,-0.7305390509679516,-1.3642016516112152,-1.7493389495765306
2024-12-26,-0.6412699175209174,-1.3642016516112152,-1.6307405158981394
2024-12-27,-0.4173774035902764,-1.3819980632058555,-0.9885726081166053
2024-12-30,-0.17255457101440022,-1.2942391940570082,-0.6265514319411738
2024-12-31,-0.18065139671608768,-1.3115496929762889,-0.7211485137680481
2025-01-02,-0.08812952627875825,-1.346529257829395,-0.33253393475630255
2025-01-03,-0.3858021334651899,-1.4089290587229784,-0.5651976896609
2025-01-06,-0.40154522552388644,-1.4544595141086598,-0.8065669931733256
2025-01-07,-0.10544467960206763,-1.4270432660604557,-0.1561701988497829
2025-01-08,-0.12445598735072498,-1.3819980632058555,-0.32239568626237614
2025-01-10,0.15381496490929697,-1.4089290587229784,0.3937117525672279
2025-01-13,0.10295936878474153,-1.3730842464891393,-0.14812108553159886
2025-01-14,0.03168514643951151,-1.4179699889579265,0.0018917497516077926
2025-01-15,-0.38754676338465444,-1.4914817518430012,-0.4187915466037274
2025-01-16,-0.30498773154479286,-1.4821753992157507,-0.9882688329271574
2025-01-17,-0.41385139771948637,-1.5671882169377027,-0.8996579926006356
2025-01-21,-0.578929704855021,-1.5961711409144907,-1.1844390680241947
2025-01-22,-0.5714663446034912,-1.6156787620674025,-1.1404809488279497
2025-01-23,-0.5864129144727819,-1.5961711409144907,-0.9886090163358251
2025-01-24,-0.6184405216242962,-1.6059061941166688,-0.8693728709296813
2025-01-27,-0.09284136493954653,-1.5480486676362541,0.22093137912568062
2025-01-28,-0.3373784075967689,-1.5480486676362541,-0.6072510772945373
2025-01-29,-0.3117760396296052,-1.5290524870910944,-0.5265577100257496
2025-01-30,-0.4368493092937264,-1.538532790636187,-0.5291949300899953
2025-01-31,-0.333951181460108,-1.5290524870910944,-0.20024928627902375
2025-02-03,0.018118177949218783,-1.4821753992157507,0.5245613099428987
2025-02-04,-0.20344781566753206,-1.5008223820895181,0.2374733864099719
2025-02-05,-0.44931103748767254,-1.5196074920208746,-0.0930432035847307
2025-02-06,-0.49790175680770765,-1.5480486676362541,0.00941423259092337
2025-02-07,-0.31517602065572636,-1.538532790636187,0.4983600617988175
2025-02-10,-0.44218326885850257,-1.5480486676362541,0.1319831781585942
2025-02-11,-0.40505583384313687,-1.5480486676362541,0.2273873827762014
2025-02-12,-0.4279816731716905,-1.557600386065539,0.4336841682411915
2025-02-13,-0.5714663446034912,-1.557600386065539,0.38292788566214053
2025-02-14,-0.6336393980690483,-1.586473315540132,-0.058738858400299965
2025-02-18,-0.5252635354729551,-1.586473315540132,0.3617675171460176
2025-02-19,-0.5399660387510994,-1.5290524870910944,0.5260137492293631
2025-02-20,-0.4690061472308226,-1.5480486676362541,0.8379091886671205
2025-02-21,-0.044529915820883205,-1.4361491223247969,1.6390052473386232
2025-02-24,0.07199876017959589,-1.4361491223247969,0.5677891753055011
2025-02-25,0.13793053066699468,-1.3819980632058555,0.8492613685189611
2025-02-26,0.08973227018357453,-1.4089290587229784,0.9171302844374166
2025-02-27,0.3739300481238709,-1.4089290587229784,1.6285266932485534
2025-02-28,0.1667446264283087,-1.3553500606179176,0.47154310579402064
2025-03-03,0.5854889815693849,-1.2942391940570082,0.6700019184263631
2025-03-04,0.6742408136969193,-1.2514729487821719,0.3027526491934069
2025-03-05,0.4784917121934612,-1.346529257829395,-0.053201110300593046
2025-03-06,0.832472547447211,-1.2514729487821719,0.5488940966812595
2025-03-07,0.6574355340919582,-1.26849300088967,-0.11714135755721422
2025-03-10,1.1519096895998184,-1.1112368002695667,0.9112319129548676
2025-03-11,1.0553369346772177,-1.0635367436234293,-0.1933234671137678
2025-03-12,0.7591175209256878,-1.0793372822450826,-0.4841649190601937
2025-03-13,0.8086130365636163,-0.9255945602106564,-0.15719954854154572
2025-03-14,0.4578879757096349,-1.0400190024843234,-0.7419424232006446
2025-03-17,0.29013502096116284,-1.0952368844517772,-1.3716336430470055
2025-03-18,0.44882621078378027,-1.0556732388889847,-0.909435100138307
2025-03-19,0.20518170535511768,-1.087274622824725,-1.205048493875969
2025-03-20,0.19100687065222377,-1.1032242241096037,-1.134778619054405
2025-03-21,0.11612457785076256,-1.0714247071989145,-0.9835518480615957
2025-03-24,-0.15964773504494845,-1.2010876176584335,-1.1475993744523383
2025-03-25,-0.21327435528811306,-1.1680450883796576,-1.5851122686374055
2025-03-26,-0.026049010776526656,-1.087274622824725,-1.0054921940348407
2025-03-27,0.028676072336794273,-1.024460804944124,-0.9353207813886615
2025-03-28,0.44233542982315643,-0.8739134478747275,0.00581430027922368
2025-03-31,0.5230432796737006,-0.8161108715735107,-0.43378895157372227
2025-04-01,0.4578879757096349,-0.852082797325581,-0.3387383572623455
2025-04-02,0.42408167751225556,-0.9107207448753777,-0.12632891622240472
2025-04-03,1.3620129755071877,-0.5071180567488897,1.5893225046747226
2025-04-04,2.5203068530918693,-0.24309012180576856,0.6489603232661812
2025-04-07,2.622145981651685,-0.15350983281025343,-0.6963394585907473
2025-04-08,2.925596275714344,-0.17561000095430535,0.10386472258647686
2025-04-09,1.6806835454274913,-0.28909552395656885,-1.72677456067605
2025-04-10,2.2197813851495742,-0.26024449327040744,-3.1593905675691247
2025-04-11,1.9924924869773204,-0.35374736995974915,-3.5535564833345137
2025-04-14,1.4423962289446262,-0.42620882086255346,-4.194244102024102
2025-04-15,1.3713701460727061,-0.4570230304172819,-4.018533555973837
2025-04-16,1.5974473838003826,-0.4139872153048337,-3.3426435413682696
2025-04-17,1.3271183807423395,-0.5008017938449887,-3.6003451159188065
2025-04-21,1.6973721988235084,-0.4139872153048337,-2.6891292902613273
2025-04-22,1.4130962801509335,-0.5197979743901477,-3.021720276106825
2025-04-23,1.2108738883794983,-0.6771183761784662,-3.2554104225101748
2025-04-24,1.0079051418012688,-0.690679789485236,-3.3598648249162264
2025-04-25,0.8290763463502134,-0.7318046622431363,-3.5062508763798914
2025-04-28,0.8639734433105553,-0.690679789485236,-3.1637733081398403
2025-04-29,0.7521414936311389,-0.6838900177052027,-3.0397606493636067
2025-04-30,0.8131734140426355,-0.5517779473009803,-2.655985858658498
2025-05-01,0.8017587996403546,-0.6569112712961324,-2.3702544492740647
2025-05-02,0.5731101732387558,-0.78064206619705,-2.4735553931508423
2025-05-05,0.689756317344576,-0.78064206619705,-2.1440042544847544
2025-05-06,0.8199999345499212,-0.7387241160446719,-1.65746506763017
2025-05-07,0.6790238461929093,-0.7318046622431363,-1.6514729514649094
2025-05-08,0.5481879671999741,-0.8448474764548748,-1.5838155861314096
2025-05-09,0.47463989457852834,-0.8304384703900757,-1.461921586130755
2025-05-12,-0.016854025693821852,-1.1192747729098933,-1.9692038558342675
2025-05-13,-0.04298517109521406,-1.1680450883796576,-2.901939004381187
2025-05-14,0.018118177949218783,-1.1598512904761433,-2.5459345001966507
2025-05-15,-0.10386613686585691,-1.0793372822450826,-2.448744834102386
2025-05-16,-0.19854722966785154,-1.1112368002695667,-2.337142501417011
2025-05-19,-0.05536664471690828,-1.0714247071989145,-1.8662442070591723
2025-05-20,-0.06313271375222418,-1.0793372822450826,-1.5891970585091737
2025-05-21,0.3390936918233622,-1.0400190024843234,-0.6654254949966044
2025-05-22,0.2584040193226619,-0.9859778472959273,-1.0268637363625686
2025-05-23,0.5243059012888933,-0.9255945602106564,-0.3056684142827234
2025-05-27,0.06903223125405229,-1.0478340417813616,-0.8564004242563931
2025-05-28,0.12049914222944293,-1.0556732388889847,-1.28048266551953
2025-05-29,0.10149272696793128,-1.0635367436234293,-1.0822804383539362
2025-05-30,0.01055228932759667,-0.9936278628857486,-0.9746830997848674
2025-06-02,-0.021447615993989474,-1.024460804944124,-0.7464318973543863
2025-06-03,-0.12604612710498125,-1.087274622824725,-0.7147370809791195
2025-06-04,-0.13879939607139713,-1.0556732388889847,-0.5454091300191932
2025-06-05,-0.003117499915452456,-1.0952368844517772,-0.051389579106764144
2025-06-06,-0.2763193894630379,-1.1680450883796576,-0.3045429176515247
2025-06-09,-0.2116341614980446,-1.1435426925029069,-0.28245728208889803
2025-06-10,-0.2462796814447042,-1.1435426925029069,-0.07548847926844292
2025-06-11,-0.1952849077680246,-1.1435426925029069,0.14726667013542974
2025-06-12,-0.07404146696936166,-1.1032242241096037,0.5687852822551314
2025-06-13,0.3323444626641077,-1.0952368844517772,1.4122720771960753
2025-06-16,0.0912050533893273,-1.1598512904761433,0.7181604993339976
2025-06-17,0.4358298893765728,-1.1032242241096037,1.177137126128999
2025-06-18,0.2389126025418757,-1.1112368002695667,0.8283457995925544
2025-06-20,0.30518525771275823,-1.1354275551941653,1.194249219450629
2025-06-23,0.19526690535392263,-1.1435426925029069,1.24185075082821
2025-06-24,-0.15964773504494845,-1.1927865357949687,0.46997346987478483
2025-06-25,-0.2779977386125719,-1.209415960923411,0.029278470564893078
2025-06-26,-0.30668327379442056,-1.209415960923411,0.23829324318266232
2025-06-27,-0.3528524671273444,-1.2261551520286675,0.14837160637175326
2025-06-30,-0.2830388011899486,-1.277046055354559,0.40271868908202246
2025-07-01,-0.2662705829009786,-1.3202494553502624,0.56863812422071
2025-07-02,-0.2982160840508591,-1.346529257829395,0.7592050386288008
2025-07-03,-0.3425270868165872,-1.4179699889579265,0.8080396638487511
2025-07-07,-0.11018532669773905,-1.3642016516112152,1.0729190258333658
2025-07-08,-0.2696163055002359,-1.3115496929762889,0.7470734075201413
2025-07-09,-0.41914206490697115,-1.2942391940570082,0.7392996407113627
2025-07-10,-0.4475275293631787,-1.3115496929762889,0.7114682690245214
2025-07-11,-0.33909358739336626,-1.26849300088967,1.0679801417681123
2025-07-14,-0.2050829308937174,-1.2856280542213514,1.4264762625379093
2025-07-15,-0.1757906293609236,-1.2856280542213514,1.6649637789547265
2025-07-16,-0.2116341614980446,-1.243005567810811,1.677592135018758
2025-07-17,-0.3185804399537023,-1.3202494553502624,1.6216797920645547
2025-07-18,-0.3373784075967689,-1.302879673437701,1.4991304651498145
2025-07-21,-0.29652563497194456,-1.3377390298085752,1.7653554685639334
2025-07-22,-0.3219889834164311,-1.3289791653301788,1.8871189360900098
2025-07-23,-0.5215999696795491,-1.3909433220219323,1.7477080880761329
2025-07-24,-0.5179409934780207,-1.3999202455369981,1.2999496432622637
2025-07-25,-0.6033233050044995,-1.3819980632058555,1.3594904552445524
2025-07-28,-0.5845403793145925,-1.3999202455369981,1.423690387165146
2025-07-29,-0.4120902183155121,-1.3642016516112152,1.8917979156431888
2025-07-30,-0.5015347493911504,-1.3377390298085752,1.855249513901048
2025-07-31,-0.2847211644207293,-1.3642016516112152,2.3630511798816345
2025-08-01,0.2722439144191823,-1.1354275551941653,3.2803381081495115
2025-08-04,-0.1532162983627138,-1.2261551520286675,0.8132333794465131
2025-08-05,-0.10071170570663096,-1.2599686962419188,0.1687655779155665
2025-08-06,-0.2763193894630379,-1.2599686962419188,0.044684246968286566
2025-08-07,-0.3100774266020671,-1.2856280542213514,0.015326714671341534
2025-08-08,-0.5621650303820739,-1.2942391940570082,-0.1421091184539491
2025-08-11,-0.3649468853683163,-1.2942391940570082,0.16129794958795227
2025-08-12,-0.6412699175209174,-1.302879673437701,-0.05686510506181049
2025-08-13,-0.6874916601261747,-1.3289791653301788,-0.4035326524942659
2025-08-14,-0.6222326411935188,-1.3377390298085752,-0.09904919303976886
2025-08-15,-0.5733303740016503,-1.346529257829395,0.2262684101772835
2025-08-18,-0.5920385457408814,-1.346529257829395,0.40385275842708
2025-08-19,-0.4852234413180757,-1.3289791653301788,0.8089061773803613
2025-08-20,-0.46362114476412886,-1.2942391940570082,0.8778524898865293
2025-08-21,-0.30498773154479286,-1.2856280542213514,1.3105072939288522
2025-08-22,-0.7404151530169288,-1.346529257829395,0.7013280521787213
2025-08-25,-0.6298320658015752,-1.4179699889579265,-0.21451693777146463
2025-08-26,-0.6623606269410262,-1.4361491223247969,-0.11001973350191138
2025-08-27,-0.6184405216242962,-1.4361491223247969,0.11816022452969908
2025-08-28,-0.6991666265500442,-1.4636645269191193,0.1979568441988585
2025-08-29,-0.5234312436558755,-1.3999202455369981,0.6432496806978396
2025-09-02,-0.20999492327536795,-1.3115496929762889,1.162952218641135
2025-09-03,-0.34768487647954244,-1.346529257829395,0.835677057543961
2025-09-04,-0.5344436369411082,-1.3819980632058555,0.5891521425748449
2025-09-05,-0.5565987529377125,-1.3909433220219323,0.3826630676210265
2025-09-08,-0.5696037268687101,-1.3819980632058555,0.5468591024652122
2025-09-09,-0.5826689111033019,-1.3553500606179176,0.7154023186459905
2025-09-10,-0.5252635354729551,-1.3819980632058555,0.9930707346190921
2025-09-11,-0.6450927689193053,-1.4361491223247969,0.9499334431408738
2025-09-12,-0.6355450888008605,-1.4270432660604557,0.6869374416196828
2025-09-15,-0.46362114476412886,-1.4636645269191193,1.1842782678769233
2025-09-16,-0.3459644531681807,-1.4270432660604557,1.37786127411246
2025-09-17,-0.4582462580541091,-1.4270432660604557,1.3892755725595096
2025-09-18,-0.4618283747907039,-1.5008223820895181,1.570495810689056
2025-09-19,-0.5069928751330863,-1.4914817518430012,1.4996500556341663
2025-09-22,-0.3910399385282745,-1.5196074920208746,1.6687296572141097
2025-09-23,-0.2982160840508591,-1.5008223820895181,1.8202795047710492
2025-09-24,-0.3770935150309302,-1.5101975433951234,1.6310684174833996
2025-09-25,-0.2813574432784829,-1.4544595141086598,1.8945939509467522
2025-09-26,-0.5362832919980457,-1.4636645269191193,1.4811875320332213
2025-09-29,-0.38754676338465444,-1.472903073547918,1.6322562150136932
2025-09-30,-0.35975705494397864,-1.4179699889579265,1.8029163480883874
2025-10-01,-0.35802923653845653,-1.4089290587229784,1.865551888476919
2025-10-02,-0.29990754935336594,-1.4089290587229784,2.036826120500177
2025-10-03,-0.29652563497194456,-1.4179699889579265,2.2090360603531094
2025-10-06,-0.3442450811630941,-1.4544595141086598,2.3012426862864124
2025-10-07,-0.19854722966785154,-1.3999202455369981,2.5581086991853628
2025-10-08,-0.35630280773815315,-1.3819980632058555,2.307926087866681
2025-10-09,-0.333951181460108,-1.2856280542213514,2.1317290837526595
2025-10-10,0.44363478443321763,-1.0952368844517772,3.483075022827677
2025-10-14,0.33099267191982157,-1.15168388166149,-0.2726958125581162
2025-10-15,0.30791282358179495,-1.2856280542213514,-0.033090922346540354
2025-10-16,0.8818169294503453,-1.209415960923411,1.1262314240807163
2025-10-17,0.3269336568995631,-1.209415960923411,0.3613046412358384
2025-10-20,-0.04144127398556975,-1.2514729487821719,-0.06656216286860897
2025-10-21,-0.0975608070265887,-1.26849300088967,-0.22673455365465334
2025-10-22,0.015094263385080717,-1.2345663645320488,0.22549204170459416
2025-10-23,-0.188771899767852,-1.277046055354559,0.05882994435215343
2025-10-24,-0.3442450811630941,-1.346529257829395,-0.0688686599820169
2025-10-27,-0.4457449810928614,-1.4179699889579265,-0.23828004341671474
2025-10-28,-0.3356642727098069,-1.3999202455369981,-0.3133376297715328
2025-10-29,-0.251264186297724,-1.4544595141086598,0.060667981894594845
2025-10-30,-0.25292765210421875,-1.3730842464891393,0.31433508002434063
2025-10-31,-0.16609359846002017,-1.2942391940570082,0.20272690654306058
2025-11-03,-0.20999492327536795,-1.209415960923411,0.344513893040427
2025-11-04,0.07496216472661593,-1.1354275551941653,1.0447074391702895
2025-11-05,-0.07560336113645322,-1.2010876176584335,0.4247514453775079
2025-11-06,0.1480490771181945,-1.1354275551941653,0.9939106873026853
2025-11-07,0.08678438903294709,-1.1192747729098933,0.657528230822931
2025-11-10,-0.14039766492671296,-1.2261551520286675,0.5396445902900572
2025-11-12,-0.15482277986124038,-1.2261551520286675,0.0977971195580866
2025-11-13,0.2192854876849792,-1.1680450883796576,0.9660220805543983
2025-11-14,0.19526690535392263,-1.1845125374441134,0.19779751541890275
2025-11-17,0.5356435918165416,-1.1354275551941653,1.0218215248494356
2025-11-18,0.8120340124277556,-1.0793372822450826,1.4406188933108879
2025-11-19,0.692135812090002,-1.1032242241096037,1.270538171100836
2025-11-20,1.0025853349184162,-1.1032242241096037,1.9879316998634
2025-11-21,0.6646500580698825,-1.087274622824725,0.9181577701760241
2025-11-24,0.29150657949492453,-1.1192747729098933,0.2905283185479953
2025-11-25,0.009036667213392592,-1.1598512904761433,-0.48412307420072936
2025-11-26,-0.20671930908306052,-1.243005567810811,-0.7869593652744545
2025-11-28,-0.34768487647954244,-1.2856280542213514,-0.8694441696083193
2025-12-01,-0.19854722966785154,-1.2942391940570082,-0.439908846606684
2025-12-02,-0.30668327379442056,-1.3115496929762889,-0.412767504106169
2025-12-03,-0.3945374558172811,-1.3377390298085752,-0.3021221597465968
2025-12-04,-0.4475275293631787,-1.346529257829395,-0.17436929737818885
2025-12-05,-0.5142869434334666,-1.3730842464891393,-0.030108698490619284
2025-12-08,-0.2948362008962717,-1.3377390298085752,0.5589174528065347
2025-12-09,-0.24960170335914955,-1.3377390298085752,0.8274810700039357
2025-12-10,-0.44931103748767254,-1.3202494553502624,0.7338396129183908
2025-12-11,-0.6184405216242962,-1.346529257829395,0.4263023503225097
2025-12-12,-0.45466886640515664,-1.3202494553502624,0.8887716014521058
2025-12-15,-0.3219889834164311,-1.3202494553502624,0.6489059022119824
2025-12-16,-0.32540166104818363,-1.2599686962419188,0.8685115925704915
2025-12-17,-0.13720203457086785,-1.2514729487821719,1.359949730164151
2025-12-18,-0.2595910491772583,-1.2856280542213514,0.6902487265859447
2025-12-19,-0.6070950915063102,-1.3289791653301788,0.07565922206623493
2025-12-22,-0.7682540566262854,-1.346529257829395,-0.3421895640707596
2025-12-23,-0.784286494576306,-1.3909433220219323,-0.3069115083353497
2025-12-24,-0.8928732375124226,-1.3819980632058555,-0.3435934309662588
2025-12-26,-0.8658482980774876,-1.3642016516112152,-0.1256593514286246
2025-12-29,-0.7443753961982711,-1.3553500606179176,0.3063469218133151
2025-12-30,-0.7187334552942946,-1.3819980632058555,0.49340195507151285
2025-12-31,-0.5995567473529859,-1.4089290587229784,0.897726916843491
2026-01-02,-0.683610621823413,-1.3909433220219323,0.5924454712076337
2026-01-05,-0.6089828825021812,-1.4089290587229784,0.9094968552940099
2026-01-06,-0.6374520711182237,-1.4270432660604557,0.7626148860549816
2026-01-07,-0.5197698868030731,-1.4270432660604557,0.9274227374882094
2026-01-08,-0.5069928751330863,-1.4544595141086598,1.0906727972095978
2026-01-09,-0.6874916601261747,-1.472903073547918,1.006545180153993
2026-01-12,-0.5677421638725926,-1.472903073547918,1.0668359075277982
2026-01-13,-0.4120902183155121,-1.4636645269191193,1.5077072863496621
2026-01-14,-0.2796770894855628,-1.4544595141086598,1.887435679807449
2026-01-15,-0.4368493092937264,-1.5008223820895181,1.6103681033518722
2026-01-16,-0.4332990019794993,-1.557600386065539,1.7411163386922135
2026-01-20,0.23191870129799283,-1.4821753992157507,3.0019339708832122
2026-01-21,-0.2545921019414762,-1.5196074920208746,-0.043017794353909976
2026-01-22,-0.4726018258532536,-1.5671882169377027,-0.6086020320113307
2026-01-23,-0.3927881537300294,-1.5290524870910944,-0.3106626510103383
2026-01-26,-0.3823154509498823,-1.5196074920208746,-0.0335425317183709
2026-01-27,-0.34768487647954244,-1.5008223820895181,0.16837055107806392
2026-01-28,-0.34768487647954244,-1.4914817518430012,0.34706010990355807
2026-01-29,-0.2579239583699686,-1.4452877925564778,0.7389498766851523
2026-01-30,-0.16609359846002017,-1.4179699889579265,1.1050966071230104
2026-02-02,-0.34940635238360385,-1.4089290587229784,0.9841357771531495
2026-02-03,-0.07716612280145523,-1.3730842464891393,1.4968738266249046
2026-02-04,0.021138558241307243,-1.3642016516112152,1.4389254323725111
2026-02-05,0.4578879757096349,-1.26849300088967,2.239999162421533
2026-02-06,0.2708631950515953,-1.3553500606179176,1.3274527229414297
2026-02-09,-0.1790301046844895,-1.3819980632058555,-0.47663138053640064
2026-02-10,-0.11018532669773905,-1.3642016516112152,-0.16475780578906934
2026-02-11,-0.13241568797169112,-1.3819980632058555,0.042585694328688826
2026-02-12,0.3323444626641077,-1.3115496929762889,1.0615029861127403
2026-02-13,0.302454784679402,-1.2856280542213514,0.4228759875077244
2026-02-17,0.25979112914235736,-1.2942391940570082,0.620535010732344
2026-02-18,0.16531114071322434,-1.3642016516112152,0.7205464737044421
2026-02-19,0.2514581942513623,-1.346529257829395,1.017376548322252
2026-02-20,0.08825871566754903,-1.3642016516112152,0.975160095640962
2026-02-23,0.35790534651163547,-1.2856280542213514,1.4249266899651043
2026-02-24,0.1552543180458388,-1.26849300088967,0.8821896928994962
2026-02-25,-0.08812952627875825,-1.2942391940570082,0.518232006596703
2026-02-26,0.019628629343882924,-1.2599686962419188,0.6497671363806675
2026-02-27,0.1995204999440987,-1.1598512904761433,1.0638542244162497
2026-03-02,0.41491020059291245,-1.217771745237184,1.5603192750080603
2026-03-03,0.6814124307057687,-1.1762654464524727,2.239358978426574
2026-03-04,0.3765920657345668,-1.26849300088967,1.5892641363545348
2026-03-05,0.702818480194887,-1.243005567810811,2.124330122869345
2026-03-06,1.3118938037588992,-1.1354275551941653,3.20513346038732
2026-03-09,0.9028602164237429,-1.087274622824725,2.0012972595619307
2026-03-10,0.7334536027858066,-1.087274622824725,1.6794190632937125
