Date,vix,hy_spread,garch_vol,yield_spread
2000-01-04,27.010000228881836,4.81,2.0664864670332794,0.19
2000-01-05,26.40999984741211,4.77,2.3811305608988023,0.24
2000-01-06,25.729999542236328,4.82,2.2286764401873267,0.22
2000-01-07,21.719999313354492,4.86,2.1605372567409304,0.21
2000-01-10,21.709999084472656,4.81,2.8194845997714926,0.19
2000-01-11,22.5,4.74,2.6394131636331255,0.22
2000-01-12,22.84000015258789,4.72,2.5040225502753786,0.23
2000-01-13,21.709999084472656,4.82,2.3681327660824123,0.23
2000-01-14,19.65999984741211,4.77,2.264617881770275,0.25
2000-01-18,21.5,4.75,2.170517078162703,0.28
2000-01-19,21.719999313354492,4.77,2.049935968654833,0.27
2000-01-20,21.75,4.74,1.9396685909763611,0.3
2000-01-21,20.81999969482422,4.73,1.893929053408389,0.31
2000-01-24,24.06999969482422,4.82,1.7752251457838648,0.26
2000-01-25,23.020000457763672,4.81,1.940918859718086,0.26
2000-01-26,23.030000686645508,4.81,1.8594257927595759,0.24
2000-01-27,23.540000915527344,4.8,1.7633685148648583,0.17
2000-01-28,26.139999389648438,4.8,1.6578692315623924,0.08
2000-01-31,24.950000762939453,4.87,1.9054850103583805,0.07
2000-02-01,23.450000762939453,4.87,2.013126600235622,0.02
2000-02-02,23.1200008392334,4.86,1.9153501466477123,-0.03
2000-02-03,22.010000228881836,4.99,1.793854723292748,-0.07
2000-02-04,21.540000915527344,4.87,1.7591426532001522,-0.1
2000-02-07,22.790000915527344,4.82,1.6544034254150648,-0.04
2000-02-08,21.25,4.82,1.5514581682406225,-0.1
2000-02-09,22.899999618530273,4.79,1.5288943261803467,-0.13
2000-02-10,23.06999969482422,4.77,1.6129061452488074,0.0
2000-02-11,24.420000076293945,4.81,1.5134903981019763,-0.02
2000-02-14,24.3799991607666,4.88,1.5889093826442022,-0.06
2000-02-15,22.920000076293945,4.83,1.5033793099989654,-0.1
2000-02-16,23.510000228881836,4.86,1.4633342820141788,-0.07
2000-02-17,23.170000076293945,4.82,1.4666817750784056,-0.11
2000-02-18,26.0,4.9,1.3876247209215746,-0.17
2000-02-22,25.860000610351562,5.02,1.5055321847469023,-0.21
2000-02-23,23.889999389648438,4.94,1.414756776546956,-0.17
2000-02-24,24.3799991607666,5.04,1.3890066348705512,-0.16
2000-02-25,25.200000762939453,5.07,1.4834737947395988,-0.09
2000-02-28,24.68000030517578,5.01,1.3971777176596778,-0.1
2000-02-29,23.3700008392334,5.08,1.4971196277294696,-0.11
2000-03-01,21.639999389648438,5.11,1.4433289073805182,-0.13
2000-03-02,21.059999465942383,5.11,1.3774331252302527,-0.12
2000-03-03,19.209999084472656,5.13,1.293064398982613,-0.11
2000-03-06,21.5,5.1,1.3754084929232437,-0.13
2000-03-07,24.309999465942383,5.15,1.3351852583624104,-0.09
2000-03-08,23.81999969482422,5.16,1.4260515655974517,-0.12
2000-03-09,22.209999084472656,5.19,1.338767217112435,-0.13
2000-03-10,21.239999771118164,5.16,1.6077595034769332,-0.16
2000-03-13,22.850000381469727,5.21,1.5185267773597049,-0.16
2000-03-14,24.40999984741211,5.29,1.4745310772705815,-0.17
2000-03-15,22.34000015258789,5.34,1.470045778953224,-0.21
2000-03-16,20.770000457763672,5.4,1.595570180994215,-0.24
2000-03-17,22.3700008392334,5.41,2.1823005860089753,-0.3
2000-03-20,22.959999084472656,5.42,2.0552345244991623,-0.34
2000-03-21,21.700000762939453,5.46,1.9321791325676632,-0.37
2000-03-22,21.489999771118164,5.51,1.942504340174178,-0.37
2000-03-23,22.260000228881836,5.55,1.831067372136228,-0.44
2000-03-24,23.309999465942383,5.47,1.813449595800563,-0.44
2000-03-27,24.530000686645508,5.47,1.7110994849892045,-0.45
2000-03-28,24.860000610351562,5.57,1.6455259220058462,-0.43
2000-03-29,24.100000381469727,5.68,1.5553206728411202,-0.41
2000-03-30,25.469999313354492,5.84,1.4587557673418665,-0.46
2000-03-31,24.110000610351562,5.75,1.4892610124848975,-0.47
2000-04-03,24.030000686645508,5.78,1.451020835527561,-0.45
2000-04-04,27.1200008392334,5.94,1.3761730051556083,-0.45
2000-04-05,28.40999984741211,5.94,1.3175588886781051,-0.45
2000-04-06,27.149999618530273,5.87,1.2562670314782218,-0.45
2000-04-07,24.389999389648438,5.9,1.218100467445758,-0.52
2000-04-10,25.989999771118164,5.95,1.1657249583142228,-0.51
2000-04-11,27.25,5.89,1.104705744973328,-0.47
2000-04-12,28.979999542236328,5.82,1.0445137962922937,-0.43
2000-04-13,29.399999618530273,5.87,1.3801124905610511,-0.46
2000-04-14,33.4900016784668,5.92,1.383753316685646,-0.42
2000-04-17,28.950000762939453,5.84,2.426569529662196,-0.32
2000-04-18,26.1200008392334,5.81,2.5654265771122238,-0.28
2000-04-19,27.020000457763672,5.85,2.5656215837586105,-0.34
2000-04-20,25.850000381469727,5.85,2.4218242867133783,-0.39
2000-04-24,27.3700008392334,5.88,2.2718920106241627,-0.36
2000-04-25,25.239999771118164,5.77,2.159673660595429,-0.34
2000-04-26,26.969999313354492,5.77,2.467887854596982,-0.36
2000-04-27,26.190000534057617,5.69,2.3422686546174316,-0.4
2000-04-28,26.200000762939453,5.71,2.194595595270816,-0.45
2000-05-01,25.8799991607666,5.83,2.065270611892962,-0.44
2000-05-02,28.5,5.79,1.9894018313962503,-0.4
2000-05-03,31.6299991607666,5.77,1.990578958600215,-0.33
2000-05-04,30.770000457763672,5.74,2.0380323925253006,-0.31
2000-05-05,27.530000686645508,5.73,1.9257949767978133,-0.33
2000-05-08,28.200000762939453,5.72,1.8514254526374088,-0.3
2000-05-09,28.93000030517578,5.75,1.753774226243665,-0.33
2000-05-10,29.8700008392334,5.82,1.6667268319581288,-0.37
2000-05-11,27.760000228881836,5.84,1.7522637606418274,-0.39
2000-05-12,26.049999237060547,5.78,1.8202919364984294,-0.4
2000-05-15,24.860000610351562,5.78,1.7458179504234144,-0.41
2000-05-16,24.34000015258789,5.82,1.7410392798632532,-0.46
2000-05-17,23.979999542236328,5.83,1.6653119960410354,-0.42
2000-05-18,23.959999084472656,5.8,1.6028587832041403,-0.37
2000-05-19,25.440000534057617,5.89,1.5628069394107191,-0.35
2000-05-22,26.0,5.95,1.5652805545513833,-0.37
2000-05-23,25.8700008392334,5.99,1.4909683650806211,-0.38
2000-05-24,24.31999969482422,6.01,1.4907136444694258,-0.32
2000-05-25,24.579999923706055,6.13,1.5072569205915456,-0.32
2000-05-26,24.469999313354492,6.18,1.5365667165539738,-0.36
2000-05-30,23.6200008392334,6.15,1.4413992328084553,-0.36
2000-05-31,23.649999618530273,6.16,1.7538774220569393,-0.4
2000-06-01,22.360000610351562,6.22,1.6449343252185011,-0.41
2000-06-02,21.479999542236328,6.21,1.6558202783927864,-0.37
2000-06-05,22.709999084472656,6.23,1.6641935767813767,-0.37
2000-06-06,23.049999237060547,6.2,1.5688494999056284,-0.37
2000-06-07,22.479999542236328,6.18,1.4791094444339896,-0.39
2000-06-08,22.770000457763672,6.18,1.4080943069524294,-0.43
2000-06-09,22.139999389648438,6.12,1.3284076866979817,-0.43
2000-06-12,22.31999969482422,6.15,1.2494820884181472,-0.43
2000-06-13,21.670000076293945,6.15,1.2436631236503586,-0.38
2000-06-14,21.479999542236328,6.18,1.335770087272307,-0.38
2000-06-15,20.68000030517578,6.12,1.2555071949838663,-0.39
2000-06-16,20.5,6.19,1.1818425014421,-0.39
2000-06-19,20.6299991607666,6.18,1.1476688579288232,-0.4
2000-06-20,20.8799991607666,6.14,1.1665668534027736,-0.4
2000-06-21,20.610000610351562,6.07,1.104058954069955,-0.39
2000-06-22,22.0,6.06,1.039115336469535,-0.38
2000-06-23,22.34000015258789,5.99,1.1148415300542256,-0.36
2000-06-26,22.450000762939453,6.05,1.0910781384711474,-0.39
2000-06-27,21.799999237060547,6.05,1.1193988991731556,-0.4
2000-06-28,20.290000915527344,6.04,1.0842654327063272,-0.32
2000-06-29,19.700000762939453,6.11,1.0252837835080324,-0.33
2000-06-30,19.540000915527344,6.17,1.020931815768857,-0.35
2000-07-03,19.829999923706055,6.2,0.997291786791649,-0.31
2000-07-05,21.15999984741211,6.21,1.053682969811554,-0.3
2000-07-06,20.940000534057617,6.18,1.1772625603851872,-0.29
2000-07-07,19.219999313354492,6.2,1.139291503188525,-0.28
2000-07-10,20.329999923706055,6.17,1.2069870226979598,-0.27
2000-07-11,20.110000610351562,6.14,1.1360271483012816,-0.26
2000-07-12,20.030000686645508,6.14,1.0711803806524398,-0.25
2000-07-13,20.030000686645508,6.18,1.033730691494715,-0.3
2000-07-14,19.31999969482422,6.06,0.9857575733610977,-0.31
2000-07-17,19.450000762939453,5.98,0.9895315582645184,-0.29
2000-07-18,19.75,5.97,0.934689998943216,-0.28
2000-07-19,19.649999618530273,5.98,0.9272921338612726,-0.3
2000-07-20,18.940000534057617,6.1,0.9192589363257893,-0.31
2000-07-21,18.940000534057617,6.11,0.99175155957529,-0.31
2000-07-24,19.920000076293945,6.07,1.1593236163023157,-0.31
2000-07-25,19.389999389648438,6.09,1.1083595875745686,-0.31
2000-07-26,19.670000076293945,6.06,1.0488824108384016,-0.25
2000-07-27,19.600000381469727,6.13,1.0451719954657284,-0.25
2000-07-28,20.84000015258789,6.15,0.9916596079883113,-0.26
2000-07-31,20.739999771118164,6.26,1.2269424975872443,-0.26
2000-08-01,20.549999237060547,6.31,1.174068634757148,-0.27
2000-08-02,20.0,6.33,1.1241841434785844,-0.25
2000-08-03,19.989999771118164,6.33,1.071799794084104,-0.27
2000-08-04,18.6200008392334,6.38,1.0372299033339378,-0.24
2000-08-07,19.030000686645508,6.33,0.9946712263069877,-0.23
2000-08-08,18.790000915527344,6.34,1.0248547630688614,-0.23
2000-08-09,19.18000030517578,6.33,0.9745880909869072,-0.37
2000-08-10,19.190000534057617,6.37,0.9649185825760004,-0.4
2000-08-11,18.549999237060547,6.33,0.9258934487283645,-0.46
2000-08-14,17.8799991607666,6.37,0.8890677143693342,-0.47
2000-08-15,17.979999542236328,6.34,0.948255255850978,-0.47
2000-08-16,18.020000457763672,6.34,0.8952032129074475,-0.47
2000-08-17,17.479999542236328,6.36,0.8547659985182301,-0.49
2000-08-18,17.049999237060547,6.4,0.8865455988622639,-0.49
2000-08-21,17.350000381469727,6.4,0.8457071267554884,-0.49
2000-08-22,17.469999313354492,6.39,0.8218980697946394,-0.49
2000-08-23,17.3799991607666,6.43,0.7802068568989993,-0.47
2000-08-24,17.040000915527344,6.44,0.7522877763234862,-0.46
2000-08-25,16.530000686645508,6.42,0.7220944682907781,-0.46
2000-08-28,16.540000915527344,6.36,0.6863838699921666,-0.45
2000-08-29,16.889999389648438,6.3,0.6641232032455993,-0.45
2000-08-30,17.690000534057617,6.28,0.6331263036670238,-0.43
2000-08-31,16.84000015258789,6.43,0.6912303027493168,-0.45
2000-09-01,17.530000686645508,6.48,0.8027641031981791,-0.41
2000-09-05,19.81999969482422,6.41,0.7612625429801042,-0.4
2000-09-06,20.790000915527344,6.37,0.7743390633665287,-0.39
2000-09-07,19.420000076293945,6.3,0.8350410242401984,-0.38
2000-09-08,18.459999084472656,6.32,0.8441047838131829,-0.38
2000-09-11,18.399999618530273,6.3,0.8334615008174879,-0.35
2000-09-12,18.59000015258789,6.31,0.7903563990977427,-0.34
2000-09-13,18.31999969482422,6.35,0.7913478799691571,-0.35
2000-09-14,18.260000228881836,6.33,0.7554678438401599,-0.32
2000-09-15,18.520000457763672,6.3,0.737921663134721,-0.23
2000-09-18,20.25,6.35,1.041088112026858,-0.16
2000-09-19,19.540000915527344,6.41,1.0321066730535062,-0.19
2000-09-20,19.93000030517578,6.43,1.0218920089940273,-0.2
2000-09-21,20.18000030517578,6.45,0.996847888601249,-0.23
2000-09-22,20.739999771118164,6.5,1.0804656010682123,-0.24
2000-09-25,21.40999984741211,6.49,1.194858643709277,-0.27
2000-09-26,21.8799991607666,6.56,1.150278630352943,-0.26
2000-09-27,21.670000076293945,6.65,1.1708669078159681,-0.17
2000-09-28,19.469999313354492,6.69,1.1160545183927346,-0.2
2000-09-29,20.56999969482422,6.72,1.1406882880777038,-0.18
2000-10-02,21.229999542236328,6.77,1.1230627655221983,-0.15
2000-10-03,21.850000381469727,6.74,1.0579593073853357,-0.13
2000-10-04,21.540000915527344,6.77,1.0484645118109501,-0.13
2000-10-05,21.030000686645508,6.84,1.0288610915605987,-0.15
2000-10-06,22.709999084472656,6.87,0.9768376035520345,-0.16
2000-10-10,24.860000610351562,6.96,1.1545821840256234,-0.18
2000-10-11,26.56999969482422,7.11,1.2309379692491538,-0.16
2000-10-12,30.510000228881836,7.21,1.1933904532336181,-0.13
2000-10-13,27.600000381469727,7.31,1.4254330078177844,-0.11
2000-10-16,26.790000915527344,7.28,1.7581943724758797,-0.15
2000-10-17,27.84000015258789,7.47,1.654724632474227,-0.15
2000-10-18,28.719999313354492,7.58,1.7815062859631874,-0.16
2000-10-19,25.09000015258789,7.58,1.673906569380989,-0.2
2000-10-20,24.239999771118164,7.59,2.0299183144020843,-0.2
2000-10-23,24.690000534057617,7.65,1.9061140762273314,-0.23
2000-10-24,24.280000686645508,7.61,1.7917138387377283,-0.23
2000-10-25,26.649999618530273,7.55,1.6944985941148227,-0.2
2000-10-26,28.6200008392334,7.62,1.790729880039984,-0.21
2000-10-27,26.469999313354492,7.62,1.6802120839244457,-0.22
2000-10-30,25.459999084472656,7.62,1.7050964392440906,-0.23
2000-10-31,23.6299991607666,7.79,1.6277183366531567,-0.17
2000-11-01,24.280000686645508,7.75,1.637507791316462,-0.14
2000-11-02,23.920000076293945,7.8,1.539349553308821,-0.13
2000-11-03,23.670000076293945,7.75,1.4445834099504344,-0.11
2000-11-06,24.520000457763672,7.73,1.3554233633082304,-0.12
2000-11-07,24.90999984741211,7.75,1.2953710758595638,-0.12
2000-11-08,25.65999984741211,7.73,1.2166089308473949,-0.12
2000-11-09,27.200000762939453,7.81,1.3843973498118716,-0.12
2000-11-10,28.530000686645508,7.85,1.3059907451797448,-0.1
2000-11-13,29.059999465942383,7.9,1.4962622310394718,-0.13
2000-11-14,26.809999465942383,7.9,1.429425832404394,-0.16
2000-11-15,26.149999618530273,7.91,1.6167671996788695,-0.18
2000-11-16,25.049999237060547,7.96,1.5194348347121398,-0.19
2000-11-17,24.809999465942383,7.99,1.5273213638914598,-0.17
2000-11-20,27.43000030517578,8.09,1.4443594734864313,-0.19
2000-11-21,26.6200008392334,8.24,1.4447521003693724,-0.19
2000-11-22,27.709999084472656,8.37,1.3669787970991891,-0.23
2000-11-24,26.0,8.36,1.5345307031084305,-0.23
2000-11-27,26.93000030517578,8.42,1.6023001872941602,-0.22
2000-11-28,27.639999389648438,8.51,1.532722095587952,-0.2
2000-11-29,27.489999771118164,8.69,1.5593904760292934,-0.14
2000-11-30,29.649999618530273,9.06,1.4635491387667363,-0.13
2000-12-01,27.479999542236328,8.98,1.4059473279747057,-0.1
2000-12-04,27.780000686645508,9.06,1.3194631895085975,-0.06
2000-12-05,24.989999771118164,9.1,1.2735791015764824,-0.06
2000-12-06,25.06999969482422,9.12,1.641267582830043,-0.1
2000-12-07,25.34000015258789,9.13,1.6375140760927605,-0.13
2000-12-08,22.40999984741211,9.09,1.6083804904047447,-0.15
2000-12-11,23.510000228881836,9.02,1.5098852961051312,-0.15
2000-12-12,24.8799991607666,8.94,1.8491147449286298,-0.18
2000-12-13,23.6299991607666,8.89,1.7383109781078443,-0.16
2000-12-14,24.860000610351562,8.94,1.6979316743423563,-0.2
2000-12-15,26.549999237060547,8.88,1.6524607998932124,-0.18
2000-12-18,27.700000762939453,8.91,1.7409202652006845,-0.16
2000-12-19,27.170000076293945,8.87,1.695258214668148,-0.16
2000-12-20,31.739999771118164,8.98,1.7425693583548463,-0.16
2000-12-21,29.65999984741211,9.05,1.92661785661597,-0.11
2000-12-22,27.549999237060547,9.06,1.8200332145811091,-0.08
2000-12-26,28.729999542236328,9.07,1.9909814301453062,-0.06
2000-12-27,28.139999389648438,9.04,1.9007918342270025,0.01
2000-12-28,26.56999969482422,9.0,1.7980332368960137,-0.05
2000-12-29,26.850000381469727,9.0,1.6876182523534542,0.01
2001-01-02,29.989999771118164,9.36,1.715648372820161,0.05
2001-01-03,26.600000381469727,9.13,1.7287560893429224,0.22
2001-01-04,26.969999313354492,9.11,2.3000370282891778,0.26
2001-01-05,28.670000076293945,9.12,2.184901206600166,0.37
2001-01-08,29.84000015258789,9.06,2.34852878658908,0.4
2001-01-09,27.989999771118164,8.88,2.213735398534865,0.34
2001-01-10,26.799999237060547,8.73,2.0737569395740407,0.34
2001-01-11,25.790000915527344,8.56,2.0336664821914483,0.37
2001-01-12,24.559999465942383,8.38,1.9041355078437001,0.35
2001-01-16,25.280000686645508,8.33,1.7843558465608147,0.35
2001-01-17,24.93000030517578,8.31,1.686200125465174,0.35
2001-01-18,23.3700008392334,8.36,1.5881511494922793,0.4
2001-01-19,23.239999771118164,8.21,1.5282387689395578,0.44
2001-01-22,23.25,8.17,1.4467613733777958,0.5
2001-01-23,21.56999969482422,8.09,1.3767551517207555,0.48
2001-01-24,22.030000686645508,8.05,1.320754810569507,0.52
2001-01-25,22.639999389648438,8.05,1.24450918554985,0.51
2001-01-26,22.56999969482422,8.05,1.1726375071480604,0.51
2001-01-29,22.610000610351562,8.03,1.10334829961591,0.55
2001-01-30,22.56999969482422,8.02,1.0547393957612505,0.54
2001-01-31,22.020000457763672,7.87,1.0389079227976092,0.57
2001-02-01,21.65999984741211,7.83,0.9983772438661875,0.55
2001-02-02,21.950000762939453,7.73,0.9688912623018775,0.52
2001-02-05,22.190000534057617,7.69,1.2138143644693589,0.5
2001-02-06,21.979999542236328,7.62,1.168925419956634,0.5
2001-02-07,21.670000076293945,7.64,1.103963907659655,0.4
2001-02-08,21.459999084472656,7.6,1.054472421136855,0.37
2001-02-09,22.030000686645508,7.63,1.0736281325463044,0.36
2001-02-12,21.920000076293945,7.6,1.0652741914794086,0.38
2001-02-13,21.3700008392334,7.56,1.0785279931069518,0.32
2001-02-14,21.520000457763672,7.49,1.0547566904117658,0.29
2001-02-15,20.270000457763672,7.38,0.9947105514995015,0.3
2001-02-16,22.1200008392334,7.49,0.9959966271937578,0.36
2001-02-20,24.690000534057617,7.51,1.218078330248601,0.38
2001-02-21,25.75,7.54,1.2660530808883974,0.46
2001-02-22,26.760000228881836,7.6,1.4109748965248814,0.52
2001-02-23,27.209999084472656,7.67,1.3250807178066986,0.57
2001-02-26,25.43000030517578,7.69,1.2663678474899356,0.59
2001-02-27,26.489999771118164,7.68,1.3973959686712376,0.52
2001-02-28,28.350000381469727,7.7,1.350675638269114,0.51
2001-03-01,28.079999923706055,7.68,1.4446473595172127,0.46
2001-03-02,27.43000030517578,7.64,1.3675196360206878,0.47
2001-03-05,27.1200008392334,7.61,1.3133156662836498,0.49
2001-03-06,25.889999389648438,7.59,1.2732801073577982,0.5
2001-03-07,24.1200008392334,7.61,1.252545317436127,0.49
2001-03-08,24.290000915527344,7.59,1.202562198343021,0.46
2001-03-09,25.6200008392334,7.53,1.1310468481960934,0.48
2001-03-12,30.31999969482422,7.6,1.4913637460884162,0.46
2001-03-13,27.549999237060547,7.63,2.06755084876652,0.49
2001-03-14,29.610000610351562,7.84,2.0168231897877837,0.52
2001-03-15,28.559999465942383,7.88,2.011705640089175,0.59
2001-03-16,29.90999984741211,8.0,1.883404065952115,0.52
2001-03-19,29.780000686645508,8.02,1.8995713695615926,0.5
2001-03-20,30.959999084472656,8.09,1.9120367947603072,0.54
2001-03-21,31.93000030517578,8.22,2.025523893094073,0.56
2001-03-22,32.84000015258789,8.4,1.9878238275111995,0.56
2001-03-23,30.450000762939453,8.3,1.894725535388525,0.56
2001-03-26,29.040000915527344,8.2,2.0550855233599914,0.58
2001-03-27,27.040000915527344,8.03,1.9737312117222705,0.59
2001-03-28,28.579999923706055,8.08,1.977651561600883,0.67
2001-03-29,29.170000076293945,8.13,2.0929007335936065,0.71
2001-03-30,28.639999389648438,8.2,1.9635640224049289,0.75
2001-04-02,31.209999084472656,8.21,1.8739695983371225,0.76
2001-04-03,34.720001220703125,8.48,1.9088562752023777,0.79
2001-04-04,34.06999969482422,8.61,2.1424470824453303,0.82
2001-04-05,29.940000534057617,8.63,2.010468944515607,0.79
2001-04-06,31.690000534057617,8.75,2.2843273202033476,0.82
2001-04-09,31.90999984741211,8.78,2.203102517165454,0.83
2001-04-10,29.440000534057617,8.55,2.097421560393151,0.85
2001-04-11,28.459999084472656,8.5,2.061657306289452,0.83
2001-04-12,26.1200008392334,8.44,1.9300881100914442,0.81
2001-04-16,26.329999923706055,8.3,1.912811321228845,0.79
2001-04-17,25.610000610351562,8.4,1.8286347464587394,0.8
2001-04-18,24.1299991607666,8.46,1.7809227507291239,0.88
2001-04-19,24.15999984741211,8.61,2.1502655678878644,0.98
2001-04-20,25.3799991607666,8.64,2.064460502751892,1.03
2001-04-23,28.15999984741211,8.9,1.9588734401982821,1.05
2001-04-24,28.489999771118164,9.02,1.9418090265120438,1.06
2001-04-25,27.399999618530273,8.26,1.8279825294659706,1.08
2001-04-26,25.959999084472656,8.29,1.7709047731728378,1.06
2001-04-27,24.020000457763672,8.17,1.666256246503895,1.06
2001-04-30,25.479999542236328,8.06,1.6639857835507097,1.05
2001-05-01,24.200000762939453,7.95,1.5782265209771364,1.07
2001-05-02,24.229999542236328,7.8,1.4834931856808875,1.04
2001-05-03,25.780000686645508,7.83,1.3929098827481448,1.0
2001-05-04,23.90999984741211,7.86,1.3808013429225592,1.07
2001-05-07,24.860000610351562,7.85,1.4227546284812789,1.09
2001-05-08,24.440000534057617,7.83,1.3687118399246156,1.14
2001-05-09,24.350000381469727,7.88,1.2848494371227395,1.13
2001-05-10,24.0,7.79,1.215668337528268,1.14
2001-05-11,23.540000915527344,7.6,1.1471361851519504,1.15
2001-05-14,24.260000228881836,7.7,1.105574627690211,1.17
2001-05-15,23.709999084472656,7.61,1.0427323731223002,1.22
2001-05-16,21.889999389648438,7.66,0.9952205062920324,1.23
2001-05-17,21.469999313354492,7.65,1.2401248713286175,1.13
2001-05-18,21.229999542236328,7.63,1.1665188647971796,1.04
2001-05-21,20.760000228881836,7.6,1.1083562938175593,1.04
2001-05-22,21.350000381469727,7.61,1.1604170520668016,1.08
2001-05-23,22.079999923706055,7.62,1.092209898552044,1.12
2001-05-24,20.56999969482422,7.53,1.187998178912761,1.2
2001-05-25,20.600000381469727,7.53,1.1215456670436676,1.21
2001-05-29,22.139999389648438,7.52,1.1332602932300622,1.21
2001-05-30,22.760000228881836,7.56,1.1018058566069957,1.2
2001-05-31,22.639999389648438,7.68,1.1472752546005334,1.21
2001-06-01,21.59000015258789,7.65,1.0940133119909476,1.17
2001-06-04,21.3799991607666,7.69,1.0518827302130005,1.16
2001-06-05,19.579999923706055,7.76,1.0046464515613258,1.17
2001-06-06,20.389999389648438,7.75,1.0266812619734391,1.15
2001-06-07,19.670000076293945,7.71,1.0099339445157278,1.19
2001-06-08,19.920000076293945,7.67,0.9599843409109491,1.21
2001-06-11,20.700000762939453,7.71,0.9619943132599525,1.21
2001-06-12,20.700000762939453,7.78,0.940587206840226,1.18
2001-06-13,21.450000762939453,7.86,0.8897168304674766,1.2
2001-06-14,23.1200008392334,8.09,0.8925192979968815,1.22
2001-06-15,22.809999465942383,8.04,1.1553261022664034,1.26
2001-06-18,23.170000076293945,8.19,1.0880036970545905,1.29
2001-06-19,22.34000015258789,8.28,1.0379630933641848,1.27
2001-06-20,21.709999084472656,8.38,0.9894685027490889,1.26
2001-06-21,19.3799991607666,8.4,0.950523298256202,1.23
2001-06-22,20.020000457763672,8.47,0.9791257248974086,1.21
2001-06-25,20.670000076293945,8.45,0.9630048348332162,1.2
2001-06-26,21.200000762939453,8.42,0.9636308007319636,1.21
2001-06-27,20.8799991607666,8.34,0.9102491185093143,1.2
2001-06-28,20.010000228881836,8.29,0.8598304556864278,1.13
2001-06-29,19.059999465942383,8.16,0.8352710601639072,1.17
2001-07-02,18.760000228881836,8.18,0.8006838219626754,1.16
2001-07-03,18.920000076293945,8.1,0.8727375104597452,1.17
2001-07-05,20.09000015258789,8.07,0.8249957153604645,1.2
2001-07-06,21.6299991607666,8.13,1.0390488414722638,1.25
2001-07-09,22.479999542236328,8.13,1.239517226806586,1.22
2001-07-10,23.25,8.2,1.1800252975576522,1.24
2001-07-11,24.010000228881836,8.21,1.1867555345442162,1.24
2001-07-12,22.09000015258789,8.28,1.1162828297720637,1.2
2001-07-13,21.139999389648438,8.27,1.3303967861196033,1.15
2001-07-16,22.90999984741211,8.28,1.2847068776339032,1.14
2001-07-17,22.610000610351562,8.31,1.2838423428065995,1.13
2001-07-18,23.600000381469727,8.45,1.2487212198596318,1.16
2001-07-19,22.510000228881836,8.42,1.1971276416409597,1.15
2001-07-20,22.34000015258789,8.39,1.1655687896530322,1.17
2001-07-23,23.739999771118164,8.37,1.1157689074898145,1.15
2001-07-24,25.239999771118164,8.37,1.2576174657447332,1.16
2001-07-25,24.0,8.31,1.2289487462869892,1.22
2001-07-26,23.010000228881836,8.27,1.2164286122529604,1.25
2001-07-27,22.0,8.28,1.1996319531728505,1.26
2001-07-30,22.690000534057617,8.32,1.1354659030113057,1.25
2001-07-31,21.6200008392334,8.27,1.0681989790292366,1.28
2001-08-01,20.559999465942383,8.09,1.0159838208287877,1.28
2001-08-02,20.09000015258789,7.95,0.9817545854017083,1.28
2001-08-03,19.889999389648438,7.92,0.9365776931243043,1.29
2001-08-06,21.889999389648438,7.91,0.9042730616198036,1.31
2001-08-07,21.010000228881836,7.87,0.9754664629160585,1.3
2001-08-08,22.31999969482422,7.95,0.929854787494598,1.22
2001-08-09,21.75,7.93,1.093155959350944,1.27
2001-08-10,20.549999237060547,7.99,1.0340079719577904,1.26
2001-08-13,20.420000076293945,8.07,0.9814369640653511,1.27
2001-08-14,20.479999542236328,8.04,0.9254647871431007,1.23
2001-08-15,20.90999984741211,7.96,0.8737794828712058,1.2
2001-08-16,21.540000915527344,8.01,0.8793541858311186,1.2
2001-08-17,23.84000015258789,8.11,0.8397480285674283,1.17
2001-08-20,22.8700008392334,8.07,0.9731039777719371,1.17
2001-08-21,24.399999618530273,8.12,0.9720559790404177,1.18
2001-08-22,22.440000534057617,8.11,1.095000557002122,1.15
2001-08-23,22.229999542236328,8.15,1.091273632645142,1.17
2001-08-24,19.709999084472656,8.13,1.0347530214621419,1.17
2001-08-27,20.559999465942383,8.14,1.208876989854812,1.16
2001-08-28,22.0,8.19,1.1551832903548538,1.14
2001-08-29,23.030000686645508,8.23,1.2013282955608326,1.11
2001-08-30,25.40999984741211,8.23,1.1715353904748755,1.18
2001-08-31,24.920000076293945,8.05,1.2920819946918236,1.21
2001-09-04,25.850000381469727,7.87,1.2398276710587797,1.16
2001-09-05,26.350000381469727,7.95,1.186200886059227,1.18
2001-09-06,28.610000610351562,8.09,1.118507917506178,1.21
2001-09-07,30.989999771118164,8.22,1.3904192879140995,1.27
2001-09-10,31.84000015258789,8.22,1.4579194203794579,1.31
2001-09-17,41.7599983215332,9.58,1.4316675757001902,1.67
2001-09-18,38.869998931884766,9.51,2.300646655879034,1.76
2001-09-19,40.560001373291016,9.6,2.154372242155254,1.88
2001-09-20,43.7400016784668,9.69,2.137591778662422,1.84
2001-09-21,42.65999984741211,9.89,2.294876789201448,1.79
2001-09-24,37.75,9.95,2.180310189980689,1.79
2001-09-25,35.810001373291016,9.88,2.3685534611176964,1.84
2001-09-26,35.2599983215332,9.97,2.2452990850503394,1.83
2001-09-27,34.0,10.07,2.1047619922313907,1.8
2001-09-28,31.93000030517578,10.25,1.9929463431279644,1.74
2001-10-01,32.31999969482422,10.14,2.0039011386587546,1.73
2001-10-02,31.18000030517578,10.17,1.8769659261700649,1.76
2001-10-03,31.34000015258789,10.14,1.8107400802932663,1.73
2001-10-04,31.969999313354492,10.11,1.792120566292958,1.78
2001-10-05,33.38999938964844,10.1,1.679039571670872,1.81
2001-10-09,34.83000183105469,10.0,1.4940711366569277,1.88
2001-10-10,31.600000381469727,9.92,1.4137080758463383,1.83
2001-10-11,31.5,9.81,1.5321972312125514,1.81
2001-10-12,35.27000045776367,9.77,1.5333976359243058,1.87
2001-10-15,35.310001373291016,9.65,1.446626901376096,1.84
2001-10-16,32.880001068115234,9.63,1.3586803587201357,1.82
2001-10-17,35.08000183105469,9.61,1.2940885810153333,1.79
2001-10-18,34.95000076293945,9.61,1.4273771233621213,1.81
2001-10-19,34.11000061035156,9.6,1.3413538487704453,1.86
2001-10-22,32.25,9.6,1.2595185406948994,1.84
2001-10-23,32.0,9.57,1.3650841285871305,1.85
2001-10-24,30.950000762939453,9.61,1.2937462333837793,1.89
2001-10-25,29.459999084472656,9.62,1.218615398574466,1.93
2001-10-26,28.420000076293945,9.62,1.3020281408682255,1.9
2001-10-29,31.639999389648438,9.64,1.2253076293163514,1.95
2001-10-30,33.459999084472656,9.73,1.4722995228847198,1.96
2001-10-31,33.560001373291016,9.61,1.4436338059744784,1.86
2001-11-01,32.310001373291016,9.56,1.3595561365882005,1.75
2001-11-02,30.709999084472656,9.46,1.550375234324475,1.89
2001-11-05,30.5,9.48,1.4728287515132372,1.85
2001-11-06,28.799999237060547,9.5,1.4538185389726168,1.93
2001-11-07,29.1299991607666,9.53,1.4656801946488969,1.9
2001-11-08,28.6200008392334,9.36,1.3756971552809223,1.9
2001-11-09,27.440000534057617,9.29,1.2957746161019619,1.89
2001-11-13,26.469999313354492,9.24,1.1640706812240902,1.87
2001-11-14,26.559999465942383,9.06,1.3407859793582013,1.84
2001-11-15,25.559999465942383,8.62,1.259229450097169,1.81
2001-11-16,25.06999969482422,8.38,1.1847262217640777,1.82
2001-11-19,24.459999084472656,8.48,1.1245545334457672,1.88
2001-11-20,24.1200008392334,8.37,1.1407436255880397,1.92
2001-11-21,24.190000534057617,8.25,1.112277342510951,1.87
2001-11-23,23.25,8.15,1.0718569013502999,1.84
2001-11-26,23.790000915527344,8.17,1.1248821472789552,1.83
2001-11-27,24.0,8.18,1.0609850159985879,1.87
2001-11-28,25.899999618530273,8.13,1.0103462734442004,1.86
2001-11-29,25.18000030517578,8.33,1.1450339754819439,1.92
2001-11-30,23.84000015258789,8.39,1.1737743989500276,1.94
2001-12-03,25.770000457763672,8.38,1.1314942019765004,1.93
2001-12-04,24.079999923706055,8.47,1.08460713012039,1.89
2001-12-05,23.020000457763672,8.25,1.1764373555199972,1.85
2001-12-06,23.709999084472656,8.12,1.2736023338775944,1.85
2001-12-07,23.489999771118164,8.01,1.1964955301534181,2.01
2001-12-10,25.6200008392334,8.2,1.1484658221874995,2.07
2001-12-11,25.299999237060547,8.31,1.2643650180085995,2.1
2001-12-12,24.8700008392334,8.42,1.1898472730362317,2.05
2001-12-13,25.90999984741211,8.33,1.1192951544518093,2.04
2001-12-14,24.6299991607666,8.34,1.2550955748644401,2.04
2001-12-17,24.260000228881836,8.17,1.2246896269853549,2.05
2001-12-18,23.290000915527344,8.33,1.2053594325295736,2.03
2001-12-19,22.579999923706055,8.41,1.1516461399941669,1.97
2001-12-20,23.670000076293945,8.37,1.1103628963934622,1.93
2001-12-21,22.5,8.32,1.1001421646641216,1.95
2001-12-24,22.6200008392334,8.3,1.0565526899142483,1.96
2001-12-26,22.290000915527344,8.26,0.9972092948060325,1.96
2001-12-27,21.59000015258789,8.33,0.95914572080629,1.94
2001-12-28,21.399999618530273,8.33,0.9289774327986312,1.99
2001-12-31,23.799999237060547,8.24,0.8770892071274882,2.0
2002-01-02,22.709999084472656,8.12,0.9753125041994557,1.98
2002-01-03,21.34000015258789,8.03,0.992338942145931,1.97
2002-01-04,20.450000762939453,7.99,1.0144854969357902,1.99
2002-01-07,21.940000534057617,8.06,0.9836658728713461,2.01
2002-01-08,21.829999923706055,8.05,0.959676031162658,2.03
2002-01-09,22.1299991607666,8.04,0.9088697323291256,2.07
2002-01-10,22.360000610351562,8.08,0.9043732519915099,2.06
2002-01-11,22.600000381469727,8.17,0.8678098297372454,2.16
2002-01-14,23.579999923706055,8.17,0.8894206115410436,2.12
2002-01-15,22.700000762939453,8.26,0.868349407674612,2.09
2002-01-16,23.450000762939453,8.27,0.8680641856761211,2.04
2002-01-17,22.25,8.22,1.0861230722809718,2.02
2002-01-18,22.520000457763672,8.28,1.0552308709744018,2.03
2002-01-22,23.610000610351562,8.27,1.006484939923627,1.99
2002-01-23,21.8799991607666,8.22,0.9786800694222545,1.98
2002-01-24,21.149999618530273,8.18,0.960258051762458,1.92
2002-01-25,21.010000228881836,8.14,0.9121789213995686,1.93
2002-01-28,21.139999389648438,8.11,0.8614287107483534,1.93
2002-01-29,24.350000381469727,8.26,0.8200242550644237,1.97
2002-01-30,23.219999313354492,8.29,1.3561155818703687,1.96
2002-01-31,21.09000015258789,7.89,1.367060251034928,1.91
2002-02-01,21.1200008392334,7.81,1.3456595968004177,1.94
2002-02-04,24.8700008392334,7.91,1.2738324646115033,1.95
2002-02-05,25.450000762939453,7.98,1.4829990572891205,1.93
2002-02-06,26.09000015258789,8.02,1.4077085264988902,1.94
2002-02-07,25.110000610351562,8.02,1.3295080888678439,1.94
2002-02-08,23.260000228881836,8.08,1.2672657249952473,1.95
2002-02-11,21.780000686645508,8.09,1.361511629973556,1.96
2002-02-12,21.6200008392334,8.03,1.346607122442177,1.93
2002-02-13,20.850000381469727,7.99,1.2689284381213972,1.92
2002-02-14,21.770000457763672,8.05,1.24745990660878,1.88
2002-02-15,22.3700008392334,8.11,1.1738918573999015,1.89
2002-02-19,24.43000030517578,8.12,1.162665553124361,1.9
2002-02-20,22.65999984741211,8.19,1.2849742925054868,1.88
2002-02-21,23.799999237060547,8.2,1.3393824439922333,1.88
2002-02-22,22.860000610351562,8.28,1.4531441040610917,1.87
2002-02-25,21.84000015258789,8.31,1.4288595795338095,1.85
2002-02-26,21.68000030517578,8.25,1.4567588458359872,1.85
2002-02-27,21.489999771118164,8.31,1.368503646442609,1.75
2002-02-28,21.59000015258789,8.19,1.2915519339737265,1.82
2002-03-01,19.959999084472656,7.99,1.2230540882579224,1.8
2002-03-04,20.5,7.92,1.4013958316839419,1.78
2002-03-05,20.299999237060547,7.83,1.4495891047727927,1.77
2002-03-06,19.940000534057617,7.77,1.3645031922282522,1.8
2002-03-07,20.040000915527344,7.51,1.3451020582902216,1.86
2002-03-08,19.270000457763672,7.34,1.264999328381666,1.73
2002-03-11,19.84000015258789,7.33,1.1973185900436758,1.74
2002-03-12,19.59000015258789,7.32,1.1279782403507188,1.76
2002-03-13,19.459999084472656,7.36,1.061395617883238,1.79
2002-03-14,19.200000762939453,7.2,1.0548437861423607,1.77
2002-03-15,18.420000076293945,7.18,0.9945561918782134,1.72
2002-03-18,18.93000030517578,7.2,0.9939697625852476,1.65
2002-03-19,18.15999984741211,7.18,0.9370410498068348,1.69
2002-03-20,18.459999084472656,7.08,0.914264759427366,1.69
2002-03-21,18.149999618530273,7.1,1.0873992641375076,1.66
2002-03-22,17.770000457763672,7.08,1.023677780091026,1.63
2002-03-25,18.479999542236328,7.06,0.9674813928924265,1.63
2002-03-26,18.1299991607666,7.13,1.011049070927219,1.67
2002-03-27,17.700000762939453,7.13,0.9739293758761267,1.69
2002-03-28,17.399999618530273,7.11,0.9229993033405126,1.7
2002-04-01,18.729999542236328,7.0,0.8715113503437901,1.7
2002-04-02,19.15999984741211,7.06,0.8239611750198386,1.73
2002-04-03,20.200000762939453,7.15,0.8032210156943054,1.75
2002-04-04,19.780000686645508,7.15,0.7993978790327307,1.71
2002-04-05,19.1299991607666,7.21,0.7710601819505256,1.73
2002-04-08,19.610000610351562,7.18,0.7312660151976534,1.74
2002-04-09,19.469999313354492,7.2,0.6985912351458217,1.74
2002-04-10,18.190000534057617,7.15,0.7081582264626339,1.76
2002-04-11,20.299999237060547,7.17,0.7792040704208947,1.75
2002-04-12,19.420000076293945,7.26,1.1462027575758673,1.77
2002-04-15,19.81999969482422,7.27,1.1090667988757477,1.77
2002-04-16,18.110000610351562,7.21,1.0771519001638434,1.77
2002-04-17,18.43000030517578,7.14,1.302959190249334,1.83
2002-04-18,19.290000915527344,7.13,1.225863616555127,1.85
2002-04-19,18.299999237060547,7.14,1.1619209280130678,1.85
2002-04-22,19.770000457763672,7.18,1.099993232944921,1.82
2002-04-23,20.280000686645508,7.17,1.188871870210918,1.79
2002-04-24,20.770000457763672,7.2,1.127821167782565,1.83
2002-04-25,20.950000762939453,7.22,1.1176966424508787,1.85
2002-04-26,22.139999389648438,7.24,1.0518298285549683,1.86
2002-04-29,24.049999237060547,7.19,1.194620712218778,1.87
2002-04-30,21.90999984741211,6.88,1.136149077047513,1.87
2002-05-01,20.059999465942383,6.89,1.1168574959606465,1.87
2002-05-02,20.06999969482422,6.87,1.1329556736209052,1.88
2002-05-03,20.190000534057617,6.94,1.0742190217849141,1.91
2002-05-06,22.559999465942383,6.96,1.080262336381809,1.91
2002-05-07,21.940000534057617,7.02,1.2286213630860316,1.95
2002-05-08,20.389999389648438,6.89,1.1610505121436365,1.92
2002-05-09,21.559999465942383,6.89,1.6758524632237652,1.93
2002-05-10,22.40999984741211,6.97,1.6217971926127297,1.96
2002-05-13,20.719999313354492,6.96,1.6580610601926022,1.95
2002-05-14,19.350000381469727,6.89,1.7046175102139665,1.92
2002-05-15,19.190000534057617,6.93,1.7646519322150591,1.91
2002-05-16,18.5,7.05,1.6587885624984642,1.92
2002-05-17,17.700000762939453,7.01,1.565033753988213,1.86
2002-05-20,19.239999771118164,7.07,1.4771516812013572,1.88
2002-05-21,20.049999237060547,7.11,1.436393278467001,1.9
2002-05-22,19.579999923706055,7.15,1.3848535248589684,1.9
2002-05-23,18.229999542236328,7.1,1.3020135564507598,1.88
2002-05-24,18.899999618530273,7.08,1.2771237035854117,1.88
2002-05-28,20.309999465942383,7.09,1.280772256138131,1.86
2002-05-29,20.389999389648438,7.16,1.2178467277320086,1.87
2002-05-30,20.610000610351562,7.22,1.1734213695304392,1.89
2002-05-31,19.979999542236328,7.28,1.1076455160897887,1.86
2002-06-03,23.3700008392334,7.27,1.0447851027362887,1.87
2002-06-04,23.889999389648438,7.35,1.3592605695740052,1.91
2002-06-05,22.610000610351562,7.31,1.2788924681203566,1.92
2002-06-06,24.15999984741211,7.35,1.2443227703725948,1.91
2002-06-07,23.510000228881836,7.41,1.3709277388632504,1.94
2002-06-10,23.719999313354492,7.48,1.2874364217522685,1.92
2002-06-11,24.450000762939453,7.57,1.216667560301668,1.93
2002-06-12,24.149999618530273,7.7,1.2924503396256388,1.93
2002-06-13,25.020000457763672,7.75,1.2320735590994514,1.94
2002-06-14,25.959999084472656,7.9,1.2098963848988167,1.91
2002-06-17,24.639999389648438,7.85,1.1383684795886153,1.93
2002-06-18,24.239999771118164,7.85,1.4126240919815378,1.95
2002-06-19,26.059999465942383,7.97,1.3554378411685108,1.95
2002-06-20,27.479999542236328,7.95,1.5148091035165612,1.92
2002-06-21,27.229999542236328,8.14,1.4894669935775349,1.91
2002-06-24,26.979999542236328,8.19,1.5008544081219153,1.94
2002-06-25,27.84000015258789,8.27,1.4193285013220074,1.96
2002-06-26,28.420000076293945,9.06,1.548533781152565,1.98
2002-06-27,26.290000915527344,9.14,1.4531151324746743,1.99
2002-06-28,25.399999618530273,9.23,1.4909495713502872,1.96
2002-07-01,27.110000610351562,8.69,1.4081081658693866,1.97
2002-07-02,28.959999084472656,8.93,1.4885961128369676,1.99
2002-07-03,29.420000076293945,9.02,1.5834363727036562,2.0
2002-07-05,27.110000610351562,8.96,1.4975370322638657,2.0
2002-07-08,28.25,8.99,1.9536265899270728,2.0
2002-07-09,30.219999313354492,8.98,1.8808046482466045,2.04
2002-07-10,34.099998474121094,9.06,1.9725022755201944,2.05
2002-07-11,33.849998474121094,9.26,2.2531032746580046,2.05
2002-07-12,32.939998626708984,9.26,2.1272253975845885,2.07
2002-07-15,35.029998779296875,9.19,2.027825447021587,2.11
2002-07-16,36.650001525878906,9.13,1.9074169234965153,2.09
2002-07-17,35.45000076293945,9.19,1.91035387331828,2.08
2002-07-18,35.119998931884766,9.26,1.7902683431620712,2.11
2002-07-19,38.16999816894531,9.37,2.0314224909295873,2.13
2002-07-22,41.869998931884766,9.49,2.2741322390303615,2.11
2002-07-23,44.91999816894531,9.71,2.3715971272247796,2.13
2002-07-24,39.86000061035156,9.96,2.4200519534994513,2.11
2002-07-25,39.27000045776367,9.98,3.032198365375178,2.15
2002-07-26,35.5099983215332,10.13,2.850724118699789,2.23
2002-07-29,31.329999923706055,10.01,2.7455639272464696,2.21
2002-07-30,31.920000076293945,9.99,3.0551671738508266,2.21
2002-07-31,32.029998779296875,9.71,2.8919752911098517,2.28
2002-08-01,36.95000076293945,9.54,2.7056659350220493,2.32
2002-08-02,41.290000915527344,9.76,2.6928281197673574,2.34
2002-08-05,45.08000183105469,9.91,2.639264395086408,2.36
2002-08-06,42.029998779296875,9.81,2.7592248508911528,2.31
2002-08-07,38.72999954223633,9.89,2.826112494015758,2.37
2002-08-08,36.33000183105469,9.85,2.7105356778228034,2.3
2002-08-09,35.33000183105469,9.92,2.766676408423053,2.17
2002-08-12,37.04999923706055,10.0,2.590706348603946,2.12
2002-08-13,35.81999969482422,10.15,2.4368112665496544,2.12
2002-08-14,32.36000061035156,10.2,2.367752010791757,1.94
2002-08-15,29.43000030517578,10.01,2.5430420889500973,1.95
2002-08-16,28.809999465942383,9.93,2.4267177981005776,2.04
2002-08-19,28.610000610351562,9.93,2.2727223510769448,2.04
2002-08-20,29.59000015258789,9.94,2.2738112258665035,2.05
2002-08-21,28.229999542236328,9.88,2.159734332640216,2.08
2002-08-22,27.75,9.65,2.081786462598244,2.08
2002-08-23,29.31999969482422,9.62,1.9775311004555987,2.06
2002-08-26,29.889999389648438,9.55,2.000299686021143,2.03
2002-08-27,30.110000610351562,9.44,1.8883225311643848,2.03
2002-08-28,33.31999969482422,9.48,1.8140248730074977,1.99
2002-08-29,33.66999816894531,9.51,1.8654644695479474,2.02
2002-08-30,32.63999938964844,9.5,1.747175243551574,2.0
2002-09-03,39.970001220703125,9.76,1.6425856643328456,1.97
2002-09-04,37.439998626708984,9.75,2.0497366429410824,1.94
2002-09-05,38.86000061035156,9.82,1.9812134250005446,1.96
2002-09-06,36.33000183105469,9.69,1.8785387238366034,1.97
2002-09-09,36.45000076293945,9.69,1.8222837719015053,1.92
2002-09-10,35.08000183105469,9.7,1.725726035799142,1.88
2002-09-11,34.810001373291016,9.59,1.664966824559142,1.89
2002-09-12,37.5,9.63,1.5753898710537957,1.86
2002-09-13,35.81999969482422,9.65,1.6127358469395343,1.85
2002-09-16,36.7400016784668,9.61,1.5141639709292958,1.83
2002-09-17,38.0099983215332,9.6,1.4225742023785608,1.81
2002-09-18,37.52000045776367,9.65,1.5597553307012741,1.82
2002-09-19,40.650001525878906,9.82,1.5038462908134846,1.86
2002-09-20,38.97999954223633,9.92,1.6798682024666276,1.85
2002-09-23,39.68000030517578,10.12,1.5742894568713088,1.77
2002-09-24,40.52000045776367,10.26,1.5033895471630607,1.76
2002-09-25,37.33000183105469,10.18,1.5194450676924844,1.77
2002-09-26,34.599998474121094,10.17,1.6602685586611756,1.82
2002-09-27,36.970001220703125,10.3,1.6553434845607542,1.87
2002-09-30,39.689998626708984,10.33,1.9806959353800297,1.91
2002-10-01,34.119998931884766,10.21,1.8984318175080468,1.92
2002-10-02,36.83000183105469,10.34,2.4142803916808027,1.96
2002-10-03,37.310001373291016,10.48,2.4948525445520544,1.95
2002-10-04,39.459999084472656,10.55,2.360477970522406,1.91
2002-10-07,42.63999938964844,10.71,2.3006481064417104,1.87
2002-10-08,41.02000045776367,10.87,2.2721668247514013,1.85
2002-10-09,42.130001068115234,11.17,2.193986101217936,1.89
2002-10-10,37.54999923706055,11.2,2.2826325953618904,1.93
2002-10-11,35.70000076293945,11.07,2.4069824816629675,1.98
2002-10-15,34.02000045776367,10.73,2.5335766986000197,1.99
2002-10-16,36.0,10.73,2.879154236609463,2.04
2002-10-17,34.099998474121094,10.64,2.824602861529322,2.06
2002-10-18,33.529998779296875,10.65,2.728845304701802,2.05
2002-10-21,33.11000061035156,10.54,2.5563031147901554,2.01
2002-10-22,34.09000015258789,10.53,2.4642588859475345,2.06
2002-10-23,33.20000076293945,10.54,2.3190472407774467,2.06
2002-10-24,34.029998779296875,10.53,2.1858371110902133,2.07
2002-10-25,30.0,10.57,2.1678237826751485,2.14
2002-10-28,31.06999969482422,10.55,2.1519830431879234,2.22
2002-10-29,32.27000045776367,10.67,2.0270502462145163,2.18
2002-10-30,31.229999542236328,10.62,1.9406917830908976,2.25
2002-10-31,31.139999389648438,10.59,1.8480616179811038,2.25
2002-11-01,29.299999237060547,10.47,1.767120758506637,2.25
2002-11-04,30.81999969482422,10.3,1.7902354922359345,2.28
2002-11-05,31.229999542236328,10.19,1.7091887565241066,2.28
2002-11-06,30.729999542236328,10.1,1.624807114046612,2.22
2002-11-07,31.420000076293945,10.12,1.5875215453451836,2.02
2002-11-08,29.40999984741211,10.16,1.7206745199136162,1.98
2002-11-12,30.579999923706055,10.15,1.6552425346360256,2.05
2002-11-13,31.239999771118164,10.11,1.5754962995684134,2.08
2002-11-14,28.670000076293945,9.94,1.4775066565473194,2.14
2002-11-15,26.649999618530273,9.78,1.5309853338068298,2.14
2002-11-18,27.65999984741211,9.7,1.4583258090533238,2.11
2002-11-19,27.40999984741211,9.61,1.412658586599027,2.08
2002-11-20,25.31999969482422,9.39,1.326405590765785,2.1
2002-11-21,23.809999465942383,9.15,1.4619896102050716,2.09
2002-11-22,23.15999984741211,9.04,1.5143539537517217,2.08
2002-11-25,24.06999969482422,9.01,1.441803718525043,2.1
2002-11-26,25.969999313354492,9.14,1.3528887549445443,2.11
2002-11-27,27.25,8.94,1.435516691963294,2.13
2002-11-29,27.5,9.01,1.6572958221532212,2.14
2002-12-02,27.459999084472656,8.67,1.557186869622767,2.15
2002-12-03,28.329999923706055,8.67,1.4611024717440229,2.16
2002-12-04,28.920000076293945,8.81,1.4486792597800586,2.16
2002-12-05,30.100000381469727,8.89,1.368225476889311,2.16
2002-12-06,28.8799991607666,9.0,1.34107853347866,2.2
2002-12-09,30.780000686645508,9.08,1.279471329928462,2.18
2002-12-10,28.760000228881836,9.05,1.5445660437320903,2.16
2002-12-11,27.760000228881836,9.09,1.520681380529618,2.16
2002-12-12,27.290000915527344,9.06,1.426409278651562,2.16
2002-12-13,28.18000030517578,8.99,1.3383933339187097,2.2
2002-12-16,26.239999771118164,8.88,1.372739296444087,2.21
2002-12-17,26.65999984741211,8.9,1.5651242597250046,2.24
2002-12-18,28.290000915527344,8.94,1.498823437972104,2.25
2002-12-19,30.209999084472656,9.03,1.4628114558255871,2.22
2002-12-20,26.709999084472656,8.99,1.394639663872328,2.21
2002-12-23,26.200000762939453,9.0,1.3986522015476808,2.19
2002-12-24,26.489999771118164,9.01,1.3126292682575593,2.22
2002-12-26,27.3700008392334,9.02,1.25975048854849,2.23
2002-12-27,29.549999237060547,9.11,1.1835994618571302,2.23
2002-12-30,29.6200008392334,9.13,1.3655929650579262,2.21
2002-12-31,28.6200008392334,8.9,1.3141428642929105,2.22
2003-01-02,25.389999389648438,8.65,1.234934866179556,2.27
2003-01-03,24.68000030517578,8.57,1.6008025793008127,2.26
2003-01-06,24.90999984741211,8.41,1.5044395759782376,2.25
2003-01-07,25.1299991607666,8.26,1.5364172239129235,2.27
2003-01-08,25.530000686645508,8.18,1.4432987082392665,2.29
2003-01-09,24.25,7.95,1.445756519652761,2.32
2003-01-10,24.31999969482422,7.92,1.4586806944223116,2.37
2003-01-13,24.899999618530273,7.92,1.3715984589499959,2.34
2003-01-14,24.56999969482422,7.96,1.2874751122016428,2.34
2003-01-15,25.510000228881836,7.96,1.2144322379113812,2.35
2003-01-16,25.010000228881836,7.99,1.1934521905206608,2.35
2003-01-17,25.700000762939453,8.1,1.131070441646367,2.35
2003-01-21,27.59000015258789,8.12,1.1835591952413327,2.34
2003-01-22,29.010000228881836,8.23,1.2392997751550134,2.29
2003-01-23,27.530000686645508,8.16,1.2392026441568937,2.29
2003-01-24,31.510000228881836,8.21,1.1836470048952212,2.28
2003-01-27,34.689998626708984,8.29,1.4479594456541254,2.28
2003-01-28,31.93000030517578,8.25,1.4403222633692725,2.3
2003-01-29,31.260000228881836,8.24,1.3754401466282196,2.29
2003-01-30,31.31999969482422,8.25,1.3174334156138443,2.3
2003-01-31,31.170000076293945,8.29,1.4925059927052668,2.28
2003-02-03,31.020000457763672,8.21,1.5500130464872683,2.29
2003-02-04,32.7599983215332,8.28,1.4549948046190464,2.28
2003-02-05,33.040000915527344,8.23,1.4078453250015799,2.29
2003-02-06,33.349998474121094,8.35,1.338784908271719,2.29
2003-02-07,34.0099983215332,8.39,1.267639447028885,2.33
2003-02-10,33.9900016784668,8.35,1.2651082620352545,2.31
2003-02-11,33.68000030517578,8.37,1.2135241828103636,2.33
2003-02-12,34.33000183105469,8.5,1.165779415859222,2.31
2003-02-13,33.70000076293945,8.69,1.2307015523484433,2.32
2003-02-14,32.619998931884766,8.62,1.1613514860865566,2.33
2003-02-18,31.110000610351562,8.56,1.3263386852713583,2.28
2003-02-19,31.309999465942383,8.53,1.385331699992942,2.27
2003-02-20,31.15999984741211,8.51,1.313061677662431,2.26
2003-02-21,30.25,8.42,1.2814809142304062,2.27
2003-02-24,31.979999542236328,8.41,1.2532751106635498,2.26
2003-02-25,31.739999771118164,8.45,1.3075413135015914,2.23
2003-02-26,31.940000534057617,8.44,1.2587855132079107,2.21
2003-02-27,30.530000686645508,8.4,1.2880869483288686,2.18
2003-02-28,29.6299991607666,8.38,1.293213916388973,2.18
2003-03-03,30.43000030517578,8.29,1.2362360005573951,2.16
2003-03-04,31.829999923706055,8.31,1.2086269895254182,2.16
2003-03-05,30.3799991607666,8.33,1.2661587804226195,2.17
2003-03-06,31.3700008392334,8.31,1.225050057110776,2.2
2003-03-07,31.079999923706055,8.34,1.188019045301043,2.24
2003-03-10,33.310001373291016,8.38,1.1421661877623883,2.24
2003-03-11,33.61000061035156,8.33,1.3672346054205784,2.22
2003-03-12,33.5099983215332,8.32,1.3286982963864324,2.15
2003-03-13,31.760000228881836,8.16,1.2690558027751022,2.15
2003-03-14,30.979999542236328,8.17,1.6787501981212167,2.16
2003-03-17,31.75,8.04,1.577180370530382,2.19
2003-03-18,30.43000030517578,7.91,1.830707798877729,2.19
2003-03-19,31.540000915527344,7.88,1.7268180461246134,2.26
2003-03-20,30.440000534057617,7.84,1.639704787835378,2.26
2003-03-21,28.670000076293945,7.69,1.5386879607225117,2.31
2003-03-24,30.389999389648438,7.81,1.6192917652220278,2.27
2003-03-25,28.75,7.8,1.920309165186111,2.28
2003-03-26,28.229999542236328,7.78,1.8285382567460648,2.28
2003-03-27,27.959999084472656,7.76,1.7216682845021067,2.33
2003-03-28,27.75,7.75,1.613412391179007,2.36
2003-03-31,29.149999618530273,7.72,1.522604406032577,2.32
2003-04-01,28.360000610351562,7.61,1.636648898848671,2.34
2003-04-02,28.020000457763672,7.36,1.622950752699729,2.34
2003-04-03,28.209999084472656,7.31,1.7336216747792448,2.38
2003-04-04,29.1299991607666,7.24,1.6327899634152507,2.41
2003-04-07,28.450000762939453,7.11,1.544185853122232,2.38
2003-04-08,27.1299991607666,7.21,1.4495043116926056,2.36
2003-04-09,27.110000610351562,7.31,1.3609886676589382,2.38
2003-04-10,25.600000381469727,7.28,1.3581386948584018,2.35
2003-04-11,24.440000534057617,7.21,1.2892075159832215,2.35
2003-04-14,23.40999984741211,7.12,1.2193286770421514,2.3
2003-04-15,22.559999465942383,7.07,1.348896595450075,2.29
2003-04-16,22.520000457763672,7.05,1.3069341488560668,2.29
2003-04-17,21.5,6.97,1.365373205679327,2.27
2003-04-21,21.950000762939453,6.92,1.3804421871439374,2.29
2003-04-22,20.700000762939453,6.86,1.2961190764451882,2.31
2003-04-23,20.799999237060547,6.71,1.3799658277091245,2.32
2003-04-24,20.329999923706055,6.69,1.3338109885211538,2.31
2003-04-25,20.799999237060547,6.68,1.2903420422615912,2.34
2003-04-28,20.84000015258789,6.64,1.2869986924106618,2.33
2003-04-29,20.760000228881836,6.55,1.3480155365392488,2.34
2003-04-30,21.209999084472656,6.44,1.2712898996549504,2.38
2003-05-01,21.59000015258789,6.37,1.1966079939479712,2.38
2003-05-02,20.6299991607666,6.26,1.124875920248595,2.38
2003-05-05,21.1299991607666,6.25,1.1673434004732914,2.37
2003-05-06,20.799999237060547,6.34,1.09977026083522,2.39
2003-05-07,21.0,6.46,1.0856698191120384,2.27
2003-05-08,21.239999771118164,6.55,1.0400787466288504,2.21
2003-05-09,19.690000534057617,6.53,1.0410638432680301,2.24
2003-05-12,19.520000457763672,6.53,1.0911815656687367,2.18
2003-05-13,19.90999984741211,6.53,1.1113184584824585,2.16
2003-05-14,20.0,6.62,1.047602873061002,2.12
2003-05-15,19.239999771118164,6.55,0.9894277184513933,2.07
2003-05-16,18.399999618530273,6.63,0.9584739100293236,2.08
2003-05-19,20.510000228881836,6.66,0.9084465278911962,2.11
2003-05-20,21.290000915527344,6.77,1.189629464339097,2.07
2003-05-21,21.209999084472656,6.8,1.120673568593343,2.01
2003-05-22,19.780000686645508,6.86,1.0568367336483229,1.98
2003-05-23,19.170000076293945,6.87,1.052984178158734,1.96
2003-05-27,19.989999771118164,6.88,0.9941818823712893,2.08
2003-05-28,20.030000686645508,6.89,1.1147266119961723,2.09
2003-05-29,20.43000030517578,6.87,1.0535061546161968,2.04
2003-05-30,19.469999313354492,6.81,0.9963269201731066,2.04
2003-06-02,20.850000381469727,6.66,1.090236635599371,2.1
2003-06-03,20.84000015258789,6.74,1.0361540748650382,2.14
2003-06-04,20.6200008392334,6.7,0.9864632055098019,2.1
2003-06-05,20.829999923706055,6.58,1.055219400996357,2.09
2003-06-06,21.25,6.48,1.0084444378022546,2.1
2003-06-09,22.149999618530273,6.51,0.9601689092380812,2.1
2003-06-10,20.639999389648438,6.58,0.9731880044874801,2.07
2003-06-11,20.209999084472656,6.5,0.9831473343316632,2.05
2003-06-12,20.40999984741211,6.48,0.9967404176486319,2.05
2003-06-13,20.65999984741211,6.46,0.9457044969248302,2.03
2003-06-16,20.219999313354492,6.31,0.964182337692685,2.0
2003-06-17,20.010000228881836,6.14,1.164003170823337,2.02
2003-06-18,19.760000228881836,6.04,1.0946111456787389,2.1
2003-06-19,19.799999237060547,6.09,1.0307126024490525,2.18
2003-06-20,19.139999389648438,6.07,1.1087878593861962,2.18
2003-06-23,20.579999923706055,6.21,1.0462263259011073,2.15
2003-06-24,20.75,6.29,1.048720583166804,2.15
2003-06-25,20.809999465942383,6.15,0.9883548078869016,2.08
2003-06-26,19.399999618530273,6.03,0.9959263137717911,2.14
2003-06-27,19.15999984741211,6.03,1.041243792595787,2.2
2003-06-30,19.520000457763672,6.13,1.0607217239025066,2.22
2003-07-01,19.459999084472656,6.15,0.9988990994944117,2.26
2003-07-02,19.030000686645508,6.18,0.9942812213446404,2.26
2003-07-03,19.389999389648438,6.11,1.0334530772896806,2.35
2003-07-07,20.059999465942383,6.05,1.0384223240091917,2.38
2003-07-08,19.479999542236328,5.97,1.1936792473224556,2.36
2003-07-09,18.93000030517578,5.97,1.1328299627598737,2.36
2003-07-10,19.190000534057617,6.0,1.0836897649216015,2.37
2003-07-11,18.469999313354492,6.05,1.1132749986335757,2.37
2003-07-14,19.59000015258789,5.94,1.0976830544673846,2.39
2003-07-15,19.549999237060547,5.73,1.0469519571213262,2.49
2003-07-16,19.760000228881836,5.76,0.9890178252959992,2.48
2003-07-17,20.219999313354492,5.75,0.9546901481733656,2.51
2003-07-18,19.110000610351562,5.76,1.0292600386676833,2.49
2003-07-21,19.780000686645508,5.59,1.0326552001018692,2.58
2003-07-22,19.170000076293945,5.66,1.0648147066163671,2.6
2003-07-23,18.639999389648438,5.72,1.0505809766973622,2.58
2003-07-24,18.600000381469727,5.7,0.9897510389738732,2.66
2003-07-25,17.75,5.73,0.9697506171862681,2.7
2003-07-28,18.360000610351562,5.65,1.0991040367271772,2.7
2003-07-29,18.670000076293945,5.63,1.0423936452907587,2.75
2003-07-30,18.850000381469727,5.83,0.9949253512796936,2.7
2003-07-31,19.489999771118164,5.67,0.9416739669775985,2.69
2003-08-01,20.75,5.77,0.8922941460433158,2.59
2003-08-04,21.270000457763672,5.84,0.8980428786820629,2.64
2003-08-05,22.68000030517578,5.8,0.8483198934550569,2.59
2003-08-06,21.5,6.06,1.0958757346743602,2.54
2003-08-07,20.260000228881836,6.15,1.0509322780460528,2.56
2003-08-08,19.59000015258789,6.13,1.0546367422252818,2.55
2003-08-11,19.75,6.08,0.9981537407409026,2.57
2003-08-12,17.940000534057617,6.13,0.949942754648521,2.66
2003-08-13,18.770000457763672,5.99,0.9503904501800222,2.72
2003-08-14,18.469999313354492,6.06,0.9143491367269254,2.69
2003-08-15,18.270000457763672,6.07,0.8685698209553134,2.7
2003-08-18,18.18000030517578,6.05,0.8282419302695007,2.62
2003-08-19,17.860000610351562,5.98,0.8390533317467355,2.57
2003-08-20,17.81999969482422,5.81,0.8046727715263343,2.61
2003-08-21,17.84000015258789,5.61,0.775259626897813,2.55
2003-08-22,18.549999237060547,5.62,0.7433919230496421,2.51
2003-08-25,19.530000686645508,5.53,0.7865323722289191,2.51
2003-08-26,19.489999771118164,5.55,0.747562801431825,2.54
2003-08-27,19.1299991607666,5.45,0.7123904877477182,2.49
2003-08-28,18.479999542236328,5.5,0.6774061372258242,2.49
2003-08-29,18.6299991607666,5.43,0.6800677309000045,2.5
2003-09-02,19.020000457763672,5.19,0.6887019266774732,2.57
2003-09-03,19.440000534057617,5.16,0.8029099425724211,2.58
2003-09-04,18.709999084472656,5.25,0.7837111536458691,2.61
2003-09-05,18.170000076293945,5.42,0.7430729959960113,2.63
2003-09-08,18.260000228881836,5.35,0.7321582235675299,2.66
2003-09-09,18.850000381469727,5.34,0.7521738090080728,2.66
2003-09-10,20.010000228881836,5.42,0.749704594858259,2.64
2003-09-11,19.25,5.36,0.794436368903798,2.64
2003-09-12,18.68000030517578,5.42,0.759668072274111,2.61
2003-09-15,19.280000686645508,5.43,0.7236519791048087,2.65
2003-09-16,18.030000686645508,5.39,0.6984931102319684,2.66
2003-09-17,18.149999618530273,5.41,0.8342554137975218,2.57
2003-09-18,17.56999969482422,5.32,0.7923097125722307,2.51
2003-09-19,17.540000915527344,5.26,0.8546544640953637,2.47
2003-09-22,19.649999618530273,5.28,0.8275232683773317,2.56
2003-09-23,19.469999313354492,5.34,0.8697108529750235,2.56
2003-09-24,21.219999313354492,5.36,0.8327046168253178,2.5
2003-09-25,22.260000228881836,5.37,1.00533549983706,2.47
2003-09-26,22.229999542236328,5.45,0.9900256127765619,2.44
2003-09-29,21.670000076293945,5.4,0.940396929663799,2.48
2003-09-30,22.719999313354492,5.51,0.950221719789196,2.46
2003-10-01,21.06999969482422,5.46,0.9587121081817899,2.49
2003-10-02,20.799999237060547,5.36,1.1647404898467462,2.55
2003-10-03,19.5,5.18,1.1025095534823564,2.56
2003-10-06,19.510000228881836,5.25,1.0851806662968557,2.57
2003-10-07,19.40999984741211,5.13,1.033632428230847,2.6
2003-10-08,19.18000030517578,5.1,0.9828960272021106,2.62
2003-10-09,18.81999969482422,5.02,0.9308392689469189,2.63
2003-10-10,18.450000762939453,5.02,0.8835945853022882,2.64
2003-10-14,17.3700008392334,4.88,0.8027797746660857,2.64
2003-10-15,17.690000534057617,4.74,0.7702548236716681,2.64
2003-10-16,17.190000534057617,4.62,0.736359408698179,2.51
2003-10-17,17.6200008392334,4.68,0.7130084211310267,2.51
2003-10-20,17.040000915527344,4.68,0.7780099529860106,2.53
2003-10-21,16.549999237060547,4.68,0.7819222696252609,2.49
2003-10-22,17.670000076293945,4.81,0.7436365603601275,2.49
2003-10-23,17.68000030517578,4.82,0.8323863916638224,2.5
2003-10-24,17.709999084472656,4.89,0.790314979992874,2.48
2003-10-27,18.049999237060547,4.8,0.7529463879513508,2.47
2003-10-28,16.81999969482422,4.87,0.7147769805296352,2.52
2003-10-29,16.43000030517578,4.77,0.8264430523641121,2.52
2003-10-30,16.329999923706055,4.68,0.7836189688267107,2.5
2003-10-31,16.100000381469727,4.73,0.7463475797026022,2.48
2003-11-03,16.549999237060547,4.65,0.7092829059682738,2.5
2003-11-04,16.549999237060547,4.68,0.7117507490760329,2.47
2003-11-05,16.860000610351562,4.62,0.6809493397685574,2.44
2003-11-06,16.739999771118164,4.56,0.6490283357595398,2.44
2003-11-07,16.93000030517578,4.52,0.6459401124943839,2.44
2003-11-10,17.6200008392334,4.5,0.6687960287808766,2.43
2003-11-12,16.75,4.55,0.6229797110591688,2.39
2003-11-13,16.469999313354492,4.69,0.7109452855243189,2.38
2003-11-14,16.940000534057617,4.74,0.6760710864362629,2.38
2003-11-17,18.600000381469727,4.74,0.7086910207711351,2.38
2003-11-18,19.110000610351562,4.73,0.6963733685067436,2.34
2003-11-19,18.799999237060547,4.65,0.7557585253055279,2.34
2003-11-20,19.479999542236328,4.76,0.7749756772028131,2.33
2003-11-21,18.979999542236328,4.75,0.7990499523131351,2.31
2003-11-24,17.440000534057617,4.67,0.7705675002115452,2.29
2003-11-25,16.709999084472656,4.62,0.8623770985100963,2.3
2003-11-26,16.229999542236328,4.55,0.825941137169596,2.28
2003-11-28,16.31999969482422,4.46,0.7916443885934326,2.28
2003-12-01,16.770000457763672,4.37,0.7506424631152917,2.28
2003-12-02,16.270000457763672,4.35,0.8046564601989504,2.31
2003-12-03,16.6299991607666,4.27,0.767170133627661,2.32
2003-12-04,16.299999237060547,4.26,0.7297491547093737,2.32
2003-12-05,17.09000015258789,4.39,0.7077795680536257,2.35
2003-12-08,16.540000915527344,4.29,0.7157732107071734,2.35
2003-12-09,17.6299991607666,4.19,0.7194593427720172,2.35
2003-12-10,17.8700008392334,4.22,0.7350368670687109,2.36
2003-12-11,16.729999542236328,4.35,0.6981277973213753,2.44
2003-12-12,16.40999984741211,4.34,0.769834419384818,2.42
2003-12-15,17.229999542236328,4.27,0.7332410466128003,2.4
2003-12-16,15.930000305175781,4.31,0.7179334357951331,2.41
2003-12-17,15.579999923706055,4.34,0.7059242105799766,2.36
2003-12-18,16.15999984741211,4.34,0.6802194649342391,2.31
2003-12-19,16.420000076293945,4.33,0.7557388286699107,2.33
2003-12-22,16.940000534057617,4.28,0.7236821437183898,2.34
2003-12-23,16.489999771118164,4.16,0.7290534542490933,2.32
2003-12-24,16.65999984741211,4.25,0.6929800080232257,2.37
2003-12-26,17.450000762939453,4.28,0.6604445883735969,2.35
2003-12-29,17.09000015258789,4.22,0.630230467633555,2.38
2003-12-30,17.68000030517578,4.17,0.7578047351327284,2.43
2003-12-31,18.309999465942383,4.18,0.7190744618717348,2.43
2004-01-02,18.219999313354492,4.08,0.684176509091997,2.44
2004-01-05,17.489999771118164,3.97,0.6516393338511168,2.46
2004-01-06,16.729999542236328,3.98,0.7268173152180021,2.45
2004-01-07,15.5,3.92,0.6914086680673237,2.43
2004-01-08,15.609999656677246,3.87,0.6684552006943493,2.42
2004-01-09,16.75,4.01,0.6519178398014344,2.43
2004-01-12,16.81999969482422,4.0,0.6927903106557199,2.43
2004-01-13,18.040000915527344,4.05,0.7073334356549819,2.42
2004-01-14,16.75,4.04,0.7027874906557618,2.36
2004-01-15,15.5600004196167,3.98,0.7284886400673772,2.32
2004-01-16,15.0,3.94,0.6973979971009834,2.34
2004-01-20,15.210000038146973,3.89,0.6776449521409488,2.39
2004-01-21,14.34000015258789,3.88,0.6455323379994873,2.36
2004-01-22,14.710000038146973,3.9,0.6739448389416814,2.33
2004-01-23,14.84000015258789,3.79,0.6484714435464963,2.38
2004-01-26,14.550000190734863,3.76,0.6288852953359156,2.41
2004-01-27,15.350000381469727,3.88,0.7419499695555223,2.41
2004-01-28,16.780000686645508,3.81,0.7908088796591586,2.35
2004-01-29,17.139999389648438,3.92,0.8494226267332915,2.34
2004-01-30,16.6299991607666,4.03,0.8041466813738988,2.32
2004-02-02,17.110000610351562,4.06,0.7617003685683266,2.35
2004-02-03,17.34000015258789,4.17,0.7380276508676615,2.35
2004-02-04,17.8700008392334,4.2,0.7032696710726263,2.35
2004-02-05,17.709999084472656,4.22,0.7273890774583592,2.35
2004-02-06,16.0,4.34,0.6985285355634223,2.35
2004-02-09,16.389999389648438,4.28,0.7697517439222034,2.33
2004-02-10,15.9399995803833,4.24,0.7300931427302491,2.31
2004-02-11,15.390000343322754,4.31,0.7026136316911001,2.32
2004-02-12,15.3100004196167,4.19,0.7628567535535502,2.35
2004-02-13,15.579999923706055,4.25,0.7346089701909001,2.35
2004-02-17,15.399999618530273,4.21,0.7151392051901531,2.35
2004-02-18,15.59000015258789,4.23,0.7484365755174963,2.33
2004-02-19,15.800000190734863,4.24,0.7267516831127157,2.35
2004-02-20,16.040000915527344,4.22,0.7025733038363403,2.35
2004-02-23,16.290000915527344,4.3,0.6766551637194512,2.36
2004-02-24,15.899999618530273,4.38,0.650535408998469,2.35
2004-02-25,14.930000305175781,4.36,0.6236240150304254,2.35
2004-02-26,14.829999923706055,4.32,0.6136211962560099,2.36
2004-02-27,14.550000190734863,4.34,0.5873179695782252,2.33
2004-03-01,14.4399995803833,4.29,0.5634861712504033,2.33
2004-03-02,14.859999656677246,4.22,0.640960132721012,2.31
2004-03-03,14.550000190734863,4.22,0.6451189049722451,2.33
2004-03-04,14.399999618530273,4.24,0.6189405849603173,2.31
2004-03-05,14.479999542236328,4.35,0.5986129626531839,2.28
2004-03-08,15.789999961853027,4.37,0.5850360090814278,2.26
2004-03-09,16.600000381469727,4.4,0.7051034969677307,2.22
2004-03-10,18.670000076293945,4.37,0.6850012918530831,2.2
2004-03-11,20.670000076293945,4.41,0.8785220401951045,2.22
2004-03-12,18.299999237060547,4.39,0.9464665416200255,2.24
2004-03-15,21.1299991607666,4.41,1.0019947793751511,2.22
2004-03-16,20.34000015258789,4.53,1.03744038707914,2.19
2004-03-17,18.110000610351562,4.5,0.994480139089995,2.18
2004-03-18,18.530000686645508,4.46,1.0142367542634079,2.21
2004-03-19,19.149999618530273,4.43,0.9558287821994111,2.24
2004-03-22,21.579999923706055,4.52,1.0322827776760286,2.22
2004-03-23,20.670000076293945,4.54,1.0693485030277825,2.21
2004-03-24,19.809999465942383,4.56,1.0086445492476126,2.23
2004-03-25,17.8799991607666,4.53,0.9510371425994849,2.24
2004-03-26,17.329999923706055,4.42,1.0072753264074699,2.26
2004-03-29,16.5,4.34,0.9493853769487774,2.28
2004-03-30,16.280000686645508,4.33,1.0189428647468908,2.28
2004-03-31,16.739999771118164,4.41,0.9672778091876587,2.26
2004-04-01,16.649999618530273,4.32,0.9131998810505495,2.26
2004-04-02,15.640000343322754,4.16,0.8872071712096253,2.29
2004-04-05,14.970000267028809,4.11,0.8783223330373148,2.33
2004-04-06,15.319999694824219,4.14,0.8517424018272743,2.33
2004-04-07,15.760000228881836,4.11,0.8133140878086139,2.32
2004-04-08,16.260000228881836,4.06,0.7744857524926483,2.33
2004-04-12,15.279999732971191,4.02,0.7386324045685809,2.34
2004-04-13,17.260000228881836,3.96,0.7146162108653997,2.34
2004-04-14,15.619999885559082,3.97,0.8385202719481233,2.27
2004-04-15,15.739999771118164,3.95,0.7953074488842502,2.32
2004-04-16,14.9399995803833,3.96,0.7650743449440164,2.34
2004-04-19,15.420000076293945,3.94,0.7733022994521398,2.32
2004-04-20,16.670000076293945,3.91,0.7333028442555135,2.32
2004-04-21,15.600000381469727,3.91,0.912165762125164,2.23
2004-04-22,14.609999656677246,3.93,0.8921900670633012,2.25
2004-04-23,14.010000228881836,3.81,0.9723197238920389,2.19
2004-04-26,14.770000457763672,3.82,0.9175986946415517,2.18
2004-04-27,15.069999694824219,3.85,0.8677569266755353,2.22
2004-04-28,16.290000915527344,3.81,0.8209213140151588,2.2
2004-04-29,16.600000381469727,3.83,0.8998527038169336,2.21
2004-04-30,17.190000534057617,3.91,0.903655984734227,2.22
2004-05-03,16.6200008392334,3.93,0.8957457235242002,2.19
2004-05-04,16.549999237060547,3.98,0.9240656921814328,2.24
2004-05-05,15.770000457763672,3.97,0.8728117740648631,2.27
2004-05-06,17.049999237060547,4.04,0.854604396643756,2.24
2004-05-07,18.1299991607666,3.99,0.8623207470075949,2.15
2004-05-10,19.770000457763672,4.21,1.0009945436741,2.2
2004-05-11,18.56999969482422,4.24,1.0097048702931462,2.18
2004-05-12,18.139999389648438,4.31,0.9956705013430863,2.21
2004-05-13,18.860000610351562,4.37,0.9643307845333737,2.18
2004-05-14,18.469999313354492,4.48,0.9211223079219103,2.2
2004-05-17,19.959999084472656,4.56,0.8697882578311814,2.19
2004-05-18,19.329999923706055,4.46,0.8747712353971986,2.16
2004-05-19,18.93000030517578,4.32,0.8451506207341791,2.18
2004-05-20,18.670000076293945,4.4,0.808577769362123,2.17
2004-05-21,18.489999771118164,4.32,0.7738307845203256,2.16
2004-05-24,18.079999923706055,4.29,0.736259496515603,2.16
2004-05-25,15.960000038146973,4.28,0.714223572642667,2.15
2004-05-26,15.970000267028809,4.28,0.8403730687237123,2.15
2004-05-27,15.279999732971191,4.32,0.8042682535436675,2.14
2004-05-28,15.5,4.24,0.7863275627513274,2.12
2004-06-01,16.299999237060547,4.25,0.745297317857654,2.11
2004-06-02,16.079999923706055,4.23,0.7090605362805285,2.09
2004-06-03,17.030000686645508,4.25,0.6865841827355542,2.08
2004-06-04,16.780000686645508,4.16,0.7284258504303351,2.08
2004-06-07,15.390000343322754,4.16,0.7447812094190074,2.11
2004-06-08,15.010000228881836,4.1,0.8811898744722841,2.05
2004-06-09,15.390000343322754,4.05,0.834170152673667,2.03
2004-06-10,15.039999961853027,4.06,0.8539513568818642,2.0
2004-06-14,16.06999969482422,4.0,0.8254947807676314,1.92
2004-06-15,15.050000190734863,4.12,0.8544116490864474,1.92
2004-06-16,14.789999961853027,4.05,0.8443852698025027,1.9
2004-06-17,15.149999618530273,4.06,0.7988148120249828,1.9
2004-06-18,14.989999771118164,4.02,0.7585695242253802,1.91
2004-06-21,15.260000228881836,4.02,0.7227360078655651,1.9
2004-06-22,14.3100004196167,3.98,0.6993888908019079,1.92
2004-06-23,13.979999542236328,3.98,0.6879807376071975,1.93
2004-06-24,14.8100004196167,4.01,0.7197612843261884,1.92
2004-06-25,15.1899995803833,4.0,0.69277683026629,1.92
2004-06-28,16.06999969482422,3.91,0.6803422661188766,1.9
2004-06-29,15.470000267028809,3.96,0.6588546921663041,1.87
2004-06-30,14.34000015258789,4.1,0.6445306670042931,1.92
2004-07-01,15.199999809265137,4.13,0.6426296752391744,1.93
2004-07-02,15.079999923706055,4.17,0.7829693585609249,1.94
2004-07-06,16.25,4.13,0.7424298170789864,1.93
2004-07-07,15.8100004196167,4.12,0.7687134205508905,1.94
2004-07-08,16.200000762939453,4.1,0.7362514665073374,1.94
2004-07-09,15.779999732971191,4.08,0.7401738434927512,1.94
2004-07-12,14.960000038146973,4.08,0.7086370232959002,1.93
2004-07-13,14.460000038146973,4.02,0.6740608889135041,1.92
2004-07-14,13.760000228881836,3.98,0.6426674672449232,1.88
2004-07-15,14.710000038146973,3.94,0.6225383009547085,1.86
2004-07-16,14.34000015258789,4.02,0.6363451189511303,1.84
2004-07-19,15.170000076293945,3.98,0.6083396569010774,1.82
2004-07-20,14.170000076293945,3.86,0.6006593381158297,1.8
2004-07-21,16.40999984741211,3.84,0.7236626402383779,1.79
2004-07-22,15.75,3.91,0.9450361382711258,1.79
2004-07-23,16.5,3.95,0.8968137075462701,1.76
2004-07-26,17.299999237060547,3.95,0.8963020161605354,1.74
2004-07-27,16.549999237060547,3.92,0.8493699703067442,1.8
2004-07-28,16.149999618530273,3.96,0.8666045993529163,1.83
2004-07-29,15.680000305175781,3.94,0.8259288872180214,1.85
2004-07-30,15.319999694824219,3.99,0.7957047054999294,1.82
2004-08-02,15.369999885559082,4.04,0.7586885766006649,1.82
2004-08-03,16.030000686645508,4.05,0.723466152141746,1.79
2004-08-04,16.209999084472656,4.06,0.7388041005007718,1.79
2004-08-05,18.31999969482422,4.05,0.7015884849109605,1.79
2004-08-06,19.34000015258789,4.19,0.8797708360961926,1.84
2004-08-09,18.889999389648438,4.16,0.9708614695094069,1.83
2004-08-10,17.469999313354492,4.12,0.9169387367982604,1.77
2004-08-11,18.040000915527344,4.11,0.9739080073843321,1.76
2004-08-12,19.079999923706055,4.17,0.9211758629229837,1.75
2004-08-13,17.979999542236328,4.2,0.9498023407958692,1.75
2004-08-16,17.56999969482422,4.16,0.8987533477109705,1.75
2004-08-17,17.020000457763672,4.18,0.9215884016821141,1.77
2004-08-18,16.229999542236328,4.13,0.8917679723745018,1.79
2004-08-19,16.959999084472656,4.12,0.914686857723857,1.79
2004-08-20,16.0,4.07,0.8696255897058788,1.78
2004-08-23,15.880000114440918,4.01,0.85736437323151,1.78
2004-08-24,15.329999923706055,4.0,0.8155608268877863,1.78
2004-08-25,14.979999542236328,3.97,0.7736666702447841,1.75
2004-08-26,14.90999984741211,3.99,0.770588454579879,1.74
2004-08-27,14.710000038146973,3.97,0.7308058388570342,1.75
2004-08-30,15.4399995803833,3.98,0.7028110984414532,1.72
2004-08-31,15.289999961853027,4.06,0.7281330113937149,1.72
2004-09-01,14.90999984741211,4.07,0.7153596023603639,1.72
2004-09-02,14.279999732971191,3.99,0.6832200892102958,1.74
2004-09-03,13.90999984741211,3.89,0.7594152636719017,1.69
2004-09-07,14.069999694824219,3.93,0.7344889719013341,1.68
2004-09-08,14.0600004196167,3.96,0.7342309452302838,1.68
2004-09-09,14.010000228881836,3.89,0.7027167971667453,1.72
2004-09-10,13.760000228881836,3.88,0.6691651658627092,1.69
2004-09-13,13.170000076293945,3.86,0.6623459750718695,1.66
2004-09-14,13.5600004196167,3.85,0.6416154583808102,1.68
2004-09-15,14.640000343322754,3.82,0.6165417053318549,1.67
2004-09-16,14.390000343322754,3.93,0.646143173441779,1.64
2004-09-17,14.029999732971191,3.83,0.6254687714945871,1.61
2004-09-20,14.430000305175781,3.88,0.6157140768922084,1.61
2004-09-21,13.65999984741211,3.85,0.6251019185524544,1.56
2004-09-22,14.739999771118164,3.87,0.616277630843682,1.5
2004-09-23,14.800000190734863,3.77,0.7338065662624472,1.45
2004-09-24,14.279999732971191,3.78,0.7218246275141471,1.42
2004-09-27,14.619999885559082,3.83,0.7043125235556125,1.42
2004-09-28,13.829999923706055,3.83,0.7058712946731047,1.47
2004-09-29,13.210000038146973,3.79,0.6916012552491603,1.49
2004-09-30,13.34000015258789,3.83,0.6810437902198451,1.51
2004-10-01,12.75,3.78,0.6490592211159459,1.58
2004-10-04,13.40999984741211,3.78,0.851014864271912,1.54
2004-10-05,13.949999809265137,3.78,0.8070037533105572,1.53
2004-10-06,13.279999732971191,3.7,0.7645520948454194,1.53
2004-10-07,14.5,3.66,0.7631630426308665,1.54
2004-10-08,15.050000190734863,3.73,0.8154749097655578,1.54
2004-10-12,15.050000190734863,3.74,0.7934131419853877,1.56
2004-10-13,15.420000076293945,3.76,0.7639886397054072,1.56
2004-10-14,16.43000030517578,3.79,0.787283695230166,1.55
2004-10-15,15.039999961853027,3.74,0.7976785457713916,1.54
2004-10-18,14.710000038146973,3.77,0.7803722696314549,1.52
2004-10-19,15.130000114440918,3.78,0.7513414963487733,1.5
2004-10-20,14.850000381469727,3.84,0.7714055555266621,1.48
2004-10-21,14.539999961853027,3.78,0.734826405425328,1.44
2004-10-22,15.279999732971191,3.78,0.7336113485762958,1.45
2004-10-25,16.579999923706055,3.76,0.8001534685847729,1.45
2004-10-26,16.389999389648438,3.72,0.7591378485766318,1.47
2004-10-27,15.720000267028809,3.61,0.8932004404912144,1.48
2004-10-28,15.390000343322754,3.58,0.9406528254128361,1.5
2004-10-29,16.270000457763672,3.56,0.8938488949098052,1.49
2004-11-01,16.270000457763672,3.56,0.8444685517890749,1.5
2004-11-02,16.18000030517578,3.54,0.80451821050323,1.5
2004-11-03,14.039999961853027,3.49,0.7621414234299253,1.49
2004-11-04,13.970000267028809,3.43,0.8441075808188636,1.47
2004-11-05,13.84000015258789,3.29,0.9276131132097198,1.41
2004-11-08,13.800000190734863,3.28,0.9022054935794714,1.42
2004-11-09,13.609999656677246,3.29,0.8536588041061917,1.42
2004-11-10,13.079999923706055,3.27,0.8102410361029279,1.43
2004-11-12,13.329999923706055,3.31,0.7745435217507444,1.34
2004-11-15,13.380000114440918,3.28,0.7837366545329939,1.31
2004-11-16,13.210000038146973,3.26,0.7478001303540966,1.3
2004-11-17,13.210000038146973,3.31,0.7526143914472477,1.29
2004-11-18,12.979999542236328,3.29,0.7434103218499503,1.26
2004-11-19,13.5,3.21,0.7073724780954466,1.25
2004-11-22,12.970000267028809,3.24,0.7771368445703604,1.23
2004-11-23,12.670000076293945,3.21,0.7552111863967668,1.21
2004-11-24,12.720000267028809,3.19,0.718624089515423,1.19
2004-11-26,12.779999732971191,3.15,0.6879965489814054,1.21
2004-11-29,13.300000190734863,3.12,0.655487194115874,1.27
2004-11-30,13.239999771118164,3.17,0.6451282574716041,1.34
2004-12-01,12.970000267028809,3.15,0.6161632550342068,1.37
2004-12-02,12.979999542236328,3.13,0.7084912105981417,1.36
2004-12-03,12.960000038146973,3.2,0.6743791567639645,1.33
2004-12-06,13.1899995803833,3.21,0.6429001908087715,1.31
2004-12-07,13.670000076293945,3.18,0.6137835349808308,1.28
2004-12-08,13.1899995803833,3.23,0.6713235345953356,1.23
2004-12-09,12.880000114440918,3.18,0.6710448276502196,1.26
2004-12-10,12.760000228881836,3.17,0.6511123063295015,1.21
2004-12-13,12.539999961853027,3.15,0.6221677746867061,1.18
2004-12-14,12.729999542236328,3.15,0.6670325646063875,1.15
2004-12-15,12.350000381469727,3.15,0.6472053189454178,1.12
2004-12-16,12.270000457763672,3.06,0.6181523650075892,1.18
2004-12-17,11.949999809265137,3.06,0.5914139260327852,1.18
2004-12-20,11.829999923706055,3.05,0.6126903393459887,1.15
2004-12-21,11.550000190734863,3.07,0.5861511242638537,1.13
2004-12-22,11.449999809265137,3.05,0.6221164266566702,1.17
2004-12-23,11.229999542236328,3.05,0.6005536136958833,1.21
2004-12-27,12.140000343322754,2.99,0.5756059027438923,1.23
2004-12-28,12.0,2.99,0.5569994842491492,1.23
2004-12-29,11.619999885559082,2.96,0.5681444855702262,1.21
2004-12-30,12.5600004196167,2.99,0.5479686311423891,1.17
2004-12-31,13.289999961853027,3.1,0.5313291319775436,1.16
2005-01-03,14.079999923706055,3.06,0.5175652945128894,1.13
2005-01-04,13.979999542236328,2.97,0.5260752819418043,1.09
2005-01-05,14.09000015258789,3.04,0.6637364630803291,1.07
2005-01-06,13.579999923706055,3.09,0.6770746199032862,1.11
2005-01-07,13.489999771118164,3.07,0.6686640589315931,1.09
2005-01-10,13.229999542236328,3.1,0.6391952481991544,1.06
2005-01-11,13.1899995803833,3.19,0.6319792744271902,1.02
2005-01-12,12.5600004196167,3.2,0.6498920227637479,1.03
2005-01-13,12.84000015258789,3.24,0.6305789107266107,0.99
2005-01-14,12.430000305175781,3.22,0.6643009193852293,0.99
2005-01-18,12.470000267028809,3.24,0.6591564508754896,0.95
2005-01-19,13.180000305175781,3.24,0.7244259394596899,0.94
2005-01-20,13.829999923706055,3.33,0.7796598512623965,0.96
2005-01-21,14.359999656677246,3.37,0.7691236267889211,1.0
2005-01-24,14.649999618530273,3.37,0.7601813375781752,0.94
2005-01-25,14.0600004196167,3.29,0.7244900125000043,0.97
2005-01-26,13.4399995803833,3.27,0.6954308499085338,0.94
2005-01-27,13.239999771118164,3.23,0.669898739867444,0.94
2005-01-28,13.239999771118164,3.27,0.6411257982375792,0.91
2005-01-31,12.819999694824219,3.29,0.6120505514335475,0.85
2005-02-01,12.029999732971191,3.26,0.6239717339028299,0.86
2005-02-02,11.65999984741211,3.2,0.6357438537098133,0.83
2005-02-03,11.789999961853027,3.15,0.6161797813353107,0.84
2005-02-04,11.210000038146973,3.19,0.5961892063054914,0.8
2005-02-07,11.729999542236328,3.17,0.6802143813257829,0.76
2005-02-08,11.600000381469727,3.14,0.6494779890199722,0.72
2005-02-09,12.0,3.22,0.6210124553837468,0.76
2005-02-10,11.510000228881836,3.16,0.6487464782074428,0.78
2005-02-11,11.430000305175781,3.12,0.6315555127900125,0.76
2005-02-14,11.520000457763672,3.11,0.6729422986806225,0.7
2005-02-15,11.270000457763672,3.06,0.6416851410267237,0.73
2005-02-16,11.100000381469727,2.99,0.6261101879407313,0.75
2005-02-17,11.770000457763672,2.99,0.5987743487688824,0.81
2005-02-18,11.180000305175781,2.93,0.6392323321120024,0.82
2005-02-22,13.140000343322754,2.92,0.6120724614437038,0.83
2005-02-23,12.390000343322754,2.93,0.784017690619665,0.81
2005-02-24,11.569999694824219,2.88,0.783629367261498,0.77
2005-02-25,11.489999771118164,2.85,0.7774335792690322,0.73
2005-02-28,12.079999923706055,2.83,0.812905526240617,0.77
2005-03-01,12.039999961853027,2.81,0.8034148229344404,0.79
2005-03-02,12.5,2.84,0.780371430555671,0.81
2005-03-03,12.930000305175781,2.83,0.7400090673103091,0.8
2005-03-04,11.9399995803833,2.86,0.7028356427300207,0.75
2005-03-07,12.260000228881836,2.82,0.7953783354938515,0.7
2005-03-08,12.399999618530273,2.76,0.7538161763364584,0.76
2005-03-09,12.699999809265137,2.71,0.7272094825787897,0.86
2005-03-10,12.489999771118164,2.78,0.7929625542979069,0.8
2005-03-11,12.800000190734863,2.73,0.7553953718331656,0.83
2005-03-14,12.390000343322754,2.77,0.7574994754653014,0.77
2005-03-15,13.149999618530273,2.77,0.7505687461235555,0.79
2005-03-16,13.489999771118164,2.89,0.7685984041558709,0.8
2005-03-17,13.289999961853027,3.0,0.7870688992633087,0.77
2005-03-18,13.140000343322754,2.98,0.7492554949202551,0.79
2005-03-21,13.609999656677246,3.08,0.7186751753820668,0.81
2005-03-22,14.270000457763672,3.08,0.6952498616835311,0.77
2005-03-23,14.0600004196167,3.19,0.7510528101620898,0.77
2005-03-24,13.420000076293945,3.18,0.7134606679830428,0.72
2005-03-28,13.75,3.19,0.6795835239326974,0.74
2005-03-29,14.489999771118164,3.28,0.6492086394797384,0.73
2005-03-30,13.640000343322754,3.38,0.661528731803844,0.7
2005-03-31,14.020000457763672,3.52,0.798301703068753,0.7
2005-04-01,14.09000015258789,3.55,0.7590932274741207,0.71
2005-04-04,14.109999656677246,3.59,0.737088401542341,0.73
2005-04-05,13.680000305175781,3.53,0.7025062786512764,0.73
2005-04-06,13.149999618530273,3.48,0.6883978315827004,0.74
2005-04-07,12.329999923706055,3.41,0.666314597420745,0.77
2005-04-08,12.619999885559082,3.39,0.6621359363980337,0.73
2005-04-11,11.979999542236328,3.47,0.7286105583446425,0.7
2005-04-12,11.300000190734863,3.58,0.6927253308806217,0.67
2005-04-13,13.3100004196167,3.61,0.6832428951363829,0.72
2005-04-14,14.529999732971191,3.75,0.7705831801120274,0.77
2005-04-15,17.739999771118164,3.89,0.8619169494369183,0.73
2005-04-18,16.559999465942383,3.98,0.9511757384624641,0.72
2005-04-19,14.960000038146973,4.0,0.9037332878843789,0.71
2005-04-20,16.920000076293945,3.94,0.8969415007659629,0.7
2005-04-21,14.40999984741211,3.82,0.9782600468323374,0.67
2005-04-22,15.380000114440918,3.86,1.1397772129014527,0.64
2005-04-25,14.619999885559082,3.88,1.0802596913678433,0.62
2005-04-26,14.90999984741211,3.92,1.042219479707051,0.61
2005-04-27,14.869999885559082,4.04,1.0388245701388925,0.61
2005-04-28,16.860000610351562,4.16,0.9879177535740782,0.6
2005-04-29,15.3100004196167,4.15,1.0297471460963892,0.55
2005-05-02,15.119999885559082,4.17,1.0776584600457093,0.57
2005-05-03,14.529999732971191,4.13,1.0330888154155358,0.53
2005-05-04,13.850000381469727,4.12,0.9750751356893244,0.57
2005-05-05,13.979999542236328,4.13,0.9576871793197184,0.61
2005-05-06,14.050000190734863,4.07,0.903528856876477,0.55
2005-05-09,13.75,4.05,0.8604233694980887,0.53
2005-05-10,14.90999984741211,4.13,0.8418573623585367,0.54
2005-05-11,14.449999809265137,4.23,0.8749842606708941,0.53
2005-05-12,16.1200008392334,4.28,0.8486867338691422,0.52
2005-05-13,16.31999969482422,4.39,0.8903373539790433,0.51
2005-05-16,15.680000305175781,4.49,0.8440382868608131,0.52
2005-05-17,14.569999694824219,4.57,0.8614527089308782,0.51
2005-05-18,13.630000114440918,4.55,0.8468423966117433,0.51
2005-05-19,13.319999694824219,4.4,0.8767359072357064,0.47
2005-05-20,13.140000343322754,4.33,0.8414412564247906,0.44
2005-05-23,12.949999809265137,4.29,0.7976227753222109,0.42
2005-05-24,12.6899995803833,4.28,0.7797769774688937,0.43
2005-05-25,12.579999923706055,4.16,0.743735889204704,0.47
2005-05-26,12.239999771118164,4.07,0.7065994951755796,0.44
2005-05-27,12.149999618530273,4.02,0.69728829623081,0.44
2005-05-31,13.289999961853027,4.13,0.6659966842243152,0.4
2005-06-01,12.359999656677246,4.13,0.6730254402072722,0.41
2005-06-02,11.84000015258789,4.0,0.7062046714326725,0.37
2005-06-03,12.149999618530273,3.9,0.6758262030083538,0.41
2005-06-06,12.279999732971191,3.99,0.6674930854082495,0.37
2005-06-07,12.390000343322754,3.99,0.6369695360776191,0.35
2005-06-08,12.699999809265137,3.98,0.6088118021071696,0.35
2005-06-09,12.079999923706055,4.01,0.5860323138931591,0.34
2005-06-10,11.960000038146973,3.91,0.5855388760216679,0.34
2005-06-13,11.649999618530273,3.88,0.5671569126350631,0.38
2005-06-14,11.789999961853027,3.83,0.5556010995917658,0.42
2005-06-15,11.460000038146973,3.78,0.5401995419977916,0.4
2005-06-16,11.149999618530273,3.83,0.5243607759053046,0.39
2005-06-17,11.479999542236328,3.81,0.5135961006266365,0.37
2005-06-20,11.470000267028809,3.81,0.5125247967364246,0.39
2005-06-21,11.079999923706055,3.82,0.4952624495880856,0.35
2005-06-22,11.050000190734863,3.9,0.4799762334471802,0.33
2005-06-23,12.130000114440918,3.88,0.4666750280544275,0.33
2005-06-24,12.180000305175781,3.93,0.6701223399415107,0.33
2005-06-27,12.520000457763672,3.96,0.6881575461975908,0.3
2005-06-28,11.579999923706055,3.86,0.6569825655463131,0.32
2005-06-29,11.770000457763672,3.81,0.6907829902011567,0.34
2005-06-30,12.039999961853027,3.85,0.6640263953049342,0.28
2005-07-01,11.399999618530273,3.75,0.6607000848912055,0.3
2005-07-05,11.680000305175781,3.71,0.6381677877935703,0.32
2005-07-06,12.270000457763672,3.75,0.6699424778409497,0.31
2005-07-07,12.489999771118164,3.78,0.7024267916708026,0.34
2005-07-08,11.449999809265137,3.67,0.6820087688499337,0.33
2005-07-11,11.279999732971191,3.61,0.76030164912042,0.3
2005-07-12,10.949999809265137,3.54,0.7428386900582719,0.33
2005-07-13,10.84000015258789,3.51,0.7111629959069506,0.33
2005-07-14,10.8100004196167,3.46,0.6779267197068906,0.33
2005-07-15,10.329999923706055,3.43,0.6599333056784452,0.32
2005-07-18,10.770000457763672,3.4,0.6295632491819736,0.33
2005-07-19,10.449999809265137,3.43,0.6173659809183502,0.32
2005-07-20,10.229999542236328,3.43,0.6201935705783881,0.27
2005-07-21,10.970000267028809,3.36,0.6046811024995402,0.32
2005-07-22,10.520000457763672,3.39,0.6135501929142191,0.31
2005-07-25,11.100000381469727,3.36,0.6309886599297293,0.3
2005-07-26,10.989999771118164,3.35,0.6108228385478266,0.29
2005-07-27,10.359999656677246,3.31,0.5859150422284235,0.28
2005-07-28,10.520000457763672,3.33,0.575814148688608,0.24
2005-07-29,11.569999694824219,3.25,0.5941750314876821,0.26
2005-08-01,12.079999923706055,3.29,0.6149218703353999,0.28
2005-08-02,11.75,3.29,0.5886666160590347,0.28
2005-08-03,11.829999923706055,3.32,0.6011981014579202,0.28
2005-08-04,12.520000457763672,3.31,0.5829468729156131,0.28
2005-08-05,12.479999542236328,3.29,0.6252790017229558,0.29
2005-08-08,13.210000038146973,3.31,0.642898656146408,0.26
2005-08-09,12.399999618530273,3.33,0.6171256172613455,0.28
2005-08-10,12.380000114440918,3.32,0.6261713799990029,0.27
2005-08-11,12.420000076293945,3.37,0.5986285885410814,0.22
2005-08-12,12.739999771118164,3.42,0.5896469517218422,0.19
2005-08-15,12.260000228881836,3.37,0.6043578696090345,0.19
2005-08-16,13.520000457763672,3.41,0.6169073880607037,0.2
2005-08-17,13.300000190734863,3.37,0.7453478281500157,0.21
2005-08-18,13.420000076293945,3.41,0.7076006077433952,0.2
2005-08-19,13.420000076293945,3.39,0.6729366551755294,0.18
2005-08-22,13.420000076293945,3.39,0.6460844451811092,0.19
2005-08-23,13.34000015258789,3.4,0.6165835056987059,0.19
2005-08-24,14.170000076293945,3.38,0.5932567721712212,0.2
2005-08-25,13.729999542236328,3.38,0.6482490987915959,0.18
2005-08-26,13.720000267028809,3.34,0.6312957730777505,0.14
2005-08-29,13.520000457763672,3.37,0.6484738196527805,0.14
2005-08-30,13.649999618530273,3.48,0.673924368473715,0.19
2005-08-31,12.600000381469727,3.66,0.667774426613033,0.18
2005-09-01,13.149999618530273,3.7,0.7721009842985722,0.3
2005-09-02,13.569999694824219,3.7,0.7326440472687507,0.28
2005-09-06,12.930000305175781,3.64,0.6987276038551297,0.29
2005-09-07,12.520000457763672,3.61,0.7782826740315214,0.28
2005-09-08,12.930000305175781,3.59,0.740243955872324,0.28
2005-09-09,11.979999542236328,3.59,0.7123065408774567,0.26
2005-09-12,11.649999618530273,3.55,0.7442577282863752,0.26
2005-09-13,12.390000343322754,3.58,0.7100415820531261,0.26
2005-09-14,12.90999984741211,3.57,0.7023989506613499,0.27
2005-09-15,12.489999771118164,3.55,0.6801001088725274,0.32
2005-09-16,11.220000267028809,3.54,0.6479387619553942,0.29
2005-09-19,12.140000343322754,3.61,0.665650856462321,0.32
2005-09-20,12.640000343322754,3.65,0.6449513311194782,0.26
2005-09-21,13.789999961853027,3.75,0.6827322788764756,0.23
2005-09-22,13.329999923706055,3.81,0.7275580724059064,0.24
2005-09-23,12.960000038146973,3.71,0.702205231353558,0.23
2005-09-26,13.039999961853027,3.65,0.6685960456618023,0.23
2005-09-27,12.760000228881836,3.66,0.638440544473523,0.22
2005-09-28,12.630000114440918,3.69,0.6096568119768839,0.17
2005-09-29,12.239999771118164,3.67,0.5843294477190184,0.16
2005-09-30,11.920000076293945,3.54,0.6272408528290423,0.16
2005-10-03,12.460000038146973,3.47,0.60895584674285,0.18
2005-10-04,13.199999809265137,3.48,0.5958700286666913,0.16
2005-10-05,14.550000190734863,3.51,0.6935370653477293,0.15
2005-10-06,14.960000038146973,3.55,0.8042469948426908,0.17
2005-10-07,14.59000015258789,3.59,0.7720340450539347,0.17
2005-10-11,15.630000114440918,3.66,0.7636928431481326,0.17
2005-10-12,16.219999313354492,3.72,0.7261806490570342,0.21
2005-10-13,16.469999313354492,3.77,0.7425431526670833,0.24
2005-10-14,14.869999885559082,3.72,0.7053224713942409,0.21
2005-10-17,14.670000076293945,3.61,0.7639988002115392,0.21
2005-10-18,15.329999923706055,3.56,0.7361017037217092,0.22
2005-10-19,13.5,3.6,0.7952281400800031,0.22
2005-10-20,16.110000610351562,3.58,0.9473606998040841,0.19
2005-10-21,16.1299991607666,3.59,1.087056585080357,0.17
2005-10-24,14.739999771118164,3.54,1.0322191858182457,0.2
2005-10-25,14.529999732971191,3.49,1.1099164657072398,0.2
2005-10-26,14.59000015258789,3.49,1.046765252281812,0.22
2005-10-27,16.020000457763672,3.57,0.9911639310147373,0.21
2005-10-28,14.25,3.58,1.0058565515929172,0.18
2005-10-31,15.319999694824219,3.61,1.070607239790989,0.17
2005-11-01,14.850000381469727,3.57,1.0125380604970293,0.16
2005-11-02,13.479999542236328,3.54,0.9598785132775284,0.18
2005-11-03,13.0,3.48,0.9751902442317748,0.18
2005-11-04,13.170000076293945,3.48,0.9315274947185385,0.19
2005-11-07,13.100000381469727,3.49,0.8804420443647332,0.18
2005-11-08,13.079999923706055,3.55,0.8327677683803996,0.14
2005-11-09,12.800000190734863,3.5,0.7880778762604963,0.15
2005-11-10,11.899999618530273,3.57,0.7482880672872373,0.11
2005-11-14,12.180000305175781,3.58,0.7303241841123094,0.11
2005-11-15,12.229999542236328,3.62,0.6940710216280175,0.09
2005-11-16,12.260000228881836,3.72,0.6725910376410735,0.07
2005-11-17,11.25,3.78,0.6447080144457547,0.09
2005-11-18,11.119999885559082,3.69,0.6947762192314487,0.1
2005-11-21,10.819999694824219,3.71,0.675123784248882,0.07
2005-11-22,10.600000381469727,3.74,0.6664863505711427,0.11
2005-11-23,10.960000038146973,3.69,0.6525220508705087,0.11
2005-11-25,10.880000114440918,3.72,0.6539885369658255,0.1
2005-11-28,11.84000015258789,3.71,0.624413205647817,0.08
2005-11-29,11.890000343322754,3.61,0.6459854131395928,0.08
2005-11-30,12.0600004196167,3.67,0.6177013398225938,0.07
2005-12-01,11.239999771118164,3.62,0.619920254898276,0.07
2005-12-02,11.010000228881836,3.63,0.6900714804522811,0.09
2005-12-05,11.600000381469727,3.62,0.658321675750934,0.1
2005-12-06,11.520000457763672,3.68,0.6321412481468316,0.07
2005-12-07,12.180000305175781,3.66,0.6074282981252435,0.1
2005-12-08,12.210000038146973,3.7,0.6159396909281437,0.1
2005-12-09,11.6899995803833,3.6,0.589464239584609,0.11
2005-12-12,11.470000267028809,3.59,0.5722081215243737,0.11
2005-12-13,11.109999656677246,3.6,0.5502123607861507,0.11
2005-12-14,10.479999542236328,3.66,0.5794455222066814,0.08
2005-12-15,10.729999542236328,3.64,0.5723039579410196,0.1
2005-12-16,10.680000305175781,3.65,0.5585006575992136,0.08
2005-12-19,11.380000114440918,3.66,0.5483688302645485,0.07
2005-12-20,11.1899995803833,3.65,0.557267095698128,0.05
2005-12-21,10.8100004196167,3.61,0.536675533305174,0.06
2005-12-22,10.289999961853027,3.66,0.5199213401397581,0.04
2005-12-23,10.270000457763672,3.71,0.5337282568334135,0.01
2005-12-27,11.569999694824219,3.73,0.514664881841391,-0.01
2005-12-28,11.350000381469727,3.69,0.6114088774636256,0.01
2005-12-29,11.609999656677246,3.68,0.5900408237391397,-0.01
2005-12-30,12.069999694824219,3.65,0.5863967705166061,-0.02
2006-01-03,11.140000343322754,3.73,0.5932273910704488,0.03
2006-01-04,11.369999885559082,3.69,0.8314391822654783,0.05
2006-01-05,11.3100004196167,3.64,0.8038526136617332,0.04
2006-01-06,11.0,3.56,0.7617430731387227,0.02
2006-01-09,11.130000114440918,3.51,0.7781061867946317,0.02
2006-01-10,10.859999656677246,3.5,0.7431091618343497,0.02
2006-01-11,10.9399995803833,3.47,0.7064109016011827,0.02
2006-01-12,11.199999809265137,3.53,0.6808695219056168,0.03
2006-01-13,11.229999542236328,3.62,0.6628485920362587,0.02
2006-01-17,11.90999984741211,3.64,0.6327510586431004,0.01
2006-01-18,12.25,3.64,0.6117878007549219,0.01
2006-01-19,11.979999542236328,3.58,0.6014489777570553,0.01
2006-01-20,14.5600004196167,3.6,0.5910363196937841,0.0
2006-01-23,13.930000305175781,3.59,0.8550566608734826,0.01
2006-01-24,13.3100004196167,3.54,0.8181041512106804,0.03
2006-01-25,12.869999885559082,3.44,0.7753864738243575,0.03
2006-01-26,12.420000076293945,3.42,0.7358423095346261,0.04
2006-01-27,11.970000267028809,3.4,0.7247066314223617,0.01
2006-01-30,12.390000343322754,3.34,0.7597686245073384,0.02
2006-01-31,12.949999809265137,3.42,0.7213616863683228,-0.01
2006-02-01,12.359999656677246,3.35,0.7316838484610194,-0.02
2006-02-02,13.229999542236328,3.35,0.7360014202517263,-0.02
2006-02-03,12.960000038146973,3.38,0.80850515749497,-0.05
2006-02-06,13.039999961853027,3.38,0.7850627903329163,-0.07
2006-02-07,13.59000015258789,3.39,0.7496526392240401,-0.04
2006-02-08,12.829999923706055,3.38,0.775865116329714,-0.08
2006-02-09,13.119999885559082,3.38,0.8001763377050625,-0.12
2006-02-10,12.869999885559082,3.35,0.7602417382751396,-0.1
2006-02-13,13.350000381469727,3.37,0.7240579349655354,-0.1
2006-02-14,12.25,3.36,0.6909393782103059,-0.07
2006-02-15,12.3100004196167,3.32,0.753128148499906,-0.1
2006-02-16,11.479999542236328,3.29,0.7251500048548017,-0.1
2006-02-17,12.010000228881836,3.3,0.7363377065054629,-0.12
2006-02-21,12.40999984741211,3.29,0.7056640007575937,-0.14
2006-02-22,11.880000114440918,3.31,0.6767151896140532,-0.15
2006-02-23,11.869999885559082,3.27,0.6781615370327705,-0.16
2006-02-24,11.460000038146973,3.28,0.6479649503715557,-0.16
2006-02-27,11.59000015258789,3.28,0.6246567289500654,-0.15
2006-02-28,12.34000015258789,3.37,0.5971572645921954,-0.14
2006-03-01,11.539999961853027,3.33,0.6614320425126075,-0.12
2006-03-02,11.720000267028809,3.32,0.7018405229075773,-0.08
2006-03-03,11.960000038146973,3.29,0.6676519053206514,-0.08
2006-03-06,12.739999771118164,3.26,0.6565670874989119,-0.03
2006-03-07,12.65999984741211,3.3,0.6462513778800246,-0.03
2006-03-08,12.319999694824219,3.31,0.6191272980800275,0.01
2006-03-09,12.680000305175781,3.32,0.5964859027416898,0.02
2006-03-10,11.850000381469727,3.3,0.6174489045404432,0.02
2006-03-13,11.369999885559082,3.27,0.6759351198670764,0.03
2006-03-14,10.739999771118164,3.34,0.6471626180227257,0.05
2006-03-15,11.350000381469727,3.29,0.7162668152542667,0.04
2006-03-16,11.979999542236328,3.34,0.6982402204190286,0.03
2006-03-17,12.119999885559082,3.31,0.6682127358107011,0.03
2006-03-20,11.789999961853027,3.3,0.637492168609012,0.01
2006-03-21,11.619999885559082,3.21,0.6113004842889465,-0.01
2006-03-22,11.210000038146973,3.2,0.6246674554096284,-0.04
2006-03-23,11.170000076293945,3.18,0.6333815728334623,-0.04
2006-03-24,11.1899995803833,3.23,0.6092610920964727,-0.05
2006-03-27,11.460000038146973,3.19,0.5835717148001862,-0.02
2006-03-28,11.579999923706055,3.12,0.5618596942032849,-0.02
2006-03-29,10.949999809265137,3.14,0.5809907378678573,-0.01
2006-03-30,11.569999694824219,3.11,0.5981486187582498,0.02
2006-03-31,11.390000343322754,3.13,0.5761317500335765,0.04
2006-04-03,11.569999694824219,3.09,0.5528460325003047,0.02
2006-04-04,11.140000343322754,3.1,0.5323107308997083,0.03
2006-04-05,11.130000114440918,3.13,0.5589832167292632,0.03
2006-04-06,11.449999809265137,3.12,0.5503921156132233,0.06
2006-04-07,12.260000228881836,3.06,0.5307152663363928,0.08
2006-04-10,12.1899995803833,3.1,0.6229883220927827,0.08
2006-04-11,13.0,3.11,0.5978987380941324,0.05
2006-04-12,12.760000228881836,3.06,0.6447386648562,0.07
2006-04-13,12.380000114440918,3.05,0.6187637282485433,0.09
2006-04-17,12.579999923706055,3.08,0.5934089183517628,0.1
2006-04-18,11.399999618530273,3.11,0.5686721590896389,0.15
2006-04-19,11.319999694824219,3.07,0.7732394407284932,0.18
2006-04-20,11.640000343322754,3.04,0.7362552494198357,0.15
2006-04-21,11.59000015258789,3.04,0.700872156398766,0.11
2006-04-24,11.75,3.06,0.6667794127351864,0.1
2006-04-25,11.75,2.98,0.6387061707837146,0.12
2006-04-26,11.760000228881836,2.97,0.6265796735846267,0.13
2006-04-27,11.84000015258789,3.0,0.5988155483880095,0.18
2006-04-28,11.59000015258789,3.0,0.5974691413218675,0.2
2006-05-01,12.539999961853027,2.96,0.5839838962753298,0.2
2006-05-02,11.989999771118164,2.97,0.6280275910717356,0.2
2006-05-03,11.989999771118164,2.94,0.6542253593946986,0.21
2006-05-04,11.859999656677246,2.93,0.6374395734220952,0.19
2006-05-05,11.619999885559082,2.96,0.6213370346757369,0.18
2006-05-08,12.0,2.94,0.6681580121528509,0.15
2006-05-09,11.989999771118164,2.92,0.6381654210524976,0.16
2006-05-10,11.779999732971191,2.9,0.6131595596617928,0.12
2006-05-11,12.489999771118164,2.88,0.5868012008963003,0.15
2006-05-12,14.1899995803833,2.88,0.7036127787347397,0.18
2006-05-15,13.569999694824219,2.92,0.8106813447676774,0.16
2006-05-16,13.350000381469727,2.99,0.7708985700008087,0.14
2006-05-17,16.260000228881836,3.03,0.7328744282077289,0.19
2006-05-18,16.989999771118164,3.09,0.9651469909940821,0.14
2006-05-19,17.18000030517578,3.08,0.9272190939470439,0.09
2006-05-22,17.719999313354492,3.15,0.9088074533811484,0.1
2006-05-23,18.260000228881836,3.12,0.8987322851049704,0.1
2006-05-24,17.360000610351562,3.18,0.889628596430235,0.09
2006-05-25,15.5,3.13,0.885000022855387,0.09
2006-05-26,14.260000228881836,3.12,0.9393024368737961,0.1
2006-05-30,18.65999984741211,3.1,0.9038798869490439,0.1
2006-05-31,16.440000534057617,3.12,1.0572530380745093,0.08
2006-06-01,14.520000457763672,3.13,1.0681989494279298,0.07
2006-06-02,14.319999694824219,3.22,1.058967494369073,0.08
2006-06-05,16.649999618530273,3.19,0.9998801985597745,0.03
2006-06-06,17.34000015258789,3.24,1.0720887344367416,0.02
2006-06-07,17.799999237060547,3.22,1.0129474954884783,0.0
2006-06-08,18.350000381469727,3.26,0.98981694818183,-0.01
2006-06-09,18.1200008392334,3.27,0.9336745683114998,-0.03
2006-06-12,20.959999084472656,3.25,0.8881960405939456,-0.03
2006-06-13,23.809999465942383,3.32,0.9211176247775101,-0.05
2006-06-14,21.459999084472656,3.32,0.9599945783993472,-0.06
2006-06-15,15.899999618530273,3.29,0.944627692335627,-0.04
2006-06-16,17.25,3.26,1.152567180624019,-0.03
2006-06-19,17.829999923706055,3.25,1.1134902112219371,-0.05
2006-06-20,16.690000534057617,3.28,1.0831720504629248,-0.04
2006-06-21,15.520000457763672,3.34,1.0264522338899895,-0.04
2006-06-22,15.880000114440918,3.32,1.000686390473621,-0.03
2006-06-23,15.890000343322754,3.31,0.9556432264283039,-0.04
2006-06-26,15.619999885559082,3.34,0.9015780099304715,-0.02
2006-06-27,16.399999618530273,3.36,0.865309725642299,-0.03
2006-06-28,15.789999961853027,3.33,0.8720770216357752,-0.04
2006-06-29,13.029999732971191,3.33,0.8572294672612367,0.01
2006-06-30,13.079999923706055,3.35,1.0684787251282752,-0.01
2006-07-03,13.050000190734863,3.33,1.0060335855047873,-0.02
2006-07-05,14.149999618530273,3.27,0.958750510736088,-0.01
2006-07-06,13.649999618530273,3.31,0.9261517044556344,-0.03
2006-07-07,13.970000267028809,3.33,0.8801298794761452,-0.03
2006-07-10,14.020000457763672,3.3,0.8623057291519529,-0.04
2006-07-11,13.140000343322754,3.33,0.8179847352212506,-0.07
2006-07-12,14.489999771118164,3.32,0.7894796844267512,-0.07
2006-07-13,17.790000915527344,3.39,0.8362428541278312,-0.04
2006-07-14,18.049999237060547,3.44,0.9756242990266958,-0.01
2006-07-17,18.639999389648438,3.42,0.9298934636837067,-0.05
2006-07-18,17.739999771118164,3.37,0.8792180133641986,-0.06
2006-07-19,15.550000190734863,3.42,0.8496480129554512,-0.06
2006-07-20,16.209999084472656,3.43,0.9358645477749595,-0.03
2006-07-21,17.399999618530273,3.41,0.9150262273900016,-0.03
2006-07-24,14.979999542236328,3.41,0.898412825359057,-0.05
2006-07-25,14.850000381469727,3.38,1.0562796234059333,-0.04
2006-07-26,14.619999885559082,3.38,1.0024105168240378,-0.02
2006-07-27,14.9399995803833,3.36,0.9459870457605091,0.0
2006-07-28,14.329999923706055,3.4,0.8932378218887455,0.02
2006-07-31,14.949999809265137,3.45,0.9124820317387412,0.02
2006-08-01,15.050000190734863,3.44,0.862385766513805,0.02
2006-08-02,14.34000015258789,3.42,0.8333260168406053,-0.01
2006-08-03,14.460000038146973,3.42,0.822715409884126,-0.02
2006-08-04,14.34000015258789,3.44,0.7842571047906628,0.0
2006-08-07,15.229999542236328,3.42,0.7457753970870024,-0.03
2006-08-08,15.229999542236328,3.41,0.7126700241771599,0.02
2006-08-09,15.199999809265137,3.41,0.6906259119453365,0.01
2006-08-10,14.460000038146973,3.42,0.6678102234835626,0.0
2006-08-11,14.300000190734863,3.39,0.6453487707870207,0.01
2006-08-14,14.260000228881836,3.36,0.6237397947044463,-0.01
2006-08-15,13.420000076293945,3.39,0.5967979333694426,-0.01
2006-08-16,12.40999984741211,3.42,0.7056232379532267,0.0
2006-08-17,12.239999771118164,3.38,0.7304276101391961,-0.02
2006-08-18,11.640000343322754,3.41,0.6995006223278586,-0.03
2006-08-21,12.220000267028809,3.43,0.688431642191295,-0.03
2006-08-22,12.1899995803833,3.43,0.6721749904195645,-0.05
2006-08-23,12.399999618530273,3.43,0.6404631191000532,-0.05
2006-08-24,12.399999618530273,3.43,0.6190020135381371,-0.07
2006-08-25,12.3100004196167,3.44,0.5925805315920213,-0.07
2006-08-28,12.180000305175781,3.41,0.5693765517665949,-0.08
2006-08-29,12.279999732971191,3.41,0.5712537897849667,-0.08
2006-08-30,12.220000267028809,3.42,0.5498106430886432,-0.07
2006-08-31,12.3100004196167,3.49,0.5293104004389498,-0.05
2006-09-01,11.960000038146973,3.49,0.5103341270214766,-0.04
2006-09-05,12.630000114440918,3.43,0.5349023762596771,-0.02
2006-09-06,13.739999771118164,3.4,0.5195974042671879,-0.02
2006-09-07,13.880000114440918,3.41,0.588542263279976,-0.02
2006-09-08,13.15999984741211,3.42,0.5864354859706764,-0.02
2006-09-11,12.989999771118164,3.39,0.570811064055925,-0.03
2006-09-12,11.920000076293945,3.4,0.5490485285277948,-0.04
2006-09-13,11.180000305175781,3.38,0.6281362105524568,-0.03
2006-09-14,11.550000190734863,3.35,0.616249114808033,-0.04
2006-09-15,11.760000228881836,3.33,0.5893385913795566,-0.07
2006-09-18,11.779999732971191,3.33,0.5706698910143121,-0.07
2006-09-19,11.979999542236328,3.4,0.5498721331461962,-0.05
2006-09-20,11.390000343322754,3.39,0.5360500940227606,-0.08
2006-09-21,12.25,3.48,0.5483289314798786,-0.06
2006-09-22,12.59000015258789,3.53,0.5537976936431113,-0.07
2006-09-25,12.119999885559082,3.55,0.5428958783988902,-0.07
2006-09-26,11.529999732971191,3.5,0.5865757797682029,-0.09
2006-09-27,11.579999923706055,3.46,0.6316634580565352,-0.06
2006-09-28,11.720000267028809,3.44,0.6048421836862945,-0.05
2006-09-29,11.979999542236328,3.42,0.5790759452217094,-0.07
2006-10-02,12.569999694824219,3.44,0.5562041368120886,-0.04
2006-10-03,12.239999771118164,3.43,0.5503837617381924,-0.05
2006-10-04,11.859999656677246,3.45,0.5344320401018552,-0.03
2006-10-05,11.979999542236328,3.39,0.6549882814405511,-0.04
2006-10-06,11.5600004196167,3.31,0.62831092924271,-0.04
2006-10-10,11.520000457763672,3.27,0.576652019038513,-0.07
2006-10-11,11.619999885559082,3.23,0.5551993839732059,-0.07
2006-10-12,11.09000015258789,3.22,0.5353586047107287,-0.06
2006-10-13,10.75,3.19,0.5967278143696083,-0.06
2006-10-16,11.09000015258789,3.18,0.5784669248822686,-0.06
2006-10-17,11.729999542236328,3.19,0.5574797160471235,-0.05
2006-10-18,11.34000015258789,3.18,0.5469210943933434,-0.08
2006-10-19,10.899999618530273,3.17,0.5282584718783749,-0.06
2006-10-20,10.630000114440918,3.17,0.5124248638027944,-0.08
2006-10-23,11.079999923706055,3.14,0.49509824843568095,-0.07
2006-10-24,10.779999732971191,3.15,0.5053669190606382,-0.08
2006-10-25,10.65999984741211,3.19,0.499538218487442,-0.1
2006-10-26,10.5600004196167,3.21,0.4977110698405829,-0.08
2006-10-27,10.800000190734863,3.23,0.49371713889336927,-0.08
2006-10-30,11.199999809265137,3.21,0.5258740155768938,-0.1
2006-10-31,11.100000381469727,3.29,0.507825085573956,-0.1
2006-11-01,11.510000228881836,3.3,0.49091215410677,-0.09
2006-11-02,11.420000076293945,3.24,0.5308373669860007,-0.07
2006-11-03,11.15999984741211,3.12,0.5120934975952314,-0.1
2006-11-06,11.15999984741211,3.13,0.4985020090568694,-0.11
2006-11-07,11.09000015258789,3.14,0.6206143896960562,-0.11
2006-11-08,10.75,3.15,0.6081167463830668,-0.11
2006-11-09,11.010000228881836,3.13,0.5867593406380751,-0.13
2006-11-10,10.789999961853027,3.15,0.5915992662874121,-0.14
2006-11-13,10.859999656677246,3.12,0.5670651678588349,-0.15
2006-11-14,10.5,3.13,0.5512175578255629,-0.17
2006-11-15,10.3100004196167,3.05,0.5905692285490851,-0.19
2006-11-16,10.15999984741211,2.99,0.5746204066204867,-0.19
2006-11-17,10.050000190734863,3.06,0.5586095221674187,-0.15
2006-11-20,9.970000267028809,3.07,0.5369577307438765,-0.16
2006-11-21,9.899999618530273,3.13,0.5176100552610897,-0.17
2006-11-22,10.140000343322754,3.14,0.5009251166323933,-0.17
2006-11-24,10.729999542236328,3.15,0.48958055378239984,-0.18
2006-11-27,12.300000190734863,3.17,0.4949649544525488,-0.17
2006-11-28,11.619999885559082,3.22,0.6796874203152489,-0.16
2006-11-29,10.829999923706055,3.15,0.6646092384081222,-0.17
2006-11-30,10.90999984741211,3.2,0.7292411253890595,-0.16
2006-12-01,11.65999984741211,3.21,0.6929556268652053,-0.09
2006-12-04,11.229999542236328,3.2,0.6639637697705411,-0.09
2006-12-05,11.270000457763672,3.14,0.6860188324876431,-0.07
2006-12-06,11.329999923706055,3.07,0.670129376857255,-0.11
2006-12-07,12.670000076293945,3.05,0.6392627265659137,-0.09
2006-12-08,12.069999694824219,3.0,0.6291193850051013,-0.12
2006-12-11,10.710000038146973,3.02,0.6044836470452226,-0.15
2006-12-12,10.649999618530273,3.06,0.587310397593973,-0.12
2006-12-13,10.180000305175781,3.0,0.5636056836529842,-0.12
2006-12-14,9.970000267028809,3.0,0.5426529235659285,-0.13
2006-12-15,10.050000190734863,2.98,0.6050711728721763,-0.13
2006-12-18,10.600000381469727,2.99,0.5791470444577308,-0.11
2006-12-19,10.300000190734863,2.98,0.5636788590530771,-0.11
2006-12-20,10.260000228881836,2.97,0.5454932098336189,-0.11
2006-12-21,10.529999732971191,2.99,0.5253310042256086,-0.11
2006-12-22,11.359999656677246,2.93,0.5225144252834281,-0.08
2006-12-26,11.260000228881836,2.93,0.5478822676425487,-0.1
2006-12-27,10.640000343322754,2.87,0.5654563286380216,-0.11
2006-12-28,10.989999771118164,2.83,0.5889598727459825,-0.12
2006-12-29,11.5600004196167,2.82,0.5692052020574102,-0.11
2007-01-03,12.039999961853027,2.91,0.5653228625417394,-0.09
2007-01-04,11.510000228881836,2.95,0.5464351690210842,-0.09
2007-01-05,12.140000343322754,2.93,0.5309713322812687,-0.11
2007-01-08,12.0,2.92,0.5827880206065266,-0.12
2007-01-09,11.90999984741211,2.89,0.5814680005500208,-0.13
2007-01-10,11.470000267028809,2.87,0.558427127690676,-0.12
2007-01-11,10.869999885559082,2.82,0.5490425467481299,-0.12
2007-01-12,10.149999618530273,2.8,0.549658795615231,-0.11
2007-01-16,10.739999771118164,2.78,0.5907292632921127,-0.11
2007-01-17,10.59000015258789,2.72,0.5701534379286058,-0.12
2007-01-18,10.850000381469727,2.73,0.5475474287637674,-0.14
2007-01-19,10.399999618530273,2.7,0.539668070254244,-0.15
2007-01-22,10.770000457763672,2.69,0.5241569801035248,-0.15
2007-01-23,10.34000015258789,2.65,0.5169245913649516,-0.13
2007-01-24,9.890000343322754,2.63,0.5095282200002448,-0.12
2007-01-25,11.220000267028809,2.57,0.5660477248464694,-0.11
2007-01-26,11.130000114440918,2.59,0.681523147592537,-0.11
2007-01-29,11.449999809265137,2.58,0.64980007554243,-0.09
2007-01-30,10.960000038146973,2.62,0.6202905278807891,-0.1
2007-01-31,10.420000076293945,2.72,0.6199765391971408,-0.11
2007-02-01,10.3100004196167,2.66,0.6369679422409623,-0.12
2007-02-02,10.079999923706055,2.67,0.6427025167121015,-0.11
2007-02-05,10.550000190734863,2.67,0.615374936916382,-0.11
2007-02-06,10.649999618530273,2.67,0.5886136736341075,-0.13
2007-02-07,10.319999694824219,2.65,0.5642271385458901,-0.13
2007-02-08,10.4399995803833,2.65,0.5473795055311103,-0.14
2007-02-09,11.100000381469727,2.59,0.5286447024985864,-0.13
2007-02-12,11.609999656677246,2.59,0.5722639934635768,-0.14
2007-02-13,10.34000015258789,2.58,0.5619470451414244,-0.13
2007-02-14,10.229999542236328,2.62,0.6139652118059405,-0.13
2007-02-15,10.220000267028809,2.59,0.6298932525640251,-0.13
2007-02-16,10.020000457763672,2.57,0.6034984044371149,-0.14
2007-02-20,10.239999771118164,2.57,0.5779463157827431,-0.13
2007-02-21,10.199999809265137,2.53,0.5593475993051277,-0.13
2007-02-22,10.180000305175781,2.49,0.5377268373095372,-0.14
2007-02-23,10.579999923706055,2.55,0.5185916480184979,-0.14
2007-02-26,11.149999618530273,2.58,0.5188221658284656,-0.14
2007-02-27,18.309999465942383,2.79,0.5017877756613587,-0.09
2007-02-28,15.420000076293945,2.82,1.4691787530670983,-0.09
2007-03-01,15.819999694824219,2.83,1.4231458422926602,-0.07
2007-03-02,18.610000610351562,2.91,1.3393881998913362,-0.04
2007-03-05,19.6299991607666,2.99,1.338562242077939,-0.02
2007-03-06,15.960000038146973,2.94,1.3000656863110613,-0.05
2007-03-07,15.239999771118164,2.91,1.3562310743866715,-0.04
2007-03-08,14.289999961853027,2.85,1.2736197679329424,-0.05
2007-03-09,14.09000015258789,2.75,1.2317468526882267,-0.07
2007-03-12,13.989999771118164,2.8,1.1575334735283664,-0.06
2007-03-13,18.1299991607666,2.92,1.0898436731281156,-0.02
2007-03-14,17.270000457763672,2.94,1.23244130167259,-0.01
2007-03-15,16.43000030517578,2.88,1.1866013637256165,-0.03
2007-03-16,16.790000915527344,2.88,1.1165908703406036,-0.03
2007-03-19,14.59000015258789,2.85,1.055155839434145,-0.03
2007-03-20,13.270000457763672,2.88,1.0776643629141738,-0.04
2007-03-21,12.1899995803833,2.91,1.0322980641386788,0.02
2007-03-22,12.930000305175781,2.81,1.1263012375312034,0.02
2007-03-23,12.949999809265137,2.79,1.0599737589240834,0.02
2007-03-26,13.15999984741211,2.82,0.9994516838908399,0.04
2007-03-27,13.479999542236328,2.81,0.9432258095656147,0.04
2007-03-28,14.979999542236328,2.84,0.8939151222406997,0.09
2007-03-29,15.140000343322754,2.82,0.8819612363370853,0.06
2007-03-30,14.640000343322754,2.8,0.8342801860584921,0.07
2007-04-02,14.529999732971191,2.86,0.7895066416418681,0.05
2007-04-03,13.460000038146973,2.83,0.7492434849619222,0.04
2007-04-04,13.239999771118164,2.87,0.802864558501415,0.05
2007-04-05,13.229999542236328,2.84,0.7615050530853373,0.05
2007-04-09,13.140000343322754,2.76,0.7285694083924252,0.02
2007-04-10,12.680000305175781,2.78,0.6938579814598157,0.02
2007-04-11,13.489999771118164,2.75,0.6615936316393013,0.01
2007-04-12,12.710000038146973,2.75,0.646623378581374,0.01
2007-04-13,12.199999809265137,2.71,0.6360806521220698,0.0
2007-04-16,11.979999542236328,2.7,0.6277707048910538,0.0
2007-04-17,12.140000343322754,2.72,0.6841236960180048,0.01
2007-04-18,12.420000076293945,2.73,0.6579232524435135,0.02
2007-04-19,12.539999961853027,2.71,0.6288543327327413,0.04
2007-04-20,12.069999694824219,2.68,0.6009134541463546,0.04
2007-04-23,13.039999961853027,2.68,0.6618080248743388,0.04
2007-04-24,13.119999885559082,2.7,0.6445026316201034,0.05
2007-04-25,13.210000038146973,2.67,0.6152989874504573,0.03
2007-04-26,12.789999961853027,2.63,0.66894361030061,0.02
2007-04-27,12.449999809265137,2.63,0.6387256468030454,0.04
2007-04-30,14.220000267028809,2.74,0.6104959526137526,0.03
2007-05-01,13.510000228881836,2.74,0.6520466161122543,0.01
2007-05-02,13.079999923706055,2.72,0.6283827563270817,0.0
2007-05-03,13.09000015258789,2.67,0.6338231768986109,-0.03
2007-05-04,12.90999984741211,2.7,0.633899939434318,-0.03
2007-05-07,13.149999618530273,2.69,0.6196094803540053,-0.04
2007-05-08,13.210000038146973,2.69,0.5924394543861002,-0.05
2007-05-09,12.880000114440918,2.64,0.5695021068054906,-0.06
2007-05-10,13.600000381469727,2.65,0.5548753890787033,-0.05
2007-05-11,12.949999809265137,2.63,0.646805530601078,-0.04
2007-05-14,13.960000038146973,2.61,0.6847993187108179,-0.04
2007-05-15,14.010000228881836,2.57,0.6564614358637696,-0.04
2007-05-16,13.5,2.58,0.6261426318148238,-0.02
2007-05-17,13.510000228881836,2.55,0.6436868394336253,-0.02
2007-05-18,12.760000228881836,2.51,0.6182471181785636,-0.01
2007-05-21,13.300000190734863,2.5,0.6639858436457081,-0.02
2007-05-22,13.0600004196167,2.46,0.6332234098196906,0.0
2007-05-23,13.239999771118164,2.44,0.6054496549807655,0.01
2007-05-24,14.079999923706055,2.45,0.5795014078063313,0.01
2007-05-25,13.34000015258789,2.45,0.6396569633957906,0.01
2007-05-29,13.529999732971191,2.42,0.6276520956532642,0.0
2007-05-30,12.829999923706055,2.44,0.6128269387288353,-0.01
2007-05-31,13.050000190734863,2.46,0.6506635299087689,-0.02
2007-06-01,12.779999732971191,2.41,0.6218324689531496,-0.02
2007-06-04,13.289999961853027,2.44,0.6188408195883389,-0.04
2007-06-05,13.630000114440918,2.41,0.5917149571450834,-0.01
2007-06-06,14.869999885559082,2.48,0.5835330722575363,0.0
2007-06-07,17.059999465942383,2.48,0.6742231671273187,0.08
2007-06-08,14.84000015258789,2.51,0.9023814514426117,0.11
2007-06-11,14.710000038146973,2.5,0.963793710260003,0.13
2007-06-12,16.670000076293945,2.49,0.9110692813085911,0.18
2007-06-13,14.729999542236328,2.53,0.9412015840127989,0.12
2007-06-14,13.640000343322754,2.49,1.0277678556487908,0.13
2007-06-15,13.9399995803833,2.51,0.993339366215701,0.11
2007-06-18,13.420000076293945,2.52,0.957031320587082,0.14
2007-06-19,12.850000381469727,2.6,0.9037726518188031,0.15
2007-06-20,14.670000076293945,2.59,0.8579733453296094,0.17
2007-06-21,14.210000038146973,2.66,0.9463110877602035,0.18
2007-06-22,15.75,2.69,0.9135335432164532,0.22
2007-06-25,16.649999618530273,2.8,0.9232570354137274,0.22
2007-06-26,18.889999389648438,2.79,0.8874429984667376,0.2
2007-06-27,15.529999732971191,2.88,0.912382481601065,0.18
2007-06-28,15.539999961853027,2.83,0.9920311607887824,0.16
2007-06-29,16.229999542236328,2.89,0.9352391353113794,0.16
2007-07-02,15.399999618530273,3.03,0.8827687507984897,0.14
2007-07-03,14.920000076293945,2.99,0.8910867807907532,0.16
2007-07-05,15.479999542236328,2.92,0.8512556651612918,0.17
2007-07-06,14.720000267028809,2.9,0.805960140298038,0.2
2007-07-09,15.15999984741211,2.93,0.7848837466717579,0.19
2007-07-10,17.56999969482422,3.12,0.7444621770271405,0.18
2007-07-11,16.639999389648438,3.16,0.865271674881628,0.2
2007-07-12,15.539999961853027,3.08,0.8542148787868957,0.19
2007-07-13,15.149999618530273,3.06,0.9746623645399748,0.17
2007-07-16,15.59000015258789,3.07,0.9249715498023838,0.16
2007-07-17,15.630000114440918,3.05,0.8732134226010954,0.17
2007-07-18,16.0,3.2,0.8255879171640035,0.18
2007-07-19,15.229999542236328,3.2,0.7839976337208366,0.17
2007-07-20,16.950000762939453,3.37,0.755298068660724,0.17
2007-07-23,16.809999465942383,3.44,0.799474993197897,0.17
2007-07-24,18.549999237060547,3.61,0.7648356073834168,0.17
2007-07-25,18.100000381469727,3.71,0.9471438897697052,0.18
2007-07-26,20.739999771118164,4.13,0.8965348290517993,0.23
2007-07-27,24.170000076293945,4.28,1.1886734334254108,0.24
2007-07-30,20.8700008392334,4.24,1.3139210669828265,0.23
2007-07-31,23.520000457763672,4.19,1.3469189038820812,0.22
2007-08-01,23.670000076293945,4.28,1.3245232150792743,0.2
2007-08-02,21.219999313354492,4.18,1.255125171719234,0.18
2007-08-03,25.15999984741211,4.24,1.2113009373624208,0.25
2007-08-06,22.940000534057617,4.28,1.4561282795181787,0.26
2007-08-07,21.559999465942383,4.2,1.4834614910810782,0.21
2007-08-08,21.450000762939453,3.93,1.439650746592738,0.2
2007-08-09,26.479999542236328,4.04,1.4340703028344035,0.3
2007-08-10,28.299999237060547,4.12,1.7048690449005226,0.34
2007-08-13,26.56999969482422,4.08,1.605836757216224,0.32
2007-08-14,27.68000030517578,4.16,1.5104945834317067,0.34
2007-08-15,30.670000076293945,4.27,1.514662052200997,0.42
2007-08-16,30.829999923706055,4.59,1.5002822625868677,0.52
2007-08-17,29.989999771118164,4.48,1.4310324750104917,0.5
2007-08-20,26.329999923706055,4.5,1.484618759737509,0.53
2007-08-21,25.25,4.53,1.3926304364201363,0.55
2007-08-22,22.889999389648438,4.42,1.3088371511398966,0.48
2007-08-23,22.6200008392334,4.34,1.2958761402590548,0.42
2007-08-24,20.719999313354492,4.29,1.2174456613631606,0.33
2007-08-27,22.719999313354492,4.3,1.2214019291016187,0.32
2007-08-28,26.299999237060547,4.44,1.1930976321521138,0.4
2007-08-29,23.809999465942383,4.43,1.3625013510513995,0.43
2007-08-30,25.059999465942383,4.48,1.4467752569481904,0.43
2007-08-31,23.3799991607666,4.55,1.3604938247828204,0.39
2007-09-04,22.780000686645508,4.53,1.3219089286614099,0.43
2007-09-05,24.579999923706055,4.6,1.2895444705627033,0.45
2007-09-06,23.989999771118164,4.56,1.2483737948475162,0.43
2007-09-07,26.229999542236328,4.73,1.175655139670225,0.48
2007-09-10,27.3799991607666,4.79,1.208113017788677,0.47
2007-09-11,25.270000457763672,4.74,1.1375114109773563,0.42
2007-09-12,24.959999084472656,4.69,1.1435806733813567,0.46
2007-09-13,24.760000228881836,4.57,1.0793868446263726,0.41
2007-09-14,24.920000076293945,4.58,1.045007716174468,0.42
2007-09-17,26.479999542236328,4.52,0.9842855800536928,0.4
2007-09-18,20.350000381469727,4.46,0.9468065507548771,0.5
2007-09-19,20.030000686645508,4.3,1.3482976889942062,0.53
2007-09-20,20.450000762939453,4.21,1.2822394921455618,0.59
2007-09-21,19.0,4.16,1.2292498899571598,0.58
2007-09-24,19.3700008392334,4.1,1.1589752117747083,0.58
2007-09-25,18.600000381469727,4.17,1.091834071286383,0.63
2007-09-26,17.6299991607666,4.14,1.029985066071789,0.66
2007-09-27,17.0,4.15,0.9875533156337942,0.63
2007-09-28,18.0,4.16,0.9534319602567706,0.62
2007-10-01,17.84000015258789,4.19,0.9069819758805476,0.54
2007-10-02,18.489999771118164,4.2,0.9412533322008476,0.56
2007-10-03,18.799999237060547,4.16,0.8895189910872212,0.53
2007-10-04,18.440000534057617,4.15,0.8433628335390252,0.54
2007-10-05,16.90999984741211,4.02,0.7996913071627031,0.57
2007-10-09,16.1200008392334,3.95,0.8359274864049429,0.52
2007-10-10,16.670000076293945,3.91,0.8556403367026671,0.5
2007-10-11,18.8799991607666,3.86,0.8112424458108332,0.53
2007-10-12,17.729999542236328,3.83,0.7862840289785675,0.47
2007-10-15,19.25,3.81,0.7695859105849495,0.47
2007-10-16,20.020000457763672,3.91,0.7872958753969541,0.54
2007-10-17,18.540000915527344,4.07,0.796031134693952,0.57
2007-10-18,18.5,4.2,0.7616664732906688,0.59
2007-10-19,22.959999084472656,4.36,0.7336045165586876,0.61
2007-10-22,21.639999389648438,4.39,1.1560715477664365,0.57
2007-10-23,20.40999984741211,4.34,1.1058066439862875,0.6
2007-10-24,20.799999237060547,4.42,1.077884460647941,0.62
2007-10-25,21.170000076293945,4.4,1.016779786137444,0.63
2007-10-26,19.559999465942383,4.39,0.9616918196601879,0.64
2007-10-29,19.8700008392334,4.38,0.9937209813521036,0.6
2007-10-30,21.06999969482422,4.38,0.9438678021902178,0.58
2007-10-31,18.530000686645508,4.36,0.9230848992263614,0.54
2007-11-01,23.209999084472656,4.53,0.9427723634397097,0.59
2007-11-02,23.010000228881836,4.65,1.212904765349445,0.65
2007-11-05,24.309999465942383,4.69,1.1406704413925925,0.66
2007-11-06,21.389999389648438,4.66,1.1053797138886872,0.68
2007-11-07,26.489999771118164,4.76,1.1396114636148684,0.73
2007-11-08,26.15999984741211,4.91,1.4426181218717875,0.81
2007-11-09,28.5,5.02,1.3649764554356383,0.81
2007-11-13,24.100000381469727,5.07,1.3306950418033947,0.72
2007-11-14,25.940000534057617,5.04,1.628833731918005,0.71
2007-11-15,28.059999465942383,5.25,1.5297813211374258,0.82
2007-11-16,25.489999771118164,5.37,1.5210629556174775,0.82
2007-11-19,26.010000228881836,5.61,1.4276841485232226,0.89
2007-11-20,24.8799991607666,5.71,1.4257078251010895,0.92
2007-11-21,26.84000015258789,5.87,1.354493224722875,1.01
2007-11-23,25.610000610351562,5.8,1.4610530548170888,0.94
2007-11-26,28.90999984741211,5.92,1.494869389792587,0.91
2007-11-27,26.280000686645508,5.88,1.6027346171284416,0.9
2007-11-28,24.110000610351562,5.73,1.5541938486024554,0.86
2007-11-29,23.969999313354492,5.73,1.823294660583731,0.88
2007-11-30,22.8700008392334,5.75,1.707865320248018,0.93
2007-12-03,23.610000610351562,5.82,1.63777018282481,0.99
2007-12-04,23.790000915527344,5.89,1.5522209471773152,0.99
2007-12-05,22.530000686645508,5.86,1.488594800159644,1.02
2007-12-06,20.959999084472656,5.78,1.5110630118663255,0.99
2007-12-07,20.850000381469727,5.63,1.5009748478302543,1.0
2007-12-10,20.739999771118164,5.55,1.4077613884690514,0.98
2007-12-11,23.59000015258789,5.68,1.3481146092887042,1.04
2007-12-12,22.469999313354492,5.61,1.5931469559342506,0.98
2007-12-13,22.559999465942383,5.58,1.532144371495584,0.97
2007-12-14,23.270000457763672,5.54,1.4385632407122448,0.93
2007-12-17,24.520000457763672,5.58,1.4208868574391256,0.96
2007-12-18,22.639999389648438,5.66,1.4239983060494388,0.95
2007-12-19,21.68000030517578,5.71,1.3501245346487112,0.94
2007-12-20,20.579999923706055,5.79,1.2674656715197423,0.95
2007-12-21,18.469999313354492,5.68,1.2106014802172107,0.99
2007-12-24,18.600000381469727,5.65,1.242129693147794,0.99
2007-12-26,18.65999984741211,5.59,1.1952000432647047,0.99
2007-12-27,20.260000228881836,5.64,1.1260325757525178,0.97
2007-12-28,20.739999771118164,5.73,1.147242601840595,0.99
2007-12-31,22.5,5.92,1.0825876087454889,0.99
2008-01-02,23.170000076293945,6.1,1.0513816208055682,1.03
2008-01-03,22.489999771118164,6.17,1.0364085622849504,1.08
2008-01-04,23.940000534057617,6.36,0.9764620195398203,1.14
2008-01-07,23.790000915527344,6.45,1.2623906943906873,1.1
2008-01-08,25.43000030517578,6.51,1.1863178206924463,1.1
2008-01-09,24.1200008392334,6.73,1.2510078437123842,1.13
2008-01-10,23.450000762939453,6.63,1.2304258336259637,1.2
2008-01-11,23.68000030517578,6.68,1.1784037287623894,1.23
2008-01-14,22.899999618530273,6.66,1.1432840094775178,1.23
2008-01-15,23.34000015258789,6.74,1.1111190262070472,1.19
2008-01-16,24.3799991607666,6.83,1.3013081342824107,1.23
2008-01-17,28.459999084472656,6.99,1.2586358833423716,1.22
2008-01-18,27.18000030517578,7.04,1.494476216120267,1.3
2008-01-22,31.010000228881836,7.39,1.4469932653436541,1.44
2008-01-23,29.020000457763672,7.48,1.4031699039226422,1.42
2008-01-24,27.780000686645508,7.12,1.5544864774974294,1.43
2008-01-25,29.079999923706055,6.99,1.4866099628745206,1.38
2008-01-28,27.780000686645508,7.03,1.4835038749397504,1.41
2008-01-29,27.31999969482422,6.85,1.5040346771246993,1.4
2008-01-30,27.6200008392334,6.78,1.4210402755016192,1.48
2008-01-31,26.200000762939453,6.95,1.3579451609011242,1.5
2008-02-01,24.020000457763672,6.96,1.4214444203019905,1.53
2008-02-04,25.989999771118164,6.92,1.4448191229896974,1.6
2008-02-05,28.239999771118164,7.06,1.425643366469503,1.68
2008-02-06,28.969999313354492,7.09,1.6375521151019796,1.65
2008-02-07,27.65999984741211,7.1,1.5604306170580695,1.75
2008-02-08,28.010000228881836,7.25,1.4809481532793607,1.71
2008-02-11,27.600000381469727,7.37,1.4070903093676528,1.69
2008-02-12,26.329999923706055,7.37,1.3322863494320818,1.72
2008-02-13,24.8799991607666,7.38,1.2914628603469112,1.79
2008-02-14,25.540000915527344,7.25,1.263561379015129,1.92
2008-02-15,25.020000457763672,7.3,1.2262524679374163,1.85
2008-02-19,25.59000015258789,7.25,1.1524155426044274,1.83
2008-02-20,24.399999618530273,7.25,1.0882580776923205,1.79
2008-02-21,25.1200008392334,7.35,1.0294839693406126,1.79
2008-02-22,24.059999465942383,7.35,1.0124901139588138,1.81
2008-02-25,23.030000686645508,7.21,0.9777956148643101,1.78
2008-02-26,21.899999618530273,7.17,1.0199827776568313,1.84
2008-02-27,22.690000534057617,7.18,0.9956729511161523,1.84
2008-02-28,23.530000686645508,7.37,0.9392603888868417,1.84
2008-02-29,26.540000915527344,7.67,0.9499554716918899,1.88
2008-03-03,26.280000686645508,7.75,1.1910382808316295,1.93
2008-03-04,25.520000457763672,7.76,1.1227963275705983,1.98
2008-03-05,24.600000381469727,7.68,1.0647540786718712,2.04
2008-03-06,27.549999237060547,7.79,1.026250651737202,2.09
2008-03-07,27.489999771118164,7.92,1.2103001048500077,2.03
2008-03-10,29.3799991607666,8.08,1.1932956820212308,1.99
2008-03-11,26.360000610351562,7.95,1.2131653964666402,1.86
2008-03-12,27.219999313354492,8.13,1.6763783974012425,1.86
2008-03-13,27.290000915527344,8.27,1.6046705782807904,1.93
2008-03-14,31.15999984741211,8.38,1.5061979248565258,1.97
2008-03-17,32.2400016784668,8.62,1.5135631859858953,1.99
2008-03-18,25.790000915527344,8.39,1.4628305027077717,1.9
2008-03-19,29.84000015258789,8.37,1.9723336788665813,1.84
2008-03-20,26.6200008392334,8.4,2.04263628728979,1.75
2008-03-24,25.729999542236328,8.07,2.016084313517532,1.72
2008-03-25,25.719999313354492,7.97,2.009229772883239,1.72
2008-03-26,26.079999923706055,7.99,1.8813752528437837,1.8
2008-03-27,25.8799991607666,7.94,1.8132928710426035,1.83
2008-03-28,25.709999084472656,7.99,1.7020600189361017,1.8
2008-03-31,25.610000610351562,8.21,1.6296106822117071,1.83
2008-04-01,22.68000030517578,8.02,1.5322834009910813,1.77
2008-04-02,23.43000030517578,7.86,1.8737991557426767,1.72
2008-04-03,23.209999084472656,7.78,1.7550250463986785,1.7
2008-04-04,22.450000762939453,7.76,1.6465054895813476,1.67
2008-04-07,22.420000076293945,7.54,1.5436559401668108,1.62
2008-04-08,22.360000610351562,7.58,1.4475660697210582,1.71
2008-04-09,22.809999465942383,7.71,1.3585295119773595,1.72
2008-04-10,21.979999542236328,7.7,1.3000858889751954,1.71
2008-04-11,23.459999084472656,7.76,1.2219341294312085,1.73
2008-04-14,23.81999969482422,7.74,1.3357109708097448,1.75
2008-04-15,22.780000686645508,7.65,1.2595732801688075,1.76
2008-04-16,20.530000686645508,7.46,1.1861062365924848,1.74
2008-04-17,20.3700008392334,7.36,1.4523209179767074,1.62
2008-04-18,20.1299991607666,7.15,1.3634345037099005,1.58
2008-04-21,20.5,7.13,1.3298458585105526,1.55
2008-04-22,20.8700008392334,7.07,1.248743090181234,1.5
2008-04-23,20.260000228881836,7.05,1.183283165492998,1.55
2008-04-24,20.059999465942383,6.92,1.113888813152838,1.46
2008-04-25,19.59000015258789,6.84,1.0589910673221492,1.47
2008-04-28,19.639999389648438,6.85,1.0475049939812395,1.5
2008-04-29,20.239999771118164,6.86,0.9866245159288509,1.5
2008-04-30,20.790000915527344,6.86,0.9403106332670186,1.48
2008-05-01,18.8799991607666,6.81,0.9109348840522777,1.41
2008-05-02,18.18000030517578,6.64,1.1170552346566829,1.42
2008-05-05,18.899999618530273,6.65,1.0554431648602913,1.46
2008-05-06,18.209999084472656,6.7,1.0079927764415089,1.55
2008-05-07,19.729999542236328,6.72,0.9963120769669296,1.56
2008-05-08,19.399999618530273,6.83,1.1284149981426046,1.54
2008-05-09,19.40999984741211,6.9,1.065398164224034,1.52
2008-05-12,17.790000915527344,6.9,1.0052843125485296,1.48
2008-05-13,17.979999542236328,6.76,1.0241334290424025,1.43
2008-05-14,17.65999984741211,6.65,0.9649610595039482,1.39
2008-05-15,16.299999237060547,6.69,0.9130064446978202,1.38
2008-05-16,16.469999313354492,6.63,0.9645352145409447,1.38
2008-05-19,17.010000228881836,6.6,0.910338289343593,1.41
2008-05-20,17.579999923706055,6.68,0.864912697180571,1.44
2008-05-21,18.59000015258789,6.64,0.8654420036753763,1.4
2008-05-22,18.049999237060547,6.59,1.0109475312680896,1.36
2008-05-23,19.549999237060547,6.7,0.9527518558844659,1.39
2008-05-27,19.639999389648438,6.72,1.0142050437348207,1.38
2008-05-28,19.06999969482422,6.61,0.9897009747503259,1.41
2008-05-29,18.139999389648438,6.55,0.9467376899898382,1.41
2008-05-30,17.829999923706055,6.57,0.9102000796674797,1.4
2008-06-02,19.829999923706055,6.67,0.863933115871928,1.47
2008-06-03,20.239999771118164,6.78,0.8932234209214204,1.47
2008-06-04,20.799999237060547,6.79,0.8680749626891983,1.51
2008-06-05,18.6299991607666,6.63,0.8208391396815377,1.54
2008-06-06,23.559999465942383,6.68,1.0386422575303365,1.54
2008-06-09,23.1200008392334,6.58,1.4933157430909358,1.29
2008-06-10,23.18000030517578,6.49,1.403146009037855,1.2
2008-06-11,24.1200008392334,6.56,1.328158391701017,1.27
2008-06-12,23.329999923706055,6.43,1.3495354125571668,1.2
2008-06-13,21.219999313354492,6.39,1.2738030990939537,1.22
2008-06-16,20.950000762939453,6.37,1.273960221171739,1.23
2008-06-17,21.1299991607666,6.4,1.1968700831212395,1.29
2008-06-18,22.239999771118164,6.53,1.1377371408581303,1.27
2008-06-19,21.579999923706055,6.53,1.1231221150948258,1.23
2008-06-20,22.8700008392334,6.7,1.0576062651686258,1.28
2008-06-23,22.639999389648438,6.76,1.1473272629579092,1.21
2008-06-24,22.420000076293945,7.01,1.0796877354792962,1.23
2008-06-25,21.139999389648438,7.02,1.0187514307377554,1.3
2008-06-26,23.93000030517578,7.27,0.9738886749846266,1.39
2008-06-27,23.440000534057617,7.41,1.3274336503333588,1.34
2008-06-30,23.950000762939453,7.35,1.2608517660288152,1.36
2008-07-01,23.649999618530273,7.48,1.1908481948137406,1.38
2008-07-02,25.920000076293945,7.53,1.1247777001816746,1.39
2008-07-03,24.780000686645508,7.63,1.2172728233274255,1.45
2008-07-07,25.780000686645508,7.76,1.1446137594441768,1.48
2008-07-08,23.149999618530273,7.87,1.1343596275499486,1.44
2008-07-09,25.229999542236328,7.82,1.2304557613286993,1.44
2008-07-10,25.59000015258789,7.9,1.3397509458352477,1.39
2008-07-11,27.489999771118164,7.88,1.2658085289641448,1.37
2008-07-14,28.479999542236328,7.89,1.257150637895272,1.43
2008-07-15,28.540000915527344,8.06,1.2226775981655995,1.48
2008-07-16,25.100000381469727,8.01,1.2508091384712723,1.53
2008-07-17,25.010000228881836,7.79,1.4468901556368206,1.49
2008-07-18,24.049999237060547,7.67,1.4009461716767901,1.45
2008-07-21,23.049999237060547,7.58,1.3323631527118383,1.43
2008-07-22,21.18000030517578,7.6,1.2511078075286934,1.4
2008-07-23,21.309999465942383,7.46,1.239309511854684,1.35
2008-07-24,23.440000534057617,7.64,1.1795701455462786,1.42
2008-07-25,22.90999984741211,7.6,1.327708818754706,1.43
2008-07-28,24.229999542236328,7.79,1.2466607853825304,1.47
2008-07-29,22.030000686645508,7.82,1.2792141313689935,1.44
2008-07-30,21.209999084472656,7.81,1.4087364996926897,1.43
2008-07-31,22.940000534057617,8.0,1.4578683580436758,1.47
2008-08-01,22.56999969482422,8.13,1.444025733333461,1.46
2008-08-04,23.489999771118164,8.14,1.36725519400735,1.45
2008-08-05,21.139999389648438,8.11,1.323727853677938,1.5
2008-08-06,20.229999542236328,8.05,1.5499514877632752,1.5
2008-08-07,21.149999618530273,8.16,1.461473185484822,1.49
2008-08-08,20.65999984741211,8.14,1.4670808380824403,1.43
2008-08-11,20.1200008392334,8.07,1.5180812149971235,1.43
2008-08-12,21.170000076293945,8.11,1.4681428431486443,1.46
2008-08-13,21.549999237060547,8.09,1.4245039485515998,1.44
2008-08-14,20.34000015258789,8.11,1.3530939055168478,1.44
2008-08-15,19.579999923706055,8.12,1.2968871645434366,1.44
2008-08-18,20.979999542236328,8.17,1.2296422739095767,1.47
2008-08-19,21.280000686645508,8.23,1.2509656301265284,1.51
2008-08-20,20.420000076293945,8.3,1.2357396698074876,1.54
2008-08-21,19.81999969482422,8.29,1.172354022075158,1.51
2008-08-22,18.809999465942383,8.25,1.103989635020135,1.45
2008-08-25,20.969999313354492,8.32,1.1530928119012103,1.46
2008-08-26,20.489999771118164,8.32,1.2980362469433402,1.44
2008-08-27,19.760000228881836,8.34,1.2232586855663272,1.46
2008-08-28,19.43000030517578,8.29,1.198026104266057,1.42
2008-08-29,20.649999618530273,8.28,1.2018042695132567,1.47
2008-09-02,21.989999771118164,8.42,1.1907163208401468,1.48
2008-09-03,21.43000030517578,8.48,1.1402139630506354,1.45
2008-09-04,24.030000686645508,8.55,1.0729585636516088,1.44
2008-09-05,23.059999465942383,8.55,1.467119162263089,1.43
2008-09-08,22.639999389648438,8.46,1.380579280014553,1.36
2008-09-09,25.469999313354492,8.53,1.4783133322257194,1.39
2008-09-10,24.520000457763672,8.55,1.7386934915475452,1.43
2008-09-11,24.389999389648438,8.62,1.635112310737456,1.46
2008-09-12,25.65999984741211,8.54,1.6120615984877806,1.51
2008-09-15,31.700000762939453,9.05,1.5196176325518627,1.69
2008-09-16,30.299999237060547,9.29,2.2159278153197404,1.59
2008-09-17,36.220001220703125,9.64,2.1527267534575234,1.77
2008-09-18,33.099998474121094,9.83,2.5736038535387777,1.76
2008-09-19,32.06999969482422,9.21,2.613607536988131,1.62
2008-09-22,33.849998474121094,9.21,2.795290658241156,1.7
2008-09-23,35.720001220703125,9.39,2.732945573036748,1.74
2008-09-24,35.189998626708984,9.67,2.6785576964954454,1.77
2008-09-25,32.81999969482422,9.87,2.5077144493565373,1.72
2008-09-26,34.7400016784668,10.25,2.407244457335323,1.74
2008-09-29,46.720001220703125,10.75,2.2522288478261143,1.91
2008-09-30,39.38999938964844,10.96,3.536742219046143,1.85
2008-10-01,39.810001373291016,11.24,3.5948318423343824,1.95
2008-10-02,45.2599983215332,12.0,3.3603893814679076,2.04
2008-10-03,45.13999938964844,12.24,3.3945219080324205,2.03
2008-10-06,52.04999923706055,13.07,3.2084207752312293,2.05
2008-10-07,53.68000030517578,13.18,3.5083432102147474,2.03
2008-10-08,57.529998779296875,13.51,3.6467803594596058,2.07
2008-10-09,63.91999816894531,13.91,3.522600074752006,2.19
2008-10-10,69.94999694824219,15.36,4.146386850671087,2.27
2008-10-14,55.130001068115234,14.5,6.001960327485252,2.26
2008-10-15,69.25,15.14,5.631845569349142,2.4
2008-10-16,67.61000061035156,15.72,6.379850965546619,2.38
2008-10-17,70.33000183105469,15.95,6.127712218986242,2.34
2008-10-20,52.970001220703125,15.76,5.72911272106786,2.2
2008-10-21,53.11000061035156,15.87,5.725297190108047,2.18
2008-10-22,69.6500015258789,16.05,5.452546124955854,2.12
2008-10-23,67.80000305175781,16.34,5.454829141389201,2.09
2008-10-24,79.12999725341797,16.69,5.1126879176462285,2.19
2008-10-27,80.05999755859375,16.81,5.109343155922573,2.2
2008-10-28,66.95999908447266,16.67,4.9373116451826515,2.24
2008-10-29,69.95999908447266,16.21,6.006839478249151,2.35
2008-10-30,62.900001525878906,15.91,5.618154496506966,2.41
2008-10-31,59.88999938964844,16.17,5.381268523376326,2.45
2008-11-03,53.68000030517578,16.29,5.031881284625952,2.51
2008-11-04,47.72999954223633,16.18,4.703074937643828,2.42
2008-11-05,54.560001373291016,16.08,4.546275678613514,2.37
2008-11-06,63.68000030517578,16.19,4.503734393479979,2.47
2008-11-07,56.099998474121094,16.31,4.653064445769132,2.5
2008-11-10,59.97999954223633,16.35,4.492872393851972,2.55
2008-11-12,66.45999908447266,16.84,4.095577241432631,2.56
2008-11-13,59.83000183105469,17.06,4.135806137817244,2.6
2008-11-14,66.30999755859375,17.16,4.401250874365938,2.5
2008-11-17,69.1500015258789,17.43,4.48253741852523,2.46
2008-11-18,67.63999938964844,17.96,4.214813601940181,2.38
2008-11-19,74.26000213623047,18.61,3.9922956411630497,2.29
2008-11-20,80.86000061035156,19.48,4.385858419279637,2.1
2008-11-21,72.66999816894531,19.92,4.899730611269698,2.11
2008-11-24,64.69999694824219,19.87,4.93025308484594,2.04
2008-11-25,60.900001525878906,19.86,5.163600234453426,1.96
2008-11-26,54.91999816894531,19.76,4.831831457376853,1.9
2008-11-28,55.279998779296875,19.78,4.704077698632284,1.93
2008-12-01,68.51000213623047,20.2,4.417427957746077,1.82
2008-12-02,62.97999954223633,20.19,5.240578059565892,1.78
2008-12-03,60.720001220703125,20.39,5.070195735449256,1.8
2008-12-04,63.63999938964844,20.54,4.809389562456878,1.73
2008-12-05,59.93000030517578,20.74,4.567477295756569,1.74
2008-12-08,58.4900016784668,20.62,4.397280370004587,1.8
2008-12-09,58.90999984741211,20.59,4.279524483477649,1.83
2008-12-10,55.72999954223633,20.66,4.04113561331365,1.83
2008-12-11,55.779998779296875,20.92,3.784348187759264,1.85
2008-12-12,54.279998779296875,21.3,3.6375649287474956,1.82
2008-12-15,56.7599983215332,21.82,3.425215735675546,1.78
2008-12-16,52.369998931884766,21.44,3.2390297114794846,1.72
2008-12-17,49.84000015258789,21.06,3.4252814568176,1.47
2008-12-18,47.34000015258789,20.72,3.2199381323026564,1.4
2008-12-19,44.93000030517578,20.43,3.0811444982766094,1.39
2008-12-22,44.560001373291016,20.18,2.8847865906254535,1.29
2008-12-23,45.02000045776367,19.82,2.7347321427584,1.28
2008-12-24,44.209999084472656,19.79,2.5830931934251087,1.3
2008-12-26,43.380001068115234,19.55,2.4245596536108964,1.27
2008-12-29,43.900001525878906,19.25,2.2771337041369732,1.35
2008-12-30,41.630001068115234,18.48,2.133171451694992,1.36
2008-12-31,40.0,18.12,2.156668680187391,1.49
2009-01-02,39.189998626708984,17.84,2.0779114087725405,1.58
2009-01-05,39.08000183105469,17.44,2.2026601366977703,1.71
2009-01-06,38.560001373291016,16.68,2.0617996786108272,1.71
2009-01-07,43.38999938964844,16.42,1.9439240591495055,1.7
2009-01-08,42.560001373291016,16.67,2.105649366786996,1.64
2009-01-09,42.81999969482422,16.65,1.9760379801351327,1.68
2009-01-12,45.84000015258789,16.67,1.997737765124851,1.6
2009-01-13,43.27000045776367,16.82,2.0528876004361574,1.57
2009-01-14,49.13999938964844,16.86,1.9228310512546352,1.51
2009-01-15,51.0,16.97,2.1164503634202236,1.5
2009-01-16,46.11000061035156,16.79,1.9810550388692956,1.63
2009-01-20,56.650001525878906,16.79,1.8745238840596115,1.67
2009-01-21,46.41999816894531,16.71,2.577696960353496,1.78
2009-01-22,47.290000915527344,16.69,2.8248303671043473,1.87
2009-01-23,47.27000045776367,16.73,2.6968443680289482,1.82
2009-01-26,45.689998626708984,16.74,2.5268199860767635,1.85
2009-01-27,42.25,16.76,2.3756320586367905,1.72
2009-01-28,39.65999984741211,16.4,2.2503412734987243,1.82
2009-01-29,42.630001068115234,16.22,2.4032901206355413,1.92
2009-01-30,44.84000015258789,16.22,2.525430110392024,1.93
2009-02-02,45.52000045776367,16.4,2.468326246661493,1.87
2009-02-03,43.060001373291016,16.3,2.3115267101625174,1.93
2009-02-04,43.849998474121094,16.15,2.2167168084409457,1.97
2009-02-05,43.72999954223633,16.13,2.081515291852575,1.97
2009-02-06,43.369998931884766,16.05,2.015130109418415,2.06
2009-02-09,43.63999938964844,15.98,2.125002205798916,2.02
2009-02-10,46.66999816894531,16.07,1.9895665124522195,1.98
2009-02-11,44.529998779296875,16.17,2.4765809530377596,1.85
2009-02-12,41.25,16.27,2.325847857158697,1.86
2009-02-13,42.93000030517578,16.21,2.176396809795243,1.92
2009-02-17,48.65999984741211,16.45,2.071399159573262,1.77
2009-02-18,48.459999084472656,16.59,2.464728048253924,1.77
2009-02-19,47.08000183105469,16.48,2.3072902922379397,1.84
2009-02-20,49.29999923706055,16.76,2.1915052466923104,1.82
2009-02-23,52.619998931884766,16.85,2.0789799542991996,1.82
2009-02-24,45.4900016784668,17.22,2.3227864299668712,1.77
2009-02-25,44.66999816894531,17.17,2.5299909385859487,1.86
2009-02-26,44.65999984741211,17.18,2.3825842142576525,1.9
2009-02-27,46.349998474121094,17.39,2.301040526100801,2.02
2009-03-02,52.650001525878906,17.84,2.292331135160891,2.02
2009-03-03,50.93000030517578,18.09,2.6784701135444635,2.02
2009-03-04,47.560001373291016,18.28,2.518848107020697,2.04
2009-03-05,50.16999816894531,18.59,2.4932025216245197,1.93
2009-03-06,49.33000183105469,18.66,2.747145390837034,1.92
2009-03-09,49.68000030517578,18.86,2.569943738880412,1.93
2009-03-10,44.369998931884766,18.71,2.438879081912092,1.98
2009-03-11,43.61000061035156,18.38,3.0441893063808187,1.92
2009-03-12,41.18000030517578,18.29,2.8553477574533,1.86
2009-03-13,42.36000061035156,18.04,2.9893785670312436,1.91
2009-03-16,43.7400016784668,17.63,2.8083466774636214,1.97
2009-03-17,40.79999923706055,17.58,2.6284409710110914,1.97
2009-03-18,40.060001373291016,17.97,2.672728092424536,1.69
2009-03-19,43.68000030517578,17.74,2.615846124542327,1.74
2009-03-20,45.88999938964844,17.74,2.4848910163214413,1.76
2009-03-23,43.22999954223633,17.56,2.442313616253796,1.75
2009-03-24,42.93000030517578,17.45,3.3240739536980652,1.75
2009-03-25,42.25,17.26,3.183852614996785,1.85
2009-03-26,40.36000061035156,17.09,2.9990437091263353,1.86
2009-03-27,41.040000915527344,16.75,2.890852096863378,1.88
2009-03-30,45.540000915527344,16.89,2.776641186233513,1.89
2009-03-31,44.13999938964844,17.03,2.870742837553287,1.9
2009-04-01,42.279998779296875,17.12,2.7036696015015442,1.85
2009-04-02,42.040000915527344,16.78,2.6153074546698365,1.89
2009-04-03,39.70000076293945,16.53,2.64388220164585,1.95
2009-04-06,40.93000030517578,16.43,2.4967801808127157,2.01
2009-04-07,40.38999938964844,16.44,2.351655092215172,2.02
2009-04-08,38.849998474121094,16.36,2.348658975566247,1.93
2009-04-09,36.529998779296875,16.19,2.228977000833664,2.0
2009-04-13,37.810001373291016,16.16,2.4881892502983747,1.99
2009-04-14,37.66999816894531,15.85,2.3276724965282587,1.94
2009-04-15,36.16999816894531,15.74,2.260534949435606,1.96
2009-04-16,35.790000915527344,15.44,2.1473622057368917,1.95
2009-04-17,33.939998626708984,15.05,2.0727074275812116,1.99
2009-04-20,39.18000030517578,15.17,1.954133105771351,1.95
2009-04-21,37.13999938964844,15.35,2.3598756328672987,1.98
2009-04-22,38.099998474121094,15.27,2.3083998444076417,1.98
2009-04-23,37.150001525878906,15.17,2.170500439776734,1.99
2009-04-24,36.81999969482422,14.87,2.059670720623733,2.04
2009-04-27,38.31999969482422,14.91,1.9974988518731958,2.05
2009-04-28,37.95000076293945,14.79,1.8991942047187054,2.1
2009-04-29,36.08000183105469,14.46,1.7819119738835807,2.18
2009-04-30,36.5,13.45,1.8229221109421867,2.25
2009-05-01,35.29999923706055,13.34,1.707519070547235,2.29
2009-05-04,34.529998779296875,13.23,1.6108452986082968,2.25
2009-05-05,33.36000061035156,13.08,1.9067694611386943,2.22
2009-05-06,32.45000076293945,12.94,1.7895508592344131,2.22
2009-05-07,33.439998626708984,12.54,1.779913813229502,2.29
2009-05-08,32.04999923706055,12.41,1.73704764527141,2.29
2009-05-11,32.869998931884766,12.58,1.8147033573692348,2.25
2009-05-12,31.799999237060547,12.64,1.8225568758792474,2.27
2009-05-13,33.650001525878906,12.85,1.7102497013611118,2.22
2009-05-14,31.3700008392334,12.91,1.8318070908962918,2.23
2009-05-15,33.119998931884766,12.91,1.7412705273554125,2.26
2009-05-18,30.239999771118164,12.82,1.6561727443861787,2.29
2009-05-19,28.799999237060547,12.67,1.832961370548103,2.34
2009-05-20,29.030000686645508,12.45,1.7173433817588648,2.32
2009-05-21,31.350000381469727,12.32,1.6260340542798732,2.46
2009-05-22,32.630001068115234,12.13,1.6051548745194562,2.53
2009-05-26,30.6200008392334,12.09,1.5065212420631806,2.54
2009-05-27,32.36000061035156,11.87,1.6646506751405277,2.75
2009-05-28,31.670000076293945,11.74,1.6813570936397624,2.7
2009-05-29,28.920000076293945,11.76,1.6476634711763003,2.55
2009-06-01,30.040000915527344,11.36,1.6607101836100269,2.74
2009-06-02,29.6299991607666,11.19,1.765093273369768,2.69
2009-06-03,31.020000457763672,11.17,1.6538728217061964,2.65
2009-06-04,30.18000030517578,11.01,1.612146858958496,2.76
2009-06-05,29.6200008392334,10.7,1.5458612025217542,2.52
2009-06-08,29.770000457763672,10.6,1.4495274894605348,2.49
2009-06-09,28.270000457763672,10.59,1.3674757298894562,2.53
2009-06-10,28.459999084472656,10.42,1.2957355619930773,2.6
2009-06-11,28.110000610351562,10.43,1.220127552302442,2.53
2009-06-12,28.149999618530273,10.41,1.1570672501965507,2.51
2009-06-15,30.809999465942383,10.4,1.0923392645503291,2.5
2009-06-16,32.68000030517578,10.48,1.3072051325327594,2.44
2009-06-17,31.540000915527344,10.73,1.3163867068319846,2.49
2009-06-18,30.030000686645508,10.74,1.2365844798628014,2.58
2009-06-19,27.989999771118164,10.75,1.1893743752422594,2.54
2009-06-22,31.170000076293945,10.93,1.1254651577387653,2.55
2009-06-23,30.579999923706055,11.03,1.498041087160765,2.51
2009-06-24,29.049999237060547,11.01,1.4052801086673752,2.53
2009-06-25,26.360000610351562,11.09,1.3521364927618165,2.43
2009-06-26,25.93000030517578,11.09,1.4737684643054927,2.42
2009-06-29,25.350000381469727,11.05,1.3854165135495897,2.4
2009-06-30,26.350000381469727,10.55,1.3401282885648174,2.42
2009-07-01,26.219999313354492,10.5,1.2895519172480956,2.5
2009-07-02,27.950000762939453,10.52,1.2196551189297937,2.53
2009-07-06,29.0,10.61,1.497191031179102,2.56
2009-07-07,30.850000381469727,10.63,1.404229550322268,2.49
2009-07-08,31.299999237060547,10.84,1.4833343811634472,2.42
2009-07-09,29.780000686645508,10.79,1.391536114380222,2.5
2009-07-10,29.020000457763672,10.89,1.3076887245456454,2.41
2009-07-13,26.309999465942383,10.92,1.2308308976021078,2.46
2009-07-14,25.020000457763672,10.76,1.4275003379003877,2.53
2009-07-15,25.889999389648438,10.52,1.3537330432130397,2.6
2009-07-16,25.420000076293945,10.57,1.6191406830838952,2.59
2009-07-17,24.34000015258789,10.41,1.5187444489828628,2.65
2009-07-20,24.399999618530273,10.37,1.4738921564736098,2.62
2009-07-21,23.8700008392334,10.29,1.4306391083580008,2.54
2009-07-22,23.469999313354492,10.18,1.351896952653196,2.6
2009-07-23,23.43000030517578,9.88,1.2691340370739415,2.64
2009-07-24,23.09000015258789,9.8,1.413979653419496,2.65
2009-07-27,24.280000686645508,9.66,1.3344340152417826,2.67
2009-07-28,25.010000228881836,9.56,1.2570914759824439,2.6
2009-07-29,25.610000610351562,9.44,1.1922471072688685,2.52
2009-07-30,25.399999618530273,9.33,1.1240730133400374,2.48
2009-07-31,25.920000076293945,9.22,1.1177025991015237,2.39
2009-08-03,25.559999465942383,8.99,1.0528194586793467,2.48
2009-08-04,24.889999389648438,8.88,1.14341613852938,2.5
2009-08-05,24.899999618530273,8.77,1.0792692246590068,2.57
2009-08-06,25.670000076293945,8.73,1.0209766257080295,2.57
2009-08-07,24.760000228881836,8.57,0.9788505939662312,2.57
2009-08-10,24.989999771118164,8.58,1.0283951592500211,2.56
2009-08-11,25.989999771118164,8.64,0.9715875852507201,2.5
2009-08-12,25.450000762939453,8.78,1.0151635968396058,2.54
2009-08-13,24.709999084472656,8.91,1.026216724646058,2.47
2009-08-14,24.270000457763672,8.94,1.00249922914099,2.48
2009-08-17,27.889999389648438,9.17,0.9822715002549575,2.44
2009-08-18,26.18000030517578,9.19,1.2687636325823668,2.45
2009-08-19,26.260000228881836,9.25,1.223199799934831,2.44
2009-08-20,25.09000015258789,9.27,1.189138030254041,2.39
2009-08-21,25.010000228881836,9.13,1.1734879209206048,2.43
2009-08-24,25.139999389648438,9.14,1.2939190969041123,2.43
2009-08-25,24.920000076293945,9.12,1.2152412147991907,2.4
2009-08-26,24.950000762939453,9.11,1.1441630062456798,2.38
2009-08-27,24.68000030517578,9.07,1.0762095279418271,2.43
2009-08-28,24.760000228881836,9.04,1.0161540630172563,2.45
2009-08-31,26.010000228881836,9.12,0.9575831419312751,2.43
2009-09-01,29.149999618530273,9.18,0.9554329639864527,2.46
2009-09-02,28.899999618530273,9.23,1.189580297263243,2.4
2009-09-03,27.100000381469727,9.19,1.126138020009706,2.42
2009-09-04,25.260000228881836,9.09,1.0979837218329116,2.51
2009-09-08,25.6200008392334,9.03,1.141188692707091,2.54
2009-09-09,24.31999969482422,8.98,1.11426274015247,2.55
2009-09-10,23.549999237060547,8.93,1.0817111599864895,2.46
2009-09-11,24.149999618530273,8.78,1.0780273970937246,2.44
2009-09-14,23.860000610351562,8.57,1.0149011708363906,2.48
2009-09-15,23.420000076293945,8.35,0.9712178463373015,2.51
2009-09-16,23.690000534057617,8.09,0.9273992784122413,2.47
2009-09-17,23.649999618530273,8.09,1.0196705652564988,2.44
2009-09-18,23.920000076293945,7.98,0.962217953507652,2.46
2009-09-21,24.059999465942383,8.0,0.907913018000499,2.47
2009-09-22,23.079999923706055,7.93,0.8619589416069571,2.44
2009-09-23,23.489999771118164,7.88,0.8396971931519432,2.48
2009-09-24,24.950000762939453,7.87,0.8459207668059698,2.47
2009-09-25,25.610000610351562,7.89,0.8882940137079763,2.36
2009-09-28,24.8799991607666,7.95,0.8597022152330998,2.33
2009-09-29,25.190000534057617,7.91,1.0209318946201071,2.31
2009-09-30,25.610000610351562,7.93,0.9676887539977106,2.36
2009-10-01,28.270000457763672,8.11,0.9226163719171276,2.34
2009-10-02,28.68000030517578,8.2,1.2342773866857106,2.36
2009-10-05,26.84000015258789,8.15,1.1711840834953728,2.36
2009-10-06,25.700000762939453,8.05,1.216051032733389,2.36
2009-10-07,24.68000030517578,8.11,1.2455161400240051,2.34
2009-10-08,24.18000030517578,8.0,1.174170417370158,2.37
2009-10-09,23.1200008392334,7.87,1.1355048785129618,2.42
2009-10-13,22.989999771118164,7.93,1.0339656769652878,2.43
2009-10-14,22.860000610351562,7.76,0.9766516027145696,2.49
2009-10-15,21.719999313354492,7.69,1.0959790892755448,2.52
2009-10-16,21.43000030517578,7.69,1.0393232982120848,2.46
2009-10-19,21.489999771118164,7.67,1.0132398558518165,2.42
2009-10-20,20.899999618530273,7.66,0.99691461586553,2.4
2009-10-21,22.219999313354492,7.58,0.9576605983998343,2.42
2009-10-22,20.690000534057617,7.52,0.9563533724229089,2.47
2009-10-23,22.270000457763672,7.45,0.9684428377476052,2.47
2009-10-26,24.309999465942383,7.35,0.9972416594602734,2.53
2009-10-27,24.829999923706055,7.47,1.0135148500633726,2.5
2009-10-28,27.90999984741211,7.59,0.9684049293420185,2.49
2009-10-29,24.760000228881836,7.56,1.1290235709579646,2.55
2009-10-30,30.690000534057617,7.66,1.2938447224224914,2.51
2009-11-02,29.780000686645508,7.6,1.5886469993742398,2.53
2009-11-03,28.809999465942383,7.61,1.5109128254824942,2.58
2009-11-04,27.719999313354492,7.55,1.4212483373885407,2.66
2009-11-05,25.43000030517578,7.56,1.3366010229490373,2.67
2009-11-06,24.190000534057617,7.6,1.4061436463554755,2.68
2009-11-09,23.149999618530273,7.57,1.3226834812521229,2.65
2009-11-10,22.84000015258789,7.52,1.4686340093293258,2.65
2009-11-12,24.239999771118164,7.54,1.3051860927848091,2.63
2009-11-13,23.360000610351562,7.52,1.2762726490594936,2.61
2009-11-16,22.889999389648438,7.55,1.213468283901098,2.55
2009-11-17,22.40999984741211,7.55,1.2457916689464676,2.55
2009-11-18,21.6299991607666,7.51,1.1712387841308107,2.59
2009-11-19,22.6299991607666,7.55,1.1015422963890837,2.62
2009-11-20,22.190000534057617,7.54,1.132760872607275,2.61
2009-11-23,21.15999984741211,7.52,1.072793755295071,2.6
2009-11-24,20.469999313354492,7.56,1.101425246330371,2.59
2009-11-25,20.479999542236328,7.57,1.0379414611822566,2.55
2009-11-27,24.739999771118164,7.64,0.9853292628113453,2.53
2009-11-30,24.510000228881836,7.65,1.0900716003715984,2.54
2009-12-01,21.920000076293945,7.58,1.0327287200173199,2.61
2009-12-02,21.1200008392334,7.49,1.0628550908887786,2.6
2009-12-03,22.459999084472656,7.4,1.0009408024662239,2.65
2009-12-04,21.25,7.24,0.9822464952917221,2.64
2009-12-07,22.100000381469727,7.26,0.9471199760738473,2.66
2009-12-08,23.690000534057617,7.31,0.8952701986871701,2.67
2009-12-09,22.65999984741211,7.26,0.9306681890686076,2.69
2009-12-10,22.31999969482422,7.18,0.8880259839710877,2.71
2009-12-11,21.59000015258789,7.09,0.8615592322893223,2.72
2009-12-14,21.149999618530273,6.97,0.8278908702829402,2.69
2009-12-15,21.489999771118164,6.86,0.818717375305529,2.72
2009-12-16,20.540000915527344,6.82,0.791909314319755,2.76
2009-12-17,22.510000228881836,6.91,0.7523062915411793,2.73
2009-12-18,21.68000030517578,6.84,0.8287371790861187,2.73
2009-12-21,20.489999771118164,6.72,0.8085611121303582,2.8
2009-12-22,19.540000915527344,6.65,0.8427661082153293,2.81
2009-12-23,19.709999084472656,6.6,0.8070107694631162,2.81
2009-12-24,19.469999313354492,6.54,0.7673980054535603,2.82
2009-12-28,19.93000030517578,6.5,0.7462030610547251,2.76
2009-12-29,20.010000228881836,6.49,0.712256369151372,2.73
2009-12-30,19.959999084472656,6.5,0.6790054719587186,2.72
2009-12-31,21.68000030517578,6.39,0.6468322594814159,2.71
2010-01-04,20.040000915527344,6.34,0.7026399207542507,2.76
2010-01-05,19.350000381469727,6.3,0.8884659291404525,2.76
2010-01-06,19.15999984741211,6.17,0.844500983485127,2.84
2010-01-07,19.059999465942383,6.03,0.7992737356158495,2.82
2010-01-08,18.1299991607666,6.02,0.7712749748410874,2.87
2010-01-11,17.549999237060547,5.99,0.7405201144343135,2.9
2010-01-12,18.25,6.07,0.7048343970922305,2.82
2010-01-13,17.850000381469727,6.03,0.7455166433872293,2.83
2010-01-14,17.6299991607666,6.04,0.7659090656037769,2.82
2010-01-15,17.90999984741211,6.1,0.732556067999729,2.81
2010-01-19,17.579999923706055,6.11,0.7990924762982017,2.8
2010-01-20,18.68000030517578,6.16,0.8717428503787058,2.76
2010-01-21,22.270000457763672,6.24,0.8975422367028374,2.75
2010-01-22,27.309999465942383,6.36,1.0842282196452775,2.78
2010-01-25,25.40999984741211,6.42,1.2873738587603492,2.8
2010-01-26,24.549999237060547,6.44,1.2221889818066451,2.78
2010-01-27,23.139999389648438,6.41,1.157878865002496,2.76
2010-01-28,23.729999542236328,6.41,1.1013857778547245,2.81
2010-01-29,24.6200008392334,6.46,1.1116122423102173,2.81
2010-02-01,22.59000015258789,6.54,1.1130230905103535,2.82
2010-02-02,21.479999542236328,6.54,1.1770056864800922,2.81
2010-02-03,21.600000381469727,6.46,1.1832510199561161,2.85
2010-02-04,26.079999923706055,6.59,1.1259778135511633,2.82
2010-02-05,26.110000610351562,6.81,1.5208376497481648,2.82
2010-02-08,26.510000228881836,6.85,1.428034288533932,2.83
2010-02-09,26.0,6.88,1.3634264356100605,2.83
2010-02-10,25.399999618530273,6.93,1.3515624624471174,2.81
2010-02-11,23.959999084472656,6.98,1.2706358177360555,2.82
2010-02-12,22.729999542236328,7.03,1.2473998078304893,2.85
2010-02-16,22.25,7.02,1.1723844567652288,2.84
2010-02-17,21.719999313354492,6.8,1.2290333399787907,2.87
2010-02-18,20.6299991607666,6.65,1.1666348028064155,2.89
2010-02-19,20.020000457763672,6.56,1.115964011407258,2.83
2010-02-22,19.940000534057617,6.5,1.052522755330389,2.89
2010-02-23,21.3700008392334,6.6,0.9912647854113148,2.82
2010-02-24,20.270000457763672,6.58,1.0267389297776477,2.83
2010-02-25,20.100000381469727,6.65,1.0184933939227063,2.82
2010-02-26,19.5,6.66,0.9608821436606514,2.8
2010-03-01,19.260000228881836,6.66,0.9066730283267405,2.81
2010-03-02,19.059999465942383,6.58,0.9287278223182706,2.82
2010-03-03,18.829999923706055,6.54,0.8819463237179631,2.81
2010-03-04,18.719999313354492,6.49,0.8340315174013906,2.75
2010-03-05,17.420000076293945,6.37,0.7962258924164991,2.78
2010-03-08,17.790000915527344,6.27,0.9017267595931319,2.82
2010-03-09,17.920000076293945,6.23,0.8517446232084918,2.82
2010-03-10,18.56999969482422,6.16,0.8076530580035466,2.81
2010-03-11,18.059999465942383,6.15,0.7804236943088988,2.76
2010-03-12,17.579999923706055,6.11,0.7539331589992484,2.74
2010-03-15,18.0,6.12,0.7154935347431234,2.75
2010-03-16,17.690000534057617,6.16,0.6802340506992091,2.73
2010-03-17,16.90999984741211,6.11,0.704244450697011,2.7
2010-03-18,16.6200008392334,6.02,0.7007211712448033,2.7
2010-03-19,16.969999313354492,5.98,0.6668584945567514,2.68
2010-03-22,16.8700008392334,6.02,0.6596746577882955,2.66
2010-03-23,16.350000381469727,6.0,0.6558205524824896,2.67
2010-03-24,17.549999237060547,5.85,0.6713651347584233,2.76
2010-03-25,18.399999618530273,5.78,0.6617610271309039,2.81
2010-03-26,17.770000457763672,5.8,0.6334602140060803,2.82
2010-03-29,17.59000015258789,5.79,0.6054062709537674,2.84
2010-03-30,17.1299991607666,5.77,0.6198840869466332,2.82
2010-03-31,17.59000015258789,5.84,0.5931241243499912,2.82
2010-04-01,17.469999313354492,5.82,0.5805386731134635,2.84
2010-04-05,17.020000457763672,5.65,0.6052105428445334,2.83
2010-04-06,16.229999542236328,5.65,0.644480619401773,2.84
2010-04-07,16.6200008392334,5.72,0.620552949929313,2.83
2010-04-08,16.479999542236328,5.7,0.6258692822433289,2.82
2010-04-09,16.139999389648438,5.68,0.6100996154568685,2.82
2010-04-12,15.579999923706055,5.68,0.6266157131830082,2.8
2010-04-13,16.200000762939453,5.66,0.6013402187477951,2.77
2010-04-14,15.59000015258789,5.57,0.5763308482417124,2.81
2010-04-15,15.890000343322754,5.52,0.6782769441091284,2.82
2010-04-16,18.360000610351562,5.57,0.6466844291910402,2.81
2010-04-19,17.34000015258789,5.59,0.8321965863219607,2.82
2010-04-20,15.729999542236328,5.54,0.7983670248663156,2.77
2010-04-21,16.31999969482422,5.55,0.8172336928234848,2.74
2010-04-22,16.469999313354492,5.5,0.7763510824162563,2.73
2010-04-23,16.6200008392334,5.44,0.7433758200723931,2.74
2010-04-26,17.469999313354492,5.42,0.7412207425763903,2.74
2010-04-27,22.809999465942383,5.55,0.7160138483091902,2.68
2010-04-28,21.079999923706055,5.51,1.0757574827110692,2.77
2010-04-29,18.440000534057617,5.54,1.0464636096256363,2.75
2010-04-30,22.049999237060547,5.61,1.0748841375781866,2.72
2010-05-03,20.190000534057617,5.57,1.174142694477289,2.72
2010-05-04,23.84000015258789,5.68,1.1915477581572804,2.67
2010-05-05,24.90999984741211,5.91,1.393093324917882,2.7
2010-05-06,32.79999923706055,6.26,1.3238412920411737,2.66
2010-05-07,40.95000076293945,6.47,1.710928270755004,2.62
2010-05-10,28.84000015258789,6.25,1.685889201078717,2.7
2010-05-11,28.31999969482422,6.34,2.178551772919923,2.71
2010-05-12,25.520000457763672,6.18,2.041313924341733,2.67
2010-05-13,26.68000030517578,6.14,1.9711734982873483,2.68
2010-05-14,31.239999771118164,6.33,1.896263312865067,2.65
2010-05-17,30.84000015258789,6.36,1.8862381453347457,2.66
2010-05-18,33.54999923706055,6.46,1.766559841679693,2.62
2010-05-19,35.31999969482422,6.59,1.7222645482067904,2.56
2010-05-20,45.790000915527344,6.92,1.6259168460807691,2.49
2010-05-21,40.099998474121094,7.02,2.0291184523230203,2.44
2010-05-24,38.31999969482422,6.97,1.965450183354525,2.46
2010-05-25,34.61000061035156,7.24,1.8943726737285582,2.37
2010-05-26,35.02000045776367,7.07,1.774399594794421,2.39
2010-05-27,29.68000030517578,6.88,1.6755491445839372,2.47
2010-05-28,32.06999969482422,6.9,1.9444192044582305,2.55
2010-06-01,35.540000915527344,7.04,1.8729892094624625,2.51
2010-06-02,30.170000076293945,7.04,1.85085320078115,2.53
2010-06-03,29.459999084472656,6.93,1.950771823564646,2.57
2010-06-04,35.47999954223633,7.14,1.8305121905919899,2.48
2010-06-07,36.56999969482422,7.18,2.118854445381804,2.43
2010-06-08,33.70000076293945,7.27,2.0306321490512405,2.44
2010-06-09,33.72999954223633,7.26,1.936856428507607,2.46
2010-06-10,30.56999969482422,7.19,1.8232008869666347,2.54
2010-06-11,28.790000915527344,7.27,1.980410480766595,2.49
2010-06-14,28.579999923706055,7.16,1.8618648882081996,2.51
2010-06-15,25.8700008392334,7.03,1.7445915830306755,2.53
2010-06-16,25.920000076293945,6.97,1.8121721294208495,2.52
2010-06-17,25.049999237060547,6.91,1.6975089452669203,2.49
2010-06-18,23.950000762939453,6.82,1.5916553026701992,2.5
2010-06-21,24.8799991607666,6.68,1.492603624987925,2.52
2010-06-22,27.049999237060547,6.75,1.403510376971238,2.47
2010-06-23,26.90999984741211,6.82,1.438995416148977,2.47
2010-06-24,29.739999771118164,6.89,1.3544199937486177,2.47
2010-06-25,28.530000686645508,6.9,1.398150344115904,2.47
2010-06-28,29.0,6.93,1.3201535872712613,2.43
2010-06-29,34.130001068115234,7.06,1.2444717203086433,2.36
2010-06-30,34.540000915527344,7.13,1.5996145588198456,2.36
2010-07-01,32.86000061035156,7.17,1.5358961524933294,2.33
2010-07-02,30.1200008392334,7.13,1.448602735183062,2.37
2010-07-06,29.649999618530273,7.14,1.3722711972045938,2.33
2010-07-07,26.84000015258789,7.1,1.307978109749891,2.37
2010-07-08,25.709999084472656,6.98,1.6351146914257548,2.41
2010-07-09,24.979999542236328,6.88,1.5704330447068442,2.44
2010-07-12,24.43000030517578,6.85,1.4949582349725956,2.43
2010-07-13,24.559999465942383,6.7,1.402328715696301,2.48
2010-07-14,24.889999389648438,6.68,1.415461079716414,2.45
2010-07-15,25.139999389648438,6.73,1.3282108596221713,2.39
2010-07-16,26.25,6.77,1.24713595142285,2.35
2010-07-19,25.969999313354492,6.77,1.5223106754538338,2.38
2010-07-20,23.93000030517578,6.79,1.4422344093561281,2.37
2010-07-21,25.639999389648438,6.75,1.4065116571728764,2.32
2010-07-22,24.6299991607666,6.67,1.396226607655455,2.36
2010-07-23,23.469999313354492,6.59,1.5189923711103686,2.42
2010-07-26,22.729999542236328,6.54,1.4559137875631873,2.41
2010-07-27,23.190000534057617,6.43,1.412642366087456,2.43
2010-07-28,24.25,6.47,1.3255897099851621,2.42
2010-07-29,24.1299991607666,6.48,1.2649008089499003,2.44
2010-07-30,23.5,6.57,1.2003793391862638,2.39
2010-08-02,22.010000228881836,6.54,1.1283879066696982,2.43
2010-08-03,22.6299991607666,6.55,1.3156581926337145,2.41
2010-08-04,22.209999084472656,6.49,1.2466817177599943,2.42
2010-08-05,22.100000381469727,6.51,1.1940856644712747,2.41
2010-08-06,21.739999771118164,6.57,1.123137911073649,2.36
2010-08-09,22.139999389648438,6.54,1.0662225833069066,2.32
2010-08-10,22.3700008392334,6.6,1.020896687907524,2.27
2010-08-11,25.389999389648438,6.78,0.9802285605487429,2.18
2010-08-12,25.729999542236328,6.83,1.3378521901121936,2.19
2010-08-13,26.239999771118164,6.87,1.2741598900293263,2.14
2010-08-16,26.100000381469727,6.91,1.2012769281646773,2.07
2010-08-17,24.329999923706055,6.82,1.1293176419461692,2.12
2010-08-18,24.59000015258789,6.78,1.1442768681672673,2.13
2010-08-19,26.440000534057617,6.82,1.0781793375752038,2.09
2010-08-20,25.489999771118164,6.8,1.1846416904679729,2.13
2010-08-23,25.65999984741211,6.82,1.1194912916691981,2.11
2010-08-24,27.459999084472656,6.93,1.061679821250699,2.0
2010-08-25,26.700000762939453,6.92,1.1271103046543047,2.01
2010-08-26,27.3700008392334,6.93,1.0689432110486048,1.99
2010-08-27,24.450000762939453,6.81,1.0333186364956504,2.1
2010-08-30,27.209999084472656,6.89,1.1107819426504506,2.04
2010-08-31,26.049999237060547,6.92,1.1623940176757075,2.0
2010-09-01,23.889999389648438,6.8,1.0931180800872151,2.08
2010-09-02,23.190000534057617,6.72,1.4528875019960295,2.13
2010-09-03,21.309999465942383,6.62,1.4006718995466356,2.2
2010-09-07,23.799999237060547,6.68,1.3888887661512135,2.12
2010-09-08,23.25,6.59,1.3619117585263116,2.14
2010-09-09,22.809999465942383,6.47,1.3014201413974509,2.2
2010-09-10,21.989999771118164,6.37,1.232687359699774,2.23
2010-09-13,21.209999084472656,6.36,1.1715501266533825,2.21
2010-09-14,21.559999465942383,6.36,1.1669537616722314,2.18
2010-09-15,22.100000381469727,6.31,1.0975616781670487,2.24
2010-09-16,21.719999313354492,6.25,1.0414613158991044,2.29
2010-09-17,22.010000228881836,6.24,0.981041107907562,2.27
2010-09-20,21.5,6.25,0.925148514507403,2.25
2010-09-21,22.350000381469727,6.32,1.0206357486956994,2.18
2010-09-22,22.510000228881836,6.35,0.9642648873451075,2.12
2010-09-23,23.8700008392334,6.37,0.9255521511706792,2.11
2010-09-24,21.709999084472656,6.32,0.9185684874332202,2.17
2010-09-27,22.540000915527344,6.36,1.1211291617520236,2.1
2010-09-28,22.600000381469727,6.36,1.0679970156193046,2.11
2010-09-29,23.25,6.29,1.0129112333441883,2.08
2010-09-30,23.700000762939453,6.26,0.9564877817930357,2.11
2010-10-01,22.5,6.22,0.9082620562543574,2.12
2010-10-04,23.530000686645508,6.23,0.8701096516128718,2.09
2010-10-05,21.760000228881836,6.18,0.86329671959561,2.09
2010-10-06,21.489999771118164,6.15,1.071221350948262,2.03
2010-10-07,21.559999465942383,6.13,1.0085760555817964,2.05
2010-10-08,20.709999084472656,6.12,0.951471044428364,2.06
2010-10-12,18.93000030517578,6.08,0.8679040393073741,2.07
2010-10-13,19.06999969482422,6.02,0.8274706590121433,2.09
2010-10-14,19.8799991607666,5.97,0.8283083008291638,2.14
2010-10-15,19.030000686645508,5.95,0.7956809964645134,2.22
2010-10-18,19.09000015258789,6.02,0.7572433490968871,2.14
2010-10-19,20.6299991607666,6.04,0.738617859484449,2.13
2010-10-20,19.790000915527344,6.06,0.8383107847262319,2.16
2010-10-21,19.270000457763672,6.0,0.8623042944921746,2.2
2010-10-22,18.780000686645508,5.96,0.818921737553202,2.24
2010-10-25,19.850000381469727,5.9,0.7780142619970075,2.22
2010-10-26,20.219999313354492,5.79,0.7447644142879462,2.27
2010-10-27,20.709999084472656,5.73,0.7070830954713366,2.35
2010-10-28,20.8799991607666,5.77,0.6798227776031729,2.32
2010-10-29,21.200000762939453,5.82,0.6474892801305818,2.29
2010-11-01,21.829999923706055,5.96,0.6184333505736899,2.32
2010-11-02,21.56999969482422,5.94,0.5914425337502723,2.29
2010-11-03,19.559999465942383,5.92,0.6298857982405113,2.33
2010-11-04,18.520000457763672,5.89,0.6177529064055864,2.2
2010-11-05,18.260000228881836,5.79,0.8886500464511551,2.2
2010-11-08,18.290000915527344,5.76,0.8497566982984966,2.19
2010-11-09,19.079999923706055,5.64,0.8063937927061545,2.26
2010-11-10,18.469999313354492,5.75,0.8039415344737738,2.21
2010-11-12,20.610000610351562,5.75,0.7458505125704357,2.25
2010-11-15,20.200000762939453,5.67,0.820443589508668,2.39
2010-11-16,22.579999923706055,5.89,0.7782778722588232,2.34
2010-11-17,21.760000228881836,5.89,0.9182276434351846,2.39
2010-11-18,18.75,5.8,0.8671492341520152,2.38
2010-11-19,18.040000915527344,5.81,0.9647107952420181,2.36
2010-11-22,18.3700008392334,5.9,0.9149582106943633,2.31
2010-11-23,20.6299991607666,6.04,0.8644328257036961,2.32
2010-11-24,19.559999465942383,5.93,0.9620653429529363,2.4
2010-11-26,22.219999313354492,5.94,1.041213914678902,2.36
2010-11-29,21.530000686645508,6.03,1.0621597084843497,2.32
2010-11-30,23.540000915527344,6.22,1.005704876304222,2.36
2010-12-01,21.360000610351562,6.02,0.9679916645655947,2.44
2010-12-02,19.389999389648438,5.93,1.1704864338614744,2.46
2010-12-03,18.010000228881836,5.92,1.1864284215014491,2.54
2010-12-06,18.020000457763672,5.95,1.1193410209077221,2.53
2010-12-07,17.989999771118164,5.69,1.0538260091361973,2.61
2010-12-08,17.739999771118164,5.62,0.9926506669719043,2.63
2010-12-09,17.25,5.6,0.9444181077096383,2.59
2010-12-10,17.610000610351562,5.54,0.9013854785437696,2.68
2010-12-13,17.549999237060547,5.58,0.875019161691039,2.68
2010-12-14,17.610000610351562,5.42,0.8273614575048239,2.83
2010-12-15,17.940000534057617,5.4,0.7836958424262955,2.85
2010-12-16,17.389999389648438,5.45,0.7597964906099313,2.81
2010-12-17,16.110000610351562,5.54,0.7484701072700036,2.72
2010-12-20,16.40999984741211,5.52,0.7114414019487546,2.74
2010-12-21,16.489999771118164,5.5,0.6816375972087565,2.72
2010-12-22,15.449999809265137,5.45,0.6853831042095536,2.71
2010-12-23,16.469999313354492,5.37,0.6614482952754202,2.74
2010-12-27,17.670000076293945,5.4,0.6326043326595784,2.65
2010-12-28,17.520000457763672,5.28,0.6044231354271232,2.75
2010-12-29,17.280000686645508,5.4,0.5806885889980056,2.71
2010-12-30,17.520000457763672,5.32,0.5574884521328174,2.72
2010-12-31,17.75,5.41,0.538696655731928,2.69
2011-01-03,17.610000610351562,5.32,0.5188722670022625,2.75
2011-01-04,17.3799991607666,5.27,0.6156349951038892,2.73
2011-01-05,17.020000457763672,5.11,0.5890846145810671,2.79
2011-01-06,17.399999618530273,5.13,0.5927098156459749,2.76
2011-01-07,17.139999389648438,5.23,0.5719618060454437,2.74
2011-01-10,17.540000915527344,5.28,0.5532376379346559,2.73
2011-01-11,16.889999389648438,5.22,0.5337922375388016,2.77
2011-01-12,16.239999771118164,5.17,0.5288942680883277,2.79
2011-01-13,16.389999389648438,5.18,0.5981670883596202,2.75
2011-01-14,15.460000038146973,5.12,0.5756647407915855,2.76
2011-01-18,15.869999885559082,5.1,0.6068190388239966,2.79
2011-01-19,17.309999465942383,5.11,0.5837387321670675,2.77
2011-01-20,17.989999771118164,5.03,0.6564261721188756,2.82
2011-01-21,18.469999313354492,5.05,0.6277419872981538,2.81
2011-01-24,17.649999618530273,5.03,0.6049652175747341,2.78
2011-01-25,17.59000015258789,5.06,0.6117559442230884,2.73
2011-01-26,16.639999389648438,4.98,0.5855378673896184,2.83
2011-01-27,16.149999618530273,4.99,0.577224587778232,2.83
2011-01-28,20.040000915527344,5.03,0.560387142731698,2.82
2011-01-31,19.530000686645508,5.08,0.8160404039953852,2.84
2011-02-01,17.6299991607666,4.99,0.8154283866734505,2.87
2011-02-02,17.299999237060547,4.89,0.9495733647635308,2.85
2011-02-03,16.690000534057617,4.83,0.8984197721399851,2.87
2011-02-04,15.930000305175781,4.68,0.8521783677351457,2.91
2011-02-07,16.280000686645508,4.64,0.8119545175487469,2.9
2011-02-08,15.8100004196167,4.53,0.7989132368084501,2.89
2011-02-09,15.869999885559082,4.6,0.773170326353405,2.84
2011-02-10,16.09000015258789,4.55,0.7374088015806743,2.85
2011-02-11,15.6899995803833,4.59,0.7004229216631165,2.79
2011-02-14,15.949999809265137,4.58,0.6978125614563558,2.75
2011-02-15,16.3700008392334,4.57,0.6691904553058391,2.77
2011-02-16,16.719999313354492,4.54,0.6470980763368804,2.76
2011-02-17,16.59000015258789,4.56,0.6552398881789003,2.78
2011-02-18,16.43000030517578,4.53,0.6335276533322133,2.81
2011-02-22,20.799999237060547,4.66,0.609435861956431,2.72
2011-02-23,22.1299991607666,4.66,0.9154080262491906,2.75
2011-02-24,21.31999969482422,4.73,0.8905775839874273,2.73
2011-02-25,19.219999313354492,4.72,0.841764760191681,2.7
2011-02-28,18.350000381469727,4.78,0.8782063267939478,2.73
2011-03-01,21.010000228881836,4.76,0.8573971337421707,2.75
2011-03-02,20.700000762939453,4.72,0.9999160027419693,2.77
2011-03-03,18.600000381469727,4.6,0.9454537184296463,2.79
2011-03-04,19.059999465942383,4.69,1.0720151219026193,2.81
2011-03-07,20.65999984741211,4.69,1.0426982740470085,2.81
2011-03-08,19.81999969482422,4.64,1.0197374293880115,2.83
2011-03-09,20.219999313354492,4.71,1.0075879012290614,2.78
2011-03-10,21.8799991607666,4.85,0.9509391717876593,2.72
2011-03-11,20.079999923706055,4.88,1.107996706455793,2.76
2011-03-14,21.1299991607666,4.93,1.0699772038188116,2.75
2011-03-15,24.31999969482422,5.09,1.0292336635885653,2.7
2011-03-16,29.399999618530273,5.16,1.049341138937552,2.64
2011-03-17,26.3700008392334,5.1,1.1830978461736477,2.65
2011-03-18,24.440000534057617,5.02,1.2027877103150673,2.67
2011-03-21,20.610000610351562,4.93,1.1376456715454977,2.67
2011-03-22,20.209999084472656,4.91,1.1965571385828602,2.66
2011-03-23,19.170000076293945,4.91,1.1313041980969623,2.67
2011-03-24,18.0,4.84,1.06891323862429,2.7
2011-03-25,17.90999984741211,4.79,1.0595545592411113,2.67
2011-03-28,19.440000534057617,4.76,1.0033961147535273,2.66
2011-03-29,18.15999984741211,4.73,0.9495536639970795,2.69
2011-03-30,17.709999084472656,4.76,0.9257436622816592,2.67
2011-03-31,17.739999771118164,4.77,0.9061073759730177,2.67
2011-04-01,17.399999618530273,4.72,0.8570714410051044,2.66
2011-04-04,17.5,4.72,0.8236616951796365,2.68
2011-04-05,17.25,4.65,0.7802125027316092,2.66
2011-04-06,16.899999618530273,4.57,0.7396804905414104,2.71
2011-04-07,17.110000610351562,4.56,0.7108760748631261,2.77
2011-04-08,17.8700008392334,4.53,0.681724561401961,2.76
2011-04-11,16.59000015258789,4.53,0.6602571949487899,2.74
2011-04-12,17.09000015258789,4.63,0.6382320640282103,2.75
2011-04-13,16.920000076293945,4.65,0.6629855985546124,2.74
2011-04-14,16.270000457763672,4.6,0.6320500644076096,2.74
2011-04-15,15.319999694824219,4.68,0.6043371073189165,2.72
2011-04-18,16.959999084472656,4.74,0.5921940842196327,2.71
2011-04-19,15.829999923706055,4.75,0.689823012738309,2.71
2011-04-20,15.069999694824219,4.66,0.686224673229272,2.74
2011-04-21,14.6899995803833,4.65,0.8055487828741598,2.74
2011-04-25,15.770000457763672,4.69,0.7833364933651553,2.72
2011-04-26,15.619999885559082,4.71,0.7434315389496262,2.69
2011-04-27,15.350000381469727,4.67,0.766248395119286,2.74
2011-04-28,14.619999885559082,4.73,0.7612890172928827,2.72
2011-04-29,14.75,4.71,0.730992574881347,2.71
2011-05-02,15.989999771118164,4.74,0.6991970575038964,2.7
2011-05-03,16.700000762939453,4.76,0.6673786512550839,2.67
2011-05-04,17.079999923706055,4.76,0.6483164980326177,2.65
2011-05-05,18.200000762939453,4.8,0.660535092491492,2.6
2011-05-06,18.399999618530273,4.81,0.7048018549146177,2.62
2011-05-09,17.15999984741211,4.82,0.6876808373649376,2.6
2011-05-10,15.90999984741211,4.76,0.6683578383044371,2.64
2011-05-11,16.950000762939453,4.79,0.7023119915414311,2.63
2011-05-12,16.030000686645508,4.77,0.7628455480885066,2.65
2011-05-13,17.06999969482422,4.8,0.7423203450773287,2.61
2011-05-16,18.239999771118164,4.79,0.7544085775690759,2.61
2011-05-17,17.549999237060547,4.82,0.7493800698843085,2.57
2011-05-18,16.229999542236328,4.79,0.7113204166433976,2.6
2011-05-19,15.520000457763672,4.8,0.7438486621369352,2.62
2011-05-20,17.43000030517578,4.82,0.711052757072497,2.6
2011-05-23,18.270000457763672,4.87,0.7308764333779932,2.58
2011-05-24,17.81999969482422,4.89,0.8043541942820416,2.56
2011-05-25,17.06999969482422,4.92,0.7624433998052976,2.59
2011-05-26,16.09000015258789,5.01,0.7325354958606108,2.59
2011-05-27,15.979999542236328,5.01,0.7139782244640261,2.59
2011-05-31,15.449999809265137,5.09,0.6917333924407149,2.6
2011-06-01,18.299999237060547,5.15,0.750603744070802,2.52
2011-06-02,18.09000015258789,5.15,1.0642915743572223,2.59
2011-06-03,17.950000762939453,5.24,1.0028310599611112,2.57
2011-06-06,18.489999771118164,5.25,1.0072000056394936,2.58
2011-06-07,18.06999969482422,5.28,1.0189208273200923,2.62
2011-06-08,18.790000915527344,5.38,0.9603637512377646,2.59
2011-06-09,17.770000457763672,5.38,0.917626204740533,2.58
2011-06-10,18.860000610351562,5.43,0.9059177167194669,2.58
2011-06-13,19.610000610351562,5.47,0.9847561586557892,2.6
2011-06-14,18.260000228881836,5.37,0.9288950492788483,2.66
2011-06-15,21.31999969482422,5.52,0.9804797273722548,2.6
2011-06-16,22.729999542236328,5.65,1.1157409994481713,2.55
2011-06-17,21.850000381469727,5.64,1.0526368977000626,2.56
2011-06-20,19.989999771118164,5.67,0.9967597849137272,2.59
2011-06-21,18.860000610351562,5.65,0.956244021919342,2.59
2011-06-22,18.520000457763672,5.62,1.018939715971865,2.62
2011-06-23,19.290000915527344,5.75,0.9829138163876769,2.58
2011-06-24,21.100000381469727,5.8,0.932193043802931,2.53
2011-06-27,20.559999465942383,5.78,0.9692672338049191,2.54
2011-06-28,19.170000076293945,5.65,0.964902173818837,2.57
2011-06-29,17.270000457763672,5.53,1.015898094362688,2.67
2011-06-30,16.520000457763672,5.42,1.0022791090280678,2.73
2011-07-01,15.869999885559082,5.34,1.0011020769107304,2.72
2011-07-05,16.059999465942383,5.37,1.0728656936789067,2.72
2011-07-06,16.34000015258789,5.41,1.01049990346179,2.69
2011-07-07,15.949999809265137,5.27,0.9532322871453319,2.68
2011-07-08,15.949999809265137,5.39,0.96843044331231,2.63
2011-07-11,18.389999389648438,5.56,0.9463857263087303,2.57
2011-07-12,19.8700008392334,5.6,1.0957768207932272,2.55
2011-07-13,19.90999984741211,5.57,1.0422776670721963,2.55
2011-07-14,20.799999237060547,5.49,0.9886237923071001,2.6
2011-07-15,19.530000686645508,5.51,0.9627425395875936,2.57
2011-07-18,20.950000762939453,5.54,0.9302022001072007,2.57
2011-07-19,19.209999084472656,5.54,0.9236357614496052,2.52
2011-07-20,19.09000015258789,5.46,1.036530958959823,2.56
2011-07-21,17.559999465942383,5.36,0.976656260820204,2.63
2011-07-22,17.520000457763672,5.35,1.0383264050050678,2.59
2011-07-25,19.350000381469727,5.33,0.9783708613581492,2.61
2011-07-26,20.229999542236328,5.35,0.9428640905508542,2.58
2011-07-27,22.979999542236328,5.32,0.8992321887890871,2.57
2011-07-28,23.739999771118164,5.37,1.1135432453677232,2.56
2011-07-29,25.25,5.51,1.0527017187868706,2.46
2011-08-01,23.65999984741211,5.63,1.0197416175061702,2.39
2011-08-02,24.790000915527344,5.8,0.9722622799919493,2.33
2011-08-03,23.3799991607666,5.87,1.2853445172617417,2.31
2011-08-04,31.65999984741211,6.16,1.2218352111915327,2.2
2011-08-05,32.0,6.24,2.0264657551272043,2.3
2011-08-08,48.0,6.84,1.8978560135792404,2.13
2011-08-09,35.060001373291016,7.19,2.9414423324594785,2.01
2011-08-10,42.9900016784668,7.3,3.172971292114155,1.98
2011-08-11,39.0,7.39,3.3576316107040656,2.15
2011-08-12,36.36000061035156,7.3,3.491138926820186,2.04
2011-08-15,31.8700008392334,7.1,3.2718807209070078,2.1
2011-08-16,32.849998474121094,7.11,3.144549171835488,2.03
2011-08-17,31.579999923706055,7.08,2.9551662364748883,1.98
2011-08-18,42.66999816894531,7.23,2.7634206270820476,1.88
2011-08-19,43.04999923706055,7.3,3.005417827660775,1.87
2011-08-22,42.439998626708984,7.32,2.8680505788069026,1.88
2011-08-23,36.27000045776367,7.46,2.682179075718194,1.93
2011-08-24,35.900001525878906,7.45,2.750143500503728,2.06
2011-08-25,39.7599983215332,7.43,2.6176874566741635,2.01
2011-08-26,35.59000015258789,7.5,2.506149452471023,1.99
2011-08-29,32.279998779296875,7.39,2.397598272648958,2.08
2011-08-30,32.88999938964844,7.39,2.4503301419025845,1.99
2011-08-31,31.6200008392334,7.3,2.2941781390258567,2.03
2011-09-01,31.81999969482422,7.26,2.1522463244383045,1.96
2011-09-02,33.91999816894531,7.33,2.0474433329540056,1.82
2011-09-06,37.0,7.54,2.1178269784899895,1.77
2011-09-07,33.380001068115234,7.41,1.9986236266003774,1.84
2011-09-08,34.31999969482422,7.42,2.1068278434717334,1.81
2011-09-09,38.52000045776367,7.51,2.0052811723749886,1.76
2011-09-12,38.59000015258789,7.64,2.0926335308283486,1.73
2011-09-13,36.90999984741211,7.62,1.971632246145211,1.79
2011-09-14,34.599998474121094,7.55,1.873185842404156,1.84
2011-09-15,31.969999313354492,7.49,1.8183971229991682,1.88
2011-09-16,30.979999542236328,7.46,1.80436962880193,1.9
2011-09-19,32.72999954223633,7.61,1.7026285340323666,1.81
2011-09-20,32.86000061035156,7.59,1.6330156327341285,1.77
2011-09-21,37.31999969482422,7.61,1.53116337083578,1.67
2011-09-22,41.349998474121094,7.95,1.7733244236653303,1.52
2011-09-23,41.25,8.01,2.016865251736406,1.61
2011-09-26,39.02000045776367,8.0,1.8997319878343024,1.66
2011-09-27,37.709999084472656,7.92,1.9580760866687419,1.75
2011-09-28,41.08000183105469,8.03,1.8738222663655713,1.76
2011-09-29,38.84000015258789,8.16,1.896107581611159,1.72
2011-09-30,42.959999084472656,8.41,1.7966768465896497,1.67
2011-10-03,45.45000076293945,8.72,1.8995768848344579,1.56
2011-10-04,40.81999969482422,9.1,2.043080550213241,1.56
2011-10-05,37.810001373291016,8.98,2.0561706464606844,1.67
2011-10-06,36.27000045776367,8.72,2.027975979558231,1.72
2011-10-07,36.20000076293945,8.55,1.9984727734725816,1.8
2011-10-11,32.86000061035156,8.34,2.1046223539712927,1.86
2011-10-12,31.260000228881836,8.07,1.970299635207504,1.95
2011-10-13,30.700000762939453,8.05,1.8696712029980866,1.9
2011-10-14,28.239999771118164,7.89,1.7523983584375817,1.98
2011-10-17,33.38999938964844,7.88,1.7445619643085033,1.9
2011-10-18,31.559999465942383,7.87,1.7668172231289905,1.91
2011-10-19,34.439998626708984,7.7,1.78707779209765,1.9
2011-10-20,34.779998779296875,7.64,1.724558464899291,1.92
2011-10-21,31.31999969482422,7.46,1.6229906893787083,1.93
2011-10-24,29.260000228881836,7.31,1.6561707636829264,1.95
2011-10-25,32.220001220703125,7.29,1.609091564065739,1.88
2011-10-26,29.860000610351562,7.2,1.6559502113481337,1.95
2011-10-27,25.459999084472656,6.83,1.5913450080883225,2.11
2011-10-28,24.530000686645508,6.85,1.9094430985746804,2.06
2011-10-31,29.959999084472656,7.07,1.7881040765861234,1.92
2011-11-01,34.77000045776367,7.42,1.8780484792741592,1.78
2011-11-02,32.7400016784668,7.35,2.015592939883481,1.8
2011-11-03,30.5,7.25,1.969243342711652,1.85
2011-11-04,30.15999984741211,7.26,1.948042259442322,1.84
2011-11-07,29.850000381469727,7.29,1.836437552853202,1.79
2011-11-08,27.479999542236328,7.23,1.7335372989768834,1.85
2011-11-09,36.15999984741211,7.48,1.6837461168001064,1.76
2011-11-10,32.810001373291016,7.46,2.050116609800619,1.8
2011-11-14,31.1299991607666,7.44,1.934920591221813,1.8
2011-11-15,31.219999313354492,7.49,1.8418698418058,1.8
2011-11-16,33.5099983215332,7.54,1.733640510619353,1.75
2011-11-17,34.5099983215332,7.62,1.7170169050416662,1.69
2011-11-18,32.0,7.61,1.7025410164859849,1.72
2011-11-21,32.90999984741211,7.79,1.595789398867088,1.7
2011-11-22,31.969999313354492,7.9,1.6384861314861592,1.68
2011-11-23,33.97999954223633,8.03,1.5418156685253788,1.63
2011-11-25,34.470001220703125,8.0,1.641115612720459,1.69
2011-11-28,32.130001068115234,7.95,1.5395724643394808,1.71
2011-11-29,30.639999389648438,7.95,1.752685599213483,1.73
2011-11-30,27.799999237060547,7.79,1.6450206763361799,1.83
2011-12-01,27.40999984741211,7.69,2.0849505867693057,1.84
2011-12-02,27.520000457763672,7.65,1.9516609284794628,1.8
2011-12-05,27.84000015258789,7.56,1.827682052980898,1.77
2011-12-06,28.1299991607666,7.5,1.7529425819281519,1.83
2011-12-07,28.670000076293945,7.54,1.642332381870305,1.78
2011-12-08,30.59000015258789,7.56,1.5447231846519862,1.77
2011-12-09,26.3799991607666,7.53,1.6413382011226845,1.85
2011-12-12,25.670000076293945,7.6,1.645759592931071,1.79
2011-12-13,25.40999984741211,7.6,1.6251871595598193,1.72
2011-12-14,26.040000915527344,7.63,1.5579503842677433,1.67
2011-12-15,25.110000610351562,7.62,1.5075125931057674,1.66
2011-12-16,24.290000915527344,7.65,1.4193928643159706,1.62
2011-12-19,24.920000076293945,7.65,1.332860766568049,1.58
2011-12-20,23.219999313354492,7.54,1.306151972229064,1.68
2011-12-21,21.43000030517578,7.49,1.6066009513923596,1.7
2011-12-22,21.15999984741211,7.45,1.5075427372529346,1.69
2011-12-23,20.729999542236328,7.37,1.446794417859342,1.75
2011-12-27,21.90999984741211,7.37,1.3922514653268627,1.72
2011-12-28,23.520000457763672,7.4,1.3069169856249196,1.65
2011-12-29,22.649999618530273,7.36,1.3106138343663984,1.63
2011-12-30,23.399999618530273,7.38,1.2817090190150968,1.64
2012-01-03,22.969999313354492,7.06,1.2160514603241275,1.7
2012-01-04,22.219999313354492,7.0,1.268502808866325,1.75
2012-01-05,21.479999542236328,7.0,1.1928736051975584,1.75
2012-01-06,20.6299991607666,7.0,1.125216020746214,1.73
2012-01-09,21.06999969482422,6.99,1.0624333618909039,1.72
2012-01-10,20.690000534057617,6.92,1.0039802375878673,1.76
2012-01-11,21.049999237060547,6.98,0.992847322874644,1.69
2012-01-12,20.469999313354492,6.93,0.9361731319116726,1.72
2012-01-13,20.90999984741211,7.02,0.8874847213686504,1.65
2012-01-17,22.200000762939453,6.99,0.8577807260042578,1.66
2012-01-18,20.889999389648438,6.93,0.8222750176818959,1.68
2012-01-19,19.8700008392334,6.77,0.8673969252152277,1.75
2012-01-20,18.280000686645508,6.69,0.8402319291883499,1.79
2012-01-23,18.670000076293945,6.62,0.8054376371508167,1.83
2012-01-24,18.90999984741211,6.62,0.7681568077076647,1.84
2012-01-25,18.309999465942383,6.63,0.7296487669546703,1.79
2012-01-26,18.56999969482422,6.58,0.7513918489744169,1.74
2012-01-27,18.530000686645508,6.57,0.735270389898881,1.71
2012-01-30,19.399999618530273,6.65,0.6985142123255215,1.65
2012-01-31,19.440000534057617,6.61,0.6751679239534913,1.61
2012-02-01,18.549999237060547,6.54,0.6433352222835342,1.64
2012-02-02,17.979999542236328,6.55,0.684969129248339,1.63
2012-02-03,17.100000381469727,6.42,0.6545031362175131,1.74
2012-02-06,17.760000228881836,6.44,0.7902513811026272,1.69
2012-02-07,17.649999618530273,6.36,0.7492655564547596,1.75
2012-02-08,18.15999984741211,6.29,0.7166080015421746,1.74
2012-02-09,18.6299991607666,6.26,0.688961610854279,1.77
2012-02-10,20.790000915527344,6.35,0.6572934131495175,1.69
2012-02-13,19.040000915527344,6.27,0.6778822739297701,1.7
2012-02-14,19.540000915527344,6.27,0.6953492680613377,1.63
2012-02-15,21.139999389648438,6.27,0.6631366172050452,1.64
2012-02-16,19.219999313354492,6.26,0.6527539088143075,1.7
2012-02-17,17.780000686645508,6.2,0.7311937043885335,1.72
2012-02-21,18.190000534057617,6.14,0.7006514358996,1.74
2012-02-22,18.190000534057617,6.15,0.6667313694363979,1.72
2012-02-23,16.799999237060547,6.11,0.6453353700139164,1.68
2012-02-24,17.309999465942383,6.01,0.6346627560379438,1.67
2012-02-27,18.190000534057617,6.05,0.6109323870901119,1.62
2012-02-28,17.959999084472656,6.01,0.5873948086534924,1.64
2012-02-29,18.43000030517578,5.98,0.5720844054359975,1.68
2012-03-01,17.260000228881836,5.94,0.5659158837474481,1.73
2012-03-02,17.290000915527344,5.97,0.5724968591158145,1.71
2012-03-05,18.049999237060547,6.01,0.5596688105014663,1.69
2012-03-06,20.8700008392334,6.25,0.556319243627792,1.66
2012-03-07,19.06999969482422,6.18,0.7409077225766214,1.68
2012-03-08,17.950000762939453,6.11,0.7439572879202606,1.71
2012-03-09,17.110000610351562,6.09,0.7858770895468582,1.71
2012-03-12,15.640000343322754,6.06,0.7568981488069862,1.71
2012-03-13,14.800000190734863,5.97,0.718217879918004,1.79
2012-03-14,15.3100004196167,5.83,0.9234107635163391,1.89
2012-03-15,15.420000076293945,5.87,0.8725570411224568,1.92
2012-03-16,14.470000267028809,5.86,0.8489047251081697,1.94
2012-03-19,15.039999961853027,5.79,0.804403641828727,2.0
2012-03-20,15.579999923706055,5.8,0.774010959435134,1.97
2012-03-21,15.130000114440918,5.85,0.7409344071305353,1.92
2012-03-22,15.569999694824219,5.91,0.705847776941206,1.92
2012-03-23,14.819999694824219,5.93,0.7169325463741969,1.88
2012-03-26,14.260000228881836,5.91,0.6906938851309747,1.9
2012-03-27,15.59000015258789,5.93,0.8170149723708966,1.87
2012-03-28,15.470000267028809,5.93,0.7811016724177907,1.87
2012-03-29,15.479999542236328,6.02,0.7604242347020796,1.85
2012-03-30,15.5,5.95,0.7239078269512158,1.9
2012-04-02,15.640000343322754,5.99,0.7027412412223218,1.89
2012-04-03,15.65999984741211,5.91,0.7149834422426233,1.94
2012-04-04,16.440000534057617,5.99,0.6945064993671568,1.9
2012-04-05,16.700000762939453,6.05,0.7463192858166119,1.84
2012-04-09,18.809999465942383,6.24,0.7087021854808024,1.74
2012-04-10,20.389999389648438,6.32,0.7802107517472405,1.73
2012-04-11,20.020000457763672,6.3,0.945625152449032,1.75
2012-04-12,17.200000762939453,6.24,0.9353697575639696,1.79
2012-04-13,19.549999237060547,6.26,0.9917121899614479,1.75
2012-04-16,19.549999237060547,6.23,1.0234052626486025,1.73
2012-04-17,18.459999084472656,6.16,0.9645447867380829,1.76
2012-04-18,18.639999389648438,6.16,1.043842607191469,1.73
2012-04-19,18.360000610351562,6.17,0.9902378493434927,1.71
2012-04-20,17.440000534057617,6.14,0.96010865652866,1.7
2012-04-23,18.969999313354492,6.2,0.9075509315923341,1.69
2012-04-24,18.100000381469727,6.14,0.9060944481111481,1.73
2012-04-25,16.81999969482422,6.05,0.8658871957892607,1.75
2012-04-26,16.239999771118164,6.06,0.9456092047949828,1.72
2012-04-27,16.31999969482422,6.02,0.9244395224256171,1.7
2012-04-30,17.149999618530273,6.04,0.8745731376594541,1.68
2012-05-01,16.600000381469727,5.96,0.8366754264031069,1.71
2012-05-02,16.8799991607666,5.96,0.820575311606214,1.69
2012-05-03,17.559999465942383,5.92,0.783774454358268,1.68
2012-05-04,19.15999984741211,5.94,0.7892629749776152,1.64
2012-05-07,18.940000534057617,5.95,0.9385969225816242,1.65
2012-05-08,19.049999237060547,6.0,0.8861618041954407,1.61
2012-05-09,20.079999923706055,6.04,0.8489558620126681,1.6
2012-05-10,18.829999923706055,6.0,0.8292780325017334,1.62
2012-05-11,19.889999389648438,6.02,0.7881302545420449,1.57
2012-05-14,21.8700008392334,6.11,0.7543024474687994,1.49
2012-05-15,21.969999313354492,6.15,0.8138069463547815,1.47
2012-05-16,22.270000457763672,6.22,0.7962348233032935,1.46
2012-05-17,24.489999771118164,6.44,0.7661127185502717,1.38
2012-05-18,25.100000381469727,6.52,0.8936010609037457,1.39
2012-05-21,22.010000228881836,6.63,0.8956630202267171,1.45
2012-05-22,22.479999542236328,6.55,1.0333196916315086,1.49
2012-05-23,22.329999923706055,6.66,0.975341486369968,1.45
2012-05-24,21.540000915527344,6.62,0.9199676434523498,1.48
2012-05-25,21.760000228881836,6.63,0.8712605036995927,1.45
2012-05-29,21.030000686645508,6.59,0.8313195951747827,1.44
2012-05-30,24.139999389648438,6.71,0.8913762499704067,1.36
2012-05-31,24.059999465942383,6.96,0.9838908849554535,1.32
2012-06-01,26.65999984741211,7.16,0.9308582276317376,1.22
2012-06-04,26.1200008392334,7.17,1.2488625050093318,1.28
2012-06-05,24.68000030517578,7.23,1.1734981356483212,1.32
2012-06-06,22.15999984741211,7.06,1.1342303221120211,1.4
2012-06-07,21.719999313354492,6.95,1.3177757282675815,1.39
2012-06-08,21.229999542236328,6.95,1.2375824814297351,1.37
2012-06-11,23.559999465942383,6.9,1.1951330368114013,1.33
2012-06-12,22.09000015258789,6.9,1.2083319279619682,1.37
2012-06-13,24.270000457763672,6.91,1.2033565895959886,1.31
2012-06-14,21.68000030517578,6.85,1.152961344468263,1.34
2012-06-15,21.110000610351562,6.84,1.14479277572478,1.31
2012-06-18,18.31999969482422,6.81,1.133531122965228,1.3
2012-06-19,18.3799991607666,6.65,1.0684705173803564,1.34
2012-06-20,17.239999771118164,6.54,1.0603415619849337,1.33
2012-06-21,20.079999923706055,6.52,1.0000852151395838,1.31
2012-06-22,18.110000610351562,6.52,1.2298605843545043,1.38
2012-06-25,20.3799991607666,6.6,1.1861864923541976,1.32
2012-06-26,19.719999313354492,6.57,1.249077374139664,1.35
2012-06-27,19.450000762939453,6.52,1.1864841760324485,1.34
2012-06-28,19.709999084472656,6.52,1.1583992278053943,1.29
2012-06-29,17.079999923706055,6.36,1.0939431568459836,1.34
2012-07-02,16.799999237060547,6.45,1.3395841862554407,1.31
2012-07-03,16.65999984741211,6.39,1.2620188914232964,1.35
2012-07-05,17.5,6.4,1.2074634833601332,1.34
2012-07-06,17.100000381469727,6.44,1.1458079927288618,1.3
2012-07-09,17.979999542236328,6.44,1.1278137758009192,1.26
2012-07-10,18.719999313354492,6.4,1.0619387830196885,1.26
2012-07-11,17.950000762939453,6.37,1.0454008493360272,1.27
2012-07-12,18.329999923706055,6.41,0.9846605982899511,1.25
2012-07-13,16.739999771118164,6.41,0.9436676646372749,1.27
2012-07-16,17.110000610351562,6.39,1.0622260211830288,1.26
2012-07-17,16.479999542236328,6.36,1.00360316198583,1.28
2012-07-18,16.15999984741211,6.33,0.9754693071270328,1.3
2012-07-19,15.449999809265137,6.25,0.9550859543263334,1.32
2012-07-20,16.270000457763672,6.28,0.9056379357059158,1.27
2012-07-23,18.6200008392334,6.38,0.9131949584528759,1.25
2012-07-24,20.469999313354492,6.4,0.9320541693066219,1.22
2012-07-25,19.34000015258789,6.4,0.9295466729868876,1.21
2012-07-26,17.530000686645508,6.35,0.8774655008370017,1.22
2012-07-27,16.700000762939453,6.22,1.0060291457660517,1.33
2012-07-30,18.030000686645508,6.2,1.1415787439281193,1.3
2012-07-31,18.93000030517578,6.16,1.0738069902083065,1.28
2012-08-01,18.959999084472656,6.1,1.0400676166761926,1.32
2012-08-02,17.56999969482422,6.13,0.9801762556322676,1.27
2012-08-03,15.640000343322754,6.01,0.9551981662730019,1.36
2012-08-06,15.949999809265137,6.0,1.1310631358585308,1.35
2012-08-07,15.989999771118164,5.91,1.0661826560896475,1.39
2012-08-08,15.319999694824219,5.89,1.01888234860708,1.39
2012-08-09,15.279999732971191,5.91,0.9610102853819371,1.4
2012-08-10,14.739999771118164,5.98,0.9070119821897524,1.38
2012-08-13,13.699999809265137,5.96,0.8584918301309208,1.38
2012-08-14,14.850000381469727,5.92,0.8119898558603522,1.46
2012-08-15,14.630000114440918,5.88,0.7689421638515331,1.53
2012-08-16,14.289999961853027,5.89,0.7303617427399326,1.54
2012-08-17,13.449999809265137,5.89,0.73950252250747,1.52
2012-08-20,14.020000457763672,5.86,0.7037636024636107,1.53
2012-08-21,15.020000457763672,5.83,0.6694150150849363,1.49
2012-08-22,15.109999656677246,5.88,0.6465805246138345,1.45
2012-08-23,15.960000038146973,5.89,0.6172128673595592,1.42
2012-08-24,15.180000305175781,5.87,0.6557975294559774,1.4
2012-08-27,16.350000381469727,5.87,0.6596824784867451,1.37
2012-08-28,16.489999771118164,5.88,0.6290647292771149,1.37
2012-08-29,17.059999465942383,5.84,0.6020166866783169,1.39
2012-08-30,17.829999923706055,5.86,0.576989074497806,1.36
2012-08-31,17.469999313354492,5.98,0.6081366495684085,1.35
2012-09-04,17.979999542236328,5.94,0.6050346567199083,1.36
2012-09-05,17.739999771118164,5.91,0.5799922866116449,1.35
2012-09-06,15.600000381469727,5.8,0.5570870264961575,1.41
2012-09-07,14.380000114440918,5.74,0.8808029484080299,1.42
2012-09-10,16.280000686645508,5.68,0.8433246796183687,1.43
2012-09-11,16.40999984741211,5.64,0.8220901802267213,1.45
2012-09-12,15.800000190734863,5.51,0.7842411990770723,1.52
2012-09-13,14.050000190734863,5.5,0.7523511638344701,1.51
2012-09-14,14.510000228881836,5.3,0.8870339223670114,1.61
2012-09-17,14.59000015258789,5.32,0.8521821631769027,1.6
2012-09-18,14.180000305175781,5.33,0.8146307394516802,1.57
2012-09-19,13.880000114440918,5.34,0.7718859927495689,1.52
2012-09-20,14.069999694824219,5.38,0.7322461098625771,1.53
2012-09-21,13.979999542236328,5.42,0.6955605316437956,1.5
2012-09-24,14.149999618530273,5.5,0.6620470529637913,1.47
2012-09-25,15.430000305175781,5.56,0.6333679171906722,1.43
2012-09-26,16.809999465942383,5.8,0.7103842792188131,1.38
2012-09-27,14.84000015258789,5.73,0.7034021191224428,1.41
2012-09-28,15.729999542236328,5.72,0.7444455722348053,1.42
2012-10-01,16.31999969482422,5.71,0.7250033517753609,1.39
2012-10-02,15.710000038146973,5.72,0.6949850535448232,1.41
2012-10-03,15.430000305175781,5.68,0.6623464196894541,1.41
2012-10-04,14.550000190734863,5.62,0.6471921784249526,1.47
2012-10-05,14.329999923706055,5.55,0.6657440612850948,1.48
2012-10-09,16.3700008392334,5.56,0.6176884281381624,1.49
2012-10-10,16.290000915527344,5.61,0.6844556293668849,1.45
2012-10-11,15.59000015258789,5.57,0.6887289684589966,1.42
2012-10-12,16.139999389648438,5.56,0.6559120437544574,1.42
2012-10-15,15.270000457763672,5.48,0.6359273988736287,1.43
2012-10-16,15.220000267028809,5.4,0.6724098105794587,1.48
2012-10-17,15.069999694824219,5.27,0.7304787473708476,1.53
2012-10-18,15.029999732971191,5.24,0.7115783755225735,1.57
2012-10-19,17.059999465942383,5.31,0.6826175638081594,1.49
2012-10-22,16.6200008392334,5.28,0.8744227488554729,1.51
2012-10-23,18.829999923706055,5.41,0.8265228347630232,1.5
2012-10-24,18.329999923706055,5.39,0.9211751000881785,1.51
2012-10-25,18.1200008392334,5.33,0.8752613815952415,1.55
2012-10-26,17.809999465942383,5.41,0.8334297562206966,1.48
2012-10-31,18.600000381469727,5.63,0.7889340493212711,1.42
2012-11-01,16.690000534057617,5.57,0.7476905788439744,1.45
2012-11-02,17.59000015258789,5.54,0.7969774526177749,1.47
2012-11-05,18.420000076293945,5.57,0.8165821204316871,1.44
2012-11-06,17.579999923706055,5.49,0.7764325548680229,1.48
2012-11-07,19.079999923706055,5.63,0.784584576917288,1.41
2012-11-08,18.489999771118164,5.67,1.090743608884456,1.35
2012-11-09,18.610000610351562,5.77,1.1096465847140549,1.34
2012-11-13,16.649999618530273,5.82,0.9843226349698926,1.32
2012-11-14,17.920000076293945,5.84,0.935953170045529,1.34
2012-11-15,17.989999771118164,5.94,1.0020264800890484,1.34
2012-11-16,16.40999984741211,5.98,0.9463176619927777,1.34
2012-11-19,15.239999771118164,5.85,0.9092435857533904,1.36
2012-11-20,15.079999923706055,5.79,1.106197144443924,1.39
2012-11-21,15.3100004196167,5.72,1.0411015858865464,1.42
2012-11-23,15.140000343322754,5.71,0.982812620520487,1.41
2012-11-26,15.5,5.68,1.0395280040132602,1.39
2012-11-27,15.920000076293945,5.65,0.9819942714220921,1.37
2012-11-28,15.510000228881836,5.66,0.9429156535353301,1.36
2012-11-29,15.0600004196167,5.58,0.9325476101775142,1.37
2012-11-30,15.869999885559082,5.65,0.8949906294778058,1.37
2012-12-03,16.639999389648438,5.6,0.8455325412810241,1.38
2012-12-04,17.1200008392334,5.58,0.818093335483704,1.37
2012-12-05,16.459999084472656,5.51,0.7761144899015937,1.35
2012-12-06,16.579999923706055,5.48,0.7384594118975424,1.34
2012-12-07,15.899999618530273,5.42,0.7111006115515992,1.39
2012-12-10,16.049999237060547,5.41,0.6842847928779907,1.39
2012-12-11,15.569999694824219,5.35,0.6517157635843147,1.42
2012-12-12,15.949999809265137,5.29,0.6650783013929047,1.47
2012-12-13,16.559999465942383,5.27,0.6341874792135124,1.47
2012-12-14,17.0,5.28,0.6424273255605892,1.48
2012-12-17,16.34000015258789,5.31,0.6267809082824526,1.53
2012-12-18,15.569999694824219,5.19,0.7239512167143279,1.56
2012-12-19,17.360000610351562,5.19,0.7884419155984741,1.54
2012-12-20,17.670000076293945,5.19,0.7910317104813451,1.53
2012-12-21,17.84000015258789,5.26,0.7757516970762424,1.51
2012-12-24,17.84000015258789,5.24,0.8011082882150976,1.53
2012-12-26,19.479999542236328,5.24,0.7664647369477166,1.51
2012-12-27,19.469999313354492,5.28,0.741728485467444,1.48
2012-12-28,22.719999313354492,5.3,0.7058136606675157,1.46
2012-12-31,18.020000457763672,5.34,0.7705097492667522,1.53
2013-01-02,14.680000305175781,5.16,0.9370504560760756,1.59
2013-01-03,14.5600004196167,5.06,1.2481778004337263,1.65
2013-01-04,13.829999923706055,5.04,1.175388724897453,1.66
2013-01-07,13.789999961853027,5.02,1.1156486545230906,1.65
2013-01-08,13.619999885559082,5.02,1.054068636284163,1.64
2013-01-09,13.8100004196167,4.99,0.9977310873536139,1.64
2013-01-10,13.489999771118164,4.94,0.9446466722883228,1.65
2013-01-11,13.359999656677246,4.93,0.9330181745448002,1.63
2013-01-14,13.520000457763672,4.91,0.8806429809720312,1.63
2013-01-15,13.550000190734863,4.96,0.8325880164107009,1.6
2013-01-16,13.420000076293945,4.95,0.7882678901463915,1.58
2013-01-17,13.569999694824219,4.88,0.7470923051675814,1.61
2013-01-18,12.460000038146973,4.89,0.7437691569630831,1.61
2013-01-22,12.430000305175781,4.88,0.7103873813497333,1.6
2013-01-23,12.460000038146973,4.85,0.7009468285200717,1.6
2013-01-24,12.6899995803833,4.82,0.669172635919965,1.65
2013-01-25,12.890000343322754,4.73,0.6377763342511756,1.7
2013-01-28,13.569999694824219,4.72,0.6394847998327222,1.71
2013-01-29,13.3100004196167,4.78,0.611973119596318,1.73
2013-01-30,14.319999694824219,4.84,0.6011486004186292,1.76
2013-01-31,14.279999732971191,4.95,0.5915418510046896,1.75
2013-02-01,12.899999618530273,4.94,0.5732884504201973,1.77
2013-02-04,14.670000076293945,5.01,0.6554535055020929,1.75
2013-02-05,13.720000267028809,5.01,0.7386571501725144,1.77
2013-02-06,13.40999984741211,5.04,0.7837779123278639,1.73
2013-02-07,13.5,5.08,0.7433756407258396,1.74
2013-02-08,13.020000457763672,5.08,0.7072849808506281,1.74
2013-02-11,12.9399995803833,5.06,0.699821823209949,1.72
2013-02-12,12.640000343322754,5.04,0.6658305904135308,1.73
2013-02-13,12.979999542236328,4.97,0.6372293367972627,1.76
2013-02-14,12.65999984741211,4.97,0.6092157991836487,1.73
2013-02-15,12.460000038146973,4.96,0.5837965446486807,1.72
2013-02-19,12.3100004196167,4.92,0.5612728130260886,1.74
2013-02-20,14.680000305175781,4.92,0.5986331812179622,1.75
2013-02-21,15.220000267028809,4.99,0.7205357892789929,1.73
2013-02-22,14.170000076293945,4.97,0.7169387227309028,1.7
2013-02-25,18.989999771118164,4.97,0.7609346161331888,1.63
2013-02-26,16.8700008392334,5.02,0.9839843855718162,1.63
2013-02-27,14.729999542236328,4.98,0.9576860588844927,1.64
2013-02-28,15.510000228881836,4.98,1.003040597075365,1.64
2013-03-01,15.359999656677246,5.0,0.9479170314784373,1.61
2013-03-04,14.010000228881836,4.98,0.9017239303010534,1.64
2013-03-05,13.479999542236328,4.92,0.871546702036436,1.65
2013-03-06,13.529999732971191,4.88,0.8804034412797251,1.7
2013-03-07,13.0600004196167,4.81,0.8333752053748614,1.75
2013-03-08,12.59000015258789,4.76,0.7911522253589444,1.79
2013-03-11,11.5600004196167,4.75,0.7642197038980628,1.8
2013-03-12,12.270000457763672,4.76,0.7368423921767959,1.76
2013-03-13,11.829999923706055,4.75,0.7041313641981672,1.77
2013-03-14,11.300000190734863,4.71,0.671549153524896,1.77
2013-03-15,11.300000190734863,4.72,0.6660381036087569,1.76
2013-03-18,13.359999656677246,4.77,0.6365021135211336,1.7
2013-03-19,14.390000343322754,4.78,0.6376158505750292,1.68
2013-03-20,12.670000076293945,4.76,0.6141999877943295,1.7
2013-03-21,13.989999771118164,4.76,0.6354600659801903,1.68
2013-03-22,13.569999694824219,4.78,0.6763515457939494,1.67
2013-03-25,13.739999771118164,4.75,0.701886941662724,1.69
2013-03-26,12.770000457763672,4.78,0.6833982125313701,1.67
2013-03-27,13.149999618530273,4.81,0.7074036329573072,1.62
2013-03-28,12.699999809265137,4.8,0.6727499323457727,1.62
2013-04-01,13.579999923706055,4.87,0.6498198427615315,1.63
2013-04-02,12.779999732971191,4.84,0.6351738953998357,1.63
2013-04-03,14.210000038146973,4.87,0.6303400624296837,1.59
2013-04-04,13.890000343322754,4.89,0.69889030602062,1.56
2013-04-05,13.920000076293945,4.95,0.6797192775746457,1.48
2013-04-08,13.1899995803833,4.9,0.6660535838923799,1.52
2013-04-09,12.84000015258789,4.87,0.6768613931956126,1.54
2013-04-10,12.359999656677246,4.78,0.655839219691206,1.6
2013-04-11,12.239999771118164,4.73,0.7555226326746783,1.58
2013-04-12,12.0600004196167,4.75,0.7259351510535885,1.53
2013-04-15,17.270000457763672,4.79,0.695022700953103,1.5
2013-04-16,13.960000038146973,4.78,1.0504250391635936,1.51
2013-04-17,16.510000228881836,4.8,1.1130453506851574,1.49
2013-04-18,17.559999465942383,4.8,1.1659250177746976,1.48
2013-04-19,14.970000267028809,4.78,1.11792305793407,1.49
2013-04-22,14.390000343322754,4.75,1.0941553864519682,1.48
2013-04-23,13.479999542236328,4.71,1.0412991715814064,1.51
2013-04-24,13.609999656677246,4.66,1.0437884265903787,1.5
2013-04-25,13.619999885559082,4.61,0.9834008543260376,1.51
2013-04-26,13.609999656677246,4.6,0.9378699453126704,1.48
2013-04-29,13.710000038146973,4.53,0.8872619932892294,1.5
2013-04-30,13.520000457763672,4.55,0.8699713167377756,1.48
2013-05-01,14.489999771118164,4.5,0.8265702785835771,1.46
2013-05-02,13.59000015258789,4.45,0.8402636273164499,1.46
2013-05-03,12.850000381469727,4.33,0.8576380564364046,1.56
2013-05-06,12.65999984741211,4.3,0.8837815605645537,1.58
2013-05-07,12.829999923706055,4.24,0.8398050799136362,1.6
2013-05-08,12.65999984741211,4.24,0.8138221325653894,1.59
2013-05-09,13.130000114440918,4.23,0.7866506726044851,1.59
2013-05-10,12.59000015258789,4.23,0.752021246184425,1.64
2013-05-13,12.550000190734863,4.35,0.7226308250708094,1.68
2013-05-14,12.770000457763672,4.35,0.6872833998443617,1.7
2013-05-15,12.8100004196167,4.36,0.745750028432722,1.68
2013-05-16,13.069999694824219,4.42,0.7322384411966426,1.64
2013-05-17,12.449999809265137,4.37,0.71457701750606,1.69
2013-05-20,13.020000457763672,4.34,0.7575273059759748,1.71
2013-05-21,13.369999885559082,4.35,0.718795089180404,1.68
2013-05-22,13.819999694824219,4.27,0.6850331028417136,1.77
2013-05-23,14.069999694824219,4.42,0.7018285325585657,1.76
2013-05-24,13.989999771118164,4.45,0.6752051705216762,1.75
2013-05-28,14.479999542236328,4.35,0.6439074091919115,1.86
2013-05-29,14.829999923706055,4.55,0.6487766608668915,1.83
2013-05-30,14.529999732971191,4.54,0.6592728015975365,1.82
2013-05-31,16.299999237060547,4.62,0.6415975078502383,1.86
2013-06-03,16.280000686645508,4.76,0.7926514699590239,1.83
2013-06-04,16.270000457763672,4.79,0.7750452832518098,1.82
2013-06-05,17.5,5.03,0.7537943746801007,1.8
2013-06-06,16.6299991607666,5.08,0.8675057385258211,1.78
2013-06-07,15.140000343322754,4.89,0.8780647900879567,1.85
2013-06-10,15.4399995803833,4.86,0.9392672342141775,1.9
2013-06-11,17.06999969482422,5.08,0.886417166970229,1.86
2013-06-12,18.59000015258789,5.02,0.9120221006962951,1.91
2013-06-13,16.40999984741211,5.11,0.9085244134902863,1.87
2013-06-14,17.149999618530273,5.04,1.0060682807387504,1.85
2013-06-17,16.799999237060547,4.97,0.9731847503233102,1.92
2013-06-18,16.610000610351562,4.96,0.9560403832195415,1.93
2013-06-19,16.639999389648438,4.85,0.9426474200867649,2.02
2013-06-20,20.489999771118164,5.12,1.0128135182155158,2.08
2013-06-21,18.899999618530273,5.09,1.2936719945581898,2.14
2013-06-24,20.110000610351562,5.34,1.220116319479665,2.15
2013-06-25,18.469999313354492,5.34,1.2291437996978356,2.17
2013-06-26,17.209999084472656,5.29,1.2021267966021072,2.16
2013-06-27,16.860000610351562,5.23,1.1808740504502557,2.13
2013-06-28,16.860000610351562,5.16,1.1287984768099395,2.16
2013-07-01,16.3700008392334,5.17,1.0715245310412362,2.16
2013-07-02,16.440000534057617,5.15,1.0291420396181958,2.14
2013-07-03,16.200000762939453,5.15,0.9701266180700313,2.16
2013-07-05,14.890000343322754,5.04,0.9150827356623141,2.33
2013-07-08,14.779999732971191,5.11,0.9413321636038524,2.28
2013-07-09,14.350000381469727,5.04,0.9101223644897815,2.28
2013-07-10,14.210000038146973,4.98,0.8949887646459979,2.32
2013-07-11,14.010000228881836,4.9,0.8455936505680899,2.26
2013-07-12,13.84000015258789,4.8,0.9282038986770714,2.24
2013-07-15,13.789999961853027,4.77,0.8763103257357886,2.23
2013-07-16,14.420000076293945,4.72,0.8388170378438996,2.21
2013-07-17,13.779999732971191,4.68,0.8043370496393908,2.2
2013-07-18,13.770000457763672,4.57,0.7670839967550923,2.24
2013-07-19,12.539999961853027,4.56,0.7520141850283929,2.18
2013-07-22,12.289999961853027,4.53,0.7163908557886344,2.18
2013-07-23,12.65999984741211,4.5,0.6843659923112803,2.2
2013-07-24,13.180000305175781,4.55,0.6558131614010976,2.27
2013-07-25,12.970000267028809,4.65,0.6384069997865197,2.29
2013-07-26,12.720000267028809,4.71,0.6154060725300908,2.27
2013-07-29,13.390000343322754,4.69,0.5897290963182692,2.28
2013-07-30,13.390000343322754,4.66,0.5752362193361558,2.3
2013-07-31,13.449999809265137,4.71,0.5519734662956268,2.29
2013-08-01,12.9399995803833,4.63,0.5314208951269528,2.39
2013-08-02,11.979999542236328,4.74,0.6498881439849452,2.33
2013-08-05,11.84000015258789,4.74,0.62287101041393,2.35
2013-08-06,12.720000267028809,4.76,0.5975512616591612,2.35
2013-08-07,12.979999542236328,4.81,0.6056820703752273,2.29
2013-08-08,12.729999542236328,4.8,0.590600507380863,2.28
2013-08-09,13.40999984741211,4.8,0.5801006615539623,2.25
2013-08-12,12.8100004196167,4.78,0.5654184240209676,2.29
2013-08-13,12.3100004196167,4.72,0.5446054770152686,2.37
2013-08-14,13.039999961853027,4.69,0.5341377265747558,2.37
2013-08-15,14.729999542236328,4.74,0.544915347170163,2.41
2013-08-16,14.369999885559082,4.7,0.7178667550555105,2.48
2013-08-19,15.100000381469727,4.71,0.6920166780674867,2.52
2013-08-20,14.90999984741211,4.8,0.6954259832314283,2.46
2013-08-21,15.9399995803833,4.77,0.6834188216579563,2.49
2013-08-22,14.760000228881836,4.73,0.6853777490334154,2.48
2013-08-23,13.979999542236328,4.75,0.724961511794041,2.42
2013-08-26,14.989999771118164,4.75,0.6987605029241601,2.38
2013-08-27,16.770000457763672,4.82,0.6773672683864698,2.34
2013-08-28,16.489999771118164,4.77,0.8571978579949002,2.38
2013-08-29,16.809999465942383,4.76,0.819945695917484,2.36
2013-09-03,16.610000610351562,4.69,0.7460374104599634,2.43
2013-09-04,15.880000114440918,4.64,0.7254270634178412,2.44
2013-09-05,15.770000457763672,4.59,0.7465546034068818,2.46
2013-09-06,15.850000381469727,4.63,0.710073471624768,2.48
2013-09-09,15.630000114440918,4.66,0.6754080180272473,2.45
2013-09-10,14.529999732971191,4.6,0.7238926672945748,2.46
2013-09-11,13.819999694824219,4.63,0.7341579668346983,2.46
2013-09-12,14.289999961853027,4.61,0.7057873308515537,2.47
2013-09-13,14.15999984741211,4.6,0.6776177137047752,2.45
2013-09-16,14.380000114440918,4.54,0.6501603849419454,2.47
2013-09-17,14.529999732971191,4.59,0.652014670234822,2.47
2013-09-18,13.59000015258789,4.67,0.6410231245717232,2.35
2013-09-19,13.15999984741211,4.51,0.7313767109719846,2.42
2013-09-20,13.119999885559082,4.54,0.6972065333381088,2.41
2013-09-23,14.3100004196167,4.6,0.7069063664820556,2.37
2013-09-24,14.079999923706055,4.65,0.6914064500413689,2.32
2013-09-25,14.010000228881836,4.7,0.6631721286541524,2.27
2013-09-26,14.0600004196167,4.69,0.6401916804915754,2.32
2013-09-27,15.460000038146973,4.75,0.6256268891222873,2.3
2013-09-30,16.600000381469727,4.83,0.619021806019414,2.31
2013-10-01,15.539999961853027,4.78,0.6203863002108179,2.33
2013-10-02,16.600000381469727,4.78,0.6535195885588766,2.32
2013-10-03,17.670000076293945,4.75,0.6242510215828284,2.29
2013-10-04,16.739999771118164,4.7,0.6781743787679849,2.33
2013-10-07,19.40999984741211,4.69,0.6973331305511198,2.28
2013-10-08,20.34000015258789,4.68,0.7290911741349299,2.26
2013-10-09,19.600000381469727,4.67,0.803756133062919,2.31
2013-10-10,16.479999542236328,4.61,0.7617590962747132,2.36
2013-10-11,15.720000267028809,4.62,1.0360233494756275,2.35
2013-10-15,18.65999984741211,4.54,0.9538858703413625,2.38
2013-10-16,14.710000038146973,4.55,0.9349256596116234,2.35
2013-10-17,13.479999542236328,4.53,1.0058046644970962,2.28
2013-10-18,13.039999961853027,4.46,0.9759139050094395,2.27
2013-10-21,13.15999984741211,4.41,0.9496693209404454,2.3
2013-10-22,13.329999923706055,4.44,0.8960379709736206,2.23
2013-10-23,13.420000076293945,4.44,0.8700042671292485,2.2
2013-10-24,13.199999809265137,4.4,0.8392297283251069,2.2
2013-10-25,13.09000015258789,4.42,0.8023850470664893,2.21
2013-10-28,13.3100004196167,4.44,0.7764489030477109,2.22
2013-10-29,13.40999984741211,4.45,0.7382761283825761,2.22
2013-10-30,13.649999618530273,4.43,0.7251307113307578,2.22
2013-10-31,13.75,4.36,0.7104816921845843,2.26
2013-11-01,13.279999732971191,4.31,0.6827680729099206,2.32
2013-11-04,12.930000305175781,4.33,0.6554450965085913,2.31
2013-11-05,13.270000457763672,4.33,0.6369867308023723,2.37
2013-11-06,12.670000076293945,4.35,0.6182062728219636,2.37
2013-11-07,13.90999984741211,4.34,0.6171196629560098,2.34
2013-11-08,12.899999618530273,4.38,0.7378075902271274,2.45
2013-11-12,12.819999694824219,4.35,0.7963393134468039,2.46
2013-11-13,12.520000457763672,4.42,0.757816198940481,2.43
2013-11-14,12.369999885559082,4.41,0.7709887458340275,2.4
2013-11-15,12.1899995803833,4.38,0.7514130116284359,2.4
2013-11-18,13.100000381469727,4.35,0.729002680180938,2.36
2013-11-19,13.390000343322754,4.31,0.7032409833461546,2.42
2013-11-20,13.399999618530273,4.29,0.6732045067185237,2.52
2013-11-21,12.65999984741211,4.32,0.6506019673931195,2.5
2013-11-22,12.260000228881836,4.3,0.6808241088655121,2.44
2013-11-25,12.789999961853027,4.27,0.6712353776823683,2.44
2013-11-26,12.8100004196167,4.27,0.6405350484731195,2.42
2013-11-27,12.979999542236328,4.24,0.6115862271690433,2.46
2013-11-29,13.699999809265137,4.23,0.5911714483973912,2.47
2013-12-02,14.229999542236328,4.19,0.5669435131196778,2.51
2013-12-03,14.550000190734863,4.22,0.5519033563316454,2.51
2013-12-04,14.699999809265137,4.19,0.5517637140900814,2.54
2013-12-05,15.079999923706055,4.16,0.5306671238765758,2.58
2013-12-06,13.789999961853027,4.13,0.53401981681258,2.58
2013-12-09,13.489999771118164,4.11,0.6437737322956133,2.56
2013-12-10,13.90999984741211,4.15,0.6207929569154997,2.51
2013-12-11,15.420000076293945,4.11,0.6064872842492254,2.55
2013-12-12,15.539999961853027,4.11,0.7010154485543365,2.55
2013-12-13,15.760000228881836,4.12,0.6767490439275499,2.54
2013-12-16,16.030000686645508,4.09,0.644658712410045,2.55
2013-12-17,16.209999084472656,4.15,0.6521712612783742,2.51
2013-12-18,13.800000190734863,4.14,0.6319527692408416,2.57
2013-12-19,14.149999618530273,4.07,0.8435515528191277,2.59
2013-12-20,13.789999961853027,4.04,0.799037065307319,2.52
2013-12-23,13.039999961853027,4.0,0.7834460996360489,2.56
2013-12-24,12.479999542236328,3.96,0.76544610720439,2.61
2013-12-26,12.329999923706055,3.96,0.7300621372376798,2.58
2013-12-27,12.460000038146973,3.96,0.7156544458045171,2.62
2013-12-30,13.5600004196167,3.97,0.680324186334681,2.6
2013-12-31,13.720000267028809,4.0,0.6479469272900017,2.66
2014-01-02,14.229999542236328,4.0,0.6397525270173487,2.61
2014-01-03,13.760000228881836,3.98,0.6967096475420833,2.6
2014-01-06,13.550000190734863,3.96,0.6629654185308347,2.58
2014-01-07,12.920000076293945,3.92,0.6400462978588319,2.56
2014-01-08,12.869999885559082,3.87,0.6471530987751967,2.58
2014-01-09,12.890000343322754,3.88,0.6176073367155741,2.53
2014-01-10,12.140000343322754,3.95,0.59101016867534,2.49
2014-01-13,13.279999732971191,3.97,0.574180197086153,2.45
2014-01-14,12.279999732971191,3.92,0.7217767784459868,2.49
2014-01-15,12.279999732971191,3.87,0.7828316906958954,2.49
2014-01-16,12.529999732971191,3.88,0.7652974133283212,2.45
2014-01-17,12.4399995803833,3.88,0.7273473376416056,2.44
2014-01-21,12.869999885559082,3.86,0.7066284965617027,2.45
2014-01-22,12.84000015258789,3.82,0.679763430458404,2.43
2014-01-23,13.770000457763672,3.92,0.6478048590133401,2.4
2014-01-24,18.139999389648438,4.08,0.6812536802794597,2.38
2014-01-27,17.420000076293945,4.09,0.9921432808871562,2.41
2014-01-28,15.800000190734863,4.08,0.9509491055787889,2.39
2014-01-29,17.350000381469727,4.15,0.9207091996185216,2.33
2014-01-30,17.290000915527344,4.12,0.9319124311535407,2.36
2014-01-31,18.40999984741211,4.21,0.9531077650380614,2.33
2014-02-03,21.440000534057617,4.28,0.9221739438390952,2.31
2014-02-04,19.110000610351562,4.31,1.177134899769566,2.33
2014-02-05,19.950000762939453,4.28,1.1331497063006322,2.38
2014-02-06,17.229999542236328,4.21,1.0668831473584808,2.4
2014-02-07,15.289999961853027,4.2,1.1031947291989306,2.41
2014-02-10,15.260000228881836,4.16,1.1232607433111106,2.38
2014-02-11,14.510000228881836,4.08,1.058746006143865,2.4
2014-02-12,14.300000190734863,4.01,1.06655566149866,2.45
2014-02-13,14.140000343322754,4.07,1.0043951539994822,2.41
2014-02-14,13.569999694824219,4.03,0.9634900467579188,2.43
2014-02-18,13.869999885559082,4.01,0.9287858740012711,2.4
2014-02-19,15.5,3.95,0.8777131274419475,2.4
2014-02-20,14.789999961853027,3.92,0.861169168484607,2.42
2014-02-21,14.680000305175781,3.9,0.8396315463158833,2.4
2014-02-24,14.229999542236328,3.85,0.7954001983097772,2.4
2014-02-25,13.670000076293945,3.84,0.7778474946202769,2.36
2014-02-26,14.350000381469727,3.84,0.7376032846045567,2.34
2014-02-27,14.039999961853027,3.83,0.7004805947174901,2.32
2014-02-28,14.0,3.81,0.690846072248388,2.33
2014-03-03,16.0,3.87,0.6634150182094205,2.28
2014-03-04,14.100000381469727,3.79,0.6784475347973565,2.37
2014-03-05,13.890000343322754,3.78,0.8084301893554553,2.37
2014-03-06,14.210000038146973,3.78,0.766295796154014,2.37
2014-03-07,14.109999656677246,3.79,0.7312040996431348,2.42
2014-03-10,14.199999809265137,3.82,0.6947568318219675,2.42
2014-03-11,14.800000190734863,3.82,0.661408350616994,2.4
2014-03-12,14.470000267028809,3.87,0.6537597167188312,2.36
2014-03-13,16.219999313354492,3.92,0.623671880360251,2.32
2014-03-14,17.81999969482422,3.96,0.7137083395629301,2.29
2014-03-17,15.640000343322754,3.9,0.6855578366687937,2.32
2014-03-18,14.520000457763672,3.87,0.724038139570115,2.32
2014-03-19,15.119999885559082,3.74,0.731195717264787,2.31
2014-03-20,14.520000457763672,3.79,0.7190549229398727,2.34
2014-03-21,15.0,3.76,0.7128568039325908,2.3
2014-03-24,15.09000015258789,3.75,0.6911189250188994,2.27
2014-03-25,14.020000457763672,3.73,0.6734395500167265,2.28
2014-03-26,14.930000305175781,3.75,0.662437263490624,2.26
2014-03-27,14.619999885559082,3.77,0.6796800673139847,2.24
2014-03-28,14.40999984741211,3.73,0.6514871965524553,2.28
2014-03-31,13.880000114440918,3.77,0.6446653467351603,2.29
2014-04-01,13.100000381469727,3.73,0.677688755994276,2.33
2014-04-02,13.09000015258789,3.66,0.685265178403588,2.35
2014-04-03,13.369999885559082,3.64,0.6627287984723114,2.34
2014-04-04,13.960000038146973,3.68,0.633488570998909,2.31
2014-04-07,15.569999694824219,3.72,0.7331080913810823,2.3
2014-04-08,14.890000343322754,3.73,0.7965584372475163,2.29
2014-04-09,13.819999694824219,3.74,0.768179426773444,2.34
2014-04-10,15.890000343322754,3.77,0.818140255109435,2.28
2014-04-11,17.030000686645508,3.82,1.0704961242524575,2.26
2014-04-14,16.110000610351562,3.76,1.0559643971157473,2.28
2014-04-15,15.609999656677246,3.75,1.0312631722487335,2.25
2014-04-16,14.180000305175781,3.73,1.0004917498741743,2.26
2014-04-17,13.359999656677246,3.68,1.010429792844782,2.3
2014-04-21,13.25,3.67,0.9534980507678161,2.31
2014-04-22,13.1899995803833,3.65,0.9076993790149847,2.28
2014-04-23,13.270000457763672,3.68,0.8716471045998991,2.27
2014-04-24,13.319999694824219,3.66,0.8279783867159787,2.27
2014-04-25,14.0600004196167,3.69,0.7868259557617764,2.25
2014-04-28,13.970000267028809,3.68,0.7989085139969011,2.26
2014-04-29,13.710000038146973,3.66,0.7648367683381591,2.27
2014-04-30,13.40999984741211,3.71,0.7433082109333196,2.25
2014-05-01,13.25,3.75,0.713290653084759,2.22
2014-05-02,12.90999984741211,3.73,0.6781621122078203,2.18
2014-05-05,13.289999961853027,3.74,0.6478682627474346,2.2
2014-05-06,13.800000190734863,3.72,0.6217879997847391,2.18
2014-05-07,13.399999618530273,3.74,0.6677361733531443,2.21
2014-05-08,13.430000305175781,3.75,0.6684060210772073,2.21
2014-05-09,12.920000076293945,3.74,0.6380852002689174,2.22
2014-05-12,12.229999542236328,3.7,0.6114789302613033,2.25
2014-05-13,12.130000114440918,3.7,0.6752214003189393,2.22
2014-05-14,12.170000076293945,3.73,0.6440010569206596,2.15
2014-05-15,13.170000076293945,3.78,0.6365166014387116,2.12
2014-05-16,12.4399995803833,3.77,0.6809358919341812,2.14
2014-05-19,12.420000076293945,3.76,0.6595841075801836,2.18
2014-05-20,12.960000038146973,3.77,0.6417223501310079,2.17
2014-05-21,11.90999984741211,3.77,0.6509568887638542,2.17
2014-05-22,12.029999732971191,3.78,0.686261249791798,2.19
2014-05-23,11.359999656677246,3.78,0.6588105876356706,2.17
2014-05-27,11.510000228881836,3.76,0.6434694726446926,2.13
2014-05-28,11.680000305175781,3.8,0.6501688496860577,2.07
2014-05-29,11.569999694824219,3.78,0.6208408503022844,2.08
2014-05-30,11.399999618530273,3.75,0.6200989657119238,2.11
2014-06-02,11.579999923706055,3.61,0.5954884100853777,2.15
2014-06-03,11.869999885559082,3.59,0.5717863259357278,2.19
2014-06-04,12.079999923706055,3.59,0.5491330582164663,2.2
2014-06-05,11.680000305175781,3.59,0.532927989662648,2.19
2014-06-06,10.729999542236328,3.53,0.561214569836412,2.19
2014-06-09,11.149999618530273,3.5,0.5642239582351424,2.19
2014-06-10,10.989999771118164,3.46,0.543133729192317,2.19
2014-06-11,11.600000381469727,3.46,0.522838901702343,2.21
2014-06-12,12.5600004196167,3.5,0.5188075629326634,2.16
2014-06-13,12.180000305175781,3.47,0.5585378013919622,2.15
2014-06-16,12.649999618530273,3.43,0.547156975547627,2.12
2014-06-17,12.0600004196167,3.39,0.5272549320617975,2.15
2014-06-18,10.609999656677246,3.41,0.5175432797354023,2.13
2014-06-19,10.619999885559082,3.39,0.5607492810477299,2.16
2014-06-20,10.850000381469727,3.36,0.5402181291083915,2.13
2014-06-23,10.979999542236328,3.35,0.5249533929161102,2.15
2014-06-24,12.130000114440918,3.37,0.5064763859536309,2.1
2014-06-25,11.59000015258789,3.43,0.5329200130337788,2.09
2014-06-26,11.630000114440918,3.47,0.537027365458033,2.07
2014-06-27,11.260000228881836,3.48,0.5178941906011186,2.09
2014-06-30,11.569999694824219,3.53,0.5045304494231575,2.06
2014-07-01,11.149999618530273,3.5,0.4882363148297776,2.11
2014-07-02,10.819999694824219,3.46,0.5271093548042897,2.15
2014-07-03,10.319999694824219,3.44,0.5095404993307389,2.13
2014-07-07,11.329999923706055,3.44,0.5212005488923168,2.11
2014-07-08,11.979999542236328,3.48,0.5174104210657446,2.07
2014-07-09,11.649999618530273,3.51,0.5476791487762666,2.06
2014-07-10,12.59000015258789,3.62,0.5494788835165891,2.09
2014-07-11,12.079999923706055,3.61,0.546297355718496,2.05
2014-07-14,11.819999694824219,3.57,0.5278660709534395,2.07
2014-07-15,11.960000038146973,3.6,0.5381828226483194,2.07
2014-07-16,11.0,3.63,0.5224284787084499,2.05
2014-07-17,14.539999961853027,3.74,0.5202200242202077,2.0
2014-07-18,12.0600004196167,3.78,0.6406071336686687,1.99
2014-07-21,12.8100004196167,3.8,0.7065791618561797,1.98
2014-07-22,12.239999771118164,3.79,0.675149296182115,1.99
2014-07-23,11.520000457763672,3.77,0.6607520149093237,1.98
2014-07-24,11.84000015258789,3.72,0.6347099334728362,1.99
2014-07-25,12.6899995803833,3.75,0.6061902247837156,1.95
2014-07-28,12.5600004196167,3.74,0.6027109012199795,1.96
2014-07-29,13.279999732971191,3.8,0.5771583982610269,1.93
2014-07-30,13.329999923706055,3.79,0.5736497631844233,2.01
2014-07-31,16.950000762939453,4.04,0.5505564849593341,2.05
2014-08-01,17.030000686645508,4.25,0.8731344472983134,2.05
2014-08-04,15.119999885559082,4.24,0.8321623582260709,2.04
2014-08-05,16.8700008392334,4.17,0.8263756233277371,2.02
2014-08-06,16.3700008392334,4.21,0.8525428275736692,2.01
2014-08-07,16.65999984741211,4.2,0.8063899511627969,1.99
2014-08-08,15.770000457763672,4.2,0.7867950497976525,1.99
2014-08-11,14.229999542236328,4.12,0.8463903686594039,1.97
2014-08-12,14.130000114440918,4.07,0.8069494897946953,2.01
2014-08-13,12.899999618530273,4.03,0.7658209591810855,2.0
2014-08-14,12.420000076293945,3.97,0.7634259986486578,1.98
2014-08-15,13.149999618530273,3.97,0.7425455745645043,1.92
2014-08-18,12.319999694824219,3.89,0.7050553527181278,1.95
2014-08-19,12.210000038146973,3.85,0.7307794471025143,1.94
2014-08-20,11.779999732971191,3.79,0.7174622281427024,1.94
2014-08-21,11.760000228881836,3.81,0.6882729721939996,1.92
2014-08-22,11.470000267028809,3.79,0.6629956516470797,1.87
2014-08-25,11.699999809265137,3.77,0.6343658410218803,1.86
2014-08-26,11.630000114440918,3.78,0.6309251852974167,1.87
2014-08-27,11.779999732971191,3.81,0.6031537805694274,1.86
2014-08-28,12.050000190734863,3.82,0.5775576442198749,1.84
2014-08-29,12.09000015258789,3.8,0.5544146883035641,1.87
2014-09-02,12.25,3.8,0.5421718058408816,1.89
2014-09-03,12.359999656677246,3.83,0.5222433319911373,1.89
2014-09-04,12.640000343322754,3.85,0.5042739959424861,1.91
2014-09-05,12.09000015258789,3.93,0.4902775713100008,1.94
2014-09-08,12.65999984741211,3.92,0.5000542166314896,1.94
2014-09-09,13.5,3.93,0.4921927146506607,1.94
2014-09-10,12.880000114440918,4.01,0.52554526732645,1.96
2014-09-11,12.800000190734863,4.05,0.5234812663868781,1.96
2014-09-12,13.3100004196167,4.03,0.5066139231038059,2.04
2014-09-15,14.119999885559082,4.06,0.5305427793916352,2.02
2014-09-16,12.729999542236328,4.1,0.512094127214192,2.05
2014-09-17,12.649999618530273,4.05,0.5595525278285296,2.03
2014-09-18,12.029999732971191,3.98,0.5397579268195449,2.04
2014-09-19,12.109999656677246,3.97,0.5517148443193987,2.0
2014-09-22,13.6899995803833,4.02,0.5315352467693368,1.99
2014-09-23,14.930000305175781,4.13,0.5790377615752866,1.97
2014-09-24,13.270000457763672,4.18,0.5902770530613961,1.98
2014-09-25,15.640000343322754,4.33,0.6273978495641229,1.96
2014-09-26,14.850000381469727,4.4,0.8246039734211839,1.95
2014-09-29,15.979999542236328,4.51,0.8277277319839761,1.92
2014-09-30,16.309999465942383,4.4,0.7859900020413416,1.94
2014-10-01,16.709999084472656,4.45,0.7506085587978741,1.89
2014-10-02,16.15999984741211,4.42,0.8562085701301573,1.91
2014-10-03,14.550000190734863,4.29,0.8097166086411803,1.88
2014-10-06,15.460000038146973,4.26,0.8562958239701527,1.89
2014-10-07,17.200000762939453,4.37,0.8108038876974755,1.84
2014-10-08,15.109999656677246,4.48,0.9395429585527758,1.89
2014-10-09,18.760000228881836,4.52,1.0725457825809175,1.88
2014-10-10,21.239999771118164,4.66,1.2271193321170395,1.86
2014-10-14,22.790000915527344,4.83,1.2837336806031914,1.82
2014-10-15,25.270000457763672,5.08,1.2069745559073428,1.81
2014-10-16,25.200000762939453,4.98,1.158837991186675,1.82
2014-10-17,21.989999771118164,4.68,1.0902283643419086,1.83
2014-10-20,18.56999969482422,4.68,1.1045679121259677,1.83
2014-10-21,16.079999923706055,4.5,1.0925335842210415,1.85
2014-10-22,17.8700008392334,4.44,1.2343600331704108,1.84
2014-10-23,16.530000686645508,4.38,1.1862124479296654,1.88
2014-10-24,16.110000610351562,4.38,1.1855550812080349,1.88
2014-10-27,16.040000915527344,4.41,1.1460973446503604,1.86
2014-10-28,14.390000343322754,4.39,1.0790611474625118,1.88
2014-10-29,15.149999618530273,4.32,1.0906422036400003,1.86
2014-10-30,14.520000457763672,4.35,1.0279228320594156,1.84
2014-10-31,14.029999732971191,4.3,0.9936674598692358,1.85
2014-11-03,14.729999542236328,4.29,1.016915751719954,1.84
2014-11-04,14.890000343322754,4.35,0.9584525725100496,1.83
2014-11-05,14.170000076293945,4.32,0.9122133887593978,1.84
2014-11-06,13.670000076293945,4.3,0.8888460627919312,1.85
2014-11-07,13.119999885559082,4.36,0.8512615048598899,1.81
2014-11-10,12.670000076293945,4.32,0.805791327010993,1.83
2014-11-12,13.020000457763672,4.33,0.731991753707777,1.82
2014-11-13,13.789999961853027,4.37,0.6963346825928887,1.82
2014-11-14,13.3100004196167,4.43,0.6637573064524579,1.78
2014-11-17,13.989999771118164,4.46,0.6328082083823381,1.8
2014-11-18,13.859999656677246,4.53,0.6048558554306697,1.79
2014-11-19,13.960000038146973,4.57,0.6126401542861861,1.82
2014-11-20,13.579999923706055,4.61,0.5887014532606675,1.81
2014-11-21,12.899999618530273,4.54,0.5675107632135795,1.78
2014-11-24,12.619999885559082,4.54,0.5757358214773306,1.77
2014-11-25,12.25,4.54,0.5609714497302564,1.76
2014-11-26,12.069999694824219,4.56,0.5395992613279313,1.71
2014-11-28,13.329999923706055,4.64,0.5271825975000819,1.71
2014-12-01,14.15999984741211,4.82,0.5137146377490338,1.73
2014-12-02,12.850000381469727,4.82,0.5523896675216008,1.73
2014-12-03,12.5,4.81,0.576604430782603,1.72
2014-12-04,12.380000114440918,4.83,0.569265300522869,1.7
2014-12-05,11.890000343322754,4.77,0.5479014975670217,1.66
2014-12-08,14.210000038146973,4.87,0.5302140032377527,1.62
2014-12-09,15.350000381469727,5.06,0.5618716493867681,1.58
2014-12-10,18.530000686645508,5.21,0.5403438075271015,1.59
2014-12-11,20.079999923706055,5.25,0.7662267134505546,1.57
2014-12-12,21.079999923706055,5.47,0.7478015338949424,1.54
2014-12-15,20.420000076293945,5.52,0.9085656340189628,1.52
2014-12-16,23.56999969482422,5.71,0.8909466236305503,1.49
2014-12-17,19.440000534057617,5.48,0.8871946606582244,1.52
2014-12-18,16.809999465942383,5.15,1.0767440137321511,1.55
2014-12-19,16.489999771118164,5.09,1.323036501671219,1.5
2014-12-22,15.25,5.03,1.2510502537579413,1.46
2014-12-23,14.800000190734863,4.94,1.1862209410620357,1.53
2014-12-24,14.369999885559082,4.93,1.116215784043092,1.54
2014-12-26,14.5,4.93,1.0502888262600494,1.52
2014-12-29,15.0600004196167,4.96,0.9955023212129643,1.5
2014-12-30,15.920000076293945,4.98,0.9396031177572615,1.51
2014-12-31,19.200000762939453,5.04,0.9062866834241501,1.5
2015-01-02,17.790000915527344,5.08,0.9236359863594276,1.46
2015-01-05,19.920000076293945,5.21,0.8721661312652647,1.36
2015-01-06,21.1200008392334,5.37,1.0402086337446523,1.32
2015-01-07,19.309999465942383,5.31,1.0337228918928871,1.34
2015-01-08,17.010000228881836,5.17,1.0649647687563106,1.41
2015-01-09,17.549999237060547,5.2,1.1748783137248069,1.39
2015-01-12,19.600000381469727,5.27,1.1396476563171059,1.36
2015-01-13,20.559999465942383,5.28,1.1064055722935933,1.37
2015-01-14,21.479999542236328,5.39,1.0457915963469886,1.35
2015-01-15,22.389999389648438,5.42,1.0073063570885725,1.33
2015-01-20,19.889999389648438,5.39,1.0476341822011728,1.29
2015-01-21,18.850000381469727,5.36,0.989497890602251,1.34
2015-01-22,16.399999618530273,5.27,0.9492035798533774,1.37
2015-01-23,16.65999984741211,5.3,1.0325088852108844,1.29
2015-01-26,15.520000457763672,5.26,0.9913507071430597,1.29
2015-01-27,17.219999313354492,5.29,0.9381370051734922,1.29
2015-01-28,20.440000534057617,5.31,0.9987340868185337,1.23
2015-01-29,18.760000228881836,5.28,1.0431196755609147,1.26
2015-01-30,20.969999313354492,5.37,1.0334029255092545,1.21
2015-02-02,19.43000030517578,5.26,1.0685294399711531,1.19
2015-02-03,17.329999923706055,5.11,1.093478901589554,1.27
2015-02-04,18.329999923706055,5.05,1.1441065411127151,1.29
2015-02-05,16.850000381469727,4.99,1.0843131933648145,1.31
2015-02-06,17.290000915527344,4.78,1.0789165344880387,1.3
2015-02-09,18.549999237060547,4.8,1.0202658935220326,1.31
2015-02-10,17.229999542236328,4.75,0.9739637140761737,1.34
2015-02-11,16.959999084472656,4.76,0.9897985112159463,1.33
2015-02-12,15.34000015258789,4.74,0.9333793739716945,1.38
2015-02-13,14.6899995803833,4.71,0.941851620127662,1.36
2015-02-17,15.800000190734863,4.57,0.9002331186994987,1.44
2015-02-18,15.449999809265137,4.62,0.8521012896830991,1.45
2015-02-19,15.289999961853027,4.58,0.8059160141685581,1.44
2015-02-20,14.300000190734863,4.53,0.763734687900728,1.46
2015-02-23,14.5600004196167,4.56,0.7538267131156536,1.42
2015-02-24,13.6899995803833,4.58,0.7154063505987657,1.39
2015-02-25,13.84000015258789,4.54,0.6872229656201696,1.35
2015-02-26,13.90999984741211,4.43,0.6549129167190699,1.37
2015-02-27,13.34000015258789,4.43,0.6260098591908417,1.37
2015-03-02,13.039999961853027,4.38,0.6099143661262545,1.42
2015-03-03,13.859999656677246,4.38,0.623305940001738,1.44
2015-03-04,14.229999542236328,4.44,0.6127243894736207,1.46
2015-03-05,14.039999961853027,4.46,0.6042763357161665,1.46
2015-03-06,15.199999809265137,4.42,0.5796637545631242,1.51
2015-03-09,15.0600004196167,4.51,0.743079641620629,1.5
2015-03-10,16.690000534057617,4.66,0.7200448936624211,1.44
2015-03-11,16.8700008392334,4.61,0.8901390282440352,1.41
2015-03-12,15.420000076293945,4.62,0.8449686725342825,1.43
2015-03-13,16.0,4.68,0.9122937948230835,1.45
2015-03-16,15.609999656677246,4.72,0.88769264977262,1.44
2015-03-17,15.65999984741211,4.79,0.9575558402321811,1.36
2015-03-18,13.970000267028809,4.91,0.9092525766090739,1.36
2015-03-19,14.069999694824219,4.79,0.9540969928290371,1.35
2015-03-20,13.020000457763672,4.81,0.9140864941997349,1.33
2015-03-23,13.40999984741211,4.82,0.9157362263842036,1.32
2015-03-24,13.619999885559082,4.81,0.8673276561132471,1.3
2015-03-25,15.4399995803833,4.76,0.8430855168925279,1.34
2015-03-26,15.800000190734863,4.74,0.9487628177522338,1.4
2015-03-27,15.069999694824219,4.76,0.8990356424276398,1.37
2015-03-30,14.510000228881836,4.73,0.8529592853618913,1.38
2015-03-31,15.289999961853027,4.82,0.9104323286599625,1.38
2015-04-01,15.109999656677246,4.86,0.9124335928229655,1.32
2015-04-02,14.670000076293945,4.82,0.8703928740170447,1.37
2015-04-06,14.739999771118164,4.8,0.8322291138724974,1.41
2015-04-07,14.779999732971191,4.72,0.8214786058072263,1.37
2015-04-08,13.979999542236328,4.67,0.7831195726323277,1.38
2015-04-09,13.09000015258789,4.62,0.7515551839950113,1.41
2015-04-10,12.579999923706055,4.6,0.7296575732287397,1.39
2015-04-13,13.9399995803833,4.6,0.7185927130049619,1.4
2015-04-14,13.670000076293945,4.62,0.7010067635848671,1.37
2015-04-15,12.84000015258789,4.58,0.6701906780991036,1.4
2015-04-16,12.600000381469727,4.61,0.6573775475381942,1.4
2015-04-17,13.890000343322754,4.66,0.6269910342622762,1.36
2015-04-20,13.300000190734863,4.6,0.7218940461920584,1.35
2015-04-21,13.25,4.57,0.7555621205830684,1.37
2015-04-22,12.710000038146973,4.53,0.7181850372073372,1.42
2015-04-23,12.479999542236328,4.55,0.7036445415739481,1.41
2015-04-24,12.289999961853027,4.56,0.6749937314239363,1.39
2015-04-27,13.119999885559082,4.55,0.6480786943070547,1.4
2015-04-28,12.40999984741211,4.52,0.635182450614244,1.44
2015-04-29,13.390000343322754,4.53,0.6165959672235912,1.5
2015-04-30,14.550000190734863,4.59,0.6068616196681474,1.47
2015-05-01,12.699999809265137,4.53,0.6783492837481402,1.52
2015-05-04,12.850000381469727,4.51,0.7472017524305395,1.56
2015-05-05,14.3100004196167,4.48,0.7161695372250937,1.57
2015-05-06,15.149999618530273,4.5,0.790049487469732,1.6
2015-05-07,15.130000114440918,4.55,0.7623644043588181,1.55
2015-05-08,12.859999656677246,4.53,0.736401232631074,1.57
2015-05-11,13.850000381469727,4.45,0.8344885399832515,1.66
2015-05-12,13.859999656677246,4.56,0.8070287438752003,1.67
2015-05-13,13.760000228881836,4.51,0.7714330352726937,1.68
2015-05-14,12.739999771118164,4.52,0.7316128479819606,1.67
2015-05-15,12.380000114440918,4.55,0.7831680330247113,1.59
2015-05-18,12.729999542236328,4.49,0.743339252821532,1.65
2015-05-19,12.850000381469727,4.46,0.7139593616851739,1.64
2015-05-20,12.880000114440918,4.49,0.6788620053646968,1.66
2015-05-21,12.109999656677246,4.51,0.6470474183064441,1.59
2015-05-22,12.130000114440918,4.47,0.6257060084238681,1.57
2015-05-26,14.0600004196167,4.51,0.6037307104366424,1.5
2015-05-27,13.270000457763672,4.48,0.6895977014511355,1.5
2015-05-28,13.3100004196167,4.5,0.7341714105155447,1.51
2015-05-29,13.84000015258789,4.52,0.6984306002564207,1.51
2015-06-01,13.970000267028809,4.52,0.6990295380737703,1.55
2015-06-02,14.239999771118164,4.49,0.6688278023076932,1.63
2015-06-03,13.65999984741211,4.46,0.6383284978150375,1.69
2015-06-04,14.710000038146973,4.56,0.616412046765179,1.65
2015-06-05,14.210000038146973,4.56,0.659286987855246,1.68
2015-06-08,15.289999961853027,4.61,0.6314851882998465,1.69
2015-06-09,14.470000267028809,4.66,0.6403093042231057,1.7
2015-06-10,13.220000267028809,4.6,0.6113247657344908,1.75
2015-06-11,12.850000381469727,4.62,0.7170773313239711,1.66
2015-06-12,13.779999732971191,4.63,0.6907722487665873,1.65
2015-06-15,15.390000343322754,4.71,0.7098122977629404,1.64
2015-06-16,14.8100004196167,4.77,0.6913138331661925,1.61
2015-06-17,14.5,4.76,0.6846613972767605,1.65
2015-06-18,13.1899995803833,4.71,0.6543178214821586,1.69
2015-06-19,13.960000038146973,4.73,0.7205403915227735,1.61
2015-06-22,12.739999771118164,4.62,0.7020965387951373,1.69
2015-06-23,12.109999656677246,4.62,0.6911563346810232,1.72
2015-06-24,13.260000228881836,4.66,0.6583097795263476,1.7
2015-06-25,14.010000228881836,4.67,0.6770893208874289,1.72
2015-06-26,14.020000457763672,4.65,0.6536080342464231,1.77
2015-06-29,18.850000381469727,4.91,0.6234992121306041,1.69
2015-06-30,18.229999542236328,5.0,0.9482999860767649,1.71
2015-07-01,16.09000015258789,4.88,0.8977240275520488,1.74
2015-07-02,16.790000915527344,4.91,0.8923893985375712,1.76
2015-07-06,17.010000228881836,5.07,0.8437006532204102,1.7
2015-07-07,16.09000015258789,5.13,0.804300903166992,1.69
2015-07-08,19.65999984741211,5.21,0.7924736933407286,1.67
2015-07-09,19.969999313354492,5.11,0.9543063996722093,1.72
2015-07-10,16.829999923706055,4.97,0.9025185307949527,1.77
2015-07-13,13.899999618530273,4.93,0.957262814219608,1.75
2015-07-14,13.369999885559082,4.94,0.9805465862440468,1.75
2015-07-15,13.229999542236328,4.93,0.9367930951096751,1.72
2015-07-16,12.109999656677246,4.91,0.8842053078512713,1.69
2015-07-17,11.949999809265137,4.95,0.880628081614731,1.66
2015-07-20,12.25,4.96,0.832759772433272,1.67
2015-07-21,12.220000267028809,5.06,0.7882766078012392,1.64
2015-07-22,12.119999885559082,5.16,0.7596895119513394,1.58
2015-07-23,12.640000343322754,5.21,0.7234858327744053,1.57
2015-07-24,13.739999771118164,5.32,0.7150406190154984,1.57
2015-07-27,15.600000381469727,5.49,0.770556635660608,1.55
2015-07-28,13.4399995803833,5.44,0.7584628128089977,1.57
2015-07-29,12.5,5.33,0.8357289563506212,1.59
2015-07-30,12.130000114440918,5.26,0.8260183512747752,1.56
2015-07-31,12.119999885559082,5.36,0.7818990781936124,1.53
2015-08-03,12.5600004196167,5.45,0.7430983452150575,1.48
2015-08-04,13.0,5.41,0.7152605300217529,1.49
2015-08-05,12.510000228881836,5.29,0.6833600332158225,1.55
2015-08-06,13.770000457763672,5.4,0.6607040763657664,1.52
2015-08-07,13.390000343322754,5.52,0.691902788818953,1.45
2015-08-10,12.229999542236328,5.51,0.661921113450957,1.51
2015-08-11,13.710000038146973,5.67,0.766907695017668,1.47
2015-08-12,13.609999656677246,5.79,0.7928855760516271,1.47
2015-08-13,13.489999771118164,5.66,0.7524840492767754,1.47
2015-08-14,12.829999923706055,5.52,0.7154686800606358,1.47
2015-08-17,13.020000457763672,5.58,0.6918193436611908,1.44
2015-08-18,13.789999961853027,5.56,0.6864190018439926,1.46
2015-08-19,15.25,5.68,0.6612590167307568,1.45
2015-08-20,19.139999389648438,5.75,0.6883300077502045,1.4
2015-08-21,28.030000686645508,5.86,0.9842911540528991,1.41
2015-08-24,40.7400016784668,6.14,1.4117355489887418,1.42
2015-08-25,36.02000045776367,5.9,1.9991950854307314,1.45
2015-08-26,30.31999969482422,5.91,1.916530819022444,1.51
2015-08-27,26.100000381469727,5.8,2.2226914570421714,1.5
2015-08-28,26.049999237060547,5.72,2.247196953763353,1.47
2015-08-31,28.43000030517578,5.7,2.10291402930619,1.47
2015-09-01,31.399999618530273,5.78,1.9885422656570602,1.47
2015-09-02,26.09000015258789,5.73,2.139769439585497,1.48
2015-09-03,25.610000610351562,5.7,2.1069701313721456,1.47
2015-09-04,27.799999237060547,5.74,1.9723364322671872,1.42
2015-09-08,24.899999618530273,5.64,1.9214812306047682,1.46
2015-09-09,26.229999542236328,5.59,1.9959375096672305,1.46
2015-09-10,24.3700008392334,5.58,1.926534001501356,1.48
2015-09-11,23.200000762939453,5.62,1.813873890514855,1.49
2015-09-14,24.25,5.62,1.7063608364998204,1.45
2015-09-15,22.540000915527344,5.54,1.6041409901118884,1.46
2015-09-16,21.350000381469727,5.59,1.5646641216575439,1.48
2015-09-17,21.139999389648438,5.71,1.497435504803532,1.51
2015-09-18,22.280000686645508,5.8,1.4066343304897582,1.44
2015-09-21,20.139999389648438,5.77,1.4391853258574923,1.48
2015-09-22,22.440000534057617,5.98,1.362135795266974,1.45
2015-09-23,22.1299991607666,5.98,1.3570832056836966,1.46
2015-09-24,23.469999313354492,6.14,1.275150291803239,1.46
2015-09-25,23.6200008392334,6.15,1.204417609072873,1.47
2015-09-28,27.6299991607666,6.48,1.1321546104528204,1.43
2015-09-29,26.829999923706055,6.6,1.3845456381299504,1.41
2015-09-30,24.5,6.62,1.2996218322084705,1.42
2015-10-01,22.549999237060547,6.67,1.379746607596583,1.41
2015-10-02,20.940000534057617,6.83,1.2981723682724027,1.41
2015-10-05,19.540000915527344,6.62,1.3239120655289391,1.46
2015-10-06,19.399999618530273,6.52,1.3864323612721805,1.44
2015-10-07,18.399999618530273,6.32,1.3066885250882299,1.43
2015-10-08,17.420000076293945,6.26,1.2595184385753186,1.47
2015-10-09,17.079999923706055,6.13,1.2239153404583005,1.47
2015-10-13,17.670000076293945,6.24,1.0824947193563383,1.42
2015-10-14,18.030000686645508,6.31,1.042506169721429,1.42
2015-10-15,16.049999237060547,6.26,0.9961094814120907,1.43
2015-10-16,15.050000190734863,6.18,1.0784309120108861,1.43
2015-10-19,14.979999542236328,6.16,1.0274564451132957,1.43
2015-10-20,15.75,6.06,0.9681771930387925,1.42
2015-10-21,16.700000762939453,6.07,0.9142395671239737,1.4
2015-10-22,14.449999809265137,6.1,0.8900393793567823,1.43
2015-10-23,14.460000038146973,5.97,1.0232978230946563,1.43
2015-10-26,15.289999961853027,6.0,1.0361501523209702,1.41
2015-10-27,15.430000305175781,6.07,0.9798273852391208,1.4
2015-10-28,14.329999923706055,5.97,0.9263831682283508,1.37
2015-10-29,14.609999656677246,5.89,0.9590231423090673,1.44
2015-10-30,15.069999694824219,5.88,0.9049078017694858,1.41
2015-11-02,14.149999618530273,5.84,0.8677813768763523,1.43
2015-11-03,14.539999961853027,5.77,0.9168440919243339,1.43
2015-11-04,15.510000228881836,5.73,0.8715348201580853,1.41
2015-11-05,15.050000190734863,5.8,0.8305996448175303,1.41
2015-11-06,14.329999923706055,5.82,0.7868473739533091,1.44
2015-11-09,16.520000457763672,5.94,0.7459918194141336,1.47
2015-11-10,15.289999961853027,6.02,0.7797494472599497,1.45
2015-11-12,18.3700008392334,6.13,0.7191537405667832,1.43
2015-11-13,20.079999923706055,6.24,0.8406131342868837,1.42
2015-11-16,18.15999984741211,6.28,0.8871171715646942,1.39
2015-11-17,18.84000015258789,6.19,0.9892179219356787,1.39
2015-11-18,16.850000381469727,6.2,0.9329696383220673,1.37
2015-11-19,16.989999771118164,6.28,1.0371259585747752,1.33
2015-11-20,15.470000267028809,6.32,0.9774432616675665,1.33
2015-11-23,15.619999885559082,6.35,0.9303819330171526,1.31
2015-11-24,15.930000305175781,6.41,0.8791106289502308,1.31
2015-11-25,15.1899995803833,6.37,0.8321421998259932,1.3
2015-11-27,15.119999885559082,6.38,0.7875169322604311,1.3
2015-11-30,16.1299991607666,6.4,0.747451416629144,1.27
2015-12-01,14.670000076293945,6.4,0.7241542113860523,1.24
2015-12-02,15.90999984741211,6.34,0.7632998327897859,1.24
2015-12-03,18.110000610351562,6.32,0.8073276658755276,1.37
2015-12-04,14.8100004196167,6.37,0.9086081781946981,1.32
2015-12-07,15.84000015258789,6.51,1.090069694768521,1.29
2015-12-08,17.600000381469727,6.65,1.0476143270093414,1.3
2015-12-09,19.610000610351562,6.72,1.014219851225501,1.29
2015-12-10,19.34000015258789,6.71,0.9936706130260645,1.29
2015-12-11,24.389999389648438,7.1,0.9410314956050236,1.25
2015-12-14,22.729999542236328,7.33,1.1192158284473834,1.26
2015-12-15,20.950000762939453,7.09,1.0675741437649382,1.3
2015-12-16,17.860000610351562,6.98,1.0688927443306515,1.28
2015-12-17,18.940000534057617,7.01,1.1262625657567606,1.24
2015-12-18,20.700000762939453,7.2,1.1867543506782865,1.22
2015-12-21,18.700000762939453,7.25,1.2791662141558542,1.24
2015-12-22,16.600000381469727,7.15,1.2350853588344934,1.25
2015-12-23,15.569999694824219,7.05,1.2024209699689232,1.26
2015-12-24,15.739999771118164,7.05,1.2087165601667575,1.22
2015-12-28,16.90999984741211,7.07,1.1375633665802583,1.19
2015-12-29,16.079999923706055,6.96,1.0730402158765313,1.23
2015-12-30,17.290000915527344,6.95,1.075700109627218,1.23
2015-12-31,18.209999084472656,6.95,1.0425439173103461,1.21
2016-01-04,20.700000762939453,7.1,1.0424813318053863,1.22
2016-01-05,19.34000015258789,7.03,1.0974074427643241,1.21
2016-01-06,20.59000015258789,7.11,1.0345175758891947,1.19
2016-01-07,24.989999771118164,7.24,1.0700414372182274,1.2
2016-01-08,27.010000228881836,7.23,1.3150605243567197,1.19
2016-01-11,24.299999237060547,7.31,1.2932551313692318,1.23
2016-01-12,22.469999313354492,7.38,1.215107905001445,1.19
2016-01-13,25.219999313354492,7.5,1.1757937276621617,1.17
2016-01-14,23.950000762939453,7.57,1.4124503461244786,1.2
2016-01-15,27.020000457763672,7.89,1.4414970166857404,1.18
2016-01-19,26.049999237060547,7.88,1.549019515641717,1.18
2016-01-20,27.59000015258789,8.27,1.453185315815334,1.16
2016-01-21,26.690000534057617,8.13,1.4352993640822047,1.18
2016-01-22,22.34000015258789,7.87,1.3606203995100474,1.19
2016-01-25,24.149999618530273,7.85,1.459752086411655,1.15
2016-01-26,22.5,7.83,1.4684362367746402,1.16
2016-01-27,23.110000610351562,7.78,1.4559789635080915,1.18
2016-01-28,22.420000076293945,7.75,1.417993382377959,1.17
2016-01-29,20.200000762939453,7.74,1.3427938222015012,1.18
2016-02-01,19.979999542236328,7.79,1.51391417203929,1.16
2016-02-02,21.979999542236328,7.98,1.4198383875260405,1.12
2016-02-03,21.649999618530273,8.03,1.475001653430961,1.16
2016-02-04,21.84000015258789,8.03,1.3991346243242027,1.17
2016-02-05,23.3799991607666,8.1,1.3141583474879717,1.12
2016-02-08,26.0,8.51,1.4039292213838857,1.09
2016-02-09,26.540000915527344,8.62,1.399374741617975,1.05
2016-02-10,26.290000915527344,8.53,1.3132509022668317,1.0
2016-02-11,28.139999389648438,8.87,1.233563962731526,0.99
2016-02-12,25.399999618530273,8.64,1.2455372624792045,1.03
2016-02-16,24.110000610351562,8.45,1.3689698647698678,1.04
2016-02-17,22.309999465942383,8.21,1.410865138465405,1.07
2016-02-18,21.639999389648438,8.17,1.4390379204837815,1.04
2016-02-19,20.530000686645508,8.23,1.3576689369415003,1.0
2016-02-22,19.3799991607666,8.09,1.2745823437290074,0.99
2016-02-23,20.979999542236328,8.1,1.2976107518598814,0.98
2016-02-24,20.719999313354492,8.17,1.2964708128577642,1.0
2016-02-25,19.110000610351562,8.08,1.2279305926228086,0.99
2016-02-26,19.809999465942383,7.8,1.2276688535756175,0.96
2016-02-29,20.549999237060547,7.75,1.1564880895264178,0.96
2016-03-01,17.700000762939453,7.46,1.1216297479339004,0.98
2016-03-02,17.09000015258789,7.31,1.3295300130695402,0.99
2016-03-03,16.700000762939453,7.28,1.2580365745027589,0.98
2016-03-04,16.860000610351562,7.08,1.189721143094534,1.0
2016-03-07,17.350000381469727,7.03,1.1241763144843326,1.0
2016-03-08,18.670000076293945,7.14,1.0580305902383416,0.95
2016-03-09,18.34000015258789,7.15,1.0670988680144071,1.0
2016-03-10,18.049999237060547,7.04,1.0192829672748953,1.0
2016-03-11,16.5,6.82,0.9608622824711383,1.01
2016-03-14,16.920000076293945,6.74,1.0639396518058775,1.0
2016-03-15,16.84000015258789,6.84,1.0028177588619218,0.99
2016-03-16,14.989999771118164,6.94,0.9469155210615205,1.07
2016-03-17,14.4399995803833,6.82,0.9157837652637636,1.04
2016-03-18,14.020000457763672,6.71,0.8922836836587309,1.04
2016-03-21,13.789999961853027,6.65,0.8539829344822418,1.05
2016-03-22,14.170000076293945,6.69,0.8091510082324452,1.03
2016-03-23,14.9399995803833,6.79,0.766539217057339,1.01
2016-03-24,14.739999771118164,6.93,0.7627249627262195,1.02
2016-03-28,15.239999771118164,6.99,0.7237366050379286,1.0
2016-03-29,13.819999694824219,7.14,0.6880484290587167,1.03
2016-03-30,13.5600004196167,7.03,0.7291967400651759,1.07
2016-03-31,13.949999809265137,7.05,0.7093165601390059,1.05
2016-04-01,13.100000381469727,7.05,0.6797859853488009,1.03
2016-04-04,14.119999885559082,7.03,0.6891953285168901,1.03
2016-04-05,15.420000076293945,7.13,0.6656900571335166,1.01
2016-04-06,14.09000015258789,7.04,0.7243483459281455,1.03
2016-04-07,16.15999984741211,7.11,0.7852931257591798,1.0
2016-04-08,15.359999656677246,7.03,0.8541595141850993,1.02
2016-04-11,16.260000228881836,7.0,0.8132277710326703,1.03
2016-04-12,14.850000381469727,6.87,0.7743980174681226,1.05
2016-04-13,13.84000015258789,6.71,0.8020621480192915,1.02
2016-04-14,13.720000267028809,6.6,0.8364386534932696,1.03
2016-04-15,13.619999885559082,6.62,0.7914645073299958,1.02
2016-04-18,13.350000381469727,6.62,0.751008207348521,1.03
2016-04-19,13.239999771118164,6.46,0.7533072287447462,1.02
2016-04-20,13.279999732971191,6.31,0.7232661317794564,1.05
2016-04-21,13.949999809265137,6.29,0.6881080574907512,1.06
2016-04-22,13.220000267028809,6.29,0.6814126078808336,1.05
2016-04-25,14.079999923706055,6.32,0.6489192407433684,1.06
2016-04-26,13.960000038146973,6.26,0.6220784263567286,1.08
2016-04-27,13.770000457763672,6.25,0.5968954188659025,1.04
2016-04-28,15.220000267028809,6.19,0.576148945887583,1.06
2016-04-29,15.699999809265137,6.24,0.6374118153351115,1.06
2016-05-02,14.680000305175781,6.16,0.6371497950927256,1.08
2016-05-03,15.600000381469727,6.31,0.6679040702234391,1.06
2016-05-04,16.049999237060547,6.39,0.7055133334817297,1.04
2016-05-05,15.90999984741211,6.42,0.6986918668675558,1.04
2016-05-06,14.720000267028809,6.48,0.6647933191839145,1.05
2016-05-09,14.569999694824219,6.53,0.6463226021138645,1.05
2016-05-10,13.630000114440918,6.46,0.6174713119105614,1.05
2016-05-11,14.6899995803833,6.4,0.7304828124329664,0.99
2016-05-12,14.40999984741211,6.36,0.7671773913321512,0.99
2016-05-13,15.039999961853027,6.41,0.7277380351718623,0.95
2016-05-16,14.680000305175781,6.3,0.7555538592753249,0.96
2016-05-17,15.569999694824219,6.26,0.7942362730271638,0.94
2016-05-18,15.949999809265137,6.16,0.8203021617984322,0.97
2016-05-19,16.329999923706055,6.29,0.7766532845957992,0.96
2016-05-20,15.199999809265137,6.22,0.7462295874190986,0.96
2016-05-23,15.819999694824219,6.21,0.7415388968889044,0.93
2016-05-24,14.420000076293945,6.13,0.7056922360488046,0.94
2016-05-25,13.899999618530273,6.04,0.8071048382996583,0.95
2016-05-26,13.430000305175781,6.08,0.7998191031543829,0.96
2016-05-27,13.119999885559082,6.08,0.7577797778118498,0.95
2016-05-31,14.1899995803833,5.97,0.7343635392711008,0.97
2016-06-01,14.199999809265137,6.01,0.7006440930898911,0.94
2016-06-02,13.630000114440918,6.0,0.6703468328925636,0.92
2016-06-03,13.470000267028809,6.09,0.647482479529193,0.93
2016-06-06,13.649999618530273,6.0,0.6265741645166377,0.93
2016-06-07,14.050000190734863,5.92,0.6242746652074308,0.94
2016-06-08,14.079999923706055,5.82,0.5991224935956171,0.93
2016-06-09,14.640000343322754,5.86,0.5847928531844155,0.91
2016-06-10,17.030000686645508,5.98,0.5626821322537195,0.91
2016-06-13,20.969999313354492,6.07,0.6340777241705469,0.89
2016-06-14,20.5,6.19,0.6628476334252359,0.88
2016-06-15,20.139999389648438,6.18,0.6356235880071809,0.91
2016-06-16,19.3700008392334,6.32,0.6089602408280139,0.87
2016-06-17,19.40999984741211,6.21,0.5918421553390143,0.92
2016-06-20,18.3700008392334,6.0,0.5817632332038655,0.93
2016-06-21,18.479999542236328,6.0,0.6009834378782571,0.95
2016-06-22,21.170000076293945,5.96,0.5838105016173626,0.94
2016-06-23,17.25,5.83,0.5626492062593518,0.96
2016-06-24,25.760000228881836,6.33,0.7035371806220824,0.93
2016-06-27,23.850000381469727,6.57,1.4380169810728143,0.85
2016-06-28,18.75,6.48,1.488605611767033,0.85
2016-06-29,16.639999389648438,6.26,1.5285820617789574,0.88
2016-06-30,15.630000114440918,6.21,1.549214260190179,0.91
2016-07-01,14.770000457763672,6.12,1.5273035260268286,0.87
2016-07-05,15.579999923706055,6.16,1.4341009993772234,0.81
2016-07-06,14.960000038146973,6.14,1.3688003006302485,0.8
2016-07-07,14.760000228881836,6.02,1.30157382628742,0.82
2016-07-08,13.199999809265137,5.88,1.2225389026537714,0.76
2016-07-11,13.539999961853027,5.66,1.2588572891629757,0.77
2016-07-12,13.550000190734863,5.46,1.1889980369272504,0.84
2016-07-13,13.039999961853027,5.58,1.1458359902570072,0.8
2016-07-14,12.819999694824219,5.44,1.0777671197969458,0.85
2016-07-15,12.670000076293945,5.42,1.0329785076589961,0.89
2016-07-18,12.4399995803833,5.44,0.9742615993026842,0.91
2016-07-19,11.970000267028809,5.45,0.9235184148176504,0.86
2016-07-20,11.770000457763672,5.4,0.8725768029986627,0.86
2016-07-21,12.739999771118164,5.41,0.8373811613360275,0.87
2016-07-22,12.020000457763672,5.39,0.8032033141221282,0.86
2016-07-25,12.869999885559082,5.39,0.7766111121057336,0.86
2016-07-26,13.050000190734863,5.45,0.742407446397611,0.82
2016-07-27,12.829999923706055,5.51,0.7050756491319086,0.79
2016-07-28,12.720000267028809,5.54,0.6716317781290226,0.8
2016-07-29,11.869999885559082,5.61,0.6412185954337609,0.79
2016-08-01,12.4399995803833,5.69,0.6147065700591254,0.84
2016-08-02,13.369999885559082,5.73,0.5886337763862011,0.88
2016-08-03,12.859999656677246,5.72,0.6069070448471665,0.88
2016-08-04,12.420000076293945,5.65,0.5896279442848026,0.87
2016-08-05,11.390000343322754,5.46,0.5662793625335604,0.87
2016-08-08,11.5,5.42,0.6132961404934677,0.85
2016-08-09,11.65999984741211,5.36,0.5870052968061049,0.84
2016-08-10,12.050000190734863,5.38,0.5630631903329756,0.81
2016-08-11,11.680000305175781,5.31,0.5477440041222658,0.81
2016-08-12,11.550000190734863,5.34,0.5510950138881983,0.8
2016-08-15,11.8100004196167,5.23,0.5309096181947438,0.83
2016-08-16,12.640000343322754,5.17,0.5214766435036158,0.81
2016-08-17,12.1899995803833,5.19,0.5344327241952495,0.82
2016-08-18,11.430000305175781,5.2,0.5190810538734295,0.82
2016-08-19,11.34000015258789,5.15,0.5070895149849732,0.82
2016-08-22,12.270000457763672,5.18,0.4928599782239545,0.79
2016-08-23,12.380000114440918,5.14,0.4773941297445427,0.81
2016-08-24,13.449999809265137,5.13,0.4687334228653439,0.8
2016-08-25,13.630000114440918,5.14,0.48940139031801055,0.8
2016-08-26,13.649999618530273,5.04,0.4748819552871592,0.78
2016-08-29,12.9399995803833,5.1,0.46586133466450447,0.76
2016-08-30,13.119999885559082,5.07,0.4843018599200438,0.77
2016-08-31,13.420000076293945,5.1,0.47318521285409687,0.78
2016-09-01,13.479999542236328,5.12,0.4702582422106536,0.79
2016-09-02,11.979999542236328,5.09,0.45706816107140064,0.8
2016-09-06,12.020000457763672,5.09,0.47195773342868363,0.81
2016-09-07,11.9399995803833,5.07,0.4704662740743891,0.8
2016-09-08,12.510000228881836,4.99,0.4572632263457892,0.83
2016-09-09,17.5,5.1,0.4524607388388264,0.88
2016-09-12,15.15999984741211,5.18,0.9515917829292886,0.89
2016-09-13,17.850000381469727,5.24,1.0256212823145485,0.93
2016-09-14,18.139999389648438,5.26,1.0898507924057979,0.93
2016-09-15,16.299999237060547,5.26,1.0259219162373001,0.97
2016-09-16,15.369999885559082,5.27,1.0266885838443052,0.93
2016-09-19,15.529999732971191,5.25,0.9766624336086641,0.91
2016-09-20,15.920000076293945,5.24,0.9210284317706324,0.9
2016-09-21,13.300000190734863,5.22,0.8695589456306881,0.87
2016-09-22,12.020000457763672,5.09,0.9095064293132351,0.84
2016-09-23,12.289999961853027,5.1,0.8863012680012473,0.85
2016-09-26,14.5,5.16,0.8590333791773367,0.83
2016-09-27,13.100000381469727,5.18,0.8602374092412737,0.81
2016-09-28,12.390000343322754,5.14,0.8414553667923694,0.82
2016-09-29,14.020000457763672,5.09,0.8145267516446016,0.83
2016-09-30,13.289999961853027,4.97,0.8336149779035956,0.83
2016-10-03,13.569999694824219,4.93,0.8311237146907596,0.83
2016-10-04,13.630000114440918,4.85,0.7910112313726332,0.87
2016-10-05,12.989999771118164,4.78,0.7704205650108007,0.87
2016-10-06,12.84000015258789,4.75,0.7466386337670239,0.89
2016-10-07,13.479999542236328,4.76,0.7091944879093116,0.9
2016-10-11,15.359999656677246,4.75,0.676726732117592,0.9
2016-10-12,15.90999984741211,4.75,0.7818158528107799,0.92
2016-10-13,16.690000534057617,4.82,0.7425406394471075,0.9
2016-10-14,16.1200008392334,4.72,0.7142020845455911,0.96
2016-10-17,16.209999084472656,4.76,0.6792260745552805,0.96
2016-10-18,15.279999732971191,4.72,0.6581430382171995,0.93
2016-10-19,14.40999984741211,4.66,0.6641567826532627,0.95
2016-10-20,13.75,4.62,0.6398690298371279,0.92
2016-10-21,13.34000015258789,4.62,0.6143529866920218,0.9
2016-10-24,13.020000457763672,4.6,0.5878278774466332,0.93
2016-10-25,13.460000038146973,4.6,0.5824695331589359,0.91
2016-10-26,14.239999771118164,4.66,0.5706385063903113,0.93
2016-10-27,15.359999656677246,4.69,0.5522415893954716,0.98
2016-10-28,16.190000534057617,4.76,0.539157006794944,1.0
2016-10-31,17.059999465942383,4.91,0.5293441108805426,0.98
2016-11-01,18.559999465942383,5.05,0.5103395252274284,1.0
2016-11-02,19.31999969482422,5.15,0.5543121157960933,1.0
2016-11-03,22.079999923706055,5.15,0.572885075927044,1.01
2016-11-04,22.510000228881836,5.2,0.5725528766770932,0.99
2016-11-07,18.709999084472656,5.01,0.5508712043618589,1.01
2016-11-08,18.739999771118164,4.98,0.9259340189440002,1.01
2016-11-09,14.380000114440918,4.94,0.8879736208650383,1.17
2016-11-10,14.739999771118164,4.97,0.9158025205774248,1.23
2016-11-14,14.479999542236328,5.11,0.8254817682397012,1.23
2016-11-15,13.369999885559082,4.94,0.7818382192003414,1.21
2016-11-16,13.720000267028809,4.94,0.7889902083539163,1.22
2016-11-17,13.350000381469727,4.85,0.7506003382910368,1.25
2016-11-18,12.850000381469727,4.84,0.7344362271244794,1.27
2016-11-21,12.420000076293945,4.78,0.7019129817476285,1.25
2016-11-22,12.40999984741211,4.7,0.7172206986155077,1.24
2016-11-23,12.430000305175781,4.66,0.6851334024266879,1.24
2016-11-25,12.34000015258789,4.64,0.6526032923503569,1.24
2016-11-28,13.149999618530273,4.66,0.6357848984919182,1.21
2016-11-29,12.899999618530273,4.69,0.628869320451604,1.21
2016-11-30,13.329999923706055,4.67,0.6046662105622753,1.26
2016-12-01,14.069999694824219,4.62,0.5847763989602549,1.31
2016-12-02,14.119999885559082,4.64,0.5751135392496529,1.29
2016-12-05,12.140000343322754,4.58,0.5521371219886452,1.26
2016-12-06,11.789999961853027,4.5,0.570462996111814,1.27
2016-12-07,12.220000267028809,4.42,0.5585849998777328,1.24
2016-12-08,12.640000343322754,4.38,0.7019950543128659,1.28
2016-12-09,11.75,4.28,0.6731926287467191,1.32
2016-12-12,12.640000343322754,4.25,0.6747688888303299,1.34
2016-12-13,12.720000267028809,4.2,0.6440744143776512,1.31
2016-12-14,13.1899995803833,4.12,0.6568947121539411,1.27
2016-12-15,12.789999961853027,4.2,0.6897031440460412,1.31
2016-12-16,12.199999809265137,4.21,0.6719133824701016,1.32
2016-12-19,11.710000038146973,4.23,0.6438343701637241,1.3
2016-12-20,11.449999809265137,4.2,0.6191712135866448,1.32
2016-12-21,11.270000457763672,4.19,0.6069768063895794,1.34
2016-12-22,11.430000305175781,4.17,0.5889151612819364,1.33
2016-12-23,11.4399995803833,4.16,0.5676190560644063,1.33
2016-12-27,11.989999771118164,4.11,0.5474238697666209,1.29
2016-12-28,12.949999809265137,4.15,0.5337306427753405,1.25
2016-12-29,13.369999885559082,4.18,0.589863646966014,1.27
2016-12-30,14.039999961853027,4.21,0.565336411283252,1.25
2017-01-03,12.850000381469727,4.13,0.557733374266881,1.23
2017-01-04,11.850000381469727,4.02,0.5981043588369677,1.22
2017-01-05,11.670000076293945,4.04,0.6088566339040828,1.2
2017-01-06,11.319999694824219,3.98,0.5832461294969856,1.2
2017-01-09,11.5600004196167,4.02,0.5729091027062655,1.17
2017-01-10,11.489999771118164,4.0,0.5617725334798199,1.19
2017-01-11,11.260000228881836,4.03,0.53973826802114,1.18
2017-01-12,11.539999961853027,4.05,0.5289527314057757,1.18
2017-01-13,11.229999542236328,4.02,0.5174303741911599,1.19
2017-01-17,11.869999885559082,4.06,0.5058958491201988,1.16
2017-01-18,12.479999542236328,4.01,0.5043378764059463,1.19
2017-01-19,12.779999732971191,3.99,0.4937552315397953,1.22
2017-01-20,11.539999961853027,4.02,0.49534196385509227,1.28
2017-01-23,11.770000457763672,4.1,0.4963248739175061,1.25
2017-01-24,11.069999694824219,4.02,0.4889957757961806,1.26
2017-01-25,10.8100004196167,3.93,0.5235202067918395,1.3
2017-01-26,10.630000114440918,3.93,0.5874273689255589,1.3
2017-01-27,10.579999923706055,3.93,0.5642421191090496,1.27
2017-01-30,11.880000114440918,3.96,0.5447314573711264,1.27
2017-01-31,11.989999771118164,4.0,0.5672241394783104,1.26
2017-02-01,11.8100004196167,3.95,0.5446991970530342,1.26
2017-02-02,11.930000305175781,3.93,0.5244267244088978,1.27
2017-02-03,10.970000267028809,3.86,0.5064073171027738,1.28
2017-02-06,11.369999885559082,3.91,0.5448586962999641,1.26
2017-02-07,11.289999961853027,3.93,0.5280751162994897,1.24
2017-02-08,11.449999809265137,3.98,0.5091907199985392,1.19
2017-02-09,10.880000114440918,3.93,0.49422521840300443,1.2
2017-02-10,10.850000381469727,3.9,0.5210220307446418,1.21
2017-02-13,11.069999694824219,3.86,0.5211573827969425,1.23
2017-02-14,10.739999771118164,3.8,0.5372451403924586,1.22
2017-02-15,11.970000267028809,3.77,0.5357761694957336,1.24
2017-02-16,11.760000228881836,3.83,0.5470492400125903,1.23
2017-02-17,11.489999771118164,3.86,0.5272111147571318,1.21
2017-02-21,11.569999694824219,3.81,0.5113541800137104,1.21
2017-02-22,11.739999771118164,3.78,0.535551316619064,1.2
2017-02-23,11.710000038146973,3.77,0.5168823941040871,1.2
2017-02-24,11.470000267028809,3.84,0.49962256610124967,1.19
2017-02-27,12.09000015258789,3.75,0.48549606627006703,1.16
2017-02-28,12.920000076293945,3.74,0.473888929284215,1.14
2017-03-01,12.539999961853027,3.57,0.46983870954416507,1.17
2017-03-02,11.8100004196167,3.55,0.6653021284465958,1.17
2017-03-03,10.960000038146973,3.6,0.6712007350015627,1.17
2017-03-06,11.239999771118164,3.66,0.6399403992849145,1.18
2017-03-07,11.449999809265137,3.73,0.6197212489677061,1.2
2017-03-08,11.859999656677246,3.79,0.6015803638328501,1.21
2017-03-09,12.300000190734863,3.88,0.5795760775714754,1.23
2017-03-10,11.65999984741211,3.89,0.557668272668412,1.22
2017-03-13,11.350000381469727,3.94,0.5496650400981641,1.22
2017-03-14,12.300000190734863,4.05,0.5290407310101324,1.2
2017-03-15,11.630000114440918,4.02,0.5272285473421541,1.18
2017-03-16,11.210000038146973,3.88,0.5902761624677831,1.18
2017-03-17,11.279999732971191,3.91,0.5697947001641008,1.17
2017-03-20,11.34000015258789,3.97,0.5504359777658521,1.17
2017-03-21,12.470000267028809,4.04,0.5308245672146936,1.16
2017-03-22,12.8100004196167,4.16,0.6812612485777055,1.13
2017-03-23,13.119999885559082,4.11,0.6539179119569307,1.15
2017-03-24,12.960000038146973,4.07,0.6248535474314373,1.14
2017-03-27,12.5,4.12,0.5977213271199221,1.11
2017-03-28,11.529999732971191,4.01,0.5735538472660178,1.12
2017-03-29,11.420000076293945,3.94,0.6055306503303676,1.13
2017-03-30,11.539999961853027,3.85,0.5804693752920477,1.14
2017-03-31,12.369999885559082,3.92,0.5676213700357957,1.13
2017-04-03,12.380000114440918,3.98,0.5510532246251263,1.11
2017-04-04,11.789999961853027,3.98,0.5334596170926293,1.11
2017-04-05,12.890000343322754,3.91,0.514540607066381,1.1
2017-04-06,12.390000343322754,3.93,0.5076368094512957,1.1
2017-04-07,12.869999885559082,3.86,0.500346391660065,1.09
2017-04-10,14.050000190734863,3.86,0.4854379105416662,1.08
2017-04-11,15.069999694824219,3.94,0.4711642539109456,1.08
2017-04-12,15.770000457763672,3.96,0.45974960859337727,1.04
2017-04-13,15.960000038146973,4.03,0.47301704712721276,1.03
2017-04-17,14.65999984741211,4.0,0.5124559844623084,1.05
2017-04-18,14.420000076293945,4.07,0.5825346680900008,1.0
2017-04-19,14.930000305175781,4.01,0.5682161761483281,1.02
2017-04-20,14.149999618530273,3.98,0.5493377892088767,1.03
2017-04-21,14.630000114440918,3.97,0.5990498130551631,1.04
2017-04-24,10.84000015258789,3.86,0.5843106494167538,1.03
2017-04-25,10.760000228881836,3.78,0.6773360945529789,1.06
2017-04-26,10.850000381469727,3.76,0.6760489830068256,1.04
2017-04-27,10.359999656677246,3.78,0.644377450420271,1.05
2017-04-28,10.819999694824219,3.75,0.6157145810074127,1.01
2017-05-01,10.109999656677246,3.78,0.5937192620114736,1.05
2017-05-02,10.59000015258789,3.79,0.5754989018170197,1.02
2017-05-03,10.680000305175781,3.76,0.5523683565979748,1.03
2017-05-04,10.460000038146973,3.8,0.5328837764396235,1.04
2017-05-05,10.569999694824219,3.82,0.5151628331410493,1.04
2017-05-08,9.770000457763672,3.8,0.5159692027996335,1.06
2017-05-09,9.960000038146973,3.74,0.49827545485938113,1.05
2017-05-10,10.210000038146973,3.72,0.4833295716671217,1.06
2017-05-11,10.600000381469727,3.72,0.4729527694502115,1.04
2017-05-12,10.399999618530273,3.77,0.464965353219386,1.04
2017-05-15,10.420000076293945,3.72,0.45604420921689026,1.03
2017-05-16,10.649999618530273,3.71,0.48391678451027725,1.04
2017-05-17,15.59000015258789,3.84,0.4704222691200955,0.96
2017-05-18,14.65999984741211,3.85,0.7728718936526726,0.96
2017-05-19,12.039999961853027,3.78,0.7461464529570816,0.95
2017-05-22,10.930000305175781,3.72,0.743399123876653,0.96
2017-05-23,10.720000267028809,3.67,0.7274837159953749,0.98
2017-05-24,10.020000457763672,3.68,0.6954491287771619,0.97
2017-05-25,9.989999771118164,3.67,0.6667370771197368,0.95
2017-05-26,9.8100004196167,3.67,0.6567897124940326,0.95
2017-05-30,10.380000114440918,3.68,0.6264159821778553,0.93
2017-05-31,10.40999984741211,3.74,0.5993761950740284,0.93
2017-06-01,9.890000343322754,3.69,0.574012934538936,0.93
2017-06-02,9.75,3.69,0.6159940161828192,0.87
2017-06-05,10.069999694824219,3.68,0.6003442363685781,0.86
2017-06-06,10.449999809265137,3.72,0.5754028484476484,0.84
2017-06-07,10.390000343322754,3.73,0.56325839310683,0.86
2017-06-08,10.15999984741211,3.76,0.5448998493223306,0.86
2017-06-09,10.699999809265137,3.73,0.5247075900584826,0.86
2017-06-12,11.460000038146973,3.71,0.5088959035308286,0.86
2017-06-13,10.420000076293945,3.68,0.49190473386834005,0.83
2017-06-14,10.640000343322754,3.7,0.5058701543531235,0.8
2017-06-15,10.899999618530273,3.72,0.49111001624445144,0.81
2017-06-16,10.380000114440918,3.76,0.48051517240697,0.84
2017-06-19,10.369999885559082,3.7,0.4663429061184416,0.83
2017-06-20,10.859999656677246,3.77,0.5375626430624612,0.8
2017-06-21,10.75,3.85,0.5688311249777603,0.8
2017-06-22,10.479999542236328,3.87,0.5462183031210625,0.81
2017-06-23,10.020000457763672,3.86,0.5258597804411635,0.81
2017-06-26,9.899999618530273,3.83,0.5088822848377442,0.78
2017-06-27,11.0600004196167,3.77,0.49237359105579737,0.83
2017-06-28,10.029999732971191,3.77,0.5538456873826023,0.88
2017-06-29,11.4399995803833,3.76,0.6162678162969301,0.89
2017-06-30,11.180000305175781,3.77,0.6646311606287936,0.93
2017-07-03,11.220000267028809,3.72,0.6368587118002387,0.94
2017-07-05,11.069999694824219,3.73,0.6110026272087206,0.92
2017-07-06,12.539999961853027,3.78,0.5900471682651823,0.97
2017-07-07,11.1899995803833,3.83,0.649590108259918,0.99
2017-07-10,11.109999656677246,3.83,0.6593628419459037,0.98
2017-07-11,10.890000343322754,3.85,0.6298374418232106,1.0
2017-07-12,10.300000190734863,3.81,0.6022920132884433,0.98
2017-07-13,9.899999618530273,3.77,0.6327521066457741,0.98
2017-07-14,9.510000228881836,3.73,0.6072165837075778,0.98
2017-07-17,9.819999694824219,3.69,0.6032407105347464,0.95
2017-07-18,9.890000343322754,3.69,0.577485280032618,0.91
2017-07-19,9.789999961853027,3.64,0.5543248719307954,0.9
2017-07-20,9.579999923706055,3.61,0.5651399480864591,0.9
2017-07-21,9.359999656677246,3.64,0.5430182338062336,0.88
2017-07-24,9.430000305175781,3.63,0.5236410656064685,0.89
2017-07-25,9.430000305175781,3.55,0.505247862262586,0.93
2017-07-26,9.600000381469727,3.56,0.4958135980917753,0.93
2017-07-27,10.109999656677246,3.55,0.48005474136518894,0.96
2017-07-28,10.289999961853027,3.59,0.4669896518903477,0.96
2017-07-31,10.260000228881836,3.61,0.4559654168393668,0.96
2017-08-01,10.09000015258789,3.6,0.44468788786700014,0.92
2017-08-02,10.279999732971191,3.59,0.4410206435443768,0.91
2017-08-03,10.4399995803833,3.63,0.43121428008349955,0.9
2017-08-04,10.029999732971191,3.63,0.4275098640453374,0.91
2017-08-07,9.930000305175781,3.64,0.42359897707091054,0.9
2017-08-08,10.960000038146973,3.64,0.4203532495058099,0.93
2017-08-09,11.109999656677246,3.81,0.4212848549764472,0.91
2017-08-10,16.040000915527344,3.92,0.4132958908907044,0.87
2017-08-11,15.510000228881836,4.0,0.6401521008164133,0.89
2017-08-14,12.329999923706055,3.89,0.613314781521411,0.89
2017-08-15,12.039999961853027,3.87,0.6797380329626731,0.92
2017-08-16,11.739999771118164,3.88,0.6473989004024094,0.9
2017-08-17,15.550000190734863,3.93,0.620756822302311,0.87
2017-08-18,14.260000228881836,3.98,0.8070259359581974,0.86
2017-08-21,13.1899995803833,4.0,0.766290213671409,0.86
2017-08-22,11.350000381469727,3.93,0.7273615930509941,0.89
2017-08-23,12.25,3.95,0.7801751345613462,0.85
2017-08-24,12.229999542236328,3.91,0.750117852081203,0.86
2017-08-25,11.279999732971191,3.89,0.7165982849043389,0.82
2017-08-28,11.319999694824219,3.88,0.6860140204850443,0.83
2017-08-29,11.699999809265137,3.9,0.653137320012315,0.8
2017-08-30,11.220000267028809,3.86,0.624305325079075,0.82
2017-08-31,10.59000015258789,3.85,0.618945945392494,0.79
2017-09-01,10.130000114440918,3.82,0.6275340527030877,0.81
2017-09-05,12.229999542236328,3.91,0.6016474060445747,0.77
2017-09-06,11.630000114440918,3.84,0.6282744173814068,0.8
2017-09-07,11.550000190734863,3.88,0.6119149382522278,0.78
2017-09-08,12.119999885559082,3.92,0.5853941060258846,0.79
2017-09-11,10.729999542236328,3.85,0.5627035859498197,0.82
2017-09-12,10.579999923706055,3.81,0.6546605502443976,0.84
2017-09-13,10.5,3.78,0.6353153403337921,0.85
2017-09-14,10.4399995803833,3.74,0.6069705440336329,0.83
2017-09-15,10.170000076293945,3.73,0.5809764987258921,0.81
2017-09-18,10.149999618530273,3.68,0.559158001976331,0.83
2017-09-19,10.180000305175781,3.66,0.5424285436165898,0.84
2017-09-20,9.779999732971191,3.6,0.5233478509369098,0.83
2017-09-21,9.670000076293945,3.62,0.5050672883379993,0.82
2017-09-22,9.59000015258789,3.64,0.4972439328552654,0.8
2017-09-25,10.210000038146973,3.66,0.4813923515402212,0.78
2017-09-26,10.170000076293945,3.62,0.4724700804630876,0.79
2017-09-27,9.869999885559082,3.57,0.45953016313235906,0.84
2017-09-28,9.550000190734863,3.57,0.4674440212116992,0.86
2017-09-29,9.510000228881836,3.54,0.4564517867658046,0.86
2017-10-02,9.449999809265137,3.55,0.4611498526766998,0.85
2017-10-03,9.510000228881836,3.55,0.47350982887133947,0.86
2017-10-04,9.630000114440918,3.54,0.46596459754390274,0.86
2017-10-05,9.1899995803833,3.52,0.45508664428883344,0.86
2017-10-06,9.649999618530273,3.52,0.48881641543533183,0.83
2017-10-10,10.079999923706055,3.52,0.4652586124674623,0.84
2017-10-11,9.850000381469727,3.52,0.4617761434101213,0.84
2017-10-12,9.90999984741211,3.56,0.45276548755355417,0.82
2017-10-13,9.609999656677246,3.6,0.4444264934757867,0.77
2017-10-16,9.90999984741211,3.53,0.4359875184629626,0.76
2017-10-17,10.3100004196167,3.5,0.4289069374609632,0.76
2017-10-18,10.069999694824219,3.46,0.4207941564245135,0.75
2017-10-19,10.050000190734863,3.48,0.41425794688198825,0.75
2017-10-20,9.970000267028809,3.42,0.4071600171451245,0.79
2017-10-23,11.069999694824219,3.4,0.4389684299098919,0.8
2017-10-24,11.15999984741211,3.38,0.4499789627718805,0.82
2017-10-25,11.229999542236328,3.42,0.4431245685499355,0.83
2017-10-26,11.300000190734863,3.41,0.465956471685074,0.83
2017-10-27,9.800000190734863,3.44,0.4554296447336895,0.83
2017-10-30,10.5,3.49,0.5265497407195684,0.79
2017-10-31,10.180000305175781,3.51,0.5241582096287927,0.78
2017-11-01,10.199999809265137,3.48,0.5085393172935905,0.76
2017-11-02,9.930000305175781,3.52,0.4936777985059499,0.74
2017-11-03,9.140000343322754,3.52,0.47831910884726037,0.71
2017-11-06,9.399999618530273,3.55,0.47858042400732415,0.71
2017-11-07,9.890000343322754,3.57,0.467649586422839,0.69
2017-11-08,9.779999732971191,3.67,0.45536791551702277,0.67
2017-11-09,10.5,3.79,0.4476399638417993,0.7
2017-11-10,11.289999961853027,3.76,0.45474654062511616,0.73
2017-11-13,11.5,3.77,0.44328929927008176,0.7
2017-11-14,11.59000015258789,3.84,0.4341171831452231,0.7
2017-11-15,13.130000114440918,3.97,0.4323641984003081,0.65
2017-11-16,11.760000228881836,3.79,0.457784925107052,0.65
2017-11-17,11.430000305175781,3.76,0.5344280820918799,0.62
2017-11-20,10.649999618530273,3.7,0.5250284233337653,0.6
2017-11-21,9.729999542236328,3.66,0.5098967129943367,0.59
2017-11-22,9.880000114440918,3.7,0.5425201927243593,0.58
2017-11-24,9.670000076293945,3.67,0.5231780434609395,0.59
2017-11-27,9.869999885559082,3.66,0.5111034149969537,0.58
2017-11-28,10.029999732971191,3.67,0.4941514922130075,0.59
2017-11-29,10.699999809265137,3.64,0.5936654980804768,0.59
2017-11-30,11.279999732971191,3.61,0.5691402721063931,0.64
2017-12-01,11.430000305175781,3.63,0.6250017150254888,0.59
2017-12-04,11.680000305175781,3.58,0.6016805477194282,0.57
2017-12-05,11.329999923706055,3.57,0.5775871973540739,0.53
2017-12-06,11.020000457763672,3.63,0.5681250466200538,0.55
2017-12-07,10.15999984741211,3.63,0.5455492984708487,0.57
2017-12-08,9.579999923706055,3.63,0.5363279684175112,0.58
2017-12-11,9.34000015258789,3.61,0.5502426025125706,0.57
2017-12-12,9.920000076293945,3.58,0.5395297975499633,0.57
2017-12-13,10.180000305175781,3.64,0.5231738178805544,0.57
2017-12-14,10.489999771118164,3.63,0.5047696787083366,0.53
2017-12-15,9.420000076293945,3.64,0.5085052395941109,0.51
2017-12-18,9.529999732971191,3.64,0.5699809597599937,0.55
2017-12-19,10.029999732971191,3.6,0.58976929403891,0.59
2017-12-20,9.720000267028809,3.58,0.5808459369464026,0.62
2017-12-21,9.619999885559082,3.57,0.5573744712518742,0.59
2017-12-22,9.899999618530273,3.56,0.5405089106245147,0.57
2017-12-26,10.25,3.57,0.520527487171409,0.55
2017-12-27,10.470000267028809,3.59,0.5040863142608094,0.53
2017-12-28,10.180000305175781,3.55,0.48780638752652145,0.52
2017-12-29,11.039999961853027,3.58,0.4782204337910948,0.51
2018-01-02,9.770000457763672,3.55,0.4824803314075926,0.54
2018-01-03,9.149999618530273,3.48,0.5298007211660399,0.5
2018-01-04,9.220000267028809,3.4,0.5559026911391469,0.5
2018-01-05,9.220000267028809,3.36,0.5540957748826211,0.51
2018-01-08,9.520000457763672,3.35,0.5807589088592421,0.53
2018-01-09,10.079999923706055,3.33,0.5606149612932777,0.57
2018-01-10,9.819999694824219,3.42,0.5444044714231849,0.57
2018-01-11,9.880000114440918,3.4,0.526681402400687,0.56
2018-01-12,10.15999984741211,3.37,0.5674566651529899,0.56
2018-01-16,11.65999984741211,3.34,0.5899716634491917,0.51
2018-01-17,11.90999984741211,3.34,0.577808621163055,0.52
2018-01-18,12.220000267028809,3.35,0.645202684229572,0.57
2018-01-19,11.270000457763672,3.35,0.6185549852357528,0.58
2018-01-22,11.029999732971191,3.32,0.612175848382654,0.58
2018-01-23,11.100000381469727,3.31,0.6499157069164463,0.57
2018-01-24,11.470000267028809,3.28,0.6244613889585421,0.57
2018-01-25,11.579999923706055,3.28,0.5969807310460402,0.55
2018-01-26,11.079999923706055,3.23,0.5719551482298003,0.53
2018-01-29,13.84000015258789,3.26,0.6796369735098629,0.59
2018-01-30,14.789999961853027,3.33,0.6874518219001724,0.6
2018-01-31,13.539999961853027,3.29,0.7463692790778043,0.58
2018-02-01,13.470000267028809,3.29,0.7087443832031545,0.62
2018-02-02,17.309999465942383,3.36,0.6751382214600987,0.69
2018-02-05,37.31999969482422,3.48,1.000265586779434,0.69
2018-02-06,29.979999542236328,3.6,1.7606736227347588,0.69
2018-02-07,27.729999542236328,3.46,1.7838051763006177,0.69
2018-02-08,33.459999084472656,3.59,1.681730819816746,0.72
2018-02-09,29.059999465942383,3.82,2.0625867137697242,0.78
2018-02-12,25.610000610351562,3.71,1.9993288969750234,0.77
2018-02-13,24.969999313354492,3.78,1.9393938438828255,0.73
2018-02-14,19.260000228881836,3.69,1.8180510498116547,0.74
2018-02-15,19.1299991607666,3.57,1.765706535028535,0.71
2018-02-16,19.459999084472656,3.5,1.712035572346434,0.66
2018-02-20,20.600000381469727,3.48,1.6042321988695676,0.63
2018-02-21,20.020000457763672,3.46,1.5196390392809556,0.68
2018-02-22,18.719999313354492,3.53,1.4356395132901472,0.67
2018-02-23,16.489999771118164,3.58,1.3477258975805193,0.63
2018-02-26,15.800000190734863,3.5,1.3797680177327354,0.64
2018-02-27,18.59000015258789,3.47,1.355932568695073,0.63
2018-02-28,19.850000381469727,3.47,1.345899434728146,0.62
2018-03-01,22.469999313354492,3.59,1.3122912954405863,0.59
2018-03-02,19.59000015258789,3.65,1.3335972437414885,0.61
2018-03-05,18.729999542236328,3.59,1.2648289433535407,0.64
2018-03-06,18.360000610351562,3.53,1.2537280441953935,0.63
2018-03-07,17.760000228881836,3.56,1.1811942621791571,0.64
2018-03-08,16.540000915527344,3.56,1.1106369968121361,0.61
2018-03-09,14.640000343322754,3.53,1.0585309027042678,0.63
2018-03-12,15.779999732971191,3.55,1.163698909095622,0.6
2018-03-13,16.350000381469727,3.58,1.0952015065504341,0.58
2018-03-14,17.229999542236328,3.62,1.0552083210597127,0.55
2018-03-15,16.59000015258789,3.62,1.00973961641508,0.53
2018-03-16,15.800000190734863,3.6,0.9523763112676,0.54
2018-03-19,19.020000457763672,3.65,0.8993303362170528,0.54
2018-03-20,18.200000762939453,3.62,0.9728704070551095,0.55
2018-03-21,17.860000610351562,3.6,0.9194014687450449,0.58
2018-03-22,23.34000015258789,3.7,0.8706252345609719,0.54
2018-03-23,24.8700008392334,3.74,1.205675723051791,0.54
2018-03-26,21.030000686645508,3.73,1.3589151347430954,0.52
2018-03-27,22.5,3.75,1.5842347250650637,0.52
2018-03-28,22.8700008392334,3.77,1.6007858134102357,0.49
2018-03-29,19.969999313354492,3.79,1.504155592694857,0.47
2018-04-02,23.6200008392334,3.77,1.4782962721257098,0.48
2018-04-03,21.100000381469727,3.71,1.581009690214495,0.51
2018-04-04,20.059999465942383,3.71,1.5470782688564142,0.51
2018-04-05,18.940000534057617,3.59,1.497185383537653,0.53
2018-04-06,21.489999771118164,3.64,1.4306242140140382,0.5
2018-04-09,21.770000457763672,3.61,1.5547087775532185,0.49
2018-04-10,20.469999313354492,3.52,1.46775038927101,0.48
2018-04-11,20.239999771118164,3.5,1.4822795754147087,0.47
2018-04-12,18.489999771118164,3.42,1.4023370021836117,0.49
2018-04-13,17.40999984741211,3.38,1.3465480268883283,0.45
2018-04-16,16.559999465942383,3.33,1.2682683980401401,0.44
2018-04-17,15.25,3.29,1.2250154620194458,0.41
2018-04-18,15.600000381469727,3.24,1.2093574757264627,0.45
2018-04-19,15.960000038146973,3.33,1.136996089107688,0.48
2018-04-20,16.8799991607666,3.33,1.086939951549078,0.5
2018-04-23,16.34000015258789,3.36,1.065204120504304,0.49
2018-04-24,18.020000457763672,3.41,1.003008921716959,0.52
2018-04-25,17.84000015258789,3.47,1.056628336271283,0.54
2018-04-26,16.239999771118164,3.43,0.998751045331532,0.51
2018-04-27,15.40999984741211,3.44,1.0051162559879843,0.47
2018-04-30,15.930000305175781,3.46,0.9479025981095137,0.46
2018-05-01,15.489999771118164,3.47,0.9338942467335847,0.47
2018-05-02,15.970000267028809,3.45,0.8836132827273794,0.48
2018-05-03,15.899999618530273,3.5,0.867323467817717,0.45
2018-05-04,14.770000457763672,3.49,0.8235433691314867,0.44
2018-05-07,14.75,3.46,0.8989860016381305,0.46
2018-05-08,14.710000038146973,3.46,0.8572915486626194,0.46
2018-05-09,13.420000076293945,3.43,0.8106978979656992,0.46
2018-05-10,13.229999542236328,3.41,0.8375610540628667,0.43
2018-05-11,12.649999618530273,3.4,0.8561398998227899,0.43
2018-05-14,12.930000305175781,3.37,0.8165513813701247,0.45
2018-05-15,14.630000114440918,3.36,0.7733074308608244,0.5
2018-05-16,13.420000076293945,3.37,0.7717498470478491,0.51
2018-05-17,13.430000305175781,3.36,0.7463063839955049,0.54
2018-05-18,13.420000076293945,3.41,0.7090863680004826,0.51
2018-05-21,13.079999923706055,3.4,0.6798990458515687,0.48
2018-05-22,13.220000267028809,3.39,0.6980423067007138,0.47
2018-05-23,12.579999923706055,3.48,0.6711932258291822,0.48
2018-05-24,12.529999732971191,3.49,0.6466685911011443,0.48
2018-05-25,13.220000267028809,3.53,0.6212328124001224,0.45
2018-05-29,17.020000457763672,3.75,0.599655823010836,0.45
2018-05-30,14.9399995803833,3.64,0.7012889750284801,0.42
2018-05-31,15.430000305175781,3.63,0.8111473119509945,0.43
2018-06-01,13.460000038146973,3.55,0.7973663286356764,0.42
2018-06-04,12.739999771118164,3.49,0.8284536679221239,0.42
2018-06-05,12.399999618530273,3.5,0.8012689590033913,0.43
2018-06-06,11.640000343322754,3.44,0.7594720422031621,0.45
2018-06-07,12.130000114440918,3.44,0.7766621397237686,0.43
2018-06-08,12.180000305175781,3.45,0.7364042525467788,0.43
2018-06-11,12.350000381469727,3.39,0.7068840331204258,0.44
2018-06-12,12.34000015258789,3.38,0.6738623184662266,0.42
2018-06-13,12.9399995803833,3.33,0.6435752152702335,0.39
2018-06-14,12.119999885559082,3.31,0.6242793217832046,0.35
2018-06-15,11.979999542236328,3.33,0.6030458173943074,0.38
2018-06-18,12.3100004196167,3.34,0.5789990180490495,0.36
2018-06-19,13.350000381469727,3.4,0.560001678359561,0.35
2018-06-20,12.789999961853027,3.34,0.5544773599502172,0.37
2018-06-21,14.640000343322754,3.39,0.5364068616265858,0.34
2018-06-22,13.770000457763672,3.39,0.561175833511282,0.34
2018-06-25,17.329999923706055,3.47,0.5429103073199629,0.33
2018-06-26,15.920000076293945,3.48,0.7076103182216716,0.35
2018-06-27,17.90999984741211,3.56,0.6773276975668353,0.31
2018-06-28,16.850000381469727,3.64,0.707164604372395,0.32
2018-06-29,16.09000015258789,3.61,0.7011937445042825,0.33
2018-07-02,15.600000381469727,3.78,0.668930044405494,0.3
2018-07-03,16.139999389648438,3.77,0.6418049800664096,0.3
2018-07-05,14.970000267028809,3.74,0.6249209327023327,0.29
2018-07-06,13.369999885559082,3.74,0.6608107177705279,0.29
2018-07-09,12.6899995803833,3.65,0.6949143352108461,0.29
2018-07-10,12.640000343322754,3.59,0.7312016235578833,0.28
2018-07-11,13.630000114440918,3.66,0.7057568575998464,0.27
2018-07-12,12.579999923706055,3.61,0.7182282264912904,0.25
2018-07-13,12.180000305175781,3.62,0.7514898178499936,0.24
2018-07-16,12.829999923706055,3.59,0.7137668788004288,0.26
2018-07-17,12.0600004196167,3.58,0.6793033026033692,0.24
2018-07-18,12.100000381469727,3.56,0.6620680555829527,0.28
2018-07-19,12.869999885559082,3.59,0.6354274882798416,0.24
2018-07-20,12.859999656677246,3.55,0.6209301128317052,0.29
2018-07-23,12.619999885559082,3.5,0.5949366856770079,0.32
2018-07-24,12.40999984741211,3.47,0.5735590898488461,0.32
2018-07-25,12.289999961853027,3.48,0.577505117397562,0.28
2018-07-26,12.140000343322754,3.42,0.6278568949739319,0.29
2018-07-27,13.029999732971191,3.42,0.6055349218994781,0.29
2018-07-30,14.260000228881836,3.43,0.6260158941921874,0.32
2018-07-31,12.829999923706055,3.46,0.6253970477042485,0.29
2018-08-01,13.149999618530273,3.43,0.6217038738005022,0.33
2018-08-02,12.1899995803833,3.43,0.5971542940250858,0.32
2018-08-03,11.640000343322754,3.43,0.6023721610246425,0.32
2018-08-06,11.270000457763672,3.43,0.595568304640093,0.3
2018-08-07,10.930000305175781,3.35,0.5845327313381157,0.3
2018-08-08,10.850000381469727,3.37,0.5720560001638534,0.28
2018-08-09,11.270000457763672,3.38,0.5492769683525722,0.29
2018-08-10,13.15999984741211,3.5,0.5305341390195413,0.26
2018-08-13,14.779999732971191,3.52,0.5624008943492869,0.27
2018-08-14,13.3100004196167,3.48,0.5558525200161664,0.26
2018-08-15,14.640000343322754,3.55,0.578400513316801,0.25
2018-08-16,13.449999809265137,3.49,0.6131195742725746,0.24
2018-08-17,12.640000343322754,3.49,0.6500953324636044,0.26
2018-08-20,12.489999771118164,3.52,0.6321981303477677,0.22
2018-08-21,12.859999656677246,3.48,0.6084589058051739,0.24
2018-08-22,12.25,3.48,0.5879092583614831,0.22
2018-08-23,12.40999984741211,3.47,0.5638826646888692,0.21
2018-08-24,11.989999771118164,3.46,0.5436257201570002,0.19
2018-08-27,12.15999984741211,3.43,0.5634030079496186,0.18
2018-08-28,12.5,3.4,0.6065007027570314,0.21
2018-08-29,12.25,3.39,0.5806849954651359,0.22
2018-08-30,13.529999732971191,3.44,0.5874179871765591,0.22
2018-08-31,12.859999656677246,3.49,0.5804921172796899,0.24
2018-09-04,13.15999984741211,3.46,0.5567552496081828,0.24
2018-09-05,13.90999984741211,3.49,0.5385370218212272,0.24
2018-09-06,14.649999618530273,3.52,0.527075349096664,0.24
2018-09-07,14.880000114440918,3.48,0.518998979903919,0.23
2018-09-10,14.15999984741211,3.46,0.5055344851897047,0.21
2018-09-11,13.220000267028809,3.4,0.4925433617391094,0.22
2018-09-12,13.140000343322754,3.38,0.49067187119880035,0.23
2018-09-13,12.369999885559082,3.35,0.4754953650391086,0.21
2018-09-14,12.069999694824219,3.29,0.5053266623037959,0.21
2018-09-17,13.680000305175781,3.29,0.48866810721279674,0.21
2018-09-18,12.789999961853027,3.24,0.5083759491852887,0.24
2018-09-19,11.75,3.24,0.5262434366421536,0.27
2018-09-20,11.800000190734863,3.25,0.5088831968970147,0.26
2018-09-21,11.680000305175781,3.25,0.5664093804745354,0.26
2018-09-24,12.199999809265137,3.28,0.544879778395976,0.25
2018-09-25,12.420000076293945,3.26,0.5370461388573832,0.27
2018-09-26,12.890000343322754,3.27,0.5183188101147674,0.23
2018-09-27,12.40999984741211,3.25,0.5111173453438417,0.23
2018-09-28,12.119999885559082,3.24,0.5033161933109254,0.24
2018-10-01,12.0,3.22,0.4868307598872482,0.27
2018-10-02,12.050000190734863,3.22,0.48715368268126935,0.23
2018-10-03,11.609999656677246,3.16,0.47268915246330495,0.3
2018-10-04,14.220000267028809,3.29,0.45964495673595596,0.32
2018-10-05,14.819999694824219,3.32,0.5242857483820601,0.35
2018-10-09,15.949999809265137,3.41,0.5219577517363837,0.33
2018-10-10,22.959999084472656,3.51,0.5062118633926588,0.34
2018-10-11,24.979999542236328,3.58,1.222150771178287,0.29
2018-10-12,21.309999465942383,3.54,1.3857052430217165,0.3
2018-10-15,21.299999237060547,3.49,1.386313359028027,0.31
2018-10-16,17.6200008392334,3.45,1.3157960144359278,0.29
2018-10-17,17.399999618530273,3.45,1.4468591058263476,0.3
2018-10-18,20.059999465942383,3.51,1.3574202481386344,0.3
2018-10-19,19.889999389648438,3.51,1.371142204667079,0.28
2018-10-22,19.639999389648438,3.52,1.287140784395609,0.28
2018-10-23,20.709999084472656,3.65,1.2190369546463922,0.28
2018-10-24,25.229999542236328,3.68,1.1593808483188233,0.26
2018-10-25,24.219999313354492,3.72,1.5282355955113072,0.28
2018-10-26,24.15999984741211,3.85,1.5610286456071618,0.27
2018-10-29,24.700000762939453,3.84,1.588581679774032,0.27
2018-10-30,23.350000381469727,3.89,1.5017675483315434,0.28
2018-10-31,21.229999542236328,3.81,1.4986470920143236,0.28
2018-11-01,19.34000015258789,3.81,1.453403973155731,0.3
2018-11-02,19.510000228881836,3.72,1.4123943090557853,0.31
2018-11-05,19.959999084472656,3.72,1.3413867137657405,0.29
2018-11-06,19.90999984741211,3.68,1.2738204632885481,0.29
2018-11-07,16.360000610351562,3.6,1.2165403533640982,0.26
2018-11-08,16.719999313354492,3.57,1.360471426758499,0.26
2018-11-09,17.360000610351562,3.71,1.2786470520077933,0.25
2018-11-13,20.020000457763672,3.89,1.3444214783798873,0.25
2018-11-14,21.25,3.99,1.2638468667387321,0.26
2018-11-15,19.979999542236328,4.11,1.2110710430788278,0.25
2018-11-16,18.139999389648438,4.18,1.1942774486212253,0.27
2018-11-19,20.100000381469727,4.25,1.126339441145381,0.27
2018-11-20,22.479999542236328,4.33,1.2146745409870265,0.27
2018-11-21,20.799999237060547,4.24,1.3137864811183668,0.25
2018-11-23,21.520000457763672,4.29,1.2393642322990293,0.24
2018-11-26,18.899999618530273,4.26,1.1876898909066231,0.23
2018-11-27,19.020000457763672,4.31,1.2479906395751275,0.23
2018-11-28,18.489999771118164,4.25,1.1783886982034608,0.25
2018-11-29,18.790000915527344,4.22,1.3621044316472333,0.22
2018-11-30,18.06999969482422,4.29,1.2808658521271297,0.21
2018-12-03,16.440000534057617,4.2,1.2215598787464796,0.15
2018-12-04,20.739999771118164,4.29,1.235956943207198,0.11
2018-12-06,21.190000534057617,4.5,1.6319188914188327,0.12
2018-12-07,23.229999542236328,4.5,1.5305181091699434,0.13
2018-12-10,22.639999389648438,4.56,1.652105224507585,0.13
2018-12-11,21.760000228881836,4.48,1.549802392378532,0.11
2018-12-12,21.459999084472656,4.4,1.453197848664348,0.14
2018-12-13,20.649999618530273,4.39,1.3744633549093992,0.16
2018-12-14,21.6299991607666,4.46,1.29014345123948,0.16
2018-12-17,24.520000457763672,4.58,1.3744357481811376,0.16
2018-12-18,25.579999923706055,4.72,1.462810725448185,0.17
2018-12-19,25.579999923706055,4.84,1.3727737696468973,0.14
2018-12-20,28.3799991607666,5.11,1.3914341017237521,0.12
2018-12-21,30.110000610351562,5.22,1.4253309227891382,0.16
2018-12-24,36.06999969482422,5.35,1.5191403274900386,0.19
2018-12-26,30.40999984741211,5.37,1.7024310130183198,0.2
2018-12-27,29.959999084472656,5.38,2.342627002224062,0.21
2018-12-28,28.34000015258789,5.3,2.208004863540579,0.2
2018-12-31,25.420000076293945,5.33,2.0668593344840245,0.21
2019-01-02,23.219999313354492,5.35,1.9584531578850555,0.16
2019-01-03,25.450000762939453,5.44,1.8341117092875827,0.17
2019-01-04,21.3799991607666,5.05,1.9125402480173734,0.17
2019-01-07,21.399999618530273,4.83,2.1266269582107267,0.17
2019-01-08,20.469999313354492,4.65,2.009183993289132,0.15
2019-01-09,19.979999542236328,4.52,1.90898399986514,0.18
2019-01-10,19.5,4.54,1.7950086578504478,0.18
2019-01-11,18.190000534057617,4.55,1.6859369799420751,0.16
2019-01-14,19.06999969482422,4.6,1.5799548665992278,0.18
2019-01-15,18.600000381469727,4.55,1.4964715047269168,0.19
2019-01-16,19.040000915527344,4.44,1.4585202303025608,0.18
2019-01-17,18.059999465942383,4.4,1.370835532693931,0.19
2019-01-18,17.799999237060547,4.27,1.3133308195660804,0.17
2019-01-22,20.799999237060547,4.41,1.316334484180561,0.16
2019-01-23,19.520000457763672,4.39,1.32362454992101,0.18
2019-01-24,18.889999389648438,4.45,1.244964582567471,0.16
2019-01-25,17.420000076293945,4.34,1.1699112745582982,0.16
2019-01-28,18.8700008392334,4.41,1.138510449953486,0.15
2019-01-29,19.1299991607666,4.4,1.1033900178454223,0.16
2019-01-30,17.65999984741211,4.36,1.039418574802712,0.18
2019-01-31,16.56999969482422,4.37,1.1213846678290615,0.18
2019-02-01,16.139999389648438,4.29,1.0980949866228582,0.18
2019-02-04,15.729999542236328,4.25,1.0336174191294338,0.2
2019-02-05,15.569999694824219,4.15,1.0038376498163524,0.18
2019-02-06,15.380000114440918,4.13,0.9572925596386176,0.18
2019-02-07,16.3700008392334,4.29,0.904252232371225,0.17
2019-02-08,15.720000267028809,4.32,0.9168187754811635,0.18
2019-02-11,15.970000267028809,4.28,0.8667093893882092,0.17
2019-02-12,15.430000305175781,4.17,0.8196159442348204,0.18
2019-02-13,15.649999618530273,4.12,0.8943622427209953,0.18
2019-02-14,16.219999313354492,4.17,0.8524205310597648,0.16
2019-02-15,14.90999984741211,4.12,0.8099016435797587,0.14
2019-02-19,14.880000114440918,4.11,0.8547471768569296,0.15
2019-02-20,14.020000457763672,4.08,0.8105883019307707,0.15
2019-02-21,14.460000038146973,4.04,0.7708264667784963,0.16
2019-02-22,13.510000228881836,4.05,0.7414631107459004,0.17
2019-02-25,14.850000381469727,4.0,0.7361568709328602,0.16
2019-02-26,15.170000076293945,4.01,0.700750358998767,0.16
2019-02-27,14.699999809265137,3.94,0.6671119315511808,0.19
2019-02-28,14.779999732971191,3.92,0.6359973530204561,0.21
2019-03-01,13.569999694824219,3.86,0.6108202235394572,0.21
2019-03-04,14.630000114440918,3.9,0.6232451108123931,0.17
2019-03-05,14.739999771118164,3.91,0.6090699270370683,0.17
2019-03-06,15.739999771118164,3.98,0.5847064864210643,0.17
2019-03-07,16.59000015258789,4.1,0.599139785745747,0.17
2019-03-08,16.049999237060547,4.18,0.6439376488992795,0.17
2019-03-11,14.329999923706055,4.12,0.6185583872481508,0.17
2019-03-12,13.770000457763672,4.08,0.7751749569799823,0.16
2019-03-13,13.40999984741211,3.99,0.7466073278537498,0.16
2019-03-14,13.5,3.95,0.7450233354643965,0.17
2019-03-15,12.880000114440918,3.95,0.7076474185810901,0.16
2019-03-18,13.100000381469727,3.95,0.694489898796126,0.15
2019-03-19,13.5600004196167,3.91,0.6728035422774044,0.15
2019-03-20,13.90999984741211,3.97,0.6410912803605393,0.14
2019-03-21,13.630000114440918,3.92,0.6209481128371556,0.13
2019-03-22,16.479999542236328,4.03,0.7107754090410494,0.13
2019-03-25,16.329999923706055,4.13,0.956177935085609,0.17
2019-03-26,14.680000305175781,4.09,0.9024353270602898,0.17
2019-03-27,15.149999618530273,4.09,0.8907039967208132,0.17
2019-03-28,14.430000305175781,4.08,0.8610968452698766,0.16
2019-03-29,13.710000038146973,3.99,0.8247881346510519,0.14
2019-04-01,13.399999618530273,3.94,0.8107939678583052,0.16
2019-04-02,13.359999656677246,3.95,0.87059465400771,0.18
2019-04-03,13.739999771118164,3.9,0.8231513408241277,0.19
2019-04-04,13.579999923706055,3.9,0.7811323410574454,0.18
2019-04-05,12.819999694824219,3.86,0.7462301231912347,0.15
2019-04-08,13.180000305175781,3.84,0.7280681074022983,0.16
2019-04-09,14.279999732971191,3.86,0.6922271071344009,0.16
2019-04-10,13.300000190734863,3.86,0.6826687357669433,0.17
2019-04-11,13.020000457763672,3.79,0.6607845217648619,0.16
2019-04-12,12.010000228881836,3.68,0.6301041111291017,0.16
2019-04-15,12.319999694824219,3.68,0.6461122789296482,0.15
2019-04-16,12.180000305175781,3.64,0.6170301477508942,0.19
2019-04-17,12.600000381469727,3.67,0.5904854981337923,0.19
2019-04-18,12.09000015258789,3.73,0.572237868336672,0.19
2019-04-22,12.420000076293945,3.73,0.5534992354827499,0.21
2019-04-23,12.279999732971191,3.72,0.5330715785044622,0.21
2019-04-24,13.140000343322754,3.73,0.6008066768605402,0.21
2019-04-25,13.25,3.75,0.5804254306885491,0.21
2019-04-26,12.729999542236328,3.76,0.5571063247922639,0.23
2019-04-29,13.109999656677246,3.73,0.5593807688425835,0.24
2019-04-30,13.119999885559082,3.73,0.5403257530047845,0.24
2019-05-01,14.800000190734863,3.71,0.520585086795112,0.21
2019-05-02,14.420000076293945,3.74,0.5669037501860297,0.2
2019-05-03,12.869999885559082,3.72,0.5495705408059165,0.21
2019-05-06,15.4399995803833,3.82,0.628017609246261,0.2
2019-05-07,19.31999969482422,3.89,0.6170014787359812,0.17
2019-05-08,19.399999618530273,3.87,0.8316722243541683,0.19
2019-05-09,19.100000381469727,3.99,0.7885539727872461,0.19
2019-05-10,16.040000915527344,4.01,0.7547446459945448,0.21
2019-05-13,20.549999237060547,4.2,0.7371579095143024,0.22
2019-05-14,18.059999465942383,4.13,1.1290756994057345,0.22
2019-05-15,16.440000534057617,4.17,1.107467567509928,0.21
2019-05-16,15.289999961853027,4.06,1.0618088257368015,0.2
2019-05-17,15.960000038146973,4.07,1.0500717245226834,0.19
2019-05-20,16.309999465942383,4.06,1.0144134523131427,0.2
2019-05-21,14.949999809265137,3.99,0.9834345867800295,0.17
2019-05-22,14.75,4.03,0.9784744442232,0.16
2019-05-23,16.920000076293945,4.22,0.928872911977061,0.19
2019-05-24,15.850000381469727,4.16,0.9756433444774607,0.16
2019-05-28,17.5,4.19,0.9234357350222148,0.14
2019-05-29,17.899999618530273,4.36,0.9304681950705077,0.16
2019-05-30,17.299999237060547,4.33,0.9090113588529551,0.16
2019-05-31,18.709999084472656,4.59,0.8636843723670441,0.19
2019-06-03,18.860000610351562,4.7,0.9432886163159506,0.25
2019-06-04,16.969999313354492,4.53,0.8945351554810849,0.24
2019-06-05,16.09000015258789,4.48,1.1281743284122148,0.29
2019-06-06,15.930000305175781,4.42,1.1030096022848677,0.24
2019-06-07,16.299999237060547,4.37,1.0622681276652512,0.24
2019-06-10,15.9399995803833,4.23,1.0586134072012392,0.25
2019-06-11,15.989999771118164,4.2,1.0095434164706498,0.22
2019-06-12,15.90999984741211,4.22,0.951476191369354,0.25
2019-06-13,15.819999694824219,4.24,0.8998101867174909,0.27
2019-06-14,15.279999732971191,4.23,0.8619501226836187,0.25
2019-06-17,15.350000381469727,4.23,0.8159045345574291,0.23
2019-06-18,15.149999618530273,4.14,0.7726468968643967,0.2
2019-06-19,14.329999923706055,4.16,0.8174862005234944,0.29
2019-06-20,14.75,4.03,0.7779608950570241,0.29
2019-06-21,15.399999618530273,3.95,0.8084396710323877,0.3
2019-06-24,15.260000228881836,4.0,0.7673277731553895,0.3
2019-06-25,16.280000686645508,4.09,0.7290539496426469,0.29
2019-06-26,16.209999084472656,4.05,0.7729310299939562,0.28
2019-06-27,15.819999694824219,4.09,0.7337831574706761,0.27
2019-06-28,15.079999923706055,4.07,0.7077737381064663,0.25
2019-07-01,14.0600004196167,3.99,0.6963933439611408,0.25
2019-07-02,12.930000305175781,4.04,0.7335168169384395,0.21
2019-07-03,12.569999694824219,4.02,0.7025786194178562,0.19
2019-07-05,13.279999732971191,3.98,0.7235194365837411,0.17
2019-07-08,13.960000038146973,4.0,0.6886830222603493,0.17
2019-07-09,14.09000015258789,4.03,0.6830544738159552,0.15
2019-07-10,13.029999732971191,4.01,0.6518667595145723,0.25
2019-07-11,12.930000305175781,4.0,0.6436221174219087,0.28
2019-07-12,12.390000343322754,4.02,0.6197145300339103,0.28
2019-07-15,12.680000305175781,4.0,0.6125520176775799,0.26
2019-07-16,12.859999656677246,3.96,0.5860742251052233,0.26
2019-07-17,13.970000267028809,4.01,0.5729731551869351,0.23
2019-07-18,13.529999732971191,4.11,0.5990714057137978,0.27
2019-07-19,14.449999809265137,4.07,0.5875980036551518,0.25
2019-07-22,13.529999732971191,4.06,0.5956548461721497,0.25
2019-07-23,12.609999656677246,3.99,0.5769131605697263,0.25
2019-07-24,12.069999694824219,3.98,0.6065055709928605,0.22
2019-07-25,12.739999771118164,3.93,0.6029483886143135,0.22
2019-07-26,12.15999984741211,3.89,0.6007853427324359,0.22
2019-07-29,12.829999923706055,3.93,0.6204106315748434,0.21
2019-07-30,13.9399995803833,3.97,0.5965141156304278,0.21
2019-07-31,16.1200008392334,3.93,0.5777083382783548,0.13
2019-08-01,17.8700008392334,4.1,0.6736093428398686,0.17
2019-08-02,17.610000610351562,4.19,0.7103126678889518,0.14
2019-08-05,24.59000015258789,4.53,0.7248351134160306,0.16
2019-08-06,20.170000076293945,4.46,1.2664186033356926,0.13
2019-08-07,19.489999771118164,4.52,1.2846314805204273,0.12
2019-08-08,16.90999984741211,4.31,1.2067830969191975,0.1
2019-08-09,17.969999313354492,4.31,1.3206100982008604,0.11
2019-08-12,21.09000015258789,4.4,1.2626500863769192,0.07
2019-08-13,17.520000457763672,4.25,1.2604600117161189,0.02
2019-08-14,22.100000381469727,4.49,1.3002734269857144,0.01
2019-08-15,21.18000030517578,4.52,1.6069948996949068,0.04
2019-08-16,18.469999313354492,4.47,1.5092013934152322,0.07
2019-08-19,16.8799991607666,4.36,1.504407444741202,0.07
2019-08-20,17.5,4.35,1.4712190011917832,0.05
2019-08-21,15.800000190734863,4.21,1.4057908245659079,0.03
2019-08-22,16.68000030517578,4.16,1.349020045132179,0.01
2019-08-23,19.8700008392334,4.25,1.2664845151042352,0.01
2019-08-26,19.31999969482422,4.22,1.4952775380035839,0.0
2019-08-27,20.309999465942383,4.19,1.453742753356327,-0.04
2019-08-28,19.350000381469727,4.17,1.3706561074057784,-0.03
2019-08-29,17.8799991607666,4.08,1.3095233725524504,-0.03
2019-08-30,18.979999542236328,4.09,1.306679328097467,0.0
2019-09-03,19.65999984741211,4.23,1.2271894338698293,0.0
2019-09-04,17.329999923706055,4.23,1.171184473698826,0.04
2019-09-05,16.270000457763672,4.07,1.1692398349708097,0.02
2019-09-06,15.0,4.05,1.1859582560792299,0.02
2019-09-09,15.270000457763672,3.99,1.1153083679529838,0.05
2019-09-10,15.199999809265137,3.9,1.0495881252576977,0.05
2019-09-11,14.609999656677246,3.92,0.9885598406064102,0.07
2019-09-12,14.220000267028809,3.85,0.9640921122218685,0.07
2019-09-13,13.739999771118164,3.83,0.9173047234586517,0.11
2019-09-16,14.670000076293945,3.8,0.8664245532260355,0.1
2019-09-17,14.4399995803833,3.81,0.8261716419372602,0.09
2019-09-18,13.949999809265137,3.82,0.7869329002057905,0.03
2019-09-19,14.050000190734863,3.77,0.7461386928749213,0.05
2019-09-20,15.319999694824219,3.81,0.7083255798686919,0.05
2019-09-23,14.90999984741211,3.84,0.6934732313607935,0.04
2019-09-24,17.049999237060547,3.9,0.6600238217730966,0.04
2019-09-25,15.960000038146973,3.91,0.6864679839849316,0.05
2019-09-26,16.06999969482422,3.95,0.6850248220012627,0.04
2019-09-27,17.219999313354492,3.99,0.6562549005531909,0.06
2019-09-30,16.239999771118164,4.02,0.6535124945855076,0.05
2019-10-01,18.559999465942383,4.08,0.643841741368835,0.09
2019-10-02,20.559999465942383,4.28,0.7423664790680456,0.12
2019-10-03,19.1200008392334,4.4,0.9389341122127002,0.15
2019-10-04,17.040000915527344,4.38,0.9305004468802456,0.12
2019-10-07,17.860000610351562,4.31,0.9951389406188272,0.1
2019-10-08,20.280000686645508,4.39,0.9501019913021248,0.12
2019-10-09,18.639999389648438,4.32,1.0488734319606898,0.12
2019-10-10,17.56999969482422,4.26,1.0411929731394944,0.14
2019-10-11,15.579999923706055,4.1,1.0084203318060558,0.13
2019-10-15,13.539999961853027,4.01,0.958134011127699,0.16
2019-10-16,13.680000305175781,4.01,0.9667158335006678,0.17
2019-10-17,13.789999961853027,4.0,0.9135182961080528,0.16
2019-10-18,14.25,4.02,0.868685956265714,0.18
2019-10-21,14.0,3.98,0.8352865014171977,0.18
2019-10-22,14.460000038146973,3.99,0.8246376323775079,0.18
2019-10-23,14.010000228881836,3.98,0.7888451652774828,0.19
2019-10-24,13.710000038146973,3.96,0.7544145155684301,0.19
2019-10-25,12.649999618530273,3.89,0.7181812107697991,0.17
2019-10-28,13.109999656677246,3.85,0.6973020914723996,0.21
2019-10-29,13.199999809265137,3.86,0.6917236276204987,0.2
2019-10-30,12.329999923706055,3.96,0.6584501412110487,0.17
2019-10-31,13.220000267028809,4.15,0.6368750584803299,0.17
2019-11-01,12.300000190734863,4.09,0.6152073760479477,0.17
2019-11-04,12.829999923706055,3.99,0.6702206190267077,0.19
2019-11-05,13.100000381469727,3.97,0.6537378843142633,0.23
2019-11-06,12.619999885559082,4.02,0.6247711129839633,0.2
2019-11-07,12.729999542236328,3.96,0.5971635391381892,0.24
2019-11-08,12.069999694824219,4.0,0.58483485216091,0.26
2019-11-12,12.680000305175781,4.0,0.5487349118203128,0.26
2019-11-13,13.0,4.05,0.5329667221895005,0.25
2019-11-14,13.050000190734863,4.08,0.5137398204021244,0.24
2019-11-15,12.050000190734863,4.06,0.4988042032107675,0.23
2019-11-18,12.460000038146973,4.09,0.54408325132774,0.21
2019-11-19,12.859999656677246,4.12,0.5243160600400734,0.19
2019-11-20,12.779999732971191,4.18,0.5058875855137613,0.17
2019-11-21,13.130000114440918,4.17,0.5060312022184379,0.17
2019-11-22,12.34000015258789,4.13,0.4924663889853329,0.16
2019-11-25,11.869999885559082,4.08,0.48326204804343564,0.15
2019-11-26,11.539999961853027,4.05,0.5403078826222325,0.16
2019-11-27,11.75,3.99,0.5261930332102427,0.14
2019-11-29,12.619999885559082,4.01,0.5305739344107907,0.17
2019-12-02,14.90999984741211,4.03,0.5275483097994226,0.22
2019-12-03,15.960000038146973,4.14,0.5890300970208017,0.19
2019-12-04,14.800000190734863,4.02,0.6111755265224468,0.19
2019-12-05,14.520000457763672,4.0,0.622665130147646,0.22
2019-12-06,13.619999885559082,3.89,0.5984645274500665,0.23
2019-12-09,15.859999656677246,3.88,0.6546804373914777,0.2
2019-12-10,15.680000305175781,3.84,0.63399132465616,0.2
2019-12-11,14.989999771118164,3.83,0.606774276155614,0.18
2019-12-12,13.9399995803833,3.7,0.5890107388496496,0.24
2019-12-13,12.630000114440918,3.71,0.6386640170780566,0.21
2019-12-16,12.140000343322754,3.62,0.6101565897909733,0.24
2019-12-17,12.289999961853027,3.58,0.6305409893155283,0.26
2019-12-18,12.579999923706055,3.51,0.60242769320855,0.29
2019-12-19,12.5,3.54,0.576732773163979,0.3
2019-12-20,12.510000228881836,3.53,0.5713570961446032,0.29
2019-12-23,12.609999656677246,3.52,0.569191679397608,0.29
2019-12-24,12.670000076293945,3.53,0.549054303119832,0.28
2019-12-26,12.649999618530273,3.53,0.5281963338738465,0.26
2019-12-27,13.430000305175781,3.56,0.5417858559382704,0.29
2019-12-30,14.819999694824219,3.6,0.5216764070082586,0.32
2019-12-31,13.779999732971191,3.6,0.538920990788509,0.34
2020-01-02,12.470000267028809,3.56,0.5258345373134374,0.3
2020-01-03,14.020000457763672,3.61,0.6018093711511886,0.27
2020-01-06,13.850000381469727,3.57,0.6340022660123904,0.27
2020-01-07,13.789999961853027,3.54,0.6198752554232116,0.29
2020-01-08,13.449999809265137,3.5,0.6006899924571083,0.29
2020-01-09,12.539999961853027,3.49,0.6041687657085762,0.27
2020-01-10,12.5600004196167,3.48,0.6243118934549621,0.27
2020-01-13,12.319999694824219,3.48,0.6050614070123805,0.27
2020-01-14,12.390000343322754,3.45,0.6263281411414733,0.24
2020-01-15,12.420000076293945,3.44,0.6008817399449995,0.23
2020-01-16,12.319999694824219,3.42,0.5806593796576626,0.23
2020-01-17,12.100000381469727,3.39,0.6271146577095985,0.26
2020-01-21,12.850000381469727,3.47,0.6089318469049442,0.25
2020-01-22,12.90999984741211,3.49,0.5866384135783611,0.24
2020-01-23,12.979999542236328,3.58,0.5623628242645227,0.23
2020-01-24,14.5600004196167,3.68,0.5417451191213547,0.21
2020-01-27,18.229999542236328,4.03,0.6072060447821801,0.17
2020-01-28,16.280000686645508,3.86,0.8086849678943966,0.2
2020-01-29,16.389999389648438,3.83,0.8474764903380875,0.18
2020-01-30,15.489999771118164,3.95,0.8021586112275064,0.16
2020-01-31,18.84000015258789,4.03,0.7681906582377678,0.18
2020-02-03,17.969999313354492,3.97,0.9683166906159028,0.18
2020-02-04,16.049999237060547,3.85,0.9489144483867967,0.2
2020-02-05,15.149999618530273,3.75,1.0386582054931826,0.22
2020-02-06,14.960000038146973,3.7,1.0568666331353305,0.21
2020-02-07,15.470000267028809,3.75,1.0021137157650157,0.18
2020-02-10,15.039999961853027,3.75,0.9626981205334018,0.19
2020-02-11,15.180000305175781,3.65,0.9442612959207026,0.18
2020-02-12,13.739999771118164,3.59,0.8930704969275864,0.18
2020-02-13,14.149999618530273,3.57,0.8728327599846222,0.17
2020-02-14,13.680000305175781,3.56,0.8258770524427181,0.17
2020-02-18,14.829999923706055,3.61,0.7837084099258119,0.14
2020-02-19,14.380000114440918,3.57,0.7482884588262863,0.14
2020-02-20,15.5600004196167,3.62,0.729440997035421,0.13
2020-02-21,17.079999923706055,3.66,0.7076392455948274,0.12
2020-02-24,25.030000686645508,4.03,0.7633376163190704,0.12
2020-02-25,27.850000381469727,4.18,1.379278418923848,0.13
2020-02-26,27.559999465942383,4.27,1.6801453958391714,0.17
2020-02-27,39.15999984741211,4.62,1.579720234026844,0.19
2020-02-28,40.11000061035156,5.04,2.17975550514741,0.27
2020-03-02,33.41999816894531,4.97,2.0452899173542387,0.26
2020-03-03,36.81999969482422,4.84,2.417294586930065,0.31
2020-03-04,31.989999771118164,4.75,2.477272950478204,0.35
2020-03-05,39.619998931884766,5.05,2.724766458278065,0.33
2020-03-06,41.939998626708984,5.64,2.806881717151573,0.25
2020-03-09,54.459999084472656,6.68,2.6883120026665654,0.16
2020-03-10,47.29999923706055,6.38,3.7856654436192008,0.26
2020-03-11,53.900001525878906,6.61,3.950190038228221,0.32
2020-03-12,75.47000122070312,7.42,4.081287945445266,0.38
2020-03-13,57.83000183105469,7.31,5.177068045064376,0.45
2020-03-16,82.69000244140625,8.38,5.617211498982791,0.37
2020-03-17,75.91000366210938,8.41,6.619380073475629,0.55
2020-03-18,76.44999694824219,9.04,6.449615825905653,0.64
2020-03-19,72.0,9.82,6.291461148827879,0.68
2020-03-20,66.04000091552734,10.09,5.878705187406664,0.55
2020-03-23,61.59000015258789,10.87,5.702738670356261,0.48
2020-03-24,61.66999816894531,10.55,5.404171618755053,0.46
2020-03-25,63.95000076293945,10.11,5.8831360410015545,0.54
2020-03-26,61.0,9.29,5.521192046827922,0.53
2020-03-27,65.54000091552734,8.99,5.524094131584288,0.47
2020-03-30,57.08000183105469,8.82,5.267831031842927,0.47
2020-03-31,53.540000915527344,8.77,5.0464469299343895,0.47
2020-04-01,57.060001373291016,9.11,4.744480662346446,0.39
2020-04-02,50.90999984741211,9.17,4.71444259723891,0.4
2020-04-03,46.79999923706055,9.43,4.476574737905449,0.39
2020-04-06,45.2400016784668,9.26,4.214076458336284,0.4
2020-04-07,46.70000076293945,8.88,4.54205639667646,0.47
2020-04-08,43.349998474121094,8.81,4.244784208846971,0.5
2020-04-09,41.66999816894531,7.96,4.130172081280486,0.5
2020-04-13,41.16999816894531,7.7,3.8957069509821647,0.51
2020-04-14,37.7599983215332,7.35,3.655157278727387,0.53
2020-04-15,40.84000015258789,7.64,3.563262392337264,0.43
2020-04-16,40.11000061035156,7.58,3.4137027033298626,0.41
2020-04-17,38.150001525878906,7.31,3.195648951239172,0.45
2020-04-20,43.83000183105469,7.52,3.128485007160794,0.43
2020-04-21,45.40999984741211,7.9,2.989770376102958,0.38
2020-04-22,41.97999954223633,7.85,2.9945199078729017,0.41
2020-04-23,41.380001068115234,7.87,2.902412829708548,0.39
2020-04-24,35.93000030517578,8.03,2.7140989131056585,0.38
2020-04-27,33.290000915527344,8.01,2.583715967079442,0.43
2020-04-28,33.56999969482422,8.02,2.4675901496333936,0.42
2020-04-29,31.229999542236328,7.87,2.3140121032763954,0.43
2020-04-30,34.150001525878906,7.63,2.3445858375638013,0.44
2020-05-01,37.189998626708984,7.7,2.217754165486649,0.44
2020-05-04,35.970001220703125,7.79,2.2758616724886633,0.45
2020-05-05,33.61000061035156,7.6,2.1317981221064626,0.47
2020-05-06,34.119998931884766,7.6,2.0208362698894415,0.55
2020-05-07,31.440000534057617,7.6,1.906647267297325,0.5
2020-05-08,27.979999542236328,7.52,1.833636429954023,0.53
2020-05-11,27.56999969482422,7.51,1.809946714417788,0.56
2020-05-12,33.040000915527344,7.42,1.6954055032836757,0.52
2020-05-13,35.279998779296875,7.61,1.7363876083645147,0.48
2020-05-14,32.61000061035156,7.77,1.741390423078807,0.47
2020-05-15,31.889999389648438,7.78,1.68325323394571,0.48
2020-05-18,29.299999237060547,7.41,1.58545551708113,0.55
2020-05-19,30.530000686645508,7.35,1.8165623181623956,0.53
2020-05-20,27.989999771118164,7.16,1.7390843567558631,0.52
2020-05-21,29.530000686645508,7.08,1.7316656172242508,0.51
2020-05-22,28.15999984741211,7.06,1.6402997229557486,0.49
2020-05-26,28.010000228881836,6.75,1.5388251355153926,0.51
2020-05-27,27.6200008392334,6.7,1.504589099649834,0.49
2020-05-28,28.59000015258789,6.6,1.5018206320408465,0.53
2020-05-29,27.510000228881836,6.71,1.4099965735698925,0.49
2020-06-01,28.229999542236328,6.43,1.3321432639456825,0.52
2020-06-02,26.84000015258789,6.18,1.2586085152188629,0.51
2020-06-03,25.65999984741211,5.8,1.216771634731635,0.58
2020-06-04,25.809999465942383,5.83,1.2326818519482285,0.63
2020-06-05,24.520000457763672,5.5,1.161970335792134,0.69
2020-06-08,25.809999465942383,5.51,1.4035090591615162,0.66
2020-06-09,27.56999969482422,5.75,1.3818852790793181,0.64
2020-06-10,27.56999969482422,5.92,1.3228899680560997,0.58
2020-06-11,40.790000915527344,6.4,1.257329792458481,0.47
2020-06-12,36.09000015258789,6.28,2.380400587920529,0.52
2020-06-15,34.400001525878906,6.25,2.265339033415052,0.52
2020-06-16,33.66999816894531,5.78,2.1443611538488567,0.54
2020-06-17,33.470001220703125,5.85,2.1138787749768535,0.55
2020-06-18,32.939998626708984,6.01,1.9839151811591318,0.52
2020-06-19,35.119998931884766,6.02,1.8575314571347854,0.51
2020-06-22,31.770000457763672,6.03,1.7511188171417849,0.52
2020-06-23,31.3700008392334,6.02,1.6556257637401899,0.54
2020-06-24,33.84000015258789,6.23,1.5598900495616097,0.5
2020-06-25,32.220001220703125,6.3,1.7169594136754514,0.51
2020-06-26,34.72999954223633,6.41,1.651043764888756,0.47
2020-06-29,31.780000686645508,6.52,1.7591068486034809,0.48
2020-06-30,30.43000030517578,6.44,1.7245023687050283,0.5
2020-07-01,28.6200008392334,6.33,1.6754394019674956,0.52
2020-07-02,27.68000030517578,6.17,1.588809059114641,0.52
2020-07-06,27.940000534057617,6.03,1.5016914741569107,0.53
2020-07-07,29.43000030517578,6.04,1.5059602355796606,0.49
2020-07-08,28.079999923706055,6.06,1.457746099287548,0.51
2020-07-09,29.260000228881836,6.14,1.3930079229150378,0.46
2020-07-10,27.290000915527344,6.14,1.3223456921198153,0.49
2020-07-13,32.189998626708984,6.01,1.2910106064411189,0.48
2020-07-14,29.520000457763672,6.03,1.2497416074622125,0.49
2020-07-15,27.760000228881836,5.81,1.2568131612660818,0.48
2020-07-16,28.0,5.76,1.2229173389503272,0.46
2020-07-17,25.68000030517578,5.74,1.1550149561623497,0.5
2020-07-20,24.459999084472656,5.54,1.0909354477658673,0.46
2020-07-21,24.84000015258789,5.33,1.0643723270653205,0.47
2020-07-22,24.31999969482422,5.28,1.0049512075045466,0.46
2020-07-23,26.079999923706055,5.26,0.9675680007488697,0.43
2020-07-24,25.84000015258789,5.29,1.0036737308338113,0.45
2020-07-27,24.739999771118164,5.24,0.972365613472136,0.47
2020-07-28,25.440000534057617,5.27,0.9512610526907695,0.45
2020-07-29,24.100000381469727,5.15,0.9244258181132178,0.46
2020-07-30,24.760000228881836,5.14,0.9708831156619828,0.44
2020-07-31,24.459999084472656,5.16,0.9240708846896327,0.44
2020-08-03,24.280000686645508,5.08,0.9143736002767894,0.45
2020-08-04,23.760000228881836,5.13,0.896444992186357,0.41
2020-08-05,22.989999771118164,5.04,0.8574100909725321,0.44
2020-08-06,22.649999618530273,5.06,0.838954115752125,0.44
2020-08-07,22.209999084472656,5.06,0.826962851556345,0.44
2020-08-10,22.1299991607666,5.09,0.7831244319488576,0.45
2020-08-11,24.030000686645508,5.03,0.749572656135598,0.48
2020-08-12,22.280000686645508,5.1,0.7677421645887544,0.53
2020-08-13,22.1299991607666,5.16,0.8732108772534132,0.55
2020-08-14,22.049999237060547,5.26,0.8277887116037523,0.57
2020-08-17,21.350000381469727,5.29,0.7834880564543394,0.55
2020-08-18,21.510000228881836,5.26,0.7508354416259367,0.53
2020-08-19,22.540000915527344,5.25,0.7165857184405381,0.54
2020-08-20,22.719999313354492,5.28,0.6964814029227446,0.52
2020-08-21,22.540000915527344,5.25,0.6715057584182796,0.48
2020-08-24,22.3700008392334,5.17,0.6516051372052607,0.51
2020-08-25,22.030000686645508,5.07,0.7138424412397038,0.54
2020-08-26,23.270000457763672,5.02,0.689463141909962,0.53
2020-08-27,24.469999313354492,4.98,0.7424789429152246,0.58
2020-08-28,22.959999084472656,5.0,0.7090458213897505,0.6
2020-08-31,26.40999984741211,5.02,0.7105207616438434,0.58
2020-09-01,26.1200008392334,4.97,0.6873171170589181,0.55
2020-09-02,26.56999969482422,4.93,0.7311670683982787,0.52
2020-09-03,33.599998474121094,5.04,0.8557047407436937,0.5
2020-09-04,30.75,5.13,1.4630543368147737,0.58
2020-09-08,31.459999084472656,5.25,1.4018165612174571,0.55
2020-09-09,28.809999465942383,5.16,1.631036122092501,0.57
2020-09-10,29.709999084472656,5.16,1.673438003203202,0.54
2020-09-11,26.8700008392334,5.21,1.6825919439648525,0.54
2020-09-14,25.850000381469727,5.18,1.5768827780969301,0.54
2020-09-15,25.59000015258789,5.14,1.5469403020114296,0.54
2020-09-16,26.040000915527344,5.07,1.4610796587225756,0.55
2020-09-17,26.459999084472656,5.14,1.3776025369221798,0.56
2020-09-18,25.829999923706055,5.16,1.3290653936485841,0.56
2020-09-21,27.780000686645508,5.42,1.3113594170465446,0.54
2020-09-22,26.860000610351562,5.45,1.2915827964694513,0.55
2020-09-23,28.579999923706055,5.47,1.263295773882398,0.54
2020-09-24,28.510000228881836,5.64,1.4406328184929975,0.53
2020-09-25,26.3799991607666,5.64,1.3547873197169291,0.54
2020-09-28,26.190000534057617,5.52,1.3889010822327208,0.53
2020-09-29,26.270000457763672,5.5,1.4240285772448031,0.55
2020-09-30,26.3700008392334,5.41,1.3496243113434923,0.56
2020-10-01,26.700000762939453,5.36,1.2939868480509626,0.54
2020-10-02,27.6299991607666,5.38,1.2355433158136364,0.57
2020-10-05,27.959999084472656,5.18,1.2075627120874963,0.64
2020-10-06,29.479999542236328,5.06,1.2894146282791572,0.62
2020-10-07,28.059999465942383,5.02,1.3095695047683371,0.65
2020-10-08,26.360000610351562,4.97,1.3686135338311398,0.65
2020-10-09,25.0,4.92,1.3208470314521912,0.63
2020-10-13,26.06999969482422,4.88,1.322968066206966,0.58
2020-10-14,26.399999618530273,4.89,1.262958423166563,0.59
2020-10-15,26.969999313354492,5.01,1.2065874131273884,0.6
2020-10-16,27.40999984741211,4.94,1.1349496033708066,0.62
2020-10-19,29.18000030517578,4.91,1.067865174969829,0.62
2020-10-20,29.350000381469727,4.9,1.1381002077483249,0.67
2020-10-21,28.649999618530273,4.91,1.0795839727893024,0.69
2020-10-22,28.110000610351562,4.88,1.0184587943316066,0.71
2020-10-23,27.549999237060547,4.87,0.9783962857217813,0.67
2020-10-26,32.459999084472656,5.03,0.9301208125670763,0.65
2020-10-27,33.349998474121094,5.06,1.0919165078699933,0.63
2020-10-28,40.279998779296875,5.29,1.0347582329753275,0.63
2020-10-29,37.59000015258789,5.25,1.5541303706309095,0.69
2020-10-30,38.02000045776367,5.25,1.4991058219264974,0.74
2020-11-02,37.130001068115234,5.25,1.452543329190083,0.71
2020-11-03,35.54999923706055,5.07,1.4168351980538378,0.73
2020-11-04,29.56999969482422,4.79,1.4623976966468333,0.64
2020-11-05,27.579999923706055,4.59,1.5728322477578078,0.65
2020-11-06,24.860000610351562,4.67,1.6206220076294626,0.67
2020-11-09,25.75,4.22,1.5191106898226552,0.79
2020-11-10,24.799999237060547,4.37,1.4894438755335646,0.79
2020-11-12,25.350000381469727,4.62,1.3369760162551727,0.71
2020-11-13,23.100000381469727,4.63,1.3002917550976245,0.72
2020-11-16,22.450000762939453,4.5,1.3115786819086743,0.72
2020-11-17,22.709999084472656,4.48,1.3051322627230164,0.69
2020-11-18,23.84000015258789,4.42,1.2399436421733587,0.72
2020-11-19,23.110000610351562,4.48,1.2389713835677596,0.68
2020-11-20,23.700000762939453,4.49,1.1733464896586143,0.67
2020-11-23,22.65999984741211,4.43,1.1289030303983498,0.7
2020-11-24,21.639999389648438,4.31,1.0822279499928236,0.72
2020-11-25,21.25,4.33,1.1607952420684502,0.71
2020-11-27,20.84000015258789,4.35,1.0929548644118827,0.68
2020-11-30,20.56999969482422,4.33,1.033260589177579,0.68
2020-12-01,20.770000457763672,4.21,0.9855755717752341,0.75
2020-12-02,21.170000076293945,4.17,1.0034215248780636,0.79
2020-12-03,21.280000686645508,4.1,0.9485957663040816,0.76
2020-12-04,20.790000915527344,4.03,0.8950933749860592,0.81
2020-12-07,21.299999237060547,4.03,0.896786543113328,0.8
2020-12-08,20.68000030517578,4.03,0.8501794596338715,0.78
2020-12-09,22.270000457763672,4.04,0.8105419073394854,0.79
2020-12-10,22.520000457763672,4.08,0.8291683926387997,0.78
2020-12-11,23.309999465942383,4.13,0.7848418844808026,0.79
2020-12-14,24.719999313354492,4.07,0.7450436029929066,0.77
2020-12-15,22.889999389648438,4.06,0.7243529405112163,0.81
2020-12-16,22.5,4.06,0.8319980525500268,0.79
2020-12-17,21.93000030517578,4.05,0.7892576834642956,0.81
2020-12-18,21.56999969482422,4.03,0.7727588811275456,0.82
2020-12-21,25.15999984741211,4.18,0.745915130639329,0.82
2020-12-22,24.229999542236328,4.12,0.7190077359665137,0.8
2020-12-23,23.309999465942383,4.07,0.6859170615665096,0.83
2020-12-24,21.530000686645508,4.05,0.6537947379637636,0.81
2020-12-28,21.700000762939453,3.89,0.638110997130585,0.81
2020-12-29,23.079999923706055,3.85,0.67814343712747,0.82
2020-12-30,22.770000457763672,3.87,0.6493336295851911,0.81
2020-12-31,22.75,3.86,0.6215378461667062,0.8
2021-01-04,26.969999313354492,3.93,0.6197899850788162,0.82
2021-01-05,25.34000015258789,3.92,0.760756741003184,0.83
2021-01-06,25.06999969482422,3.8,0.7602711161718204,0.9
2021-01-07,22.3700008392334,3.78,0.7505585317248431,0.94
2021-01-08,21.559999465942383,3.76,0.8780535607568396,0.99
2021-01-11,24.079999923706055,3.82,0.853096584058688,1.01
2021-01-12,23.329999923706055,3.85,0.8404706790185656,1.01
2021-01-13,22.209999084472656,3.82,0.7952149989470736,0.96
2021-01-14,23.25,3.73,0.7592656496013666,0.99
2021-01-15,24.34000015258789,3.74,0.730663466344314,0.98
2021-01-19,23.239999771118164,3.71,0.7393793890611075,0.96
2021-01-20,21.579999923706055,3.67,0.7530392292261577,0.97
2021-01-21,21.31999969482422,3.65,0.8599791385159045,0.99
2021-01-22,21.90999984741211,3.75,0.8137959616231834,0.97
2021-01-25,23.190000534057617,3.75,0.7804085168280798,0.92
2021-01-26,23.020000457763672,3.74,0.752418855394432,0.94
2021-01-27,37.209999084472656,3.85,0.7161622238139661,0.92
2021-01-28,30.209999084472656,3.76,1.0977993997301294,0.95
2021-01-29,33.09000015258789,3.79,1.0753388990996433,1.0
2021-02-01,30.239999771118164,3.83,1.233019846203523,0.98
2021-02-02,25.559999465942383,3.75,1.2933175980475111,1.01
2021-02-03,22.90999984741211,3.68,1.3093010265701999,1.04
2021-02-04,21.770000457763672,3.64,1.2298319965782851,1.04
2021-02-05,20.8700008392334,3.58,1.2208196787635521,1.1
2021-02-08,21.239999771118164,3.54,1.155462792243994,1.08
2021-02-09,21.6299991607666,3.51,1.1151777072529407,1.07
2021-02-10,21.989999771118164,3.51,1.049576974766221,1.04
2021-02-11,21.25,3.5,0.9886321109218998,1.05
2021-02-12,19.969999313354492,3.48,0.9337723386720802,1.09
2021-02-16,21.459999084472656,3.41,0.8978699342546741,1.17
2021-02-17,21.5,3.44,0.8486960281045803,1.18
2021-02-18,22.489999771118164,3.46,0.8028075139710525,1.18
2021-02-19,22.049999237060547,3.41,0.7748202301251437,1.23
2021-02-22,23.450000762939453,3.44,0.7372707463670771,1.26
2021-02-23,23.110000610351562,3.47,0.7499786366592409,1.26
2021-02-24,21.34000015258789,3.42,0.7131039772448603,1.26
2021-02-25,28.889999389648438,3.42,0.7779102674824715,1.37
2021-02-26,27.950000762939453,3.52,1.12455740317156,1.3
2021-03-01,23.350000381469727,3.54,1.0731889196718347,1.32
2021-03-02,24.100000381469727,3.53,1.3098918854086814,1.29
2021-03-03,26.670000076293945,3.51,1.2599319561645304,1.33
2021-03-04,28.56999969482422,3.54,1.2713989054679875,1.4
2021-03-05,24.65999984741211,3.6,1.2705205878759573,1.42
2021-03-08,25.469999313354492,3.57,1.3516708216641031,1.42
2021-03-09,24.030000686645508,3.62,1.2807401562488299,1.38
2021-03-10,22.559999465942383,3.63,1.3002528785943235,1.37
2021-03-11,21.90999984741211,3.52,1.2400724706120596,1.4
2021-03-12,20.690000534057617,3.55,1.216973386325243,1.5
2021-03-15,20.030000686645508,3.55,1.144733666504437,1.48
2021-03-16,19.790000915527344,3.55,1.0964398113197082,1.47
2021-03-17,19.229999542236328,3.65,1.0328813439896833,1.5
2021-03-18,21.579999923706055,3.66,0.9802356044668752,1.55
2021-03-19,20.950000762939453,3.67,1.055732585944671,1.58
2021-03-22,18.8799991607666,3.58,0.996305859306009,1.54
2021-03-23,20.299999237060547,3.57,0.9791258877352574,1.48
2021-03-24,21.200000762939453,3.51,0.9633759265059013,1.48
2021-03-25,19.809999465942383,3.53,0.9258630737352045,1.49
2021-03-26,18.860000610351562,3.48,0.8955667528506833,1.53
2021-03-29,20.739999771118164,3.43,1.0126044106992458,1.59
2021-03-30,19.610000610351562,3.44,0.9544348186596877,1.57
2021-03-31,19.399999618530273,3.36,0.9051776546001568,1.58
2021-04-01,17.329999923706055,3.33,0.8664266226182145,1.52
2021-04-05,17.90999984741211,3.25,0.900405461935135,1.56
2021-04-06,18.1200008392334,3.25,0.9845748597079679,1.51
2021-04-07,17.15999984741211,3.22,0.9285548641647049,1.52
2021-04-08,16.950000762939453,3.21,0.8774379512926952,1.5
2021-04-09,16.690000534057617,3.24,0.8455123710300586,1.51
2021-04-12,16.90999984741211,3.24,0.8386275919447567,1.51
2021-04-13,16.649999618530273,3.32,0.7935826847503278,1.48
2021-04-14,16.989999771118164,3.25,0.758991675931576,1.48
2021-04-15,16.56999969482422,3.25,0.7299152143365815,1.4
2021-04-16,16.25,3.22,0.7868512102563792,1.43
2021-04-19,17.290000915527344,3.25,0.7547610833622842,1.45
2021-04-20,18.68000030517578,3.35,0.7364747894695478,1.43
2021-04-21,17.5,3.34,0.7447352205193284,1.42
2021-04-22,18.709999084472656,3.34,0.7793147916126916,1.41
2021-04-23,17.329999923706055,3.29,0.804895721751523,1.42
2021-04-26,17.639999389648438,3.26,0.8497757331927128,1.4
2021-04-27,17.559999465942383,3.24,0.8070345627425662,1.46
2021-04-28,17.280000686645508,3.26,0.7643975306545632,1.46
2021-04-29,17.610000610351562,3.24,0.7251796347677624,1.49
2021-04-30,18.610000610351562,3.28,0.7236716346267865,1.49
2021-05-03,18.309999465942383,3.27,0.7249486744236884,1.47
2021-05-04,19.479999542236328,3.32,0.6929232806467348,1.45
2021-05-05,19.149999618530273,3.29,0.693750873355674,1.43
2021-05-06,18.389999389648438,3.3,0.6603176448988723,1.42
2021-05-07,16.690000534057617,3.27,0.6877763450903022,1.46
2021-05-10,19.65999984741211,3.26,0.7017139675871163,1.47
2021-05-11,21.84000015258789,3.36,0.7520420798970198,1.48
2021-05-12,27.59000015258789,3.34,0.7789720433926911,1.53
2021-05-13,23.1299991607666,3.37,1.050727224897505,1.5
2021-05-14,18.809999465942383,3.35,1.073310901198631,1.47
2021-05-17,19.719999313354492,3.35,1.1412419001682117,1.48
2021-05-18,21.34000015258789,3.35,1.0771510842490792,1.48
2021-05-19,22.18000030517578,3.4,1.0578436194344114,1.52
2021-05-20,20.670000076293945,3.42,1.0003563051533337,1.48
2021-05-21,20.149999618530273,3.37,1.0138190372682256,1.46
2021-05-24,18.399999618530273,3.37,0.955822643293046,1.46
2021-05-25,18.84000015258789,3.34,0.9683629865208164,1.41
2021-05-26,17.360000610351562,3.35,0.9165919850016885,1.44
2021-05-27,16.739999771118164,3.3,0.8682035682885503,1.47
2021-05-28,16.760000228881836,3.29,0.8209711795156075,1.44
2021-06-01,17.899999618530273,3.33,0.7796883041444658,1.46
2021-06-02,17.479999542236328,3.31,0.739815638089952,1.46
2021-06-03,18.040000915527344,3.28,0.7046364356973128,1.47
2021-06-04,16.420000076293945,3.28,0.6825916324124671,1.42
2021-06-07,16.420000076293945,3.27,0.7231249316594917,1.41
2021-06-08,17.06999969482422,3.26,0.6880098967555871,1.39
2021-06-09,17.889999389648438,3.22,0.6550071361950401,1.34
2021-06-10,16.100000381469727,3.23,0.6269017762836439,1.31
2021-06-11,15.649999618530273,3.21,0.62042234752502,1.31
2021-06-14,16.389999389648438,3.17,0.5959183458044102,1.35
2021-06-15,17.020000457763672,3.17,0.5760803309958986,1.35
2021-06-16,18.149999618530273,3.12,0.5564214811366933,1.36
2021-06-17,17.75,3.15,0.5692723016932928,1.29
2021-06-18,20.700000762939453,3.18,0.5466739516148761,1.19
2021-06-21,17.889999389648438,3.14,0.7072362685315443,1.23
2021-06-22,16.65999984741211,3.15,0.8349531322929482,1.23
2021-06-23,16.31999969482422,3.13,0.8115951268239623,1.24
2021-06-24,15.970000267028809,3.08,0.7697082025035996,1.23
2021-06-25,15.619999885559082,3.04,0.7583124652773388,1.26
2021-06-28,15.760000228881836,3.05,0.7300216696802306,1.24
2021-06-29,16.020000457763672,3.03,0.6970462654961772,1.22
2021-06-30,15.829999923706055,3.04,0.6635138608634827,1.2
2021-07-01,15.479999542236328,3.02,0.6332051362828193,1.23
2021-07-02,15.069999694824219,3.04,0.6346115809655687,1.2
2021-07-06,16.440000534057617,3.05,0.6615044575800602,1.15
2021-07-07,16.200000762939453,3.05,0.6338731358132742,1.11
2021-07-08,19.0,3.14,0.617749539468347,1.11
2021-07-09,16.18000030517578,3.07,0.6557553240230647,1.14
2021-07-12,16.170000076293945,3.05,0.7264567274163224,1.15
2021-07-13,17.1200008392334,3.04,0.7013682057041821,1.16
2021-07-14,16.329999923706055,3.1,0.6777162820704058,1.14
2021-07-15,17.010000228881836,3.14,0.6476159843267931,1.08
2021-07-16,18.450000762939453,3.18,0.6293523564749057,1.06
2021-07-19,22.5,3.44,0.6608127619069035,0.98
2021-07-20,19.729999542236328,3.38,0.8155432200756404,1.03
2021-07-21,17.90999984741211,3.24,0.9173581504474837,1.08
2021-07-22,17.690000534057617,3.24,0.9105001351624071,1.07
2021-07-23,17.200000762939453,3.22,0.8629058493999389,1.08
2021-07-26,17.579999923706055,3.21,0.8902609657888471,1.07
2021-07-27,19.360000610351562,3.27,0.8454509243505057,1.05
2021-07-28,18.309999465942383,3.26,0.8154242895150579,1.06
2021-07-29,17.700000762939453,3.23,0.7722231145430888,1.08
2021-07-30,18.239999771118164,3.26,0.7463447049728651,1.05
2021-08-02,19.459999084472656,3.36,0.728490509119402,1.03
2021-08-03,18.040000915527344,3.42,0.6959562783290958,1.02
2021-08-04,17.969999313354492,3.42,0.7197938544028962,1.02
2021-08-05,17.280000686645508,3.37,0.7053207708840302,1.02
2021-08-06,16.149999618530273,3.32,0.7059053509977864,1.1
2021-08-09,16.719999313354492,3.34,0.6738303575415362,1.1
2021-08-10,16.790000915527344,3.32,0.6425983622687076,1.12
2021-08-11,16.170000076293945,3.37,0.614920656843235,1.12
2021-08-12,15.59000015258789,3.34,0.594429910615111,1.13
2021-08-13,15.449999809265137,3.36,0.5788874307569443,1.06
2021-08-16,16.1200008392334,3.38,0.5588890093290606,1.05
2021-08-17,17.90999984741211,3.37,0.5433213607181319,1.03
2021-08-18,21.56999969482422,3.35,0.570897617228572,1.04
2021-08-19,21.670000076293945,3.42,0.6686214248336115,1.02
2021-08-20,18.559999465942383,3.37,0.6394750320619218,1.03
2021-08-23,17.149999618530273,3.34,0.6699644879557636,1.02
2021-08-24,17.219999313354492,3.26,0.7074699427682437,1.05
2021-08-25,16.790000915527344,3.22,0.6750717658799728,1.12
2021-08-26,18.84000015258789,3.2,0.6472359810022896,1.09
2021-08-27,16.389999389648438,3.17,0.6511044909236412,1.09
2021-08-30,16.190000534057617,3.16,0.6941444227804571,1.09
2021-08-31,16.479999542236328,3.21,0.6780135083625031,1.1
2021-09-01,16.110000610351562,3.19,0.6478638687951512,1.11
2021-09-02,16.40999984741211,3.16,0.6184869835877016,1.09
2021-09-03,16.40999984741211,3.14,0.600962125671743,1.12
2021-09-07,18.139999389648438,3.16,0.5754549539481767,1.16
2021-09-08,17.959999084472656,3.16,0.5660714735611752,1.13
2021-09-09,18.799999237060547,3.15,0.5452965819221262,1.07
2021-09-10,20.950000762939453,3.11,0.5456079957034758,1.12
2021-09-13,19.3700008392334,3.09,0.5929628070129855,1.12
2021-09-14,19.459999084472656,3.11,0.5750280879058511,1.07
2021-09-15,18.18000030517578,3.08,0.5830415780859926,1.1
2021-09-16,18.690000534057617,3.06,0.629586138001312,1.11
2021-09-17,20.809999465942383,3.04,0.6040365883649669,1.14
2021-09-20,25.709999084472656,3.23,0.6711080885452481,1.08
2021-09-21,24.360000610351562,3.17,0.8668512582836113,1.11
2021-09-22,20.8700008392334,3.09,0.8201799964320872,1.07
2021-09-23,18.6299991607666,3.03,0.846798010789035,1.14
2021-09-24,17.75,3.05,0.9046050302525882,1.18
2021-09-27,18.760000228881836,3.06,0.8563001756094437,1.17
2021-09-28,23.25,3.13,0.815899460308634,1.23
2021-09-29,22.559999465942383,3.09,1.0482571421200455,1.25
2021-09-30,23.139999389648438,3.15,0.9890264669665584,1.24
2021-10-01,21.100000381469727,3.2,1.0259881664585417,1.21
2021-10-04,22.959999084472656,3.21,1.0504851352595317,1.22
2021-10-05,21.299999237060547,3.17,1.087624067769069,1.26
2021-10-06,21.0,3.29,1.0853171301282685,1.23
2021-10-07,19.540000915527344,3.19,1.0317850059030342,1.26
2021-10-08,18.770000457763672,3.2,1.0171639244877615,1.29
2021-10-12,19.850000381469727,3.28,0.9407701434926401,1.24
2021-10-13,18.639999389648438,3.25,0.8919416835374055,1.19
2021-10-14,16.860000610351562,3.18,0.8519044517589605,1.16
2021-10-15,16.299999237060547,3.12,0.9931063078117496,1.18
2021-10-18,16.309999465942383,3.11,0.9727514255727078,1.15
2021-10-19,15.699999809265137,3.09,0.923137592507986,1.24
2021-10-20,15.489999771118164,3.07,0.9116341581098184,1.25
2021-10-21,15.010000228881836,3.03,0.8716206299119903,1.23
2021-10-22,15.430000305175781,3.07,0.8288945103092558,1.18
2021-10-25,15.239999771118164,3.11,0.7853361815185618,1.17
2021-10-26,15.979999542236328,3.09,0.7673018715385702,1.16
2021-10-27,16.979999542236328,3.11,0.7284555535072403,1.04
2021-10-28,16.530000686645508,3.08,0.7091182318724958,1.07
2021-10-29,16.260000228881836,3.08,0.7526017014282295,1.07
2021-11-01,16.40999984741211,3.16,0.7177395027258013,1.08
2021-11-02,16.030000686645508,3.21,0.6848534537988389,1.1
2021-11-03,15.100000381469727,3.18,0.6670230534880337,1.13
2021-11-04,15.4399995803833,3.19,0.6701067652719116,1.12
2021-11-05,16.479999542236328,3.12,0.6591959573655113,1.06
2021-11-08,17.219999313354492,3.03,0.6400330052316615,1.06
2021-11-09,17.780000686645508,3.08,0.6117729745568492,1.05
2021-11-10,18.729999542236328,3.06,0.5964856351714082,1.05
2021-11-12,16.290000915527344,3.09,0.608146723617753,1.05
2021-11-15,16.489999771118164,3.1,0.6380699307780872,1.1
2021-11-16,16.3700008392334,3.12,0.6093742788856217,1.09
2021-11-17,17.110000610351562,3.17,0.599050287560944,1.08
2021-11-18,17.59000015258789,3.19,0.5798623081993333,1.07
2021-11-19,17.90999984741211,3.24,0.5685627556996604,1.02
2021-11-22,19.170000076293945,3.18,0.5494501135016175,1.0
2021-11-23,19.3799991607666,3.3,0.5375843498332187,1.07
2021-11-24,18.579999923706055,3.32,0.5198483609894285,1.0
2021-11-26,28.6200008392334,3.62,0.5102568102671345,0.98
2021-11-29,22.959999084472656,3.53,0.9270520668494557,1.01
2021-11-30,27.190000534057617,3.67,0.9725788193418388,0.91
2021-12-01,31.1200008392334,3.58,1.1441246222054373,0.87
2021-12-02,27.950000762939453,3.54,1.1442319924670872,0.81
2021-12-03,30.670000076293945,3.56,1.1992677360498936,0.75
2021-12-06,27.18000030517578,3.41,1.1676524431701296,0.78
2021-12-07,21.889999389648438,3.16,1.1719724469167143,0.78
2021-12-08,19.899999618530273,3.21,1.3123260188163197,0.84
2021-12-09,21.579999923706055,3.25,1.2357708328349326,0.79
2021-12-10,18.690000534057617,3.29,1.1849229513629569,0.81
2021-12-13,20.309999465942383,3.33,1.1607729449990458,0.76
2021-12-14,21.889999389648438,3.35,1.1346918507735237,0.77
2021-12-15,19.290000915527344,3.33,1.0941317910906818,0.78
2021-12-16,20.56999969482422,3.32,1.1626253719510595,0.8
2021-12-17,21.56999969482422,3.36,1.1359672247051458,0.75
2021-12-20,22.8700008392334,3.41,1.1316339325339697,0.78
2021-12-21,21.010000228881836,3.25,1.12773087794369,0.78
2021-12-22,18.6299991607666,3.21,1.2251564330906628,0.78
2021-12-23,17.959999084472656,3.12,1.2023173424664284,0.79
2021-12-27,17.68000030517578,3.02,1.1506037320591027,0.72
2021-12-28,17.540000915527344,3.01,1.1875810196375889,0.75
2021-12-29,16.950000762939453,3.03,1.116853665361981,0.8
2021-12-30,17.329999923706055,3.09,1.0518163182626024,0.79
2021-12-31,17.219999313354492,3.1,0.995265315403258,0.79
2022-01-03,16.600000381469727,3.05,0.9423225601759694,0.85
2022-01-04,16.90999984741211,3.09,0.9116617879604432,0.89
2022-01-05,19.729999542236328,3.07,0.860980696332035,0.88
2022-01-06,19.610000610351562,3.15,1.0574261191582663,0.85
2022-01-07,18.760000228881836,3.2,0.9963253969877512,0.89
2022-01-10,19.399999618530273,3.24,0.9492686248495462,0.86
2022-01-11,18.40999984741211,3.18,0.8967131173604188,0.85
2022-01-12,17.6200008392334,3.06,0.9039688045916086,0.82
2022-01-13,20.309999465942383,3.1,0.8589490685405168,0.79
2022-01-14,19.190000534057617,3.09,0.9449360484244755,0.79
2022-01-18,22.790000915527344,3.12,0.8917723097782926,0.81
2022-01-19,23.850000381469727,3.11,1.0471977754710555,0.79
2022-01-20,25.59000015258789,3.1,1.0510887909621323,0.75
2022-01-21,28.850000381469727,3.29,1.0630093495865085,0.74
2022-01-24,29.899999618530273,3.44,1.215764854103948,0.76
2022-01-25,31.15999984741211,3.39,1.152133440404298,0.76
2022-01-26,31.959999084472656,3.25,1.1648993586137038,0.72
2022-01-27,30.489999771118164,3.46,1.0989257382382387,0.63
2022-01-28,27.65999984741211,3.61,1.0485043664346996,0.63
2022-01-31,24.829999923706055,3.63,1.305463720311493,0.61
2022-02-01,21.959999084472656,3.51,1.3744090032205611,0.63
2022-02-02,22.09000015258789,3.45,1.3111572046913462,0.62
2022-02-03,24.350000381469727,3.51,1.2763986849723294,0.63
2022-02-04,23.219999313354492,3.56,1.4570014234407525,0.62
2022-02-07,22.860000610351562,3.6,1.3765567089118793,0.62
2022-02-08,21.440000534057617,3.55,1.29687052686005,0.61
2022-02-09,19.959999084472656,3.46,1.250924496857947,0.58
2022-02-10,23.90999984741211,3.44,1.2794853815385998,0.42
2022-02-11,27.360000610351562,3.66,1.357397285374763,0.42
2022-02-14,28.329999923706055,3.74,1.4505612096874536,0.4
2022-02-15,25.700000762939453,3.67,1.3656141665365862,0.47
2022-02-16,24.290000915527344,3.68,1.3975770845662665,0.51
2022-02-17,28.110000610351562,3.74,1.3121575351289416,0.48
2022-02-18,27.75,3.78,1.443285739219557,0.45
2022-02-22,28.809999465942383,3.75,1.3728304111077123,0.38
2022-02-23,31.020000457763672,3.72,1.3421774664429733,0.41
2022-02-24,30.31999969482422,3.93,1.4056483707098821,0.42
2022-02-25,27.59000015258789,3.62,1.4178333449731586,0.42
2022-02-28,30.149999618530273,3.77,1.5319854317306043,0.39
2022-03-01,33.31999969482422,3.89,1.4393617321992158,0.41
2022-03-02,30.739999771118164,3.71,1.4522401380236851,0.36
2022-03-03,30.479999542236328,3.71,1.5028994960477622,0.33
2022-03-04,31.979999542236328,3.9,1.420198509828429,0.24
2022-03-07,36.45000076293945,4.01,1.3625247057912895,0.23
2022-03-08,35.130001068115234,4.03,1.6493731849575437,0.23
2022-03-09,32.45000076293945,3.94,1.5683860105679752,0.26
2022-03-10,30.229999542236328,4.0,1.7350134873304115,0.26
2022-03-11,30.75,4.05,1.6332118218338345,0.25
2022-03-14,31.770000457763672,4.16,1.5942856021796896,0.27
2022-03-15,29.829999923706055,4.21,1.5162233145487252,0.3
2022-03-16,26.670000076293945,3.96,1.6109204827363455,0.24
2022-03-17,25.670000076293945,3.81,1.692029001498003,0.26
2022-03-18,23.8700008392334,3.81,1.6435620574976562,0.17
2022-03-21,23.530000686645508,3.67,1.5864181607107426,0.18
2022-03-22,22.940000534057617,3.7,1.4872877053828004,0.2
2022-03-23,23.56999969482422,3.72,1.4525849464814657,0.19
2022-03-24,21.670000076293945,3.67,1.4354673644478333,0.21
2022-03-25,20.809999465942383,3.51,1.4439808050812486,0.18
2022-03-28,19.6299991607666,3.54,1.365298713325032,0.11
2022-03-29,18.899999618530273,3.38,1.3050985374930848,0.06
2022-03-30,19.329999923706055,3.33,1.2981800143559217,0.04
2022-03-31,20.559999465942383,3.43,1.2381080348960343,0.04
2022-04-01,19.6299991607666,3.4,1.2825550450118215,-0.05
2022-04-04,18.56999969482422,3.33,1.2086995724840255,-0.01
2022-04-05,21.030000686645508,3.27,1.1742461885386537,0.03
2022-04-06,22.100000381469727,3.48,1.1894621898057876,0.11
2022-04-07,21.549999237060547,3.54,1.171667627962479,0.19
2022-04-08,21.15999984741211,3.57,1.115526912090548,0.19
2022-04-11,24.3700008392334,3.73,1.0537732029210758,0.29
2022-04-12,24.260000228881836,3.75,1.1597050475137853,0.33
2022-04-13,21.81999969482422,3.77,1.0982488839163278,0.33
2022-04-14,22.700000762939453,3.68,1.1070168867547603,0.36
2022-04-18,22.170000076293945,3.64,1.1293512837986155,0.39
2022-04-19,21.3700008392334,3.58,1.0625617254987985,0.32
2022-04-20,20.31999969482422,3.56,1.1453136907469537,0.25
2022-04-21,22.68000030517578,3.5,1.0775810478171115,0.22
2022-04-22,28.209999084472656,3.65,1.1419841710235792,0.18
2022-04-25,27.020000457763672,3.8,1.446234815935564,0.18
2022-04-26,33.52000045776367,3.83,1.371662450637399,0.23
2022-04-27,31.600000381469727,3.89,1.6443493949569266,0.24
2022-04-28,29.989999771118164,3.83,1.544273692019888,0.22
2022-04-29,33.400001525878906,3.93,1.6883804608030666,0.19
2022-05-02,32.34000015258789,4.05,2.0545035694980673,0.26
2022-05-03,29.25,3.97,1.9345825566292765,0.19
2022-05-04,25.420000076293945,4.1,1.8184911987126398,0.27
2022-05-05,31.200000762939453,4.03,1.9978824830267057,0.34
2022-05-06,30.190000534057617,4.18,2.255066984745334,0.4
2022-05-09,34.75,4.47,2.120514414744303,0.44
2022-05-10,32.9900016784668,4.52,2.2852140946647643,0.37
2022-05-11,32.560001373291016,4.55,2.1398703615892773,0.25
2022-05-12,31.770000457763672,4.77,2.0789538020256373,0.28
2022-05-13,28.8700008392334,4.63,1.946402697210002,0.32
2022-05-16,27.469999313354492,4.71,1.9994518138364115,0.3
2022-05-17,26.100000381469727,4.6,1.8773037400356714,0.27
2022-05-18,30.959999084472656,4.84,1.8956005546570056,0.21
2022-05-19,29.350000381469727,4.92,2.2808405698243184,0.21
2022-05-20,29.43000030517578,4.91,2.1449673753373797,0.18
2022-05-23,28.479999542236328,4.82,2.0076581652228307,0.21
2022-05-24,29.450000762939453,4.94,1.9872592488283412,0.26
2022-05-25,28.3700008392334,4.74,1.8796179175330687,0.27
2022-05-26,27.5,4.38,1.7867200908942813,0.29
2022-05-27,25.719999313354492,4.19,1.8098655465423483,0.27
2022-05-31,26.190000534057617,4.22,1.8938393164225495,0.32
2022-06-01,25.690000534057617,4.13,1.78432659377926,0.28
2022-06-02,24.719999313354492,4.15,1.6952575512435697,0.27
2022-06-03,24.790000915527344,4.21,1.7189140945369155,0.3
2022-06-06,25.06999969482422,4.19,1.710485241655335,0.31
2022-06-07,24.020000457763672,4.34,1.6062452432846974,0.23
2022-06-08,23.959999084472656,4.34,1.5419309157336447,0.25
2022-06-09,26.09000015258789,4.42,1.4950742382387483,0.21
2022-06-10,27.75,4.51,1.6334529045234267,0.09
2022-06-13,34.02000045776367,4.87,1.841976831657375,0.03
2022-06-14,32.689998626708984,4.9,2.1889320257282003,0.04
2022-06-15,29.6200008392334,4.82,2.0512796045333666,0.13
2022-06-16,32.95000076293945,5.17,1.9824664941969623,0.14
2022-06-17,31.1299991607666,5.15,2.194860930628812,0.08
2022-06-21,30.190000534057617,5.05,2.055483302948585,0.1
2022-06-22,28.950000762939453,5.32,2.1098032976369763,0.1
2022-06-23,29.049999237060547,5.38,1.9758296351341016,0.08
2022-06-24,27.229999542236328,5.18,1.8808450188820731,0.09
2022-06-27,26.950000762939453,5.11,2.071078521077059,0.12
2022-06-28,28.360000610351562,5.26,1.943292259279211,0.1
2022-06-29,28.15999984741211,5.62,1.9563567968344482,0.04
2022-06-30,28.709999084472656,5.87,1.83202066725177,0.06
2022-07-01,26.700000762939453,5.92,1.7392820995977092,0.04
2022-07-05,27.540000915527344,5.99,1.67020815101393,0.0
2022-07-06,26.729999542236328,5.8,1.5666295874351261,-0.04
2022-07-07,26.079999923706055,5.5,1.4735164965117638,-0.02
2022-07-08,24.639999389648438,5.36,1.4758708095188964,-0.03
2022-07-11,26.170000076293945,5.44,1.384687047204022,-0.08
2022-07-12,27.290000915527344,5.43,1.359724105005662,-0.07
2022-07-13,26.81999969482422,5.47,1.3133430078779822,-0.22
2022-07-14,26.399999618530273,5.53,1.2468256058135585,-0.19
2022-07-15,24.229999542236328,5.39,1.1745464122206475,-0.2
2022-07-18,25.299999237060547,5.25,1.2859042211997547,-0.19
2022-07-19,24.5,5.1,1.2417872214896968,-0.22
2022-07-20,23.8799991607666,4.9,1.4908029660182498,-0.21
2022-07-21,23.110000610351562,4.99,1.4156573684507932,-0.19
2022-07-22,23.030000686645508,4.96,1.3743970369992171,-0.21
2022-07-25,23.360000610351562,4.95,1.3301981412708326,-0.19
2022-07-26,24.690000534057617,5.06,1.249660920118376,-0.21
2022-07-27,23.239999771118164,5.07,1.2450544797079144,-0.18
2022-07-28,22.329999923706055,4.98,1.471260827713532,-0.17
2022-07-29,21.329999923706055,4.77,1.4466807115484206,-0.22
2022-08-01,22.84000015258789,4.8,1.4477126399811624,-0.3
2022-08-02,23.93000030517578,4.61,1.3621165348863147,-0.31
2022-08-03,21.950000762939453,4.54,1.2992013370642757,-0.37
2022-08-04,21.440000534057617,4.55,1.334622436599855,-0.35
2022-08-05,21.149999618530273,4.44,1.2532787680877238,-0.41
2022-08-08,21.290000915527344,4.41,1.1789573148375496,-0.44
2022-08-09,21.770000457763672,4.46,1.109224615070373,-0.48
2022-08-10,19.739999771118164,4.33,1.0529477403384162,-0.45
2022-08-11,20.200000762939453,4.21,1.227502158621528,-0.36
2022-08-12,19.530000686645508,4.25,1.1535500317864573,-0.41
2022-08-15,19.950000762939453,4.24,1.232241480170625,-0.41
2022-08-16,19.690000534057617,4.25,1.1667630565723532,-0.43
2022-08-17,19.899999618530273,4.33,1.0992838434128727,-0.39
2022-08-18,19.559999465942383,4.37,1.0638761415844997,-0.34
2022-08-19,20.600000381469727,4.45,1.0068443657427286,-0.27
2022-08-22,23.799999237060547,4.62,1.0593469638818047,-0.29
2022-08-23,24.110000610351562,4.68,1.2375428834298354,-0.24
2022-08-24,22.81999969482422,4.61,1.1659253689181028,-0.25
2022-08-25,21.780000686645508,4.6,1.1020227788012382,-0.32
2022-08-26,25.559999465942383,4.65,1.1461668527753843,-0.33
2022-08-29,26.209999084472656,4.78,1.6120359903794366,-0.3
2022-08-30,26.209999084472656,4.9,1.5286372146482428,-0.35
2022-08-31,25.8700008392334,5.03,1.4840733817974852,-0.3
2022-09-01,25.559999465942383,5.08,1.4171800284191272,-0.25
2022-09-02,25.469999313354492,5.06,1.3342692046665503,-0.2
2022-09-06,26.90999984741211,4.98,1.3059323838973484,-0.17
2022-09-07,24.639999389648438,4.97,1.2334356789662102,-0.18
2022-09-08,23.610000610351562,4.8,1.3143352958860104,-0.19
2022-09-09,22.790000915527344,4.57,1.2548626469107176,-0.23
2022-09-12,23.8700008392334,4.5,1.2953084540528583,-0.21
2022-09-13,27.270000457763672,4.68,1.2721564624023856,-0.33
2022-09-14,26.15999984741211,4.74,1.955047100911207,-0.37
2022-09-15,26.270000457763672,4.77,1.8353740606526026,-0.42
2022-09-16,26.299999237060547,5.0,1.7644169123401423,-0.4
2022-09-19,25.760000228881836,4.88,1.6743335920389253,-0.46
2022-09-20,27.15999984741211,4.88,1.5919638179107047,-0.39
2022-09-21,27.989999771118164,4.87,1.5455626307358954,-0.51
2022-09-22,27.350000381469727,4.91,1.573345218116047,-0.41
2022-09-23,29.920000076293945,5.12,1.5040203874055271,-0.51
2022-09-26,32.2599983215332,5.18,1.528258925959307,-0.39
2022-09-27,32.599998474121094,5.22,1.4743118420580408,-0.33
2022-09-28,30.18000030517578,5.47,1.3857989135841986,-0.35
2022-09-29,31.84000015258789,5.5,1.4668176229624426,-0.4
2022-09-30,31.6200008392334,5.43,1.5598497554196789,-0.39
2022-10-03,30.100000381469727,5.43,1.559872768817765,-0.45
2022-10-04,29.06999969482422,5.12,1.7209472106262698,-0.48
2022-10-05,28.549999237060547,5.09,1.9308693488104944,-0.39
2022-10-06,30.520000457763672,4.95,1.8098700791003812,-0.4
2022-10-07,31.360000610351562,5.02,1.7333080445807296,-0.41
2022-10-11,33.630001068115234,5.25,1.798431124304149,-0.37
2022-10-12,33.56999969482422,5.31,1.6991134268460495,-0.37
2022-10-13,31.940000534057617,5.25,1.5963140186028046,-0.5
2022-10-14,32.02000045776367,5.15,1.749678108725359,-0.48
2022-10-17,31.3700008392334,5.04,1.8250762598752697,-0.43
2022-10-18,30.5,4.95,1.924103031123019,-0.42
2022-10-19,30.760000228881836,4.97,1.847047670770557,-0.41
2022-10-20,29.979999542236328,4.89,1.7475716657328033,-0.38
2022-10-21,29.690000534057617,4.99,1.6633162448285117,-0.28
2022-10-24,29.850000381469727,4.91,1.7687147645692476,-0.25
2022-10-25,28.459999084472656,4.88,1.7102020289589515,-0.32
2022-10-26,27.280000686645508,4.8,1.6947034100705647,-0.35
2022-10-27,27.389999389648438,4.76,1.6097266726267572,-0.34
2022-10-28,25.75,4.54,1.5204118929695716,-0.39
2022-10-31,25.8799991607666,4.63,1.6439790003840293,-0.41
2022-11-01,25.809999465942383,4.61,1.5613553459732774,-0.47
2022-11-02,25.860000610351562,4.62,1.4718636431528385,-0.51
2022-11-03,25.299999237060547,4.81,1.639751334404109,-0.57
2022-11-04,24.549999237060547,4.77,1.57855290756897,-0.49
2022-11-07,24.350000381469727,4.71,1.561279716618193,-0.5
2022-11-08,25.540000915527344,4.79,1.5008878631663278,-0.53
2022-11-09,26.09000015258789,4.99,1.420068181953801,-0.49
2022-11-10,23.530000686645508,4.8,1.516742413132445,-0.52
2022-11-14,23.729999542236328,4.67,2.217846362117203,-0.52
2022-11-15,24.540000915527344,4.64,2.0967378066181874,-0.57
2022-11-16,24.110000610351562,4.71,1.9847753991193986,-0.68
2022-11-17,23.93000030517578,4.75,1.8773024806059873,-0.66
2022-11-18,23.1200008392334,4.65,1.7613713781258913,-0.69
2022-11-21,22.360000610351562,4.64,1.6576607950330011,-0.65
2022-11-22,21.290000915527344,4.57,1.5587354018002766,-0.71
2022-11-23,20.350000381469727,4.51,1.5337541594346138,-0.75
2022-11-25,20.5,4.52,1.4547672363196094,-0.74
2022-11-28,22.209999084472656,4.63,1.3647834340424754,-0.77
2022-11-29,21.889999389648438,4.63,1.3980846909741291,-0.73
2022-11-30,20.579999923706055,4.55,1.3134135704963212,-0.7
2022-12-01,19.84000015258789,4.48,1.6390237445312157,-0.72
2022-12-02,19.059999465942383,4.5,1.5364337588511412,-0.77
2022-12-05,20.75,4.43,1.4412964044275718,-0.81
2022-12-06,22.170000076293945,4.57,1.4925563267520587,-0.83
2022-12-07,22.68000030517578,4.68,1.488334670678866,-0.84
2022-12-08,22.290000915527344,4.55,1.3972426704387473,-0.83
2022-12-09,22.829999923706055,4.46,1.3390991677275426,-0.76
2022-12-12,25.0,4.4,1.284019388682799,-0.78
2022-12-13,22.549999237060547,4.34,1.3048903176921476,-0.71
2022-12-14,21.139999389648438,4.37,1.2532250944312249,-0.74
2022-12-15,22.829999923706055,4.54,1.1984128329849497,-0.79
2022-12-16,22.6200008392334,4.67,1.4184870008865715,-0.69
2022-12-19,22.420000076293945,4.67,1.393727687826705,-0.68
2022-12-20,21.479999542236328,4.68,1.3411615686350888,-0.56
2022-12-21,20.06999969482422,4.56,1.260034584210286,-0.53
2022-12-22,21.969999313354492,4.61,1.291562861725366,-0.57
2022-12-23,20.8700008392334,4.59,1.3120955323346188,-0.56
2022-12-27,21.649999618530273,4.55,1.2481923271308661,-0.48
2022-12-28,22.139999389648438,4.77,1.1807987408513796,-0.43
2022-12-29,21.440000534057617,4.81,1.192472571093604,-0.51
2022-12-30,21.670000076293945,4.79,1.2815079240069012,-0.53
2023-01-03,22.899999618530273,4.7,1.207201946917045,-0.61
2023-01-04,22.010000228881836,4.62,1.14416380969485,-0.67
2023-01-05,22.459999084472656,4.58,1.1089921009008854,-0.74
2023-01-06,21.1299991607666,4.47,1.117449324294533,-0.69
2023-01-09,21.969999313354492,4.37,1.3146222676103165,-0.66
2023-01-10,20.579999923706055,4.33,1.2346299794182765,-0.63
2023-01-11,21.09000015258789,4.3,1.1853911187765307,-0.66
2023-01-12,18.829999923706055,4.29,1.1972383367558748,-0.69
2023-01-13,18.350000381469727,4.21,1.132540075749106,-0.73
2023-01-17,19.360000610351562,4.19,1.073912588888551,-0.65
2023-01-18,20.34000015258789,4.25,1.0130778908498288,-0.69
2023-01-19,20.520000457763672,4.39,1.1037481118613832,-0.7
2023-01-20,19.850000381469727,4.35,1.069399795505736,-0.66
2023-01-23,19.809999465942383,4.27,1.1943675175557875,-0.69
2023-01-24,19.200000762939453,4.33,1.1970750459837327,-0.66
2023-01-25,19.079999923706055,4.35,1.12592368170331,-0.65
2023-01-26,18.729999542236328,4.24,1.0593667819426638,-0.68
2023-01-27,18.510000228881836,4.23,1.067663374964536,-0.67
2023-01-30,19.940000534057617,4.26,1.008442594711598,-0.7
2023-01-31,19.399999618530273,4.3,1.0470993397634192,-0.69
2023-02-01,17.8700008392334,4.31,1.10938175236554,-0.7
2023-02-02,18.729999542236328,3.94,1.1068884456801795,-0.69
2023-02-03,18.329999923706055,3.95,1.1567274982975733,-0.77
2023-02-06,19.43000030517578,3.99,1.149682141859757,-0.81
2023-02-07,18.65999984741211,3.99,1.1021726935417375,-0.8
2023-02-08,19.6299991607666,4.07,1.131566092324668,-0.82
2023-02-09,20.709999084472656,4.05,1.1312151352231585,-0.81
2023-02-10,20.530000686645508,4.24,1.1065006866466192,-0.76
2023-02-13,20.34000015258789,4.23,1.0444308270148153,-0.8
2023-02-14,18.90999984741211,4.15,1.064309913438611,-0.83
2023-02-15,18.229999542236328,4.18,1.0022947028668265,-0.81
2023-02-16,20.170000076293945,4.24,0.9514429078566256,-0.76
2023-02-17,20.020000457763672,4.38,1.0191548937541652,-0.78
2023-02-21,22.8700008392334,4.49,0.9642767953192737,-0.72
2023-02-22,22.290000915527344,4.41,1.150976006729638,-0.73
2023-02-23,21.139999389648438,4.3,1.0835880422748625,-0.78
2023-02-24,21.670000076293945,4.28,1.0366103806160218,-0.83
2023-02-27,20.950000762939453,4.21,1.0456010707527472,-0.86
2023-02-28,20.700000762939453,4.22,0.9919163770423393,-0.89
2023-03-01,20.579999923706055,4.17,0.9439596965745141,-0.88
2023-03-02,19.59000015258789,4.18,0.9007443346870714,-0.81
2023-03-03,18.489999771118164,4.05,0.8925203854309629,-0.89
2023-03-06,18.610000610351562,3.97,1.0088011519733886,-0.91
2023-03-07,19.59000015258789,3.98,0.9510569594560722,-1.03
2023-03-08,19.110000610351562,4.09,1.0460631219752803,-1.07
2023-03-09,22.610000610351562,4.27,0.9868942581574786,-0.97
2023-03-10,24.799999237060547,4.61,1.1339661787797641,-0.9
2023-03-13,26.520000457763672,5.03,1.1806149783982403,-0.48
2023-03-14,23.729999542236328,4.74,1.1111357153118167,-0.56
2023-03-15,26.139999389648438,5.2,1.1911466348846071,-0.42
2023-03-16,22.989999771118164,4.93,1.1408933622715065,-0.58
2023-03-17,25.510000228881836,5.17,1.2321404340086137,-0.42
2023-03-20,24.149999618530273,5.15,1.228091567028165,-0.45
2023-03-21,21.3799991607666,4.85,1.2011971260831575,-0.58
2023-03-22,22.260000228881836,5.0,1.2169998409756344,-0.48
2023-03-23,22.610000610351562,5.1,1.2908859586848378,-0.38
2023-03-24,21.739999771118164,5.22,1.216054550097924,-0.38
2023-03-27,20.600000381469727,5.03,1.1653718022632935,-0.41
2023-03-28,19.969999313354492,5.01,1.0978083862374157,-0.47
2023-03-29,19.1200008392334,4.83,1.0361722813571614,-0.51
2023-03-30,19.020000457763672,4.74,1.0977333875172515,-0.55
2023-03-31,18.700000762939453,4.58,1.0529392073639652,-0.58
2023-04-03,18.549999237060547,4.58,1.1048239979485905,-0.54
2023-04-04,19.0,4.73,1.0481136797312647,-0.49
2023-04-05,19.079999923706055,4.84,1.0059734076777929,-0.49
2023-04-06,18.399999618530273,4.84,0.9525144748639491,-0.52
2023-04-10,18.969999313354492,4.7,0.9088252862212283,-0.59
2023-04-11,19.100000381469727,4.63,0.8590231550769319,-0.6
2023-04-12,19.09000015258789,4.62,0.8123494784504587,-0.54
2023-04-13,17.799999237060547,4.49,0.7822815542207803,-0.51
2023-04-14,17.06999969482422,4.43,0.8722610549202203,-0.56
2023-04-17,16.950000762939453,4.41,0.8288955857920356,-0.58
2023-04-18,16.829999923706055,4.37,0.7943511643400389,-0.61
2023-04-19,16.459999084472656,4.41,0.7530204888606086,-0.64
2023-04-20,17.170000076293945,4.54,0.7146722291508975,-0.6
2023-04-21,16.770000457763672,4.46,0.7056072127476062,-0.6
2023-04-24,16.889999389648438,4.48,0.6716456053822936,-0.6
2023-04-25,18.760000228881836,4.64,0.6410010778976034,-0.46
2023-04-26,18.84000015258789,4.63,0.8274224246198528,-0.47
2023-04-27,17.030000686645508,4.48,0.7969618961314358,-0.54
2023-04-28,15.779999732971191,4.5,1.02022986741652,-0.6
2023-05-01,16.079999923706055,4.45,1.0058137700170688,-0.55
2023-05-02,17.780000686645508,4.7,0.9486376470057464,-0.53
2023-05-03,18.34000015258789,4.79,0.9777178237428872,-0.51
2023-05-04,20.09000015258789,4.95,0.9526366495447937,-0.38
2023-05-05,17.190000534057617,4.77,0.9322085381727216,-0.48
2023-05-08,16.979999542236328,4.72,1.0871135381765018,-0.48
2023-05-09,17.709999084472656,4.74,1.0233433849681015,-0.48
2023-05-10,16.940000534057617,4.78,0.976274923158603,-0.47
2023-05-11,16.93000030517578,4.81,0.9348328402989369,-0.5
2023-05-12,17.030000686645508,4.76,0.8844062026835344,-0.52
2023-05-15,17.1200008392334,4.77,0.8369709836904236,-0.49
2023-05-16,17.989999771118164,4.79,0.8009743173398985,-0.52
2023-05-17,16.8700008392334,4.75,0.7938549346784718,-0.55
2023-05-18,16.049999237060547,4.69,0.8615106661539547,-0.59
2023-05-19,16.809999465942383,4.62,0.8802826079965184,-0.58
2023-05-22,17.209999084472656,4.54,0.8334606550639954,-0.57
2023-05-23,18.530000686645508,4.6,0.7888433203754679,-0.56
2023-05-24,20.030000686645508,4.68,0.8445261698964857,-0.58
2023-05-25,19.139999389648438,4.58,0.8380479840672348,-0.67
2023-05-26,17.950000762939453,4.53,0.8478404096736899,-0.74
2023-05-30,17.459999084472656,4.58,0.918557922382246,-0.77
2023-05-31,17.940000534057617,4.69,0.8673755289086886,-0.76
2023-06-01,15.649999618530273,4.65,0.8425338975464183,-0.72
2023-06-02,14.600000381469727,4.37,0.8623592929977285,-0.81
2023-06-05,14.729999542236328,4.39,0.9563206925385421,-0.77
2023-06-06,13.960000038146973,4.39,0.9046541042205802,-0.81
2023-06-07,13.9399995803833,4.33,0.8577747250760108,-0.77
2023-06-08,13.649999618530273,4.39,0.8200536398771794,-0.79
2023-06-09,13.829999923706055,4.29,0.8042286176839215,-0.84
2023-06-12,15.010000228881836,4.34,0.7643265965562608,-0.82
2023-06-13,14.609999656677246,4.18,0.7902467326765309,-0.83
2023-06-14,13.880000114440918,4.18,0.7830448849475999,-0.91
2023-06-15,14.5,4.21,0.7434243437661746,-0.9
2023-06-16,13.539999961853027,4.15,0.8258935233242555,-0.93
2023-06-20,13.880000114440918,4.22,0.7907092469746717,-0.94
2023-06-21,13.199999809265137,4.32,0.7708854234246449,-0.96
2023-06-22,12.90999984741211,4.3,0.7526235122712345,-0.97
2023-06-23,13.4399995803833,4.4,0.7252082734111084,-0.97
2023-06-26,14.25,4.45,0.7379780161903599,-0.93
2023-06-27,13.739999771118164,4.3,0.715162229426754,-0.97
2023-06-28,13.430000305175781,4.27,0.7786199943669958,-1.0
2023-06-29,13.539999961853027,4.14,0.7384049497837223,-1.02
2023-06-30,13.59000015258789,4.05,0.7144553028320498,-1.06
2023-07-03,13.569999694824219,3.99,0.7925040576470046,-1.08
2023-07-05,14.180000305175781,4.01,0.7520435770930031,-0.99
2023-07-06,15.4399995803833,4.1,0.7156271090415508,-0.94
2023-07-07,14.829999923706055,4.08,0.7332617857863838,-0.88
2023-07-10,15.069999694824219,4.13,0.7020247757296937,-0.84
2023-07-11,14.84000015258789,4.05,0.6735864799100618,-0.89
2023-07-12,13.539999961853027,3.95,0.6787234414685176,-0.86
2023-07-13,13.609999656677246,3.97,0.7040580186362352,-0.83
2023-07-14,13.34000015258789,3.9,0.7240043557403563,-0.91
2023-07-17,13.479999542236328,3.97,0.6883288421653291,-0.93
2023-07-18,13.300000190734863,3.9,0.6662698789624646,-0.94
2023-07-19,13.760000228881836,3.89,0.6853335638553727,-0.99
2023-07-20,13.989999771118164,3.9,0.657076304781072,-0.95
2023-07-21,13.600000381469727,3.89,0.6680943784710581,-0.98
2023-07-24,13.90999984741211,3.82,0.6367211082336367,-0.95
2023-07-25,13.859999656677246,3.84,0.6275048423184356,-0.94
2023-07-26,13.1899995803833,3.91,0.6070687066907933,-0.96
2023-07-27,14.40999984741211,3.78,0.580984022430451,-0.9
2023-07-28,13.329999923706055,3.82,0.6033874975635792,-0.91
2023-07-31,13.630000114440918,3.79,0.6697819947868042,-0.91
2023-08-01,13.930000305175781,3.82,0.6416912813856307,-0.87
2023-08-02,16.09000015258789,3.96,0.6206347610710445,-0.8
2023-08-03,15.920000076293945,3.98,0.7679600080434105,-0.7
2023-08-04,17.100000381469727,4.01,0.7352049773214872,-0.73
2023-08-07,15.770000457763672,3.97,0.7158773029492072,-0.67
2023-08-08,15.989999771118164,4.0,0.7447219149422178,-0.72
2023-08-09,15.960000038146973,3.94,0.7231085785235691,-0.79
2023-08-10,15.850000381469727,3.83,0.7257419578338016,-0.73
2023-08-11,14.84000015258789,3.83,0.6896959663032015,-0.73
2023-08-14,14.819999694824219,3.79,0.6568243502211226,-0.77
2023-08-15,16.459999084472656,3.85,0.6550530392214433,-0.71
2023-08-16,16.780000686645508,3.81,0.746105336153872,-0.69
2023-08-17,17.889999389648438,3.95,0.7532534876430406,-0.64
2023-08-18,17.299999237060547,4.02,0.7628245748780826,-0.66
2023-08-21,17.1299991607666,3.97,0.7238574011317402,-0.63
2023-08-22,16.969999313354492,3.93,0.7239407455048633,-0.68
2023-08-23,15.979999542236328,3.92,0.6943755763799897,-0.76
2023-08-24,17.200000762939453,3.91,0.7650327537215708,-0.75
2023-08-25,15.680000305175781,3.9,0.8732568850829696,-0.78
2023-08-28,15.079999923706055,3.86,0.8608835209879597,-0.78
2023-08-29,14.449999809265137,3.87,0.8432222107984417,-0.75
2023-08-30,13.880000114440918,3.8,0.9411988702443672,-0.78
2023-08-31,13.569999694824219,3.85,0.8996504157144214,-0.76
2023-09-01,13.09000015258789,3.81,0.8513319919013763,-0.69
2023-09-05,14.010000228881836,3.83,0.8078069064498049,-0.67
2023-09-06,14.449999809265137,3.86,0.779781816536406,-0.71
2023-09-07,14.399999618530273,3.9,0.7756479700370026,-0.67
2023-09-08,13.84000015258789,3.85,0.7432068732518373,-0.72
2023-09-11,13.800000190734863,3.82,0.7075687271063442,-0.68
2023-09-12,14.229999542236328,3.84,0.7105276938972608,-0.71
2023-09-13,13.479999542236328,3.85,0.7022202195151411,-0.71
2023-09-14,12.819999694824219,3.78,0.6692248662991085,-0.71
2023-09-15,13.789999961853027,3.79,0.7042900095725186,-0.69
2023-09-18,14.0,3.82,0.791671891651868,-0.73
2023-09-19,14.109999656677246,3.82,0.7504888432677285,-0.71
2023-09-20,15.140000343322754,3.77,0.7159760567372897,-0.77
2023-09-21,17.540000915527344,3.89,0.752708405679473,-0.63
2023-09-22,17.200000762939453,3.93,0.920220196663132,-0.66
2023-09-25,16.899999618530273,3.97,0.8723362644985748,-0.54
2023-09-26,18.940000534057617,4.04,0.837418834476967,-0.48
2023-09-27,18.219999313354492,4.03,0.9450931561810094,-0.49
2023-09-28,17.34000015258789,4.09,0.8919122481958822,-0.45
2023-09-29,17.520000457763672,4.03,0.8663426126219125,-0.44
2023-10-02,17.610000610351562,4.11,0.8234051151524161,-0.43
2023-10-03,19.780000686645508,4.26,0.779569349258938,-0.34
2023-10-04,18.579999923706055,4.37,0.8753483212130704,-0.32
2023-10-05,18.489999771118164,4.38,0.8650466924793618,-0.31
2023-10-06,17.450000762939453,4.33,0.8179596504052923,-0.3
2023-10-10,17.030000686645508,4.26,0.8578111704386201,-0.3
2023-10-11,16.09000015258789,4.25,0.8310565122793222,-0.41
2023-10-12,16.690000534057617,4.25,0.7992658799551119,-0.36
2023-10-13,19.31999969482422,4.3,0.7865485133234773,-0.41
2023-10-16,17.209999084472656,4.27,0.7654841639563242,-0.38
2023-10-17,17.8799991607666,4.25,0.8123673998192571,-0.36
2023-10-18,19.219999313354492,4.32,0.7692758023294272,-0.28
2023-10-19,21.399999618530273,4.37,0.8662037392806793,-0.16
2023-10-20,21.709999084472656,4.52,0.8746310812827724,-0.14
2023-10-23,20.3700008392334,4.51,0.9320015469707015,-0.19
2023-10-24,18.969999313354492,4.41,0.8817695821643304,-0.19
2023-10-25,20.190000534057617,4.37,0.8733378746536197,-0.13
2023-10-26,20.68000030517578,4.5,0.9667577467491738,-0.16
2023-10-27,21.270000457763672,4.53,1.0036241120566818,-0.15
2023-10-30,19.75,4.5,0.9590829892802738,-0.15
2023-10-31,18.139999389648438,4.42,0.9948209072307994,-0.19
2023-11-01,16.8700008392334,4.47,0.9627926773262233,-0.18
2023-11-02,15.65999984741211,4.15,0.9803573961631546,-0.31
2023-11-03,14.90999984741211,4.04,1.1362619848770354,-0.26
2023-11-06,14.890000343322754,4.0,1.1146361501198923,-0.26
2023-11-07,14.8100004196167,4.08,1.0518632254806661,-0.33
2023-11-08,14.449999809265137,4.08,0.9955604695844422,-0.44
2023-11-09,15.289999961853027,4.04,0.9388402948475267,-0.41
2023-11-10,14.170000076293945,4.03,0.9269806472393243,-0.43
2023-11-13,14.760000228881836,4.03,1.0277037147626542,-0.39
2023-11-14,14.15999984741211,3.92,0.9688235431746014,-0.36
2023-11-15,14.180000305175781,3.89,1.1323476533138719,-0.37
2023-11-16,14.319999694824219,4.02,1.067783920317652,-0.38
2023-11-17,13.800000190734863,3.99,1.0062858834175903,-0.44
2023-11-20,13.40999984741211,3.92,0.9494092536375903,-0.47
2023-11-21,13.350000381469727,3.95,0.9347073745005173,-0.45
2023-11-22,12.850000381469727,3.9,0.8854637391131255,-0.47
2023-11-24,12.460000038146973,3.85,0.8473830887460742,-0.45
2023-11-27,12.6899995803833,3.89,0.8018425307138883,-0.45
2023-11-28,12.6899995803833,3.9,0.7621643678209146,-0.39
2023-11-29,12.979999542236328,3.8,0.7238764203037301,-0.37
2023-11-30,12.920000076293945,3.84,0.6883055355998128,-0.36
2023-12-01,12.630000114440918,3.87,0.6693590743157127,-0.34
2023-12-04,13.079999923706055,3.8,0.6701015995726447,-0.36
2023-12-05,12.850000381469727,3.8,0.6643149764653549,-0.39
2023-12-06,12.970000267028809,3.79,0.6332984252502353,-0.48
2023-12-07,13.0600004196167,3.77,0.6210104977055867,-0.44
2023-12-08,12.350000381469727,3.75,0.6499613898952205,-0.48
2023-12-11,12.630000114440918,3.79,0.6378510103852394,-0.48
2023-12-12,12.069999694824219,3.76,0.6238636430279054,-0.53
2023-12-13,12.1899995803833,3.79,0.6170151751496192,-0.42
2023-12-14,12.479999542236328,3.47,0.7585304823767431,-0.45
2023-12-15,12.279999732971191,3.51,0.7283037106630427,-0.53
2023-12-18,12.5600004196167,3.51,0.6943084376098878,-0.48
2023-12-19,12.529999732971191,3.46,0.6889781057738456,-0.48
2023-12-20,13.670000076293945,3.43,0.6889601820161424,-0.48
2023-12-21,13.649999618530273,3.41,0.8160900195526675,-0.44
2023-12-22,13.029999732971191,3.39,0.8396209620128513,-0.41
2023-12-26,12.989999771118164,3.37,0.7974647613777112,-0.37
2023-12-27,12.430000305175781,3.34,0.7696476198410097,-0.41
2023-12-28,12.470000267028809,3.32,0.7326428296050198,-0.42
2023-12-29,12.449999809265137,3.34,0.6960449536107516,-0.35
2024-01-02,13.199999809265137,3.54,0.6699730191011162,-0.38
2024-01-03,14.039999961853027,3.71,0.667652670846333,-0.42
2024-01-04,14.130000114440918,3.69,0.6973943834445865,-0.39
2024-01-05,13.350000381469727,3.68,0.6730022658392661,-0.35
2024-01-08,13.079999923706055,3.63,0.6429821513133456,-0.35
2024-01-09,12.760000228881836,3.59,0.7874592159021884,-0.34
2024-01-10,12.6899995803833,3.5,0.7482009338414167,-0.33
2024-01-11,12.4399995803833,3.55,0.736841987600531,-0.28
2024-01-12,12.699999809265137,3.56,0.6999467997013926,-0.18
2024-01-16,13.84000015258789,3.58,0.6663456289618832,-0.15
2024-01-17,14.789999961853027,3.62,0.647892241618004,-0.24
2024-01-18,14.130000114440918,3.58,0.6479636866187011,-0.2
2024-01-19,13.300000190734863,3.54,0.6908337723974353,-0.24
2024-01-22,13.1899995803833,3.49,0.7863293790433508,-0.26
2024-01-23,12.550000190734863,3.51,0.7489095540377678,-0.17
2024-01-24,13.140000343322754,3.44,0.718058609453875,-0.16
2024-01-25,13.449999809265137,3.45,0.6835867726249238,-0.14
2024-01-26,13.260000228881836,3.39,0.6777362873859499,-0.19
2024-01-29,13.600000381469727,3.41,0.6470656317463537,-0.21
2024-01-30,13.3100004196167,3.42,0.6757668786336839,-0.3
2024-01-31,14.350000381469727,3.59,0.6443101977331391,-0.28
2024-02-01,13.880000114440918,3.56,0.8402745722278901,-0.33
2024-02-02,13.850000381469727,3.47,0.9147952272724655,-0.33
2024-02-05,13.670000076293945,3.5,0.9375502694517257,-0.29
2024-02-06,13.0600004196167,3.52,0.8938924470490595,-0.3
2024-02-07,12.829999923706055,3.43,0.8504930455997052,-0.32
2024-02-08,12.789999961853027,3.38,0.8547931076435598,-0.31
2024-02-09,12.930000305175781,3.33,0.8085387525915856,-0.31
2024-02-12,13.930000305175781,3.35,0.7915790807211114,-0.29
2024-02-13,15.850000381469727,3.36,0.7502816001110526,-0.33
2024-02-14,14.380000114440918,3.38,0.8603084835985694,-0.29
2024-02-15,14.010000228881836,3.35,0.8722925573533598,-0.32
2024-02-16,14.239999771118164,3.34,0.8585713253155899,-0.34
2024-02-20,15.420000076293945,3.37,0.8302656851103047,-0.32
2024-02-21,15.34000015258789,3.34,0.8089219460062168,-0.32
2024-02-22,14.539999961853027,3.22,0.7667474265838252,-0.36
2024-02-23,13.75,3.23,1.018445233984611,-0.41
2024-02-26,13.739999771118164,3.23,0.9599809613613087,-0.41
2024-02-27,13.430000305175781,3.26,0.9145335812075814,-0.39
2024-02-28,13.84000015258789,3.31,0.8659683147917785,-0.37
2024-02-29,13.399999618530273,3.29,0.8199979756864562,-0.39
2024-03-01,13.109999656677246,3.32,0.7862886748574927,-0.35
2024-03-04,13.489999771118164,3.26,0.8131337115987772,-0.39
2024-03-05,14.460000038146973,3.31,0.770885568598755,-0.41
2024-03-06,14.5,3.27,0.8103661184241698,-0.44
2024-03-07,14.4399995803833,3.27,0.7873352188784571,-0.41
2024-03-08,14.739999771118164,3.26,0.8216018658100983,-0.39
2024-03-11,15.220000267028809,3.26,0.8055134674672484,-0.41
2024-03-12,13.84000015258789,3.2,0.7635467410932364,-0.42
2024-03-13,13.75,3.15,0.8144564257791942,-0.42
2024-03-14,14.399999618530273,3.15,0.7731292575258365,-0.39
2024-03-15,14.40999984741211,3.16,0.7363713180120852,-0.41
2024-03-18,14.329999923706055,3.13,0.7393226714383572,-0.39
2024-03-19,13.819999694824219,3.1,0.7317240797768412,-0.38
2024-03-20,13.039999961853027,3.14,0.7213418946260036,-0.32
2024-03-21,12.920000076293945,3.05,0.7567384940456535,-0.35
2024-03-22,13.0600004196167,3.08,0.7271902792274564,-0.37
2024-03-25,13.1899995803833,3.11,0.6940624768780249,-0.29
2024-03-26,13.239999771118164,3.15,0.6674960623968011,-0.32
2024-03-27,12.779999732971191,3.15,0.6394183478542175,-0.34
2024-03-28,13.010000228881836,3.12,0.6764159067247285,-0.39
2024-04-01,13.649999618530273,3.12,0.6443760016721606,-0.39
2024-04-02,14.609999656677246,3.23,0.6180011296140365,-0.34
2024-04-03,14.329999923706055,3.23,0.6312556318791599,-0.32
2024-04-04,16.350000381469727,3.24,0.6042416790369148,-0.34
2024-04-05,16.030000686645508,3.18,0.7191930919504517,-0.34
2024-04-08,15.1899995803833,3.15,0.7733748040717736,-0.36
2024-04-09,14.979999542236328,3.14,0.7336278412159776,-0.38
2024-04-10,15.800000190734863,3.1,0.6979865098169299,-0.42
2024-04-11,14.90999984741211,3.16,0.750817824363966,-0.37
2024-04-12,17.309999465942383,3.25,0.7591489643244893,-0.38
2024-04-15,19.229999542236328,3.28,0.8676600786491959,-0.3
2024-04-16,18.399999618530273,3.36,0.9302568334498742,-0.3
2024-04-17,18.209999084472656,3.42,0.8803829145381495,-0.34
2024-04-18,18.0,3.39,0.8572772138118849,-0.34
2024-04-19,18.709999084472656,3.37,0.8138487806034362,-0.35
2024-04-22,16.940000534057617,3.29,0.8288445416665003,-0.35
2024-04-23,15.6899995803833,3.2,0.8468623528574056,-0.25
2024-04-24,15.970000267028809,3.19,0.9001679610603848,-0.24
2024-04-25,15.369999885559082,3.24,0.8504433508802829,-0.26
2024-04-26,15.029999732971191,3.16,0.8152152345815428,-0.29
2024-04-29,14.670000076293945,3.12,0.8387692569848013,-0.34
2024-04-30,15.649999618530273,3.18,0.8030931121575007,-0.35
2024-05-01,15.390000343322754,3.21,0.9421161877404992,-0.33
2024-05-02,14.680000305175781,3.16,0.8962290570813423,-0.29
2024-05-03,13.489999771118164,3.08,0.9065333477179648,-0.31
2024-05-06,13.489999771118164,3.03,0.9575281933986693,-0.33
2024-05-07,13.229999542236328,3.06,0.9715034749052334,-0.35
2024-05-08,13.0,3.1,0.9170358887677375,-0.36
2024-05-09,12.6899995803833,3.14,0.8658742119366831,-0.35
2024-05-10,12.550000190734863,3.12,0.8426862609960025,-0.37
2024-05-13,13.600000381469727,3.14,0.798482575639591,-0.37
2024-05-14,13.420000076293945,3.14,0.7564976979775918,-0.36
2024-05-15,12.449999809265137,3.13,0.7353133057507957,-0.37
2024-05-16,12.420000076293945,3.08,0.81927236379609,-0.4
2024-05-17,11.989999771118164,3.09,0.778943156820951,-0.41
2024-05-20,12.149999618530273,3.07,0.7401839712313355,-0.38
2024-05-21,11.859999656677246,3.07,0.7039911363509377,-0.41
2024-05-22,12.289999961853027,3.11,0.675025450221745,-0.43
2024-05-23,12.770000457763672,3.1,0.6508521491244655,-0.44
2024-05-24,11.930000305175781,3.11,0.6713226625046115,-0.47
2024-05-28,12.920000076293945,3.09,0.679609032326551,-0.4
2024-05-29,14.279999732971191,3.15,0.6477233220469661,-0.35
2024-05-30,14.470000267028809,3.19,0.6647176995200482,-0.37
2024-05-31,12.920000076293945,3.2,0.674648237238129,-0.38
2024-06-03,13.109999656677246,3.17,0.7160172654719222,-0.41
2024-06-04,13.15999984741211,3.22,0.6812457150972053,-0.44
2024-06-05,12.630000114440918,3.2,0.6499301928709432,-0.43
2024-06-06,12.579999923706055,3.2,0.7440622704202882,-0.44
2024-06-07,12.220000267028809,3.15,0.7064136846469231,-0.44
2024-06-10,12.739999771118164,3.15,0.673174203024587,-0.4
2024-06-11,12.850000381469727,3.19,0.6502977519368371,-0.42
2024-06-12,12.039999961853027,3.09,0.6260597888442622,-0.44
2024-06-13,11.9399995803833,3.2,0.662566147858932,-0.44
2024-06-14,12.65999984741211,3.29,0.635527876106361,-0.47
2024-06-17,12.75,3.26,0.6073043196945201,-0.47
2024-06-18,12.300000190734863,3.24,0.6433441938487482,-0.47
2024-06-20,13.279999732971191,3.23,0.620395756321285,-0.45
2024-06-21,13.199999809265137,3.21,0.60062505569066,-0.45
2024-06-24,13.329999923706055,3.19,0.5769786771309684,-0.46
2024-06-25,12.84000015258789,3.19,0.56503802980799,-0.42
2024-06-26,12.550000190734863,3.18,0.5589493115857433,-0.39
2024-06-27,12.239999771118164,3.21,0.5389256280078388,-0.41
2024-06-28,12.4399995803833,3.18,0.5219009873902911,-0.35
2024-07-01,12.220000267028809,3.21,0.5219661626417982,-0.29
2024-07-02,12.029999732971191,3.23,0.5087203973052692,-0.31
2024-07-03,12.09000015258789,3.25,0.5442976482096772,-0.35
2024-07-05,12.479999542236328,3.27,0.5463236820929951,-0.32
2024-07-08,12.369999885559082,3.2,0.5625225495637025,-0.34
2024-07-09,12.510000228881836,3.21,0.5419080665172371,-0.32
2024-07-10,12.850000381469727,3.17,0.5228115263822847,-0.34
2024-07-11,12.920000076293945,3.18,0.6098329181455484,-0.3
2024-07-12,12.460000038146973,3.19,0.6567324790389123,-0.27
2024-07-15,13.119999885559082,3.13,0.6634553179942718,-0.21
2024-07-16,13.1899995803833,3.08,0.6396564191467129,-0.26
2024-07-17,14.479999542236328,3.09,0.6444484172440541,-0.26
2024-07-18,15.930000305175781,3.09,0.7873158917762068,-0.26
2024-07-19,16.520000457763672,3.09,0.7930387578786524,-0.24
2024-07-22,14.90999984741211,3.05,0.7864362195117699,-0.24
2024-07-23,14.720000267028809,3.02,0.8264723288454259,-0.15
2024-07-24,18.040000915527344,3.1,0.7841796720444951,-0.09
2024-07-25,18.459999084472656,3.08,1.0904443504887442,-0.14
2024-07-26,16.389999389648438,3.1,1.0423687979122727,-0.16
2024-07-29,16.600000381469727,3.13,1.055588316531232,-0.19
2024-07-30,17.690000534057617,3.2,0.9942956578907516,-0.2
2024-07-31,16.360000610351562,3.25,0.9538497072118964,-0.2
2024-08-01,18.59000015258789,3.35,1.060551138976987,-0.17
2024-08-02,23.389999389648438,3.72,1.115249131101201,-0.08
2024-08-05,38.56999969482422,3.93,1.2365651430041722,-0.11
2024-08-06,27.709999084472656,3.67,1.5518991281713377,-0.09
2024-08-07,27.850000381469727,3.57,1.4897725223565175,-0.04
2024-08-08,23.790000915527344,3.48,1.416684105570482,-0.05
2024-08-09,20.3700008392334,3.49,1.5491515542039271,-0.11
2024-08-12,20.709999084472656,3.52,1.4606215136642768,-0.11
2024-08-13,18.1200008392334,3.54,1.3703283181649262,-0.08
2024-08-14,16.190000534057617,3.46,1.4059693995767817,-0.11
2024-08-15,15.229999542236328,3.31,1.3239282337938139,-0.16
2024-08-16,14.800000190734863,3.29,1.3766754051892103,-0.17
2024-08-19,14.649999618530273,3.21,1.2944943414090928,-0.2
2024-08-20,15.880000114440918,3.25,1.2600777811900843,-0.17
2024-08-21,16.270000457763672,3.27,1.1851550470910897,-0.13
2024-08-22,17.549999237060547,3.21,1.1206186638042488,-0.13
2024-08-23,15.859999656677246,3.19,1.0894487639710733,-0.09
2024-08-26,16.149999618530273,3.15,1.0894525409703493,-0.09
2024-08-27,15.430000305175781,3.17,1.0288288220087995,0.0
2024-08-28,17.110000610351562,3.19,0.9704729372557789,0.01
2024-08-29,15.649999618530273,3.15,0.9374432827478201,0.0
2024-08-30,15.0,3.13,0.8847363035401085,0.0
2024-09-03,20.719999313354492,3.31,0.899050991116525,-0.04
2024-09-04,21.31999969482422,3.35,1.1158021287835307,0.01
2024-09-05,19.899999618530273,3.29,1.0523184332901627,-0.02
2024-09-06,22.3799991607666,3.39,0.9946735927617505,0.06
2024-09-09,19.450000762939453,3.36,1.1082516466660735,0.02
2024-09-10,19.079999923706055,3.46,1.1125665849119404,0.06
2024-09-11,17.690000534057617,3.44,1.0577727958595269,0.03
2024-09-12,17.06999969482422,3.39,1.0575584439672925,0.04
2024-09-13,16.559999465942383,3.37,1.0378212383582073,0.09
2024-09-16,17.139999389648438,3.32,0.9942947480608101,0.07
2024-09-17,17.610000610351562,3.25,0.9387291464210392,0.06
2024-09-18,18.229999542236328,3.21,0.886033797646723,0.09
2024-09-19,16.329999923706055,3.1,0.8435876285474792,0.14
2024-09-20,16.149999618530273,3.15,0.9918264132820276,0.18
2024-09-23,15.890000343322754,3.15,0.9369754407845029,0.18
2024-09-24,15.390000343322754,3.21,0.8885544693689241,0.25
2024-09-25,15.40999984741211,3.19,0.8454255087175632,0.26
2024-09-26,15.369999885559082,3.14,0.8034342673174868,0.19
2024-09-27,16.959999084472656,3.14,0.7734045913287584,0.2
2024-09-30,16.729999542236328,3.03,0.7351350970597647,0.15
2024-10-01,19.260000228881836,3.07,0.7119500092974997,0.13
2024-10-02,18.899999618530273,3.06,0.7458666846193455,0.16
2024-10-03,20.489999771118164,3.04,0.7082240770889868,0.15
2024-10-04,19.209999084472656,2.89,0.6765073417112181,0.05
2024-10-07,22.639999389648438,2.95,0.7172308395770483,0.04
2024-10-08,21.420000076293945,2.99,0.751477398264973,0.06
2024-10-09,20.860000610351562,2.94,0.7848776056424267,0.07
2024-10-10,20.93000030517578,2.99,0.7817858240044334,0.11
2024-10-11,20.459999084472656,2.98,0.7436133217777106,0.13
2024-10-15,20.639999389648438,2.93,0.7542582299812951,0.08
2024-10-16,19.579999923706055,2.9,0.7655395968242389,0.09
2024-10-17,19.110000610351562,2.89,0.7416850518874658,0.13
2024-10-18,18.030000686645508,2.88,0.704235012935055,0.13
2024-10-21,18.3700008392334,2.88,0.6830412885744688,0.17
2024-10-22,18.200000762939453,2.92,0.652922219326632,0.17
2024-10-23,19.239999771118164,2.95,0.6231110771498687,0.17
2024-10-24,19.079999923706055,2.93,0.6758748585040628,0.14
2024-10-25,20.329999923706055,2.89,0.6482219826843041,0.14
2024-10-28,19.799999237060547,2.82,0.6186548423909686,0.16
2024-10-29,19.34000015258789,2.85,0.6012045997988034,0.17
2024-10-30,20.350000381469727,2.8,0.5783592424640304,0.14
2024-10-31,23.15999984741211,2.88,0.5647468853361054,0.12
2024-11-01,21.8799991607666,2.83,0.8769561726888766,0.16
2024-11-04,21.979999542236328,2.87,0.8417104371104553,0.14
2024-11-05,20.489999771118164,2.86,0.7998536334079605,0.07
2024-11-06,16.270000457763672,2.74,0.8655523686981502,0.15
2024-11-07,15.199999809265137,2.73,1.1834030630214425,0.1
2024-11-08,14.9399995803833,2.63,1.1444543919994268,0.04
2024-11-12,14.710000038146973,2.61,1.023673543618873,0.09
2024-11-13,14.020000457763672,2.64,0.9705820524067031,0.17
2024-11-14,14.3100004196167,2.6,0.9155356251938054,0.09
2024-11-15,16.139999389648438,2.72,0.8931622628199463,0.12
2024-11-18,15.579999923706055,2.72,0.9556874189991845,0.13
2024-11-19,16.350000381469727,2.69,0.9127645892688351,0.12
2024-11-20,17.15999984741211,2.67,0.8712267353762261,0.1
2024-11-21,16.8700008392334,2.61,0.8236427945133619,0.09
2024-11-22,15.239999771118164,2.61,0.8016249367901748,0.04
2024-11-25,14.600000381469727,2.64,0.7669784314072648,0.06
2024-11-26,14.100000381469727,2.68,0.7369702932578351,0.09
2024-11-27,14.100000381469727,2.69,0.7229871288014679,0.06
2024-11-29,13.510000228881836,2.72,0.6951249595290313,0.05
2024-12-02,13.34000015258789,2.68,0.6957203647782186,0.02
2024-12-03,13.300000190734863,2.66,0.6649610144436715,0.06
2024-12-04,13.449999809265137,2.66,0.6340581112054294,0.06
2024-12-05,13.539999961853027,2.66,0.642775888946846,0.02
2024-12-06,12.770000457763672,2.67,0.6162303832463397,0.05
2024-12-09,14.1899995803833,2.67,0.5929902736418311,0.07
2024-12-10,14.180000305175781,2.67,0.5958718309788501,0.07
2024-12-11,13.579999923706055,2.64,0.5809531270046706,0.11
2024-12-12,13.920000076293945,2.66,0.6182889365241063,0.14
2024-12-13,13.8100004196167,2.68,0.6179300296981735,0.15
2024-12-16,14.6899995803833,2.69,0.5909069644661186,0.14
2024-12-17,15.869999885559082,2.75,0.5853320884002803,0.15
2024-12-18,27.6200008392334,2.73,0.57926386776128,0.15
2024-12-19,24.09000015258789,2.91,1.1906790466822434,0.25
2024-12-20,18.360000610351562,2.86,1.1194175412534764,0.22
2024-12-23,16.780000686645508,2.85,1.1322660474247814,0.29
2024-12-24,14.270000457763672,2.86,1.0852493433258004,0.3
2024-12-26,14.729999542236328,2.86,1.091614335321492,0.28
2024-12-27,15.949999809265137,2.84,1.0274762066321583,0.31
2024-12-30,17.399999618530273,2.94,1.03574581799315,0.31
2024-12-31,17.350000381469727,2.92,1.0543091712416404,0.33
2025-01-02,17.93000030517578,2.88,1.000971038370083,0.32
2025-01-03,16.1299991607666,2.81,0.9473796949668475,0.32
2025-01-06,16.040000915527344,2.76,0.9930419953436139,0.34
2025-01-07,17.81999969482422,2.79,0.9572727536154693,0.37
2025-01-08,17.700000762939453,2.84,0.9859473935887338,0.39
2025-01-10,19.540000915527344,2.81,0.9309850582919247,0.37
2025-01-13,19.190000534057617,2.85,1.0290588541992072,0.39
2025-01-14,18.709999084472656,2.8,0.9710082993123875,0.41
2025-01-15,16.1200008392334,2.72,0.9170236295199553,0.39
2025-01-16,16.600000381469727,2.73,1.0692774351691479,0.38
2025-01-17,15.970000267028809,2.64,1.0089972230259765,0.34
2025-01-21,15.0600004196167,2.61,1.0125056874951106,0.28
2025-01-22,15.100000381469727,2.59,1.0055038311386792,0.31
2025-01-23,15.020000457763672,2.61,0.9675746635595724,0.36
2025-01-24,14.850000381469727,2.6,0.9320549680358737,0.36
2025-01-27,17.899999618530273,2.66,0.885614631076751,0.36
2025-01-28,16.40999984741211,2.66,0.9727103067566156,0.36
2025-01-29,16.559999465942383,2.68,0.9644690740211991,0.34
2025-01-30,15.84000015258789,2.67,0.9230667067372428,0.34
2025-01-31,16.43000030517578,2.68,0.8911334726690245,0.36
2025-02-03,18.6200008392334,2.73,0.8621797035395019,0.28
2025-02-04,17.209999084472656,2.71,0.8484084700760349,0.31
2025-02-05,15.770000457763672,2.69,0.8355596247698801,0.26
2025-02-06,15.5,2.66,0.8030969960695677,0.24
2025-02-07,16.540000915527344,2.67,0.77025868544164,0.2
2025-02-10,15.8100004196167,2.66,0.7975407257954075,0.23
2025-02-11,16.020000457763672,2.66,0.7914846168645636,0.25
2025-02-12,15.890000343322754,2.65,0.7505057589897952,0.26
2025-02-13,15.100000381469727,2.65,0.7211357543504583,0.21
2025-02-14,14.770000457763672,2.62,0.7767394770614612,0.21
2025-02-18,15.350000381469727,2.62,0.7364677526011959,0.26
2025-02-19,15.270000457763672,2.68,0.7068373786321895,0.25
2025-02-20,15.65999984741211,2.66,0.6771973703966939,0.22
2025-02-21,18.209999084472656,2.78,0.661176047289431,0.23
2025-02-24,18.979999542236328,2.78,0.8705982367298752,0.27
2025-02-25,19.43000030517578,2.84,0.8381476298277301,0.23
2025-02-26,19.100000381469727,2.81,0.8118007598221897,0.2
2025-02-27,21.1299991607666,2.81,0.7689527842226606,0.22
2025-02-28,19.6299991607666,2.87,0.9195231762008181,0.25
2025-03-03,22.780000686645508,2.94,1.021854519169876,0.2
2025-03-04,23.510000228881836,2.99,1.14259035960333,0.26
2025-03-05,21.93000030517578,2.88,1.1518839299763484,0.29
2025-03-06,24.8700008392334,2.99,1.1454812594822799,0.33
2025-03-07,23.3700008392334,2.97,1.2447672213562406,0.33
2025-03-10,27.860000610351562,3.16,1.185649060931881,0.33
2025-03-11,26.920000076293945,3.22,1.457887166640215,0.34
2025-03-12,24.229999542236328,3.2,1.39818299895022,0.31
2025-03-13,24.65999984741211,3.4,1.325008371524857,0.33
2025-03-14,21.770000457763672,3.25,1.3289158475316358,0.29
2025-03-17,20.510000228881836,3.18,1.4364077928274799,0.25
2025-03-18,21.700000762939453,3.23,1.3739512698947631,0.25
2025-03-19,19.899999618530273,3.19,1.3439360988071494,0.26
2025-03-20,19.799999237060547,3.17,1.3168356044243088,0.29
2025-03-21,19.280000686645508,3.21,1.2406301787796368,0.31
2025-03-24,17.479999542236328,3.05,1.1657965613044499,0.3
2025-03-25,17.149999618530273,3.09,1.2583649843326496,0.35
2025-03-26,18.329999923706055,3.19,1.185159900274251,0.37
2025-03-27,18.690000534057617,3.27,1.19007399625521,0.41
2025-03-28,21.649999618530273,3.47,1.1226266454555334,0.38
2025-03-31,22.280000686645508,3.55,1.271604054336857,0.34
2025-04-01,21.770000457763672,3.5,1.216991707029022,0.3
2025-04-02,21.510000228881836,3.42,1.147996316771241,0.29
2025-04-03,30.020000457763672,4.01,1.101859183408962,0.35
2025-04-04,45.310001373291016,4.45,2.041848103877567,0.33
2025-04-07,46.97999954223633,4.61,2.839425378864755,0.42
2025-04-08,52.33000183105469,4.57,2.6560509339130904,0.55
2025-04-09,33.619998931884766,4.37,2.5442800517651483,0.43
2025-04-10,40.720001220703125,4.42,4.212478208018453,0.56
2025-04-11,37.560001373291016,4.26,4.234565360271432,0.52
2025-04-14,30.889999389648438,4.14,4.005126760376573,0.54
2025-04-15,30.1200008392334,4.09,3.758391665465299,0.51
2025-04-16,32.63999938964844,4.16,3.5143587979536446,0.52
2025-04-17,29.649999618530273,4.02,3.377084165345985,0.53
2025-04-21,33.81999969482422,4.16,3.1574676372527217,0.67
2025-04-22,30.56999969482422,3.99,3.0688729987148355,0.65
2025-04-23,28.450000762939453,3.75,3.005464089146156,0.59
2025-04-24,26.469999313354492,3.73,2.8607629424491186,0.55
2025-04-25,24.84000015258789,3.67,2.77173619170869,0.55
2025-04-28,25.149999618530273,3.73,2.6042531644164986,0.56
2025-04-29,24.170000076293945,3.74,2.435957683722449,0.54
2025-04-30,24.700000762939453,3.94,2.289398633045164,0.57
2025-05-01,24.600000381469727,3.78,2.1423087790119233,0.55
2025-05-02,22.68000030517578,3.6,2.0201302976440116,0.5
2025-05-05,23.639999389648438,3.6,1.959537986182977,0.53
2025-05-06,24.760000228881836,3.66,1.8456515365386876,0.52
2025-05-07,23.549999237060547,3.67,1.753162268997386,0.48
2025-05-08,22.479999542236328,3.51,1.6489820473134704,0.47
2025-05-09,21.899999618530273,3.53,1.564272400142983,0.49
2025-05-12,18.389999389648438,3.15,1.4673133938570888,0.47
2025-05-13,18.219999313354492,3.09,1.7818892095643415,0.47
2025-05-14,18.6200008392334,3.1,1.6849036434299847,0.48
2025-05-15,17.829999923706055,3.2,1.579561285375118,0.49
2025-05-16,17.239999771118164,3.16,1.4905492724594207,0.45
2025-05-19,18.139999389648438,3.21,1.4152116848741774,0.49
2025-05-20,18.09000015258789,3.2,1.3285202489467065,0.51
2025-05-21,20.8700008392334,3.25,1.2528824874733613,0.58
2025-05-22,20.280000686645508,3.32,1.3173699032394584,0.54
2025-05-23,22.290000915527344,3.4,1.2371016185028976,0.51
2025-05-27,18.959999084472656,3.24,1.1866537927086187,0.51
2025-05-28,19.309999465942383,3.23,1.3257339411829188,0.51
2025-05-29,19.18000030517578,3.22,1.2610722723732903,0.51
2025-05-30,18.56999969482422,3.31,1.19263277727727,0.52
2025-06-02,18.360000610351562,3.27,1.1218561709037562,0.52
2025-06-03,17.690000534057617,3.19,1.073467149690019,0.5
2025-06-04,17.610000610351562,3.23,1.0298496470633522,0.5
2025-06-05,18.479999542236328,3.18,0.9702873448853395,0.48
2025-06-06,16.770000457763672,3.09,0.930511414401232,0.47
2025-06-09,17.15999984741211,3.12,0.9475735996339052,0.48
2025-06-10,16.950000762939453,3.12,0.8946473481217586,0.46
2025-06-11,17.260000228881836,3.12,0.8677875920050142,0.47
2025-06-12,18.020000457763672,3.17,0.8263841648283192,0.46
2025-06-13,20.81999969482422,3.18,0.7942814206942523,0.45
2025-06-16,19.110000610351562,3.1,0.8482663960816073,0.49
2025-06-17,21.600000381469727,3.17,0.8674214168003634,0.45
2025-06-18,20.139999389648438,3.16,0.8727487643231542,0.44
2025-06-20,20.6200008392334,3.13,0.824980006220816,0.48
2025-06-23,19.829999923706055,3.12,0.7851750144282038,0.5
2025-06-24,17.479999542236328,3.06,0.8190917718220643,0.55
2025-06-25,16.760000228881836,3.04,0.8646251773202489,0.55
2025-06-26,16.59000015258789,3.04,0.8176978281489258,0.56
2025-06-27,16.31999969482422,3.02,0.8203290198401001,0.56
2025-06-30,16.729999542236328,2.96,0.795537237297057,0.52
2025-07-01,16.829999923706055,2.91,0.7718363863711415,0.48
2025-07-02,16.639999389648438,2.88,0.7320407527551768,0.52
2025-07-03,16.3799991607666,2.8,0.7129646333171155,0.47
2025-07-07,17.790000915527344,2.86,0.7308506535705284,0.5
2025-07-08,16.809999465942383,2.92,0.7414797817708753,0.52
2025-07-09,15.9399995803833,2.94,0.7042982427977839,0.48
2025-07-10,15.779999732971191,2.92,0.7014758862681612,0.49
2025-07-11,16.399999618530273,2.97,0.6744729601262419,0.53
2025-07-14,17.200000762939453,2.95,0.6541480989883586,0.53
2025-07-15,17.3799991607666,2.95,0.6274757755799768,0.55
2025-07-16,17.15999984741211,3.0,0.6178282455042668,0.58
2025-07-17,16.520000457763672,2.91,0.6020867909911972,0.56
2025-07-18,16.40999984741211,2.93,0.6142866510062818,0.56
2025-07-21,16.649999618530273,2.89,0.5880953770394245,0.53
2025-07-22,16.5,2.9,0.5675165066424755,0.52
2025-07-23,15.369999885559082,2.83,0.5449789977134684,0.52
2025-07-24,15.390000343322754,2.82,0.6016952925177591,0.52
2025-07-25,14.930000305175781,2.84,0.5761762889335026,0.49
2025-07-28,15.029999732971191,2.82,0.571966503188382,0.51
2025-07-29,15.979999542236328,2.86,0.5490702459793321,0.48
2025-07-30,15.479999542236328,2.89,0.5361491489617635,0.44
2025-07-31,16.719999313354492,2.86,0.5183568239971745,0.43
2025-08-01,20.3799991607666,3.13,0.5172130944310427,0.54
2025-08-04,17.520000457763672,3.02,0.7617211944799607,0.53
2025-08-05,17.850000381469727,2.98,0.8932510030032741,0.5
2025-08-06,16.770000457763672,2.98,0.8622376743497743,0.53
2025-08-07,16.56999969482422,2.95,0.8574296630668866,0.51
2025-08-08,15.149999618530273,2.94,0.8113497774467232,0.51
2025-08-11,16.25,2.94,0.8145098152538958,0.51
2025-08-12,14.729999542236328,2.93,0.7743192132898742,0.57
2025-08-13,14.489999771118164,2.9,0.8215572401989433,0.57
2025-08-14,14.829999923706055,2.89,0.786784961067791,0.55
2025-08-15,15.09000015258789,2.88,0.7457190514823463,0.58
2025-08-18,14.989999771118164,2.88,0.7126212017045279,0.57
2025-08-19,15.569999694824219,2.9,0.677580034132553,0.55
2025-08-20,15.6899995803833,2.94,0.6726067044156072,0.55
2025-08-21,16.600000381469727,2.95,0.6475086589237503,0.54
2025-08-22,14.220000267028809,2.88,0.6335287129295896,0.58
2025-08-25,14.789999961853027,2.8,0.8046841376070943,0.55
2025-08-26,14.619999885559082,2.78,0.7775026894266168,0.65
2025-08-27,14.850000381469727,2.78,0.7513761273507404,0.65
2025-08-28,14.430000305175781,2.75,0.7175221233313588,0.6
2025-08-29,15.359999656677246,2.82,0.6930454778223427,0.64
2025-09-02,17.170000076293945,2.92,0.6916572280477766,0.62
2025-09-03,16.350000381469727,2.88,0.7073800474963092,0.61
2025-09-04,15.300000190734863,2.84,0.6985356061939179,0.58
2025-09-05,15.180000305175781,2.83,0.7249982300755067,0.59
2025-09-08,15.109999656677246,2.84,0.6962568649906312,0.56
2025-09-09,15.039999961853027,2.87,0.668006637286407,0.54
2025-09-10,15.350000381469727,2.84,0.641693925877919,0.5
2025-09-11,14.710000038146973,2.78,0.6207548786951296,0.49
2025-09-12,14.760000228881836,2.79,0.6596549062409383,0.5
2025-09-15,15.6899995803833,2.75,0.6291041926904087,0.51
2025-09-16,16.360000610351562,2.79,0.6288368157795461,0.53
2025-09-17,15.720000267028809,2.79,0.6027337508098072,0.54
2025-09-18,15.699999809265137,2.71,0.5786276337053288,0.54
2025-09-19,15.449999809265137,2.72,0.5782847503738241,0.57
2025-09-22,16.100000381469727,2.69,0.5807861131372224,0.54
2025-09-23,16.639999389648438,2.71,0.5807402620407497,0.59
2025-09-24,16.18000030517578,2.7,0.588488325247494,0.59
2025-09-25,16.739999771118164,2.76,0.5748329141937749,0.54
2025-09-26,15.289999961853027,2.75,0.5746062656680313,0.57
2025-09-29,16.1200008392334,2.74,0.5861541225217525,0.52
2025-09-30,16.280000686645508,2.8,0.5703329703598526,0.56
2025-10-01,16.290000915527344,2.81,0.5629365871121396,0.57
2025-10-02,16.6299991607666,2.81,0.553604605998038,0.55
2025-10-03,16.649999618530273,2.8,0.5338289508065422,0.55
2025-10-06,16.3700008392334,2.76,0.5143971853371351,0.58
2025-10-07,17.239999771118164,2.82,0.5122064987864325,0.57
2025-10-08,16.299999237060547,2.84,0.5114510913153477,0.55
2025-10-09,16.43000030517578,2.95,0.5357368328848242,0.54
2025-10-10,21.65999984741211,3.18,0.525909868676146,0.53
2025-10-14,20.809999465942383,3.11,1.1466811955432847,0.55
2025-10-15,20.639999389648438,2.95,1.079379109716658,0.55
2025-10-16,25.309999465942383,3.04,1.0277621641795651,0.58
2025-10-17,20.780000686645508,3.04,0.9970909328954686,0.56
2025-10-20,18.229999542236328,2.99,0.9603353314737366,0.54
2025-10-21,17.8700008392334,2.97,0.9748541608315179,0.53
2025-10-22,18.600000381469727,3.01,0.9193323031452174,0.52
2025-10-23,17.299999237060547,2.96,0.8867464925940812,0.53
2025-10-24,16.3700008392334,2.88,0.8627868705661704,0.54
2025-10-27,15.789999961853027,2.8,0.8635576197453548,0.53
2025-10-28,16.420000076293945,2.82,0.9128411745749158,0.52
2025-10-29,16.920000076293945,2.76,0.8669210999870183,0.49
2025-10-30,16.90999984741211,2.85,0.8197546902338705,0.5
2025-10-31,17.440000534057617,2.94,0.866290221404671,0.51
2025-11-03,17.170000076293945,3.04,0.8268956195432791,0.53
2025-11-04,19.0,3.13,0.7853798545615626,0.52
2025-11-05,18.010000228881836,3.05,0.8522958139887298,0.54
2025-11-06,19.5,3.13,0.8150317937313845,0.54
2025-11-07,19.079999923706055,3.15,0.858214369411716,0.56
2025-11-10,17.600000381469727,3.02,0.8122718457650447,0.55
2025-11-12,17.510000228881836,3.02,0.8899114624516163,0.52
2025-11-13,20.0,3.09,0.8410325695372161,0.53
2025-11-14,19.829999923706055,3.07,0.9860677776796084,0.52
2025-11-17,22.3799991607666,3.13,0.929726090962354,0.53
2025-11-18,24.690000534057617,3.2,0.9361134439174098,0.54
2025-11-19,23.65999984741211,3.17,0.9309790680597613,0.55
2025-11-20,26.420000076293945,3.17,0.888942744281653,0.55
2025-11-21,23.43000030517578,3.19,0.9956140152350075,0.55
2025-11-24,20.520000457763672,3.15,0.999939521787874,0.58
2025-11-25,18.559999465942383,3.1,1.0709880007686075,0.58
2025-11-26,17.190000534057617,3.0,1.0596952520800438,0.55
2025-11-28,16.350000381469727,2.95,1.0262178976376821,0.55
2025-12-01,17.239999771118164,2.94,0.9852669502724293,0.55
2025-12-02,16.59000015258789,2.92,0.9425208900423367,0.58
2025-12-03,16.079999923706055,2.89,0.8917544152696276,0.57
2025-12-04,15.779999732971191,2.88,0.8510589536633529,0.59
2025-12-05,15.40999984741211,2.85,0.8053494207585361,0.58
2025-12-08,16.65999984741211,2.89,0.7656623861367581,0.6
2025-12-09,16.93000030517578,2.89,0.7337847843749553,0.57
2025-12-10,15.770000457763672,2.91,0.6976175984248283,0.59
2025-12-11,14.850000381469727,2.88,0.7025158538444528,0.62
2025-12-12,15.739999771118164,2.91,0.6731443825373734,0.67
2025-12-15,16.5,2.91,0.7435641750045061,0.67
2025-12-16,16.479999542236328,2.98,0.7079142437126199,0.67
2025-12-17,17.6200008392334,2.99,0.67992023563286,0.67
2025-12-18,16.8700008392334,2.95,0.7534106258720282,0.66
2025-12-19,14.90999984741211,2.9,0.7614408957478374,0.68
2025-12-22,14.079999923706055,2.88,0.7876964508633855,0.73
2025-12-23,14.0,2.83,0.7772149162592462,0.7
2025-12-24,13.470000267028809,2.84,0.7538012942581719,0.68
2025-12-26,13.600000381469727,2.86,0.725730789321348,0.68
2025-12-29,14.199999809265137,2.87,0.6895815724001824,0.67
2025-12-30,14.329999923706055,2.84,0.6680625405034747,0.69
2025-12-31,14.949999809265137,2.81,0.6381107128473944,0.71
2026-01-02,14.510000228881836,2.83,0.6619915364805615,0.72
2026-01-05,14.899999618530273,2.81,0.6343452921749915,0.71
2026-01-06,14.75,2.79,0.6484116916435876,0.71
2026-01-07,15.380000114440918,2.79,0.6522244062792468,0.68
2026-01-08,15.449999809265137,2.76,0.6322643594234655,0.7
2026-01-09,14.489999771118164,2.74,0.6039639307120761,0.64
2026-01-12,15.119999885559082,2.74,0.6219864551492829,0.65
2026-01-13,15.979999542236328,2.75,0.5970716849302905,0.65
2026-01-14,16.75,2.76,0.5760754245840514,0.64
2026-01-15,15.84000015258789,2.71,0.5787302514647468,0.61
2026-01-16,15.859999656677246,2.65,0.5631625231281904,0.65
2026-01-20,20.09000015258789,2.73,0.5417867947082663,0.7
2026-01-21,16.899999618530273,2.69,0.8857104094656842,0.66
2026-01-22,15.640000343322754,2.64,0.9273415582838794,0.65
2026-01-23,16.09000015258789,2.68,0.8939734453202316,0.64
2026-01-26,16.149999618530273,2.69,0.8446555534257627,0.66
2026-01-27,16.350000381469727,2.71,0.8182584236070173,0.71
2026-01-28,16.350000381469727,2.72,0.78696762737088,0.7
2026-01-29,16.8799991607666,2.77,0.745888421312344,0.71
2026-01-30,17.440000534057617,2.8,0.7114589325451574,0.74
2026-02-02,16.34000015258789,2.81,0.6844131106791194,0.72
2026-02-03,18.0,2.85,0.674138076483244,0.71
2026-02-04,18.639999389648438,2.86,0.7069907938556078,0.72
2026-02-05,21.770000457763672,2.97,0.6932854684213817,0.74
2026-02-06,20.3700008392334,2.87,0.7916308058277527,0.72
2026-02-09,17.360000610351562,2.84,1.0001069082976193,0.74
2026-02-10,17.790000915527344,2.86,0.9574537083792549,0.71
2026-02-11,17.649999618530273,2.84,0.9078989028359868,0.66
2026-02-12,20.81999969482422,2.92,0.8574626968177491,0.62
2026-02-13,20.600000381469727,2.95,0.9752626547946129,0.64
2026-02-17,20.290000915527344,2.94,0.92003672477381,0.62
2026-02-18,19.6200008392334,2.86,0.8704512941835862,0.62
2026-02-19,20.229999542236328,2.88,0.8412247786089616,0.61
2026-02-20,19.09000015258789,2.86,0.8011665001644657,0.6
2026-02-23,21.010000228881836,2.95,0.7993197073910197,0.6
2026-02-24,19.549999237060547,2.97,0.8372863040546789,0.61
2026-02-25,17.93000030517578,2.94,0.8313773639420149,0.6
2026-02-26,18.6299991607666,2.98,0.8393937535401386,0.6
2026-02-27,19.860000610351562,3.1,0.8175060169045824,0.59
2026-03-02,21.440000534057617,3.03,0.7919334740062608,0.58
2026-03-03,23.56999969482422,3.08,0.7507129427121302,0.55
2026-03-04,21.149999618530273,2.97,0.776303056836813,0.55
2026-03-05,23.75,3.0,0.775673072405939,0.56
2026-03-06,29.489999771118164,3.13,0.7607937390815529,0.59
2026-03-09,25.5,3.19,0.8554892577872775,0.56
2026-03-10,24.010000228881836,3.19,0.8641109606384855,0.56
