date,eff_n,top_share,eff_n_pctile,eff_n_z
1926-07-31,5.890992260735604,0.2496083241945736,1.0,
1926-08-31,5.858841317999034,0.2585146202121971,0.5,
1926-09-30,5.842476909619526,0.2660117541075029,0.3333333333333333,
1926-10-31,5.783195511219256,0.274860194568666,0.25,
1926-11-30,5.775632835290762,0.274716070700917,0.2,
1926-12-31,5.7729453537620525,0.2698970710353782,0.16666666666666666,
1927-01-31,5.879356645055537,0.2681151190915695,0.8571428571428571,
1927-02-28,5.919492456712757,0.2678256977087165,1.0,
1927-03-31,5.945125551797018,0.269313970539164,1.0,
1927-04-30,5.8726449710543145,0.2733791405327166,0.6,
1927-05-31,5.828739280121838,0.2742078295380932,0.36363636363636365,
1927-06-30,5.817415185225183,0.2766587852943684,0.3333333333333333,
1927-07-31,5.800306700370057,0.2771265823846716,0.3076923076923077,
1927-08-31,5.724801521160595,0.2863258608533975,0.07142857142857142,
1927-09-30,5.612832395953036,0.2964626048499605,0.06666666666666667,
1927-10-31,5.571637468070184,0.3004913776141218,0.0625,
1927-11-30,5.590661109939194,0.2976489902573412,0.11764705882352941,
1927-12-31,5.677126254857376,0.2920881983468015,0.2222222222222222,
1928-01-31,5.751130155833079,0.2907323280867601,0.3157894736842105,
1928-02-29,5.81413612399932,0.287799299638423,0.55,
1928-03-31,5.736934763903206,0.2908937557083774,0.2857142857142857,
1928-04-30,5.601202762544247,0.3077314954259329,0.13636363636363635,
1928-05-31,5.681268810389254,0.2985522382693536,0.2608695652173913,
1928-06-30,5.656999999089041,0.3000265477723441,0.20833333333333334,
1928-07-31,5.329888959876758,0.3146702495889492,0.04,
1928-08-31,5.29810148764302,0.3177831822536664,0.038461538461538464,
1928-09-30,5.258538623914737,0.3232710994639867,0.037037037037037035,
1928-10-31,5.286214482352206,0.3229448350306045,0.07142857142857142,
1928-11-30,5.2994893490370245,0.3209446265476905,0.13793103448275862,
1928-12-31,5.278926925318069,0.3186002061111062,0.06666666666666667,
1929-01-31,5.4033486085060805,0.3168120034185456,0.22580645161290322,
1929-02-28,5.349114627221018,0.3196901719234328,0.21875,
1929-03-31,5.420254470749855,0.3145529494153115,0.2727272727272727,
1929-04-30,5.274318012687031,0.3196467758302788,0.058823529411764705,
1929-05-31,5.258379741285155,0.3225803886472384,0.02857142857142857,
1929-06-30,5.240452780604522,0.3200903000908614,0.027777777777777776,
1929-07-31,5.322830133594761,0.3368797560808753,0.24324324324324326,
1929-08-31,5.372160975011469,0.3298793256293079,0.3157894736842105,
1929-09-30,5.343406143372114,0.3232214381121895,0.28205128205128205,
1929-10-31,5.393557091362329,0.31985076235956,0.35,
1929-11-30,5.593396682327976,0.2945662403059713,0.4634146341463415,
1929-12-31,5.649276053863187,0.2893649297864751,0.5238095238095238,
1930-01-31,5.586292415696487,0.2893338884087158,0.4186046511627907,
1930-02-28,5.56830339564433,0.295730164189242,0.38636363636363635,
1930-03-31,5.548881551817298,0.2978027437284324,0.37777777777777777,
1930-04-30,5.558095597712397,0.2937753213803271,0.391304347826087,
1930-05-31,5.421750884802711,0.3002438181412375,0.3617021276595745,
1930-06-30,5.296928543866901,0.3090159975852701,0.14583333333333334,
1930-07-31,3.834270707746549,0.4279614630552694,0.02040816326530612,
1930-08-31,3.8316582422262258,0.4276819150534463,0.02,
1930-09-30,3.8143018310162855,0.4278790710758636,0.0196078431372549,
1930-10-31,3.806703999011336,0.4258046749250996,0.019230769230769232,
1930-11-30,3.821413935755696,0.4206956307946101,0.05660377358490566,
1930-12-31,3.805494163844123,0.4225503548132751,0.018518518518518517,
1931-01-31,3.7177246992745623,0.4312299630128746,0.01818181818181818,
1931-02-28,3.7965349415948153,0.4246906661131631,0.03571428571428571,
1931-03-31,3.7131114487029295,0.4365847260886369,0.017543859649122806,
1931-04-30,3.6289602730216046,0.4478196168220641,0.017241379310344827,
1931-05-31,3.566708509493947,0.4509711409042464,0.01694915254237288,
1931-06-30,3.4877624240849974,0.4582247067202909,0.016666666666666666,
1931-07-31,2.915215036412259,0.5395600636257168,0.01639344262295082,
1931-08-31,2.851625086848688,0.547712261261323,0.016129032258064516,
1931-09-30,2.841131089882273,0.5482818763906964,0.015873015873015872,
1931-10-31,2.8836436054003567,0.5379333009852403,0.046875,
1931-11-30,2.8323771350054283,0.5451344404618527,0.015384615384615385,
1931-12-31,2.717308973657319,0.5621569835078356,0.015151515151515152,
1932-01-31,2.575527986378807,0.5836267456427309,0.014925373134328358,
1932-02-29,2.647923093468944,0.5736703439733808,0.029411764705882353,
1932-03-31,2.583402769878497,0.5824669581511555,0.028985507246376812,
1932-04-30,2.582758996749919,0.5821690190769175,0.02857142857142857,
1932-05-31,2.5595785736242926,0.5868382771930954,0.014084507042253521,
1932-06-30,2.528618836049952,0.5887905206210443,0.013888888888888888,
1932-07-31,2.6170129637271318,0.5888776206604033,0.0821917808219178,
1932-08-31,2.8455473691019564,0.5582233024589984,0.14864864864864866,
1932-09-30,3.096224070659034,0.5304012311795011,0.2,
1932-10-31,2.962875529594677,0.5468741044731036,0.19736842105263158,
1932-11-30,2.8568381030870733,0.5578862771128449,0.16883116883116883,
1932-12-31,2.7833063436384853,0.5664071752079377,0.11538461538461539,
1933-01-31,2.6910237521804,0.577435573474588,0.10126582278481013,
1933-02-28,2.7497663302232414,0.5702417127154802,0.125,
1933-03-31,2.7118381199396566,0.5756966388968687,0.1111111111111111,
1933-04-30,2.867327469848441,0.5557245503799242,0.21951219512195122,
1933-05-31,3.0952264716954283,0.5296073288015111,0.26506024096385544,
1933-06-30,3.31405391493388,0.5106223158580467,0.2857142857142857,
1933-07-31,3.400132383781973,0.4991060583413029,0.29411764705882354,
1933-08-31,3.328741970319109,0.5069298295814053,0.29069767441860467,
1933-09-30,3.4770969224693413,0.4909699126621999,0.3103448275862069,
1933-10-31,3.4196912493765725,0.4935422011253959,0.3068181818181818,
1933-11-30,3.332028048616554,0.4998404085541015,0.29213483146067415,
1933-12-31,3.3438842036968937,0.4982388904465203,0.3,
1934-01-31,3.3740281577682123,0.4958509878600332,0.3076923076923077,
1934-02-28,3.548453313786034,0.4819933849154522,0.358695652173913,
1934-03-31,3.556188520537213,0.4819860206231129,0.3655913978494624,
1934-04-30,3.568700257470317,0.4810264015619281,0.3829787234042553,
1934-05-31,3.563823922229695,0.4809192383551466,0.3684210526315789,
1934-06-30,3.496033326451704,0.4862529359612079,0.34375,
1934-07-31,4.6004438793984415,0.3328794522052191,0.5051546391752577,
1934-08-31,4.331681018948139,0.3483855435762946,0.5,
1934-09-30,4.360453326738431,0.3473377554867914,0.5050505050505051,
1934-10-31,4.347089659392612,0.3493465206640763,0.5,
1934-11-30,4.263362472545625,0.3588203384677046,0.48514851485148514,
1934-12-31,4.294928270740574,0.364862833881742,0.49019607843137253,
1935-01-31,4.303962705544325,0.3660864934196742,0.49514563106796117,
1935-02-28,4.244440237504179,0.3714949637298135,0.47115384615384615,
1935-03-31,4.143300000861947,0.3802580837177661,0.4666666666666667,
1935-04-30,4.098201351080073,0.3805758251017173,0.46226415094339623,
1935-05-31,4.12893022737851,0.3741121464876841,0.4672897196261682,
1935-06-30,4.114020627676168,0.3710640528738009,0.46296296296296297,
1935-07-31,4.467833985620239,0.3818568546219054,0.5504587155963303,
1935-08-31,4.537146237652289,0.3792807184166284,0.5545454545454546,
1935-09-30,4.554519063445281,0.3793275905528193,0.5585585585585585,
1935-10-31,4.467262308155847,0.3891038682952971,0.5357142857142857,
1935-11-30,4.502115000572859,0.3861740326244691,0.5486725663716814,
1935-12-31,4.643664324778124,0.3759818715767867,0.5789473684210527,
1936-01-31,4.746330853253395,0.3689609020003951,0.5826086956521739,
1936-02-29,4.913382866983299,0.3563739078436105,0.5862068965517241,
1936-03-31,4.97715728871034,0.3522734916385532,0.5897435897435898,
1936-04-30,4.907161692111402,0.3607730448217585,0.576271186440678,
1936-05-31,4.800269624919791,0.3661927614564901,0.5714285714285714,
1936-06-30,4.805002957505378,0.366403311734722,0.575,0.3561428056596087
1936-07-31,4.426950950346184,0.3930208227526663,0.49586776859504134,0.019085775522027865
1936-08-31,4.492313147722359,0.3895466383387019,0.5163934426229508,0.0772729144675028
1936-09-30,4.568028606915597,0.3846661994659911,0.5447154471544715,0.14472557311025983
1936-10-31,4.597999454769734,0.3834631749505196,0.5483870967741935,0.17106291337061225
1936-11-30,4.583960607842238,0.3819776759972024,0.544,0.1576982528045582
1936-12-31,4.625022107459197,0.380446261664203,0.5634920634920635,0.19424824632325155
1937-01-31,4.780587491904147,0.3696664547649763,0.5826771653543307,0.33482948934701345
1937-02-28,4.826883170765896,0.3710850257371988,0.6015625,0.37557675580323546
1937-03-31,4.922033712814287,0.3657872031895443,0.6201550387596899,0.4608930759796457
1937-04-30,5.036575196071484,0.3579536349883187,0.6307692307692307,0.5636669083530083
1937-05-31,4.986601796728956,0.3587099308858289,0.6259541984732825,0.5149608895411001
1937-06-30,4.911668568344373,0.3624943190773845,0.5984848484848485,0.4434571924122093
1937-07-31,5.680295307138406,0.3042597835044424,0.8646616541353384,1.148294683244309
1937-08-31,5.710824458511368,0.3042303255030618,0.8731343283582089,1.1662373490248916
1937-09-30,5.6438377637064425,0.3093053356051952,0.8296296296296296,1.0950545553608237
1937-10-31,5.38911606446483,0.3184370560641229,0.7279411764705882,0.8534532655067667
1937-11-30,5.337386944866104,0.3164027565889842,0.7007299270072993,0.8006210020677068
1937-12-31,5.328697177273613,0.3132092534929597,0.6884057971014492,0.7878868883176627
1938-01-31,5.22733812907199,0.3154848085722485,0.6115107913669064,0.6898959916664045
1938-02-28,5.23070388162603,0.3191823995406875,0.6142857142857143,0.6893818049331866
1938-03-31,5.246283292956947,0.3196564010879538,0.624113475177305,0.7002114781642732
1938-04-30,5.100160229331055,0.3243756583441022,0.5985915492957746,0.56088508916105
1938-05-31,5.178560141866164,0.3195342545151823,0.6013986013986014,0.6313190174353774
1938-06-30,5.102595414644263,0.3224662930686672,0.5972222222222222,0.5573728925937361
1938-07-31,4.121467683353189,0.3858777272553827,0.35172413793103446,-0.3656173441866137
1938-08-31,4.168731433323488,0.3874430445662708,0.3698630136986301,-0.3197438225996485
1938-09-30,4.04908795876351,0.3994780263026088,0.3333333333333333,-0.4314214607022429
1938-10-31,4.007372416516966,0.4018239684076609,0.3310810810810811,-0.46914061986660494
1938-11-30,4.116478234243989,0.3978658204630836,0.35570469798657717,-0.3637612294560128
1938-12-31,4.096128067918859,0.3975069310607024,0.34,-0.381756509894731
1939-01-31,4.148634454561925,0.3931768747860893,0.3841059602649007,-0.330204353163956
1939-02-28,4.093729018051638,0.39392297762679,0.3355263157894737,-0.3815619218994066
1939-03-31,4.147663700866246,0.3901201706834984,0.38562091503267976,-0.32836269572015525
1939-04-30,3.97272629151386,0.3963467274405969,0.3181818181818182,-0.4955473907054572
1939-05-31,3.9617763995251134,0.3960441781750394,0.3161290322580645,-0.5041199371474084
1939-06-30,3.9858449125742217,0.3960434107848022,0.3269230769230769,-0.47883736530496235
1939-07-31,4.239894968203962,0.3887707683166958,0.4140127388535032,-0.23053505269948033
1939-08-31,4.265112845007924,0.3909070446324656,0.43037974683544306,-0.20521337947182153
1939-09-30,4.1720623110185775,0.3948061376320331,0.4088050314465409,-0.2954209309888235
1939-10-31,4.478777978089531,0.3791586652660034,0.4875,0.006105509278759431
1939-11-30,4.447514570623396,0.3811731275237582,0.4720496894409938,-0.024651533771014096
1939-12-31,4.331237482360347,0.3869503619933054,0.4444444444444444,-0.13925204421380336
1940-01-31,4.297686475018707,0.3906852100548724,0.43558282208588955,-0.1720044635792482
1940-02-29,4.266753439209582,0.3921660026160316,0.4268292682926829,-0.20215295167170724
1940-03-31,4.297666464627575,0.3896239954399111,0.43636363636363634,-0.17076057922749371
1940-04-30,4.300398316617098,0.3915300088511879,0.4457831325301205,-0.16750714965023214
1940-05-31,4.314464807464504,0.3910946060960689,0.4550898203592814,-0.15291320732578648
1940-06-30,4.21274007257201,0.3932898682449599,0.39285714285714285,-0.2545635886014968
1940-07-31,4.220484276996188,0.3933561262161501,0.39644970414201186,-0.2459704344459417
1940-08-31,4.216242387935612,0.3957033522423463,0.3941176470588235,-0.24948786307539378
1940-09-30,4.201150900999532,0.3985987477993815,0.38596491228070173,-0.2639907326281375
1940-10-31,4.167027210846968,0.4031495640848146,0.37209302325581395,-0.2978025555420807
1940-11-30,4.316915524011029,0.3915015905147485,0.47398843930635837,-0.1443112975699393
1940-12-31,4.364184753323046,0.3861856112464515,0.5,-0.09562503458860076
1941-01-31,4.345721195309129,0.3854760160297038,0.4857142857142857,-0.1142580206829993
1941-02-28,4.406106791464399,0.3795731677257061,0.5056818181818182,-0.051913777351898595
1941-03-31,4.409916433437305,0.3792581448889507,0.5084745762711864,-0.047843388760157236
1941-04-30,4.43385614075797,0.3780137525175182,0.5168539325842697,-0.022980280203750172
1941-05-31,4.487334172039674,0.3743665970192217,0.5418994413407822,0.03248280986381931
1941-06-30,4.514564881123698,0.3720100692719759,0.5555555555555556,0.06068125020649521
1941-07-31,4.576960938721951,0.3625889722621912,0.574585635359116,0.12551176932020452
1941-08-31,4.71580267910499,0.3564343942280664,0.6043956043956044,0.27015543691267757
1941-09-30,4.674708252995684,0.3594965444498669,0.6010928961748634,0.22634779397695617
1941-10-31,4.619240330000857,0.3646815386285692,0.5869565217391305,0.1674747595021776
1941-11-30,4.685046782260019,0.3571159667054571,0.6054054054054054,0.23627739968136469
1941-12-31,4.697423633246315,0.3561285174005066,0.6075268817204301,0.2486687267623821
1942-01-31,4.588617105390756,0.3636264761063495,0.5668449197860963,0.13284400860383377
1942-02-28,4.777957173750632,0.3509824503830326,0.6223404255319149,0.3333161040197822
1942-03-31,4.789551166584731,0.3501320120049361,0.6296296296296297,0.3446611374684614
1942-04-30,4.778592979223506,0.3539394101828772,0.6210526315789474,0.33197634167647516
1942-05-31,4.755344190259425,0.3578211964679649,0.612565445026178,0.3061870780799523
1942-06-30,4.624809720268937,0.3664838991343742,0.5729166666666666,0.1655333162233836
1942-07-31,4.2153822446467775,0.3788046366879493,0.35751295336787564,-0.2746051738363056
1942-08-31,4.259946870000989,0.3732831200312406,0.38144329896907214,-0.22588705542431622
1942-09-30,4.285669691120439,0.3707189455706361,0.4,-0.19752544975395497
1942-10-31,4.280083938513658,0.3721289389079392,0.3979591836734694,-0.20304614124598117
1942-11-30,4.381844481241096,0.3659627251717698,0.4720812182741117,-0.09214490292184277
1942-12-31,4.295066361209774,0.3699154604636093,0.4090909090909091,-0.18627034212224697
1943-01-31,4.2777767285317525,0.3732097229468502,0.39195979899497485,-0.20463180854995097
1943-02-28,4.370317431498036,0.3687715331661267,0.475,-0.10298369577814481
1943-03-31,4.483394570863538,0.3596325407090505,0.5223880597014925,0.021160919269811656
1943-04-30,4.6197617575888765,0.352212728276305,0.5891089108910891,0.17087928708090028
1943-05-31,4.678760914162464,0.3471576467670944,0.6108374384236454,0.23538888253687995
1943-06-30,4.722702997134008,0.3461204649206713,0.6274509803921569,0.283254606523482
1943-07-31,4.653355340002848,0.3614524124821962,0.6,0.20583421505994173
1943-08-31,4.649978812597657,0.3585420991313495,0.5970873786407767,0.20157250679117766
1943-09-30,4.6073143605952565,0.3608382575661476,0.5700483091787439,0.1536608729671333
1943-10-31,4.61818764914831,0.3616283713148479,0.5721153846153846,0.16539541356590456
1943-11-30,4.648910125907131,0.3592762580226037,0.5980861244019139,0.19928998530025915
1943-12-31,4.538977728295651,0.3641954993657212,0.5285714285714286,0.07576833414033578
1944-01-31,4.595687958504947,0.3621950918225635,0.5545023696682464,0.13921122716684042
1944-02-29,4.663036480660245,0.3586551600517486,0.6132075471698113,0.2146027213627541
1944-03-31,4.694848104101488,0.3571201430577221,0.6291079812206573,0.24992160729888047
1944-04-30,4.708563457762243,0.3581711041270553,0.6355140186915887,0.26479027143908274
1944-05-31,4.677746431259715,0.3596466651080021,0.6139534883720931,0.2292575401202779
1944-06-30,4.714765097541,0.3579914403006456,0.6388888888888888,0.2706881639412229
1944-07-31,4.953813490802935,0.3460417791709047,0.7096774193548387,0.5415391887266768
1944-08-31,4.979634274096407,0.3443731207965516,0.7155963302752294,0.5692853331054185
1944-09-30,4.995094826178684,0.345315020116816,0.7214611872146118,0.5851660260443966
1944-10-31,4.9856607305512375,0.3471672275294178,0.7136363636363636,0.5726302827352265
1944-11-30,4.986444742346838,0.3454698150018024,0.7149321266968326,0.571809035017954
1944-12-31,5.015274258969297,0.3436368112922062,0.7252252252252253,0.6030684817722813
1945-01-31,5.1155381492695655,0.3388643895071344,0.7399103139013453,0.7159700773850125
1945-02-28,5.193138776881537,0.3358932875078876,0.7455357142857143,0.8023784344084532
1945-03-31,5.278908305384873,0.3324369335084175,0.7777777777777778,0.8976083965892376
1945-04-30,5.238343669663777,0.3330208030536324,0.7522123893805309,0.847597928361886
1945-05-31,5.2959199384914,0.3323613219326778,0.788546255506608,0.9103382089717101
1945-06-30,5.295269290675567,0.3322734245911406,0.7850877192982456,0.9059496662390716
1945-07-31,6.267611035109069,0.3030298713432631,1.0,2.00619137437429
1945-08-31,6.185850662317599,0.3060419388028569,0.9956521739130435,1.8932217642040705
1945-09-30,6.077211481766428,0.3140396533070473,0.9913419913419913,1.7536295144784253
1945-10-31,6.113678672960641,0.3149439552857347,0.9913793103448276,1.778803713972654
1945-11-30,6.228870355433691,0.3092550630286607,0.9957081545064378,1.890066049823143
1945-12-31,6.468823962865253,0.2999639900419816,1.0,2.1337680665180305
1946-01-31,6.5249302634263,0.2972435087972381,1.0,2.1694031877122737
1946-02-28,6.599286718409545,0.2968583887785783,1.0,2.223013711518745
1946-03-31,6.559469683843536,0.2968988932540082,0.9957805907172996,2.1532187735519965
1946-04-30,6.637831916242815,0.2931935021531154,1.0,2.2105241055429574
1946-05-31,6.692366202056324,0.2906600939585146,1.0,2.2405070996624814
1946-06-30,6.828571775103822,0.2864152164858438,1.0,2.3533521555325443
1946-07-31,7.705782272776385,0.2382669533487265,1.0,3.2045416936652487
1946-08-31,7.6099291847305235,0.2397177434056271,0.9958677685950413,3.0384375137853072
1946-09-30,7.530398179946398,0.2408971514213004,0.9917695473251029,2.8993020680330743
1946-10-31,7.381022957687097,0.2421398925529091,0.9877049180327869,2.701949785591144
1946-11-30,7.40233532729441,0.2400749429169427,0.9877551020408163,2.677158814777002
1946-12-31,7.414664676986971,0.2389978885966324,0.9878048780487805,2.6450190396800237
1947-01-31,7.527657823218607,0.2337375221006716,0.9878542510121457,2.7072244821442912
1947-02-28,7.524029819631691,0.2366876062979256,0.9838709677419355,2.6592637587224024
1947-03-31,7.492195358154865,0.2399645091302431,0.9799196787148594,2.5881922705910685
1947-04-30,7.422315784543464,0.2414995807461424,0.976,2.48652922398509
1947-05-31,7.308983466151261,0.2415952401941764,0.9601593625498008,2.350888331853072
1947-06-30,7.207211665711222,0.2422061859841575,0.9563492063492064,2.2310045926023356
1947-07-31,6.033804428715086,0.2930364509444481,0.9051383399209486,1.1633644026297632
1947-08-31,6.110032439384314,0.2911901513718881,0.9094488188976378,1.2262246412830196
1947-09-30,6.101713534393653,0.2910709082069618,0.9058823529411765,1.2127839604003123
1947-10-31,6.135792590752036,0.2903613470060244,0.9140625,1.2373826229909004
1947-11-30,6.178557197201773,0.2881142129715789,0.914396887159533,1.2694444792687767
1947-12-31,6.141457198437756,0.2884051988426519,0.9108527131782945,1.2299875610926738
1948-01-31,6.178596891862775,0.2837356259507229,0.915057915057915,1.2570927472277091
1948-02-29,6.236015856952153,0.2804041086132609,0.9230769230769231,1.3018948061634925
1948-03-31,6.186380318528275,0.2792717296701544,0.9157088122605364,1.2511425928157234
1948-04-30,6.291289492186485,0.2763439487688229,0.9274809160305344,1.338014059094267
1948-05-31,6.342361890070896,0.2716613283855206,0.9277566539923955,1.3760930235997628
1948-06-30,6.35407889306704,0.2743988539441593,0.928030303030303,1.3789148024890683
1948-07-31,6.114908744369463,0.3090936509129385,0.8830188679245283,1.1603697281416059
1948-08-31,6.1134173426135625,0.3088407728717386,0.8759398496240601,1.153946419588626
1948-09-30,6.081348493849001,0.3110421500681918,0.8651685393258427,1.1206082054658255
1948-10-31,6.015588793947494,0.312798435978741,0.8544776119402985,1.0578395738880175
1948-11-30,5.988946960848095,0.3140574721052464,0.8513011152416357,1.0301497902800854
1948-12-31,5.89043846114511,0.316934857088095,0.837037037037037,0.9391668080898788
1949-01-31,5.790890466823226,0.3215655241965473,0.8044280442804428,0.847829287633659
1949-02-28,5.803342056229244,0.3237519737878371,0.8088235294117647,0.8561827914234403
1949-03-31,5.781228984092204,0.3239214336483838,0.7948717948717948,0.8338738531138239
1949-04-30,5.79967592530836,0.3250820129954758,0.8029197080291971,0.8476555174942036
1949-05-31,5.764790706112327,0.3253411435848956,0.7818181818181819,0.8140587878455208
1949-06-30,5.698326653860666,0.3283841309555957,0.7644927536231884,0.7525772850531924
1949-07-31,4.7162724086902585,0.3726224352545114,0.5054151624548736,-0.12466092273032885
1949-08-31,4.732844053690789,0.3729235312136295,0.5107913669064749,-0.109628279604462
1949-09-30,4.727935478721276,0.3731328221080807,0.5089605734767025,-0.11382333265249622
1949-10-31,4.768129897686343,0.372063293756406,0.5214285714285715,-0.07757761843020139
1949-11-30,4.738879161448987,0.3740491456021585,0.5124555160142349,-0.10371397783400678
1949-12-31,4.701026757373111,0.3779483999931317,0.4858156028368794,-0.13758929987349253
1950-01-31,4.731226721374567,0.3759746741469118,0.508833922261484,-0.1101198031294057
1950-02-28,4.785810300565525,0.374109135397105,0.5387323943661971,-0.06063329906912311
1950-03-31,4.775552197104311,0.3759054268098636,0.5263157894736842,-0.06980679050707458
1950-04-30,4.731942579149703,0.3778327321989034,0.506993006993007,-0.10920457880833007
1950-05-31,4.703663473170254,0.3819779670315819,0.4808362369337979,-0.13468355603376422
1950-06-30,4.662705958419743,0.38381461010539,0.4513888888888889,-0.17168874202408724
1950-07-31,4.97880255589428,0.370385313697801,0.5813148788927336,0.11655573838581766
1950-08-31,5.318848262832462,0.3509640402843073,0.6793103448275862,0.42652185398966147
1950-09-30,5.255803765288151,0.3556080070293886,0.6391752577319587,0.36809276874476354
1950-10-31,5.2463508315498,0.3573571259530397,0.636986301369863,0.35873317329312393
1950-11-30,5.224300813596675,0.3588971506320397,0.6177474402730375,0.337845769301771
1950-12-31,5.267413373038264,0.3569558167359136,0.6496598639455783,0.376757340916189
1951-01-31,5.422465080546457,0.3460653432298435,0.7254237288135593,0.5184258025360503
1951-02-28,5.513227617179556,0.3429503599058774,0.7263513513513513,0.6007282130154536
1951-03-31,5.460011854376239,0.3457937305982479,0.7239057239057239,0.5503993055798608
1951-04-30,5.342987868517231,0.3514033963175139,0.6912751677852349,0.4413696838582726
1951-05-31,5.38115337369178,0.34997142157263,0.7023411371237458,0.4757106118812389
1951-06-30,5.363501879361688,0.3504164355007354,0.6966666666666667,0.45842972815118266
1951-07-31,5.2078512357828615,0.3525276184770409,0.6013289036544851,0.3134446195910514
1951-08-31,5.218278933665302,0.3524963272843818,0.6026490066225165,0.3225444581657588
1951-09-30,5.239895369573272,0.3506438853411761,0.6171617161716172,0.34202992044907277
1951-10-31,5.2769993006775255,0.3501442104604494,0.6447368421052632,0.37590310518518494
1951-11-30,5.331722437403559,0.3435277144771783,0.6852459016393443,0.42614880478562217
1951-12-31,5.330816206816922,0.3438772821918491,0.6830065359477124,0.42448282493467643
1952-01-31,5.249674602745743,0.3452377227200283,0.6221498371335505,0.347915897252429
1952-02-29,5.321121878505642,0.3391660357692926,0.672077922077922,0.41408394260110004
1952-03-31,5.326349607985905,0.3398394222720097,0.6763754045307443,0.41819418381205214
1952-04-30,5.310826389730494,0.3406578121174695,0.6645161290322581,0.40285199955531303
1952-05-31,5.299865455133058,0.3408723684572037,0.662379421221865,0.3918114884892638
1952-06-30,5.271008920099963,0.3434542075394687,0.6282051282051282,0.3639613587046841
1952-07-31,5.026318132727039,0.3506405567556527,0.5591054313099042,0.13286886038842355
1952-08-31,5.018667415665134,0.3515634422702862,0.5573248407643312,0.12543593334018552
1952-09-30,5.033917476857277,0.35147159490188,0.5619047619047619,0.13964462878462594
1952-10-31,5.023191534815033,0.3525333024776176,0.5569620253164557,0.12926857356584165
1952-11-30,5.019134596287706,0.3515953571150664,0.555205047318612,0.12521609890765492
1952-12-31,4.990669763412334,0.3554046854120468,0.5440251572327044,0.09799147108931495
1953-01-31,5.014487597964792,0.3521635229746293,0.54858934169279,0.12048550897388136
1953-02-28,5.079858378043001,0.3494349613220736,0.571875,0.18255057565944846
1953-03-31,5.110661516853777,0.3478499511699717,0.5794392523364486,0.21163520676710965
1953-04-30,5.093944633860539,0.3486203046417235,0.5714285714285714,0.19532551118212746
1953-05-31,5.109596535473739,0.3483004499133241,0.5789473684210527,0.20998473921081817
1953-06-30,5.111741023671925,0.3487982761295896,0.5833333333333334,0.2117015579662103
1953-07-31,4.597700100511699,0.3604526967022101,0.3630769230769231,-0.28187509185585474
1953-08-31,4.5548396613258,0.3618551824846229,0.34662576687116564,-0.3225806392325746
1953-09-30,4.500440891345178,0.3651902323456486,0.3302752293577982,-0.37435721093556423
1953-10-31,4.439837925404564,0.3686298364010829,0.3079268292682927,-0.4320613117694524
1953-11-30,4.422112422196728,0.3712165284244996,0.3009118541033435,-0.4483700094209575
1953-12-31,4.390495086514591,0.3747133972968481,0.29393939393939394,-0.47806758727779014
1954-01-31,4.354133399355796,0.37448131801943,0.2809667673716012,-0.5123090245518718
1954-02-28,4.42939448060696,0.3682615189621886,0.3102409638554217,-0.4385424802570526
1954-03-31,4.426853921785792,0.368402490596141,0.3063063063063063,-0.44021939890350037
1954-04-30,4.387179563107527,0.3714705168286824,0.2934131736526946,-0.4779047852413285
1954-05-31,4.323207988300101,0.3757669961781907,0.2656716417910448,-0.539119905360305
1954-06-30,4.355622327006576,0.3751251124350314,0.28273809523809523,-0.5065935304750945
1954-07-31,4.310506466053337,0.3857552834619531,0.258160237388724,-0.5495313244145953
1954-08-31,4.374021347883873,0.3812468653494506,0.2958579881656805,-0.4866307810078687
1954-09-30,4.403200662389943,0.3778506468421467,0.30678466076696165,-0.45729467363914
1954-10-31,4.363395439025028,0.3812502112549016,0.28823529411764703,-0.4953380164423118
1954-11-30,4.402703490776992,0.3783506260596785,0.30791788856304986,-0.4560219756853398
1954-12-31,4.413940886928028,0.3809557464723668,0.31871345029239767,-0.44422240954665515
1955-01-31,4.528461792088948,0.3703894396727649,0.3673469387755102,-0.3312339676281846
1955-02-28,4.557236591580775,0.3680716304035204,0.3808139534883721,-0.30246219556671716
1955-03-31,4.565339944680933,0.3689115271133656,0.3826086956521739,-0.29402133096823513
1955-04-30,4.56940947625081,0.369145927554521,0.3872832369942196,-0.28955597856946325
1955-05-31,4.525369494382462,0.3743267497211594,0.3631123919308357,-0.33249775338163345
1955-06-30,4.473986812125031,0.3801055340550258,0.34195402298850575,-0.3826547794739142
1955-07-31,4.405308243544668,0.4115948848975804,0.30659025787965616,-0.44984607317576825
1955-08-31,4.38743175363242,0.4106812267884893,0.29714285714285715,-0.46674491860065426
1955-09-30,4.3827347633233895,0.4122416710405264,0.2934472934472934,-0.4705843407287434
1955-10-31,4.352242322945514,0.4136925415589162,0.26988636363636365,-0.4999743900520949
1955-11-30,4.388774244382201,0.4098947588858682,0.3031161473087819,-0.4628631691833392
1955-12-31,4.344605275291905,0.4136711009768508,0.2627118644067797,-0.5059200550443685
1956-01-31,4.38257044918943,0.4104760695723417,0.29577464788732394,-0.4672962220760844
1956-02-29,4.447648719116351,0.4037282111284508,0.34831460674157305,-0.40173725708257246
1956-03-31,4.389050545036687,0.4090132257813738,0.3081232492997199,-0.45946719203298336
1956-04-30,4.360844618497721,0.4097427525436481,0.27932960893854747,-0.48682007964754953
1956-05-31,4.409149531157395,0.4047456520883365,0.32590529247910865,-0.4377558257043735
1956-06-30,4.414640247073033,0.4050266096607418,0.3333333333333333,-0.43154383146329406
1956-07-31,3.7421011490361513,0.4711910665264326,0.11634349030470914,-1.1026589763568
1956-08-31,3.7500452231202215,0.4695428147937607,0.11878453038674033,-1.0913751796941795
1956-09-30,3.753793192460524,0.4695098907590793,0.12121212121212122,-1.084353122560325
1956-10-31,3.8214363799716446,0.4627765662302425,0.13736263736263737,-1.0137315149070107
1956-11-30,3.809095150780693,0.4637554362464839,0.13150684931506848,-1.0232168156075838
1956-12-31,3.85897486802433,0.4588624127186506,0.14754098360655737,-0.970651754066857
1957-01-31,3.8826996370370304,0.4558461793740815,0.14986376021798364,-0.9444342206300481
1957-02-28,3.966607255286834,0.4488417666184126,0.15489130434782608,-0.8583083687029172
1957-03-31,3.954721204735932,0.4493816203754303,0.15176151761517614,-0.8681555245646053
1957-04-30,3.936913975526807,0.4509552073291859,0.15135135135135136,-0.8838800772646392
1957-05-31,3.88448575403287,0.4553094504697028,0.1509433962264151,-0.9341106755878246
1957-06-30,3.8089594855380886,0.4617135484785625,0.12903225806451613,-1.0071541965025477
1957-07-31,3.927174362896232,0.4385119703808274,0.1554959785522788,-0.8864136780553644
1957-08-31,3.8987551996476193,0.441118294466251,0.15508021390374332,-0.9126920884771972
1957-09-30,3.9236689313587823,0.4380161946712549,0.15733333333333333,-0.8855684278826875
1957-10-31,3.9632865213772983,0.4335714462743878,0.1702127659574468,-0.843859327099857
1957-11-30,3.925819463925406,0.435601720851086,0.15915119363395225,-0.8794213910451423
1957-12-31,3.900655228170628,0.4376386181527399,0.15608465608465608,-0.902533845166754
1958-01-31,3.9479325741367983,0.4334214522751561,0.16886543535620052,-0.853065923776163
1958-02-28,4.054217054219115,0.4262818223220144,0.19210526315789472,-0.7446761815081886
1958-03-31,4.083299112809413,0.4234442127344016,0.1942257217847769,-0.7140009556646166
1958-04-30,4.082084684209329,0.4235301586668497,0.193717277486911,-0.713810153230975
1958-05-31,4.082004682365378,0.4232822326388311,0.19321148825065274,-0.7124854818766139
1958-06-30,4.112893401225012,0.4208422212312034,0.20833333333333334,-0.6800528479574112
1958-07-31,3.924339867627666,0.4461414123669542,0.15844155844155844,-0.868260426491391
1958-08-31,3.9034142870936,0.4497530710602852,0.15544041450777202,-0.8873136686606053
1958-09-30,3.915622426453565,0.4494412599763151,0.15762273901808785,-0.8729985551945343
1958-10-31,3.9103682234141903,0.4501575825215629,0.15721649484536082,-0.8763005816550535
1958-11-30,3.92592381744822,0.4487938934843347,0.16966580976863754,-0.8586679301011751
1958-12-31,3.930499387135298,0.449190733385081,0.17435897435897435,-0.8521541708432785
1959-01-31,3.935425393327119,0.4464890851944066,0.17647058823529413,-0.8453172924258096
1959-02-28,4.037058848723557,0.4380037420589419,0.20153061224489796,-0.7411025279777613
1959-03-31,4.071200384722859,0.4363089028530393,0.20865139949109415,-0.7052208810391354
1959-04-30,4.051754933143208,0.4383087546094493,0.20558375634517767,-0.723501611699302
1959-05-31,3.9723321797441646,0.4462569286885302,0.19240506329113924,-0.8022675757629625
1959-06-30,3.9134780489998047,0.4517910311064868,0.15656565656565657,-0.8600074607548076
1959-07-31,4.364302540534145,0.403287161270052,0.3501259445843829,-0.40246699005186504
1959-08-31,4.313926787555379,0.4070459996919892,0.31155778894472363,-0.45289538163963633
1959-09-30,4.318392040342965,0.4065511190797737,0.3182957393483709,-0.4476862655673519
1959-10-31,4.317122344633688,0.4063838759926813,0.3175,-0.44830377365656576
1959-11-30,4.334102721744888,0.4051005265323462,0.32917705735660846,-0.4303861013380993
1959-12-31,4.243291629451695,0.4146080591970164,0.27114427860696516,-0.5220737384923687
1960-01-31,4.255904992980188,0.4129542225718767,0.27543424317617865,-0.5084175344852719
1960-02-29,4.378298982975213,0.4026075902850951,0.36633663366336633,-0.38295529763815694
1960-03-31,4.345360560166991,0.4060710906845188,0.3358024691358025,-0.41600606502219173
1960-04-30,4.285505448419015,0.4102322141365888,0.29064039408866993,-0.47650268986793715
1960-05-31,4.263524809980622,0.4125335411878209,0.2800982800982801,-0.4982403501335965
1960-06-30,4.175171945553885,0.4201365554980462,0.25245098039215685,-0.5878035163192237
1960-07-31,4.262989064842751,0.4085696057890045,0.2787286063569682,-0.4969881914273695
1960-08-31,4.33047804613729,0.4010595765045072,0.33170731707317075,-0.42709766640049807
1960-09-30,4.346178312037215,0.3990902502804531,0.34793187347931875,-0.4103823671933994
1960-10-31,4.391555065960953,0.3940834993849842,0.39805825242718446,-0.36321218226610064
1960-11-30,4.380480836072239,0.3934880891604785,0.37772397094430993,-0.37409794802202756
1960-12-31,4.371846306315778,0.3954634532643908,0.3719806763285024,-0.3824678366481894
1961-01-31,4.41340189853152,0.3885522944445315,0.41686746987951806,-0.33913694887673507
1961-02-28,4.49676038883617,0.3809567241720121,0.45913461538461536,-0.2527161403596598
1961-03-31,4.524573454915054,0.3814755951822483,0.4676258992805755,-0.22367512317127686
1961-04-30,4.569275618999516,0.376544118708234,0.4904306220095694,-0.17718046932102605
1961-05-31,4.599544348264874,0.3726725748248455,0.5083532219570406,-0.1456321190570494
1961-06-30,4.605248626943066,0.3750588809821173,0.5119047619047619,-0.13954390826432225
1961-07-31,4.64309779260434,0.3255869658320687,0.5273159144893111,-0.10010441069164516
1961-08-31,4.603219320440409,0.3224287448267793,0.509478672985782,-0.14141012509672798
1961-09-30,4.570923115241207,0.3275631251031437,0.48936170212765956,-0.17482682702457564
1961-10-31,4.522628897650295,0.3319748235055143,0.45990566037735847,-0.22489423544873563
1961-11-30,4.530316802211001,0.3339419025296686,0.4682352941176471,-0.21660400549357978
1961-12-31,4.51426775366695,0.3302188176625994,0.45539906103286387,-0.233084185105139
1962-01-31,4.550283440631786,0.3238562276089236,0.47540983606557374,-0.19517478566560362
1962-02-28,4.645549140426346,0.3162010826834147,0.5373831775700935,-0.09530234212441224
1962-03-31,4.641398281936122,0.3160092861138938,0.5314685314685315,-0.09953698494372408
1962-04-30,4.619736778268086,0.3187072922804551,0.5232558139534884,-0.12212905994796935
1962-05-31,4.618579433456794,0.3138076030393156,0.5197215777262181,-0.12320019646242952
1962-06-30,4.629224856477876,0.3152764507388998,0.5324074074074074,-0.11186993796791996
1962-07-31,4.9236430001552005,0.3316490600583461,0.6327944572748267,0.1979825458319413
1962-08-31,4.855679899815747,0.3361938822549555,0.6221198156682027,0.1261744410024559
1962-09-30,4.844751751619721,0.3381120519576627,0.6206896551724138,0.11450537798934099
1962-10-31,4.836976929855875,0.3372675137168157,0.6192660550458715,0.10616584456843157
1962-11-30,4.769247835653811,0.3408160701988418,0.597254004576659,0.03446841992092426
1962-12-31,4.829772038011755,0.3397798476920569,0.6187214611872146,0.0984635871382703
1963-01-31,4.796071700445949,0.3399214686021443,0.6104783599088838,0.06265531300981421
1963-02-28,4.819855894537026,0.3407411091269088,0.615909090909091,0.08780489446893595
1963-03-31,4.854731352296204,0.3374656073543752,0.6258503401360545,0.12472818660400656
1963-04-30,4.838991281800854,0.3384472517756798,0.6221719457013575,0.10785698380085773
1963-05-31,4.839801526673481,0.3388106961030088,0.6230248306997742,0.10859612034930954
1963-06-30,4.8448067935826975,0.3430569664970586,0.6261261261261262,0.11380404637998713
1963-07-31,4.3689349560995945,0.3780170856075736,0.3438202247191011,-0.39372684500302807
1963-08-31,4.334704853024109,0.3792410056420314,0.31390134529147984,-0.4297348255166152
1963-09-30,4.339992207338024,0.3808325954589895,0.31543624161073824,-0.4235205269807925
1963-10-31,4.323704570263004,0.3808813374686999,0.30357142857142855,-0.44037074989913416
1963-11-30,4.22592930227049,0.3903976201677456,0.24276169265033407,-0.5443554587465463
1963-12-31,4.253255943865035,0.3847549603150479,0.2511111111111111,-0.5143272913308021
1964-01-31,4.237480936294792,0.3858992947318751,0.24390243902439024,-0.5305038545066582
1964-02-29,4.1941741405597535,0.3881487729750443,0.23008849557522124,-0.5761711542354769
1964-03-31,4.220423869477015,0.3872865803440863,0.24061810154525387,-0.5471690980752429
1964-04-30,4.270792799244278,0.3851963305262086,0.27312775330396477,-0.4923100887203388
1964-05-31,4.251086978313128,0.384644993105629,0.2549450549450549,-0.5128142929469603
1964-06-30,4.259402325712689,0.3863654760230645,0.26096491228070173,-0.50316229228632
1964-07-31,4.30666455201347,0.387512132157212,0.29978118161925604,-0.45159851638456233
1964-08-31,4.303881049811702,0.3896766623338223,0.29694323144104806,-0.45400480972378765
1964-09-30,4.3123239711531,0.3895753875599134,0.30501089324618735,-0.44430407926271653
1964-10-31,4.335090523530949,0.3902432100111594,0.33260869565217394,-0.4191518834854813
1964-11-30,4.350507333848481,0.3886694747859298,0.3470715835140998,-0.40196089550573527
1964-12-31,4.358409621756827,0.3880117151792594,0.354978354978355,-0.39291004501947396
1965-01-31,4.311380541477544,0.3894940481863741,0.3023758099352052,-0.4433260793155427
1965-02-28,4.31341130943768,0.3933117423131909,0.30603448275862066,-0.44055524923366673
1965-03-31,4.348807947217357,0.3919741696728123,0.34838709677419355,-0.4016095133145105
1965-04-30,4.372763498837951,0.3912677833685162,0.3776824034334764,-0.3751087722472141
1965-05-31,4.342111099931407,0.3958010834053651,0.3361884368308351,-0.4079514839462427
1965-06-30,4.3411810811551605,0.3939232494741859,0.33547008547008544,-0.4084549670226034
1965-07-31,4.247449818992363,0.4005461412488506,0.24733475479744135,-0.5099393305870187
1965-08-31,4.278682437877269,0.4004458181501499,0.274468085106383,-0.4752477430350522
1965-09-30,4.291803862016932,0.4018523145639483,0.2823779193205945,-0.4603293040291546
1965-10-31,4.270480401615915,0.4047694988894247,0.2690677966101695,-0.4829982553998887
1965-11-30,4.296145094936341,0.4061781015426593,0.28964059196617337,-0.454351591528069
1965-12-31,4.363762365701375,0.4038458192688599,0.3755274261603376,-0.37988440409757074
1966-01-31,4.424661227388295,0.401709841105934,0.4357894736842105,-0.3128074536674782
1966-02-28,4.518669447420648,0.397169523197632,0.47689075630252103,-0.20949248627737163
1966-03-31,4.5678683445956585,0.3959881074324125,0.5031446540880503,-0.15532206626240422
1966-04-30,4.541904102339273,0.3988680052863739,0.4916317991631799,-0.18365276396753855
1966-05-31,4.569368014959248,0.3978397254236152,0.5093945720250522,-0.15328142098775513
1966-06-30,4.482311550093413,0.4018721688669339,0.45625,-0.24885783940659795
1966-07-31,5.113075538431961,0.3688716538687422,0.7193347193347194,0.4457566162042339
1966-08-31,5.126235168366014,0.3673206399798784,0.7219917012448133,0.45969413436263395
1966-09-30,5.078313080740273,0.3686931148403692,0.7018633540372671,0.4063010977863062
1966-10-31,5.085156997388311,0.3672145250269929,0.7045454545454546,0.413362718080795
1966-11-30,5.080047571903067,0.3624838914758745,0.7030927835051546,0.407222910298134
1966-12-31,5.043024277417449,0.3689677324047029,0.6975308641975309,0.3658189026126011
1967-01-31,5.13729256190303,0.3629819748162281,0.7248459958932238,0.4696590027881696
1967-02-28,5.2391127602338745,0.361055090095929,0.7418032786885246,0.5817458318433424
1967-03-31,5.198610508804205,0.3654248132438944,0.7280163599182005,0.5361052019850687
1967-04-30,5.215081991743189,0.3656246271093631,0.7306122448979592,0.5536536719655464
1967-05-31,5.105040116172341,0.3749530552727168,0.7067209775967414,0.43087380340939757
1967-06-30,5.186314823066176,0.3706630847217272,0.7235772357723578,0.5205743430577581
1967-07-31,5.512315099035409,0.3257203330236808,0.8336713995943205,0.8817464721431686
1967-08-31,5.553837974430297,0.3254596432836123,0.8380566801619433,0.9262162077965616
1967-09-30,5.5704569535038,0.326292347114806,0.8424242424242424,0.9429120366088397
1967-10-31,5.522472798642246,0.3284033515613209,0.8326612903225806,0.8878862268073585
1967-11-30,5.385297799590352,0.3377415548503215,0.8128772635814889,0.7339973573062977
1967-12-31,5.355608231959722,0.340556055690899,0.8052208835341366,0.6998727933358405
1968-01-31,5.47114733564994,0.3369630511136134,0.8276553106212425,0.8272575210908283
1968-02-29,5.5787624938255975,0.3291786819949628,0.846,0.9454515921910902
1968-03-31,5.510594764203083,0.3308188597734092,0.8263473053892215,0.867915242237489
1968-04-30,5.405501309130272,0.3387766091413139,0.8147410358565738,0.7495282817973421
1968-05-31,5.405178509765104,0.3454006177577359,0.8131212723658051,0.7480064626847356
1968-06-30,5.480354307858901,0.3455386068115371,0.8253968253968254,0.8305340325430632
1968-07-31,6.753456748630353,0.2989033868472097,0.9742574257425742,2.2387409621587935
1968-08-31,6.835202043777698,0.290939370713547,0.9762845849802372,2.3149550837307467
1968-09-30,6.873288092467104,0.2905239885036486,0.9763313609467456,2.341987270458567
1968-10-31,7.000962824453475,0.2851440515258883,0.9763779527559056,2.4653610892293485
1968-11-30,7.096182767172191,0.2786644226447669,0.9764243614931237,2.5507603484262322
1968-12-31,7.119126809539831,0.2807813776713651,0.9764705882352941,2.5566597580265946
1969-01-31,7.295066540538193,0.2754068320735644,0.9784735812133072,2.72476604311195
1969-02-28,7.342679205695773,0.271986106287944,0.98046875,2.7527077002262863
1969-03-31,7.14978024824355,0.2779678073160352,0.9727095516569201,2.527672173260705
1969-04-30,7.075592769867722,0.2810865992446347,0.9669260700389105,2.4320841807567186
1969-05-31,6.969569514409048,0.2858482350848442,0.9631067961165048,2.305389077137693
1969-06-30,6.966485184679327,0.2849786021314761,0.9612403100775194,2.2881617211625036
1969-07-31,8.055233168877868,0.2345037620278951,1.0,3.39104661902299
1969-08-31,7.899878040797869,0.2404825702520907,0.9980694980694981,3.1942153472994024
1969-09-30,7.839067187676621,0.2458991424566851,0.9961464354527938,3.0992920792873555
1969-10-31,7.769328810127305,0.2511301047577965,0.9942307692307693,2.998697271207957
1969-11-30,7.820290933526082,0.2527308558438904,0.9942418426103646,3.020578795283775
1969-12-31,7.692939127509886,0.2579984921082142,0.9885057471264368,2.8666840596867256
1970-01-31,7.506343170456697,0.2676061467977852,0.9789674952198852,2.659356408686197
1970-02-28,7.577298646157719,0.2651836111145861,0.9847328244274809,2.7080464484490196
1970-03-31,7.656086112533983,0.2595980925792733,0.9866666666666667,2.7628341309836824
1970-04-30,7.699346464584622,0.2543711171003483,0.9885931558935361,2.7818570183632887
1970-05-31,7.577638989381884,0.2537329807869011,0.9810246679316889,2.642897289951775
1970-06-30,7.553841600324866,0.2487347211224281,0.9772727272727273,2.6004687165946963
1970-07-31,6.161079269909055,0.306623046125435,0.8998109640831758,1.2545244071723127
1970-08-31,6.245368639616967,0.2985066995574532,0.9113207547169812,1.332247231952328
1970-09-30,6.294610039957088,0.2969753997713412,0.9152542372881356,1.375898243082792
1970-10-31,6.312917548900898,0.3043726309813889,0.9154135338345865,1.3896658969746618
1970-11-30,6.148988496592772,0.3096756933005134,0.8930581613508443,1.2291774012480992
1970-12-31,6.105697496556121,0.3104325952022645,0.8801498127340824,1.1849056819206156
1971-01-31,6.230014467868169,0.307015001366936,0.9046728971962616,1.3010177317085312
1971-02-28,6.367210838965348,0.3038135190497116,0.9197761194029851,1.428629156664837
1971-03-31,6.362428880157026,0.3065048641981805,0.9180633147113594,1.4200360018559797
1971-04-30,6.346157256521515,0.3105860334157946,0.9144981412639405,1.4005749915401136
1971-05-31,6.352299404580341,0.3107419654939043,0.9146567717996289,1.402574673573528
1971-06-30,6.282280228076424,0.3156302434264744,0.9037037037037037,1.3321819770451147
1971-07-31,5.160888327696006,0.3888974626655586,0.6561922365988909,0.26038232069309397
1971-08-31,5.1249025259744165,0.3901623279389488,0.6512915129151291,0.22574765548262662
1971-09-30,5.084560998512557,0.394701282758301,0.6316758747697975,0.18695411325464711
1971-10-31,5.033941828343913,0.3979158137339758,0.6213235294117647,0.13832807481146756
1971-11-30,4.991813519038684,0.3999989300499112,0.6055045871559633,0.09783928136467267
1971-12-31,4.90332991631687,0.4046426178411058,0.5805860805860806,0.012900309927015359
1972-01-31,4.988985777922252,0.4010008337108562,0.603290676416819,0.09510122315592567
1972-02-29,5.011774042487726,0.4017024759916213,0.6094890510948905,0.1169054576208941
1972-03-31,4.910690629397671,0.408346654886494,0.581056466302368,0.0196019493542627
1972-04-30,4.807974993012369,0.4154842522293244,0.5581818181818182,-0.07927240658844872
1972-05-31,4.777370794548824,0.4173102500719147,0.542649727767695,-0.108680661890058
1972-06-30,4.648419570654474,0.4247844293065377,0.49094202898550726,-0.23290252733210906
1972-07-31,4.991801843010669,0.3981128070139049,0.6075949367088608,0.09867284573962255
1972-08-31,4.848500068585739,0.406426281907212,0.5740072202166066,-0.03982753507809038
1972-09-30,4.976032207219806,0.3965411851948576,0.5927927927927928,0.0834993369839373
1972-10-31,4.900112350542693,0.4000943965222356,0.5773381294964028,0.009962916591111056
1972-11-30,4.877779905791488,0.4005985337216408,0.5763016157989228,-0.011674819380898533
1972-12-31,5.061232798889326,0.3888299466950263,0.6344086021505376,0.16616451729375348
1973-01-31,4.904011389756195,0.3987358537625243,0.5796064400715564,0.013477534604997206
1973-02-28,4.803424323402936,0.4031970838955432,0.55,-0.08421272298412052
1973-03-31,4.656342022751514,0.4123630407746249,0.49019607843137253,-0.22708422294092673
1973-04-30,4.647259136945043,0.4115943569968201,0.4822064056939502,-0.2357063960749829
1973-05-31,4.696863954125778,0.4061326848259949,0.5044404973357016,-0.18719629767428675
1973-06-30,4.523912125562794,0.416653877896472,0.4078014184397163,-0.35552131831144174
1973-07-31,4.541378446324957,0.4249570842186815,0.4194690265486726,-0.33813969200351285
1973-08-31,4.586962142128204,0.42462924219837,0.4452296819787986,-0.29333095812144516
1973-09-30,4.594617668371581,0.4241946886393852,0.4479717813051146,-0.2855744403658626
1973-10-31,4.920080925639709,0.4040779721183334,0.5933098591549296,0.03283342940419584
1973-11-30,4.871253267328913,0.4073851262575395,0.5782073813708261,-0.014969070209526345
1973-12-31,4.703922425623634,0.4151864975367791,0.512280701754386,-0.1788143743843084
1974-01-31,4.862563702682618,0.4035733670691155,0.5779334500875657,-0.02317148349202018
1974-02-28,5.040414477611854,0.3954208041997649,0.6398601398601399,0.15131299882561466
1974-03-31,5.107479050668941,0.391613130751408,0.6596858638743456,0.21701736623969337
1974-04-30,5.0510074939927225,0.39523366262588,0.6411149825783972,0.1613338087621331
1974-05-31,4.924802648437789,0.4027289452156221,0.5965217391304348,0.037074266497946096
1974-06-30,4.70283371053986,0.4158260835421786,0.5052083333333334,-0.1814441871130964
1974-07-31,3.789230484163987,0.4764044864372496,0.0779896013864818,-1.0802384074669595
1974-08-31,3.9930563459056216,0.4592356743486801,0.14013840830449828,-0.87794444532961
1974-09-30,4.048595215069762,0.4542352831420421,0.14507772020725387,-0.8219877394789427
1974-10-31,4.296208918307699,0.4351239748433841,0.24310344827586206,-0.5770918039461925
1974-11-30,4.0144554314721885,0.4560779359616059,0.14285714285714285,-0.8538845793713129
1974-12-31,4.053536023477738,0.4532468633483341,0.15120274914089346,-0.8141413649910176
1975-01-31,4.088534432735187,0.4481668734503413,0.16123499142367068,-0.7785088617024694
1975-02-28,4.3665232301603405,0.4297893544262597,0.3219178082191781,-0.5033817288388995
1975-03-31,4.164698335513817,0.4455483480354522,0.1811965811965812,-0.7019675337946233
1975-04-30,4.198002893411229,0.4450193643650359,0.19112627986348124,-0.668209493229599
1975-05-31,4.144686956853303,0.449402102180638,0.17717206132879046,-0.7200219259643118
1975-06-30,4.1597668387615485,0.4477143409498952,0.18197278911564627,-0.7042004431605551
1975-07-31,3.9190334202940886,0.4629922265765012,0.11035653650254669,-0.941046313895769
1975-08-31,4.029370955781747,0.4535813415206,0.1440677966101695,-0.8305964072235825
1975-09-30,3.9900425990372175,0.4562794586582017,0.13874788494077833,-0.8682593736441843
1975-10-31,4.024805800090673,0.452187522950382,0.14527027027027026,-0.8326270734035358
1975-11-30,3.952525878443148,0.4576489570947792,0.12647554806070826,-0.9028673899781318
1975-12-31,3.942490629812755,0.45927129861352,0.12457912457912458,-0.9114057905157448
1976-01-31,4.007891492896846,0.4532117158000832,0.146218487394958,-0.8453578362335166
1976-02-29,4.110563503084856,0.44774904117337,0.1761744966442953,-0.7425934460681219
1976-03-31,4.288674285616243,0.4351984027844571,0.254606365159129,-0.5653097622560315
1976-04-30,4.25181497057752,0.4370242070973613,0.22742474916387959,-0.6012043959448493
1976-05-31,4.30625567489819,0.4319959002505312,0.27378964941569284,-0.5465549300298348
1976-06-30,4.277766420222971,0.4330834488271336,0.24666666666666667,-0.5742229164035975
1976-07-31,4.779169903214627,0.4018700142656401,0.5590682196339434,-0.07572338235711767
1976-08-31,4.834178760870966,0.397878347398356,0.5780730897009967,-0.020977276733154512
1976-09-30,4.812515211090987,0.3981408955695472,0.572139303482587,-0.04251313312415375
1976-10-31,4.852879631455158,0.394491313537995,0.5894039735099338,-0.0022856082189393018
1976-11-30,4.863693486929225,0.3933341697004393,0.5950413223140496,0.008492995895359848
1976-12-31,5.015701833287903,0.3848559508128272,0.6435643564356436,0.1600946685470708
1977-01-31,5.143330626343953,0.3772990695715754,0.6919275123558485,0.28734222417299754
1977-02-28,5.387554993032103,0.3624607972138088,0.7779605263157895,0.5309521522793702
1977-03-31,5.34848176448129,0.3653663056039092,0.7668308702791461,0.49136341293432273
1977-04-30,5.416444932419736,0.362196195966707,0.7868852459016393,0.5587926280310163
1977-05-31,5.562894086973905,0.353283629645178,0.8085106382978723,0.7046061808141438
1977-06-30,5.633228300930126,0.3487739902692178,0.8235294117647058,0.7740662414380313
1977-07-31,5.951176245084943,0.3430647359745644,0.8743882544861338,1.0907919578629945
1977-08-31,5.947416620937172,0.3433787320901821,0.8729641693811075,1.0850948433213672
1977-09-30,5.8080000365111,0.3522160955545604,0.8536585365853658,0.9439453941897582
1977-10-31,5.877181658347988,0.3486754876257127,0.8636363636363636,1.0116057182640972
1977-11-30,5.9222149419320615,0.3467970453491843,0.8703403565640194,1.0549209154007628
1977-12-31,6.024148126707284,0.3438544129286048,0.8786407766990292,1.1548677640886602
1978-01-31,6.072614585569141,0.3409607881292691,0.8804523424878837,1.2010391934121118
1978-02-28,6.125587507441775,0.3395284970473115,0.8935483870967742,1.2514839376510212
1978-03-31,6.286324512330044,0.3324901719312069,0.9162640901771336,1.408961153390315
1978-04-30,6.443421112547576,0.3259609583153128,0.9308681672025724,1.5617314498177597
1978-05-31,6.2092317954348015,0.3370036400599406,0.9036918138041734,1.3248562814109701
1978-06-30,6.2938403946787975,0.3349562424092088,0.9166666666666666,1.4059539304608766
1978-07-31,7.843465341399346,0.2618195666265611,0.9968,2.9289926300658546
1978-08-31,7.763196641074901,0.2669388638962612,0.9904153354632588,2.8288247410634693
1978-09-30,7.905057142490044,0.2635078093049977,0.9984051036682615,2.945648021623739
1978-10-31,7.993000830122705,0.2571121943089489,0.9984076433121019,3.0074350019526412
1978-11-30,7.557346520849165,0.2656787567100356,0.9745627980922098,2.5677025119765635
1978-12-31,7.6297037851232785,0.2635056968116369,0.9793650793650793,2.6212713286854896
1979-01-31,7.566224909086974,0.2676969888808997,0.9730586370839936,2.5448166418244105
1979-02-28,7.718564016132023,0.2623906827297106,0.9857594936708861,2.6736811893436907
1979-03-31,7.727930520110499,0.2605131985844673,0.985781990521327,2.665382954755779
1979-04-30,7.85817199303091,0.2578444158388295,0.9936908517350158,2.7700677817019814
1979-05-31,7.904242230271026,0.2563600797913686,0.9952755905511811,2.794042733524981
1979-06-30,7.930538482926112,0.2552264008602951,0.9968553459119497,2.7991109516547317
1979-07-31,8.140960411638135,0.2285209331515078,1.0,2.9727497986547284
1979-08-31,8.251053923614373,0.2238178312236925,1.0,3.050161597097185
1979-09-30,8.320404497482269,0.2242681098473729,1.0,3.0884081220789925
1979-10-31,8.301110237651923,0.2207459642302729,0.9984375,3.0459171778758467
1979-11-30,8.115531933955866,0.2231259008999588,0.9937597503900156,2.8560978184390424
1979-12-31,8.232248345024114,0.2206772856696515,0.9953271028037384,2.939545572606376
1980-01-31,8.388419613909837,0.2186813698749412,1.0,3.0553728311357933
1980-02-29,8.469682503275656,0.213990099766947,1.0,3.1021733174584565
1980-03-31,8.420851546200957,0.2067806796646705,0.9984496124031008,3.034427002054401
1980-04-30,8.013887704398572,0.2187064340980553,0.9845201238390093,2.6581470030187417
1980-05-31,8.10774964270702,0.2149670686821536,0.9860896445131375,2.7227726624097266
1980-06-30,8.213932812635756,0.2131167836601152,0.9891975308641975,2.79641359180923
1980-07-31,8.608442375755159,0.1917067662488189,1.0,3.1137000180929983
1980-08-31,8.643721123259805,0.1900272083378763,1.0,3.118117182694708
1980-09-30,8.755471153981711,0.1878503579210175,1.0,3.186364802996264
1980-10-31,8.684746411563719,0.1928824426083806,0.9984662576687117,3.100501411512237
1980-11-30,8.642335041562047,0.196854290193608,0.9954058192955589,3.0404281593793123
1980-12-31,8.35573119800845,0.2046097459853816,0.9877675840978594,2.78053309445897
1981-01-31,8.459484004669127,0.1991412475210765,0.9908396946564886,2.847340940439182
1981-02-28,8.705891675127605,0.1925046119475811,0.9984756097560976,3.028655577683465
1981-03-31,8.672896324240904,0.1932691098180322,0.9954337899543378,2.9786998936647446
1981-04-30,8.881379489205534,0.1916851999905091,1.0,3.1242092694995542
1981-05-31,9.154520146996784,0.185561885258313,1.0,3.3166116300694313
1981-06-30,9.331359783627748,0.1808310117349182,1.0,3.42632193565154
1981-07-31,9.239114551169385,0.1988882173949048,0.9984871406959153,3.3214917393983248
1981-08-31,8.989407970587163,0.2030290812833459,0.9954682779456193,3.0972172776474296
1981-09-30,9.019162780341054,0.2036941024040633,0.995475113122172,3.095753859632856
1981-10-31,9.08690366730242,0.2034331756122626,0.9954819277108434,3.1234382165104835
1981-11-30,9.077605597053733,0.2081156457062149,0.9939849624060151,3.091305103273414
1981-12-31,9.01641010328422,0.2063164075351682,0.990990990990991,3.0205126180995285
1982-01-31,9.110661327373016,0.2053259093414192,0.9955022488755623,3.0690020516668075
1982-02-28,9.004235303141924,0.2102163282350352,0.9880239520958084,2.9653457330619677
1982-03-31,9.20734114910663,0.2052527841085534,0.9970104633781763,3.0954486210387646
1982-04-30,9.294781004092624,0.2015182170258899,0.9985074626865672,3.1360081539696343
1982-05-31,9.229665917654204,0.2069717618465555,0.9955290611028316,3.06299035218903
1982-06-30,9.230362174363991,0.2053488517275667,0.9955357142857143,3.040047903167073
1982-07-31,9.22768704562614,0.1767491147518808,0.9925705794947994,3.015168867446026
1982-08-31,9.168181001284502,0.1821082871957924,0.9896142433234422,2.9497166732567783
1982-09-30,9.087399815223009,0.1819634813895536,0.9851851851851852,2.870499722438381
1982-10-31,9.169156832645164,0.1818990064898674,0.9896449704142012,2.9096229121915895
1982-11-30,9.26693756590582,0.1819350173365,0.9970457902511078,2.959088067711466
1982-12-31,9.39210803744504,0.1860535420286897,1.0,3.0265473195241253
1983-01-31,9.386059028208903,0.1887345893202653,0.9985272459499264,2.9998423443344473
1983-02-28,9.3996476614299,0.1856172478724201,1.0,2.987471407164701
1983-03-31,9.54391883411185,0.1848369481970465,1.0,3.066124703233549
1983-04-30,9.592508244822028,0.1849904993731671,1.0,3.07648036097612
1983-05-31,9.604084973087971,0.1837447841893334,1.0,3.0610581591546455
1983-06-30,9.937396703857406,0.1806050881252189,1.0,3.264955311540221
1983-07-31,10.231339193692564,0.1991464824289503,1.0,3.435596711394694
1983-08-31,10.313688958302627,0.1959314250789457,1.0,3.4588896691672883
1983-09-30,10.19142542099628,0.1941110277776628,0.9970887918486172,3.345571850607063
1983-10-31,10.219471382121975,0.1964196867874031,0.997093023255814,3.334708368419865
1983-11-30,10.06107836136616,0.1967543329942671,0.9941944847605225,3.202028358293651
1983-12-31,10.24365042214419,0.1938026885538633,0.9985507246376811,3.2948699288771137
1984-01-31,10.18460647546618,0.195795349098906,0.9927641099855282,3.228781364204742
1984-02-29,10.221810183417931,0.1872621769281636,0.9956647398843931,3.2262430622633245
1984-03-31,10.084031896673674,0.1958361277658928,0.98989898989899,3.1121155318457596
1984-04-30,10.062239786801726,0.1966889018990984,0.9884726224783862,3.0745511660610694
1984-05-31,9.920346647537922,0.1989709232588093,0.9841726618705036,2.9621161588755673
1984-06-30,9.9011999307407,0.1992083062892917,0.9827586206896551,2.9294589789504832
1984-07-31,10.62068410538461,0.178632546557669,1.0,3.3575752723276264
1984-08-31,10.418698005195704,0.1835900774085459,0.998567335243553,3.2037239334876015
1984-09-30,10.49130866538788,0.1823256553453029,0.9985693848354793,3.2227024990610764
1984-10-31,10.517890019217978,0.1788439854530832,0.9985714285714286,3.2129396433926702
1984-11-30,10.486904740067764,0.1797060799683343,0.9957203994293866,3.1684727341268726
1984-12-31,10.500350987745549,0.1787229177964319,0.9971509971509972,3.1518796067383996
1985-01-31,10.505321013336973,0.1789116185350636,0.9971550497866287,3.1305608862437238
1985-02-28,10.59947547598584,0.1815273312392854,0.9985795454545454,3.1627221081134342
1985-03-31,10.62679560781227,0.1791352210384614,1.0,3.154396614070014
1985-04-30,10.622259452474434,0.1771864157014062,0.9985835694050992,3.1274911603554196
1985-05-31,10.624106319353094,0.1750442688724396,0.9985855728429985,3.104932043347742
1985-06-30,10.543226189405582,0.1763490625885199,0.9929378531073446,3.0348775605806115
1985-07-31,9.917231668528714,0.1997051740523384,0.9661495063469676,2.6511099426268343
1985-08-31,9.949297930675128,0.202340540756236,0.9690140845070423,2.654720724010361
1985-09-30,9.978244394212998,0.2001320521513596,0.9690576652601969,2.6564241554657784
1985-10-31,9.917761849815523,0.2005871508910598,0.9634831460674157,2.6068604545665885
1985-11-30,9.919032345040458,0.198065428848169,0.9635343618513323,2.593415218063868
1985-12-31,9.836526315119643,0.2050684696041694,0.957983193277311,2.5325776814942067
1986-01-31,9.719137532602463,0.2094376388481913,0.9566433566433566,2.4530122724635723
1986-02-28,9.795731238034504,0.2091510503270738,0.9567039106145251,2.4843023543810894
1986-03-31,9.785419325393375,0.2098276465651406,0.9553695955369595,2.4661392347595723
1986-04-30,9.765733245201115,0.2110809055115719,0.9540389972144847,2.4429990169601
1986-05-31,9.732129580222244,0.2154993866524994,0.952712100139082,2.4124357297020462
1986-06-30,9.695470841223162,0.2160863033278635,0.95,2.3806363675369124
1986-07-31,9.283009930720342,0.2284776949546335,0.9375866851595007,2.1402814654977202
1986-08-31,9.226536137619323,0.2257139712240942,0.9293628808864266,2.100667575273608
1986-09-30,9.229610455827965,0.2210458783500979,0.9308437067773168,2.094534553239127
1986-10-31,9.433337624515948,0.2158202314598786,0.9447513812154696,2.1993792266880883
1986-11-30,9.352462435475886,0.2164618740761229,0.9393103448275862,2.145982634664303
1986-12-31,9.220595300139903,0.2192400816691271,0.9242424242424242,2.0651844545019182
1987-01-31,9.168441451789487,0.220523480872355,0.9202200825309491,2.0290893585124783
1987-02-28,9.057515379328414,0.222681992630166,0.9107142857142857,1.9611676609575595
1987-03-31,9.003241021309078,0.2310242236106184,0.9053497942386831,1.9249584600235798
1987-04-30,9.007676642830582,0.2300368200905285,0.9068493150684932,1.921194885930323
1987-05-31,8.896605351044096,0.2316803920002844,0.9015047879616963,1.8544465807121795
1987-06-30,8.805337070078291,0.2351496771865211,0.8989071038251366,1.7991014078249095
1987-07-31,9.152784587132818,0.216522645701072,0.9167803547066848,1.9828693414877627
1987-08-31,9.08335869919875,0.2208597116220248,0.9114441416893733,1.9385662248014657
1987-09-30,8.97437052349378,0.2234285529902315,0.8993197278911564,1.8732723389498178
1987-10-31,9.01668531778916,0.2229546463515399,0.90625,1.8904341766014046
1987-11-30,8.659655282528428,0.2259773181736084,0.8873812754409769,1.6916898819645976
1987-12-31,8.834079916409324,0.2216313816799427,0.8943089430894309,1.78142709256413
1988-01-31,8.828660772717138,0.2242195881418767,0.8930987821380244,1.7734876186327548
1988-02-29,8.889790622785663,0.219060575784781,0.8959459459459459,1.801420810551616
1988-03-31,8.99998351980549,0.2189815444312604,0.9001349527665317,1.8554518263116238
1988-04-30,9.306457697495157,0.2129530557312467,0.9380053908355795,2.0140985524272503
1988-05-31,9.33517197051247,0.2099943895193901,0.9394347240915208,2.0226063719336627
1988-06-30,9.228524065768044,0.2105579920689549,0.9260752688172043,1.958833242384315
1988-07-31,8.643010483899962,0.2380719941234562,0.876510067114094,1.6403897650944903
1988-08-31,8.61546873293799,0.2384055260961926,0.8739946380697051,1.6216574016913248
1988-09-30,8.636942535273025,0.2392969811725246,0.8741633199464525,1.6291590257345936
1988-10-31,8.535062615203787,0.2425612076892298,0.8703208556149733,1.5709862164334896
1988-11-30,8.436027821656225,0.243571162999079,0.8664886515353805,1.5147009095818111
1988-12-31,8.350929225183972,0.244642718739449,0.8613333333333333,1.4661590905925344
1989-01-31,8.433894079953932,0.2433068862155468,0.8655126498002663,1.5071421394393565
1989-02-28,8.298712810929178,0.2480830474626239,0.8563829787234043,1.432142052908125
1989-03-31,8.438089077565099,0.245671713502603,0.8671978751660027,1.5031458369596542
1989-04-30,8.404588939276874,0.2470586859176756,0.8620689655172413,1.482156047802873
1989-05-31,8.314235472285635,0.2500870515965085,0.8556291390728477,1.4311890174015438
1989-06-30,8.261588245139485,0.2543497717728401,0.8518518518518519,1.4004483800197731
1989-07-31,9.169126609774509,0.192618272251725,0.9194187582562747,1.8769731579935323
1989-08-31,8.965082524179001,0.1978119289734589,0.8931398416886543,1.763942436686156
1989-09-30,9.036276978356865,0.194205785462487,0.9051383399209486,1.796622373936507
1989-10-31,9.01398268543062,0.1964388399178177,0.9,1.7799271109781238
1989-11-30,8.849635828521208,0.2026092118153182,0.885676741130092,1.6888399978486621
1989-12-31,8.779239342935142,0.20390779577032,0.8805774278215223,1.647674713645116
1990-01-31,8.733960763154153,0.2032893704249801,0.8781127129750983,1.6199553530824025
1990-02-28,8.718943459294435,0.2002103984701802,0.8769633507853403,1.6082612115604715
1990-03-31,8.783614389932785,0.197280289232158,0.8810457516339869,1.6383008947539779
1990-04-30,8.78097836492629,0.1992417359926533,0.8798955613577023,1.6329917152092597
1990-05-31,8.613272812672315,0.2058068637537786,0.8617992177314211,1.5416069178187581
1990-06-30,8.478976469121971,0.2107008437248749,0.8580729166666666,1.46819147337365
1990-07-31,7.309149740455619,0.257207363552976,0.7828348504551366,0.8545542767549014
1990-08-31,7.183145814891726,0.2585529480191475,0.7779220779220779,0.7877206106895
1990-09-30,7.020399622176817,0.2617318792022973,0.7717250324254216,0.7017695344565203
1990-10-31,6.847666982061976,0.2637877367888085,0.7655440414507773,0.6106927000284373
1990-11-30,6.6831435821553145,0.2709816368094561,0.759379042690815,0.5239946777559344
1990-12-31,6.714085400475665,0.2703287601997458,0.7609819121447028,0.5397757337789646
1991-01-31,6.733743169251026,0.2711287669673728,0.7612903225806451,0.5496306311734522
1991-02-28,6.804273402082703,0.2719818652236583,0.7628865979381443,0.5861555578240443
1991-03-31,6.843396799842954,0.2741592701284281,0.7657657657657657,0.6061726590462666
1991-04-30,6.888944575760567,0.2767027690080245,0.7686375321336761,0.6295425408637573
1991-05-31,6.913536126099208,0.2759018072283185,0.7689345314505777,0.6418881486134774
1991-06-30,6.944159660412626,0.2763692601568985,0.7692307692307693,0.6573890522242046
1991-07-31,5.979927177224254,0.3006161590087715,0.6927016645326505,0.1500152709277789
1991-08-31,5.920773657817148,0.3052977137104422,0.6867007672634271,0.11879851297568479
1991-09-30,5.894403310139528,0.3105697478519839,0.6845466155810983,0.10484013173443334
1991-10-31,5.992184117983944,0.3042776416960019,0.6951530612244898,0.1562772025417476
1991-11-30,6.022742912056446,0.3039280601250135,0.6968152866242038,0.17228147207416974
1991-12-31,5.926037812687191,0.3126542805840229,0.6870229007633588,0.12116775337472799
1992-01-31,5.779287889208627,0.3235505452718062,0.6594663278271918,0.04364494837162931
1992-02-29,6.006560170928198,0.3157006412823475,0.6954314720812182,0.1636315524207172
1992-03-31,6.128608943916359,0.3126733623767541,0.7135614702154626,0.2280114028175793
1992-04-30,6.199573240287865,0.3086130096425876,0.7240506329113924,0.2653757471710958
1992-05-31,6.163604208859312,0.3036612940000863,0.718078381795196,0.24616986297097204
1992-06-30,6.140625955655671,0.3054329847097838,0.7133838383838383,0.2338429845434404
1992-07-31,6.916266171662825,0.2758523798229932,0.7717528373266078,0.6443569952760736
1992-08-31,6.862137898879653,0.2785174667823333,0.7670025188916877,0.6151240910669477
1992-09-30,6.7529881319621285,0.2832615851394922,0.7584905660377359,0.5567716612309916
1992-10-31,6.816710462810975,0.2806188363688093,0.7613065326633166,0.5900848668742472
1992-11-30,6.841761513176394,0.2836493504017571,0.7641154328732748,0.6028672353355233
1992-12-31,6.945909774192228,0.2825989609507351,0.7744360902255639,0.6575859655379926
1993-01-31,7.133701717165782,0.2746937253400586,0.7834793491864831,0.756605713933674
1993-02-28,7.36054150932188,0.2655045340165441,0.7925,0.8761779317287668
1993-03-31,7.416656557827407,0.2564633774202448,0.7965043695380774,0.9049723770434024
1993-04-30,7.534513186302305,0.2511480281461001,0.8042394014962594,0.9664496452003538
1993-05-31,7.640794465307223,0.2429488708508707,0.813200498132005,1.0216412527144685
1993-06-30,7.664840681430653,0.2435225203847701,0.8146766169154229,1.0330919695303165
1993-07-31,7.747811371557612,0.2452143561228107,0.8211180124223603,1.0757478212155691
1993-08-31,7.882609309054044,0.2383468115719924,0.8287841191066998,1.145740442009556
1993-09-30,7.919758723355988,0.2379264342182087,0.8327137546468402,1.163778477008355
1993-10-31,8.07865739652882,0.2334662248088331,0.8378712871287128,1.2462181236836751
1993-11-30,7.947603006670187,0.2411911804179404,0.8331273176761433,1.1748878145782575
1993-12-31,7.80816654621311,0.2486187848741913,0.8197530864197531,1.0993542714499192
1994-01-31,7.958858025260678,0.2442685846168964,0.8335388409371147,1.1776140165677802
1994-02-28,7.981200091472057,0.2409987239631982,0.833743842364532,1.1877044631959446
1994-03-31,8.035804924651869,0.2422701451668053,0.8364083640836408,1.2148235000352443
1994-04-30,8.048536603612082,0.2410507991840255,0.8366093366093366,1.2197084373821847
1994-05-31,8.029195791736594,0.2419789870448085,0.8343558282208589,1.2076263864715895
1994-06-30,7.948601701674153,0.2423098194524994,0.8284313725490197,1.1632194484402965
1994-07-31,6.771729808918565,0.3044294148535108,0.7405140758873929,0.5390274818104241
1994-08-31,6.744728897208822,0.3053292263510969,0.7371638141809291,0.5243014579144908
1994-09-30,6.742809400168877,0.3068928129636546,0.7362637362637363,0.5228765103759185
1994-10-31,6.676198974254368,0.3121281137292562,0.7304878048780488,0.4871572089696672
1994-11-30,6.598515275624511,0.3143453079433826,0.7271619975639464,0.44558421581661606
1994-12-31,6.513193281523974,0.3197268232802503,0.7238442822384428,0.39997643745591316
1995-01-31,6.517013786599596,0.3198657839325959,0.724179829890644,0.4017235410467533
1995-02-28,6.445603438003106,0.3221924210696127,0.720873786407767,0.3634997625647883
1995-03-31,6.4713314230038055,0.3214203191231688,0.7224242424242424,0.3769274799460764
1995-04-30,6.450390304231356,0.3210296282943062,0.7203389830508474,0.3655290404881491
1995-05-31,6.435640319393152,0.3217809608626539,0.717049576783555,0.3574293261599734
1995-06-30,6.392042105618981,0.3228735851574791,0.716183574879227,0.3339720463771186
1995-07-31,6.345642313845318,0.3265142004927494,0.7092882991556092,0.3090285305367168
1995-08-31,6.426904638692783,0.3242334615204367,0.7168674698795181,0.35214101285268784
1995-09-30,6.531570928024166,0.3209011488941887,0.7280385078219013,0.4077206118573455
1995-10-31,6.4458245010560775,0.3250499158812037,0.7199519230769231,0.3616845373515929
1995-11-30,6.287264789440466,0.3299511488280104,0.6998799519807923,0.27678739678200237
1995-12-31,6.287653953387543,0.3306305441187316,0.7002398081534772,0.2768167790677034
1996-01-31,6.279654322245216,0.3311673811750116,0.6958083832335329,0.2723626610663667
1996-02-29,6.156083630171853,0.3358793635936249,0.6794258373205742,0.20610046233778306
1996-03-31,6.2495026743497935,0.3315007923051177,0.6941457586618877,0.25596312342249505
1996-04-30,6.344733985791461,0.3275507619275564,0.7076372315035799,0.30678740684346884
1996-05-31,6.421657112504608,0.3253936093323382,0.7163289630512515,0.3477924804647735
1996-06-30,6.374213460828811,0.3292181831264354,0.7142857142857143,0.32213359679560416
1996-07-31,5.417829055719849,0.3759625656009849,0.5719381688466112,-0.19099651074261612
1996-08-31,5.376462885765302,0.3766774931709408,0.5605700712589073,-0.21307633161345832
1996-09-30,5.501793348737115,0.3706669427955728,0.5800711743772242,-0.1456521667474605
1996-10-31,5.402930954887688,0.3762301155135893,0.566350710900474,-0.19867627646843397
1996-11-30,5.404098526871833,0.3750692761826411,0.5680473372781065,-0.19792657223498816
1996-12-31,5.340210596504483,0.3773513263122104,0.549645390070922,-0.23216600722519037
1997-01-31,5.409926037143378,0.3750415226829677,0.5714285714285714,-0.19450549143936047
1997-02-28,5.260639819427496,0.3826898143160475,0.5212264150943396,-0.27476680487648725
1997-03-31,5.21484440257124,0.3855034761905032,0.502944640753828,-0.29926286795197077
1997-04-30,5.258285834156269,0.3810455903795261,0.5188235294117647,-0.27565675985990107
1997-05-31,5.042839412485826,0.3927061952211176,0.4688601645123384,-0.39166310827307654
1997-06-30,5.073740128721595,0.3917154305101427,0.47300469483568075,-0.3747275242613159
1997-07-31,5.204101554924796,0.3687306778045203,0.5017584994138335,-0.3041088839953015
1997-08-31,5.156981959035041,0.3692405842898369,0.4953161592505855,-0.32936365627305664
1997-09-30,5.357585898899796,0.3594377351532495,0.5590643274853802,-0.22074349194889792
1997-10-31,5.425919331587437,0.3561864406509907,0.5817757009345794,-0.18365791392223085
1997-11-30,5.378216532540332,0.3585315512039735,0.5624270711785297,-0.20935665683252852
1997-12-31,5.231625499303929,0.3650767821099463,0.5093240093240093,-0.28858300823005706
1998-01-31,5.247772240940872,0.3643709987331421,0.5168800931315483,-0.27965611812967067
1998-02-28,5.073668218917826,0.3756373444032448,0.4686046511627907,-0.37382192897574945
1998-03-31,5.094558407810199,0.3741741212112676,0.47735191637630664,-0.36224987746676124
1998-04-30,5.106715034695249,0.3746968791236897,0.4814385150812065,-0.35541869509848256
1998-05-31,5.092712959971809,0.375260508776876,0.47508690614136734,-0.3627854038401052
1998-06-30,5.061416848857156,0.3754742224660441,0.4664351851851852,-0.37953970301549844
1998-07-31,4.266354767776973,0.4358071407506565,0.1676300578034682,-0.8109951233834368
1998-08-31,4.100889466092054,0.4461438083255484,0.12124711316397228,-0.9000257627082313
1998-09-30,3.910082673464644,0.4612778396712518,0.07151095732410612,-1.0026277622692363
1998-10-31,3.822633439996496,0.4698020659041487,0.06221198156682028,-1.0489123891433494
1998-11-30,3.773521036437275,0.4726241048762702,0.05178365937859609,-1.074284694369501
1998-12-31,3.664750471038814,0.4821864622549077,0.04597701149425287,-1.131939508915872
1999-01-31,3.5402252323126726,0.4948363987124189,0.03903559127439724,-1.1979583513119152
1999-02-28,3.389295644932612,0.5085965985638207,0.033256880733944956,-1.2780548145141881
1999-03-31,3.418772858354976,0.5040161375165012,0.035509736540664374,-1.260167058417502
1999-04-30,3.362942252504878,0.5094119494407361,0.032036613272311214,-1.2885239460173388
1999-05-31,3.5062827880899654,0.4950610587300937,0.04228571428571429,-1.2089971767296563
1999-06-30,3.5760652173415397,0.4895253569001002,0.0502283105022831,-1.169536985551142
1999-07-31,2.8493793992977183,0.5623502782183256,0.018244013683010263,-1.5608115020752338
1999-08-31,2.833934256896848,0.5646067404575166,0.015945330296127564,-1.5660961870371097
1999-09-30,2.7561805765398777,0.5742338844203206,0.013651877133105802,-1.6049440152370005
1999-10-31,2.7281542988616696,0.5781267472215806,0.0125,-1.6167820557911512
1999-11-30,2.704168109205592,0.579178855752895,0.01021566401816118,-1.626376453637755
1999-12-31,2.649921690026602,0.5872920524461337,0.009070294784580499,-1.6521778449986895
2000-01-31,2.5892123334153467,0.5975441181471479,0.006795016987542469,-1.681287843360113
2000-02-29,2.598875709090367,0.5963565044762585,0.007918552036199095,-1.6724720387969398
2000-03-31,2.6581506971891278,0.5912192763924474,0.012429378531073447,-1.6371287104808923
2000-04-30,2.590002826746878,0.5988627031576034,0.007900677200902935,-1.670214483710369
2000-05-31,2.572989791349402,0.6010212882400824,0.0033821871476888386,-1.6757493052519983
2000-06-30,2.5968599553012943,0.5979789606129634,0.010135135135135136,-1.659410425220579
2000-07-31,2.0641753888116297,0.6866141225169868,0.0011248593925759281,-1.9399644271561796
2000-08-31,2.099478622306445,0.6801303551444351,0.0022471910112359553,-1.9160033305140578
2000-09-30,2.096862724100556,0.6806006476326729,0.002244668911335578,-1.9123815454622966
2000-10-31,2.145173978948119,0.6721739849558677,0.004484304932735426,-1.8817702676615584
2000-11-30,2.1455520659652683,0.6716739750617041,0.005599104143337066,-1.8767952545126243
2000-12-31,2.1899735031063368,0.6641084879185113,0.006711409395973154,-1.848553597886254
2001-01-31,2.291408295758912,0.6473530758405704,0.00782122905027933,-1.7903875994826615
2001-02-28,2.282645122880488,0.6486306093275784,0.0078125,-1.7908204007487143
2001-03-31,2.4038649506808625,0.6297542155814255,0.010033444816053512,-1.722691310767241
2001-04-30,2.487956649313674,0.6170795072574623,0.011135857461024499,-1.6745715647090984
2001-05-31,2.438674647658616,0.6243687187205459,0.011123470522803115,-1.696983710386278
2001-06-30,2.49076898932407,0.6171656610993121,0.013333333333333334,-1.6659291303254016
2001-07-31,2.8853290070314146,0.5691880506983565,0.048834628190899,-1.4549675239919864
2001-08-31,2.853024291510727,0.5723984511351169,0.045454545454545456,-1.4694415699829182
2001-09-30,2.8804483570536683,0.5690713779600206,0.048726467331118496,-1.4524640154540747
2001-10-31,2.777344817379977,0.5810039152392498,0.03761061946902655,-1.5041061795383894
2001-11-30,2.758270939791124,0.5840173597723594,0.03756906077348066,-1.5114052366593698
2001-12-31,2.7650801902326028,0.5833278394200881,0.03863134657836645,-1.5050991188062102
2002-01-31,2.8437397985980173,0.5741545490872314,0.04520396912899669,-1.461178108094989
2002-02-28,2.8225053925458847,0.5767295260752218,0.04185022026431718,-1.469778460835971
2002-03-31,2.840255856583605,0.574037048003255,0.045104510451045104,-1.4579365729647646
2002-04-30,2.9119237476310307,0.5658692051753073,0.05824175824175824,-1.4179463358977602
2002-05-31,3.068180831865803,0.548733161673684,0.06147091108671789,-1.3338901600244957
2002-06-30,3.05915807458322,0.5491776508103354,0.06140350877192982,-1.3365768343506064
2002-07-31,3.529234723445665,0.5000104044716561,0.08105147864184009,-1.0887505513578661
2002-08-31,3.3760048864221583,0.513860161634555,0.07221006564551423,-1.167587488119924
2002-09-30,3.4170321098003917,0.5101059206700786,0.07540983606557378,-1.144630291423969
2002-10-31,3.464114754622457,0.5064332465546011,0.07860262008733625,-1.118573333367038
2002-11-30,3.344740260747526,0.5176008230770641,0.0697928026172301,-1.1795968247630007
2002-12-31,3.378851717698982,0.5151739175434029,0.07407407407407407,-1.1602369275442248
2003-01-31,3.4163039099637267,0.5117941955675713,0.07725788900979326,-1.1391889172550835
2003-02-28,3.422457090536036,0.5110303187589814,0.08152173913043478,-1.1345526931879075
2003-03-31,3.3777762596259517,0.5153059804016112,0.0738327904451683,-1.1564826479398154
2003-04-30,3.342794443619096,0.5188061468548908,0.06832971800433839,-1.1732848193276575
2003-05-31,3.38929488189394,0.5142358704665404,0.07692307692307693,-1.147497748788881
2003-06-30,3.506930406334272,0.5040167081231368,0.09090909090909091,-1.0846437728614484
2003-07-31,4.078669380363733,0.4482251831867523,0.16864864864864865,-0.7847201358280164
2003-08-31,4.170793615049342,0.440498309899047,0.19330453563714903,-0.7358809259573219
2003-09-30,4.236466383765921,0.4365824952153645,0.20604099244875945,-0.7009290831874737
2003-10-31,4.1966730070934135,0.4395485529089824,0.19719827586206898,-0.7211802205136908
2003-11-30,4.3261213446285804,0.4291033528280755,0.2604951560818084,-0.6528608377081176
2003-12-31,4.388526361335702,0.4256229447847552,0.3032258064516129,-0.6196953843106732
2004-01-31,4.350535828711573,0.4277122579618544,0.2781954887218045,-0.6391275590841972
2004-02-29,4.393522580614155,0.4261155535543769,0.3090128755364807,-0.6161289280363568
2004-03-31,4.415518773871471,0.4247293375986805,0.31939978563772775,-0.6041480390784969
2004-04-30,4.484142000321682,0.4205311192712165,0.3361884368308351,-0.5677355477464705
2004-05-31,4.310379300208361,0.4327222300613263,0.24705882352941178,-0.6584464212261697
2004-06-30,4.331471564475343,0.430876182611823,0.26282051282051283,-0.646880269197624
2004-07-31,4.767437241181284,0.4022991445931785,0.42902881536819637,-0.41761951988842017
2004-08-31,4.779082551380322,0.39860030064226,0.43603411513859275,-0.4112435756058613
2004-09-30,4.794889375304601,0.3965145498356064,0.44089456869009586,-0.40268417063988554
2004-10-31,4.903397863624543,0.3905665966743593,0.46808510638297873,-0.3454064914617525
2004-11-30,4.895766209562716,0.3915099618079773,0.46546227417640806,-0.3492141869117697
2004-12-31,5.032274222041719,0.384664888219708,0.5010615711252654,-0.27718961460930336
2005-01-31,5.0269909018844725,0.3863195021533184,0.5005302226935313,-0.2798124711983702
2005-02-28,5.05003643416973,0.3845299114807331,0.5084745762711864,-0.26751617537666705
2005-03-31,5.115612842628314,0.3794566405553211,0.5333333333333333,-0.2328120279013302
2005-04-30,5.09269928078101,0.381993390373391,0.5190274841437632,-0.24476185725548066
2005-05-31,4.98928652671573,0.3870037082498351,0.4857444561774023,-0.2991672798160133
2005-06-30,5.012166901916298,0.3875399798853236,0.49156118143459915,-0.2869222480727908
2005-07-31,6.240015422831723,0.3163435091473601,0.7249736564805058,0.36150284015878037
2005-08-31,6.236821488966987,0.3186525035056646,0.7242105263157895,0.3596010390115727
2005-09-30,6.26752647919585,0.3176878057214715,0.7276550998948476,0.37561121096877337
2005-10-31,6.334386845847791,0.3139376245525594,0.7384453781512605,0.41072807047522153
2005-11-30,6.23348333018711,0.3194775561686483,0.720881427072403,0.35711567510155406
2005-12-31,6.245451246210786,0.3190935783786801,0.7253668763102725,0.36323684169545656
2006-01-31,6.27927028539538,0.3173365298974506,0.7287958115183246,0.3809228423595866
2006-02-28,6.435157427507729,0.3118946975967255,0.752092050209205,0.46324103639010894
2006-03-31,6.430027862512543,0.3111511351259326,0.7513061650992685,0.4602300357052531
2006-04-30,6.520190114490272,0.3075856345599803,0.7620041753653445,0.5077175681777365
2006-05-31,6.613995825798011,0.3023754994011985,0.7674661105318039,0.557109472435543
2006-06-30,6.544199008638504,0.3041794464967384,0.7635416666666667,0.5197184638026505
2006-07-31,6.583753199379343,0.2994977940208752,0.7648283038501561,0.5403578178467208
2006-08-31,6.535385030945959,0.2977745279143045,0.761954261954262,0.5143273260725252
2006-09-30,6.47100588540204,0.3021437577744111,0.754932502596054,0.4798105872987013
2006-10-31,6.447775481965073,0.3026824077543111,0.7520746887966805,0.4671660663937884
2006-11-30,6.491539051227563,0.3022238951488628,0.7564766839378239,0.4901251076849015
2006-12-31,6.5538856078858565,0.2996506456620123,0.7639751552795031,0.5229501435323061
2007-01-31,6.5869862378067365,0.2965883305560419,0.766287487073423,0.5402061214462086
2007-02-28,6.566791457954505,0.2990014679888103,0.7644628099173554,0.5291040716536024
2007-03-31,6.623506372631721,0.2973872323612489,0.7698658410732714,0.5589327706294952
2007-04-30,6.631969326063396,0.2969695178945701,0.7701030927835052,0.5630594565173845
2007-05-31,6.599253705484928,0.298730385833626,0.7662203913491246,0.5452577831950852
2007-06-30,6.622938576271969,0.2977042485027932,0.7685185185185185,0.5575101779659939
2007-07-31,6.886818358592828,0.2852790498804263,0.7913669064748201,0.6977242137113691
2007-08-31,6.717069185854409,0.2915672307984639,0.7751540041067762,0.606733550413818
2007-09-30,6.6449597497201305,0.293762169265663,0.7702564102564102,0.5678640411891851
2007-10-31,6.523613177687006,0.2993860957982217,0.7520491803278688,0.5027570866895502
2007-11-30,6.416901626153935,0.3051104664012682,0.7338792221084954,0.44549107017693257
2007-12-31,6.279127620369258,0.3103803772981429,0.7116564417177914,0.37166194662954
2008-01-31,6.235955056418318,0.3124818448643138,0.7027579162410623,0.3483850680774945
2008-02-29,6.325179846037364,0.3062474856194041,0.7224489795918367,0.39586682039506066
2008-03-31,6.288476196197463,0.3081661019948832,0.7176350662589195,0.3760113099306214
2008-04-30,6.31599340452569,0.305227601192501,0.7219959266802444,0.3905105026091504
2008-05-31,6.328445304829472,0.3058415150464791,0.7232960325534079,0.3969444184602565
2008-06-30,6.3480846338954935,0.3078661213651831,0.7286585365853658,0.4072240029317337
2008-07-31,5.559220203705978,0.3301380574779175,0.6111675126903553,-0.015545074706568945
2008-08-31,5.628417660960435,0.3280932174964853,0.6217038539553753,0.021547918124722024
2008-09-30,5.675528996424465,0.3256470373808468,0.6261398176291794,0.04679825679162358
2008-10-31,5.683409207011052,0.3238948720670953,0.6295546558704453,0.05100206839421328
2008-11-30,5.472406670694065,0.3307689094778928,0.5995955510616785,-0.06227867658581491
2008-12-31,5.322136067047155,0.3335944071660299,0.5616161616161616,-0.1429438845165652
2009-01-31,5.3592614757519605,0.3326702184437843,0.5761856710393541,-0.12292395148038125
2009-02-28,5.099530259209142,0.3503651663999837,0.501008064516129,-0.2624721489923679
2009-03-31,4.967279481630469,0.359620954722523,0.4551863041289023,-0.33344661254630437
2009-04-30,5.097854464086114,0.3503763042391775,0.5010060362173038,-0.2630143428839081
2009-05-31,5.334598667475052,0.3399037430741791,0.5688442211055277,-0.1354416744149545
2009-06-30,5.346370597898483,0.3376478153206831,0.5732931726907631,-0.12903269027641912
2009-07-31,4.745564766650904,0.3905739309347984,0.4012036108324975,-0.4526552067576948
2009-08-31,4.85502935155426,0.3833984198135377,0.4348697394789579,-0.393391353822085
2009-09-30,5.013421864885944,0.3738820067070934,0.47047047047047047,-0.3077625481466887
2009-10-31,5.126243384590411,0.3691204818948441,0.516,-0.24673156145758338
2009-11-30,4.980159252390653,0.3752628532431086,0.45854145854145856,-0.3254438773871486
2009-12-31,4.887938618397728,0.3805070437492313,0.43912175648702595,-0.37505600441874903
2010-01-31,5.013179151573181,0.3734282355703702,0.47058823529411764,-0.3071934967939751
2010-02-28,5.061967185236713,0.3701742379751264,0.4910358565737052,-0.2806599259431351
2010-03-31,5.165580556657027,0.3667686751956189,0.5223880597014925,-0.22448652859687812
2010-04-30,5.271651011332191,0.3610667948278379,0.5506958250497018,-0.1669886654310462
2010-05-31,5.382989908228707,0.355048932555096,0.5878848063555114,-0.10664174968800641
2010-06-30,5.376679625996401,0.3561145338975975,0.5853174603174603,-0.11000542391288069
2010-07-31,6.100929259148798,0.3256689017286923,0.6818632309217046,0.28243198613619686
2010-08-31,6.072849048619473,0.3274746721770125,0.6792079207920793,0.2670621766722182
2010-09-30,5.985176170162827,0.3306179799954312,0.6706231454005934,0.21938069420119904
2010-10-31,5.989291871977277,0.3324269955582766,0.6719367588932806,0.2214999692696132
2010-11-30,5.909118486741801,0.3364704844991322,0.6614017769002961,0.1778695652410203
2010-12-31,6.035519921318089,0.331063453536942,0.6785009861932939,0.24641852167256664
2011-01-31,6.178693963745431,0.3247412266802373,0.7004926108374384,0.32406911365248603
2011-02-28,6.220627747362207,0.3222466908529593,0.7047244094488189,0.3466825517352772
2011-03-31,6.311258546042562,0.317911411480852,0.727630285152409,0.39576597727844093
2011-04-30,6.337289397687711,0.3176561464073207,0.7328094302554028,0.4096991378896416
2011-05-31,6.282168996735155,0.3199796202081404,0.718351324828263,0.3794726151191559
2011-06-30,6.2252619632798405,0.3228543760453205,0.7029411764705882,0.34828180910132045
2011-07-31,6.8909656047451024,0.2637394894565029,0.8021547502448579,0.7105475283380482
2011-08-31,6.74748869651322,0.2706855424606474,0.7876712328767124,0.6319048117559221
2011-09-30,6.5588228752509,0.2769681367383357,0.7663734115347018,0.5287012647625178
2011-10-31,6.353827564018595,0.2817707462708609,0.7373046875,0.41664637911446917
2011-11-30,6.486672624393267,0.2769119690394734,0.7560975609756098,0.488841372982816
2011-12-31,6.4289742717094365,0.2773488551585471,0.7446393762183235,0.4570756409788759
2012-01-31,6.441386787444333,0.2744534179023946,0.747809152872444,0.4635797325677644
2012-02-29,6.440226096876376,0.2802262083691844,0.7470817120622568,0.4626723701156075
2012-03-31,6.422782332955199,0.2827475239066915,0.7414965986394558,0.4528739446250195
2012-04-30,6.3850111331304165,0.2855152981125781,0.7378640776699029,0.4319747807842804
2012-05-31,6.3386734172667545,0.2878521298581483,0.7264791464597479,0.40640130676703234
2012-06-30,6.296759403770333,0.2878557177157997,0.7189922480620154,0.38325471627834107
2012-07-31,5.605132937018049,0.3378973281722608,0.611810261374637,0.0046665246403641975
2012-08-31,5.530962568424141,0.3399854179456251,0.5986460348162476,-0.0359355095140219
2012-09-30,5.5799115127530365,0.3378093756845651,0.6077294685990338,-0.009111233561562529
2012-10-31,5.625618667497726,0.3350725875413384,0.6138996138996139,0.015936841700093546
2012-11-30,5.700394159659995,0.3308722424361385,0.6248794599807136,0.05691958639149248
2012-12-31,5.683317944844182,0.3327744932935509,0.6223506743737958,0.04752676736502414
2013-01-31,5.824482393512137,0.3257860590247309,0.641963426371511,0.12496125277072208
2013-02-28,5.966441286006629,0.3178406307824021,0.6586538461538461,0.2028283968794083
2013-03-31,5.972784954045524,0.3176279894633976,0.6589817483189241,0.20621092150396625
2013-04-30,5.989596171663129,0.3177556758914573,0.663147792706334,0.21534462221633463
2013-05-31,5.937525761099073,0.3201561483884149,0.6538830297219559,0.1866137131217242
2013-06-30,6.048582631122101,0.3151303796261024,0.6704980842911877,0.24759665385322593
2013-07-31,6.671495943136826,0.2433613746372075,0.783732057416268,0.5901266940672036
2013-08-31,6.73165958784637,0.2447899398206483,0.7887189292543021,0.6228433840614556
2013-09-30,6.700694471806215,0.2480045070712636,0.7860553963705826,0.6053916355072895
2013-10-31,6.7404442135848655,0.2493910703195146,0.7900763358778626,0.6268767055927601
2013-11-30,6.677337536879214,0.2516614867515815,0.782650142993327,0.5917141543532929
2013-12-31,6.668081992932373,0.2519668225892605,0.78,0.586236045929363
2014-01-31,6.663828607097647,0.2523404906775992,0.7792578496669839,0.5835180048997679
2014-02-28,6.6641537780955975,0.2509958617347406,0.779467680608365,0.5833256272652121
2014-03-31,6.6240586253192495,0.2542131007499332,0.7749287749287749,0.5608490805999904
2014-04-30,6.703914112709143,0.2482597510582961,0.786527514231499,0.6045395008422451
2014-05-31,6.672720383469993,0.2535697842991041,0.781042654028436,0.5869404093559322
2014-06-30,6.629825128149207,0.2571500227117566,0.7736742424242424,0.5628955277964021
2014-07-31,6.97065771816284,0.2379250733486421,0.8145695364238411,0.7506641863014708
2014-08-31,6.865413331926752,0.2412957118584293,0.8043478260869565,0.6920162299340983
2014-09-30,6.86058432857758,0.2419560992831108,0.8026440037771483,0.6888668695599055
2014-10-31,6.742649296827876,0.2443537282642416,0.789622641509434,0.6232486843402443
2014-11-30,6.767153040478811,0.2449666786901443,0.7945334590009425,0.6363798447665164
2014-12-31,6.668662058935621,0.2477491722581322,0.775894538606403,0.5815236942665312
2015-01-31,6.728894406573024,0.2464325349349044,0.7855126999059266,0.6144589485974078
2015-02-28,6.645362423886368,0.2487793211601809,0.7716165413533834,0.5678642993260857
2015-03-31,6.653591230340684,0.2483864967891434,0.7718309859154929,0.5720644177284846
2015-04-30,6.743222355030345,0.2469986793028478,0.7908067542213884,0.621309732556362
2015-05-31,6.694740041564235,0.2485251324736928,0.7806935332708529,0.5940693148504448
2015-06-30,6.71610370517553,0.2464687445355358,0.7837078651685393,0.6055226860154225
2015-07-31,6.232915049765246,0.2806028470967711,0.6847521047708138,0.3374557457736641
2015-08-31,6.132263471708311,0.2832139149093871,0.6672897196261682,0.2814870337131274
2015-09-30,6.133544296524659,0.2838820885365966,0.6676003734827264,0.2820556054687945
2015-10-31,6.048364538907941,0.2875840737237544,0.6529850746268657,0.23465418198900603
2015-11-30,5.971599597562879,0.28907672023652,0.6402609506057781,0.1919280213165859
2015-12-31,6.022098848473648,0.2876369350486346,0.648975791433892,0.2198794247244696
2016-01-31,5.916984812423731,0.2905808644756997,0.6306976744186047,0.16137240127601196
2016-02-29,5.808234930520304,0.2906514207237212,0.6180297397769516,0.10084655156449064
2016-03-31,5.79478458075678,0.2928868045362074,0.6137418755803157,0.0933193387723758
2016-04-30,5.844110324543828,0.291310815152804,0.6233766233766234,0.12071910608044918
2016-05-31,5.9606815185702136,0.2865384432356327,0.6394810009267841,0.1855477946043036
2016-06-30,5.969245641662319,0.2850981610996265,0.6407407407407407,0.1902279850485179
2016-07-31,5.710867289136918,0.3174260531859882,0.6022201665124884,0.046188808238882315
2016-08-31,5.661061126090441,0.3218842133480329,0.5933456561922366,0.018405960003380704
2016-09-30,5.745754915540513,0.3182747135779738,0.6048014773776547,0.06562677175050381
2016-10-31,5.718278688401378,0.3202387561927209,0.6023985239852399,0.050267302600027056
2016-11-30,5.72608729567419,0.3188134236665742,0.6036866359447005,0.05460255963040942
2016-12-31,5.97193315237613,0.3069110346244503,0.643646408839779,0.19185961040413047
2017-01-31,6.018681593749135,0.3042525519615104,0.6522539098436062,0.21788355891511865
2017-02-28,5.942129666508744,0.3079868265294204,0.6360294117647058,0.1749950539256339
2017-03-31,5.886359471429899,0.3118143773363153,0.6262626262626263,0.1437287089860347
2017-04-30,5.822960996934611,0.3152986788951037,0.618348623853211,0.10819611366256023
2017-05-31,5.758075921670242,0.3180500387582613,0.6040329972502292,0.0718321383529176
2017-06-30,5.628201647325288,0.3238214010722858,0.5833333333333334,-0.0009207349872532741
2017-07-31,6.008572907938793,0.2922938758485957,0.6523330283623056,0.21215289892053169
2017-08-31,5.98777339157819,0.2950432100846892,0.6471663619744058,0.20039567596545022
2017-09-30,5.910776917593461,0.3003215223922826,0.6301369863013698,0.15713245990929045
2017-10-31,6.037709759549816,0.2948200170503376,0.6596715328467153,0.2282552363929923
2017-11-30,5.971802215220624,0.3004957027182025,0.6426618049225159,0.1911628429264107
2017-12-31,5.981210763233991,0.3007941199452735,0.6457194899817851,0.19635450350738817
2018-01-31,5.98169565626093,0.2996796909705139,0.6460418562329391,0.19653411719288102
2018-02-28,5.873948733228524,0.3062429107229678,0.6209090909090909,0.13589981588999048
2018-03-31,5.796716702050057,0.3132856040174128,0.6076294277929155,0.09242105606829798
2018-04-30,5.884680080593953,0.310982309526351,0.6234119782214156,0.1418496303904367
2018-05-31,5.880130426708499,0.3104266649144296,0.6228467815049864,0.1392242204551396
2018-06-30,5.8338668200737525,0.3153493074305807,0.6159420289855072,0.11311808613309464
2018-07-31,5.105067425187368,0.3698603049067341,0.46153846153846156,-0.29735694810696806
2018-08-31,5.104736507590669,0.3681516919499119,0.4602169981916817,-0.29739713593110373
2018-09-30,4.992508763979762,0.3771833725001692,0.42366757000903343,-0.360496924821974
2018-10-31,4.932448479299991,0.3803702912533794,0.40974729241877256,-0.39417194205322514
2018-11-30,4.972896873836995,0.3742183168794955,0.412082957619477,-0.37115551832190163
2018-12-31,5.000479541484295,0.3720618400101156,0.4261261261261261,-0.35540356061195566
2019-01-31,4.896829504282525,0.3765477647098772,0.39783978397839787,-0.4137235471527386
2019-02-28,4.946161304164085,0.3755858289636882,0.41007194244604317,-0.3856529676374833
2019-03-31,4.939813771160009,0.3772533079627043,0.40970350404312667,-0.38903931131504565
2019-04-30,4.807356961424893,0.3861313189096241,0.3770197486535009,-0.46367879416240987
2019-05-31,4.80125603961595,0.3872387423356607,0.37488789237668163,-0.4668744758559128
2019-06-30,4.793767059585007,0.386596054205325,0.3718637992831541,-0.4708540111629504
2019-07-31,4.483823976746537,0.4031661322038357,0.2829006266786034,-0.6458735942420746
2019-08-31,4.463106516141288,0.4044727027988917,0.2772808586762075,-0.6571817559569928
2019-09-30,4.325093722143509,0.4143441238721305,0.21715817694369974,-0.7348320219022446
2019-10-31,4.4055347963796505,0.4080082590025756,0.26339285714285715,-0.6888153643015906
2019-11-30,4.363220026605033,0.4113773793285326,0.23996431757359502,-0.7123094103159947
2019-12-31,4.371256752478379,0.4104934232718185,0.24688057040998218,-0.7072820323960567
2020-01-31,4.339804454778354,0.4139384919995475,0.22439893143365983,-0.7246167347982435
2020-02-29,4.188773559092869,0.4249446839474875,0.1619217081850534,-0.8096420275418993
2020-03-31,4.116260147550869,0.4305519025185305,0.14933333333333335,-0.8501059405991235
2020-04-30,3.764020396248101,0.456730799324723,0.08880994671403197,-1.0488725569969242
2020-05-31,3.736656562165959,0.4598072859487452,0.08606921029281278,-1.0633824562877132
2020-06-30,3.7312902945164232,0.4606133749986877,0.08599290780141844,-1.0654153995995672
2020-07-31,3.612557826204978,0.4726359164744813,0.08237378210806023,-1.1315897863315545
2020-08-31,3.5369680967949058,0.4799710426208078,0.07610619469026549,-1.1732066446458362
2020-09-30,3.393879785093919,0.4943461716432605,0.0645446507515473,-1.2528853112268779
2020-10-31,3.431532042373341,0.4905862029283966,0.0706713780918728,-1.2301806261308657
2020-11-30,3.545708282303857,0.4787154146983817,0.0794351279788173,-1.1642824966282526
2020-12-31,3.638217250284642,0.4726301341123235,0.0873015873015873,-1.1107846530109837
2021-01-31,3.6403059570324943,0.474813900451298,0.0881057268722467,-1.1085115235993377
2021-02-28,3.692244128917983,0.4709727435806981,0.0897887323943662,-1.078069459819172
2021-03-31,3.894418014659977,0.4542411229726718,0.11169744942832015,-0.9627621909805861
2021-04-30,3.9600751233546654,0.4477405302968869,0.13005272407732865,-0.9248248395462672
2021-05-31,3.9024310434713545,0.4516288762145682,0.1141352063213345,-0.9566663166109026
2021-06-30,3.990402321171076,0.4440998475442338,0.13771929824561405,-0.9061173452991066
2021-07-31,3.9844274141594633,0.4465479240714444,0.13584574934268187,-0.9087736892427676
2021-08-31,3.862275771032138,0.4548559725120914,0.10945709281961472,-0.9771302654581372
2021-09-30,3.836067192314717,0.4560293601095243,0.1084864391951006,-0.9911160826440322
2021-10-31,3.904283988949035,0.4518658060132175,0.11713286713286714,-0.9516793949682227
2021-11-30,3.7866169873581392,0.4621285054280343,0.09781659388646288,-1.0174320345537706
2021-12-31,3.641033892301376,0.4754626787735728,0.0881326352530541,-1.0988432754718966
2022-01-31,3.6885544542020345,0.4702816198688043,0.08979947689625109,-1.07092216184771
2022-02-28,3.8084513685804753,0.4599023125177441,0.10365853658536585,-1.00213653904385
2022-03-31,3.875978929964108,0.4559110721945907,0.11401218450826806,-0.9630801774910772
2022-04-30,3.7920275640213865,0.4625068378250719,0.10086956521739131,-1.0097438343239649
2022-05-31,3.8776555361639575,0.4550666584536755,0.1155516941789748,-0.9604400787659083
2022-06-30,4.021086020251132,0.4430906106812515,0.1501736111111111,-0.8785203493720497
2022-07-31,3.999363073416697,0.4529416899705081,0.1474414570685169,-0.8901335171298589
2022-08-31,3.861676752062616,0.4658667213611336,0.11351819757365685,-0.9673257135263176
2022-09-30,3.951981721055472,0.4581835416311869,0.1367965367965368,-0.9154339283089986
2022-10-31,3.98662665454302,0.4537936322119553,0.14619377162629757,-0.895106252390973
2022-11-30,4.114187452329031,0.4437012401518119,0.17199654278305965,-0.8222289053822293
2022-12-31,4.1020261033109,0.4437818156547612,0.1692573402417962,-0.8285171318340512
2023-01-31,4.204697347979888,0.4345810868835683,0.1906816220880069,-0.7697940039577412
2023-02-28,4.144224314824249,0.442152037058826,0.17758620689655172,-0.8035055555475406
2023-03-31,4.086888731872063,0.446761119732483,0.1645133505598622,-0.8354024621703485
2023-04-30,3.791210288417284,0.4697080184596997,0.09982788296041308,-1.00220365588271
2023-05-31,3.771945478018181,0.4706131815769435,0.09716251074806535,-1.0122456278385077
2023-06-30,3.53033594056171,0.4929059964113116,0.07560137457044673,-1.1481052360627368
2023-07-31,3.1534217190909737,0.5345727647784411,0.05150214592274678,-1.3601379377029919
2023-08-31,3.216633270972139,0.5279926327562207,0.05231560891938251,-1.3227490856449724
2023-09-30,3.1539464960647576,0.5339734233816074,0.05227077977720651,-1.3566118704061556
2023-10-31,3.1933980010105123,0.5292535959502058,0.053082191780821915,-1.3326805209036112
2023-11-30,3.0925973173525936,0.539932745348802,0.04961505560307956,-1.388011478315529
2023-12-31,3.057886420876468,0.5442683279706138,0.04786324786324787,-1.4058643846584555
2024-01-31,3.1471341035513567,0.5355813578150669,0.05294619982920581,-1.3537339748985804
2024-02-29,3.085123376650408,0.5414719494440202,0.050341296928327645,-1.3870685444580277
2024-03-31,3.053907677612949,0.5448364884138237,0.04774083546462063,-1.4029358733019623
2024-04-30,3.1346086502914043,0.5360265001933253,0.054514480408858604,-1.3556925578512942
2024-05-31,3.121692185939481,0.5366821775398796,0.05446808510638298,-1.3613323118335243
2024-06-30,3.069211102582847,0.5425184910176128,0.05102040816326531,-1.389231835248803
2024-07-31,2.7676557640950867,0.5780276052619481,0.03058623619371283,-1.5571685526139432
2024-08-31,2.880089919398193,0.5648598753297951,0.0432937181663837,-1.4916986068128013
2024-09-30,2.861432246902386,0.5664855171944712,0.04240882103477523,-1.500144864763465
2024-10-31,2.8466792524086526,0.567875494403105,0.03898305084745763,-1.5063664251537343
2024-11-30,2.850169187843222,0.5676329008544755,0.04064352243861134,-1.5023243786340414
2024-12-31,2.874218423948835,0.5652579128638633,0.04568527918781726,-1.486763375029282
2025-01-31,2.726564374133553,0.5832836634657157,0.026204564666103127,-1.5675375623549839
2025-02-28,2.7909388231667283,0.5744781739501388,0.033783783783783786,-1.5291815920723522
2025-03-31,2.820982038640142,0.5703473006314176,0.03459915611814346,-1.510203664795164
2025-04-30,2.8894698326728903,0.561620823129394,0.05227655986509275,-1.4697760634613148
2025-05-31,2.7893297909755623,0.5740266444801979,0.03369839932603201,-1.5238525575093256
2025-06-30,2.730159544037817,0.5815888481450171,0.027777777777777776,-1.5548076109630582
2025-07-31,2.5245650537278914,0.6105851013456702,0.010933557611438183,-1.6674275241300813
2025-08-31,2.484189347224769,0.6164664432125233,0.009243697478991597,-1.687314298963957
2025-09-30,2.5229903770632016,0.6112782387997665,0.011754827875734676,-1.6629555467336747
2025-10-31,2.4529968787775567,0.6214628233508445,0.009228187919463088,-1.6993330097240693
2025-11-30,2.399234729648089,0.6294834559355305,0.0075440067057837385,-1.726496463629113
2025-12-31,2.437892343321994,0.6238183278850524,0.009212730318257957,-1.7021195249187506
2026-01-31,2.4589872731957105,0.6207348315621373,0.011715481171548118,-1.6876220665430761
2026-02-28,2.524945251451633,0.6113747337438045,0.016722408026755852,-1.648272869857251
2026-03-31,2.610781411812671,0.5994394893250171,0.025898078529657476,-1.5980629127639392
2026-04-30,2.6372246182640544,0.5957929363255606,0.027545909849749584,-1.581022074539061
2026-05-31,2.56698493983208,0.605959025793765,0.019182652210175146,-1.6176661920053657
2026-06-30,2.5371526063431222,0.6099596656774068,0.018333333333333333,-1.631760638444282
