date,spy_ret,vol_index,hdp_regime,thresh_regime,param_regime,cum_bh,cum_rv30,cum_vix_thr,cum_hdp
2016-01-07,-0.02398581651934517,24.989999771118164,High-Vol,Moderate-Vol,High-Vol,0.9760141834806548,0.9840874402337766,0.9769301960743448,0.9910141919080757
2016-01-08,-0.01089753744584776,27.010000228881836,High-Vol,High-Vol,High-Vol,0.9653780323684958,0.9769728875509146,0.972466953537965,0.9869683316731329
2016-01-11,0.0008529082958226297,24.299999237060547,High-Vol,Moderate-Vol,High-Vol,0.9662014113009079,0.9775256905503633,0.9732647031227164,0.9872836928216028
2016-01-12,0.007772514117774243,22.469999313354492,High-Vol,Moderate-Vol,High-Vol,0.9737112254108575,0.9825662093653351,0.9805405221639927,0.9901584827542312
2016-01-13,-0.02528237507790898,25.219999313354492,High-Vol,High-Vol,High-Vol,0.9490934929924498,0.9660859047309797,0.9701474964896145,0.9807801591440832
2016-01-14,0.0165580609343845,23.950000762939453,High-Vol,Moderate-Vol,High-Vol,0.9648086408818466,0.9766982351362407,0.9855977866490486,0.9868640831425972
2016-01-15,-0.021835772698162614,27.020000457763672,High-Vol,High-Vol,High-Vol,0.9437412987023274,0.9625496012627682,0.9765752871155212,0.978791202342298
2016-01-19,0.0005316801874286625,26.049999237060547,High-Vol,High-Vol,High-Vol,0.9442430672529056,0.9628891163953929,0.9767929652420269,0.9789861612873602
2016-01-20,-0.011762766025898763,27.59000015258789,High-Vol,High-Vol,High-Vol,0.9331361569812328,0.9553751149022314,0.9719760326855283,0.9746720768278676
2016-01-21,0.005181988635948542,26.690000534057617,High-Vol,High-Vol,High-Vol,0.9379716579425021,0.9586595139814975,0.97408762754588,0.9765642357612104
2016-01-22,0.020080726882213185,22.34000015258789,High-Vol,Moderate-Vol,High-Vol,0.9568068106289023,0.9714306448921859,0.9929010086315121,0.9839107762532986
2016-01-25,-0.015761545172821023,24.149999618530273,High-Vol,Moderate-Vol,High-Vol,0.941726056861512,0.961272927369108,0.9778490110773377,0.9781010303252664
2016-01-26,0.014045237830368151,22.5,High-Vol,Moderate-Vol,High-Vol,0.9549528233011867,0.9702299021109569,0.9910586301700977,0.9832475714324808
2016-01-27,-0.01092292230052827,23.110000610351562,High-Vol,Moderate-Vol,High-Vol,0.9445219478115977,0.9631991944491504,0.9806467877096764,0.9792240681612677
2016-01-28,0.005513350717590626,22.420000076293945,High-Vol,Moderate-Vol,High-Vol,0.9497294285703449,0.9667222319920333,0.9858469587231445,0.9812466231189572
2016-01-29,0.02445865099455702,20.200000762939453,High-Vol,Moderate-Vol,High-Vol,0.9729585292030071,0.9824085041938045,1.0090385953231162,0.9902377330412157
2016-02-01,-0.00044333484554215374,19.979999542236328,High-Vol,Moderate-Vol,High-Vol,0.972527182783744,0.982119562960931,1.008608337236102,0.990073267858919
2016-02-02,-0.018920968718231457,21.979999542236328,High-Vol,Moderate-Vol,High-Vol,0.954126026380663,0.9697915446653539,0.9902532979812485,0.9830552683358681
2016-02-03,0.004979620021574149,21.649999618530273,High-Vol,Moderate-Vol,High-Vol,0.9588772114447331,0.9729953058723124,0.9949960661683439,0.9848891730692353
2016-02-04,0.0015255682925232605,21.84000015258789,High-Vol,Moderate-Vol,High-Vol,0.9603400441149363,0.9739800602937801,0.9964560310646428,0.985452060627024
2016-02-05,-0.01865415827635175,23.3799991607666,High-Vol,Moderate-Vol,High-Vol,0.9424257089328977,0.9619266132578189,0.9785778556710367,0.9785653189738746
2016-02-08,-0.014255057923056924,26.0,High-Vol,High-Vol,High-Vol,0.9289913758638813,0.9528296494405148,0.9727296457377655,0.9733394148428586
2016-02-09,-0.0006638406467605051,26.540000915527344,High-Vol,High-Vol,High-Vol,0.9283746736280929,0.9524100212618998,0.9724589293312761,0.9730973505210679
2016-02-10,-0.0001889681307609692,26.290000915527344,High-Vol,High-Vol,High-Vol,0.9281992404013716,0.9522906229836621,0.9723818889506998,0.9730284619003812
2016-02-11,-0.012377447329256164,28.139999389648438,High-Vol,High-Vol,High-Vol,0.916710503192248,0.9444709942191429,0.9673361296179155,0.968516564006023
2016-02-12,0.019330015207046358,25.399999618530273,High-Vol,High-Vol,High-Vol,0.9344305311594133,0.9565827292482753,0.9751752654265305,0.975530178326998
2016-02-16,0.01638173774168461,24.110000610351562,High-Vol,Moderate-Vol,High-Vol,0.9497381270586899,0.9669787717218624,0.9905402469497939,0.9815170963280943
2016-02-17,0.016346110625641508,22.309999465942383,High-Vol,Moderate-Vol,High-Vol,0.9652626515489808,0.977464942211955,1.00611337864118,0.9875276562951629
2016-02-18,-0.004676632123934432,21.639999389648438,High-Vol,Moderate-Vol,High-Vol,0.9607484732247128,0.9744323086352705,1.001587847802258,0.9857975009146587
2016-02-19,-2.603328180228459e-05,20.530000686645508,High-Vol,Moderate-Vol,High-Vol,0.9607234617889682,0.9744154793320525,1.0015627689670152,0.9857878865793523
2016-02-22,0.014350731099076697,19.3799991607666,High-Vol,Moderate-Vol,High-Vol,0.9745105458496758,0.9836923978458749,1.0153870194793169,0.9910876945750341
2016-02-23,-0.012532577570788739,20.979999542236328,High-Vol,Moderate-Vol,High-Vol,0.962297416840263,0.975279053997963,1.0031475835078774,0.9864344581684341
2016-02-24,0.004429960034632252,20.719999313354492,High-Vol,Moderate-Vol,High-Vol,0.9665603559382953,0.9782174118589352,1.0074217755925188,0.9880715410787018
2016-02-25,0.011284366730450301,19.110000610351562,High-Vol,Moderate-Vol,High-Vol,0.9774673774618176,0.9857123768895936,1.0183557467012707,0.9922485770431109
2016-02-26,-0.001871865329564848,19.809999465942383,High-Vol,Moderate-Vol,High-Vol,0.9756376901671661,0.984466847931973,1.016522320155448,0.9915527557458815
2016-02-29,-0.008154131091571593,20.549999237060547,High-Vol,Moderate-Vol,High-Vol,0.9676822125436649,0.9787003859044847,1.0085500133365026,0.9885237775499007
2016-03-01,0.023588385401619227,17.700000762939453,High-Vol,Moderate-Vol,High-Vol,0.9905082735194365,0.995586948427603,1.031431542803987,0.997259281553016
2016-03-02,0.004085949861101668,17.09000015258789,Low-Vol,Moderate-Vol,Low-Vol,0.9945554406620433,0.9985641772566074,1.035484974302072,1.0026947040862944
2016-03-03,0.0034926343203167676,16.700000762939453,Low-Vol,Moderate-Vol,Low-Vol,0.9980290591275572,1.001115654536871,1.038963428704817,1.0073661790841344
2016-03-04,0.003300439865942195,16.860000610351562,Low-Vol,Moderate-Vol,Low-Vol,1.0013229940216706,1.0035815929945733,1.0422615109476139,1.0118011561732563
2016-03-07,0.0008846228008634327,17.350000381469727,Low-Vol,Moderate-Vol,Low-Vol,1.002208787173211,1.0042446949675443,1.043148307968409,1.012995104388556
2016-03-08,-0.011303756056006087,18.670000076293945,Low-Vol,Moderate-Vol,Low-Vol,0.9908800635258194,0.9954494316904252,1.0318071282994938,0.9977207693181501
2016-03-09,0.005039672782814364,18.34000015258789,Low-Vol,Moderate-Vol,Low-Vol,0.9958737748130038,0.9993990185891517,1.0368085129794984,1.0044280046237493
2016-03-10,0.00015579279712252259,18.049999237060547,Low-Vol,Moderate-Vol,Low-Vol,0.9960289247739629,0.9995237472665126,1.0369638715889424,1.0046367411145476
2016-03-11,0.016262545588850763,16.5,Low-Vol,Moderate-Vol,Low-Vol,1.0122268905709135,1.0128043265069284,1.0531835242170065,1.026430381197736
2016-03-14,-0.001261768616611647,16.920000076293945,Low-Vol,Moderate-Vol,Low-Vol,1.0109496944475007,1.0117849929255214,1.0519053996755952,1.0247027883007427
2016-03-15,-0.0018386309343174645,16.84000015258789,Low-Vol,Moderate-Vol,Low-Vol,1.0090909310662508,1.0101993213954987,1.0500451953782048,1.022189602073451
2016-03-16,0.00558472788177955,14.989999771118164,Low-Vol,Low-Vol,Low-Vol,1.0147264293242273,1.0150035376981699,1.0588415203978407,1.029804527700936
2016-03-17,0.006573583068596456,14.4399995803833,Low-Vol,Low-Vol,Low-Vol,1.0213968177992905,1.0210426552443685,1.069282094434062,1.0388345566518224
2016-03-18,0.004395967251025645,14.020000457763672,Low-Vol,Low-Vol,Low-Vol,1.025886844760638,1.025097793978949,1.0763328880379224,1.044926179776926
2016-03-21,0.0009850919042930784,13.789999961853027,Low-Vol,Low-Vol,Low-Vol,1.0268974375861324,1.0260094980844405,1.0779233182594181,1.0462992556959012
2016-03-22,-0.0008777728967723775,14.170000076293945,Low-Vol,Low-Vol,Low-Vol,1.0259960548476543,1.0251321025883853,1.0765040604490674,1.0450741592677506
2016-03-23,-0.00640650953066757,14.9399995803833,Low-Vol,Low-Vol,Low-Vol,1.0194230013438454,1.01836914923306,1.0661591101644634,1.0361431451401208
2016-03-24,-0.0003781417793762287,14.739999771118164,Low-Vol,Low-Vol,Low-Vol,1.0190375149161803,1.017978792022043,1.0655543712099398,1.0356205003663093
2016-03-28,0.0005451068880724108,15.239999771118164,Low-Vol,Moderate-Vol,Low-Vol,1.0195929992847654,1.0185411468106274,1.066113030057447,1.0363735342167657
2016-03-29,0.008778012054237117,13.819999694824219,Low-Vol,Low-Vol,Low-Vol,1.028542998922903,1.0280668670942863,1.0801505596009824,1.0485086710356937
2016-03-30,0.004340879993566027,13.5600004196167,Low-Vol,Low-Vol,Low-Vol,1.0330077806494498,1.033074419036848,1.087183765532299,1.0545799752757639
2016-03-31,-0.0020418423596204605,13.949999809265137,Low-Vol,Low-Vol,Low-Vol,1.0308985416051022,1.0305989851613886,1.0838539787345656,1.0517076480135226
2016-04-01,0.0063109590665995086,13.100000381469727,Low-Vol,Low-Vol,Low-Vol,1.037404500102989,1.0386021090236894,1.0941142158755128,1.0605613028296543
2016-04-04,-0.003213480045854311,14.119999885559082,Low-Vol,Low-Vol,Low-Vol,1.0340708214424286,1.0344527531771144,1.0888403445746107,1.056015154781818
2016-04-05,-0.01019629841179448,15.420000076293945,Low-Vol,Moderate-Vol,Low-Vol,1.0235271267680721,1.0214420353815121,1.078162191609768,1.0416521641075804
2016-04-06,0.010452797932012814,14.09000015258789,Low-Vol,Low-Vol,Low-Vol,1.0342258490021123,1.0346128084629196,1.0950669089000173,1.0561762050931396
2016-04-07,-0.01204807397000529,16.15999984741211,Low-Vol,Moderate-Vol,Low-Vol,1.0217654194716435,1.0185515545812123,1.0823773163681683,1.0392021270535512
2016-04-08,0.0027827026046169934,15.359999656677246,Low-Vol,Moderate-Vol,Low-Vol,1.0246086887657149,1.0219930831313657,1.0852742255000458,1.0430595655638237
2016-04-11,-0.0027435458896043485,16.260000228881836,Low-Vol,Moderate-Vol,Low-Vol,1.0217976278091987,1.0184977808675932,1.0824104358584126,1.0392422898491152
2016-04-12,0.009615753881390354,14.850000381469727,Low-Vol,Low-Vol,Low-Vol,1.0316229823148004,1.0306816572782227,1.098022724383207,1.0525723570988788
2016-04-13,0.00999006976855732,13.84000015258789,Low-Vol,Low-Vol,Low-Vol,1.0419289678829724,1.0436485505429207,1.1144767098192814,1.0665989654848704
2016-04-14,0.0001729124301323992,13.720000267028809,Low-Vol,Low-Vol,Low-Vol,1.0421091303528345,1.0439105197795508,1.1147657701336127,1.0668449793379404
2016-04-15,-0.0009847695761457942,13.619999885559082,Low-Vol,Low-Vol,Low-Vol,1.0410828929862392,1.0424158661294318,1.1131190890111782,1.0654435599192293
2016-04-18,0.006519725613798322,13.350000381469727,Low-Vol,Low-Vol,Low-Vol,1.0478704677897288,1.0522881265736446,1.1240049355649293,1.074709552702536
2016-04-19,0.0030797379028664196,13.239999771118164,Low-Vol,Low-Vol,Low-Vol,1.0510976341866751,1.0569539105546741,1.1291973964695317,1.0791246172530227
2016-04-20,0.0007612550492348547,13.279999732971191,Low-Vol,Low-Vol,Low-Vol,1.0518977875679385,1.0581114891561503,1.1304868072989995,1.080220424016153
2016-04-21,-0.005207562857292736,13.949999809265137,Low-Vol,Low-Vol,Low-Vol,1.0464199637197313,1.049846216021444,1.1216561856364748,1.072716661245604
2016-04-22,4.785857954114903e-05,13.220000267028809,Low-Vol,Low-Vol,Low-Vol,1.0464700438927985,1.049921582244397,1.121736706944142,1.0727851433379432
2016-04-25,-0.0018136896207625597,14.079999923706055,Low-Vol,Low-Vol,Low-Vol,1.0445720720357512,1.0470652344299,1.1186849836102226,1.0701897217746172
2016-04-26,0.001871000174236137,13.960000038146973,Low-Vol,Low-Vol,Low-Vol,1.0465264665645322,1.0500038232839826,1.1218245733090977,1.0728606781451284
2016-04-27,0.0016479941117468755,13.770000457763672,Low-Vol,Low-Vol,Low-Vol,1.0482511360192177,1.052599423461108,1.124597713745937,1.0752191525860388
2016-04-28,-0.009273636061561064,15.220000267028809,Low-Vol,Moderate-Vol,Low-Vol,1.0385300364826575,1.037957287503427,1.1145668890451534,1.0619183076500327
2016-04-29,-0.005075949230557875,15.699999809265137,Low-Vol,Moderate-Vol,Low-Vol,1.033258510743062,1.0300543597611447,1.1091254620985778,1.0547281143141538
2016-05-02,0.007779606697244645,14.680000305175781,Low-Vol,Low-Vol,Low-Vol,1.0412968555732238,1.0420744864547304,1.1220683019081177,1.0656734819769493
2016-05-03,-0.008714499388395858,15.600000381469727,Low-Vol,Moderate-Vol,Low-Vol,1.0322224747621924,1.0284527502424214,1.1126634679219543,1.0532855505361431
2016-05-04,-0.0059545827054732214,16.049999237060547,Low-Vol,Moderate-Vol,Low-Vol,1.0260760206657726,1.0192667398024366,1.1062910455008568,1.0449193234513086
2016-05-05,-0.0002390366927933485,15.90999984741211,Low-Vol,Moderate-Vol,Low-Vol,1.0258307508472382,1.0189012765766017,1.1060367004069935,1.0445861429921086
2016-05-06,0.00316961055355236,14.720000267028809,Low-Vol,Low-Vol,Low-Vol,1.029082234821282,1.0237455569354994,1.111295258804333,1.0490026848923806
2016-05-09,0.0007532133076093572,14.569999694824219,Low-Vol,Low-Vol,Low-Vol,1.0298573532551738,1.024902205101134,1.112550822370755,1.0500566513132628
2016-05-10,0.012406365236037331,13.630000114440918,Low-Vol,Low-Vol,Low-Vol,1.0426341397206762,1.043975171732691,1.1332548901397328,1.0674342387741234
2016-05-11,-0.009607522877868035,14.6899995803833,Low-Vol,Low-Vol,Low-Vol,1.0326170083700636,1.0290595017566413,1.1169232317145228,1.0537542813195562
2016-05-12,-0.00016947926796451185,14.40999984741211,Low-Vol,Low-Vol,Low-Vol,1.0324420011953974,1.0288085931646005,1.1166392887169976,1.053516055888199
2016-05-13,-0.008514434161752682,15.039999961853027,Low-Vol,Moderate-Vol,Low-Vol,1.023651341750391,1.01618466735865,1.10749482813554,1.041550603010213
2016-05-16,0.009748976389612807,14.680000305175781,Low-Vol,Low-Vol,Low-Vol,1.033630894512311,1.030307081801846,1.1236902395322075,1.0550953714159907
2016-05-17,-0.009455863552163102,15.569999694824219,Low-Vol,Moderate-Vol,Low-Vol,1.0238570218105023,1.0168853243090792,1.113470561787633,1.0417869941133187
2016-05-18,0.00020515768640194665,15.949999809265137,Low-Vol,Moderate-Vol,Low-Vol,1.0240670739483033,1.0171742823479024,1.1136902748759019,1.042072095227472
2016-05-19,-0.003713594522721131,16.329999923706055,Low-Vol,Moderate-Vol,Low-Vol,1.0202641040715899,1.0117106327646272,1.1097124257583886,1.0369100186911233
2016-05-20,0.006001459222805039,15.199999809265137,Low-Vol,Moderate-Vol,Low-Vol,1.0263871774886673,1.0208182429263502,1.116117979877177,1.04521101308726
2016-05-23,-0.002087636568101736,15.819999694824219,Low-Vol,Moderate-Vol,Low-Vol,1.0242444540839113,1.0176215966863726,1.1138769151707502,1.042300355865408
2016-05-24,0.013588637533989534,14.420000076293945,Low-Vol,Low-Vol,Low-Vol,1.0381625407166566,1.0383637332225688,1.1365810196573507,1.061193358745235
2016-05-25,0.0069505296515837145,13.899999618530273,Low-Vol,Low-Vol,Low-Vol,1.0453783202390712,1.0488572615770684,1.1484307797751843,1.0710322149679894
2016-05-26,-0.0002104660499284705,13.430000305175781,Low-Vol,Low-Vol,Low-Vol,1.0451583035933296,1.048529486384373,1.148068221240431,1.070731526498499
2016-05-27,0.004277694939439414,13.119999885559082,Low-Vol,Low-Vol,Low-Vol,1.0496291719795239,1.0551890834499333,1.1554348496706282,1.0768412645471535
2016-05-31,-0.0010057686205895422,14.1899995803833,Low-Vol,Low-Vol,Low-Vol,1.0485734878950914,1.0536234204122301,1.1536916994982267,1.0753965502804874
2016-06-01,0.001134398653926283,14.199999809265137,Low-Vol,Low-Vol,Low-Vol,1.0497629882483024,1.0554162638970215,1.1556548189646618,1.0770238461866826
2016-06-02,0.002820696166986103,13.630000114440918,Low-Vol,Low-Vol,Low-Vol,1.0527240506854982,1.0598817768122453,1.160544445641981,1.0810762602869672
2016-06-03,-0.0029160622366948274,13.470000267028809,Low-Vol,Low-Vol,Low-Vol,1.0496542418356338,1.0552457549751604,1.1554681158940672,1.0768710733195543
2016-06-06,0.004885328519363519,13.649999618530273,Low-Vol,Low-Vol,Low-Vol,1.0547821476387444,1.0629785882477365,1.163935377903756,1.0838886905323026
2016-06-07,0.0012886156291971318,14.050000190734863,Low-Vol,Low-Vol,Low-Vol,1.0561413563995898,1.0650314537175194,1.1661851758827695,1.0857518081375552
2016-06-08,0.0033041019719552978,14.079999923706055,Low-Vol,Low-Vol,Low-Vol,1.0596309551379333,1.0703099125071531,1.1719649679917183,1.0905371855332515
2016-06-09,-0.0017192355978936646,14.640000343322754,Low-Vol,Low-Vol,Low-Vol,1.05780919987923,1.067555173303988,1.168942642153035,1.0880362179406036
2016-06-10,-0.009217532410166207,17.030000686645508,Low-Vol,Moderate-Vol,Low-Vol,1.0480588092955712,1.0528416178935045,1.1585793612251203,1.0746582479976605
2016-06-13,-0.008148298789709685,20.969999313354492,Low-Vol,Moderate-Vol,Low-Vol,1.0395189129682434,1.0400081503368068,1.1494994389757256,1.0629775307180642
2016-06-14,-0.0018005050719720472,20.5,Low-Vol,Moderate-Vol,Low-Vol,1.0376472538930333,1.0372567902187158,1.1475087999731823,1.0604245318398917
2016-06-15,-0.0018424090638102797,20.139999389648438,Moderate-Vol,Moderate-Vol,Low-Vol,1.0357354831874228,1.0343902132510192,1.145475359411085,1.058790282159961
2016-06-16,0.0031280931110462262,19.3700008392334,Moderate-Vol,Moderate-Vol,Low-Vol,1.0389753602172476,1.0392437166013255,1.1489216732138428,1.0615606803790305
2016-06-17,-0.003263284144609635,19.40999984741211,Moderate-Vol,Moderate-Vol,Low-Vol,1.0355848883976106,1.0341566952871701,1.1453155985955672,1.0586629878843223
2016-06-20,0.005791382778423504,18.3700008392334,Moderate-Vol,Moderate-Vol,Low-Vol,1.0415823568858722,1.0431404912000863,1.151695248434357,1.0637915141158034
2016-06-21,0.0027083906042095762,18.479999542236328,Moderate-Vol,Moderate-Vol,Low-Vol,1.0444033687547725,1.0473783390579416,1.1546953659723593,1.0662015327529628
2016-06-22,-0.0016529289965756533,21.170000076293945,Moderate-Vol,Moderate-Vol,Low-Vol,1.0426770441424364,1.0447814760174206,1.1528596266218425,1.0647273678005393
2016-06-23,0.013275567071954875,17.25,Moderate-Vol,Moderate-Vol,High-Vol,1.056519173176337,1.0655865758580285,1.1675800027759453,1.0765508139999196
2016-06-24,-0.036580792805582796,25.760000228881836,Moderate-Vol,High-Vol,High-Vol,1.0178708642072478,1.007116573236219,1.1496740124424751,1.0436095523817523
2016-06-27,-0.018262246511702607,23.850000381469727,Moderate-Vol,Moderate-Vol,High-Vol,0.9992822555680153,0.9878164327948554,1.1294802003136715,1.0276674781373134
2016-06-28,0.017614121604087707,18.75,Moderate-Vol,Moderate-Vol,High-Vol,1.0168837347343973,1.0051774332681234,1.1486152241986982,1.042808883420747
2016-06-29,0.016889242971254603,16.639999389648438,Moderate-Vol,Moderate-Vol,High-Vol,1.0340581312038433,1.0214279112599212,1.167273613405628,1.057541079370427
2016-06-30,0.01347386314946597,15.630000114440918,Moderate-Vol,Moderate-Vol,Low-Vol,1.0479908889522764,1.0341613318285112,1.182400661806579,1.06946013808563
2016-07-01,0.0019467062930313972,14.770000457763672,Moderate-Vol,Low-Vol,Low-Vol,1.0500310194108393,1.0359750320405179,1.185853342020414,1.0712016145744134
2016-07-05,-0.006871028985598215,15.579999923706055,Moderate-Vol,Moderate-Vol,Low-Vol,1.0428162258406901,1.0295416338636003,1.178016480753377,1.0650449487660474
2016-07-06,0.005338687058276115,14.960000038146973,Low-Vol,Low-Vol,Low-Vol,1.0483834953297462,1.0344845660526742,1.187450072763728,1.072629582120759
2016-07-07,-0.0008719578867335542,14.760000228881836,Low-Vol,Low-Vol,Low-Vol,1.047469349072672,1.0336750927204226,1.185896963079655,1.0713819760745906
2016-07-08,0.015138186565992306,13.199999809265137,Low-Vol,Low-Vol,Low-Vol,1.0633261355010928,1.0480966132844751,1.2128254572923702,1.0930166512764943
2016-07-11,0.003402819311999039,13.539999961853027,Low-Vol,Low-Vol,Low-Vol,1.0669444422099292,1.0512941331390733,1.219015996124608,1.0979779783357264
2016-07-12,0.006984842307344863,13.550000190734863,Low-Vol,Low-Vol,Low-Vol,1.0743968808894637,1.057870847833961,1.2317879478792,1.1082081383296183
2016-07-13,0.0001347586749824714,13.039999961853027,Low-Vol,Low-Vol,Low-Vol,1.0745416651895376,1.0579980107168023,1.2320369390467734,1.1084073479269696
2016-07-14,0.0052454228016962645,12.819999694824219,Low-Vol,Low-Vol,Low-Vol,1.0801780905414955,1.0629505999946127,1.2417307710256853,1.1161628887169484
2016-07-15,-0.000929379059870783,12.670000076293945,Low-Vol,Low-Vol,Low-Vol,1.079174195643215,1.0620714958372655,1.2399997131608025,1.114779154590203
2016-07-18,0.0023794618218691,12.4399995803833,Low-Vol,Low-Vol,Low-Vol,1.0817420494408945,1.064320380589753,1.2444255111256946,1.118317496289087
2016-07-19,-0.0014362045004157054,11.970000267028809,Low-Vol,Low-Vol,Low-Vol,1.0801884466411986,1.0629573781817483,1.2417446368464282,1.1161750319927846
2016-07-20,0.004261208315764264,11.770000457763672,Low-Vol,Low-Vol,Low-Vol,1.0847913546326187,1.0670022751302994,1.2496816357053067,1.1225195299181805
2016-07-21,-0.003619069856525492,12.739999771118164,Low-Vol,Low-Vol,Low-Vol,1.0808654189404483,1.0635597581787235,1.2428976079982548,1.117100481115329
2016-07-22,0.004543626789510036,12.020000457763672,Low-Vol,Low-Vol,Low-Vol,1.0857764680138011,1.067858754736949,1.251368502300733,1.1238710799283085
2016-07-25,-0.0030160187399292937,12.869999885559082,Low-Vol,Low-Vol,Low-Vol,1.0825017458388972,1.0649968218500603,1.2457072760204886,1.1193495779841076
2016-07-26,0.000322732160719319,13.050000190734863,Low-Vol,Low-Vol,Low-Vol,1.0828511039663142,1.0653064581239955,1.2463103207217094,1.1198314593979257
2016-07-27,-0.0011992609468087778,12.829999923706055,Low-Vol,Low-Vol,Low-Vol,1.0815524829261187,1.064139343841777,1.24406834377884,1.1180400347482977
2016-07-28,0.0016049204480923507,12.720000267028809,Low-Vol,Low-Vol,Low-Vol,1.083288288621652,1.0657004175008484,1.2470632898644727,1.1204335877889333
2016-07-29,0.0016299801176575812,11.869999885559082,Low-Vol,Low-Vol,Low-Vol,1.0850540269937965,1.0672910444417536,1.2501123224163824,1.12286971866831
2016-08-01,-0.0012705941474910887,12.4399995803833,Low-Vol,Low-Vol,Low-Vol,1.0836753636973866,1.0660487608695253,1.2477297443155293,1.1209665888625002
2016-08-02,-0.006381940812667075,13.369999885559082,Low-Vol,Low-Vol,Low-Vol,1.0767594116661243,1.0598009306893714,1.2357853382478905,1.1114237491129804
2016-08-03,0.003129042716071062,12.859999656677246,Low-Vol,Low-Vol,Low-Vol,1.0801286378601591,1.0628264391228741,1.2415855759147985,1.1160627382438668
2016-08-04,0.00021254929948888446,12.420000076293945,Low-Vol,Low-Vol,Low-Vol,1.080358218445494,1.0630324934605448,1.2419814231314228,1.1163791703027717
2016-08-05,0.008566697289380087,11.390000343322754,Low-Vol,Low-Vol,Low-Vol,1.0896133202670106,1.0713486279340634,1.2579409414679235,1.1291364282281102
2016-08-08,-0.0009075772915414504,11.5,Low-Vol,Low-Vol,Low-Vol,1.0886244119609751,1.0704472569760366,1.2562284235190586,1.1277694480091156
2016-08-09,0.00038971798655573764,11.65999984741211,Low-Vol,Low-Vol,Low-Vol,1.08904866847492,1.0709853589113687,1.2569627857368606,1.1283557251559075
2016-08-10,-0.0028687970634884152,12.050000190734863,Low-Vol,Low-Vol,Low-Vol,1.0859244088528033,1.0663766994323427,1.2515538290139063,1.124037770723731
2016-08-11,0.004723415102444228,11.680000305175781,Low-Vol,Low-Vol,Low-Vol,1.0910536806056914,1.0739321091428327,1.2604212414001357,1.131119987393216
2016-08-12,-0.0007963633869145781,11.550000190734863,Low-Vol,Low-Vol,Low-Vol,1.0901848054012986,1.0726492488252026,1.258915611407025,1.1299184088845047
2016-08-15,0.0027890162945221064,11.8100004196167,Low-Vol,Low-Vol,Low-Vol,1.0932253485876031,1.0771367031751231,1.2641823156374887,1.1341220954453854
2016-08-16,-0.005494142216478259,12.640000343322754,Low-Vol,Low-Vol,Low-Vol,1.0872190130478039,1.0682597898243742,1.253763919492985,1.1258103564130704
2016-08-17,0.0018668460061554981,12.1899995803833,Low-Vol,Low-Vol,Low-Vol,1.0892486835201285,1.0712512046076295,1.2572747957416361,1.1286138910421282
2016-08-18,0.0021972016963829333,11.430000305175781,Low-Vol,Low-Vol,Low-Vol,1.0916419825753418,1.0747818370536537,1.2614185252126706,1.1319217539889417
2016-08-19,-0.001441309568768645,11.34000015258789,Low-Vol,Low-Vol,Low-Vol,1.0900685885401864,1.0724581970345275,1.2586913833267541,1.129745518607459
2016-08-22,-0.0005634818833231137,12.270000457763672,Low-Vol,Low-Vol,Low-Vol,1.0894543546389643,1.071551730887552,1.2576275086399549,1.128896352259152
2016-08-23,0.0019498671783617638,12.380000114440918,Low-Vol,Low-Vol,Low-Vol,1.0915786459273982,1.0746858062125135,1.2613058185425077,1.1318325904903532
2016-08-24,-0.005254055259671375,13.449999809265137,Low-Vol,Low-Vol,Low-Vol,1.0858434314014183,1.0662161182935759,1.2513653628375565,1.1239001098361636
2016-08-25,-0.0013661603966461655,13.630000114440918,Low-Vol,Low-Vol,Low-Vol,1.0843599951084792,1.064031184940958,1.2488010141368913,1.1218519606108606
2016-08-26,-0.0015800642387127084,13.649999618530273,Low-Vol,Low-Vol,Low-Vol,1.0826466366583176,1.0615093285046575,1.2458412354013324,1.11948744336711
2016-08-29,0.005214428428674367,12.9399995803833,Low-Vol,Low-Vol,Low-Vol,1.0882920200587174,1.0698120751344442,1.2555857603345697,1.127274227369556
2016-08-30,-0.0019555914071229807,13.119999885559082,Low-Vol,Low-Vol,Low-Vol,1.08616376553585,1.0666739021823903,1.2519026412488452,1.1243336007206997
2016-08-31,-0.002378691105562325,13.420000076293945,Low-Vol,Low-Vol,Low-Vol,1.0835801174475859,1.0628679705969053,1.2474358067321922,1.1207660888342887
2016-09-01,-4.138538941145242e-05,13.479999542236328,Low-Vol,Low-Vol,Low-Vol,1.0835352730624668,1.062801989789621,1.247358368307251,1.1207042168252235
2016-09-02,0.004192241599034752,11.979999542236328,Low-Vol,Low-Vol,Low-Vol,1.0880777147082208,1.0694852738593206,1.2552022097680338,1.1269713583134315
2016-09-06,0.002977242370004518,12.020000457763672,Low-Vol,Low-Vol,Low-Vol,1.0913171857823079,1.0742614491664653,1.2608077715708008,1.1314470407047077
2016-09-07,-0.00014639593829279818,11.9399995803833,Low-Vol,Low-Vol,Low-Vol,1.0911574213789201,1.0740255478972316,1.260530905865712,1.1312260899706235
2016-09-08,-0.0022254881924705927,12.510000228881836,Low-Vol,Low-Vol,Low-Vol,1.0887290634215148,1.0704402011343461,1.2563229608948394,1.1278678873382564
2016-09-09,-0.024827742410836073,17.5,Low-Vol,Moderate-Vol,High-Vol,1.0616983786796945,1.0305752807643955,1.2263225001781113,1.0905147011251377
2016-09-12,0.014570387233434623,15.15999984741211,Low-Vol,Moderate-Vol,High-Vol,1.0771677351821674,1.0530991021353098,1.2435081194746989,1.1117097688727569
2016-09-13,-0.014941748278211264,17.850000381469727,Moderate-Vol,Moderate-Vol,Low-Vol,1.0610729660296645,1.0294963895911355,1.2256375070025651,1.0978151890363124
2016-09-14,-0.0005878493998130452,18.139999389648438,Moderate-Vol,Moderate-Vol,Low-Vol,1.0604492149234261,1.0286572409832322,1.2249445320808119,1.0972753703731781
2016-09-15,0.010058516449440447,16.299999237060547,Moderate-Vol,Moderate-Vol,Low-Vol,1.0711157607955297,1.0431864909309796,1.2367951160012545,1.1065075052887259
2016-09-16,-0.0037794277955720545,15.369999885559082,Moderate-Vol,Moderate-Vol,Low-Vol,1.0670675561169038,1.037843017073234,1.2322992515336195,1.1030093990282304
2016-09-19,-1.8603233825409404e-05,15.529999732971191,Moderate-Vol,Moderate-Vol,Low-Vol,1.0670477052096499,1.037816957578884,1.2322772022732602,1.1029922349597368
2016-09-20,0.0002990934842346249,15.920000076293945,Moderate-Vol,Moderate-Vol,Low-Vol,1.0673668522256456,1.0382486372561297,1.2326316929047487,1.10326818596976
2016-09-21,0.010858000333636042,13.300000190734863,Low-Vol,Low-Vol,Low-Vol,1.0789563218632237,1.0539214862333148,1.252707565903964,1.1192476841279495
2016-09-22,0.006478751917641468,12.020000457763672,Low-Vol,Low-Vol,Low-Vol,1.0859466122025463,1.0629928481183786,1.2648815382212304,1.1289204292724835
2016-09-23,-0.005753292959718159,12.289999961853027,Low-Vol,Low-Vol,Low-Vol,1.0796988432039316,1.0549662715242412,1.253965687148142,1.1202565575870123
2016-09-26,-0.008624850117916694,14.5,Low-Vol,Low-Vol,Low-Vol,1.0703866025088096,1.0430547292746175,1.2377427879911471,1.1073680912411825
2016-09-27,0.006423495165297943,13.100000381469727,Low-Vol,Low-Vol,Low-Vol,1.0772622256750246,1.0516385892208944,1.2496687402129625,1.1168565483145987
2016-09-28,0.005282576603643285,12.390000343322754,Low-Vol,Low-Vol,Low-Vol,1.082952945904364,1.0586732504834038,1.2595709464869926,1.1247265602108238
2016-09-29,-0.009365127730081468,14.020000457763672,Low-Vol,Low-Vol,Low-Vol,1.0728109532403016,1.0461334115943917,1.2418768822885673,1.1106760256842323
2016-09-30,0.007936392588027807,13.289999961853027,Low-Vol,Low-Vol,Low-Vol,1.081325202137953,1.0563910548177804,1.2566609160143245,1.122434276795007
2016-10-03,-0.0032660231815277996,13.569999694824219,Low-Vol,Low-Vol,Low-Vol,1.077793568961,1.05220487184825,1.2505044904897904,1.1175442372186648
2016-10-04,-0.004967881786361872,13.630000114440918,Low-Vol,Low-Vol,Low-Vol,1.0724392179203008,1.045875941989635,1.2411859527666884,1.1101385022326105
2016-10-05,0.004287486231197235,12.989999771118164,Low-Vol,Low-Vol,Low-Vol,1.07703728630093,1.0512737501587182,1.2491683042909523,1.1164876011601952
2016-10-06,0.00048144385260417977,12.84000015258789,Low-Vol,Low-Vol,Low-Vol,1.0775558192814452,1.0518801718641388,1.2500704108924057,1.117204621937636
2016-10-07,-0.0032587874416138973,13.479999542236328,Low-Vol,Low-Vol,Low-Vol,1.0740442939099328,1.0477458286500654,1.2439598402581817,1.1123481492782323
2016-10-11,-0.012524577697756278,15.359999656677246,Low-Vol,Moderate-Vol,Low-Vol,1.0605923427000261,1.031953136073776,1.228974767795234,1.0937642852914895
2016-10-12,0.00114593220639847,15.90999984741211,Low-Vol,Moderate-Vol,Low-Vol,1.0618077096233858,1.0333222116928271,1.2303293060911846,1.0954362028318863
2016-10-13,-0.0031040764122334252,16.690000534057617,Low-Vol,Moderate-Vol,Low-Vol,1.0585117773576163,1.0295778757962604,1.226656117990721,1.090900425943765
2016-10-14,0.000201584159120749,16.1200008392334,Low-Vol,Moderate-Vol,Low-Vol,1.0587251565641742,1.0298199066673526,1.2268939490810198,1.0911937675752712
2016-10-17,-0.003042618111839701,16.209999084472656,Low-Vol,Moderate-Vol,Low-Vol,1.0555038602273517,1.0261644385009614,1.223303540551819,1.0867650140261693
2016-10-18,0.00614150560569815,15.279999732971191,Low-Vol,Moderate-Vol,Low-Vol,1.061986243101774,1.033508095939411,1.2305295492744144,1.0956681435543638
2016-10-19,0.0021895721553502057,14.40999984741211,Low-Vol,Low-Vol,Low-Vol,1.0643115386090345,1.0361290353671893,1.2345710491305548,1.0988682946691914
2016-10-20,-0.0013766711313802915,13.75,Low-Vol,Low-Vol,Low-Vol,1.0628463316390364,1.0344746888919099,1.232021651646091,1.096850355646351
2016-10-21,-8.414514015520069e-05,13.34000015258789,Low-Vol,Low-Vol,Low-Vol,1.0627568982854971,1.0343737291026778,1.2318661486942628,1.0967272413155096
2016-10-24,0.004738594647427874,13.020000457763672,Low-Vol,Low-Vol,Low-Vol,1.06779287243523,1.0400608729343694,1.2406221202020882,1.1036595897132129
2016-10-25,-0.0038049574647063267,13.460000038146973,Low-Vol,Low-Vol,Low-Vol,1.0637299659744972,1.0345718047429593,1.233541348606374,1.0980579246494828
2016-10-26,-0.0017419279211878802,14.239999771118164,Low-Vol,Low-Vol,Low-Vol,1.061877025046162,1.031868580473226,1.2303182384307583,1.0955064713628602
2016-10-27,-0.0029911959060084925,15.359999656677246,Low-Vol,Moderate-Vol,Low-Vol,1.0587007428361594,1.0272387988630505,1.2267786585650249,1.091135358748643
2016-10-28,-0.003113140139625159,16.190000534057617,Low-Vol,Moderate-Vol,Low-Vol,1.0554048590577851,1.0224418913564692,1.2231053764898367,1.0866041977765044
2016-10-31,-0.00012228388419810443,17.059999465942383,Low-Vol,Moderate-Vol,Low-Vol,1.055275800052218,1.0222543491077063,1.2229615223062797,1.086426953265767
2016-11-01,-0.006810019108735688,18.559999465942383,Moderate-Vol,Moderate-Vol,Low-Vol,1.048089351688876,1.0118119916305888,1.2149511902424852,1.0802382245886504
2016-11-02,-0.00654688445345375,19.31999969482422,Moderate-Vol,Moderate-Vol,Low-Vol,1.0412276318064737,1.0018756673338522,1.2073008120799682,1.0743225156503908
2016-11-03,-0.004433213022609017,22.079999923706055,Moderate-Vol,Moderate-Vol,Low-Vol,1.036611647909649,0.995213374950663,1.2021529904630488,1.0703386392221106
2016-11-04,-0.00166752027169359,22.510000228881836,Moderate-Vol,Moderate-Vol,Low-Vol,1.034883076972886,0.9927240672345767,1.2002249317291622,1.0688456904465518
2016-11-07,0.021980199729465077,18.709999084472656,Moderate-Vol,Moderate-Vol,Low-Vol,1.0576300137013934,1.025454477145671,1.2255986243549308,1.0884973497345751
2016-11-08,0.003764878397158,18.739999771118164,Moderate-Vol,Moderate-Vol,Low-Vol,1.0616118620921637,1.0310779884050854,1.2300366378079497,1.0919252715687227
2016-11-09,0.011016119879656117,14.380000114440918,Moderate-Vol,Low-Vol,Low-Vol,1.073306705630636,1.0479636553059317,1.250361984395642,1.1019870361495716
2016-11-10,0.0019488457160949935,14.739999771118164,Moderate-Vol,Low-Vol,Low-Vol,1.0753984148059603,1.0508991310623035,1.2540171282909283,1.1037834505392357
2016-11-14,-0.00011550945718319383,14.479999542236328,Moderate-Vol,Low-Vol,Low-Vol,1.0752741961188104,1.0507228781559008,1.2537998520342473,1.103676802223257
2016-11-15,0.007452955022089647,13.369999885559082,Moderate-Vol,Low-Vol,Low-Vol,1.0832881663388974,1.0624693636832656,1.2678166228901182,1.1105573496959158
2016-11-16,-0.0015835165223760939,13.720000267028809,Moderate-Vol,Low-Vol,Low-Vol,1.0815727616290052,1.0599457069953993,1.2648052100355838,1.1090863378477596
2016-11-17,0.004665469361198049,13.350000381469727,Moderate-Vol,Low-Vol,Low-Vol,1.0866188062102917,1.06736342332618,1.273656574968541,1.1134145972206553
2016-11-18,-0.002389651365549028,12.850000381469727,Moderate-Vol,Low-Vol,Low-Vol,1.0840221660962,1.0635374836330471,1.26909118220812,1.1111890129844502
2016-11-21,0.007433702070874126,12.420000076293945,Moderate-Vol,Low-Vol,Low-Vol,1.0920804639171828,1.0753965148248499,1.2832422508320829,1.1180984978667554
2016-11-22,0.002163091103593473,12.40999984741211,Moderate-Vol,Low-Vol,Low-Vol,1.0944427334530904,1.0788731186926919,1.287405905676878,1.1201215517775716
2016-11-23,0.0008076981569082875,12.430000305175781,Moderate-Vol,Low-Vol,Low-Vol,1.095326712831742,1.080180224436951,1.28896565874269,1.1208783268637457
2016-11-25,0.0039067456134240786,12.34000015258789,Moderate-Vol,Low-Vol,Low-Vol,1.0996058756623637,1.0865102084672407,1.296519150142411,1.1245412363410552
2016-11-28,-0.005268389254735162,13.149999618530273,Moderate-Vol,Low-Vol,Low-Vol,1.0938127238825803,1.0779239704060675,1.286273298803658,1.119585527055089
2016-11-29,0.0013344023532617655,12.899999618530273,Moderate-Vol,Low-Vol,Low-Vol,1.095272310155357,1.080081546830188,1.28884790797895,1.1208352008294518
2016-11-30,-0.002656930555156478,13.329999923706055,Moderate-Vol,Low-Vol,Low-Vol,1.0923622476882884,1.0757769943344373,1.283711338897462,1.1183441961341094
2016-12-01,-0.003521722966763896,14.069999694824219,Moderate-Vol,Low-Vol,Low-Vol,1.0885152504725788,1.0700941115123415,1.2769300253401263,1.1150497435690694
2016-12-02,0.0003969277200850385,14.119999885559082,Moderate-Vol,Low-Vol,Low-Vol,1.0889473123492266,1.07073123653628,1.277690298725626,1.1154199621848884
2016-12-05,0.005804426926743211,12.140000343322754,Moderate-Vol,Low-Vol,Low-Vol,1.095268027450831,1.0800537083672643,1.2888146886865683,1.1208356090982992
2016-12-06,0.003405084468874442,11.789999961853027,Moderate-Vol,Low-Vol,Low-Vol,1.0989975076003586,1.0855702195291317,1.2953974730061242,1.1240280465043788
2016-12-07,0.01307735874472371,12.220000267028809,Moderate-Vol,Low-Vol,Low-Vol,1.1133694922668058,1.1068648063341882,1.3208080392133887,1.1363236476413578
2016-12-08,0.0021570150168708224,12.640000343322754,Moderate-Vol,Low-Vol,Low-Vol,1.1157710469809512,1.1104460923475512,1.3250815433758691,1.138373902238204
2016-12-09,0.005921418532969902,11.75,Moderate-Vol,Low-Vol,Low-Vol,1.1223779943370955,1.1203092164541875,1.3368510869888326,1.1440123981561565
2016-12-12,-0.001138082290599307,12.640000343322754,Moderate-Vol,Low-Vol,Low-Vol,1.1211006358183822,1.118396710335325,1.334568917167927,1.1429233251906188
2016-12-13,0.006518483201237046,12.720000267028809,Moderate-Vol,Low-Vol,Low-Vol,1.1284085114798605,1.1293320855882842,1.3476179647691053,1.1491551642316573
2016-12-14,-0.00815029546185908,13.1899995803833,Moderate-Vol,Low-Vol,Low-Vol,1.119211648709623,1.1155255003301312,1.3311427378952392,1.141320784697772
2016-12-15,0.003875707687553742,12.789999961853027,Moderate-Vol,Low-Vol,Low-Vol,1.1235493859005268,1.1218948901011487,1.338881418108977,1.1450208664659451
2016-12-16,-0.0017521567509799496,12.199999809265137,Moderate-Vol,Low-Vol,Low-Vol,1.1215807512589617,1.1189462865427777,1.335362522935725,1.1433426849301993
2016-12-19,0.0019731727152114686,11.710000038146973,Moderate-Vol,Low-Vol,Low-Vol,1.1237938237952523,1.1222580979663679,1.3393148742784842,1.145229781390115
2016-12-20,0.0036309124011522087,11.449999809265137,Moderate-Vol,Low-Vol,Low-Vol,1.1278742207264087,1.1283703292341674,1.3466092767575821,1.1487080329252155
2016-12-21,-0.0024603857246772165,11.270000457763672,Moderate-Vol,Low-Vol,Low-Vol,1.125099215094502,1.1242059898588717,1.3416395093957036,1.1463439351319344
2016-12-22,-0.001864711222396842,11.430000305175781,Moderate-Vol,Low-Vol,Low-Vol,1.1230012299618055,1.1210615105705082,1.337886854021332,1.1445558874204844
2016-12-23,0.00125093253507913,11.4399995803833,Moderate-Vol,Low-Vol,Low-Vol,1.1244060287372986,1.1231650690466046,1.340397263312257,1.1457535196441784
2016-12-27,0.0022458489045487084,11.989999771118164,Moderate-Vol,Low-Vol,Low-Vol,1.1269312747852063,1.1269487576065231,1.3449127579004618,1.1479059262466864
2016-12-28,-0.008391640709771053,12.949999809265137,Moderate-Vol,Low-Vol,Low-Vol,1.1174744724226044,1.1127633339982879,1.3279837209250298,1.1398483252073337
2016-12-29,-0.00029334773186828755,13.369999885559082,Moderate-Vol,Low-Vol,Low-Vol,1.1171466638206986,1.112273694098086,1.3273993794062928,1.1395686317025364
2016-12-30,-0.0046478346968550355,14.039999961853027,Moderate-Vol,Low-Vol,Low-Vol,1.1119543507951168,1.1045191976963435,1.3181450800680101,1.135138223517023
2017-01-03,0.008450766753157701,12.850000381469727,Moderate-Vol,Low-Vol,Low-Vol,1.1213512176538454,1.1185202488675186,1.3348540849957258,1.1431623440533694
2017-01-04,0.005705963770549438,11.850000381469727,Moderate-Vol,Low-Vol,Low-Vol,1.1277496070758397,1.1280936028925146,1.3462790285676591,1.1486185342516944
2017-01-05,-0.0007709676024818535,11.670000076293945,Moderate-Vol,Low-Vol,Low-Vol,1.1268801486650726,1.1267890174619188,1.3447221222952694,1.1478777964141893
2017-01-06,0.0035107891805798985,11.319999694824219,Moderate-Vol,Low-Vol,Low-Vol,1.130836387298816,1.1327228954988713,1.3518036761120305,1.151248751666958
2017-01-09,-0.0035549054715602324,11.5600004196167,Moderate-Vol,Low-Vol,Low-Vol,1.1268163708381682,1.1266828112704155,1.3445953746850017,1.1478254134365102
2017-01-10,0.0,11.489999771118164,Moderate-Vol,Low-Vol,Low-Vol,1.1268163708381682,1.1266828112704155,1.3445953746850017,1.1478254134365102
2017-01-11,0.002825642389102434,11.260000228881836,Moderate-Vol,Low-Vol,Low-Vol,1.1300003509403431,1.1314582153363137,1.3502943932153533,1.1505383873261497
2017-01-12,-0.0021471123937297776,11.539999961853027,Moderate-Vol,Low-Vol,Low-Vol,1.1275741131819201,1.1278141634006098,1.3459455424750686,1.1484720154940078
2017-01-13,0.0018481313951461686,11.229999542236328,Low-Vol,Low-Vol,Low-Vol,1.1296580183008458,1.1309406865455165,1.3496767687948763,1.1513033126479197
2017-01-17,-0.0029719144562179167,11.869999885559082,Low-Vol,Low-Vol,Low-Vol,1.126300771305675,1.125899098082312,1.3436600829442717,1.146739180091711
2017-01-18,0.0017622004698090166,12.479999542236328,Low-Vol,Low-Vol,Low-Vol,1.128285539054016,1.1288751879617094,1.3472117805884138,1.1494347596493586
2017-01-19,-0.0036158376243191626,12.779999732971191,Low-Vol,Low-Vol,Low-Vol,1.1242058417509293,1.122752443895021,1.3399048320221474,1.1438907313788407
2017-01-20,0.0033605840613004645,11.539999961853027,Low-Vol,Low-Vol,Low-Vol,1.1279838299843383,1.1284120998466305,1.346659126255377,1.1490185362986753
2017-01-23,-0.002693749646070387,11.770000457763672,Low-Vol,Low-Vol,Low-Vol,1.124945323941545,1.1238526103047555,1.3412177824382854,1.144889806557244
2017-01-24,0.006543140528962432,11.069999694824219,Low-Vol,Low-Vol,Low-Vol,1.1323059992834936,1.1348828986493533,1.354381447083941,1.1548824899373684
2017-01-25,0.007994052795968543,10.8100004196167,Low-Vol,Low-Vol,Low-Vol,1.1413577132229578,1.1484913693629204,1.370621942274745,1.1671975631855476
2017-01-26,-0.0007356549352630637,10.630000114440918,Low-Vol,Low-Vol,Low-Vol,1.1405180677883247,1.147224029346952,1.3691094850804235,1.166052180231733
2017-01-27,-0.0008668394897410892,10.579999923706055,Low-Vol,Low-Vol,Low-Vol,1.1395294216884024,1.1457323407086253,1.3673292878292533,1.1647038730011707
2017-01-30,-0.006027673496096675,11.880000114440918,Low-Vol,Low-Vol,Low-Vol,1.1326607103952688,1.13537319001306,1.3549665660662256,1.1553390962270436
2017-01-31,-0.0008903016080328285,11.989999771118164,Low-Vol,Low-Vol,Low-Vol,1.1316523007434482,1.133856953147881,1.3531570726973263,1.1539670181725794
2017-02-01,0.0002983189881167192,11.8100004196167,Low-Vol,Low-Vol,Low-Vol,1.131989894112706,1.1343643297362793,1.3537625813703613,1.154426223041225
2017-02-02,0.0005701468386902775,11.930000305175781,Low-Vol,Low-Vol,Low-Vol,1.1326352945722638,1.1353344610910625,1.3549203465545197,1.15530420399405
2017-02-03,0.007238496854554022,10.970000267028809,Low-Vol,Low-Vol,Low-Vol,1.140833871589382,1.1476616334792742,1.3696317265545788,1.1664593930260216
2017-02-06,-0.00211759751370888,11.369999885559082,Low-Vol,Low-Vol,Low-Vol,1.1384180446193495,1.144016205346822,1.3652812334463056,1.1631644703026598
2017-02-07,0.00022680346384529315,11.289999961853027,Low-Vol,Low-Vol,Low-Vol,1.1386762417751732,1.1444054056039237,1.3657457092156084,1.1635163733286173
2017-02-08,0.0006930821486097472,11.449999809265137,Low-Vol,Low-Vol,Low-Vol,1.1394654379513935,1.1455951560400186,1.367165570171505,1.1645920689544706
2017-02-09,0.005736063735960251,10.880000114440918,Low-Vol,Low-Vol,Low-Vol,1.1460014843284065,1.155451966285998,1.3789287934436765,1.1735029364730016
2017-02-10,0.0035597068220090122,10.850000381469727,Low-Vol,Low-Vol,Low-Vol,1.1500809136302028,1.1616215716563358,1.3862916667933056,1.1790751865892592
2017-02-13,0.0052321335840117555,11.069999694824219,Low-Vol,Low-Vol,Low-Vol,1.1560982906027384,1.1707382105117994,1.3971715615739029,1.187304289884998
2017-02-14,0.003999327195672642,10.739999771118164,Low-Vol,Low-Vol,Low-Vol,1.1607219059372165,1.1777614582582687,1.4055531809087372,1.193638335165898
2017-02-15,0.0049798886657344,11.970000267028809,Low-Vol,Low-Vol,Low-Vol,1.1665021718006627,1.1865591396636475,1.4160524284407787,1.201567447708311
2017-02-16,-0.0008644916015505544,11.760000228881836,Low-Vol,Low-Vol,Low-Vol,1.1654937404699506,1.185020484047174,1.4142161802931652,1.2001818373445776
2017-02-17,0.0016771493272376148,11.489999771118164,Low-Vol,Low-Vol,Low-Vol,1.1674484475126794,1.188001668508548,1.417773957866186,1.202866878661289
2017-02-21,0.006029850020069283,11.569999694824219,Low-Vol,Low-Vol,Low-Vol,1.1744879865573437,1.198746876335596,1.4305974043586258,1.2125419965859636
2017-02-22,-0.0010827861468039046,11.739999771118164,Low-Vol,Low-Vol,Low-Vol,1.1732162672359117,1.196799896568765,1.428273857781986,1.2107906517322462
2017-02-23,0.00041889897125901854,11.710000038146973,Low-Vol,Low-Vol,Low-Vol,1.173707726323321,1.1975519039369782,1.4291713114565376,1.211467218315408
2017-02-24,0.0014922502320313669,11.470000267028809,Low-Vol,Low-Vol,Low-Vol,1.1754591919502642,1.2002324745967576,1.432370333288238,1.2138787085763891
2017-02-27,0.0010174652677337193,12.09000015258789,Low-Vol,Low-Vol,Low-Vol,1.1766551808517118,1.20206426688092,1.4345564138852174,1.215526214851353
2017-02-28,-0.002581706115194926,12.920000076293945,Low-Vol,Low-Vol,Low-Vol,1.1736174029758313,1.1974092018779243,1.429001009285738,1.2113401753385538
2017-03-01,0.013581211083725009,12.539999961853027,Low-Vol,Low-Vol,Low-Vol,1.1895565486571793,1.2218026025643725,1.4581123558046865,1.233285237273791
2017-03-02,-0.005877116972104801,11.8100004196167,Low-Vol,Low-Vol,Low-Vol,1.1825653856757878,1.2110315873462332,1.4452581104943834,1.2236167159842368
2017-03-03,0.0005037503685345612,10.960000038146973,Low-Vol,Low-Vol,Low-Vol,1.1831611034246383,1.2119466737588822,1.446350184453067,1.2244389453217868
2017-03-06,-0.0032826227635656124,11.239999771118164,Low-Vol,Low-Vol,Low-Vol,1.1792772318535711,1.2059791281496195,1.4392284513937077,1.2190773960454762
2017-03-07,-0.002917625902089327,11.449999809265137,Low-Vol,Low-Vol,Low-Vol,1.175836542056171,1.2007012342371168,1.4329297560804923,1.2143328673788303
2017-03-08,-0.0022868279640642086,11.859999656677246,Low-Vol,Low-Vol,Low-Vol,1.1731476061706283,1.196582538498707,1.4280144603253755,1.210628590554114
2017-03-09,0.0007995756127661124,12.300000190734863,Low-Vol,Low-Vol,Low-Vol,1.1740856263866972,1.198017675823375,1.4297271686311057,1.2119198177246482
2017-03-10,0.00326333970585857,11.65999984741211,Low-Vol,Low-Vol,Low-Vol,1.1779170666293628,1.2038819837981272,1.4367256967880138,1.2171953752476476
2017-03-13,0.0003665656191698119,11.350000381469727,Low-Vol,Low-Vol,Low-Vol,1.1783488505282225,1.2045439364153248,1.437515678154944,1.2177905496071666
2017-03-14,-0.003384748980891139,12.300000190734863,Low-Vol,Low-Vol,Low-Vol,1.1743604354572628,1.1984283181234943,1.4302172335649692,1.2122922138574572
2017-03-15,0.008339879124686256,11.630000114440918,Low-Vol,Low-Vol,Low-Vol,1.1841544595377902,1.2134204390926207,1.4481089918399317,1.2257787140338423
2017-03-16,-0.0016280347991832755,11.210000038146973,Low-Vol,Low-Vol,Low-Vol,1.1822266148700546,1.2104572030412961,1.4445726340923433,1.2231167146567608
2017-03-17,-0.0013151792642318583,11.279999732971191,Low-Vol,Low-Vol,Low-Vol,1.1806717749405544,1.2080692507207762,1.4417228261312907,1.220970935391104
2017-03-20,-0.002011916080379983,11.34000015258789,Low-Vol,Low-Vol,Low-Vol,1.1782963624109006,1.2044234497931696,1.437371888125274,1.2176941546830897
2017-03-21,-0.012485594590102345,12.470000267028809,Low-Vol,Low-Vol,Low-Vol,1.1635846317228458,1.1818665354297746,1.4104522241197608,1.1974136087848766
2017-03-22,0.0018881028474631023,12.8100004196167,Low-Vol,Low-Vol,Low-Vol,1.165781599179266,1.185213763786074,1.4144468424106176,1.2004294052459656
2017-03-23,-0.001060832144830215,13.119999885559082,Low-Vol,Low-Vol,Low-Vol,1.164544900585005,1.1833277944973948,1.4121961063942434,1.1987307099402886
2017-03-24,-0.0008443522139387483,12.960000038146973,Low-Vol,Low-Vol,Low-Vol,1.163561614519965,1.1818290763327461,1.410407520030819,1.1973805740927872
2017-03-27,-0.0010201075858455866,12.5,Low-Vol,Low-Vol,Low-Vol,1.1623746564903945,1.1800206871238363,1.4082493689153435,1.19575123913491
2017-03-28,0.007225308829624133,11.529999732971191,Low-Vol,Low-Vol,Low-Vol,1.1707731723592658,1.192809707958559,1.4235119238146485,1.207275934243736
2017-03-29,0.0010847362038299835,11.420000076293945,Low-Vol,Low-Vol,Low-Vol,1.1720431524057968,1.1947505337703126,1.4258281261951666,1.209022813425445
2017-03-30,0.002930810911704995,11.539999961853027,Low-Vol,Low-Vol,Low-Vol,1.1754781892658568,1.2000029156220218,1.4320963751408697,1.2137494747572815
2017-03-31,-0.0022575939382667443,12.369999885559082,Low-Vol,Low-Vol,Low-Vol,1.1728244368312055,1.1959392366597057,1.427246736997572,1.2100943090066067
2017-04-03,-0.0016434753080130093,12.380000114440918,Low-Vol,Low-Vol,Low-Vol,1.1708969288286393,1.1929909917517045,1.4237282698415257,1.2074414474127553
2017-04-04,0.0005593660746612272,11.789999961853027,Low-Vol,Low-Vol,Low-Vol,1.1715518888475511,1.193991969783948,1.424922847782054,1.2083423843505765
2017-04-05,-0.0030595368115227117,12.890000343322754,Low-Vol,Low-Vol,Low-Vol,1.167967482717013,1.1885123762076233,1.4183834419225005,1.203410897465113
2017-04-06,0.0019276502937355389,12.390000343322754,Low-Vol,Low-Vol,Low-Vol,1.170218915578146,1.1919489305542808,1.422484662810178,1.206505282692811
2017-04-07,-0.0008274724629453445,12.869999885559082,Low-Vol,Low-Vol,Low-Vol,1.1692505916498872,1.1904694731783745,1.4207190624790216,1.2051735564186177
2017-04-10,0.0006874501357838625,14.050000190734863,Low-Vol,Low-Vol,Low-Vol,1.1700543931278822,1.191697055779849,1.4221840727476394,1.2062787108931883
2017-04-11,-0.001434908291958692,15.069999694824219,Low-Vol,Moderate-Vol,Low-Vol,1.1683754723771402,1.1891320917995871,1.420221303015691,1.2039698168734958
2017-04-12,-0.003767037418986874,15.770000457763672,Low-Vol,Moderate-Vol,Low-Vol,1.163974158253269,1.1824128341706963,1.415075592467041,1.1979199234508653
2017-04-13,-0.006838020289804625,15.960000038146973,Low-Vol,Moderate-Vol,Low-Vol,1.1560148793423248,1.1702847897442195,1.4057688130321093,1.186993189632915
2017-04-17,0.008576465691107593,14.65999984741211,Low-Vol,Low-Vol,Low-Vol,1.1659294012934143,1.185340150766319,1.4238536050240078,1.2005728457479206
2017-04-18,-0.002907602845833246,14.420000076293945,Low-Vol,Low-Vol,Low-Vol,1.1625393416481729,1.1801704031728462,1.4176436038329812,1.1959163866551523
2017-04-19,-0.0017178253968683777,14.930000305175781,Low-Vol,Low-Vol,Low-Vol,1.160542302042231,1.1771294131360421,1.4139907075534226,1.1931759988495654
2017-04-20,0.0075288503629735715,14.149999618530273,Low-Vol,Low-Vol,Low-Vol,1.1692798513742078,1.1904230599500765,1.4299592942311299,1.20515899348077
2017-04-21,-0.0030396881071155235,14.630000114440918,Low-Vol,Low-Vol,Low-Vol,1.1657256053160958,1.1849952877234269,1.4234393488406294,1.200272407319837
2017-04-24,0.01078173658811199,10.84000015258789,Low-Vol,Low-Vol,Low-Vol,1.1782941517266314,1.2041597482990087,1.4464600710031594,1.2175347896013329
2017-04-25,0.006072214211751081,10.760000228881836,Low-Vol,Low-Vol,Low-Vol,1.185449006220369,1.2151276222042684,1.4596348941029733,1.2273966909493705
2017-04-26,-0.00048582147568687617,10.850000381469727,Low-Vol,Low-Vol,Low-Vol,1.1848730896348156,1.2142421195624176,1.4585712111356475,1.2266012758200122
2017-04-27,0.0005527670002987151,10.359999656677246,Low-Vol,Low-Vol,Low-Vol,1.1855280483783077,1.215248909023518,1.4597805861852997,1.2275057115493015
2017-04-28,-0.001914979471489886,10.819999694824219,Low-Vol,Low-Vol,Low-Vol,1.1832577865027878,1.2117581439532221,1.4555874114021632,1.224370117477774
2017-05-01,0.0017307918268940625,10.109999656677246,Low-Vol,Low-Vol,Low-Vol,1.1853057594087755,1.214904095590812,1.4593663895946403,1.2271968827522948
2017-05-02,0.0011883435858113245,10.59000015258789,Low-Vol,Low-Vol,Low-Vol,1.1867143099051942,1.2170696808248689,1.4619677326272753,1.2291421911437248
2017-05-03,-0.001272169395827305,10.680000305175781,Low-Vol,Low-Vol,Low-Vol,1.1852046082785426,1.2147472026240669,1.459177926716572,1.227056359458277
2017-05-04,0.000581933287869596,10.460000038146973,Low-Vol,Low-Vol,Low-Vol,1.1858943182930364,1.215807555374397,1.4604516430292935,1.2280088702426828
2017-05-05,0.004080359407478085,10.569999694824219,Low-Vol,Low-Vol,Low-Vol,1.1907331933309582,1.2232489530687793,1.4693903944304956,1.2346928036244695
2017-05-08,3.744527190807645e-05,9.770000457763672,Low-Vol,Low-Vol,Low-Vol,1.1907777806591524,1.2233176604032678,1.4694729270147835,1.234754475633438
2017-05-09,-0.001025774556793202,9.960000038146973,Low-Vol,Low-Vol,Low-Vol,1.1895563111089575,1.2214353882068916,1.4672119051041412,1.2330649502457918
2017-05-10,0.001129962717449473,10.210000038146973,Low-Vol,Low-Vol,Low-Vol,1.1909004653908173,1.2235056528825623,1.4696987472311898,1.2349235345188716
2017-05-11,-0.0021651513741067774,10.600000381469727,Low-Vol,Low-Vol,Low-Vol,1.188321985611752,1.2195320404642132,1.4649255668380539,1.2313568842802427
2017-05-12,-0.0014795353407937029,10.399999618530273,Low-Vol,Low-Vol,Low-Vol,1.1865638212377971,1.2168255293345676,1.4616744531164,1.228926687301936
2017-05-15,0.004765142303014613,10.420000076293945,Low-Vol,Low-Vol,Low-Vol,1.192217966697604,1.225523049542398,1.472122083271071,1.2367381801679789
2017-05-16,-0.0006871330369859763,10.649999618530273,Low-Vol,Low-Vol,Low-Vol,1.1913987543453979,1.2242599034800055,1.4706047676942329,1.235604603786943
2017-05-17,-0.018345468171115265,15.59000015258789,Low-Vol,Moderate-Vol,Low-Vol,1.169541986418448,1.190570471841308,1.444656153730516,1.2053674779387185
2017-05-18,0.00368003862721622,14.65999984741211,Low-Vol,Low-Vol,Low-Vol,1.1738459461046191,1.1971424898285066,1.4526307394036768,1.211284511562705
2017-05-19,0.00674470320820042,12.039999961853027,Low-Vol,Low-Vol,Low-Vol,1.181763188623244,1.2092540460162355,1.4673270842162567,1.2221823709069808
2017-05-22,0.005146863296008775,10.930000305175781,Low-Vol,Low-Vol,Low-Vol,1.1878455622033433,1.2185898439137222,1.478655282085745,1.2305733152164346
2017-05-23,0.001836185172380489,10.720000267028809,Low-Vol,Low-Vol,Low-Vol,1.190026666611739,1.221946178817634,1.482727909441787,1.2335874048248392
2017-05-24,0.0024860338045762376,10.020000457763672,Low-Vol,Low-Vol,Low-Vol,1.192985113133283,1.2265028780795042,1.4882570770005783,1.237678213296653
2017-05-25,0.004432112041977909,9.989999771118164,Low-Vol,Low-Vol,Low-Vol,1.1982725568191013,1.2346568753426892,1.498151260169378,1.2449955100328296
2017-05-26,0.00031050178530289685,9.8100004196167,Low-Vol,Low-Vol,Low-Vol,1.1986446225872731,1.2352319200887347,1.4988490281307827,1.2455111707843012
2017-05-30,-0.0012053507295339827,10.380000114440918,Low-Vol,Low-Vol,Low-Vol,1.1971998354169855,1.2329985885447008,1.4961390699765045,1.243508575208065
2017-05-31,-0.00046007461995145604,10.40999984741211,Low-Vol,Low-Vol,Low-Vol,1.1966490341577,1.2321476815091628,1.4951065665554835,1.2427454263636621
2017-06-01,0.007542595584847156,9.890000343322754,Low-Vol,Low-Vol,Low-Vol,1.2056748738793495,1.2460880690028087,1.5120220428371496,1.2552490296637209
2017-06-02,0.00370087461804669,9.75,Low-Vol,Low-Vol,Low-Vol,1.2101369254177061,1.2530054925624436,1.5204157488375443,1.2614458150661891
2017-06-05,-0.0012184071404286456,10.069999694824219,Low-Vol,Low-Vol,Low-Vol,1.2086624859468809,1.250715486303742,1.5176370207303385,1.25939562924257
2017-06-06,-0.0027829086662043423,10.449999809265137,Low-Vol,Low-Vol,Low-Vol,1.2052988886402232,1.245494545855056,1.511301852904624,1.2547205031860744
2017-06-07,0.0015670287963471807,10.390000343322754,Low-Vol,Low-Vol,Low-Vol,1.2071876267069277,1.2484221345836282,1.5148542331898356,1.2573432487581058
2017-06-08,0.00026716903566459393,10.15999984741211,Low-Vol,Low-Vol,Low-Vol,1.2075101498610212,1.2489224441903268,1.5154613164068163,1.2577913458934342
2017-06-09,-0.0008303338661868054,10.699999809265137,Low-Vol,Low-Vol,Low-Vol,1.2065075132898273,1.2473669102878489,1.5135738081259533,1.256398209799689
2017-06-12,-0.0009792424797181454,11.460000038146973,Low-Vol,Low-Vol,Low-Vol,1.2053260498807148,1.245534698288326,1.5113505744722948,1.254757054255309
2017-06-13,0.004501358843230108,10.420000076293945,Low-Vol,Low-Vol,Low-Vol,1.210751654954321,1.2539445962313611,1.5215552713827274,1.2622912252406344
2017-06-14,-0.0009963269653177065,10.640000343322754,Low-Vol,Low-Vol,Low-Vol,1.209545350432187,1.2520705880100016,1.5192813215635774,1.2606136050738475
2017-06-15,-0.0022421097968399195,10.899999618530273,Low-Vol,Low-Vol,Low-Vol,1.2068334169522608,1.247859668412433,1.514171728260727,1.2568433471912752
2017-06-16,0.000283599150058933,10.380000114440918,Low-Vol,Low-Vol,Low-Vol,1.207175673883571,1.248390506324465,1.514815854983494,1.2573188118769283
2017-06-19,0.00831258320689443,10.369999885559082,Low-Vol,Low-Vol,Low-Vol,1.217210422118067,1.2639565312622436,1.5337039042400038,1.271260443695663
2017-06-20,-0.00671916044693166,10.859999656677246,Low-Vol,Low-Vol,Low-Vol,1.2090317899941783,1.2512174411649963,1.5182461003239927,1.2598662988535276
2017-06-21,-0.0005828141932715525,10.75,Low-Vol,Low-Vol,Low-Vol,1.2083271491068532,1.2501236002396265,1.5169188172597707,1.2588868387087893
2017-06-22,-0.00045588597243817475,10.479999542236328,Low-Vol,Low-Vol,Low-Vol,1.2077762897094593,1.2492687295198819,1.5158815042445963,1.2581212859731474
2017-06-23,0.0015596985554084952,10.020000457763672,Low-Vol,Low-Vol,Low-Vol,1.2096600566437758,1.2521914534690057,1.5194279815331075,1.260738838288925
2017-06-26,0.0003157519397332109,9.899999618530273,Low-Vol,Low-Vol,Low-Vol,1.2100420091530788,1.252784526289531,1.5201476250317885,1.261269849083292
2017-06-27,-0.008105586575672952,11.0600004196167,Low-Vol,Low-Vol,Low-Vol,1.2002339088876872,1.2375526961317762,1.5016650927580404,1.2476326665617918
2017-06-28,0.008769501646550992,10.029999732971191,Low-Vol,Low-Vol,Low-Vol,1.2107593621279242,1.253831776741408,1.521418374513305,1.2622273218441715
2017-06-29,-0.008637216844141982,11.4399995803833,Low-Vol,Low-Vol,Low-Vol,1.2003017709711503,1.237587351328721,1.5017071438963048,1.247684670572611
2017-06-30,0.0015320576108743822,11.180000305175781,Low-Vol,Low-Vol,Low-Vol,1.2021407024347126,1.2404314340098086,1.505158196684971,1.2502345058553226
2017-07-03,0.0023081679791472354,11.220000267028809,Low-Vol,Low-Vol,Low-Vol,1.204915445110502,1.2447261201842723,1.5103694336146798,1.2540838884941763
2017-07-05,0.0014522240362886407,11.069999694824219,Low-Vol,Low-Vol,Low-Vol,1.2066652522815868,1.2474375519697642,1.5136595258074361,1.2565132514196704
2017-07-06,-0.009412987306865794,12.539999961853027,Low-Vol,Low-Vol,Low-Vol,1.1953069275782242,1.2298243812055656,1.4922874389524232,1.2407361674653217
2017-07-07,0.006382712569615201,11.1899995803833,Low-Vol,Low-Vol,Low-Vol,1.2029362281294258,1.2415988045100756,1.506574701643544,1.2512998884035018
2017-07-10,0.0009273361035129213,11.109999656677246,Low-Vol,Low-Vol,Low-Vol,1.204051754323994,1.2433258736063266,1.508670353313754,1.2528477451502478
2017-07-11,-0.0007829870660822635,10.890000343322754,Low-Vol,Low-Vol,Low-Vol,1.2031089973734646,1.2418656114893878,1.5068984492533144,1.2515392109613286
2017-07-12,0.007279050947821553,10.300000190734863,Low-Vol,Low-Vol,Low-Vol,1.2118664890611286,1.255425016073956,1.5233516351312766,1.263691313073974
2017-07-13,0.0018728294734726703,9.899999618530273,Low-Vol,Low-Vol,Low-Vol,1.2141361083397562,1.2589518115317133,1.5276311018923816,1.266848290131956
2017-07-14,0.004662616170009848,9.510000228881836,Low-Vol,Low-Vol,Low-Vol,1.2197971589910939,1.2677568251422797,1.5383152381086216,1.2747275688894821
2017-07-17,-5.291423670694684e-05,9.819999694824219,Low-Vol,Low-Vol,Low-Vol,1.2197326143554885,1.267656201565181,1.5381931399436628,1.2746375938378234
2017-07-18,0.0005976786981110038,9.890000343322754,Low-Vol,Low-Vol,Low-Vol,1.22046162255648,1.2687926782274868,1.53957215785365,1.275653811388343
2017-07-19,0.00535825821605318,9.789999961853027,Low-Vol,Low-Vol,Low-Vol,1.2270011710729207,1.2789904564163577,1.5519462955996892,1.2847715819590884
2017-07-20,-0.00015367108860697698,9.579999923706055,Low-Vol,Low-Vol,Low-Vol,1.22681261646724,1.2786956406327246,1.5515885616846328,1.2845082216761965
2017-07-21,-0.0003679393292088662,9.359999656677246,Low-Vol,Low-Vol,Low-Vol,1.226361223856072,1.2779899170083096,1.5507322260027412,1.2838777794542344
2017-07-24,-0.0010643009954085514,9.430000305175781,Low-Vol,Low-Vol,Low-Vol,1.2250560063847915,1.2759496680971185,1.548256557225121,1.2820550578501542
2017-07-25,0.002918907519897651,9.430000305175781,Low-Vol,Low-Vol,Low-Vol,1.2286318315741238,1.281536236718948,1.5550353837865438,1.287046881130689
2017-07-26,0.0002826240061200025,9.600000381469727,Low-Vol,Low-Vol,Low-Vol,1.2289790724244098,1.2820795260767621,1.55569461928128,1.2875320976800668
2017-07-27,-0.0009731616373942487,10.109999656677246,Low-Vol,Low-Vol,Low-Vol,1.227783077137966,1.2802080201604624,1.5534237057968021,1.2858607175474654
2017-07-28,-0.001342015678115871,10.289999961853027,Low-Vol,Low-Vol,Low-Vol,1.2261353729991216,1.2776309313090048,1.550296627344898,1.283558832091468
2017-07-31,-0.0007284108345597673,10.260000228881836,Low-Vol,Low-Vol,Low-Vol,1.2252422427087921,1.2762349709896037,1.5486027480546887,1.2823116657925835
2017-08-01,0.002446120774938443,10.09000015258789,Low-Vol,Low-Vol,Low-Vol,1.2282393332130144,1.2809177083039647,1.5542848520859036,1.2864957814400395
2017-08-02,0.0004925274073475094,10.279999732971191,Low-Vol,Low-Vol,Low-Vol,1.228844274747404,1.2818640389208094,1.5554331439186198,1.2873410037642907
2017-08-03,-0.002186041834946195,10.4399995803833,Low-Vol,Low-Vol,Low-Vol,1.226157969754172,1.2776607262971185,1.5503327810325178,1.2835870902591258
2017-08-04,0.0018873214175396669,10.029999732971191,Low-Vol,Low-Vol,Low-Vol,1.228472123951776,1.2812777609767532,1.5547217454254525,1.2868185845966114
2017-08-07,0.0016458446442806363,9.930000305175781,Low-Vol,Low-Vol,Low-Vol,1.23049399821763,1.2844409371878625,1.5585599911125352,1.2896437140535568
2017-08-08,-0.0024173522303856387,10.960000038146973,Low-Vol,Low-Vol,Low-Vol,1.2275194608065625,1.2797835179413979,1.5529086084064767,1.2854851645879561
2017-08-09,-0.00036367479271248726,11.109999656677246,Low-Vol,Low-Vol,Low-Vol,1.2270730429211032,1.2790853804329916,1.5520614778320811,1.2848615554659855
2017-08-10,-0.01458021840074153,16.040000915527344,Low-Vol,Moderate-Vol,Low-Vol,1.209182049961651,1.2511113641331286,1.5302962937064855,1.2598723438645751
2017-08-11,0.0012747571279874137,15.510000228881836,Low-Vol,Moderate-Vol,Low-Vol,1.2107234633988742,1.2535036588271307,1.5321725509058086,1.2620146729401667
2017-08-14,0.009993651246049673,12.329999923706055,Low-Vol,Low-Vol,Low-Vol,1.2228230114474918,1.272294276430079,1.555140548089593,1.278838344616348
2017-08-15,-0.0004989323268835832,12.039999961853027,Low-Vol,Low-Vol,Low-Vol,1.2222129055170234,1.271342093314349,1.553976683251159,1.2779872271878225
2017-08-16,0.0014190955233326363,11.739999771118164,Low-Vol,Low-Vol,Low-Vol,1.223947342379802,1.2740483271242191,1.5572845452830066,1.2804064191658537
2017-08-17,-0.015557342487191761,15.550000190734863,Low-Vol,Moderate-Vol,Low-Vol,1.2049059743881112,1.2443171178687613,1.5339825675775967,1.2538349574614511
2017-08-18,-0.001837053661351895,14.260000228881836,Low-Vol,Low-Vol,Low-Vol,1.2026924974562767,1.2408883018928658,1.529755555139269,1.2507624396664925
2017-08-21,0.0011619757145657772,13.1899995803833,Low-Vol,Low-Vol,Low-Vol,1.2040899969304113,1.2430511249997982,1.5324218633457098,1.252701110482497
2017-08-22,0.00989169526062561,11.350000381469727,Low-Vol,Low-Vol,Low-Vol,1.2160004882464146,1.261494949382612,1.5551592384701136,1.2692302551643795
2017-08-23,-0.0034595701326392003,12.25,Low-Vol,Low-Vol,Low-Vol,1.2117936492760026,1.254948604008573,1.54708896479075,1.2633729918875882
2017-08-24,-0.002076616747138438,12.229999542236328,Low-Vol,Low-Vol,Low-Vol,1.2092772182898401,1.2510395330767499,1.5422698985103536,1.2598733780030291
2017-08-25,0.001671471668937663,11.279999732971191,Low-Vol,Low-Vol,Low-Vol,1.2112984909001034,1.254176148781138,1.5461366891721766,1.262682419204706
2017-08-28,0.00048695347329630323,11.319999694824219,Low-Vol,Low-Vol,Low-Vol,1.2118883369074458,1.2550922369287996,1.5472660341186515,1.2635026079242508
2017-08-29,0.0008424667620099413,11.699999809265137,Low-Vol,Low-Vol,Low-Vol,1.212909312550558,1.2566782971681034,1.5492213144272493,1.2649225188750965
2017-08-30,0.0046045317880603065,11.220000267028809,Low-Vol,Low-Vol,Low-Vol,1.2184941920362313,1.2653579199181175,1.5599214726107806,1.2726918134852112
2017-08-31,0.005704673584713937,10.59000015258789,Low-Vol,Low-Vol,Low-Vol,1.2254453036666677,1.2761856007695658,1.5732697368393267,1.2823765150078017
2017-09-01,0.0019805780423354236,10.130000114440918,Low-Vol,Low-Vol,Low-Vol,1.227872393727193,1.279976978537809,1.5779437120825088,1.2857644861792756
2017-09-05,-0.007579458552145368,12.229999542236328,Low-Vol,Low-Vol,Low-Vol,1.2185657858116141,1.2654246798530175,1.5600037736374872,1.2727648320125315
2017-09-06,0.0031238424931441244,11.630000114440918,Low-Vol,Low-Vol,Low-Vol,1.222372393394024,1.2713541609332148,1.5673135827538183,1.2780684164231835
2017-09-07,-0.00017845204485311683,11.550000190734863,Low-Vol,Low-Vol,Low-Vol,1.222154258540851,1.2710138473085884,1.5668940472831656,1.2777641823710304
2017-09-08,-0.0014899601434583687,12.119999885559082,Low-Vol,Low-Vol,Low-Vol,1.2203332974064671,1.268173207347178,1.5633921327639544,1.2752246277881738
2017-09-11,0.010780975197147491,10.729999542236328,Low-Vol,Low-Vol,Low-Vol,1.2334896804180595,1.2886814231883235,1.5886744704740698,1.2935636817639498
2017-09-12,0.0033583025948829004,10.579999923706055,Low-Vol,Low-Vol,Low-Vol,1.2376321120125688,1.2951730964395296,1.5966773448689957,1.299358500147119
2017-09-13,0.0007568342480830381,10.5,Low-Vol,Low-Vol,Low-Vol,1.2385687943814674,1.2966434434744014,1.5984899750155985,1.3006702830271268
2017-09-14,-0.001101323850828173,10.4399995803833,Low-Vol,Low-Vol,Low-Vol,1.2372047290273236,1.294501406948924,1.5958492923134069,1.2987594864578638
2017-09-15,0.0018454775461593798,10.170000076293945,Low-Vol,Low-Vol,Low-Vol,1.2394879625747457,1.298084866868918,1.600266948367435,1.3019566856067006
2017-09-18,0.0014548619291288034,10.149999618530273,Low-Vol,Low-Vol,Low-Vol,1.2412912464231092,1.3009176682492967,1.6037591995568694,1.3044833671376697
2017-09-19,0.0011095796167319705,10.180000305175781,Low-Vol,Low-Vol,Low-Vol,1.2426685578885681,1.3030828758409005,1.6064284473338315,1.306414131199055
2017-09-20,0.000634146702309657,9.779999732971191,Low-Vol,Low-Vol,Low-Vol,1.243456592056617,1.3043223944037265,1.6079565142873913,1.3075192343016107
2017-09-21,-0.003050565946915107,9.670000076293945,Low-Vol,Low-Vol,Low-Vol,1.239663345720422,1.2983540121834765,1.600598748207483,1.3021986332659277
2017-09-22,0.0006475839951667339,9.59000015258789,Low-Vol,Low-Vol,Low-Vol,1.2404661318625054,1.2996152021010023,1.6021535314055178,1.30332351154896
2017-09-25,-0.00222452269985407,10.210000038146973,Low-Vol,Low-Vol,Low-Vol,1.2377066867937772,1.2952786668237786,1.5968074910566235,1.2994560922324312
2017-09-26,7.21641258953909e-05,10.170000076293945,Low-Vol,Low-Vol,Low-Vol,1.2377960048149446,1.295418875802952,1.5969803393818465,1.299581180090346
2017-09-27,0.004076822401987812,9.869999885559082,Low-Vol,Low-Vol,Low-Vol,1.242842279296465,1.303340664842199,1.6067462472165355,1.3066485430598027
2017-09-28,0.001203890628937998,9.550000190734863,Low-Vol,Low-Vol,Low-Vol,1.244338525469758,1.305694284261275,1.6096477673416933,1.3087468934638766
2017-09-29,0.0036982630684985196,9.510000228881836,Low-Vol,Low-Vol,Low-Vol,1.2489404166832128,1.3129374856866247,1.6185771186785696,1.315203222491227
2017-10-02,0.003866518829712895,9.449999809265137,Low-Vol,Low-Vol,Low-Vol,1.253769468321508,1.3205522319525895,1.6279645070386393,1.3219865874589993
2017-10-03,0.0021565111846602036,9.510000228881836,Low-Vol,Low-Vol,Low-Vol,1.2564732362029287,1.32482391043979,1.6332305925401271,1.3257894528603007
2017-10-04,0.0012459436611136354,9.630000114440918,Low-Vol,Low-Vol,Low-Vol,1.2580387310669348,1.3272998943697465,1.6362829624959956,1.3279929127789385
2017-10-05,0.0056309040312934044,9.1899995803833,Low-Vol,Low-Vol,Low-Vol,1.2651226264292228,1.3385107418586593,1.6501035909907786,1.337967755882813
2017-10-06,-0.00107421116523998,9.649999618530273,Low-Vol,Low-Vol,Low-Vol,1.2637636175785147,1.3363539770831119,1.6474447514389112,1.3360505555318747
2017-10-10,0.0023197196304787226,10.079999923706055,Low-Vol,Low-Vol,Low-Vol,1.2666951948504965,1.341003926913974,1.6531771663339743,1.3401847469396249
2017-10-11,0.0018018829296631012,9.850000381469727,Low-Vol,Low-Vol,Low-Vol,1.2689776312991838,1.34462842504075,1.6576454139075634,1.343405989526725
2017-10-12,-0.0016881771203509643,9.90999984741211,Low-Vol,Low-Vol,Low-Vol,1.2668353722957875,1.341223468626959,1.6534478153154433,1.3403807659199427
2017-10-13,0.0008777220048461487,9.609999656677246,Low-Vol,Low-Vol,Low-Vol,1.267947301578569,1.342989300654704,1.655624716612494,1.34195010707503
2017-10-16,0.0017492225323056942,9.90999984741211,Low-Vol,Low-Vol,Low-Vol,1.2701652235682663,1.34651308137273,1.6599688007015052,1.3450813273664146
2017-10-17,0.0006723529054335486,10.3100004196167,Low-Vol,Low-Vol,Low-Vol,1.2710192228467132,1.347871079346428,1.6616429279706262,1.34628769039833
2017-10-18,0.0007420595113298845,10.069999694824219,Low-Vol,Low-Vol,Low-Vol,1.2719623947501097,1.349371380178141,1.6634924848793282,1.3476203179910142
2017-10-19,0.00032794411501058107,10.050000190734863,Low-Vol,Low-Vol,Low-Vol,1.272379527331983,1.3500351577827807,1.664310783735499,1.3482098394012567
2017-10-20,0.005103796185029985,9.970000267028809,Low-Vol,Low-Vol,Low-Vol,1.27887349310949,1.360370614214703,1.677052238278599,1.3573885780828134
2017-10-23,-0.003980395312996876,11.069999694824219,Low-Vol,Low-Vol,Low-Vol,1.2737830710516012,1.3522483949895647,1.6670392419752564,1.3501814442459277
2017-10-24,0.0016166008745583937,11.15999984741211,Low-Vol,Low-Vol,Low-Vol,1.2758422698782608,1.3555274638965051,1.671081647620007,1.353093013569015
2017-10-25,-0.004673955687260367,11.229999542236328,Low-Vol,Low-Vol,Low-Vol,1.269879039644916,1.34602395094783,1.659365805263852,1.3446568608591605
2017-10-26,0.0012701392506020426,11.300000190734863,Low-Vol,Low-Vol,Low-Vol,1.2714919628566859,1.348588407726354,1.6625272437244107,1.346935077393994
2017-10-27,0.008040609979727442,9.800000190734863,Low-Vol,Low-Vol,Low-Vol,1.2817155338223745,1.3648536178409179,1.6825788434455997,1.3613817506422217
2017-10-30,-0.003197577376741201,10.5,Low-Vol,Low-Vol,Low-Vol,1.2776171492280062,1.3583072802644607,1.6745085793790222,1.3555749999879494
2017-10-31,0.0009440129366797834,10.180000305175781,Low-Vol,Low-Vol,Low-Vol,1.2788232363450014,1.3602306697312947,1.676879716021295,1.3572820006402928
2017-11-01,0.0015908441079037772,10.199999809265137,Low-Vol,Low-Vol,Low-Vol,1.2808576447555913,1.3634765421507928,1.6808811973451387,1.3601622487745275
2017-11-02,0.00018994776966696492,9.930000305175781,Low-Vol,Low-Vol,Low-Vol,1.2811009408084735,1.363865026143055,1.681360116796905,1.3605068819691095
2017-11-03,0.0030922893263145568,9.140000343322754,Low-Vol,Low-Vol,Low-Vol,1.285062475573667,1.3701912240373688,1.689158994711198,1.3661188224290872
2017-11-06,0.0012704438847759292,9.399999618530273,Low-Vol,Low-Vol,Low-Vol,1.2866950753373145,1.3728023506296967,1.6923779672840658,1.3684339565333123
2017-11-07,-0.00018912080508215467,9.890000343322754,Low-Vol,Low-Vol,Low-Vol,1.2864517345287716,1.372412912401042,1.6918978714585517,1.3680887370162529
2017-11-08,0.0014426139320606879,9.779999732971191,Low-Vol,Low-Vol,Low-Vol,1.2883075877239265,1.3753827053829966,1.6955590046200366,1.3707214079584342
2017-11-09,-0.003768981339369759,10.5,Low-Vol,Low-Vol,Low-Vol,1.2834519804664266,1.367607017756376,1.6859732092477167,1.363830041048036
2017-11-10,-0.000898046976053557,11.289999961853027,Low-Vol,Low-Vol,Low-Vol,1.2822993802964588,1.3657647547362874,1.6837020845343083,1.362196268864147
2017-11-13,0.0009831509112929737,11.5,Low-Vol,Low-Vol,Low-Vol,1.2835600741007478,1.3677788840311336,1.686185084392442,1.3639827237896416
2017-11-14,-0.0023122805602824315,11.59000015258789,Low-Vol,Low-Vol,Low-Vol,1.28059212309345,1.3630348512446686,1.6803366849049237,1.3597756358700903
2017-11-15,-0.0055409987421235485,13.130000114440918,Low-Vol,Low-Vol,Low-Vol,1.273496363750216,1.3517059896503427,1.6663705697188205,1.3497251398188113
2017-11-16,0.008162652782972124,11.760000228881836,Low-Vol,Low-Vol,Low-Vol,1.2838914723878865,1.3682562496376118,1.6867735762713878,1.3644214683075833
2017-11-17,-0.002629416978897403,11.430000305175781,Low-Vol,Low-Vol,Low-Vol,1.2805155863513282,1.3628596753161923,1.6801207296498826,1.359635826414336
2017-11-20,0.001274869888790775,10.649999618530273,Low-Vol,Low-Vol,Low-Vol,1.2821480771144949,1.365465878460254,1.6833336326415282,1.36194800116194
2017-11-21,0.006519838879752271,9.729999542236328,Low-Vol,Low-Vol,Low-Vol,1.2905074759972655,1.3788198047452944,1.6997962287400645,1.3737928515755604
2017-11-22,-0.0007505427033294154,9.880000114440918,Low-Vol,Low-Vol,Low-Vol,1.2895388950275637,1.377267510029808,1.697882574255123,1.37241745211467
2017-11-24,0.0020539842782323348,9.670000076293945,Low-Vol,Low-Vol,Low-Vol,1.2921875876441193,1.3815108387485902,1.7031137104258298,1.376177691876859
2017-11-27,-0.00038433158680373225,9.869999885559082,Low-Vol,Low-Vol,Low-Vol,1.291690959138112,1.380714401369326,1.702131869833577,1.3754721662667881
2017-11-28,0.009800332196793882,10.029999732971191,Low-Vol,Low-Vol,Low-Vol,1.3043499596332608,1.4010115910728012,1.7271540564842556,1.3934536197522966
2017-11-29,-0.00036929388279105524,10.699999809265137,Low-Vol,Low-Vol,Low-Vol,1.3038682711721494,1.4002355135573474,1.7261973153427095,1.392767188857041
2017-11-30,0.008157586662811411,11.279999732971191,Low-Vol,Low-Vol,Low-Vol,1.3145046895911263,1.4173693273826329,1.7473197216382403,1.407922763702603
2017-12-01,-0.0020265829358052656,11.430000305175781,Low-Vol,Low-Vol,Low-Vol,1.311840736818165,1.4130607026437216,1.7420080891413383,1.404116705698126
2017-12-04,-0.001052710549286573,11.680000305175781,Low-Vol,Low-Vol,Low-Vol,1.3104597482355327,1.4108293867810386,1.7392573437027659,1.4021449896470257
2017-12-05,-0.0037463905259551566,11.329999923706055,Low-Vol,Low-Vol,Low-Vol,1.3055502542500974,1.4029011100084752,1.7294834378507968,1.3951378921337507
2017-12-06,-0.0001141121705305892,11.020000457763672,Low-Vol,Low-Vol,Low-Vol,1.3054012750768482,1.4026609778724208,1.729187405187312,1.394925527941092
2017-12-07,0.002928067010109281,10.15999984741211,Low-Vol,Low-Vol,Low-Vol,1.3092235774853553,1.4088216058759346,1.7367821700804502,1.4003738682231928
2017-12-08,0.005491202035518228,9.579999923706055,Low-Vol,Low-Vol,Low-Vol,1.3164127886589914,1.4204257919807366,1.7510877027618466,1.4106314174814938
2017-12-11,0.0031968421216959086,9.34000015258789,Low-Vol,Low-Vol,Low-Vol,1.3206211525113156,1.4272371074845576,1.7594846291523059,1.4166468510003916
2017-12-12,0.0015477237220897777,9.920000076293945,Low-Vol,Low-Vol,Low-Vol,1.322665109196951,1.4305505605770086,1.7635694233010928,1.4195715907669133
2017-12-13,-0.00047306897015086946,10.180000305175781,Low-Vol,Low-Vol,Low-Vol,1.3220393973758888,1.429535436956347,1.7623179883447868,1.4186757847972382
2017-12-14,-0.004079167730762556,10.489999771118164,Low-Vol,Low-Vol,Low-Vol,1.3166465769273163,1.4207884647197262,1.7515348023406891,1.4109563250019013
2017-12-15,0.008934313410143169,9.420000076293945,Low-Vol,Low-Vol,Low-Vol,1.3284099100959772,1.4398291188697094,1.7750079436500166,1.4277717149989873
2017-12-18,0.005348478579596971,9.529999732971191,Low-Vol,Low-Vol,Low-Vol,1.33551488204505,1.4513804616705415,1.7892483315978565,1.4379581267079693
2017-12-19,-0.003235498043117957,10.029999732971191,Low-Vol,Low-Vol,Low-Vol,1.3311938262576384,1.4443365537052095,1.780564667384551,1.431752015243071
2017-12-20,-0.0008282360735725192,9.720000267028809,Low-Vol,Low-Vol,Low-Vol,1.3300912835098149,1.4425421762509725,1.7783525755512661,1.4301702059029262
2017-12-21,0.001983687012658386,9.619999885559082,Low-Vol,Low-Vol,Low-Vol,1.3327297683145634,1.446834504521334,1.783644117913339,1.433954571334052
2017-12-22,-0.00045827163811384963,9.899999618530273,Low-Vol,Low-Vol,Low-Vol,1.3321190160604748,1.4458399396936341,1.7824180276457466,1.4330779933409368
2017-12-26,-0.0010589757000589728,10.25,Low-Vol,Low-Vol,Low-Vol,1.3307083343928803,1.4435432756501687,1.7795867215778107,1.4310536321076301
2017-12-27,0.0007906283102423473,10.470000267028809,Low-Vol,Low-Vol,Low-Vol,1.3317604300747268,1.445255234921352,1.781697209041727,1.4325628795961936
2017-12-28,0.0018323190029194691,10.180000305175781,Low-Vol,Low-Vol,Low-Vol,1.3342006400180888,1.449227487867875,1.7865941655220905,1.4360643218607785
2017-12-29,-0.005196632292747694,11.039999961853027,Low-Vol,Low-Vol,Low-Vol,1.3272672898871662,1.4379308343233872,1.7726677561202104,1.4261096242841411
2018-01-02,0.008269078218397397,9.770000457763672,Low-Vol,Low-Vol,Low-Vol,1.3382425669239635,1.4557663781358854,1.794655248616094,1.4418401124802447
2018-01-03,0.006378433243936499,9.149999618530273,Low-Vol,Low-Vol,Low-Vol,1.3467784578012822,1.4696946411284457,1.8118258816648611,1.4541078170439514
2018-01-04,0.004020542855326603,9.220000267028809,Low-Vol,Low-Vol,Low-Vol,1.352193238307503,1.4785580965617968,1.8227526670702963,1.4619063604759999
2018-01-05,0.007009145888585699,9.220000267028809,Low-Vol,Low-Vol,Low-Vol,1.3616709579843596,1.4941032406671237,1.8419165761137528,1.4755747342203387
2018-01-08,0.0016609637672972966,9.520000457763672,Low-Vol,Low-Vol,Low-Vol,1.3639326441085526,1.497825717688148,1.8465056111567166,1.4788440250739727
2018-01-09,0.0013020835172978806,10.079999923706055,Low-Vol,Low-Vol,Low-Vol,1.365708598323151,1.5007511589563278,1.8501120679380445,1.481412606884257
2018-01-10,-0.0011128458115203799,9.819999694824219,Low-Vol,Low-Vol,Low-Vol,1.3641887752297497,1.4982460019942594,1.8470237337395723,1.4792135157779904
2018-01-11,0.007009025768881294,9.880000114440918,Low-Vol,Low-Vol,Low-Vol,1.3737504095089537,1.513997869248411,1.8664424891578464,1.4930434690725582
2018-01-12,0.006726926399094779,10.15999984741211,Low-Vol,Low-Vol,Low-Vol,1.3829915274044466,1.5292746976006417,1.8852756210369086,1.5064408935792166
2018-01-16,-0.0035307132616031467,11.65999984741211,Low-Vol,Low-Vol,Low-Vol,1.378108580877955,1.5211755519174626,1.8752910695814504,1.4993459861128509
2018-01-17,0.009371006206502663,11.90999984741211,Low-Vol,Low-Vol,Low-Vol,1.3910228449425968,1.5425579702247605,1.9016511159595206,1.518088173566717
2018-01-18,-0.0016176974974735359,12.220000267028809,Low-Vol,Low-Vol,Low-Vol,1.3887725907674047,1.5388148819725498,1.8970366715824873,1.5148123047571675
2018-01-19,0.004375647986989861,11.270000457763672,Low-Vol,Low-Vol,Low-Vol,1.3948493707585827,1.5489148503335297,1.9094878186223712,1.523653956221452
2018-01-22,0.00803436438221361,11.029999732971191,Low-Vol,Low-Vol,Low-Vol,1.4060560988615585,1.567581669790432,1.9325000999996866,1.539983349864149
2018-01-23,0.0021720049682221187,11.100000381469727,Low-Vol,Low-Vol,Low-Vol,1.4091100596938848,1.57268886255275,1.9387961997271201,1.5444451388802616
2018-01-24,-0.0005601325472319729,11.470000267028809,Low-Vol,Low-Vol,Low-Vol,1.4083207712868182,1.5713674912248725,1.9371672254462449,1.5432911663118865
2018-01-25,0.0006024393988326437,11.579999923706055,Low-Vol,Low-Vol,Low-Vol,1.4091691992056357,1.5727874717550105,1.9389177642343491,1.5445313711670179
2018-01-26,0.011771638106083948,11.079999923706055,Low-Vol,Low-Vol,Low-Vol,1.4257574290489246,1.6005588991579347,1.9731541215913855,1.5687843912447978
2018-01-29,-0.006754736284862339,13.84000015258789,Low-Vol,Low-Vol,Low-Vol,1.4161268136095158,1.5843418692496325,1.953161917980277,1.5546491297149905
2018-01-30,-0.010958642805337426,14.789999961853027,Low-Vol,Low-Vol,Low-Vol,1.4006079856921083,1.5582985143096615,1.9210559122800765,1.5319232161854457
2018-01-31,0.0004888658586947869,13.539999961853027,Low-Vol,Low-Vol,Low-Vol,1.4012926951177285,1.5594412127216126,1.9224646202523128,1.5329222010226518
2018-02-01,-0.000648298352023069,13.470000267028809,Low-Vol,Low-Vol,Low-Vol,1.4003842393727817,1.5579247379691863,1.9205951242846144,1.5315965560715745
2018-02-02,-0.021436680516699447,17.309999465942383,Low-Vol,Moderate-Vol,High-Vol,1.3703646498327262,1.507829635653824,1.8809962578722599,1.4878005903712055
2018-02-05,-0.041842540938381134,37.31999969482422,Low-Vol,High-Vol,High-Vol,1.31302511087159,1.4166070924196101,1.84800000941002,1.4047591321593675
2018-02-06,0.017290573348937244,29.979999542236328,Low-Vol,High-Vol,High-Vol,1.3357280678601118,1.43931115509384,1.8613958492833986,1.4371590156884704
2018-02-07,-0.005014138223752518,27.729999542236328,High-Vol,High-Vol,High-Vol,1.3290305426985154,1.432930496694623,1.857482995431497,1.4344593887223205
2018-02-08,-0.038259052245801506,33.459999084472656,High-Vol,High-Vol,High-Vol,1.278183093729147,1.3846454185201642,1.8276897620891452,1.4138992946780347
2018-02-09,0.014825645199524118,29.059999465942383,High-Vol,High-Vol,High-Vol,1.2971329827768054,1.3997972526817637,1.839049666203073,1.4217522786747898
2018-02-12,0.013818665678186015,25.610000610351562,High-Vol,High-Vol,High-Vol,1.3150576298059464,1.4137159742158232,1.8497038001345396,1.4291125305206056
2018-02-13,0.0026095219802773073,24.969999313354492,High-Vol,Moderate-Vol,Low-Vol,1.3184893015962564,1.4163185295724292,1.854346306889323,1.4305096386460838
2018-02-14,0.013313439808896987,19.260000228881836,High-Vol,Moderate-Vol,Low-Vol,1.3360429295517329,1.4296414789660936,1.8780912164079868,1.4376444697929738
2018-02-15,0.011996861776776058,19.1299991607666,High-Vol,Moderate-Vol,Low-Vol,1.352071251905404,1.441634061158118,1.8997619559707624,1.4441057977523644
2018-02-16,0.00037339964992089136,19.459999084472656,Moderate-Vol,Moderate-Vol,Low-Vol,1.3525761148375335,1.4420068926162157,1.9004442357323306,1.4445568485955076
2018-02-20,-0.005858517106837269,20.600000381469727,Moderate-Vol,Moderate-Vol,Low-Vol,1.3446520245304583,1.4361477130042453,1.889735647254333,1.4374777995549353
2018-02-21,-0.005511664483310419,20.020000457763672,Moderate-Vol,Moderate-Vol,Low-Vol,1.3372407537244424,1.4306487555314316,1.87971782725051,1.4308505015505453
2018-02-22,0.0009730774855780666,18.719999313354492,Moderate-Vol,Moderate-Vol,Low-Vol,1.338541992594689,1.4316139677364332,1.8814770850323141,1.4320151484243782
2018-02-23,0.015901278245120665,16.489999771118164,Moderate-Vol,Moderate-Vol,Low-Vol,1.3598265212617155,1.4473990083392962,1.91025241858823,1.451062396147551
2018-02-26,0.011688438620627295,15.800000190734863,Moderate-Vol,Moderate-Vol,Low-Vol,1.3757207700901843,1.4588549433212816,1.9317275907908418,1.4652495464297275
2018-02-27,-0.01278831144146686,18.59000015258789,Moderate-Vol,Moderate-Vol,Low-Vol,1.3581276244257765,1.446317873905146,1.907967478794231,1.4495756352667275
2018-02-28,-0.011157806083656574,19.850000381469727,Moderate-Vol,Moderate-Vol,Low-Vol,1.3429738997555765,1.435576973671331,1.8874917592004055,1.4360464304674414
2018-03-01,-0.013413965854875975,22.469999313354492,Moderate-Vol,Moderate-Vol,Low-Vol,1.3249592937202654,1.4228709003746631,1.8631399261958654,1.4199333617486225
2018-03-02,0.005058785485198669,19.59000015258789,Moderate-Vol,Moderate-Vol,Low-Vol,1.3316619785638166,1.4276043460643677,1.8722052043156296,1.4259418720201515
2018-03-05,0.010971617610525897,18.729999542236328,Moderate-Vol,Moderate-Vol,Low-Vol,1.346272464579095,1.4378687621223958,1.891961863463625,1.4390284189181668
2018-03-06,0.0026353829319969435,18.360000610351562,Moderate-Vol,Moderate-Vol,Low-Vol,1.3498204080540643,1.440328275455715,1.8967574916391439,1.4422006563150351
2018-03-07,-0.00048399182571667865,17.760000228881836,Moderate-Vol,Moderate-Vol,Low-Vol,1.3491671060103807,1.4398732030871788,1.8958745352956496,1.4416167861330254
2018-03-08,0.004453148208884983,16.540000915527344,Moderate-Vol,Moderate-Vol,Low-Vol,1.3551751470919973,1.4440628750138371,1.903994724319852,1.4469867277131008
2018-03-09,0.017229546741207358,14.640000343322754,Moderate-Vol,Low-Vol,Low-Vol,1.3785242006313414,1.4602772313483363,1.9532021734663738,1.4678408051166882
2018-03-12,-0.0012747973379978461,15.779999732971191,Moderate-Vol,Moderate-Vol,Low-Vol,1.376766861650011,1.459095308641014,1.9508073266306967,1.4662755948585473
2018-03-13,-0.006383910414315075,16.350000381469727,Moderate-Vol,Moderate-Vol,Low-Vol,1.3679777053438396,1.453106743345021,1.9388291542700145,1.4584457172958218
2018-03-14,-0.005740969825188458,17.229999542236328,Moderate-Vol,Moderate-Vol,Low-Vol,1.36012418661593,1.4477416536066252,1.9281234756476826,1.4514420079481636
2018-03-15,-0.0007822363990968029,16.59000015258789,Moderate-Vol,Moderate-Vol,Low-Vol,1.359060247969867,1.4470088040351325,1.9266728269272375,1.4504922995246243
2018-03-16,0.0017019979472321367,15.800000190734863,Moderate-Vol,Moderate-Vol,Low-Vol,1.3613733657220766,1.448602783381295,1.9298267885201104,1.4525573327347774
2018-03-19,-0.014306040541374188,19.020000457763672,Moderate-Vol,Moderate-Vol,Low-Vol,1.3418975031601095,1.4351970769115658,1.9032729580444694,1.435175109806304
2018-03-20,0.0014807086617194543,18.200000762939453,Moderate-Vol,Moderate-Vol,Low-Vol,1.3438844624161783,1.4365997647878463,1.9059835246920849,1.4369526813598925
2018-03-21,-0.001845692125629128,17.860000610351562,Moderate-Vol,Moderate-Vol,Low-Vol,1.3414040654461414,1.4345138726715412,1.9026000120941762,1.4347342075428327
2018-03-22,-0.02548488697285478,23.34000015258789,Moderate-Vol,Moderate-Vol,High-Vol,1.3072185344533187,1.4047581012682588,1.855964193621367,1.4041493300118562
2018-03-23,-0.021189807311750464,24.8700008392334,Moderate-Vol,Moderate-Vol,High-Vol,1.279518825593904,1.3822470525370507,1.8181385786987905,1.3792611645424149
2018-03-26,0.02679504070603489,21.030000686645508,Moderate-Vol,Moderate-Vol,High-Vol,1.3138035846098306,1.4140166813595252,1.8649951816379349,1.4101750440728356
2018-03-27,-0.017427285645321255,22.5,Moderate-Vol,Moderate-Vol,High-Vol,1.290907554258988,1.3942157204879444,1.8337346139890451,1.389618251424459
2018-03-28,-0.0029209188994627766,22.8700008392334,Moderate-Vol,Moderate-Vol,High-Vol,1.2871369179862937,1.3909877986433812,1.828582975516408,1.386223034013849
2018-03-29,0.013675777493843633,19.969999313354492,Moderate-Vol,Moderate-Vol,High-Vol,1.304739516080786,1.40607580824285,1.852635246848073,1.4020806434819646
2018-04-02,-0.022590682343496482,23.6200008392334,Moderate-Vol,Moderate-Vol,High-Vol,1.2752645601319976,1.3809134329623869,1.8123812815955993,1.375586192563741
2018-04-03,0.012535961315741417,21.100000381469727,Moderate-Vol,Moderate-Vol,High-Vol,1.2912512273251484,1.3941887824666703,1.83423355409629,1.390010601696617
2018-04-04,0.011500102346446717,20.059999465942383,Moderate-Vol,Moderate-Vol,High-Vol,1.3061007485943625,1.4062172081173046,1.8545218577101399,1.4033818637109046
2018-04-05,0.006839421401651613,18.940000534057617,Moderate-Vol,Moderate-Vol,High-Vol,1.315033722007012,1.4133260574546116,1.866721320749408,1.4114106112830918
2018-04-06,-0.02216406705706575,21.489999771118164,Moderate-Vol,Moderate-Vol,High-Vol,1.285887226410146,1.3902533299285937,1.8269272525937845,1.3852435220972483
2018-04-09,0.0033309949675937034,21.770000457763672,Moderate-Vol,Moderate-Vol,Low-Vol,1.2901705102902112,1.3935139213848724,1.8327803348437783,1.3891032144145017
2018-04-10,0.016588598996313486,20.469999313354492,Moderate-Vol,Moderate-Vol,Low-Vol,1.3115726315222846,1.4102419783916489,1.8620224997176416,1.4083783217928825
2018-04-11,-0.005540685772460918,20.239999771118164,Moderate-Vol,Moderate-Vol,Low-Vol,1.30430561970326,1.40467375222481,1.8520996173841335,1.4018509938414851
2018-04-12,0.008216898697656738,18.489999771118164,Moderate-Vol,Moderate-Vol,Low-Vol,1.3150229668511462,1.4129913876400837,1.8667369408742138,1.4114862300882753
2018-04-13,-0.0028907998267069246,17.40999984741211,Moderate-Vol,Moderate-Vol,Low-Vol,1.3112214986864572,1.4100417426538983,1.8615466638541114,1.4080731439683143
2018-04-16,0.0080763368015635,16.559999465942383,Moderate-Vol,Moderate-Vol,Low-Vol,1.3218113651313,1.4184030331963218,1.8760069785722908,1.417585590265918
2018-04-17,0.010605071613866812,15.25,Moderate-Vol,Moderate-Vol,Low-Vol,1.3358292693185405,1.4294006088884605,1.8951423744452558,1.4301608069310738
2018-04-18,0.0008310204075527849,15.600000381469727,Moderate-Vol,Moderate-Vol,Low-Vol,1.3369393707023505,1.4302697891554819,1.8966571313035345,1.4311549505793943
2018-04-19,-0.005742581795832535,15.960000038146973,Moderate-Vol,Moderate-Vol,Low-Vol,1.3292618870100235,1.42425550051182,1.8861813743381035,1.4242803664987571
2018-04-20,-0.008573177188352155,16.8799991607666,Moderate-Vol,Moderate-Vol,Low-Vol,1.3178658893229631,1.4153414545795098,1.8706283572960907,1.4140665072616254
2018-04-23,5.6230111184163434e-05,16.34000015258789,Moderate-Vol,Moderate-Vol,Low-Vol,1.3179399930684457,1.4153993331744599,1.8707295259221626,1.4141330179371991
2018-04-24,-0.013470888006475334,18.020000457763672,Moderate-Vol,Moderate-Vol,Low-Vol,1.3001861710225657,1.4010314011402705,1.8464915347734625,1.3981984948777038
2018-04-25,0.001835374232824094,17.84000015258789,Moderate-Vol,Moderate-Vol,Low-Vol,1.3025724992187349,1.4029399984795023,1.8497511125444532,1.4003450697513944
2018-04-26,0.010380144187376317,16.239999771118164,Moderate-Vol,Moderate-Vol,Low-Vol,1.3160933895751366,1.4137600224577684,1.8682185263039899,1.4125038786833968
2018-04-27,0.0011130052713639316,15.40999984741211,Moderate-Vol,Moderate-Vol,Low-Vol,1.317558208455341,1.4149149218306332,1.8702184539867366,1.413818920161431
2018-04-30,-0.00822119254892062,15.930000305175781,Moderate-Vol,Moderate-Vol,Low-Vol,1.3067263087292187,1.4063811786467595,1.8554302118086832,1.4040963476653898
2018-05-01,0.0025458021710269563,15.489999771118164,Moderate-Vol,Moderate-Vol,Low-Vol,1.3100529754029195,1.4089963028570451,1.8599733785103165,1.4070863680084669
2018-05-02,-0.007231951201402076,15.970000267028809,Moderate-Vol,Moderate-Vol,Low-Vol,1.3005787362135541,1.401424275928204,1.8470358413124188,1.3985744227188759
2018-05-03,-0.00225621758506378,15.899999618530273,Moderate-Vol,Moderate-Vol,Low-Vol,1.2976443475981492,1.3990833770857911,1.8430276753200037,1.3959349380589985
2018-05-04,0.012729810028334398,14.770000457763672,Moderate-Vol,Low-Vol,Low-Vol,1.3141631136274154,1.4122677237031784,1.8782197635956832,1.4107990744133168
2018-05-07,0.003451980554990186,14.75,Moderate-Vol,Low-Vol,Low-Vol,1.3186995791417426,1.4160652690969917,1.887945130748579,1.414872746692098
2018-05-08,-0.00026567661173348966,14.710000038146973,Moderate-Vol,Low-Vol,Low-Vol,1.318349231505662,1.4157546215382029,1.887192756450365,1.4145583171913385
2018-05-09,0.009635647934868707,13.420000076293945,Low-Vol,Low-Vol,Low-Vol,1.3310523805556553,1.428195572239796,1.9144692439299502,1.432739995540491
2018-05-10,0.009327011603848412,13.229999542236328,Low-Vol,Low-Vol,Low-Vol,1.343467121554428,1.4408505874021797,1.9412536592099685,1.4505655107888769
2018-05-11,0.0017061392709614154,12.649999618530273,Low-Vol,Low-Vol,Low-Vol,1.3457592635697575,1.4431670078147865,1.9462217328642821,1.4538668033790842
2018-05-14,0.0008830995101263284,12.930000305175781,Low-Vol,Low-Vol,Low-Vol,1.3469477029161638,1.4444008331084994,1.9487997940526167,1.4555794448438326
2018-05-15,-0.006865655043990948,14.630000114440918,Low-Vol,Low-Vol,Low-Vol,1.3377000246256454,1.4336032824316647,1.9287301133489678,1.4422488329847303
2018-05-16,0.004052339847514297,13.420000076293945,Low-Vol,Low-Vol,Low-Vol,1.3431208397394567,1.4400029071178924,1.940453918189105,1.4500449481636954
2018-05-17,-0.0008562387886099643,13.430000305175781,Low-Vol,Low-Vol,Low-Vol,1.3419708075786814,1.4386118101517233,1.9379616803207094,1.4483887642847038
2018-05-18,-0.002635665254550723,13.420000076293945,Low-Vol,Low-Vol,Low-Vol,1.3384338217485248,1.4342985970255577,1.9302999529225013,1.4432965392350174
2018-05-21,0.007359604547933607,13.079999923706055,Low-Vol,Low-Vol,Low-Vol,1.3482841653901734,1.448278399321176,1.951609319391108,1.4574656383989038
2018-05-22,-0.003140688592875307,13.220000267028809,Low-Vol,Low-Vol,Low-Vol,1.344049624691978,1.4423178013792535,1.9424152237003667,1.4513596581936161
2018-05-23,0.0032431452068992783,12.579999923706055,Low-Vol,Low-Vol,Low-Vol,1.3484085727901325,1.4489486760525623,1.9518645256341947,1.4576384145624073
2018-05-24,-0.002025262957722873,12.529999732971191,Low-Vol,Low-Vol,Low-Vol,1.3456776908557846,1.4447270058973207,1.9459349672508042,1.4537005260627116
2018-05-25,-0.002360003054185711,13.220000267028809,Low-Vol,Low-Vol,Low-Vol,1.3425018873954153,1.4397337841967173,1.939046348551866,1.4491241710992808
2018-05-29,-0.011631572511792143,17.020000457763672,Low-Vol,Moderate-Vol,Low-Vol,1.3268864793449577,1.4151721277549427,1.9173535282502558,1.4266400340775203
2018-05-30,0.012615875351923656,14.9399995803833,Low-Vol,Low-Vol,Low-Vol,1.3436263137745266,1.440441285201299,1.9536371679272202,1.4506484765634784
2018-05-31,-0.006903333243434062,15.430000305175781,Low-Vol,Moderate-Vol,Low-Vol,1.3343508135758941,1.4266109777720668,1.940665609868326,1.437290114352072
2018-06-01,0.010790799709239352,13.460000038146973,Low-Vol,Low-Vol,Low-Vol,1.348749525947052,1.4476456753577929,1.9720776107163729,1.4579786742210097
2018-06-04,0.004469594898352192,12.739999771118164,Low-Vol,Low-Vol,Low-Vol,1.35477788994738,1.456254882741898,1.9852991927583916,1.4666713108319704
2018-06-05,0.000702346269576104,12.399999618530273,Low-Vol,Low-Vol,Low-Vol,1.3557294131444886,1.4576507987724237,1.9873907439814311,1.468045404275528
2018-06-06,0.008530900637311767,11.640000343322754,Low-Vol,Low-Vol,Low-Vol,1.3672950060591051,1.4746267951366727,2.012822093428059,1.4847511767341641
2018-06-07,-0.000714443621984806,12.130000114440918,Low-Vol,Low-Vol,Low-Vol,1.3663181508626545,1.4730932248101487,2.0106650215677995,1.4833361852307503
2018-06-08,0.0031210289077518993,12.180000305175781,Low-Vol,Low-Vol,Low-Vol,1.370582469308683,1.479770363586135,2.0200780370519773,1.4895116489254574
2018-06-11,0.0010681370069400842,12.350000381469727,Low-Vol,Low-Vol,Low-Vol,1.372046439165215,1.4821407701172082,2.0233146172144005,1.491633930758171
2018-06-12,0.0017418672787039569,12.34000015258789,Low-Vol,Low-Vol,Low-Vol,1.374436361962459,1.486012466620388,2.0286011355037745,1.495099778702526
2018-06-13,-0.004034254541411819,12.9399995803833,Low-Vol,Low-Vol,Low-Vol,1.3688915358273306,1.477020037807301,2.0163252954883455,1.4870540448156737
2018-06-14,0.0024685005225038026,12.119999885559082,Low-Vol,Low-Vol,Low-Vol,1.3722706452987714,1.4824890749099149,2.0237912455565215,1.4919506170597912
2018-06-15,-0.0010176203154941277,11.979999542236328,Low-Vol,Low-Vol,Low-Vol,1.370874194811759,1.4802261584097252,2.0207020689278252,1.4899253961284271
2018-06-18,-0.0021283911808867018,12.3100004196167,Low-Vol,Low-Vol,Low-Vol,1.3679564382654166,1.4755004079578096,2.014250802233767,1.4856953201892602
2018-06-19,-0.00403151795139145,13.350000381469727,Low-Vol,Low-Vol,Low-Vol,1.362441497327828,1.4665776483848585,2.002070069832052,1.477705618880818
2018-06-20,0.001710690224112632,12.789999961853027,Low-Vol,Low-Vol,Low-Vol,1.3647722126782322,1.4703409384538495,2.0072074523767274,1.4810776493381206
2018-06-21,-0.006365728843220175,14.640000343322754,Low-Vol,Low-Vol,Low-Vol,1.356084442839561,1.4563012508719249,1.9880414448158459,1.468501196867797
2018-06-22,0.0018602032551342518,13.770000457763672,Low-Vol,Low-Vol,Low-Vol,1.3586070355343682,1.460364775362917,1.9935886865663281,1.4721451006027213
2018-06-25,-0.013819722967770787,17.329999923706055,Low-Vol,Moderate-Vol,Low-Vol,1.3398314626812189,1.4300920204218075,1.9670900033220167,1.4450068314431135
2018-06-26,0.0022021505056963875,15.920000076293945,Low-Vol,Moderate-Vol,Low-Vol,1.3427819732143103,1.4348159372207538,1.9712564000833785,1.4492515518391744
2018-06-27,-0.008641586313141048,17.90999984741211,Moderate-Vol,Moderate-Vol,Low-Vol,1.3311782068930489,1.4162173085733085,1.9548721720177997,1.4387756884316947
2018-06-28,0.006159680019031555,16.850000381469727,Moderate-Vol,Moderate-Vol,Low-Vol,1.3393778386958182,1.429302476760647,1.9664537013849952,1.4461888561159593
2018-06-29,0.0007581158875167304,16.09000015258789,Moderate-Vol,Moderate-Vol,Low-Vol,1.3403932423147213,1.430927842134196,1.9678875678906929,1.4471059487170972
2018-07-02,0.0030632608342937573,15.600000381469727,Moderate-Vol,Moderate-Vol,Low-Vol,1.344499216436456,1.4375027999574612,1.9736855070863388,1.4508139244907308
2018-07-03,-0.004959629280533839,16.139999389648438,Moderate-Vol,Moderate-Vol,Low-Vol,1.337830998754963,1.4268085784911837,1.964270588615234,1.4447950746109495
2018-07-05,0.00858385674553741,14.970000267028809,Moderate-Vol,Low-Vol,Low-Vol,1.3493147483980148,1.445179859152792,1.9895621146284526,1.4551689563920633
2018-07-06,0.00844551760058021,13.369999885559082,Moderate-Vol,Low-Vol,Low-Vol,1.3607104098543328,1.4634877970575104,2.014766437413266,1.4654489364811782
2018-07-09,0.00878429078534193,12.6899995803833,Moderate-Vol,Low-Vol,Low-Vol,1.372663285769135,1.4827620825923602,2.041313878789444,1.4762168107224898
2018-07-10,0.003467249318822141,12.640000343322754,Moderate-Vol,Low-Vol,Low-Vol,1.37742265161169,1.4902699755783668,2.051930495023046,1.480498230383611
2018-07-11,-0.007119486371916395,13.630000114440918,Moderate-Vol,Low-Vol,Low-Vol,1.3676161098151718,1.4747587426005266,2.0300174582298918,1.471681467997526
2018-07-12,0.008710991580171523,12.579999923706055,Low-Vol,Low-Vol,Low-Vol,1.3795294022326787,1.494028659084893,2.0565426557092543,1.4887821568653608
2018-07-13,0.0010786555366086858,12.180000305175781,Low-Vol,Low-Vol,Low-Vol,1.3810174392603114,1.496445972512354,2.0598701073920336,1.490924288340434
2018-07-16,-0.0010286646208985673,12.829999923706055,Low-Vol,Low-Vol,Low-Vol,1.3795968354797004,1.4941369609688395,2.0566917341373525,1.4888784958340031
2018-07-17,0.0039658243434432805,12.0600004196167,Low-Vol,Low-Vol,Low-Vol,1.3850680741939831,1.5030251880672123,2.068926451356653,1.4967548443007923
2018-07-18,0.002158182076737347,12.100000381469727,Low-Vol,Low-Vol,Low-Vol,1.3880573032867698,1.5078908910998694,2.0756241313347616,1.501063789237095
2018-07-19,-0.003960826849048971,12.869999885559082,Low-Vol,Low-Vol,Low-Vol,1.382559448651893,1.4989321490095122,2.063292349652875,1.493132985618548
2018-07-20,-0.0009488977712743818,12.859999656677246,Low-Vol,Low-Vol,Low-Vol,1.381247541072413,1.4967986489462823,2.060355569384765,1.4912430365235834
2018-07-23,0.001836362343230924,12.619999885559082,Low-Vol,Low-Vol,Low-Vol,1.3837840120435188,1.5009216459577681,2.0660309084566917,1.4948959467365541
2018-07-24,0.004769518886053703,12.40999984741211,Low-Vol,Low-Vol,Low-Vol,1.3903839960231794,1.5116596571630916,2.080811868612274,1.5044067615940249
2018-07-25,0.009060435070372463,12.289999961853027,Low-Vol,Low-Vol,Low-Vol,1.4029814799420324,1.5322040984214331,2.109091459856107,1.5225889653172242
2018-07-26,-0.003036902748867476,12.140000343322754,Low-Vol,Low-Vol,Low-Vol,1.3987207616289863,1.52522436616395,2.0994838013780317,1.5164209456041242
2018-07-27,-0.006583834644844799,13.029999732971191,Low-Vol,Low-Vol,Low-Vol,1.3895118154201096,1.5101616286292825,2.078749820096327,1.503103194938798
2018-07-30,-0.005770789315587166,14.260000228881836,Low-Vol,Low-Vol,Low-Vol,1.381493235481801,1.4970893917423271,2.0607557792189413,1.4915325862206983
2018-07-31,0.004872837219302539,12.829999923706055,Low-Vol,Low-Vol,Low-Vol,1.3882250271378715,1.5080320011053847,2.0758183704102477,1.5012275644934077
2018-08-01,-0.001040893067570714,13.149999618530273,Low-Vol,Low-Vol,Low-Vol,1.3867800333308955,1.5056774510219466,2.0725773129833036,1.4991431463894453
2018-08-02,0.004914349582208821,12.1899995803833,Low-Vol,Low-Vol,Low-Vol,1.3935951552083108,1.516776589050503,2.087855367161536,1.508970607656328
2018-08-03,0.004633432065348053,11.640000343322754,Low-Vol,Low-Vol,Low-Vol,1.4000522836865668,1.5273184109760167,2.102366271170559,1.5182970448669277
2018-08-06,0.0035319826508013463,11.270000457763672,Low-Vol,Low-Vol,Low-Vol,1.4049972440627625,1.535410104170742,2.1135045529636654,1.5254503623198004
2018-08-07,0.0028202017464860063,10.930000305175781,Low-Vol,Low-Vol,Low-Vol,1.4089596197442764,1.541905353556774,2.1224453168108766,1.5311890217020332
2018-08-08,-0.0002624143932949963,10.850000381469727,Low-Vol,Low-Vol,Low-Vol,1.4085898884604842,1.541298426319966,2.1216098765107074,1.5306530416220043
2018-08-09,-0.0014427146770401578,11.270000457763672,Low-Vol,Low-Vol,Low-Vol,1.4065576951544718,1.53796294552794,2.1170185599490146,1.5277073356229682
2018-08-10,-0.007139312263245046,13.15999984741211,Low-Vol,Low-Vol,Low-Vol,1.3965158405524938,1.5214929489518039,2.0943474750991724,1.5131584834158631
2018-08-13,-0.004014037665980297,14.779999732971191,Low-Vol,Low-Vol,Low-Vol,1.3909101733673779,1.51233195394338,2.081737290623124,1.505056374989669
2018-08-14,0.006368930016417806,13.3100004196167,Low-Vol,Low-Vol,Low-Vol,1.3997687829206782,1.5267798585077665,2.101624949297943,1.5178428676824458
2018-08-15,-0.007631208581378779,14.640000343322754,Low-Vol,Low-Vol,Low-Vol,1.3890868553725078,1.5093030951705855,2.07756804177606,1.502392019374683
2018-08-16,0.007888214552638217,13.449999809265137,Low-Vol,Low-Vol,Low-Vol,1.4000442705199356,1.5271616551300853,2.1021504954679107,1.5182006471161889
2018-08-17,0.003317606375262905,12.640000343322754,Low-Vol,Low-Vol,Low-Vol,1.404689066317463,1.5347614369947602,2.1126116572962004,1.524919362120636
2018-08-20,0.002425074902128621,12.489999771118164,Low-Vol,Low-Vol,Low-Vol,1.408095542517484,1.5403443041571765,2.1202965195582806,1.529852283867781
2018-08-21,0.002066399954626874,12.859999656677246,Low-Vol,Low-Vol,Low-Vol,1.4110052310826524,1.5451187552575067,2.1268685905059965,1.5340692107733254
2018-08-22,-0.0003982310542438583,12.25,Low-Vol,Low-Vol,Low-Vol,1.4104433249819348,1.5441957838512494,2.1255981128244437,1.53325429585659
2018-08-23,-0.0016926939235348826,12.40999984741211,Low-Vol,Low-Vol,Low-Vol,1.4080558761362476,1.5402750076211396,2.1202011323102607,1.5297923137751588
2018-08-24,0.006179705928285095,11.989999771118164,Low-Vol,Low-Vol,Low-Vol,1.4167572473813634,1.5545526775148182,2.1398544615700024,1.5424028186359182
2018-08-27,0.007641141407110474,12.15999984741211,Low-Vol,Low-Vol,Low-Vol,1.427582889848153,1.5723705127653576,2.164380857367241,1.558124110753542
2018-08-28,0.000269242077598264,12.5,Low-Vol,Low-Vol,Low-Vol,1.4279672552313596,1.5730055352207744,2.1652549709653686,1.5586837100650484
2018-08-29,0.005685242468912222,12.25,Low-Vol,Low-Vol,Low-Vol,1.436085595315017,1.586419912029781,2.183719970240802,1.5705043007332382
2018-08-30,-0.004440172044458457,13.529999732971191,Low-Vol,Low-Vol,Low-Vol,1.4297091282012497,1.5758539460135308,2.1691758316936185,1.5612024124651973
2018-08-31,0.0001344684673050267,12.859999656677246,Low-Vol,Low-Vol,Low-Vol,1.429901378996411,1.5761718000107563,2.169613360317723,1.561482447171215
2018-09-04,-0.0016556920488790539,13.15999984741211,Low-Vol,Low-Vol,Low-Vol,1.4275339026525256,1.5722573173353385,2.1642250429329932,1.5580337992381876
2018-09-05,-0.0028070628012661913,13.90999984741211,Low-Vol,Low-Vol,Low-Vol,1.4235267253368433,1.5656371797910726,2.1551123695156145,1.5521998695011978
2018-09-06,-0.0036589910366187084,14.649999618530273,Low-Vol,Low-Vol,Low-Vol,1.4183180538084486,1.557044201179894,2.143284064251169,1.5446238483484358
2018-09-07,-0.0022157978950136936,14.880000114440918,Low-Vol,Low-Vol,Low-Vol,1.41517534765036,1.5518690582847674,2.1361604377741927,1.5400583827806995
2018-09-10,0.0018960282146931462,14.15999984741211,Low-Vol,Low-Vol,Low-Vol,1.4178585600382432,1.5562826395647933,2.1422357684658895,1.5439534429527109
2018-09-11,0.0037328656897148704,13.220000267028809,Low-Vol,Low-Vol,Low-Vol,1.4231512356098786,1.5649967306678887,2.1542307860649688,1.5516413611704518
2018-09-12,0.00035660834989403867,13.140000343322754,Low-Vol,Low-Vol,Low-Vol,1.4236587432236592,1.5658338670204583,2.1553831110938333,1.5523794608997523
2018-09-13,0.005268352159391476,12.369999885559082,Low-Vol,Low-Vol,Low-Vol,1.4311590788377582,1.5782079133723066,2.172416086995304,1.5632889616335859
2018-09-14,0.0002754439007661702,12.069999694824219,Low-Vol,Low-Vol,Low-Vol,1.43155328287705,1.5788599749881256,2.173313655136938,1.5638633486465576
2018-09-17,-0.00558529099154903,13.680000305175781,Low-Vol,Low-Vol,Low-Vol,1.4235576412222744,1.565632386395298,2.1551057713671677,1.5522119839433746
2018-09-18,0.005354652867625376,12.789999961853027,Low-Vol,Low-Vol,Low-Vol,1.4311802982280752,1.578207513316486,2.1724155363151985,1.5632989966191362
2018-09-19,0.0012524880331721278,11.75,Low-Vol,Low-Vol,Low-Vol,1.4329728344249175,1.5811725423529228,2.1764969230086666,1.565910844172028
2018-09-20,0.007810014185328562,11.800000190734863,Low-Vol,Low-Vol,Low-Vol,1.4441643725889666,1.5996960123307653,2.201994630773199,1.5822244905741218
2018-09-21,-0.0003686009370067467,11.680000305175781,Low-Vol,Low-Vol,Low-Vol,1.4436320522480386,1.5988115381571586,2.200777144846919,1.5814465315412345
2018-09-24,-0.0035218823140139577,12.199999809265137,Low-Vol,Low-Vol,Low-Vol,1.4385477500552826,1.590365299037643,2.189150827691635,1.5740169980787087
2018-09-25,-0.0013059484931181586,12.420000076293945,Low-Vol,Low-Vol,Low-Vol,1.4366690807888194,1.5872498962889645,2.1848624503546867,1.5712749967742174
2018-09-26,-0.0032946996811595852,12.890000343322754,Low-Vol,Low-Vol,Low-Vol,1.4319356876264127,1.5794056286981288,2.1740647519268452,1.5643694157698946
2018-09-27,0.0027594762285110264,12.40999984741211,Low-Vol,Low-Vol,Low-Vol,1.4358870801171744,1.5859431271294824,2.183063671930124,1.5701277671744425
2018-09-28,-6.870144138027001e-06,12.119999885559082,Low-Vol,Low-Vol,Low-Vol,1.435877215365968,1.5859267836426651,2.1830411749869914,1.5701133780942427
2018-10-01,0.003634492342198037,12.0,Low-Vol,Low-Vol,Low-Vol,1.4410959001095522,1.5945728417683191,2.194942544636781,1.577725521519891
2018-10-02,-0.0003967689102788441,12.050000190734863,Low-Vol,Low-Vol,Low-Vol,1.4405241180596584,1.593623826375136,2.193636217194441,1.5768904930632954
2018-10-03,0.0007112667367188408,11.609999656677246,Low-Vol,Low-Vol,Low-Vol,1.4415487149482755,1.5953240638029509,2.195976607905069,1.5783866123588153
2018-10-04,-0.008203035421010085,14.220000267028809,Low-Vol,Low-Vol,Low-Vol,1.4297236397784432,1.575694314097903,2.168956097057537,1.5611155057126027
2018-10-05,-0.0055433145846226495,14.819999694824219,Low-Vol,Low-Vol,Low-Vol,1.4217982318740796,1.562592460189534,2.150921288108199,1.5495720257514554
2018-10-09,-0.0014189098341548245,15.949999809265137,Low-Vol,Moderate-Vol,Low-Vol,1.4197808283806896,1.5592666934767254,2.147985878490785,1.546639115614366
2018-10-10,-0.03341638904260158,22.959999084472656,Low-Vol,Moderate-Vol,High-Vol,1.3723368798642934,1.4811090998011416,2.0789491287569613,1.477697620364593
2018-10-11,-0.020787579972541437,24.979999542236328,Low-Vol,Moderate-Vol,High-Vol,1.3438093172248464,1.4401397059820724,2.0373832284529474,1.4367223623103416
2018-10-12,0.0141062354083763,21.309999465942383,Moderate-Vol,Moderate-Vol,High-Vol,1.3627654077975895,1.4643356419657911,2.0650254695212293,1.453674971865627
2018-10-15,-0.005922482291300213,21.299999237060547,Moderate-Vol,Moderate-Vol,Low-Vol,1.3546944538027117,1.454524396874738,2.053262456452577,1.4464734602591753
2018-10-16,0.021267828034901015,17.6200008392334,Moderate-Vol,Moderate-Vol,Low-Vol,1.383505862486022,1.4894328234635215,2.0952632022857083,1.4722062096642463
2018-10-17,-0.0002526942626648321,17.399999618530273,Moderate-Vol,Moderate-Vol,Low-Vol,1.3831562584922086,1.4890532035918815,2.0947539612842396,1.471895026130903
2018-10-18,-0.014496490575340637,20.059999465942383,Moderate-Vol,Moderate-Vol,Low-Vol,1.3631053468267529,1.4672817750423508,2.065547072691473,1.454046913570176
2018-10-19,-0.0003612351352799692,19.889999389648438,Moderate-Vol,Moderate-Vol,Low-Vol,1.362612945282391,1.4667645858952243,2.0648294197355583,1.4536075530953785
2018-10-22,-0.00430879709647769,19.639999389648438,Moderate-Vol,Moderate-Vol,Low-Vol,1.3567417225801353,1.4605927634976466,2.056272260393489,1.4483684638644563
2018-10-23,-0.005527076180694479,20.709999084472656,Moderate-Vol,Moderate-Vol,Low-Vol,1.3492429077219081,1.4527209717697116,2.045341120216001,1.441672284292547
2018-10-24,-0.03135077386114027,25.229999542236328,Moderate-Vol,High-Vol,High-Vol,1.3069430984381711,1.408351357125312,2.018458437953223,1.4038657040272529
2018-10-25,0.01845371797871387,24.219999313354492,Moderate-Vol,Moderate-Vol,High-Vol,1.3310610577909756,1.4305679441929953,2.0542840061144387,1.4255358593719054
2018-10-26,-0.017479138010003226,24.15999984741211,Moderate-Vol,Moderate-Vol,High-Vol,1.3077952578621064,1.4103823405785212,2.019748176538651,1.4046933148026863
2018-10-29,-0.006581208295194152,24.700000762939453,Moderate-Vol,Moderate-Vol,High-Vol,1.2991883848626486,1.40303728959614,2.0069634260285834,1.3969604621851437
2018-10-30,0.01554532297187805,23.350000381469727,Moderate-Vol,Moderate-Vol,High-Vol,1.319384687906651,1.4202934281521153,2.0369708423573334,1.415125505799891
2018-10-31,0.0107928787545708,21.229999542236328,Moderate-Vol,Moderate-Vol,Low-Vol,1.3336246468738648,1.4319660075658165,2.0581160282233375,1.4279012097054449
2018-11-01,0.010502498868529386,19.34000015258789,Moderate-Vol,Moderate-Vol,Low-Vol,1.3476310382187004,1.4432750345178509,2.0789059040066182,1.4404454217292597
2018-11-02,-0.0063367210558800124,19.510000228881836,Moderate-Vol,Moderate-Vol,Low-Vol,1.3390914762432626,1.436506279612875,2.066235547973311,1.432810334936518
2018-11-05,0.005584693697194609,19.959999084472656,Moderate-Vol,Moderate-Vol,Low-Vol,1.3465698919706055,1.442496657712475,2.077334157790064,1.439503640390653
2018-11-06,0.006239787744408254,19.90999984741211,Moderate-Vol,Moderate-Vol,Low-Vol,1.3549722022795128,1.4491754169117963,2.0898012615864667,1.4470170171168752
2018-11-07,0.020987078560773753,16.360000610351562,Moderate-Vol,Moderate-Vol,Low-Vol,1.3834091103364174,1.4715837566794112,2.131985126874021,1.4724196193390673
2018-11-08,-0.0025120689884907677,16.719999313354492,Moderate-Vol,Moderate-Vol,Low-Vol,1.3799338912119457,1.4689943603940399,2.126833965814609,1.4693256519010252
2018-11-09,-0.009241585915372497,17.360000610351562,Moderate-Vol,Moderate-Vol,Low-Vol,1.3671811135987761,1.459482595251009,2.107929278914636,1.4579672522108857
2018-11-13,-0.0014830188221734986,20.020000457763672,Moderate-Vol,Moderate-Vol,Low-Vol,1.365153558273989,1.4579726073190722,2.104922565083237,1.4561586335258123
2018-11-14,-0.007596188818451033,21.25,Moderate-Vol,Moderate-Vol,Low-Vol,1.3547835940791595,1.4502445155164125,2.0895438067803567,1.4469061776664587
2018-11-15,0.010538032742642756,19.979999542236328,Moderate-Vol,Moderate-Vol,Low-Vol,1.369060347952761,1.4609041929117133,2.110722561482717,1.4596603563031811
2018-11-16,0.0022208375374832556,18.139999389648438,Moderate-Vol,Moderate-Vol,Low-Vol,1.3721008085645743,1.4631359608783743,2.115231116129386,1.462371928569583
2018-11-19,-0.01678316123572099,20.100000381469727,Moderate-Vol,Moderate-Vol,Low-Vol,1.3490726194627718,1.4462585976334055,2.0810865978777726,1.4418421535706702
2018-11-20,-0.018317995556586197,22.479999542236328,Moderate-Vol,Moderate-Vol,Low-Vol,1.3243603132139405,1.4283504307531363,2.044421107489196,1.4197494813760165
2018-11-21,0.003038669310766906,20.799999237060547,Moderate-Vol,Moderate-Vol,Low-Vol,1.3283846062541014,1.4312210953797784,2.0503961801647668,1.4233581561136297
2018-11-23,-0.006576419711855408,21.520000457763672,Moderate-Vol,Moderate-Vol,Low-Vol,1.3196485915446066,1.4250098098303423,2.037426875195037,1.4155282546322385
2018-11-26,0.015412975845366716,18.899999618530273,Moderate-Vol,Moderate-Vol,Low-Vol,1.3399883034104558,1.4408758324718969,2.067630420562731,1.433778034121204
2018-11-27,0.003256384364612508,19.020000457763672,Moderate-Vol,Moderate-Vol,Low-Vol,1.3443518203704452,1.4443176178896022,2.0741062883010137,1.437683475868686
2018-11-28,0.022714051303114324,18.489999771118164,Moderate-Vol,Moderate-Vol,Low-Vol,1.3748874965877746,1.4688788238409332,2.119418473504017,1.4649990582609353
2018-11-29,-0.0021854945453938512,18.790000915527344,Moderate-Vol,Moderate-Vol,Low-Vol,1.3718826874634518,1.466590212452016,2.1149633901036857,1.4623208789339712
2018-11-30,0.008137547716617455,18.06999969482422,Moderate-Vol,Moderate-Vol,Low-Vol,1.383046448294287,1.4754903034006297,2.1315167363214385,1.4722746766354609
2018-12-03,0.010882001794362495,16.440000534057617,Moderate-Vol,Moderate-Vol,Low-Vol,1.398096762226312,1.4873787305675144,2.1538260873186283,1.485676078064309
2018-12-04,-0.03290022883855581,20.739999771118164,Moderate-Vol,Moderate-Vol,High-Vol,1.3520990588106225,1.45068854261252,2.0856708949763716,1.4447899833665974
2018-12-06,-0.001523387914144081,21.190000534057617,Moderate-Vol,Moderate-Vol,High-Vol,1.3500392874457048,1.4492007475358177,2.0826149489278523,1.4429489239328743
2018-12-07,-0.02359633545632267,23.229999542236328,Moderate-Vol,Moderate-Vol,High-Vol,1.3181833075399212,1.4261478643819843,2.0353495922800833,1.4144683916802137
2018-12-10,0.0017606032229169344,22.639999389648438,Moderate-Vol,Moderate-Vol,High-Vol,1.3205041053195712,1.4277691603734155,2.0387961844992857,1.4165514782573703
2018-12-11,-0.0003564096753061463,21.760000228881836,Moderate-Vol,Moderate-Vol,High-Vol,1.3200334648801537,1.4274113953254246,2.0380972882762287,1.4161291652794656
2018-12-12,0.005404871010351364,21.459999084472656,Moderate-Vol,Moderate-Vol,High-Vol,1.3271680754871782,1.4330182355998384,2.0486922560755203,1.4225315354718182
2018-12-13,-0.00019995031241482053,20.649999618530273,Moderate-Vol,Moderate-Vol,High-Vol,1.3269027078158575,1.4328036725233497,2.048298263344778,1.422293612393169
2018-12-14,-0.01927121226870021,21.6299991607666,Moderate-Vol,Moderate-Vol,High-Vol,1.301331684073625,1.4120100519803316,2.0103325444272144,1.3993664199846787
2018-12-17,-0.020992284828576402,24.520000457763672,Moderate-Vol,Moderate-Vol,High-Vol,1.2740137587051006,1.3900311960110936,1.96974273522483,1.3747942370765376
2018-12-18,8.639685378852846e-05,25.579999923706055,Moderate-Vol,High-Vol,High-Vol,1.274123829485536,1.3901178291280198,1.9698140806316837,1.3748935917296763
2018-12-19,-0.015515459175936108,25.579999923706055,Moderate-Vol,High-Vol,High-Vol,1.2543552132240656,1.374328979202568,1.957001150604658,1.3570498346740714
2018-12-20,-0.015897809484104464,28.3799991607666,Moderate-Vol,High-Vol,High-Vol,1.2344137130188362,1.3586010199976708,1.943957866528009,1.339003638854092
2018-12-21,-0.020803120498540828,30.110000610351562,Moderate-Vol,High-Vol,High-Vol,1.2087340558018542,1.3384882952864945,1.9270037986982071,1.3157032685664352
2018-12-24,-0.02748657287831424,36.06999969482422,Moderate-Vol,High-Vol,High-Vol,1.1755100990865561,1.312847092808538,1.9047982377525143,1.2854528680975175
2018-12-26,0.0484031776708056,30.40999984741211,Moderate-Vol,High-Vol,High-Vol,1.232408523266469,1.3576555360820348,1.9434510803821412,1.3374982994821094
2018-12-27,0.008526228968816163,29.959999084472656,Moderate-Vol,High-Vol,High-Vol,1.2429163205189595,1.3642410377802983,1.9503979506488434,1.3470372986470036
2018-12-28,-0.0012423539102313086,28.34000015258789,Moderate-Vol,High-Vol,High-Vol,1.2413721785680725,1.3632831210148806,1.9493821063510892,1.3456374614375433
2018-12-31,0.00845662586220719,25.420000076293945,Moderate-Vol,High-Vol,High-Vol,1.2518699986379758,1.3697986994136913,1.956293293862095,1.3551561642327195
2019-01-02,0.0012676930626263072,23.219999313354492,Moderate-Vol,Moderate-Vol,High-Vol,1.253456985550559,1.3707739433505617,1.9586785634778787,1.3565931618219935
2019-01-03,-0.025068331818915546,25.450000762939453,Moderate-Vol,High-Vol,High-Vol,1.22203490991604,1.3512858903327893,1.9380937380229786,1.328146740430551
2019-01-04,0.033759399060347306,21.3799991607666,Moderate-Vol,Moderate-Vol,High-Vol,1.263290074105571,1.376469515372913,2.0010239046726115,1.3656521013415828
2019-01-07,0.006985975995229765,21.399999618530273,Moderate-Vol,Moderate-Vol,High-Vol,1.2721153882382845,1.3814520057540438,2.0144691509628,1.373632411068734
2019-01-08,0.009648587336497094,20.469999313354492,Moderate-Vol,Moderate-Vol,Low-Vol,1.2843895046638034,1.3884331839558992,2.033163646466259,1.3847187165872616
2019-01-09,0.004089671332821787,19.979999542236328,Moderate-Vol,Moderate-Vol,Low-Vol,1.289642235601204,1.3913918661723006,2.0411610707901633,1.389455707489187
2019-01-10,0.004508241374462152,19.5,Moderate-Vol,Moderate-Vol,Low-Vol,1.2954562540859953,1.3946619871466106,2.0500116936162933,1.3946953836776852
2019-01-11,-0.0001463085444823875,18.190000534057617,Moderate-Vol,Moderate-Vol,Low-Vol,1.2952667177670194,1.3945542769793977,2.0497232138055934,1.3945246962104052
2019-01-14,-0.005271394587249567,19.06999969482422,Moderate-Vol,Moderate-Vol,Low-Vol,1.2884388558019377,1.3906701786380142,2.0393309504910944,1.388375698702663
2019-01-15,0.010664618879761001,18.600000381469727,Moderate-Vol,Moderate-Vol,Low-Vol,1.3021795651489407,1.3987610520959846,2.060249060681527,1.400760952887515
2019-01-16,0.00221952052908847,19.040000915527344,Moderate-Vol,Moderate-Vol,Low-Vol,1.3050697794263484,1.4004398031188992,2.0646471929622847,1.4033615661575511
2019-01-17,0.007562730706236032,18.059999465942383,Moderate-Vol,Moderate-Vol,Low-Vol,1.3149396707209968,1.4061932599948295,2.079665254604218,1.4122392729150903
2019-01-18,0.013096912839855257,17.799999237060547,Moderate-Vol,Moderate-Vol,Low-Vol,1.3321613209780976,1.4162400012283933,2.105862267236156,1.427710679621648
2019-01-22,-0.014258476827971656,20.799999237060547,Moderate-Vol,Moderate-Vol,Low-Vol,1.3131667296518112,1.40467478083096,2.076982579482049,1.4106825901564566
2019-01-23,0.0022004899194500993,19.520000457763672,Moderate-Vol,Moderate-Vol,Low-Vol,1.3160563398029672,1.4064245223841525,2.0813784170218894,1.4132791675451803
2019-01-24,0.0013747801109778024,18.889999389648438,Moderate-Vol,Moderate-Vol,Low-Vol,1.3178656278838545,1.4075570762436596,2.0841305770538003,1.414904393610024
2019-01-25,0.008452867700517785,17.420000076293945,Moderate-Vol,Moderate-Vol,Low-Vol,1.3290053716834165,1.4145267532899166,2.101074672658834,1.4249086254552255
2019-01-28,-0.007877775848708524,18.8700008392334,Moderate-Vol,Moderate-Vol,Low-Vol,1.318535765263565,1.4080281886275328,2.0851549864488024,1.4155191092513921
2019-01-29,-0.0014573079351150042,19.1299991607666,Moderate-Vol,Moderate-Vol,Low-Vol,1.3166142526301134,1.4068343872148619,2.0822323212599656,1.4137935906427292
2019-01-30,0.015429609891559615,17.65999984741211,Moderate-Vol,Moderate-Vol,Low-Vol,1.3369290969258634,1.4194618521312778,2.113133391809864,1.4320406773317802
2019-01-31,0.0085606488097687,16.56999969482422,Moderate-Vol,Moderate-Vol,Low-Vol,1.348374077408207,1.4266078051451838,2.130532339804611,1.4422951803279054
2019-02-01,0.000898206584806438,16.139999389648438,Moderate-Vol,Moderate-Vol,Low-Vol,1.3495851958833174,1.4273854603315874,2.132372915833485,1.4433788151882838
2019-02-04,0.006753381117479584,15.729999542236328,Moderate-Vol,Moderate-Vol,Low-Vol,1.3586994590616257,1.4332366681536728,2.146223682500855,1.4515325046474503
2019-02-05,0.004697370437350301,15.569999694824219,Moderate-Vol,Moderate-Vol,Low-Vol,1.3650817737338656,1.4374140509054028,2.1559202759940153,1.4572359089219158
2019-02-06,-0.0022269157175083265,15.380000114440918,Moderate-Vol,Moderate-Vol,Low-Vol,1.3620418516762536,1.4353726043287143,2.1513025743013996,1.4545214315482562
2019-02-07,-0.009401193202230651,16.3700008392334,Moderate-Vol,Moderate-Vol,Low-Vol,1.3492370330791212,1.4263549148134813,2.1318501438620028,1.4430832842884425
2019-02-08,0.0006759725660128169,15.720000267028809,Moderate-Vol,Moderate-Vol,Low-Vol,1.3501490802985312,1.4270506862971126,2.133236181871135,1.4438992521391085
2019-02-11,0.000708851803818078,15.970000267028809,Moderate-Vol,Moderate-Vol,Low-Vol,1.3511061359095242,1.4279902466173988,2.134690581604274,1.4447553924011307
2019-02-12,0.01280785290283859,15.430000305175781,Moderate-Vol,Moderate-Vol,Low-Vol,1.368410904554376,1.4450513842150778,2.1609872458433528,1.460233691555263
2019-02-13,0.003019431593711097,15.649999618530273,Moderate-Vol,Moderate-Vol,Low-Vol,1.3725427276727662,1.4490704128742218,2.167263012606989,1.4639217699205485
2019-02-14,-0.0026551633836984223,16.219999313354492,Moderate-Vol,Moderate-Vol,Low-Vol,1.368898402479688,1.4455103648132763,2.161728335800257,1.4606704350608377
2019-02-15,0.010820004664958027,14.90999984741211,Moderate-Vol,Low-Vol,Low-Vol,1.3837098895803719,1.459912306605784,2.196813201816853,1.4738904598014666
2019-02-19,0.0014976213265915916,14.880000114440918,Moderate-Vol,Low-Vol,Low-Vol,1.3857821630208231,1.4622398620879113,2.2017481932692213,1.4757368343486528
2019-02-20,0.001775533560740783,14.020000457763672,Moderate-Vol,Low-Vol,Low-Vol,1.3882426657591425,1.465792528828097,2.2076121099833963,1.4779285811630363
2019-02-21,-0.0035326693258417308,14.460000038146973,Low-Vol,Low-Vol,Low-Vol,1.3833384634769903,1.458670378399401,2.195913964606954,1.4709641022840991
2019-02-22,0.006390638694711015,13.510000228881836,Low-Vol,Low-Vol,Low-Vol,1.3921788797895684,1.4715338539632041,2.216963903735664,1.4835035534749659
2019-02-25,0.0012311044497517187,14.850000381469727,Low-Vol,Low-Vol,Low-Vol,1.3938927974033277,1.4740223972985695,2.2210578749259056,1.4859397688648506
2019-02-26,-0.000790769672840419,15.170000076293945,Low-Vol,Moderate-Vol,Low-Vol,1.3927905492519506,1.4724199070218418,2.219368604120079,1.484372356019505
2019-02-27,-0.0005441974362980773,14.699999809265137,Low-Vol,Low-Vol,Low-Vol,1.3920325962057474,1.4713198055536711,2.217556942063235,1.4832948206374086
2019-02-28,-0.00282950759895062,14.779999732971191,Low-Vol,Low-Vol,Low-Vol,1.3880938293967962,1.4654942612060615,2.2081450507352245,1.477696335427004
2019-03-01,0.006871656588713471,13.569999694824219,Low-Vol,Low-Vol,Low-Vol,1.3976323335053231,1.4798127017921368,2.230905472465304,1.4912413299629828
2019-03-04,-0.003888107395255247,14.630000114440918,Low-Vol,Low-Vol,Low-Vol,1.3921981888935733,1.4716998391185363,2.2178944723668925,1.4835070769643992
2019-03-05,-0.0011321734897071778,14.739999771118164,Low-Vol,Low-Vol,Low-Vol,1.3906219790116896,1.4693561829634578,2.2141279103800198,1.4812666293473975
2019-03-06,-0.00654547360412483,15.739999771118164,Low-Vol,Moderate-Vol,Low-Vol,1.3815196995547527,1.455148968511266,2.2001888602969437,1.4683334141125415
2019-03-07,-0.008158911138330893,16.59000015258789,Low-Vol,Moderate-Vol,Low-Vol,1.370248003090232,1.43734032182059,2.1829232648457686,1.4523529615081792
2019-03-08,-0.002133964131454391,16.049999237060547,Low-Vol,Moderate-Vol,Low-Vol,1.3673239430004405,1.4327394727834026,2.178442883493513,1.4482187615298245
2019-03-11,0.014559535563489767,14.329999923706055,Low-Vol,Low-Vol,Low-Vol,1.3872315445753665,1.464029504744211,2.2260185584463956,1.4763451442117987
2019-03-12,0.0029489657278052306,13.770000457763672,Low-Vol,Low-Vol,Low-Vol,1.3913224428568496,1.4702905721840693,2.2358652371038708,1.4821526521976516
2019-03-13,0.006925546757019063,13.40999984741211,Low-Vol,Low-Vol,Low-Vol,1.4009581114889447,1.4855644213401669,2.2590921209668053,1.4958450400202727
2019-03-14,-0.0008683993315958816,13.5,Low-Vol,Low-Vol,Low-Vol,1.399741520401334,1.4836333723362463,2.2561494298350135,1.4941122805679918
2019-03-15,0.004972519408430465,12.880000114440918,Low-Vol,Low-Vol,Low-Vol,1.4067017622783156,1.494699465944652,2.2729775500772744,1.5040226972030903
2019-03-18,0.0036990967989085632,13.100000381469727,Low-Vol,Low-Vol,Low-Vol,1.4119052882641783,1.5029930229593613,2.285589496046497,1.5114440363159283
2019-03-19,-0.00013057007992678393,13.5600004196167,Low-Vol,Low-Vol,Low-Vol,1.4117209356778406,1.5026986540806555,2.285141851641729,1.5111807865875837
2019-03-20,-0.0029486967407699183,13.90999984741211,Low-Vol,Low-Vol,Low-Vol,1.4075581987559307,1.4960521501451851,2.2750345661465294,1.505236787646312
2019-03-21,0.010794015494688836,13.630000114440918,Low-Vol,Low-Vol,Low-Vol,1.4227514037629785,1.5202747652794797,2.311869703683437,1.526909838567663
2019-03-22,-0.019156827134272802,16.479999542236328,Low-Vol,Moderate-Vol,Low-Vol,1.395496001066047,1.4765893039668954,2.2692729669070677,1.487891464843264
2019-03-25,-0.000839372833310037,16.329999923706055,Low-Vol,Moderate-Vol,Low-Vol,1.3943246596337595,1.474843876055526,2.267440943388107,1.486225528694942
2019-03-26,0.007157052947934339,14.680000305175781,Low-Vol,Low-Vol,Low-Vol,1.4043039150493688,1.4896882623867334,2.291783235720321,1.5004145074151085
2019-03-27,-0.004655143276599105,15.149999618530273,Low-Vol,Moderate-Vol,Low-Vol,1.397766679120925,1.4800644233390776,2.281522086890697,1.4910974987939833
2019-03-28,0.0035830547152615466,14.430000305175781,Low-Vol,Low-Vol,Low-Vol,1.4027749536113845,1.4877348820739307,2.293784314597808,1.4982242512199124
2019-03-29,0.006711706043324384,13.710000038146973,Low-Vol,Low-Vol,Low-Vol,1.412189966744962,1.5021606640875411,2.316877123667361,1.5116377458620753
2019-04-01,0.011502195518044545,13.399999618530273,Low-Vol,Low-Vol,Low-Vol,1.4284332518510834,1.5269132258596303,2.3568508841689213,1.5348309453684839
2019-04-02,1.745555485843653e-05,13.359999656677246,Low-Vol,Low-Vol,Low-Vol,1.4284581859460728,1.5269512023087752,2.356912594378774,1.534866683051755
2019-04-03,0.00214607242008924,13.739999771118164,Low-Vol,Low-Vol,Low-Vol,1.4315237606621822,1.5316187066583462,2.36449975205181,1.5392605532474244
2019-04-04,0.002082465242994047,13.579999923706055,Low-Vol,Low-Vol,Low-Vol,1.4345048591382814,1.536160500634629,2.371885734877884,1.5435363996085354
2019-04-05,0.00462571762309949,12.819999694824219,Low-Vol,Low-Vol,Low-Vol,1.4411404735456192,1.5463629311933575,2.3883432453435884,1.5530605925237444
2019-04-08,0.001046911750523627,13.180000305175781,Low-Vol,Low-Vol,Low-Vol,1.4426492204415293,1.5487015137982676,2.3920938222553394,1.555229448256696
2019-04-09,-0.006085976435669771,14.279999732971191,Low-Vol,Low-Vol,Low-Vol,1.4338692912809847,1.5350862151604334,2.3702564823041037,1.5426037057517092
2019-04-10,0.0034718377544997736,13.300000190734863,Low-Vol,Low-Vol,Low-Vol,1.4388474528214719,1.5426407275228695,2.3826002012187706,1.549747780374507
2019-04-11,3.812234034228368e-05,13.020000457763672,Low-Vol,Low-Vol,Low-Vol,1.438902305053769,1.5427239824224406,2.382736446662426,1.5498265888211933
2019-04-12,0.006587578389545712,12.010000228881836,Low-Vol,Low-Vol,Low-Vol,1.4483811867832088,1.557194010740751,2.4062811413484506,1.5634454594369604
2019-04-15,-0.000629567244356366,12.319999694824219,Low-Vol,Low-Vol,Low-Vol,1.447469333430668,1.5557964410271443,2.4040087676674924,1.5621324826437164
2019-04-16,0.0005092283251393326,12.180000305175781,Low-Vol,Low-Vol,Low-Vol,1.4482064258150216,1.5569361759792297,2.405845051705062,1.5631935980160834
2019-04-17,-0.0022764008207385444,12.600000381469727,Low-Vol,Low-Vol,Low-Vol,1.4449097275186975,1.5518263630560503,2.397630050229655,1.5584468771703048
2019-04-18,0.0015778468242499954,12.09000015258789,Low-Vol,Low-Vol,Low-Vol,1.447189573743591,1.5554295722435538,2.4033046896703767,1.5617269918928587
2019-04-22,0.0010115058169324342,12.420000076293945,Low-Vol,Low-Vol,Low-Vol,1.4486534144156364,1.5577895613337835,2.4069511246805706,1.5638341915718492
2019-04-23,0.00880235117499506,12.279999732971191,Low-Vol,Low-Vol,Low-Vol,1.4614049705001786,1.5783578774971858,2.438731368271302,1.5821962593309613
2019-04-24,-0.0021941686030357843,13.140000343322754,Low-Vol,Low-Vol,Low-Vol,1.4581984015975866,1.573163102548448,2.430704886572053,1.5775653898568742
2019-04-25,-0.00036904174027263537,13.25,Low-Vol,Low-Vol,Low-Vol,1.4576602655217983,1.5722922582748022,2.4293593392299084,1.5767887940349707
2019-04-26,0.0046743503233042105,12.729999542236328,Low-Vol,Low-Vol,Low-Vol,1.4644738802552077,1.5833164255134955,2.4463928541490354,1.586620456791697
2019-04-29,0.0010709485042346145,13.109999656677246,Low-Vol,Low-Vol,Low-Vol,1.4660422563667577,1.5858599010499461,2.450322795300917,1.5888870512806093
2019-04-30,0.0009509646987915232,13.119999885559082,Low-Vol,Low-Vol,Low-Vol,1.467436410799499,1.5881220462246375,2.45381805101938,1.59090258288155
2019-05-01,-0.007530445850291834,14.800000190734863,Low-Vol,Low-Vol,Low-Vol,1.4563859603692269,1.5701831456155135,2.4261005350798746,1.5749218582809987
2019-05-02,-0.002126244648682274,14.420000076293945,Low-Vol,Low-Vol,Low-Vol,1.4532893275145757,1.5651752553492895,2.4183628101600565,1.5704549767484568
2019-05-03,0.009592127478916801,12.869999885559082,Low-Vol,Low-Vol,Low-Vol,1.4672294640078447,1.5876952962135242,2.4531586767080467,1.5905492647467352
2019-05-06,-0.004481013189072236,15.4399995803833,Low-Vol,Moderate-Vol,Low-Vol,1.4606547894282302,1.5770235708696831,2.4425858464761294,1.5810420010940354
2019-05-07,-0.01664948808890543,19.31999969482422,Low-Vol,Moderate-Vol,Low-Vol,1.4363356349096423,1.5376386181310062,2.4034711362214645,1.5459283101146883
2019-05-08,-0.0016067153894203656,19.399999618530273,Low-Vol,Moderate-Vol,Low-Vol,1.4340278523406602,1.533932796684329,2.399756919331117,1.5426150121462936
2019-05-09,-0.0030259986619283197,19.100000381469727,Low-Vol,Moderate-Vol,Low-Vol,1.4296884859783094,1.526970278798947,2.392772579208994,1.5363883044988953
2019-05-10,0.003713394069919218,16.040000915527344,Low-Vol,Moderate-Vol,Low-Vol,1.434997482723973,1.5354756423662994,2.401318558947652,1.5439986473492715
2019-05-13,-0.024426469138497886,20.549999237060547,Low-Vol,Moderate-Vol,Low-Vol,1.3999455609983937,1.479216269779536,2.344902873709947,1.4936903290660766
2019-05-14,0.007983987523216385,18.059999465942383,Low-Vol,Moderate-Vol,Low-Vol,1.411122708890587,1.4950391379348598,2.362909572697208,1.5095982201603981
2019-05-15,0.005821994327722457,16.440000534057617,Low-Vol,Moderate-Vol,Low-Vol,1.4193382572974684,1.506998084168371,2.376141048164356,1.5213219376210965
2019-05-16,0.008855957116499447,15.289999961853027,Low-Vol,Moderate-Vol,Low-Vol,1.431907856037902,1.5250907549009984,2.3963804241315247,1.5392936236675343
2019-05-17,-0.0058544371740438805,15.960000038146973,Low-Vol,Moderate-Vol,Low-Vol,1.4235248414557082,1.5132959147355978,2.382886747161845,1.5272726731193498
2019-05-20,-0.00677225797540526,16.309999465942383,Low-Vol,Moderate-Vol,Low-Vol,1.4138843639949723,1.499885104941046,2.3673655115556795,1.5134757493457864
2019-05-21,0.008459949093190922,14.949999809265137,Low-Vol,Low-Vol,Low-Vol,1.4258457537380285,1.5164084310922272,2.397407199124785,1.5305552593374878
2019-05-22,-0.0028283923638996455,14.75,Low-Vol,Low-Vol,Low-Vol,1.421812902496057,1.510960261576136,2.387235986802041,1.5247806732460967
2019-05-23,-0.011985692241282209,16.920000076293945,Low-Vol,Moderate-Vol,Low-Vol,1.4047714906220552,1.4877596704851426,2.359716022201172,1.500402414006919
2019-05-24,0.0013526437720372542,15.850000381469727,Low-Vol,Moderate-Vol,Low-Vol,1.4066716460299806,1.490248091719774,2.362785981196737,1.5031096329600422
2019-05-28,-0.008410950000260264,17.5,Low-Vol,Moderate-Vol,Low-Vol,1.3948402011484387,1.474766159747463,2.3436716620550864,1.4862453492522123
2019-05-29,-0.00693591016723083,17.899999618530273,Low-Vol,Moderate-Vol,Low-Vol,1.3851657148156309,1.4621247209911612,2.328036959452491,1.472494606461464
2019-05-30,0.002096272674997124,17.299999237060547,Low-Vol,Moderate-Vol,Low-Vol,1.3880693998539417,1.465878576456549,2.3327307860365787,1.4766121071115772
2019-05-31,-0.013283205250453456,18.709999084472656,Low-Vol,Moderate-Vol,Low-Vol,1.369631389113808,1.4420901494201248,2.302927997553719,1.4504482662611757
2019-06-03,-0.0027690706543079813,18.860000610351562,Low-Vol,Moderate-Vol,Low-Vol,1.365838783026994,1.437393223989011,2.296794562188036,1.4450906886533779
2019-06-04,0.021205927081077824,16.969999313354492,Low-Vol,Moderate-Vol,Low-Vol,1.3948026606643726,1.4733484203665888,2.343640162768764,1.4859682102619851
2019-06-05,0.008128726978813283,16.09000015258789,Moderate-Vol,Moderate-Vol,Low-Vol,1.4061406306822357,1.48586001037599,2.3619634278740143,1.4960720078326082
2019-06-06,0.00611684067600482,15.930000305175781,Moderate-Vol,Moderate-Vol,Low-Vol,1.4147417688881758,1.4953811480462413,2.3758594255776955,1.5037267796066511
2019-06-07,0.010442979247259565,16.299999237060547,Moderate-Vol,Moderate-Vol,Low-Vol,1.4295158878209064,1.5115663240516128,2.3997229481647446,1.5168622590763734
2019-06-10,0.004649220074766092,15.9399995803833,Moderate-Vol,Moderate-Vol,Low-Vol,1.4361620217837605,1.5186668204820772,2.410453711215181,1.5227612649845934
2019-06-11,-0.0003499414579515303,15.989999771118164,Moderate-Vol,Moderate-Vol,Low-Vol,1.435659449152003,1.5181298356997537,2.409642407267751,1.5223155268422095
2019-06-12,-0.002039657827237029,15.90999984741211,Low-Vol,Moderate-Vol,Low-Vol,1.4327311951192934,1.514999348775761,2.4049152580635487,1.5181736785860316
2019-06-13,0.00408901050284971,15.819999694824219,Low-Vol,Moderate-Vol,Low-Vol,1.4385896480238967,1.5212634518664667,2.4143734342552268,1.526454470547784
2019-06-14,-0.0016128117861526903,15.279999732971191,Low-Vol,Moderate-Vol,Low-Vol,1.4362694736841264,1.5187692095664067,2.4106282125766323,1.5231704963661483
2019-06-17,0.0009313154323526973,15.350000381469727,Low-Vol,Moderate-Vol,Low-Vol,1.4376070936099854,1.5202075892927982,2.4127875297096253,1.5250627419866587
2019-06-18,0.009670489592970455,15.149999618530273,Low-Vol,Moderate-Vol,Low-Vol,1.4515094580475212,1.5354643124625649,2.4352292909552493,1.544735641039168
2019-06-19,0.0029807167930240297,14.329999923706055,Low-Vol,Low-Vol,Low-Vol,1.4558359966643566,1.540132385135426,2.4461173842188706,1.5508776022830844
2019-06-20,0.009427605335873501,14.75,Low-Vol,Low-Vol,Low-Vol,1.4695610438746662,1.5558330850795097,2.4807089281743226,1.5703810373104556
2019-06-21,-0.001260016279728049,15.399999618530273,Low-Vol,Moderate-Vol,Low-Vol,1.4677093730353301,1.5537466824752482,2.4777025655591607,1.5677415876159637
2019-06-24,-0.0017333884605870153,15.260000228881836,Low-Vol,Moderate-Vol,Low-Vol,1.4651652625446152,1.5508735675379546,2.4735717627109755,1.56411663302584
2019-06-25,-0.00954177564038794,16.280000686645508,Low-Vol,Moderate-Vol,Low-Vol,1.4511849843333244,1.5350808559617424,2.4508708608420955,1.5442085003963666
2019-06-26,-0.0012346956788036323,16.209999084472656,Low-Vol,Moderate-Vol,Low-Vol,1.4493932125040234,1.532767849020419,2.4479603464391064,1.5416651976667735
2019-06-27,0.003815885792590734,15.819999694824219,Low-Vol,Moderate-Vol,Low-Vol,1.454923931471495,1.5399942233101958,2.4569447477548922,1.5495124501644977
2019-06-28,0.005740941840599589,15.079999923706055,Low-Vol,Moderate-Vol,Low-Vol,1.4632765651445694,1.5509686010476684,2.470511251326419,1.5613786158407588
2019-07-01,0.007643018610953511,14.0600004196167,Low-Vol,Low-Vol,Low-Vol,1.4744604151649414,1.565863573319301,2.498834496535106,1.5772972328702217
2019-07-02,0.0029238472769890222,12.930000305175781,Low-Vol,Low-Vol,Low-Vol,1.4787715122348495,1.5716202053237998,2.5097938121926164,1.5834490074888738
2019-07-03,0.007643095660683663,12.569999694824219,Low-Vol,Low-Vol,Low-Vol,1.4900739043631543,1.587026319873488,2.5385677034853864,1.5995928000236115
2019-07-05,-0.0018075342045484888,13.279999732971191,Low-Vol,Low-Vol,Low-Vol,1.4873805448137127,1.5833346205291543,2.5316848815534687,1.5957359908153061
2019-07-08,-0.0048471730101233845,13.960000038146973,Low-Vol,Low-Vol,Low-Vol,1.480170953981109,1.5734330071926048,2.5132776096114635,1.58541831799425
2019-07-09,0.0012357930584538934,14.09000015258789,Low-Vol,Low-Vol,Low-Vol,1.482000138971364,1.576066222182499,2.5179364461473517,1.5880318138366483
2019-07-10,0.0045005469360823724,13.029999732971191,Low-Vol,Low-Vol,Low-Vol,1.4886699501560852,1.5856716147279146,2.5349345828842895,1.5975654085236843
2019-07-11,0.002282619578949152,12.930000305175781,Low-Vol,Low-Vol,Low-Vol,1.4920680173309047,1.5907594936956881,2.54361401984966,1.6024297536069823
2019-07-12,0.0046095343020660096,12.390000343322754,Low-Vol,Low-Vol,Low-Vol,1.498945756037807,1.6014236054939266,2.5612013339632296,1.6122827481393296
2019-07-15,0.00017585372838446744,12.680000305175781,Low-Vol,Low-Vol,Low-Vol,1.4992093512376523,1.6018324897359644,2.5618769291688106,1.61266095114662
2019-07-16,-0.00340958455501017,12.859999656677246,Low-Vol,Low-Vol,Low-Vol,1.4940976701889457,1.5936401147608885,2.5487745251545144,1.6053263462246676
2019-07-17,-0.006552665466093899,13.970000267028809,Low-Vol,Low-Vol,Low-Vol,1.4843073479825273,1.5779762289428252,2.5237226249367546,1.591294541888895
2019-07-18,0.0035755977088189894,13.529999732971191,Low-Vol,Low-Vol,Low-Vol,1.4896146339351568,1.5864395412259933,2.5372583501898824,1.5988843607977312
2019-07-19,-0.006195889464843951,14.449999809265137,Low-Vol,Low-Vol,Low-Vol,1.4803851463180806,1.5716954351658523,2.5136774917675893,1.5856697947401337
2019-07-22,0.002824701686249931,13.529999732971191,Low-Vol,Low-Vol,Low-Vol,1.4845667927371846,1.5783547912848288,2.524328075342116,1.5916445144065983
2019-07-23,0.006824145139276538,12.609999656677246,Low-Vol,Low-Vol,Low-Vol,1.4946976919997734,1.594511174550329,2.5501676470900434,1.606133117729631
2019-07-24,0.0046771928134763385,12.069999694824219,Low-Vol,Low-Vol,Low-Vol,1.5016886813031145,1.6056979288602509,2.5680590857782377,1.616153839438141
2019-07-25,-0.005276296483600618,12.739999771118164,Low-Vol,Low-Vol,Low-Vol,1.4937653265944921,1.5929897213565956,2.547734324092282,1.6047790313022279
2019-07-26,0.007360535770782661,12.15999984741211,Low-Vol,Low-Vol,Low-Vol,1.5047602397140458,1.610577608096397,2.57586335853268,1.6205354262796259
2019-07-29,-0.0016174219290565617,12.829999923706055,Low-Vol,Low-Vol,Low-Vol,1.5023264075043599,1.6066701327837232,2.5696139717091637,1.6170390831550934
2019-07-30,-0.0025819853720445707,13.9399995803833,Low-Vol,Low-Vol,Low-Vol,1.4984474226961473,1.6004475346129003,2.559661913179032,1.6114697078522913
2019-07-31,-0.010945206952139408,16.1200008392334,Low-Vol,Moderate-Vol,Low-Vol,1.482046605547838,1.574171690389331,2.5327158092698046,1.5879420706802974
2019-08-01,-0.009039527568805994,17.8700008392334,Low-Vol,Moderate-Vol,Low-Vol,1.4686496043987332,1.5528270377993685,2.510695592441729,1.5687945486008177
2019-08-02,-0.007309388539565198,17.610000610351562,Low-Vol,Moderate-Vol,Low-Vol,1.4579146738117041,1.535801713568342,2.4930447879587567,1.5534984980614939
2019-08-05,-0.030230182169694864,24.59000015258789,Low-Vol,Moderate-Vol,High-Vol,1.413841647634505,1.4661603652017912,2.4205577687439503,1.4908538761557035
2019-08-06,0.012933023911166686,20.170000076293945,Moderate-Vol,Moderate-Vol,Low-Vol,1.4321268954699653,1.4892822768069256,2.450667364763939,1.5069821444851497
2019-08-07,0.0007665823338589561,19.489999771118164,Moderate-Vol,Moderate-Vol,Low-Vol,1.433224738647877,1.490603208107565,2.452474258324459,1.5079484612051535
2019-08-08,0.018588462466865074,16.90999984741211,Moderate-Vol,Moderate-Vol,Low-Vol,1.4598661829088155,1.523337712538622,2.4963209996896842,1.531395205559648
2019-08-09,-0.006638593133657444,17.969999313354492,Moderate-Vol,Moderate-Vol,Low-Vol,1.4501747252908983,1.512369776764942,2.4803818232267925,1.522891349187814
2019-08-12,-0.012393809115915033,21.09000015258789,Moderate-Vol,Moderate-Vol,Low-Vol,1.4322015365609184,1.492185425158808,2.4508144502778646,1.5071033787813788
2019-08-13,0.015018346267301474,17.520000457763672,Moderate-Vol,Moderate-Vol,Low-Vol,1.4537108351615515,1.515758952956194,2.4862159729298927,1.526036304795348
2019-08-14,-0.02973035245453559,22.100000381469727,Moderate-Vol,Moderate-Vol,High-Vol,1.4104914996652214,1.4700371208142877,2.4151227330768754,1.4880858045889882
2019-08-15,0.0024612366981804357,21.18000030517578,Moderate-Vol,Moderate-Vol,Low-Vol,1.413963053106669,1.4732289785451531,2.420839914633923,1.4911494178220184
2019-08-16,0.014323058172244885,18.469999313354492,Moderate-Vol,Moderate-Vol,Low-Vol,1.4342153281697207,1.4920402529571932,2.4541895602505157,1.5090146843625354
2019-08-19,0.012033175564397425,16.8799991607666,Moderate-Vol,Moderate-Vol,Low-Vol,1.451473493010737,1.507469923235083,2.4825934457754806,1.5242035835650733
2019-08-20,-0.007946215312115257,17.5,Moderate-Vol,Moderate-Vol,Low-Vol,1.4399397721154457,1.4973898785139264,2.4636196016128777,1.514072500225789
2019-08-21,0.008212979557352895,15.800000190734863,Moderate-Vol,Moderate-Vol,Low-Vol,1.4517659680276491,1.5076714617421463,2.4830805405023413,1.5244740965284265
2019-08-22,-0.0005062029592783901,16.68000030517578,Moderate-Vol,Moderate-Vol,Low-Vol,1.4510310797984538,1.5070379597438803,2.4818716001262486,1.5238285949478398
2019-08-23,-0.026288881122837893,19.8700008392334,Moderate-Vol,Moderate-Vol,Low-Vol,1.412885096236089,1.4741100561086318,2.4191176875694116,1.490319646261367
2019-08-26,0.010923112730798046,19.31999969482422,Moderate-Vol,Moderate-Vol,Low-Vol,1.4283181994179404,1.4865574282417207,2.4445328452683635,1.503936551755706
2019-08-27,-0.003208321800556746,20.309999465942383,Moderate-Vol,Moderate-Vol,Low-Vol,1.423735695000616,1.4829352400599087,2.436989513737992,1.4999004694140825
2019-08-28,0.0065241515305629605,19.350000381469727,Moderate-Vol,Moderate-Vol,Low-Vol,1.4330243624142713,1.4902836296146178,2.452281612566506,1.5080858534746149
2019-08-29,0.01260748244109422,17.8799991607666,Moderate-Vol,Moderate-Vol,Low-Vol,1.4510911919010696,1.5045005549830448,2.4820179933866156,1.5239898773496598
2019-08-30,0.0006425807598766653,18.979999542236328,Moderate-Vol,Moderate-Vol,Low-Vol,1.4520236351818117,1.5052192237440798,2.483551981659707,1.524809025360679
2019-09-03,-0.006923009332685304,19.65999984741211,Moderate-Vol,Moderate-Vol,Low-Vol,1.4419712620041683,1.4974489526709327,2.467014949627442,1.5159789796476975
2019-09-04,0.010783725278421308,17.329999923706055,Moderate-Vol,Moderate-Vol,Low-Vol,1.4575210839529997,1.5094568070935146,2.492602575545324,1.529653577895365
2019-09-05,0.012925912921759597,16.270000457763672,Moderate-Vol,Moderate-Vol,Low-Vol,1.4763608745658048,1.523848728726264,2.5235912972275356,1.5461924882684595
2019-09-06,0.0009101908043769313,15.0,Moderate-Vol,Moderate-Vol,Low-Vol,1.4777046446577764,1.5248555001582158,2.5258005268649315,1.5473696837420357
2019-09-09,-9.401467889968984e-05,15.270000457763672,Moderate-Vol,Moderate-Vol,Low-Vol,1.4775657187301003,1.5247512040145728,2.525572133168826,1.5472479972610966
2019-09-10,0.00032225242593053594,15.199999809265137,Moderate-Vol,Moderate-Vol,Low-Vol,1.478041867867433,1.5251108923450123,2.5263549233483316,1.5476650670244614
2019-09-11,0.007203672326387078,14.609999656677246,Moderate-Vol,Low-Vol,Low-Vol,1.488689197168231,1.5331538033637915,2.553653472920266,1.5569908114827367
2019-09-12,0.002875016278233389,14.220000267028809,Moderate-Vol,Low-Vol,Low-Vol,1.49296920284332,1.5363637685616904,2.564666165875685,1.5607351830479559
2019-09-13,-0.0007246768769650913,13.739999771118164,Moderate-Vol,Low-Vol,Low-Vol,1.4918872825839984,1.535543323089969,2.561878334474368,1.55978910665552
2019-09-16,-0.0031405129163566414,14.670000076293945,Moderate-Vol,Low-Vol,Low-Vol,1.4872019913032952,1.5319560829305108,2.5498099164750414,1.555691605847968
2019-09-17,0.002578425372462334,14.4399995803833,Moderate-Vol,Low-Vol,Low-Vol,1.491036630651648,1.5349099585105468,2.5596716583504344,1.5590469004288743
2019-09-18,0.00034263328426753503,13.949999809265137,Moderate-Vol,Low-Vol,Low-Vol,1.4915475094293713,1.535353611990138,2.560987201410855,1.559493729386089
2019-09-19,1.9974521929810862e-05,14.050000190734863,Moderate-Vol,Low-Vol,Low-Vol,1.4915773023778078,1.535379943982964,2.5610639331533798,1.559519785677788
2019-09-20,-0.004907599104880589,15.319999694824219,Moderate-Vol,Moderate-Vol,Low-Vol,1.4842572389437982,1.528911635709244,2.5489752527809024,1.55311783168834
2019-09-23,-9.694061782816732e-05,14.90999984741211,Moderate-Vol,Low-Vol,Low-Vol,1.484113354130039,1.5287791225448102,2.5486046039271524,1.5529918919547758
2019-09-24,-0.008451988963551926,17.049999237060547,Moderate-Vol,Moderate-Vol,Low-Vol,1.471569644440272,1.5171301926871894,2.5278864630993945,1.5420124392935484
2019-09-25,0.006139685241963733,15.960000038146973,Moderate-Vol,Moderate-Vol,Low-Vol,1.4806046188687636,1.5256477974510123,2.542814168908699,1.549931735098181
2019-09-26,-0.0024318710096125074,16.06999969482422,Moderate-Vol,Moderate-Vol,Low-Vol,1.4770039794194383,1.522155877965335,2.536866530540415,1.5467788678356995
2019-09-27,-0.0053305345791292424,17.219999313354492,Moderate-Vol,Moderate-Vol,Low-Vol,1.4691307586336315,1.5128870232411575,2.5238601103644904,1.5398820052041595
2019-09-30,0.005034910215249155,16.239999771118164,Moderate-Vol,Moderate-Vol,Low-Vol,1.4765277000978128,1.5214919207086026,2.5360822265049,1.5463673303605534
2019-10-01,-0.01233412694541336,18.559999465942383,Moderate-Vol,Moderate-Vol,Low-Vol,1.4583160200063872,1.499413510033487,2.5059964558478045,1.5304131807324344
2019-10-02,-0.018065404187643352,20.559999465942383,Moderate-Vol,Moderate-Vol,Low-Vol,1.4319709516716563,1.4678501733619285,2.4624535376740924,1.507286731312889
2019-10-03,0.007940304773866202,19.1200008392334,Moderate-Vol,Moderate-Vol,Low-Vol,1.4433412374552526,1.4805798091693396,2.481259458933083,1.5172979195960254
2019-10-04,0.014116785239259855,17.040000915527344,Moderate-Vol,Moderate-Vol,Low-Vol,1.463716575731376,1.5034312799266132,2.5149491775491852,1.5352146703073979
2019-10-07,-0.004488352273681606,17.860000610351562,Moderate-Vol,Moderate-Vol,Low-Vol,1.4571469001106665,1.496367119543568,2.504092284863463,1.5294508739466097
2019-10-08,-0.015683159552110304,20.280000686645508,Moderate-Vol,Moderate-Vol,Low-Vol,1.434294232785368,1.4670706623986989,2.4663199973207255,1.5093866820097364
2019-10-09,0.009063296514845831,18.639999389648438,Moderate-Vol,Moderate-Vol,Low-Vol,1.4472936667066352,1.482927014624351,2.487819331438859,1.520829665813774
2019-10-10,0.006395202411782819,17.56999969482422,Moderate-Vol,Moderate-Vol,Low-Vol,1.4565494026545154,1.4940466833702806,2.503121836402514,1.5289652257898743
2019-10-11,0.010879579673789053,15.579999923706055,Moderate-Vol,Moderate-Vol,Low-Vol,1.472396047929505,1.5131130994645685,2.529314731406241,1.5428795560111108
2019-10-15,0.009906445376488549,13.539999961853027,Moderate-Vol,Low-Vol,Low-Vol,1.4869822589508763,1.5308792714699562,2.566899508746177,1.5556646067114261
2019-10-16,-0.0020015445531935683,13.680000305175781,Moderate-Vol,Low-Vol,Low-Vol,1.4840059977097777,1.5273287814498435,2.5591928631506877,1.5530600500266327
2019-10-17,0.002759021969774622,13.789999961853027,Moderate-Vol,Low-Vol,Low-Vol,1.4881004028607363,1.5322799113712378,2.5697841671521724,1.5566442809958925
2019-10-18,-0.003927045709799515,14.25,Moderate-Vol,Low-Vol,Low-Vol,1.482256564557931,1.5250238617300362,2.554646677319084,1.5515309027702215
2019-10-21,0.006848114105334702,14.0,Moderate-Vol,Low-Vol,Low-Vol,1.4924072266454051,1.5381307567239193,2.580888445236727,1.5604184925144555
2019-10-22,-0.0035750492583765947,14.460000038146973,Moderate-Vol,Low-Vol,Low-Vol,1.4870717972965906,1.5313180149250298,2.5670482402535826,1.5557521598184925
2019-10-23,0.0028431033458300448,14.010000228881836,Moderate-Vol,Low-Vol,Low-Vol,1.491299696098974,1.536688331381033,2.5779958154147407,1.559452022791469
2019-10-24,0.0019186046591705974,13.710000038146973,Moderate-Vol,Low-Vol,Low-Vol,1.4941609106441291,1.5403181038184817,2.5854150475889064,1.5619547302839099
2019-10-25,0.004064429510655998,12.649999618530273,Moderate-Vol,Low-Vol,Low-Vol,1.5002338223430198,1.5481308837207297,2.601177403413978,1.567265049393277
2019-10-28,0.005565819916117931,13.109999656677246,Moderate-Vol,Low-Vol,Low-Vol,1.5085838536302503,1.5588586570174887,2.6228939309098944,1.57456171057203
2019-10-29,-0.0008327519564801378,13.199999809265137,Moderate-Vol,Low-Vol,Low-Vol,1.5073275774746253,1.5572552427311621,2.6196176008309866,1.5734649093417565
2019-10-30,0.0032480894008575234,12.329999923706055,Moderate-Vol,Low-Vol,Low-Vol,1.5122235122026408,1.5635235114407535,2.632380729076325,1.5777399240887289
2019-10-31,-0.003027438634539692,13.220000267028809,Low-Vol,Low-Vol,Low-Vol,1.5076453483177392,1.5576631883385998,2.62042667239629,1.571368405498805
2019-11-01,0.009615930559647268,12.300000190734863,Low-Vol,Low-Vol,Low-Vol,1.522142761295738,1.5761416448719745,2.6582234337739052,1.59152427443386
2019-11-04,0.003697245805312832,12.829999923706055,Low-Vol,Low-Vol,Low-Vol,1.527770497235026,1.5831635466747151,2.6729655919340627,1.5993734452832395
2019-11-05,-0.0011864027118200227,13.100000381469727,Low-Vol,Low-Vol,Low-Vol,1.5259579461740675,1.5808842055139596,2.6682087714937546,1.5968423167352381
2019-11-06,0.0007022505922886779,12.619999885559082,Low-Vol,Low-Vol,Low-Vol,1.5270295510455758,1.5822300938148854,2.6710193982789514,1.5983381608516147
2019-11-07,0.0027263752442809874,12.729999542236328,Low-Vol,Low-Vol,Low-Vol,1.531192806610832,1.5876006741012982,2.6819427000256444,1.604150975682233
2019-11-08,0.0025574031451167656,12.069999694824219,Low-Vol,Low-Vol,Low-Vol,1.5351086839102388,1.5926891769789788,2.6922309130697473,1.6096233604464516
2019-11-12,0.0015634233012633558,12.680000305175781,Low-Vol,Low-Vol,Low-Vol,1.5375087085966357,1.5958210091297553,2.6985445578825593,1.6129802189625375
2019-11-13,0.0007112815701173503,13.0,Low-Vol,Low-Vol,Low-Vol,1.5386023102049553,1.5972689888867382,2.701423695397803,1.6145106113181096
2019-11-14,0.0008366926144560694,13.050000190734863,Low-Vol,Low-Vol,Low-Vol,1.5398896473944887,1.5989803450829976,2.704814087279487,1.6163125459392123
2019-11-15,0.0076660287779724,12.050000190734863,Low-Vol,Low-Vol,Low-Vol,1.5516944857463166,1.615740974446342,2.7359168612277114,1.632840838046509
2019-11-18,0.0005030263228107401,12.460000038146973,Low-Vol,Low-Vol,Low-Vol,1.5524750289176072,1.6169601148078276,2.7379812185250403,1.6339364752125904
2019-11-19,-0.0005927700996934959,12.859999656677246,Low-Vol,Low-Vol,Low-Vol,1.5515547681399442,1.6155223863951451,2.7355467284252444,1.6326445015893873
2019-11-20,-0.003763256420940664,12.779999732971191,Low-Vol,Low-Vol,Low-Vol,1.5457158696963005,1.6064029489044827,2.72010488273945,1.624448771793835
2019-11-21,-0.001584006086188694,13.130000114440918,Low-Vol,Low-Vol,Low-Vol,1.543267446351183,1.6025861208325785,2.7136418887054536,1.6210163942147515
2019-11-22,0.0021725739423761325,12.34000015258789,Low-Vol,Low-Vol,Low-Vol,1.546620308991243,1.6078087261023801,2.7224852701899662,1.6257141903238146
2019-11-25,0.007479251887467342,11.869999885559082,Low-Vol,Low-Vol,Low-Vol,1.558187871856461,1.6258465357764618,2.7530284998334715,1.641933581443853
2019-11-26,0.0021931636449394887,11.539999961853027,Low-Vol,Low-Vol,Low-Vol,1.5616052328490022,1.6311951570482355,2.7620852628624473,1.6467370927125804
2019-11-27,0.00416573562529976,11.75,Low-Vol,Low-Vol,Low-Vol,1.5681104674001358,1.641387848714534,2.7793444383318797,1.6558876630330555
2019-11-29,-0.0040192862299885945,12.619999885559082,Low-Vol,Low-Vol,Low-Vol,1.5618077825914134,1.6314920373469206,2.7625879670878057,1.6470097273158306
2019-12-02,-0.008668483693965001,14.90999984741211,Low-Vol,Low-Vol,Low-Vol,1.548269277294912,1.6102781941630573,2.7266667939690388,1.6279651432933144
2019-12-03,-0.00666022525804344,15.960000038146973,Low-Vol,Moderate-Vol,Low-Vol,1.5379574551480197,1.5941909709111952,2.709200113185125,1.613501882736369
2019-12-04,0.0063036576087700524,14.800000190734863,Low-Vol,Low-Vol,Low-Vol,1.5476522123621281,1.6092648219766206,2.734816918045865,1.6270692094317487
2019-12-05,0.0014991269266300122,14.520000457763672,Low-Vol,Low-Vol,Low-Vol,1.5499723394667386,1.612883560316676,2.740966674567734,1.6303229027976198
2019-12-06,0.009094246030425523,13.619999885559082,Low-Vol,Low-Vol,Low-Vol,1.5640681692622034,1.6348855001905989,2.7783572125173084,1.6501004540725235
2019-12-09,-0.003167833684475596,15.859999656677246,Low-Vol,Moderate-Vol,Low-Vol,1.5591134614307984,1.627116932153952,2.7698919613025095,1.6431276903883665
2019-12-10,-0.0010975361689826713,15.680000305175781,Low-Vol,Moderate-Vol,Low-Vol,1.5574022780153303,1.6244382026276474,2.7669680037254,1.6407220963094467
2019-12-11,0.0029039375293500314,14.989999771118164,Low-Vol,Low-Vol,Low-Vol,1.5619248769387541,1.631514103218728,2.7790206570681932,1.6470776660223108
2019-12-12,0.00853866737555542,13.9399995803833,Low-Vol,Low-Vol,Low-Vol,1.5752616339285395,1.6524105375875964,2.8146143565989474,1.6658378185305664
2019-12-13,7.257915021519068e-05,12.630000114440918,Low-Vol,Low-Vol,Low-Vol,1.5753759650792967,1.6525904334165336,2.8149207800762257,1.665999097146146
2019-12-16,0.007122360942542372,12.140000343322754,Low-Vol,Low-Vol,Low-Vol,1.5865963613227974,1.6702459517520112,2.8449941028067744,1.6818272753394408
2019-12-17,0.00033523602846052825,12.289999961853027,Low-Vol,Low-Vol,Low-Vol,1.5871282455857372,1.6710858416811376,2.8464247195928025,1.6825793557361655
2019-12-18,-0.00043239364052283236,12.579999923706055,Low-Vol,Low-Vol,Low-Vol,1.5864419814256518,1.6700019913450717,2.844578555672334,1.681608874720235
2019-12-19,0.004449378821865579,12.5,Low-Vol,Low-Vol,Low-Vol,1.5935006627799255,1.6811476985842178,2.8635634670464465,1.6915894727440255
2019-12-20,0.004932595804334028,12.510000228881836,Low-Vol,Low-Vol,Low-Vol,1.6013607574633573,1.6935863317109712,2.8847506687609425,1.7027196656964603
2019-12-23,0.0008657687142985537,12.609999656677246,Low-Vol,Low-Vol,Low-Vol,1.6027471655074745,1.6957857128024096,2.88849695907729,1.7046860899872547
2019-12-24,-0.0001954673024684439,12.670000076293945,Low-Vol,Low-Vol,Low-Vol,1.6024338808424938,1.6952885068141406,2.8876500490141215,1.7042416115190864
2019-12-26,0.005115062410053994,12.649999618530273,Low-Vol,Low-Vol,Low-Vol,1.6106304301509882,1.708295766587243,2.9098058143427754,1.715869859702815
2019-12-27,3.3984139657050605e-05,13.430000305175781,Low-Vol,Low-Vol,Low-Vol,1.6106851660404624,1.7083828490301038,2.9099541452135296,1.7159476441582953
2019-12-30,-0.005797596079348821,14.819999694824219,Low-Vol,Low-Vol,Low-Vol,1.6013470640367609,1.6935260784687582,2.8846480370984673,1.7026772391430272
2019-12-31,0.0029416906441905866,13.779999732971191,Low-Vol,Low-Vol,Low-Vol,1.60605773171314,1.7009988231998447,2.8973766503122405,1.7093585475668727
2020-01-02,0.008343895362315834,12.470000267028809,Low-Vol,Low-Vol,Low-Vol,1.6194585093723928,1.7222882574881475,2.933639761705374,1.7283839655772946
2020-01-03,-0.007084909364953873,14.020000457763672,Low-Vol,Low-Vol,Low-Vol,1.607984792613186,1.7039848731812057,2.902462903973713,1.7120494327561988
2020-01-06,0.003527145194272663,13.850000381469727,Low-Vol,Low-Vol,Low-Vol,1.6136563884469153,1.7130001762660374,2.9178190160986714,1.7201045492975773
2020-01-07,-0.002807175084594604,13.789999961853027,Low-Vol,Low-Vol,Low-Vol,1.6091265724381703,1.7057871391439572,2.9055327728336486,1.713663501300116
2020-01-08,0.004890473485641422,13.449999809265137,Low-Vol,Low-Vol,Low-Vol,1.6169959632757203,1.7183002993081546,2.9268469193144564,1.7248426477610734
2020-01-09,0.006633214116906316,12.539999961853027,Low-Vol,Low-Vol,Low-Vol,1.6277218437263012,1.7353970800118375,2.955968522769287,1.7401044453208123
2020-01-10,-0.002859262487506342,12.5600004196167,Low-Vol,Low-Vol,Low-Vol,1.62306775971844,1.7279541463541286,2.943290687902181,1.7334676024856288
2020-01-13,0.006951994045934384,12.319999694824219,Low-Vol,Low-Vol,Low-Vol,1.6343513171201507,1.7459732367597809,2.9739832969088065,1.7495428367726529
2020-01-14,-0.0015156808368956831,12.390000343322754,Low-Vol,Low-Vol,Low-Vol,1.6318741621480364,1.7420037294947466,2.967221882670248,1.7460055967472445
2020-01-15,0.0018684502436876471,12.420000076293945,Low-Vol,Low-Vol,Low-Vol,1.6349232378239695,1.7468860004340654,2.9755380423448736,1.7503573008654274
2020-01-16,0.008331747422232638,12.319999694824219,Low-Vol,Low-Vol,Low-Vol,1.6485450052962576,1.7687179198306415,3.0127251894659666,1.7698106775607927
2020-01-17,0.0038547232474837045,12.100000381469727,Low-Vol,Low-Vol,Low-Vol,1.6548996900526962,1.7789447969563599,3.030145022205138,1.778910904114041
2020-01-21,-0.002655500369584729,12.850000381469727,Low-Vol,Low-Vol,Low-Vol,1.6505051033141356,1.7718588141076772,3.018075195365596,1.7726095664296155
2020-01-22,0.0002890342966814785,12.90999984741211,Low-Vol,Low-Vol,Low-Vol,1.650982155895841,1.772627006056909,3.019383686227733,1.7732929974043348
2020-01-23,0.001140326193358021,12.979999542236328,Low-Vol,Low-Vol,Low-Vol,1.6528648140929758,1.7756590655659996,3.024548309685538,1.77599037527156
2020-01-24,-0.00908328942619363,14.5600004196167,Low-Vol,Low-Vol,Low-Vol,1.6378513646041977,1.7514658277438289,2.9833390381649703,1.7544716792410635
2020-01-27,-0.015855752356843666,18.229999542236328,Low-Vol,Moderate-Vol,Low-Vol,1.611881998969715,1.7098096151045583,2.937842446676523,1.7173638621913023
2020-01-28,0.01000338350035257,16.280000686645508,Low-Vol,Moderate-Vol,Low-Vol,1.628006272762724,1.73546543704328,2.9661084767198376,1.7402800002002512
2020-01-29,-0.0008672501435853519,16.389999389648438,Low-Vol,Moderate-Vol,Low-Vol,1.6265943840889128,1.7332078130690853,2.963634356454123,1.7382667595076637
2020-01-30,0.0031294569302104946,15.489999771118164,Low-Vol,Moderate-Vol,Low-Vol,1.6316847411568414,1.7413438118722413,2.972554729070281,1.7455230990220045
2020-01-31,-0.017864443571362187,18.84000015258789,Low-Vol,Moderate-Vol,Low-Vol,1.6025356011721923,1.6946816044739428,2.921479685097092,1.7039275094445656
2020-02-03,0.00722842576123206,17.969999313354492,Low-Vol,Moderate-Vol,Low-Vol,1.6141194107949968,1.7124065232056627,2.941790904241235,1.7203571109514348
2020-02-04,0.014869315917506398,16.049999237060547,Low-Vol,Moderate-Vol,Low-Vol,1.638120262242687,1.7485986450195583,2.983862810070491,1.7544796850867788
2020-02-05,0.011187778658973357,15.149999618530273,Low-Vol,Moderate-Vol,Low-Vol,1.6564471891534376,1.7745905697686193,3.015970725721196,1.7806629861828265
2020-02-06,0.0033201550570023386,14.960000038146973,Low-Vol,Low-Vol,Low-Vol,1.6619468506651627,1.7821947184002485,3.0309909614063573,1.7885492679202561
2020-02-07,-0.005415491009459927,15.470000267028809,Low-Vol,Moderate-Vol,Low-Vol,1.6529465924371853,1.7697561008317533,3.0152035154588543,1.7756290173160163
2020-02-10,0.007299690120573743,15.039999961853027,Low-Vol,Moderate-Vol,Low-Vol,1.665012590347835,1.7861892703826383,3.036373008178948,1.7929187726757037
2020-02-11,0.001687048686003223,15.180000305175781,Low-Vol,Moderate-Vol,Low-Vol,1.6678215476505602,1.7899959843352407,3.0412998898760084,1.796953557891542
2020-02-12,0.006441853105203066,13.739999771118164,Low-Vol,Low-Vol,Low-Vol,1.6785654090662177,1.8045670575072172,3.0706873005851856,1.8123947156700353
2020-02-13,-0.0016317763599893453,14.149999618530273,Low-Vol,Low-Vol,Low-Vol,1.6758263657130075,1.8008155673197954,3.063171288166164,1.8084497283219287
2020-02-14,0.0018418360984853166,13.680000305175781,Low-Vol,Low-Vol,Low-Vol,1.6789129632081712,1.8050307283616591,3.0716340773477464,1.8128928643710902
2020-02-18,-0.002924213986148061,14.829999923706055,Low-Vol,Low-Vol,Low-Vol,1.6740034624396325,1.7982182343773936,3.0581609043537825,1.8058213328769532
2020-02-19,0.004694748284284955,14.380000114440918,Low-Vol,Low-Vol,Low-Vol,1.681862487322808,1.8093028374761875,3.079696847841956,1.8171302046941689
2020-02-20,-0.0038228174279968385,15.5600004196167,Low-Vol,Moderate-Vol,Low-Vol,1.6754330340947763,1.800240454197695,3.068373341648395,1.8078640020203454
2020-02-21,-0.010573809232820253,17.079999923706055,Low-Vol,Moderate-Vol,Low-Vol,1.6577173248098929,1.7753783303757107,3.0371679909366094,1.7823646339130474
2020-02-24,-0.034088079420440565,25.030000686645508,Low-Vol,High-Vol,High-Vol,1.601208924985133,1.6993396836741124,2.9937639733162413,1.701318690944784
2020-02-25,-0.03074790437535313,27.850000381469727,Moderate-Vol,High-Vol,High-Vol,1.551975106074728,1.6488463983571062,2.955172472946065,1.6575610625307609
2020-02-26,-0.0037856973235292912,27.559999465942383,Moderate-Vol,High-Vol,High-Vol,1.5460997980694768,1.6435934167181965,2.95048231676699,1.6523121660792912
2020-02-27,-0.045168136352262245,39.15999984741211,Moderate-Vol,High-Vol,High-Vol,1.4762653515760695,1.5805242985454315,2.894611660604914,1.589884535260411
2020-02-28,-0.008272463109652683,40.11000061035156,Moderate-Vol,High-Vol,High-Vol,1.464053000915098,1.571475391066266,2.8845728160307798,1.5788830073448092
2020-03-02,0.04501086876941329,33.41999816894531,High-Vol,High-Vol,High-Vol,1.5299512984107533,1.6204483610721898,2.939005216339437,1.6055068034221522
2020-03-03,-0.02851048492291497,36.81999969482422,High-Vol,High-Vol,High-Vol,1.4863316449846193,1.5934392115246834,2.903876397704944,1.5883585700051672
2020-03-04,0.04133634936063402,31.989999771118164,High-Vol,High-Vol,High-Vol,1.5477711691274694,1.630482725647566,2.9541996649341544,1.612955635735109
2020-03-05,-0.03451078243998218,39.619998931884766,High-Vol,High-Vol,High-Vol,1.4943563750428344,1.60202871431036,2.9114578229553314,1.5921020923348446
2020-03-06,-0.017200943652385448,41.939998626708984,High-Vol,High-Vol,High-Vol,1.4686520352391397,1.5887430342664703,2.8904625579783025,1.581842601253226
2020-03-09,-0.07901041294037192,54.459999084472656,High-Vol,High-Vol,High-Vol,1.3526132314691777,1.5286756089202442,2.794718845441188,1.5350205720887264
2020-03-10,0.048215052425859106,47.29999923706055,High-Vol,High-Vol,High-Vol,1.4178295493363748,1.5576271679408848,2.851209856897961,1.5627473545810213
2020-03-11,-0.05010289280860558,53.900001525878906,High-Vol,High-Vol,High-Vol,1.346792187405101,1.5291864320244744,2.7913203731718395,1.5334145083200006
2020-03-12,-0.09994485240247286,75.47000122070312,High-Vol,High-Vol,High-Vol,1.2121872410180945,1.4759153358225294,2.674362705193818,1.4759998703153332
2020-03-13,0.08880840694923542,57.83000183105469,High-Vol,High-Vol,High-Vol,1.3198396588171004,1.5145541122091046,2.773933728604053,1.5251068282131224
2020-03-16,-0.12765219747281709,82.69000244140625,High-Vol,High-Vol,High-Vol,1.1513592260573244,1.4647461083046234,2.6254827856564127,1.4521726333737976
2020-03-17,0.05822631263569189,75.91000366210938,High-Vol,High-Vol,High-Vol,1.2183986283097266,1.483564363846877,2.689572309792145,1.4838493506214006
2020-03-18,-0.05322227233208032,76.44999694824219,High-Vol,High-Vol,High-Vol,1.1535526847047932,1.4668031766724887,2.6295607076065286,1.454263377670314
2020-03-19,0.004696760970401392,72.0,High-Vol,High-Vol,High-Vol,1.1589706459316165,1.4682490913491615,2.6347384476714923,1.4568222237211543
2020-03-20,-0.04432762405336721,66.04000091552734,High-Vol,High-Vol,High-Vol,1.1075962308498717,1.4545609754262459,2.5857751627424164,1.432629562501726
2020-03-23,-0.02973150100957689,61.59000015258789,High-Vol,High-Vol,High-Vol,1.074665732394155,1.4455306576139906,2.5535447268655576,1.4166724842055602
2020-03-24,0.08968323251796306,61.66999816894531,High-Vol,High-Vol,High-Vol,1.1710452291515472,1.47254848398551,2.649554027593826,1.464269896713697
2020-03-25,0.0114689904208225,63.95000076293945,High-Vol,High-Vol,High-Vol,1.1844759356670362,1.4758069138694272,2.6622936499315335,1.4705613207324892
2020-03-26,0.06054383107424677,61.0,High-Vol,High-Vol,High-Vol,1.2561886466275716,1.493005123869595,2.7298683985633017,1.5039159155605326
2020-03-27,-0.03426784554162676,65.54000091552734,High-Vol,High-Vol,High-Vol,1.2131417681137928,1.483468053463443,2.6906502492446944,1.4846089959581963
2020-03-30,0.032966590569975196,57.08000183105469,High-Vol,High-Vol,High-Vol,1.253134916086536,1.4925484468474945,2.727837139912734,1.5029443269470006
2020-03-31,-0.01614231078841577,53.540000915527344,High-Vol,High-Vol,High-Vol,1.2329064228112518,1.4881229834812548,2.7093766710752005,1.4938554289380095
2020-04-01,-0.04514636273278683,57.060001373291016,High-Vol,High-Vol,High-Vol,1.1772451822314325,1.4757845946195025,2.6580963497792762,1.468589575742652
2020-04-02,0.02257265705696021,50.90999984741211,High-Vol,High-Vol,High-Vol,1.2038187340019013,1.4818610283836808,2.6832506353143337,1.4810085508525925
2020-04-03,-0.015252860825945014,46.79999923706055,High-Vol,High-Vol,High-Vol,1.185457054392505,1.4777650619141403,2.6660924587582016,1.4725458009671473
2020-04-06,0.06796824414483105,45.2400016784668,High-Vol,High-Vol,High-Vol,1.2660304888886669,1.4959631783807226,2.742062059000216,1.5100411580916944
2020-04-07,-0.0016043390483631015,46.70000076293945,High-Vol,High-Vol,High-Vol,1.2639993467389246,1.4955417663641266,2.7402177570836517,1.5091335725458106
2020-04-08,0.033489371191285144,43.349998474121094,High-Vol,High-Vol,High-Vol,1.3063298900474063,1.5043674827459528,2.778690278791867,1.5280673516408305
2020-04-09,0.014383470303699575,41.66999816894531,High-Vol,High-Vol,High-Vol,1.3251194472277383,1.5081473955580935,2.795445972258717,1.5363013127202996
2020-04-13,-0.010156059444677012,41.16999816894531,High-Vol,High-Vol,High-Vol,1.3116614553503958,1.5054484827763035,2.783543561849987,1.5304560468750552
2020-04-14,0.03011455957230691,37.7599983215332,High-Vol,High-Vol,High-Vol,1.351161562386244,1.513435665185507,2.818686099776223,1.5477223757841998
2020-04-15,-0.022276732672368738,40.84000015258789,High-Vol,High-Vol,High-Vol,1.3210620974637857,1.5074529874008862,2.792361802236323,1.5348058062404266
2020-04-16,0.005799837839541411,40.11000061035156,High-Vol,High-Vol,High-Vol,1.32872404340504,1.5090071277257384,2.7991514324771587,1.5381406225481038
2020-04-17,0.026440932021320585,38.150001525878906,High-Vol,High-Vol,High-Vol,1.363856745511807,1.5161831820944354,2.830180000820499,1.5533767793570963
2020-04-20,-0.018042845615347858,43.83000183105469,High-Vol,High-Vol,High-Vol,1.3392488888110865,1.511258085337417,2.808771923002614,1.5428768960151067
2020-04-21,-0.031155115236330744,45.40999984741211,High-Vol,High-Vol,High-Vol,1.2975244353500492,1.5027828218626371,2.7720855800967508,1.5248689877485946
2020-04-22,0.022671300582136844,41.97999954223633,High-Vol,High-Vol,High-Vol,1.3269410018365375,1.509124765190576,2.798433215957962,1.5378202351319425
2020-04-23,-0.0005395676601960275,41.380001068115234,High-Vol,High-Vol,High-Vol,1.3262250273849585,1.5089712927228707,2.7978001930266965,1.537509382810595
2020-04-24,0.013822090566839584,35.93000030517578,High-Vol,High-Vol,High-Vol,1.3445562298254827,1.5129714647782195,2.814012656626251,1.5454708689083285
2020-04-27,0.014606868181735955,33.290000915527344,High-Vol,High-Vol,High-Vol,1.3641959854374754,1.5175620455800396,2.831244896857032,1.5539279513723614
2020-04-28,-0.005256170190484077,33.56999969482422,High-Vol,High-Vol,High-Vol,1.357025539164841,1.5157959138967334,2.8250060339953955,1.5508680816972997
2020-04-29,0.026236704045073722,31.229999542236328,High-Vol,High-Vol,High-Vol,1.3926294166175155,1.5265273637926955,2.8560793241293028,1.5661116543955738
2020-04-30,-0.00925514331905486,34.150001525878906,High-Vol,High-Vol,High-Vol,1.3797404317763886,1.5225825709177692,2.844997481015502,1.5606815459657546
2020-05-01,-0.02846021101477625,37.189998626708984,High-Vol,High-Vol,High-Vol,1.340472727942414,1.509843672092503,2.811052264281181,1.5440414800253588
2020-05-04,0.004240822578849723,35.970001220703125,High-Vol,High-Vol,High-Vol,1.3461574349534045,1.511689967938614,2.8160500497233762,1.5464945599525843
2020-05-05,0.008999935197779863,33.61000061035156,High-Vol,High-Vol,High-Vol,1.3582727646339947,1.5157840133031202,2.826675279619974,1.5517087926785502
2020-05-06,-0.00700388039904265,34.119998931884766,High-Vol,High-Vol,High-Vol,1.3487595846412213,1.5125084695728954,2.8183753726216927,1.5476373195356214
2020-05-07,0.0114389557548904,31.440000534057617,High-Vol,High-Vol,High-Vol,1.3641879858539165,1.518658024580811,2.8318912361927553,1.5542695285701769
2020-05-08,0.016730795065226012,27.979999542236328,High-Vol,High-Vol,High-Vol,1.3870119354756818,1.5276891138352346,2.8517545513364677,1.5640114706766945
2020-05-11,0.00013306936679136072,27.56999969482422,High-Vol,High-Vol,High-Vol,1.3871965042756675,1.5277673347500573,2.8519136435108505,1.5640894394418807
2020-05-12,-0.020713365772047965,33.040000915527344,High-Vol,High-Vol,High-Vol,1.3584629956848993,1.5150480170938383,2.8271482274177986,1.5519523405629065
2020-05-13,-0.01761699662428029,35.279998779296875,High-Vol,High-Vol,High-Vol,1.3345309576757087,1.5042373648383618,2.806267816834147,1.5417096775771435
2020-05-14,0.011458917804072044,32.61000061035156,High-Vol,High-Vol,High-Vol,1.3498232382267041,1.5112060564026695,2.819749102263617,1.5483280139292497
2020-05-15,0.003918675203722799,31.889999389648438,High-Vol,High-Vol,High-Vol,1.3551127570797519,1.513799661190226,2.8243815264431653,1.550601042383728
2020-05-18,0.031015208770073244,29.299999237060547,High-Vol,High-Vol,High-Vol,1.39714186214757,1.5346161955461552,2.8611060909938875,1.5686178322142494
2020-05-19,-0.010539747711598935,30.530000686645508,High-Vol,High-Vol,High-Vol,1.382416339403221,1.5275178524918056,2.848463887948765,1.5624241346490415
2020-05-20,0.016513990613415075,27.989999771118164,High-Vol,High-Vol,High-Vol,1.4052455498559573,1.5406001786873684,2.8681845429411386,1.572090286296086
2020-05-21,-0.007803968309953113,29.530000686645508,High-Vol,High-Vol,High-Vol,1.3942790581171787,1.534412022632577,2.8588006904545487,1.5674941212728288
2020-05-22,0.002350945686812267,28.15999984741211,High-Vol,High-Vol,High-Vol,1.3975569324550718,1.536350996533391,2.8616183275614926,1.5688746681204235
2020-05-26,0.012214285021459936,28.010000228881836,High-Vol,High-Vol,High-Vol,1.4146270911617953,1.5465232618009173,2.876271725461327,1.5760535851303545
2020-05-27,0.014718447490315256,27.6200008392334,High-Vol,High-Vol,High-Vol,1.4354482057214375,1.5589020511130667,2.8940197695458765,1.5847439020379843
2020-05-28,-0.0021101393249196576,28.59000015258789,High-Vol,High-Vol,High-Vol,1.4324192100136592,1.5570466748880754,2.8914595853719534,1.583491127688948
2020-05-29,0.0048007935523077805,27.510000228881836,High-Vol,High-Vol,High-Vol,1.4392959589212946,1.5614251478355876,2.897279126487344,1.5863390707149694
2020-06-01,0.003744216478363427,28.229999542236328,High-Vol,High-Vol,High-Vol,1.4446849945679296,1.564850721566377,2.901827015648591,1.5885642223058476
2020-06-02,0.008177307282400292,26.84000015258789,Moderate-Vol,High-Vol,High-Vol,1.4564986276947844,1.572652062629074,2.9117751220408423,1.599430171643793
2020-06-03,0.013556670812562288,25.65999984741211,Moderate-Vol,High-Vol,High-Vol,1.4762439001293914,1.5860281768718971,2.9283240347645414,1.617567399780119
2020-06-04,-0.0033743890836088752,25.809999465942383,Moderate-Vol,High-Vol,High-Vol,1.4712624788280506,1.582344041302619,2.924181435980039,1.6130016708459045
2020-06-05,0.025874012821637038,24.520000457763672,Moderate-Vol,Moderate-Vol,High-Vol,1.509329943069241,1.6113231381334012,2.9969522948896565,1.6479117784325834
2020-06-08,0.01196965640580494,25.809999465942383,Moderate-Vol,High-Vol,High-Vol,1.527396103890773,1.6244058633703613,3.011991334315147,1.664411181144885
2020-06-09,-0.007829743419721424,27.56999969482422,Moderate-Vol,High-Vol,High-Vol,1.5154369842970261,1.6157542643148386,3.0021044413520204,1.6535103217965972
2020-06-10,-0.0053272557351817795,27.56999969482422,Moderate-Vol,High-Vol,High-Vol,1.507363863931123,1.6099129746849605,2.995399608948353,1.64614209412263
2020-06-11,-0.060752692996288715,40.790000915527344,Moderate-Vol,High-Vol,High-Vol,1.415787449872016,1.543546464262372,2.919107628916339,1.5624883400506633
2020-06-12,0.012976286605210774,36.09000015258789,Moderate-Vol,High-Vol,High-Vol,1.4341591135936158,1.554289438220334,2.934987944217527,1.5794481036846892
2020-06-15,0.008277860818175498,34.400001525878906,Moderate-Vol,High-Vol,High-Vol,1.4460308831270616,1.5611769289461772,2.9451734599896997,1.590384545877195
2020-06-16,0.018784852866710722,33.66999816894531,Moderate-Vol,High-Vol,High-Vol,1.4731943605073232,1.5777138462382354,2.9683675458199716,1.6153743312216124
2020-06-17,-0.0036067962326296055,33.470001220703125,Moderate-Vol,High-Vol,High-Vol,1.4678808486379142,1.5745532265726734,2.9638790805828075,1.610500759453512
2020-06-18,0.0005940434038027576,32.939998626708984,Moderate-Vol,High-Vol,High-Vol,1.468752833573616,1.575072549457165,2.9646172180380748,1.611301020527825
2020-06-19,-0.0056655135656740185,35.119998931884766,Moderate-Vol,High-Vol,High-Vol,1.4604315944703825,1.5700906242645434,2.957575696787237,1.6036649743355225
2020-06-22,0.006474093296658268,31.770000457763672,Moderate-Vol,High-Vol,High-Vol,1.4698865648663713,1.5757677355975812,2.965603069104091,1.6123494815134773
2020-06-23,0.004298169191484291,31.3700008392334,Moderate-Vol,High-Vol,High-Vol,1.4762043860144565,1.5795949243859857,2.9709469296141267,1.6181463743261262
2020-06-24,-0.02619526559566232,33.84000015258789,Moderate-Vol,High-Vol,High-Vol,1.437534820049326,1.556214275963284,2.9383199941366343,1.5826900924316656
2020-06-25,0.010899827728216849,32.220001220703125,Moderate-Vol,High-Vol,High-Vol,1.453203701941177,1.5656374176900845,2.95174694217542,1.5971201511603825
2020-06-26,-0.024525204274830514,34.72999954223633,Moderate-Vol,High-Vol,High-Vol,1.4175635842981298,1.5438681779419081,2.9213975261222833,1.5643557070787937
2020-06-29,0.01457888811353314,31.780000686645508,Moderate-Vol,High-Vol,High-Vol,1.4382300851874312,1.5561492298357975,2.9392530930549565,1.5834328131663291
2020-06-30,0.015292349435755526,30.43000030517578,Moderate-Vol,High-Vol,High-Vol,1.460224002219134,1.5690192723486585,2.9580969492395552,1.6036875420646517
2020-07-01,0.0050095639758716,28.6200008392334,Moderate-Vol,High-Vol,High-Vol,1.467539087777354,1.573440571866238,2.964309513797106,1.6104075883398554
2020-07-02,0.004530970476816165,27.68000030517578,Moderate-Vol,High-Vol,High-Vol,1.4741884640576468,1.5774865488580028,2.9699403560934345,1.616511097794378
2020-07-06,0.015756930832163007,27.940000534057617,Moderate-Vol,High-Vol,High-Vol,1.4974171497193758,1.5917772441268851,2.9895594045666654,1.637817145743721
2020-07-07,-0.010877477869643215,29.43000030517578,Moderate-Vol,High-Vol,High-Vol,1.481129027811679,1.5818775945815333,2.975926324670591,1.6229150893479478
2020-07-08,0.0077969862634308384,28.079999923706055,Moderate-Vol,High-Vol,High-Vol,1.4926773704958953,1.588853535208326,2.9856539655278045,1.6334997063570569
2020-07-09,-0.005659591476195658,29.260000228881836,Moderate-Vol,High-Vol,High-Vol,1.4842294263731266,1.583745223497779,2.9785698907028038,1.6257665511709793
2020-07-10,0.010411809774444336,27.290000915527344,Moderate-Vol,High-Vol,High-Vol,1.4996829408221561,1.5931834030397218,2.9915713650631903,1.6399256948866505
2020-07-13,-0.009406645216058607,32.189998626708984,Moderate-Vol,High-Vol,High-Vol,1.4855759554612666,1.5846419447467852,2.9797737909080557,1.6270220763454124
2020-07-14,0.013317300582903258,29.520000457763672,Moderate-Vol,High-Vol,High-Vol,1.505359816998878,1.5965903141990256,2.996410142191878,1.6451464175259727
2020-07-15,0.009041056936354153,27.760000228881836,Moderate-Vol,High-Vol,High-Vol,1.5189698608140645,1.6046945139107676,3.0077675454592963,1.6575880205825675
2020-07-16,-0.003411915214114103,28.0,Moderate-Vol,High-Vol,High-Vol,1.5137872644361723,1.6016229126545556,3.003465241568847,1.6528572987650332
2020-07-17,0.0028445625875832548,25.68000030517578,Moderate-Vol,High-Vol,High-Vol,1.5180933270541475,1.6041991988138729,3.0070470032674135,1.65679011301348
2020-07-20,0.008371797255140478,24.459999084472656,Moderate-Vol,Moderate-Vol,High-Vol,1.5308024966026264,1.6118014805518202,3.0312599872671075,1.6683922710650345
2020-07-21,0.0016776293345603932,24.84000015258789,Moderate-Vol,Moderate-Vol,High-Vol,1.5333706157763451,1.6133889555442982,3.0361511103807235,1.6707335155195364
2020-07-22,0.00573063059447243,24.31999969482422,Moderate-Vol,Moderate-Vol,High-Vol,1.5421577963397781,1.6188651668775755,3.0528857048681544,1.6787422183628493
2020-07-23,-0.012396378412246278,26.079999923706055,Moderate-Vol,High-Vol,High-Vol,1.5230406247249544,1.606945348848439,3.0370198325735855,1.6613349181831256
2020-07-24,-0.006209640024275487,25.84000015258789,Moderate-Vol,High-Vol,High-Vol,1.5135830907030647,1.6010716267858367,3.029113544457825,1.6527056056410134
2020-07-27,0.007367928821482295,24.739999771118164,Moderate-Vol,Moderate-Vol,High-Vol,1.5247350631807641,1.6109804199743585,3.0505795071765647,1.6628913671367545
2020-07-28,-0.0064944354186469155,25.440000534057617,Moderate-Vol,High-Vol,High-Vol,1.5148327697823902,1.6020831874927541,3.042273690621794,1.6538578294206856
2020-07-29,0.01235178335174325,24.100000381469727,Moderate-Vol,Moderate-Vol,High-Vol,1.5335436559688636,1.618844762320553,3.0784161202004516,1.6709454038838512
2020-07-30,-0.003757301763455345,24.760000228881836,Moderate-Vol,Moderate-Vol,High-Vol,1.527781669685956,1.613558462271655,3.0672913052141295,1.6656938126179315
2020-07-31,0.007641236242175609,24.459999084472656,Moderate-Vol,Moderate-Vol,High-Vol,1.539455810350492,1.6242717333249743,3.089834115003905,1.6763404234704802
2020-08-03,0.007155362664359899,24.280000686645508,Moderate-Vol,Moderate-Vol,High-Vol,1.5504711749793059,1.6343167002033072,3.111098665692364,1.6863737847210383
2020-08-04,0.0036054230261335363,23.760000228881836,Moderate-Vol,Moderate-Vol,High-Vol,1.5560612794549327,1.6394301865055532,3.1218871245279325,1.691459624230593
2020-08-05,0.006409160435516981,22.989999771118164,Moderate-Vol,Moderate-Vol,High-Vol,1.5660343258424552,1.648571756774664,3.1411316734430077,1.700527704577627
2020-08-06,0.006407126020665288,22.649999618530273,Moderate-Vol,Moderate-Vol,Low-Vol,1.5760681051208154,1.6577423861750602,3.1604887070625582,1.7096415059409704
2020-08-07,0.0006328292699571136,22.209999084472656,Moderate-Vol,Moderate-Vol,Low-Vol,1.5770654871491816,1.658784862455388,3.162412375401936,1.710546496798837
2020-08-10,0.0027384652733921655,22.1299991607666,Moderate-Vol,Moderate-Vol,Low-Vol,1.581384226219605,1.6633495671081204,3.170741802568674,1.7144647699003237
2020-08-11,-0.008001055401377855,24.030000686645508,Moderate-Vol,Moderate-Vol,Low-Vol,1.5687314834147568,1.647361941218906,3.1463413685073847,1.702990411157145
2020-08-12,0.013899502293613253,22.280000686645508,Moderate-Vol,Moderate-Vol,Low-Vol,1.5905360702665434,1.674863072993936,3.188403810844906,1.7227903584018107
2020-08-13,-0.0020492726761567326,22.1299991607666,Moderate-Vol,Moderate-Vol,Low-Vol,1.5872766281573045,1.6707028458133548,3.1821194304488514,1.7198372134593178
2020-08-14,-0.00017189739627809786,22.049999237060547,Moderate-Vol,Moderate-Vol,Low-Vol,1.5870037794377512,1.6703565216962937,3.1815933221285575,1.7195899219408375
2020-08-17,0.002706177507423746,21.350000381469727,Moderate-Vol,Moderate-Vol,Low-Vol,1.5912984933698622,1.67580196531243,3.1898744662442438,1.7234824679287084
2020-08-18,0.002300740419816094,21.510000228881836,Moderate-Vol,Moderate-Vol,Low-Vol,1.5949596581335506,1.6807028039436676,3.1969332619165205,1.7267993274112317
2020-08-19,-0.004414123345181764,22.540000915527344,Moderate-Vol,Moderate-Vol,Low-Vol,1.5879193094719601,1.6707184379217646,3.183360525004812,1.720423465296235
2020-08-20,0.003153654768345504,22.719999313354492,Moderate-Vol,Moderate-Vol,Low-Vol,1.5929270587740243,1.677773290911793,3.193016349690399,1.7249618581588828
2020-08-21,0.0034351999829738133,22.540000915527344,Moderate-Vol,Moderate-Vol,Low-Vol,1.5983990817792033,1.685660108147929,3.203566109292576,1.7299184607824043
2020-08-24,0.009993615364901842,22.3700008392334,Moderate-Vol,Moderate-Vol,Low-Vol,1.614372867402117,1.7092737802932243,3.2343586636711583,1.7443795446383765
2020-08-25,0.003589899745540137,22.030000686645508,Moderate-Vol,Moderate-Vol,Low-Vol,1.6201683041480106,1.7181650520026461,3.245526264811578,1.749617669982634
2020-08-26,0.010144001344842835,23.270000457763672,Moderate-Vol,Moderate-Vol,Low-Vol,1.6366032936041597,1.7443086548999114,3.277191580519539,1.7644635188547713
2020-08-27,0.0016716460318093596,24.469999313354492,Moderate-Vol,Moderate-Vol,High-Vol,1.6393391150055592,1.7486824548617326,3.2824606696901526,1.7669307485653638
2020-08-28,0.006710002849569463,22.959999084472656,Moderate-Vol,Moderate-Vol,High-Vol,1.6503390851386572,1.766282951244404,3.3036448484195815,1.776848079693509
2020-08-31,-0.0021973751755091087,26.40999984741211,Moderate-Vol,High-Vol,High-Vol,1.6467126710018012,1.7604611717794199,3.3006014686387943,1.7735821480393816
2020-09-01,0.007496831420706229,26.1200008392334,Moderate-Vol,High-Vol,High-Vol,1.6590577982946426,1.7802579927207138,3.3109750667220936,1.7847041158752392
2020-09-02,0.015249050143870235,26.56999969482422,Moderate-Vol,High-Vol,High-Vol,1.6843568538524165,1.8209788578207498,3.332141968121985,1.8074687984344715
2020-09-03,-0.03575759414218638,33.599998474121094,Moderate-Vol,High-Vol,High-Vol,1.6241283050817519,1.72824124058368,3.2821902568414636,1.753406851654718
2020-09-04,-0.008166280754274169,30.75,Moderate-Vol,High-Vol,High-Vol,1.6108652173614908,1.7139403005029332,3.27095335356466,1.7414295334703933
2020-09-08,-0.028148829086466876,31.459999084472656,Moderate-Vol,High-Vol,High-Vol,1.5655212476766478,1.665404017649484,3.232352823468935,1.7004262325385957
2020-09-09,0.019944760662180983,28.809999465942383,Moderate-Vol,High-Vol,High-Vol,1.5967451942731175,1.6943691138442483,3.2593803419273835,1.7287949176233361
2020-09-10,-0.017741245925396498,29.709999084472656,Moderate-Vol,High-Vol,High-Vol,1.568416945101323,1.6691808473809113,3.2351378230842434,1.703139435873166
2020-09-11,0.000532930158087197,26.8700008392334,Moderate-Vol,High-Vol,High-Vol,1.5692528017918226,1.6699029632206492,3.2358606289501664,1.7038986653888875
2020-09-14,0.0126613350250242,25.850000381469727,Moderate-Vol,High-Vol,High-Vol,1.5891216372542667,1.687113423481423,3.253036860750388,1.7219444531090493
2020-09-15,0.005205785930499474,25.59000015258789,Moderate-Vol,High-Vol,High-Vol,1.5973942643153372,1.6941803266923405,3.2601364606341554,1.729442670440509
2020-09-16,-0.00462964689215184,26.040000915527344,Moderate-Vol,High-Vol,High-Vol,1.5899988929240085,1.6878535041706173,3.2538088138122174,1.722745264558134
2020-09-17,-0.008447949528552101,26.459999084472656,Moderate-Vol,High-Vol,High-Vol,1.5765666625261328,1.6763857791648369,3.2422848489421083,1.7105714983710665
2020-09-18,-0.011245576947828795,25.829999923706055,Moderate-Vol,High-Vol,High-Vol,1.5588372608093135,1.6613110646734344,3.226998932109192,1.6944807755389601
2020-09-21,-0.011638564027299125,27.780000686645508,Moderate-Vol,High-Vol,High-Vol,1.5406946335412448,1.6460101968435306,3.2112534194389784,1.6779843964935508
2020-09-22,0.010463016398377434,26.860000610351562,Moderate-Vol,High-Vol,High-Vol,1.556814946756879,1.659441011224028,3.2253394968133424,1.6926701895791334
2020-09-23,-0.0240073389143749,28.579999923706055,Moderate-Vol,High-Vol,High-Vol,1.519439962703122,1.6287694905493035,3.1928772898473126,1.658678797565394
2020-09-24,0.002983005554629159,28.510000228881836,Moderate-Vol,High-Vol,High-Vol,1.523972460551791,1.6323166654538248,3.1968702490586702,1.6628175451112543
2020-09-25,0.01585043922418805,26.3799991607666,Moderate-Vol,High-Vol,High-Vol,1.5481280934171036,1.6516273224672737,3.2181136915402178,1.6848639856055527
2020-09-28,0.015982191853854744,26.190000534057617,Moderate-Vol,High-Vol,High-Vol,1.572870573620438,1.6707521704046016,3.2396760522392385,1.7073884134439026
2020-09-29,-0.004824282704444016,26.270000457763672,Moderate-Vol,High-Vol,High-Vol,1.565282601315792,1.6650664640462813,3.2331237651296236,1.7004984382147026
2020-09-30,0.008219842568379931,26.3700008392334,Moderate-Vol,High-Vol,High-Vol,1.5781489778736322,1.6747109895810481,3.244265284342816,1.7121905327485092
2020-10-01,0.005278949564294422,26.700000762939453,Moderate-Vol,High-Vol,High-Vol,1.58647994673277,1.6809013868143614,3.251445251472175,1.7197510617742264
2020-10-02,-0.00962381286637104,27.6299991607666,Moderate-Vol,High-Vol,High-Vol,1.5712119606091635,1.6695853514116983,3.238326811293515,1.7059069423559292
2020-10-05,0.01781310900290123,27.959999084472656,Moderate-Vol,High-Vol,High-Vol,1.5992001305301566,1.6902365904415602,3.262510301817318,1.731325309186887
2020-10-06,-0.014072064387523397,29.479999542236328,Moderate-Vol,High-Vol,High-Vol,1.5766960833248005,1.6741765037514251,3.2432630694618862,1.7109460181131049
2020-10-07,0.01724716377024116,28.059999465942383,Moderate-Vol,High-Vol,High-Vol,1.603889618889801,1.6935302160921601,3.2667139118600184,1.7356295087341949
2020-10-08,0.00797821289486933,26.360000610351562,Moderate-Vol,High-Vol,High-Vol,1.6166857917291748,1.7023615311674445,3.2776402668676674,1.7472123532699968
2020-10-09,0.008755095180752903,25.0,Moderate-Vol,Moderate-Vol,High-Vol,1.6308400297131347,1.7121359874676232,3.3052404239934288,1.7600079087567966
2020-10-13,-0.006326891629163001,26.06999969482422,Moderate-Vol,High-Vol,High-Vol,1.6205218815806388,1.705076625569643,3.296473403227415,1.7506934506020069
2020-10-14,-0.006645172084059681,26.399999618530273,Moderate-Vol,High-Vol,High-Vol,1.6097532348115513,1.6976851192852338,3.2872897729334465,1.7409621941031215
2020-10-15,-0.0015289235142130764,26.969999313354492,Moderate-Vol,High-Vol,High-Vol,1.6072920452387673,1.695996586494975,3.2851826865891494,1.7387356685629847
2020-10-16,0.0001349104566301662,27.40999984741211,Moderate-Vol,High-Vol,High-Vol,1.6075088857425286,1.696146271307399,3.2853684942951555,1.738931883360507
2020-10-19,-0.01646466351494169,29.18000030517578,Moderate-Vol,High-Vol,High-Vol,1.581041792841499,1.6774567235782818,3.2626909757095706,1.714982848792406
2020-10-20,0.004716195320000338,29.350000381469727,Moderate-Vol,High-Vol,High-Vol,1.588498294745623,1.6832566441493242,3.2691419648179445,1.7217484149479167
2020-10-21,-0.002198114011569885,28.649999618530273,Moderate-Vol,High-Vol,High-Vol,1.5850065943865879,1.6805358903104133,3.266129357136693,1.718582695039428
2020-10-22,0.005205354003491536,28.110000610351562,Moderate-Vol,High-Vol,High-Vol,1.5932571148082386,1.6875752720950348,3.273256939349179,1.7260656526586886
2020-10-23,0.003439838320389299,27.549999237060547,Moderate-Vol,High-Vol,High-Vol,1.598737661685989,1.692474779175039,3.277977316630555,1.731032123863106
2020-10-26,-0.018764472985321135,32.459999084472656,Moderate-Vol,High-Vol,High-Vol,1.5687381920226668,1.6644173166648923,3.2521903119368063,1.703861846002933
2020-10-27,-0.0030302053504467352,33.349998474121094,Moderate-Vol,High-Vol,High-Vol,1.5639845931597496,1.6601888029989977,3.2480588229789196,1.699543086506653
2020-10-28,-0.035925542108577346,40.279998779296875,Moderate-Vol,High-Vol,High-Vol,1.5077975988010228,1.6090773258986313,3.1991388960133733,1.6484704720441614
2020-10-29,0.011876524939998134,37.59000015258789,Moderate-Vol,High-Vol,High-Vol,1.5257049945876524,1.6232704574432497,3.215067622870372,1.6648470493013252
2020-10-30,-0.0122037134452615,38.02000045776367,Moderate-Vol,High-Vol,High-Vol,1.5070857280317005,1.6088191378969596,3.198618577545468,1.6478521371844965
2020-11-02,0.012242950890591686,37.130001068115234,Moderate-Vol,High-Vol,High-Vol,1.5255369045879041,1.6230893863392946,3.2150360821460064,1.6647276480133566
2020-11-03,0.01764273768407776,35.54999923706055,Moderate-Vol,High-Vol,High-Vol,1.5524515520229285,1.6436868723287295,3.238816003406653,1.6892951924554749
2020-11-04,0.02180752565509181,29.56999969482422,Moderate-Vol,High-Vol,High-Vol,1.5863066790719555,1.6690073559644654,3.268426879193941,1.7201103589896674
2020-11-05,0.019273265776702075,27.579999923706055,Moderate-Vol,High-Vol,High-Vol,1.616879989301067,1.690992357863089,3.294835922436032,1.7478412741771316
2020-11-06,-0.0002877565853740549,24.860000610351562,Moderate-Vol,Moderate-Vol,High-Vol,1.6164147214363862,1.690649440909787,3.293924019823713,1.747420567075548
2020-11-09,0.011631974746343587,25.75,Moderate-Vol,High-Vol,High-Vol,1.6352168166557524,1.7045017544023235,3.3099869810762765,1.7644227026391182
2020-11-10,-0.0014007752208673452,24.799999237060547,Moderate-Vol,Moderate-Vol,High-Vol,1.6329262454582354,1.7028037093259498,3.3055275019807477,1.7623553066529019
2020-11-12,-0.010028651547070666,25.350000381469727,Moderate-Vol,High-Vol,High-Vol,1.6165501971404683,1.690418163835952,3.2916298350108804,1.747571421054189
2020-11-13,0.013518546706293932,23.100000381469727,Moderate-Vol,Moderate-Vol,High-Vol,1.6384036064835805,1.7068424382276493,3.3344285167294707,1.7673328124835703
2020-11-16,0.011580734922832292,22.450000762939453,Moderate-Vol,Moderate-Vol,High-Vol,1.6573775243468793,1.7209067504462947,3.3715689468199086,1.7844529418709527
2020-11-17,-0.004803443784647143,22.709999084472656,Moderate-Vol,Moderate-Vol,Low-Vol,1.6494164045787414,1.7150751104567858,3.3559922935119615,1.7772830865371088
2020-11-18,-0.011631210647481183,23.84000015258789,Moderate-Vol,Moderate-Vol,Low-Vol,1.630231694931675,1.7008853502987988,3.3184487490083345,1.7599915291632104
2020-11-19,0.003938675690733362,23.110000610351562,Moderate-Vol,Moderate-Vol,Low-Vol,1.6366526488787656,1.70570294561995,3.3310198910487214,1.7657899987168428
2020-11-20,-0.006815737372919628,23.700000762939453,Moderate-Vol,Moderate-Vol,Low-Vol,1.6254976542533146,1.6971532135499983,3.309183570049754,1.7557228964300022
2020-11-23,0.005620108181849659,22.65999984741211,Moderate-Vol,Moderate-Vol,Low-Vol,1.634633126919561,1.7043241909971045,3.327071287695833,1.7639766828987702
2020-11-24,0.016032458814033035,21.639999389648438,Moderate-Vol,Moderate-Vol,Low-Vol,1.660840315202953,1.724934356645847,3.378375335966103,1.7876329139875247
2020-11-25,-0.0015856747555105244,21.25,Moderate-Vol,Moderate-Vol,Low-Vol,1.6582067626422015,1.7229092244850026,3.3732229142007077,1.7852618403855418
2020-11-27,0.002394111025902035,20.84000015258789,Moderate-Vol,Moderate-Vol,Low-Vol,1.6621766937358684,1.7259778351036774,3.3809903688229093,1.788837027610743
2020-11-30,-0.004606140636973066,20.56999969482422,Moderate-Vol,Moderate-Vol,Low-Vol,1.654520474121022,1.7200274877098165,3.3660117929468036,1.7819447850904144
2020-12-01,0.011208140661594257,20.770000457763672,Moderate-Vol,Moderate-Vol,Low-Vol,1.673064572322458,1.734416754781124,3.402297751659903,1.7986510897337817
2020-12-02,0.0017895645286039041,21.170000076293945,Moderate-Vol,Moderate-Vol,Low-Vol,1.67605862933515,1.7367093162968632,3.408153859656773,1.8013435349106535
2020-12-03,-0.0006243520802939884,21.280000686645508,Moderate-Vol,Moderate-Vol,Low-Vol,1.67501217864323,1.7358789806480823,3.406107235236282,1.8004027752446992
2020-12-04,0.008797463715186638,20.790000915527344,Moderate-Vol,Moderate-Vol,Low-Vol,1.6897480375073395,1.7475748805031175,3.4349279798654093,1.813651672706698
2020-12-07,-0.0019375134389640891,21.299999237060547,Moderate-Vol,Moderate-Vol,Low-Vol,1.6864741279762059,1.7449898583087922,3.428526921968427,1.8107123234989033
2020-12-08,0.0027832711701716306,20.68000030517578,Moderate-Vol,Moderate-Vol,Low-Vol,1.6911680427958424,1.7486950736496758,3.437705015545703,1.814927905673065
2020-12-09,-0.007980964948473002,22.270000457763672,Moderate-Vol,Moderate-Vol,Low-Vol,1.6776708899243111,1.738046086826742,3.4113165943501116,1.8028116797525873
2020-12-10,-0.0012859345277718148,22.520000457763672,Moderate-Vol,Moderate-Vol,Low-Vol,1.6755135150007199,1.7362727571579208,3.4070973927174717,1.8008724833294711
2020-12-11,-0.0012657980842316618,23.309999465942383,Moderate-Vol,Moderate-Vol,Low-Vol,1.6733926532033276,1.734525642406916,3.402949396244954,1.7989657060110027
2020-12-14,-0.00436878824514686,24.719999313354492,Moderate-Vol,Moderate-Vol,Low-Vol,1.6660819550504977,1.7269695240119038,3.388650389134193,1.7923916036737084
2020-12-15,0.012838482022218045,22.889999389648438,Moderate-Vol,Moderate-Vol,Low-Vol,1.6874719182779554,1.749147379282194,3.4304940658403558,1.81164020418
2020-12-16,0.0017712256203239463,22.5,Moderate-Vol,Moderate-Vol,Low-Vol,1.6904608117731865,1.752343127306798,3.4363381969987756,1.8143243024771294
2020-12-17,0.0057411428089828576,21.93000030517578,Moderate-Vol,Moderate-Vol,Low-Vol,1.7001659887065654,1.7628741980644278,3.4553132783151463,1.8230372650555038
2020-12-18,-0.003517296952148641,21.56999969482422,Moderate-Vol,Moderate-Vol,Low-Vol,1.6941860000563411,1.7560893613423854,3.4436240494723456,1.817673655412448
2020-12-21,-0.003913928486909413,25.15999984741211,Moderate-Vol,High-Vol,Low-Vol,1.6875550772085974,1.7479213866827064,3.437973545269251,1.811722772847662
2020-12-22,-0.0020752446917704503,24.229999542236328,Moderate-Vol,Moderate-Vol,Low-Vol,1.68405298749255,1.7432520593986751,3.4311113789740673,1.8085778236389343
2020-12-23,0.000745533271818033,23.309999465942383,Moderate-Vol,Moderate-Vol,Low-Vol,1.6853085050262304,1.7449200751105818,3.4335716969647,1.809705687840295
2020-12-24,0.0035303499794867577,21.530000686645508,Moderate-Vol,Moderate-Vol,Low-Vol,1.6912582338723787,1.7531136919517034,3.445230481538942,1.8150498335821423
2020-12-28,0.00868470753841244,21.700000762939453,Moderate-Vol,Moderate-Vol,Low-Vol,1.7059463170054923,1.7733680216247543,3.474008631750057,1.8282353253620995
2020-12-29,-0.002229864827279826,23.079999923706055,Moderate-Vol,Moderate-Vol,Low-Vol,1.7021422873159742,1.7679544593113403,3.466557901734122,1.8248252559876608
2020-12-30,0.00134064809508061,22.770000457763672,Moderate-Vol,Moderate-Vol,Low-Vol,1.7044242611310205,1.7713619591889735,3.4710278515796693,1.8268716471870339
2020-12-31,0.006418204711703623,22.75,Moderate-Vol,Moderate-Vol,Low-Vol,1.7153636049545535,1.7884154046978724,3.4924548362879997,1.836679505462356
2021-01-04,-0.014864762712026192,26.969999313354492,Moderate-Vol,High-Vol,Low-Vol,1.6898651320020583,1.748538848765823,3.4706904029921657,1.813842248328813
2021-01-05,0.00705763138336124,25.34000015258789,Moderate-Vol,High-Vol,Low-Vol,1.701791577191324,1.7664442238978977,3.480959527759409,1.8245503149844366
2021-01-06,0.005693603382475487,25.06999969482422,Moderate-Vol,High-Vol,Low-Vol,1.7114809034714886,1.780882979800642,3.4892684514159593,1.8332398319610268
2021-01-07,0.0147382601077517,22.3700008392334,Moderate-Vol,Moderate-Vol,Low-Vol,1.7367051541963012,1.819374569884949,3.5387302605029385,1.8558403338021847
2021-01-08,0.005476837393516121,21.559999465942383,Moderate-Vol,Moderate-Vol,Low-Vol,1.7462168059263157,1.833148488155191,3.5573711530488508,1.8643423717124545
2021-01-11,-0.006576327616620858,24.079999923706055,Moderate-Vol,Moderate-Vol,Low-Vol,1.7347331121208949,1.8151950851023135,3.5348701428879945,1.8540867571206772
2021-01-12,0.0004157020305690651,23.329999923706055,Moderate-Vol,Moderate-Vol,Low-Vol,1.735454244198099,1.816292465847644,3.5362834775373253,1.8547314676733042
2021-01-13,0.0022730563867252584,22.209999084472656,Moderate-Vol,Moderate-Vol,Low-Vol,1.7393990295517427,1.822295716173753,3.54401467342564,1.8582579672049762
2021-01-14,-0.00376051306874281,23.25,Moderate-Vol,Moderate-Vol,Low-Vol,1.732857996769355,1.812174150588921,3.531196326843909,1.852412682262386
2021-01-15,-0.0072160007982784435,24.34000015258789,Moderate-Vol,Moderate-Vol,Low-Vol,1.720353692081364,1.7925591754130172,3.5066883290350113,1.841231521309417
2021-01-19,0.008103457635762368,23.239999771118164,Moderate-Vol,Moderate-Vol,Low-Vol,1.7342945053436727,1.8140212457333917,3.534019417641378,1.853712003021293
2021-01-20,0.013839417376511065,21.579999923706055,Moderate-Vol,Moderate-Vol,Low-Vol,1.7582961308569136,1.8503970707954214,3.581060373165139,1.8751711596776637
2021-01-21,0.00031667316131311907,21.31999969482422,Moderate-Vol,Moderate-Vol,Low-Vol,1.7588529360511966,1.8512132293431933,3.58215109070387,1.875667871793482
2021-01-22,-0.0030151526629378367,21.90999984741211,Moderate-Vol,Moderate-Vol,Low-Vol,1.7535497259373458,1.8434098758509092,3.571762835689716,1.8709372543744045
2021-01-25,0.003609317513017629,23.190000534057617,Moderate-Vol,Moderate-Vol,Low-Vol,1.7598788436731188,1.852653380936416,3.584162133726682,1.87658580327071
2021-01-26,-0.0014899431611539171,23.020000457763672,Moderate-Vol,Moderate-Vol,Low-Vol,1.7572567242255286,1.848692994799024,3.5790258767455567,1.8742470160694167
2021-01-27,-0.026013315126100167,37.209999084472656,Moderate-Vol,High-Vol,High-Vol,1.7115446513007915,1.7797289300081622,3.5399940278016486,1.8334643971649083
2021-01-28,0.009713298778759594,30.209999084472656,Moderate-Vol,High-Vol,High-Vol,1.7281693958720639,1.799430824714252,3.554409466413672,1.8483611567819422
2021-01-29,-0.019500377654791734,33.09000015258789,Moderate-Vol,High-Vol,High-Vol,1.6944694400011053,1.759898329404121,3.52535124269706,1.818211495566364
2021-02-01,0.015924300234678057,30.239999771118164,Moderate-Vol,High-Vol,High-Vol,1.7214526801021697,1.789622723291122,3.5488866291993735,1.8424305585888476
2021-02-02,0.013802528814311543,25.559999465942383,Moderate-Vol,High-Vol,High-Vol,1.7452130803217536,1.8145601961383193,3.569422322625917,1.8637022670246888
2021-02-03,0.0010082606153449802,22.90999984741211,Moderate-Vol,Moderate-Vol,Low-Vol,1.7469727099360268,1.8163567036295454,3.5728837891399667,1.8652740837930009
2021-02-04,0.010794847643921912,21.770000457763672,Moderate-Vol,Moderate-Vol,Low-Vol,1.7658310141778757,1.835683207730916,3.6099795944879784,1.88211678538973
2021-02-05,0.0038899196077633036,20.8700008392334,Moderate-Vol,Moderate-Vol,Low-Vol,1.7726999548639228,1.8426403948372827,3.6234858440199256,1.8882408501528922
2021-02-08,0.007372107476289358,21.239999771118164,Moderate-Vol,Moderate-Vol,Low-Vol,1.785768489454393,1.8558972742506072,3.6491784184452953,1.8998848349019262
2021-02-09,-0.001114145421722057,21.6299991607666,Moderate-Vol,Moderate-Vol,Low-Vol,1.7837788836676118,1.8538900425668663,3.645267971716711,1.8981142296946507
2021-02-10,-0.00034524452239104164,21.989999771118164,Moderate-Vol,Moderate-Vol,Low-Vol,1.7831630437788688,1.853269452553196,3.644057525066767,1.8975660767861957
2021-02-11,0.001661074814588659,21.25,Moderate-Vol,Moderate-Vol,Low-Vol,1.786125011001195,1.856279039455371,3.649879412630236,1.9002026429979297
2021-02-12,0.0046999709261612566,19.969999313354492,Moderate-Vol,Moderate-Vol,Low-Vol,1.7945197466233902,1.864831438660687,3.666378620105337,1.907673108596802
2021-02-16,-0.0005694345154143576,21.459999084472656,Moderate-Vol,Moderate-Vol,Low-Vol,1.7934978851410701,1.863792180623042,3.6643705887240547,1.9067644508649186
2021-02-17,-0.0003204533489178374,21.5,Moderate-Vol,Moderate-Vol,Low-Vol,1.7929231527374996,1.863205717508455,3.663241173599039,1.90625334078975
2021-02-18,-0.004425614227242747,22.489999771118164,Moderate-Vol,Moderate-Vol,Low-Vol,1.7849883665243915,1.8546640756455444,3.6476482172674496,1.899196557944114
2021-02-19,-0.0018566190956654793,22.049999237060547,Moderate-Vol,Moderate-Vol,Low-Vol,1.7816743230375616,1.8511057377274314,3.6411345561950093,1.896247078944013
2021-02-22,-0.007762892893710571,23.450000762939453,Moderate-Vol,Moderate-Vol,Low-Vol,1.7678433760963468,1.836237103474151,3.6139482803782705,1.8839338742308542
2021-02-23,0.0012555296115266401,23.110000610351562,Moderate-Vol,Moderate-Vol,Low-Vol,1.770062955803577,1.8386796200760753,3.618312416509812,1.8859124158762925
2021-02-24,0.011287667670986323,21.34000015258789,Moderate-Vol,Moderate-Vol,Low-Vol,1.7900428382054114,1.8607816978805147,3.6575949666238268,1.903718905672616
2021-02-25,-0.024783394424172656,28.889999389648438,Moderate-Vol,High-Vol,High-Vol,1.7456795005100012,1.812262129890286,3.619592220213526,1.864253534428875
2021-02-26,-0.004761532293798609,27.950000762939453,Moderate-Vol,High-Vol,High-Vol,1.7373673911937006,1.8042276509723514,3.612366769146959,1.856828400521853
2021-03-01,0.023512173225693545,23.350000381469727,Moderate-Vol,Moderate-Vol,High-Vol,1.7782166742521182,1.8435984517801234,3.6940577305850373,1.8933472531209365
2021-03-02,-0.008113678739508856,24.100000381469727,Moderate-Vol,Moderate-Vol,High-Vol,1.7637887954279985,1.8307679476676377,3.6652299716093157,1.880497326054223
2021-03-03,-0.013152335894801581,26.670000076293945,Moderate-Vol,High-Vol,High-Vol,1.740590852743042,1.8101593497929187,3.64502013953749,1.8598088646798079
2021-03-04,-0.013508038064390604,28.56999969482422,Moderate-Vol,High-Vol,High-Vol,1.717078885249659,1.789606531933863,3.6243781862018074,1.8387946497351684
2021-03-05,0.019308356338710198,24.65999984741211,Moderate-Vol,Moderate-Vol,High-Vol,1.7502328562277347,1.8187468152002069,3.6916864222726105,1.8684929174295568
2021-03-08,-0.00537364322402567,25.469999313354492,Moderate-Vol,High-Vol,Low-Vol,1.7408277292993994,1.8109121369636352,3.6833696996578755,1.8600942020173408
2021-03-09,0.014055400743931301,24.030000686645508,Moderate-Vol,Moderate-Vol,Low-Vol,1.7652957606608504,1.8312680871389564,3.733163805712828,1.881963294068256
2021-03-10,0.006012203770987767,22.559999465942383,Moderate-Vol,Moderate-Vol,Low-Vol,1.7759090784900042,1.8398791464454674,3.7547511955533635,1.8914277885266548
2021-03-11,0.010341825500656654,21.90999984741211,Moderate-Vol,Moderate-Vol,Low-Vol,1.7942752202847798,1.8547095097072939,3.7920992313177027,1.9077899077126605
2021-03-12,0.001014883327531635,20.690000534057617,Moderate-Vol,Moderate-Vol,Low-Vol,1.79609620029085,1.8563019409617352,3.795800794847618,1.9094094759316718
2021-03-15,0.006470939539413578,20.030000686645508,Moderate-Vol,Moderate-Vol,Low-Vol,1.8077186302099026,1.8665600662640685,3.819425160213374,1.9197446785806123
2021-03-16,-0.0015709169785971255,19.790000915527344,Moderate-Vol,Moderate-Vol,Low-Vol,1.8048788543211796,1.863888704781624,3.813654298938679,1.917222073378544
2021-03-17,0.0028752446501592033,19.229999542236328,Moderate-Vol,Moderate-Vol,Low-Vol,1.810068322591252,1.8689217418169397,3.8242007301104293,1.9218331231019492
2021-03-18,-0.014870560065947558,21.579999923706055,Moderate-Vol,Moderate-Vol,Low-Vol,1.78315159287669,1.8421243033197818,3.7695044990164397,1.8979277470038418
2021-03-19,-0.0006028856737536614,20.950000762939453,Moderate-Vol,Moderate-Vol,Low-Vol,1.7820765563272136,1.841098814535999,3.7673187080531774,1.8969706251777088
2021-03-22,0.007000556898342225,18.8799991607666,Moderate-Vol,Moderate-Vol,Low-Vol,1.794552084656984,1.853208579203712,3.7926848459001854,1.9080788785341158
2021-03-23,-0.007660118119334314,20.299999237060547,Moderate-Vol,Moderate-Vol,Low-Vol,1.780805603717214,1.839941444372593,3.7647419367268764,1.895852879092498
2021-03-24,-0.005482336600348248,21.200000762939453,Moderate-Vol,Moderate-Vol,Low-Vol,1.7710426279778497,1.8305309012692403,3.744890574933855,1.8871588135503745
2021-03-25,0.0052265834327283045,19.809999465942383,Moderate-Vol,Moderate-Vol,Low-Vol,1.7802991300358944,1.8394151383724107,3.7637160704313346,1.8954092878943716
2021-03-26,0.01649441865871637,18.860000610351562,Moderate-Vol,Moderate-Vol,Low-Vol,1.8096641292244549,1.8674570365334184,3.823425546879173,1.921560546713364
2021-03-29,-0.0008683896263868007,20.739999771118164,Moderate-Vol,Moderate-Vol,Low-Vol,1.808092635667392,1.8660190682346864,3.8202321223220657,1.9201647528615102
2021-03-30,-0.0031628294096499587,19.610000610351562,Moderate-Vol,Moderate-Vol,Low-Vol,1.8023739471039317,1.8607722871777053,3.808610816859196,1.9150847162435518
2021-03-31,0.0036159535924209507,19.399999618530273,Moderate-Vol,Moderate-Vol,Low-Vol,1.808891247652848,1.8667438309167432,3.8218566366066993,1.920877181256786
2021-04-01,0.011755830427674141,17.329999923706055,Moderate-Vol,Moderate-Vol,Low-Vol,1.8301562664223587,1.8861885195995645,3.865069903622699,1.9397660301062518
2021-04-05,0.0143349877622434,17.90999984741211,Moderate-Vol,Moderate-Vol,Low-Vol,1.8563915341045163,1.9097961450255974,3.9183597018286345,1.9630254702496992
2021-04-06,-0.0009740049407973572,18.1200008392334,Moderate-Vol,Moderate-Vol,Low-Vol,1.8545833995782441,1.9082099783244681,3.9146889514063243,1.96142613438804
2021-04-07,0.001474145698107776,17.15999984741211,Moderate-Vol,Moderate-Vol,Low-Vol,1.8573173257185145,1.9106361271093306,3.9202393869767898,1.963844739397079
2021-04-08,0.00421175094059123,16.950000762939453,Moderate-Vol,Moderate-Vol,Low-Vol,1.8651398837120858,1.9175767678488989,3.936119905016071,1.9707634061413717
2021-04-09,0.0076902881356879504,16.690000534057617,Moderate-Vol,Moderate-Vol,Low-Vol,1.8794833468311953,1.9304593330239939,3.9652338011289476,1.9834407912254481
2021-04-12,-0.00019609807474019192,16.90999984741211,Moderate-Vol,Moderate-Vol,Low-Vol,1.8791147837653754,1.9300892962313914,3.9644859218069373,1.9831154454653037
2021-04-13,0.0032890718770630656,16.649999618530273,Moderate-Vol,Moderate-Vol,Low-Vol,1.8852953273544315,1.936348214937497,3.9770274263705425,1.9885714401976826
2021-04-14,-0.004096104320730376,16.989999771118164,Moderate-Vol,Moderate-Vol,Low-Vol,1.8775729610182021,1.9277741369147734,3.9613592305390677,1.9817580260558867
2021-04-15,0.011033101401119794,16.56999969482422,Moderate-Vol,Moderate-Vol,Low-Vol,1.8982884138851168,1.9511145887967165,4.003396183951845,2.000047483247027
2021-04-16,0.003602323390516915,16.25,Moderate-Vol,Moderate-Vol,Low-Vol,1.9051266626404024,1.95915869769151,4.017266956974064,2.0060741279046517
2021-04-19,-0.0053206898937574465,17.290000915527344,Moderate-Vol,Moderate-Vol,Low-Vol,1.8949900744601638,1.9462837359837886,3.9967086173457367,1.9971458539944549
2021-04-20,-0.006825561005078029,18.68000030517578,Moderate-Vol,Moderate-Vol,Low-Vol,1.8820557041029187,1.9288585158232234,3.9704706470716054,1.9857433373028437
2021-04-21,0.009263020919853204,17.5,Moderate-Vol,Moderate-Vol,Low-Vol,1.899489225462353,1.9520992584881598,4.005844635610951,2.001129429831991
2021-04-22,-0.009253337860554822,18.709999084472656,Moderate-Vol,Moderate-Vol,Low-Vol,1.8819126098966663,1.9279026281698717,3.9701927982094514,1.9856403299796235
2021-04-23,0.0108694098955322,17.329999923706055,Moderate-Vol,Moderate-Vol,Low-Vol,1.902367889441204,1.9548988545481836,4.011698423419236,2.00369373530396
2021-04-26,0.0017806845645829128,17.639999389648438,Moderate-Vol,Moderate-Vol,Low-Vol,1.9057554065780902,1.959370409548036,4.01856918167116,2.006678230714806
2021-04-27,-0.0002149189814453223,17.559999465942383,Moderate-Vol,Moderate-Vol,Low-Vol,1.9053458235672245,1.9588293260200922,4.0177384981040305,2.006317481749681
2021-04-28,-0.0008458975873963936,17.280000686645508,Moderate-Vol,Moderate-Vol,Low-Vol,1.9037340961319131,1.956688961159955,4.014469694343095,2.004897868563789
2021-04-29,0.0067400415367036,17.610000610351562,Moderate-Vol,Moderate-Vol,Low-Vol,1.9165653430146812,1.9737485124459788,4.040494060028903,2.016201224618435
2021-04-30,-0.007220713417121161,18.610000610351562,Moderate-Vol,Moderate-Vol,Low-Vol,1.9027263739275857,1.95544682703025,4.012433006161911,2.004023488366708
2021-05-03,0.002744321649512216,18.309999465942383,Moderate-Vol,Moderate-Vol,Low-Vol,1.907948067108653,1.9628253690233521,4.023023889938288,2.008623833340566
2021-05-04,-0.0067007374898473415,19.479999542236328,Moderate-Vol,Moderate-Vol,Low-Vol,1.8951634079666964,1.9446893029761192,3.9970961529854625,1.997365507947421
2021-05-05,0.00070321644711413,19.149999618530273,Moderate-Vol,Moderate-Vol,Low-Vol,1.8964961180451474,1.9465395867547697,3.9997996320542746,1.9985404031932954
2021-05-06,0.008132299498631923,18.389999389648438,Moderate-Vol,Moderate-Vol,Low-Vol,1.9119189924750832,1.96868446504825,4.0310849805370275,2.012135392742384
2021-05-07,0.007346291419187523,16.690000534057617,Moderate-Vol,Moderate-Vol,Low-Vol,1.9259645065636846,1.989133220274348,4.059567572105464,2.024499931877559
2021-05-10,-0.0104904805031385,19.65999984741211,Moderate-Vol,Moderate-Vol,Low-Vol,1.9057602134578415,1.9598050234552171,4.018607137893668,2.006734910746866
2021-05-11,-0.008711750141781494,21.84000015258789,Moderate-Vol,Moderate-Vol,Low-Vol,1.8891577066480487,1.9354008770905122,3.9849350257923626,1.9921115229183421
2021-05-12,-0.021682782358302788,27.59000015258789,Moderate-Vol,High-Vol,Low-Vol,1.8481955112542887,1.8776630615967693,3.948711156412484,1.955980418312201
2021-05-13,0.012099644578093205,23.1299991607666,Moderate-Vol,Moderate-Vol,Low-Vol,1.8705580200512928,1.9043855916017276,3.9946645275000745,1.975776976779991
2021-05-14,0.014807778563623586,18.809999465942383,Moderate-Vol,Moderate-Vol,Low-Vol,1.8982568290026225,1.9365705496123624,4.0515576304175,2.000249593734979
2021-05-17,-0.0025332581839609958,19.719999313354492,Moderate-Vol,Moderate-Vol,Low-Vol,1.8934480543552918,1.9310724583839225,4.041685954906474,1.9960110543191487
2021-05-18,-0.00855377238403321,21.34000015258789,Moderate-Vol,Moderate-Vol,Low-Vol,1.877251930677346,1.9117653038813387,4.008434576688911,1.9817295744310932
2021-05-19,-0.0029477518113782963,22.18000030517578,Moderate-Vol,Moderate-Vol,Low-Vol,1.8717182578982785,1.9053143425765542,3.9970699516636086,1.9768431871324164
2021-05-20,0.010499429334508648,20.670000076293945,Moderate-Vol,Moderate-Vol,Low-Vol,1.891370231481191,1.9281578994736226,4.037434197253528,1.9942048171168536
2021-05-21,-0.0007841880752526009,20.149999618530273,Moderate-Vol,Moderate-Vol,Low-Vol,1.8898870414997757,1.9264681288424308,4.03438900239891,1.9928967122066765
2021-05-24,0.009862497481215371,18.399999618530273,Moderate-Vol,Moderate-Vol,Low-Vol,1.9085260476863488,1.9479749827625488,4.072658615602836,2.0093375625820236
2021-05-25,-0.002127545400828268,18.84000015258789,Moderate-Vol,Moderate-Vol,Low-Vol,1.9044655718712327,1.9433842472520848,4.06432475484043,2.005761671184523
2021-05-26,0.0018750575506114586,17.360000610351562,Moderate-Vol,Moderate-Vol,Low-Vol,1.9080365544216493,1.9474218623913377,4.0716545594963165,2.0089075827560245
2021-05-27,0.001164636089862725,16.739999771118164,Moderate-Vol,Moderate-Vol,Low-Vol,1.910258722653706,1.9499462531700562,4.076215459655059,2.0108646366381624
2021-05-28,0.0007685864528870212,16.760000228881836,Moderate-Vol,Moderate-Vol,Low-Vol,1.9117269216294468,1.9516610721792311,4.079228738019179,2.012157427110864
2021-06-01,-0.0004924547586302452,17.899999618530273,Moderate-Vol,Moderate-Vol,Low-Vol,1.9107854826096888,1.9505582244223574,4.0772966193666385,2.0113285676950414
2021-06-02,0.0014458890369013488,17.479999542236328,Moderate-Vol,Moderate-Vol,Low-Vol,1.9135482663908645,1.9538196521186681,4.08296679704654,2.013761166941416
2021-06-03,-0.0036353030560487554,18.040000915527344,Moderate-Vol,Moderate-Vol,Low-Vol,1.906591938530157,1.9454936218894214,4.068690819179759,2.007637646608612
2021-06-04,0.008795303383015707,16.420000076293945,Moderate-Vol,Moderate-Vol,Low-Vol,1.9233609930571418,1.9658961278238074,4.1031095545835194,2.0224079268803363
2021-06-07,-0.0007970562694215033,16.420000076293945,Moderate-Vol,Moderate-Vol,Low-Vol,1.9218279661192648,1.9640149959219575,4.099964041533533,2.021059553028424
2021-06-08,0.00017500954944082991,17.06999969482422,Moderate-Vol,Moderate-Vol,Low-Vol,1.9221643043657182,1.9644401788761738,4.100654171984943,2.0213554179235276
2021-06-09,-0.001825532590615353,17.889999389648438,Moderate-Vol,Moderate-Vol,Low-Vol,1.918655330783581,1.9600014320030599,4.093454178034438,2.0182687859223694
2021-06-10,0.00464145477646305,16.100000381469727,Moderate-Vol,Moderate-Vol,Low-Vol,1.9275606827330327,1.9712475352252743,4.11172817097377,2.0261046285974524
2021-06-11,0.0019465389328079397,15.649999618530273,Moderate-Vol,Moderate-Vol,Low-Vol,1.9313127546473223,1.975967428469838,4.119426152882648,2.0294035923528524
2021-06-14,0.0018135563851373604,16.389999389648438,Moderate-Vol,Moderate-Vol,Low-Vol,1.9348152992252101,1.9804253777776692,4.126611655977776,2.032482183870913
2021-06-15,-0.0020137199542773487,17.020000457763672,Moderate-Vol,Moderate-Vol,Low-Vol,1.9309191230493192,1.9753779839127208,4.118619166552833,2.02905862025754
2021-06-16,-0.005404703747025508,18.149999618530273,Moderate-Vol,Moderate-Vol,Low-Vol,1.9204830772297714,1.9618711733333,4.097209350993494,2.0198854581445844
2021-06-17,-0.00043581054367258787,17.75,Moderate-Vol,Moderate-Vol,Low-Vol,1.9196461104557698,1.9607838157162956,4.095491935864106,2.0191491204108245
2021-06-18,-0.013211355687284154,20.700000762939453,Moderate-Vol,Moderate-Vol,Low-Vol,1.8942849828968271,1.927846857127984,4.043451268594534,1.9968355863449156
2021-06-21,0.013905163512319518,17.889999389648438,Moderate-Vol,Moderate-Vol,Low-Vol,1.9206253253229388,1.9608021101654174,4.0975289060302185,2.020061402759465
2021-06-22,0.005111406378990324,16.65999984741211,Moderate-Vol,Moderate-Vol,Low-Vol,1.930442421862445,1.9726435160716798,4.117673189899505,2.0286982962162114
2021-06-23,-0.0010838705186486663,16.31999969482422,Moderate-Vol,Moderate-Vol,Low-Vol,1.9283500722334395,1.970053695820176,4.1133806071642125,2.0268590179077353
2021-06-24,0.005794429545916913,15.970000267028809,Moderate-Vol,Moderate-Vol,Low-Vol,1.9395237608668598,1.9842206818616244,4.136305060022405,2.036682982967625
2021-06-25,0.0033250631646861706,15.619999885559082,Moderate-Vol,Moderate-Vol,Low-Vol,1.9459727998811518,1.9939929710847533,4.149533293673344,2.0423476699340735
2021-06-28,0.0023122888604731884,15.760000228881836,Moderate-Vol,Moderate-Vol,Low-Vol,1.9504724511091007,2.000909002687105,4.158761785600334,2.046297917754621
2021-06-29,0.0002772977426861445,16.020000457763672,Moderate-Vol,Moderate-Vol,Low-Vol,1.9510133127169649,2.0017412740117533,4.159870959841178,2.0467725615166263
2021-06-30,0.0013272784229076962,15.829999923706055,Moderate-Vol,Moderate-Vol,Low-Vol,1.9536028505897398,2.0057265760136125,4.165181409416289,2.049044958486713
2021-07-01,0.005208041432254618,15.479999542236328,Moderate-Vol,Moderate-Vol,Low-Vol,1.9637772951777819,2.021395436678092,4.186045417777309,2.057971402778336
2021-07-02,0.007472095894691222,15.069999694824219,Moderate-Vol,Moderate-Vol,Low-Vol,1.9784508274431676,2.044051527494017,4.216129430875703,2.070834168316252
2021-07-06,-0.002023902770021735,16.440000534057617,Moderate-Vol,Moderate-Vol,Low-Vol,1.9744466353331536,2.0378460851711737,4.207922269446184,2.067328364996945
2021-07-07,0.003353346553662817,16.200000762939453,Moderate-Vol,Moderate-Vol,Low-Vol,1.9810676391531392,2.04809649139108,4.221494009822374,2.073127196406197
2021-07-08,-0.008597881009555053,19.0,Moderate-Vol,Moderate-Vol,Low-Vol,1.9640346553198205,2.0216825564974785,4.186584238501109,2.058217460177118
2021-07-09,0.01121482590241385,16.18000030517578,Moderate-Vol,Moderate-Vol,Low-Vol,1.9860609620455396,2.055691783349078,4.2317429733438,2.077525419493804
2021-07-12,0.003445232695593603,16.170000076293945,Moderate-Vol,Moderate-Vol,Low-Vol,1.992903404207421,2.066315288165164,4.24576553111737,2.0835125329384803
2021-07-13,-0.003523011181165714,17.1200008392334,Moderate-Vol,Moderate-Vol,Low-Vol,1.985882383231415,2.0553958103691348,4.231378889515368,2.077372612837477
2021-07-14,0.001164256565468591,16.329999923706055,Moderate-Vol,Moderate-Vol,Low-Vol,1.9881944598343406,2.058985322469423,4.236117161724392,2.0793957050502354
2021-07-15,-0.0032675735627449853,17.010000228881836,Moderate-Vol,Moderate-Vol,Low-Vol,1.98169788817979,2.0488934934607514,4.222803953241668,2.073712215089749
2021-07-16,-0.007567415006812794,18.450000762939453,Moderate-Vol,Moderate-Vol,Low-Vol,1.966701557841809,2.0256362524060876,4.192068624154057,2.060585724888269
2021-07-19,-0.015996781399984172,22.5,Moderate-Vol,Moderate-Vol,Low-Vol,1.9352406629420054,1.9770307619176526,4.127570009044117,2.0330132418712235
2021-07-20,0.015048806004799076,19.729999542236328,Moderate-Vol,Moderate-Vol,Low-Vol,1.9643637242512184,2.0214995964054148,4.1873128523810745,2.0586046882495665
2021-07-21,0.008208041662143728,17.90999984741211,Moderate-Vol,Moderate-Vol,Low-Vol,1.9804873035394763,2.044315639538397,4.2203699224612246,2.0727386883675725
2021-07-22,0.00201463920924283,17.690000534057617,Moderate-Vol,Moderate-Vol,Low-Vol,1.9844772709145946,2.0498722758771803,4.2285477358761545,2.076231654837204
2021-07-23,0.0100943323862559,17.200000762939453,Moderate-Vol,Moderate-Vol,Low-Vol,2.0045092441001766,2.077864345452002,4.269601996495323,2.0937626265979987
2021-07-26,0.00237936692272811,17.579999923706055,Moderate-Vol,Moderate-Vol,Low-Vol,2.0092787070918914,2.0843999633630355,4.279372978398297,2.0979297987698806
2021-07-27,-0.004723583382176599,19.360000610351562,Moderate-Vol,Moderate-Vol,Low-Vol,1.9997877115809108,2.0713876054420797,4.259930970183288,2.0896405510462888
2021-07-28,-0.00018627923155278836,18.309999465942383,Moderate-Vol,Moderate-Vol,Low-Vol,1.9994151926627288,2.070883599047045,4.259167738491157,2.0893149478900077
2021-07-29,0.0041973318452726005,17.700000762939453,Moderate-Vol,Moderate-Vol,Low-Vol,2.007807401722814,2.0822683345618827,4.276362155160587,2.096650449195004
2021-07-30,-0.005420713608261352,18.239999771118164,Moderate-Vol,Moderate-Vol,Low-Vol,1.9969236528175272,2.0672974698310003,4.254066494975295,2.0871436334818476
2021-08-02,-0.00184450567006067,19.459999084472656,Moderate-Vol,Moderate-Vol,Low-Vol,1.993240315817227,2.0623129124106923,4.246519506881746,2.0839234181529256
2021-08-03,0.008169961338918341,18.040000915527344,Moderate-Vol,Moderate-Vol,Low-Vol,2.0095250121366273,2.0860069722373944,4.2798884553307905,2.0981648723502846
2021-08-04,-0.004643150661296502,17.969999313354492,Moderate-Vol,Moderate-Vol,Low-Vol,2.000194484747633,2.071787593260924,4.260775201718608,2.090015860138403
2021-08-05,0.005987485990420538,17.280000686645508,Moderate-Vol,Moderate-Vol,Low-Vol,2.0121706212031762,2.089833714390056,4.285312261888894,2.1004834493998636
2021-08-06,0.0016738645485290249,16.149999618530273,Moderate-Vol,Moderate-Vol,Low-Vol,2.0155387222715997,2.0948897354503666,4.2922113577772025,2.10342442997609
2021-08-09,-0.0009403502649565354,16.719999313354492,Moderate-Vol,Moderate-Vol,Low-Vol,2.0136434099000815,2.0920198387036266,4.288329316517836,2.1017699209305096
2021-08-10,0.0009921869538640493,16.790000915527344,Moderate-Vol,Moderate-Vol,Low-Vol,2.0156413206211186,2.095043375655588,4.292421650193725,2.103514261435733
2021-08-11,0.0012749307180150993,16.170000076293945,Moderate-Vol,Moderate-Vol,Low-Vol,2.018211123657279,2.0989363101396994,4.297685195408798,2.105757547336796
2021-08-12,0.00413780773547856,15.59000015258789,Moderate-Vol,Moderate-Vol,Low-Vol,2.026562093256577,2.11159806708693,4.314789062129207,2.113045931471147
2021-08-13,0.001606016320923942,15.449999809265137,Moderate-Vol,Moderate-Vol,Low-Vol,2.0298167850537125,2.116524721053079,4.3214540431914,2.115884579017866
2021-08-16,0.002617422261993241,16.1200008392334,Moderate-Vol,Moderate-Vol,Low-Vol,2.0351296726946795,2.124625783929945,4.332333146150733,2.12051711014578
2021-08-17,-0.007085743507136755,17.90999984741211,Moderate-Vol,Moderate-Vol,Low-Vol,2.020709265830202,2.102249085220013,4.302807686382254,2.107948716064615
2021-08-18,-0.010806652845255726,21.56999969482422,Moderate-Vol,Moderate-Vol,Low-Vol,1.9988721622931833,2.069246612278133,4.258084521189138,2.0888939411908156
2021-08-19,0.0012559032561583194,21.670000076293945,Moderate-Vol,Moderate-Vol,Low-Vol,2.0013825523504516,2.072847978115575,4.263228034408677,2.0910883885006992
2021-08-20,0.008108603890741861,18.559999465942383,Moderate-Vol,Moderate-Vol,Low-Vol,2.0176109707013032,2.09688169956488,4.296476686587592,2.105271484969987
2021-08-23,0.008487667984411473,17.149999618530273,Moderate-Vol,Moderate-Vol,Low-Vol,2.034735782742322,2.12291605145868,4.331551085619384,2.120218314172546
2021-08-24,0.0014946188019617779,17.219999313354492,Moderate-Vol,Moderate-Vol,Low-Vol,2.037776937100233,2.1274575408411485,4.337777862126931,2.122869032639957
2021-08-25,0.0022176574032517493,16.790000915527344,Moderate-Vol,Moderate-Vol,Low-Vol,2.042296028210969,2.1342595389882892,4.347030193077092,2.1268069830006966
2021-08-26,-0.005841949827603443,18.84000015258789,Moderate-Vol,Moderate-Vol,Low-Vol,2.030365037281047,2.116295855260798,4.322604894815704,2.1164140415341213
2021-08-27,0.0087690715404527,16.389999389648438,Moderate-Vol,Moderate-Vol,Low-Vol,2.0481694535461985,2.1427387439787116,4.359062534655774,2.1319381557159103
2021-08-30,0.004297324106874001,16.190000534057617,Moderate-Vol,Moderate-Vol,Low-Vol,2.0569711015138856,2.1559442704206027,4.377079456942104,2.139601622739568
2021-08-31,-0.001350026915892144,16.479999542236328,Moderate-Vol,Moderate-Vol,Low-Vol,2.0541941351616297,2.151578396229256,4.3713959518446215,2.1371854502965286
2021-09-01,0.00031164006095174557,16.110000610351562,Moderate-Vol,Moderate-Vol,Low-Vol,2.0548343043471182,2.152584173263071,4.372706227954229,2.137742569425534
2021-09-02,0.002838605754405421,16.40999984741211,Moderate-Vol,Moderate-Vol,Low-Vol,2.0606671688277878,2.161749679994671,4.384644590846948,2.14281846951708
2021-09-03,-0.00033508726118114396,16.40999984741211,Moderate-Vol,Moderate-Vol,Low-Vol,2.0599766655099794,2.1606631178252282,4.3832314621683155,2.1422178549242927
2021-09-07,-0.0034013524523217598,18.139999389648438,Moderate-Vol,Moderate-Vol,Low-Vol,2.0529699588270214,2.149639352633544,4.368891914985076,2.136122937134574
2021-09-08,-0.0013194368138158552,17.959999084472656,Moderate-Vol,Moderate-Vol,Low-Vol,2.050261194685687,2.1453848826861064,4.363347582147641,2.13376535179858
2021-09-09,-0.004616247150002195,18.799999237060547,Moderate-Vol,Moderate-Vol,Low-Vol,2.040796682288959,2.13052944241057,4.343974520574757,2.125526090196138
2021-09-10,-0.007752552286277137,20.950000762939453,Moderate-Vol,Moderate-Vol,Low-Vol,2.024975299303853,2.105753881060959,4.311583743329602,2.111742456436596
2021-09-13,0.0022739003463705387,19.3700008392334,Moderate-Vol,Moderate-Vol,Low-Vol,2.0295798913383316,2.1129362927802324,4.321013438414439,2.1157591154088506
2021-09-14,-0.005763213966258007,19.459999084472656,Moderate-Vol,Moderate-Vol,Low-Vol,2.0178829881629343,2.094670336851686,4.297061550164779,2.1055595058994525
2021-09-15,0.008438294222079534,18.18000030517578,Moderate-Vol,Moderate-Vol,Low-Vol,2.0349104785227823,2.1211835037526114,4.331936664069541,2.1204214206111547
2021-09-16,-0.001552344712765219,18.690000534057617,Moderate-Vol,Moderate-Vol,Low-Vol,2.031751596000497,2.1162442917573285,4.325468818210315,2.117668061043631
2021-09-17,-0.009152630275798046,20.809999465942383,Moderate-Vol,Moderate-Vol,Low-Vol,2.0131557248300416,2.0871904893937443,4.287391311705004,2.101455322213306
2021-09-20,-0.017123077726381553,25.709999084472656,Moderate-Vol,High-Vol,Low-Vol,1.9786843028784669,2.033581801924264,4.2566137978475105,2.071356148726134
2021-09-21,-0.0008126886585468895,24.360000610351562,Moderate-Vol,Moderate-Vol,Low-Vol,1.9770762485866729,2.0311027986242873,4.253286605996577,2.0699480550183016
2021-09-22,0.009474585224218401,20.8700008392334,Moderate-Vol,Moderate-Vol,Low-Vol,1.9958082259986853,2.059968583471359,4.292045756621993,2.0863529039200515
2021-09-23,0.012061680369937378,18.6299991607666,Moderate-Vol,Moderate-Vol,Low-Vol,2.0198810269003733,2.09721098663215,4.341837984100709,2.1074027132947766
2021-09-24,0.0014599428113637458,17.75,Moderate-Vol,Moderate-Vol,Low-Vol,2.0228299376854064,2.1015334767786937,4.347934740655929,2.109976283143434
2021-09-27,-0.0027802439201884965,18.760000228881836,Moderate-Vol,Moderate-Vol,Low-Vol,2.0172059770495814,2.0932370497591806,4.336308071542924,2.105069317080475
2021-09-28,-0.020574317739892933,23.25,Moderate-Vol,Moderate-Vol,Low-Vol,1.975703340330952,2.032183100726436,4.250498651307056,2.068841311607964
2021-09-29,0.0015679543362843162,22.559999465942383,Moderate-Vol,Moderate-Vol,Low-Vol,1.9788011529506353,2.036140932221107,4.256908720085642,2.0715547075508325
2021-09-30,-0.011981202945015923,23.139999389648438,Moderate-Vol,Moderate-Vol,Low-Vol,1.9550927347493023,2.005530703980363,4.207853620853968,2.050793652857102
2021-10-01,0.011425952113334858,21.100000381469727,Moderate-Vol,Moderate-Vol,Low-Vol,1.9774315307136767,2.0340661907017483,4.254096239479379,2.070394143605972
2021-10-04,-0.013070952048643392,22.959999084472656,Moderate-Vol,Moderate-Vol,Low-Vol,1.9515846179962428,2.0022640628496124,4.200614696527035,2.0477574583228932
2021-10-05,0.010469517498600922,21.299999237060547,Moderate-Vol,Moderate-Vol,Low-Vol,1.972016767304355,2.026838262374616,4.242913580677707,2.0656906571862956
2021-10-06,0.004094399349623856,21.0,Moderate-Vol,Moderate-Vol,Low-Vol,1.9800909914738531,2.0364607258868164,4.259622323785963,2.0727653577936933
2021-10-07,0.008264039225066355,19.540000915527344,Moderate-Vol,Moderate-Vol,Low-Vol,1.9964545410965937,2.0558763314841313,4.29347966578944,2.0870936718642317
2021-10-08,-0.0019155566024213755,18.770000457763672,Moderate-Vol,Moderate-Vol,Low-Vol,1.992630219418962,2.0514162837560974,4.285569350463224,2.0837494928930025
2021-10-12,-0.002419705686554252,19.850000381469727,Moderate-Vol,Moderate-Vol,Low-Vol,1.9878086407458342,2.0457590747929486,4.275595554747741,2.0795319390738642
2021-10-13,0.003017955870230793,18.639999389648438,Moderate-Vol,Moderate-Vol,Low-Vol,1.9938077595020687,2.052957031623963,4.2880063296315365,2.0847815976745485
2021-10-14,0.016919162285711664,16.860000610351562,Moderate-Vol,Moderate-Vol,Low-Vol,2.0275413165515954,2.0935788381112923,4.357785157514713,2.1142863519428894
2021-10-15,0.00743252063718991,16.299999237060547,Moderate-Vol,Moderate-Vol,Low-Vol,2.0426110592296203,2.1104476417443827,4.388937544939569,2.1274311074025354
2021-10-18,0.003369087801804227,16.309999465942383,Moderate-Vol,Moderate-Vol,Low-Vol,2.049492795233101,2.1180543174642907,4.403159559741224,2.133426538489579
2021-10-19,0.007366142784235308,15.699999809265137,Moderate-Vol,Moderate-Vol,Low-Vol,2.0645896517980495,2.13473269852383,4.4343552035266365,2.146571835615197
2021-10-20,0.003657333598560797,15.489999771118164,Moderate-Vol,Moderate-Vol,Low-Vol,2.0721405448988115,2.1429804356983353,4.449953761458477,2.153138768587054
2021-10-21,0.002991393168359835,15.010000228881836,Moderate-Vol,Moderate-Vol,Low-Vol,2.0783391319687032,2.149754581431503,4.462756957399791,2.1585264027636013
2021-10-22,-0.0010731292246628499,15.430000305175781,Moderate-Vol,Moderate-Vol,Low-Vol,2.076108805507427,2.1473186306859957,4.458150737638875,2.156588812388672
2021-10-25,0.004736959440853283,15.239999771118164,Moderate-Vol,Moderate-Vol,Low-Vol,2.0859432487139142,2.1581151976321817,4.478462322471671,2.165133960507905
2021-10-26,0.0018181414322437917,15.979999542236328,Moderate-Vol,Moderate-Vol,Low-Vol,2.08973578855971,2.1623336470315873,4.486293841090135,2.1684267579577945
2021-10-27,-0.005064370371105298,16.979999542236328,Moderate-Vol,Moderate-Vol,Low-Vol,2.07915259254869,2.1505578726896983,4.464441268534049,2.1592408350142263
2021-10-28,0.009781288424184353,16.530000686645508,Moderate-Vol,Moderate-Vol,Low-Vol,2.099489383734299,2.1732232384737893,4.506441586232752,2.176907303015865
2021-10-29,0.0019474372317169752,16.260000228881836,Moderate-Vol,Moderate-Vol,Low-Vol,2.1035780075277777,2.177761479473771,4.514882444557059,2.1804534439030334
2021-11-01,0.0017984589459025813,16.40999984741211,Moderate-Vol,Moderate-Vol,Low-Vol,2.10736120621382,2.181967450174761,4.522692180886758,2.1837336409074055
2021-11-02,0.0036736071203886667,16.030000686645508,Moderate-Vol,Moderate-Vol,Low-Vol,2.1151028233461977,2.1907957878992357,4.53867226770877,2.190443987521612
2021-11-03,0.00644049461288887,15.100000381469727,Moderate-Vol,Moderate-Vol,Low-Vol,2.128725131685665,2.207835153421153,4.566787225863978,2.2022445838514266
2021-11-04,0.004173222342817695,15.4399995803833,Moderate-Vol,Moderate-Vol,Low-Vol,2.137608774966933,2.218942079332807,4.58511761554601,2.2099321639777387
2021-11-05,0.0037258500452850285,16.479999542236328,Moderate-Vol,Moderate-Vol,Low-Vol,2.145573184717945,2.2290417991661453,4.60154866294596,2.2168195891821085
2021-11-08,0.0008873940607010411,17.219999313354492,Moderate-Vol,Moderate-Vol,Low-Vol,2.1474771536188633,2.2315274100427613,4.605476106328778,2.218465095102198
2021-11-09,-0.0035049109263987077,17.780000686645508,Moderate-Vol,Moderate-Vol,Low-Vol,2.139950437478953,2.2217020725422607,4.5899507736529985,2.211961070636198
2021-11-10,-0.008259842163861109,18.729999542236328,Moderate-Vol,Moderate-Vol,Low-Vol,2.122274784626891,2.198701447504911,4.553486365201757,2.196678310079979
2021-11-12,0.0071966975641295505,16.290000915527344,Moderate-Vol,Moderate-Vol,Low-Vol,2.1375481543998287,2.2215772675751433,4.58500494852248,2.2099019889768146
2021-11-15,-1.0739878016252646e-05,16.489999771118164,Moderate-Vol,Moderate-Vol,Low-Vol,2.1375251973933964,2.2215430648659735,4.584957586683868,2.2098821360316787
2021-11-16,0.003857779057126365,16.3700008392334,Moderate-Vol,Moderate-Vol,Low-Vol,2.1457712973339804,2.23439839833119,4.601969848971155,2.217013277354762
2021-11-17,-0.0026050154828958227,17.110000610351562,Moderate-Vol,Moderate-Vol,Low-Vol,2.140181529881672,2.2256674346972742,4.590439472855733,2.212182342468737
2021-11-18,0.003379064740171245,17.59000015258789,Moderate-Vol,Moderate-Vol,Low-Vol,2.147413341826861,2.2369484462251736,4.605358488665057,2.2184350773533836
2021-11-19,-0.0013996446049873157,17.90999984741211,Moderate-Vol,Moderate-Vol,Low-Vol,2.144407726328295,2.2322520469885827,4.599158789550599,2.2158378074740956
2021-11-22,-0.003202258316960638,19.170000076293945,Moderate-Vol,Moderate-Vol,Low-Vol,2.137540778851706,2.2215296754640503,4.58499354219416,2.2099024495803024
2021-11-23,0.001655761383194232,19.3799991607666,Moderate-Vol,Moderate-Vol,Low-Vol,2.1410800363283315,2.2270471600364306,4.592295273946032,2.212963168398548
2021-11-24,0.0022912237766679056,18.579999923706055,Moderate-Vol,Moderate-Vol,Low-Vol,2.145985729815316,2.234701155143685,4.602415418316746,2.2172044223197585
2021-11-26,-0.022987011159321113,28.6200008392334,Moderate-Vol,High-Vol,High-Vol,2.096655931896308,2.1576475045571315,4.558062019405064,2.174571920059689
2021-11-29,0.013113836082823127,22.959999084472656,Moderate-Vol,Moderate-Vol,High-Vol,2.1241511341092747,2.1975945828504013,4.615552955115563,2.1984256395361426
2021-11-30,-0.019143381187848973,27.190000534057617,Moderate-Vol,High-Vol,High-Vol,2.083487699248419,2.135726436152788,4.5785103971450765,2.1632223693712604
2021-12-01,-0.01188554145795706,31.1200008392334,Moderate-Vol,High-Vol,High-Vol,2.0587243198218586,2.1031120016990577,4.555696380193085,2.141715721848439
2021-12-02,0.014094638396057846,27.950000762939453,Moderate-Vol,High-Vol,High-Vol,2.087741294666918,2.1395706428662344,4.58261589912814,2.1669661266001645
2021-12-03,-0.008484455141738678,30.670000076293945,Moderate-Vol,High-Vol,High-Vol,2.070027947304761,2.118106896659456,4.56631558404649,2.151587106611518
2021-12-06,0.011662599309685717,27.18000030517578,Moderate-Vol,High-Vol,High-Vol,2.0941698538140274,2.146826641463904,4.588642043699174,2.1725768374256975
2021-12-07,0.02049560318625332,21.889999389648438,Moderate-Vol,Moderate-Vol,High-Vol,2.137091128142414,2.1963958147092497,4.679097398279488,2.2098235913873157
2021-12-08,0.0030805355865854978,19.899999618530273,Moderate-Vol,Moderate-Vol,Low-Vol,2.1436745134144326,2.203378373368985,4.692961052303121,2.215517839896567
2021-12-09,-0.007206988232523415,21.579999923706055,Moderate-Vol,Moderate-Vol,Low-Vol,2.1282250764218946,2.186957758228897,4.660430595705619,2.202161678903546
2021-12-10,0.009503769118209604,18.690000534057617,Moderate-Vol,Moderate-Vol,Low-Vol,2.1484512361797923,2.2081754559766145,4.703030764319603,2.219668111623332
2021-12-13,-0.009178158342793452,20.309999465942383,Moderate-Vol,Moderate-Vol,Low-Vol,2.128732410542364,2.187645009922997,4.6615140704456905,2.202627068723121
2021-12-14,-0.0074987228546241624,21.889999389648438,Moderate-Vol,Moderate-Vol,Low-Vol,2.112769636164051,2.1710915302152594,4.627893606790658,2.1888111154465153
2021-12-15,0.016216267351891744,19.290000915527344,Moderate-Vol,Moderate-Vol,Low-Vol,2.1470308734370462,2.206213206572116,4.700074733710778,2.2185012224144445
2021-12-16,-0.008781863311112303,20.56999969482422,Moderate-Vol,Moderate-Vol,Low-Vol,2.128175941781784,2.1877435206951423,4.660375618026627,2.2022045503506904
2021-12-17,-0.010340964584054646,21.56999969482422,Moderate-Vol,Moderate-Vol,Low-Vol,2.106168549739181,2.1664556999020146,4.614023309519139,2.183155589582023
2021-12-20,-0.011453398323256536,22.8700008392334,Moderate-Vol,Moderate-Vol,Low-Vol,2.082045762403103,2.1433609485166687,4.563195248204384,2.1622399266690198
2021-12-21,0.01762175538519628,21.010000228881836,Moderate-Vol,Moderate-Vol,Low-Vol,2.1187350635289546,2.177963073599173,4.640535862299864,2.194111656239328
2021-12-22,0.010128728029126677,18.6299991607666,Moderate-Vol,Moderate-Vol,Low-Vol,2.1401951547532136,2.197219221340973,4.685743565112138,2.212701092319998
2021-12-23,0.006204412685251626,17.959999084472656,Moderate-Vol,Moderate-Vol,Low-Vol,2.1534738087202787,2.208938178573583,4.713705588250127,2.2241846381588175
2021-12-27,0.013744051573606697,17.68000030517578,Moderate-Vol,Moderate-Vol,Low-Vol,2.1830712638097416,2.2349471271759986,4.776016861547996,2.2497550777358097
2021-12-28,-0.0010106653988870562,17.540000915527344,Moderate-Vol,Moderate-Vol,Low-Vol,2.1808649092201042,2.233036979775484,4.771374246817496,2.2478531447127224
2021-12-29,0.0014009134018575509,16.950000762939453,Moderate-Vol,Moderate-Vol,Low-Vol,2.1839201120990714,2.2356958886835967,4.777803257810061,2.250487241967517
2021-12-30,-0.002994233841905114,17.329999923706055,Moderate-Vol,Moderate-Vol,Low-Vol,2.177380944591407,2.2300059908015606,4.76404373498375,2.2448506726685107
2021-12-31,-0.0026296343734735217,17.219999313354492,Moderate-Vol,Moderate-Vol,Low-Vol,2.1716552288153634,2.2250238417433703,4.75199447142582,2.239912850944492
2022-01-03,0.006353824170387767,16.600000381469727,Moderate-Vol,Moderate-Vol,Low-Vol,2.1854535442979595,2.237034747218826,4.781034732427761,2.2518175629831227
2022-01-04,-0.0006298202522039276,16.90999984741211,Moderate-Vol,Moderate-Vol,Low-Vol,2.1840771013955096,2.2358419606032696,4.7781385366479,2.2506312414743195
2022-01-05,-0.019583264304500858,19.729999542236328,Moderate-Vol,Moderate-Vol,Low-Vol,2.1413057422574733,2.1987606993669258,4.688140461900604,2.2137638840456044
2022-01-06,-0.000964233740180731,19.610000610351562,Moderate-Vol,Moderate-Vol,Low-Vol,2.1392410230127457,2.197054169390011,4.683792634096972,2.2119783579450116
2022-01-07,-0.004058441082335662,18.760000228881836,Moderate-Vol,Moderate-Vol,Low-Vol,2.130559039359933,2.189875749643603,4.665509682856601,2.2044691747421434
2022-01-10,-0.0014420705375393084,19.399999618530273,Moderate-Vol,Moderate-Vol,Low-Vol,2.127486622940784,2.187336692651382,4.659038629283523,2.2018100230322744
2022-01-11,0.00911828645239865,18.40999984741211,Moderate-Vol,Moderate-Vol,Low-Vol,2.1468856553924045,2.2045627323082257,4.699898683542839,2.2186036946527192
2022-01-12,0.002813792014666916,17.6200008392334,Moderate-Vol,Moderate-Vol,Low-Vol,2.1529265451059505,2.209987178158503,4.712618179009872,2.2238255436100767
2022-01-13,-0.014346029234399538,20.309999465942383,Moderate-Vol,Moderate-Vol,Low-Vol,2.122040597950346,2.1805002915051146,4.647592729674931,2.1971394498945305
2022-01-14,0.0008196442695904693,19.190000534057617,Moderate-Vol,Moderate-Vol,Low-Vol,2.1237799163662943,2.182143421473694,4.651256623389426,2.1986458336019608
2022-01-18,-0.018559105398008313,22.790000915527344,Moderate-Vol,Moderate-Vol,High-Vol,2.084364461056279,2.1437942839423787,4.56823012238108,2.1645135853060906
2022-01-19,-0.009736790941460072,23.850000381469727,Moderate-Vol,Moderate-Vol,High-Vol,2.064069440053165,2.124926854227544,4.525448897509023,2.1468845420950364
2022-01-20,-0.011098742304332276,25.59000015258789,Moderate-Vol,High-Vol,High-Vol,2.0411608652397675,2.103458782634713,4.504392017764581,2.1269532690909854
2022-01-21,-0.01909599532463524,28.850000381469727,Moderate-Vol,High-Vol,High-Vol,2.0021828669003203,2.0646059160436776,4.468331076062303,2.0929787882690687
2022-01-24,0.0027679047582704897,29.899999618530273,Moderate-Vol,High-Vol,High-Vol,2.0077247183845413,2.069879528954149,4.4735161513934045,2.0978246224627988
2022-01-25,-0.012246590556866721,31.15999984741211,Moderate-Vol,High-Vol,High-Vol,1.9831369358075852,2.046474317253868,4.450548171895402,2.076334595635432
2022-01-26,-0.0014977569258860512,31.959999084472656,Moderate-Vol,High-Vol,High-Vol,1.980166678726999,2.0436261951638914,4.447753611972054,2.0737332907435593
2022-01-27,-0.005398635199970414,30.489999771118164,Moderate-Vol,High-Vol,High-Vol,1.969476481193415,2.033298807273867,4.437687000964321,2.0643686857615453
2022-01-28,0.024055967914735632,27.65999984741211,Moderate-Vol,High-Vol,High-Vol,2.01685414423383,2.079219220145882,4.482441642922488,2.1059083210774054
2022-01-31,0.01870982622298456,24.829999923706055,Moderate-Vol,Moderate-Vol,High-Vol,2.0545891347895515,2.113744595428872,4.563104535939965,2.13886639286479
2022-02-01,0.00683956034831823,21.959999084472656,Moderate-Vol,Moderate-Vol,High-Vol,2.0686416211679437,2.1259268586222193,4.593122276531114,2.151103095981937
2022-02-02,0.009378400448323276,22.09000015258789,Moderate-Vol,Moderate-Vol,High-Vol,2.088042170675325,2.142801180033762,4.634553349068274,2.167978049258244
2022-02-03,-0.02469347172011993,24.350000381469727,Moderate-Vol,Moderate-Vol,High-Vol,2.036481160383336,2.097798276310129,4.524480695892972,2.1231974795524664
2022-02-04,0.005143678439862853,23.219999313354492,Moderate-Vol,Moderate-Vol,High-Vol,2.0469561646211867,2.106667802351145,4.546864399493821,2.132332652661055
2022-02-07,-0.003708580927828109,22.860000610351562,Moderate-Vol,Moderate-Vol,High-Vol,2.039364862028972,2.1001695477238016,4.53064595647902,2.1257178742722225
2022-02-08,0.008366113466633962,21.440000534057617,Moderate-Vol,Moderate-Vol,High-Vol,2.056426419864573,2.1148945685194365,4.567102313827178,2.1405937299327182
2022-02-09,0.014412842079265076,19.959999084472656,Moderate-Vol,Moderate-Vol,High-Vol,2.0860653691017097,2.1409347618379755,4.630413400123231,2.1664006667212625
2022-02-10,-0.01828182448505622,23.90999984741211,Moderate-Vol,Moderate-Vol,High-Vol,2.0479282881594383,2.108652327398083,4.548993850143589,2.1332714706824674
2022-02-11,-0.019151682638085532,27.360000610351562,Moderate-Vol,High-Vol,High-Vol,2.0087070155190507,2.076440471856851,4.512469636869591,2.099096697349628
2022-02-14,-0.003847990755629027,28.329999923706055,Moderate-Vol,High-Vol,High-Vol,2.0009775294925665,2.0702773236502896,4.505190047256842,2.092340239895897
2022-02-15,0.015643717646064204,25.700000762939453,Moderate-Vol,High-Vol,High-Vol,2.032280256980067,2.095254526539492,4.53473693000139,2.1197196985608002
2022-02-16,0.0008808197202831991,24.290000915527344,Moderate-Vol,Moderate-Vol,High-Vol,2.0340703295075575,2.0966385344951104,4.538578674899934,2.1212814720481754
2022-02-17,-0.021400504136936505,28.110000610351562,Moderate-Vol,High-Vol,High-Vol,1.9905401990061111,2.0630172309543697,4.497859173044756,2.083308474265867
2022-02-18,-0.007191961663865598,27.75,Moderate-Vol,High-Vol,High-Vol,1.9762243102044759,2.051978231325143,4.48429754585734,2.070775517972162
2022-02-22,-0.010194735435016256,28.809999465942383,Moderate-Vol,High-Vol,High-Vol,1.9560772262016937,2.0364474778859813,4.465131657002316,2.0531167027342603
2022-02-23,-0.01858373574878769,31.020000457763672,Moderate-Vol,High-Vol,High-Vol,1.9197260039257398,2.008513531917683,4.43034394434791,2.021201380146354
2022-02-24,0.014846105252724229,30.31999969482422,Moderate-Vol,High-Vol,High-Vol,1.948226458236413,2.029990461725721,4.457918502527683,2.046301436830712
2022-02-25,0.022126080551265304,27.59000015258789,Moderate-Vol,High-Vol,High-Vol,1.9913330737834583,2.0617903871198067,4.4992703767048345,2.0841741727215752
2022-02-28,-0.0024455914631271725,30.149999618530273,Moderate-Vol,High-Vol,High-Vol,1.9864630866179707,2.05840860921563,4.494657364688929,2.0799106311644304
2022-03-01,-0.015594467786611332,33.31999969482422,Moderate-Vol,High-Vol,High-Vol,1.9554852520044141,2.036603453933191,4.465272362198937,2.05277950547588
2022-03-02,0.01847104678065037,30.739999771118164,Moderate-Vol,High-Vol,High-Vol,1.9916051115730595,2.0617908352757053,4.499850216998216,2.084496088480779
2022-03-03,-0.005268520744245109,30.479999542236328,Moderate-Vol,High-Vol,High-Vol,1.9811122987283922,2.054608841994335,4.489911156450169,2.0753097517680703
2022-03-04,-0.007965684543002283,31.979999542236328,Moderate-Vol,High-Vol,High-Vol,1.9653313831124597,2.043737294516169,4.474917089870563,2.061481775954715
2022-03-07,-0.029962586814415104,36.45000076293945,Moderate-Vol,High-Vol,High-Vol,1.906444970926858,2.0028789926544746,4.418705886531292,2.0098149971309662
2022-03-08,-0.007260043975698238,35.130001068115234,Moderate-Vol,High-Vol,High-Vol,1.8926040966006803,1.9935715911128,4.405256795575869,1.9976097124125916
2022-03-09,0.02537359812214035,32.45000076293945,Moderate-Vol,High-Vol,High-Vol,1.9406262723521424,2.025921120306989,4.452117829964358,2.040007703467302
2022-03-10,-0.0043010499202473795,30.229999542236328,Moderate-Vol,High-Vol,High-Vol,1.9322795418782122,2.0205901342910746,4.444089971315041,2.032668331959256
2022-03-11,-0.013046278933238398,30.75,Moderate-Vol,High-Vol,High-Vol,1.907070483997879,2.0044769826697655,4.419783154596626,2.010486073475926
2022-03-14,-0.007448675095533375,31.770000457763672,Moderate-Vol,High-Vol,High-Vol,1.8928653355782972,1.9954340505958224,4.405981264100506,1.997959488720003
2022-03-15,0.021182629724146196,29.829999923706055,Moderate-Vol,High-Vol,High-Vol,1.932961201099524,2.0222313314632836,4.445108674419647,2.0333607824740225
2022-03-16,0.02213692164839287,26.670000076293945,Moderate-Vol,High-Vol,High-Vol,1.9757510117576476,2.0503762139681023,4.486361926915639,2.071012453191962
2022-03-17,0.01227220506870097,25.670000076293945,Moderate-Vol,High-Vol,High-Vol,1.9999978333386308,2.0656311658390853,4.509444036259728,2.092272190553683
2022-03-18,0.01159481441188781,23.8700008392334,Moderate-Vol,Moderate-Vol,High-Vol,2.0231874370403697,2.0800791566554437,4.559733406765357,2.112564644325362
2022-03-21,-0.00043475485430199967,23.530000686645508,Moderate-Vol,Moderate-Vol,High-Vol,2.0223078464809534,2.0795166261092253,4.557826746624549,2.1117963864373617
2022-03-22,0.01124069955407414,22.940000534057617,Moderate-Vol,Moderate-Vol,High-Vol,2.0450400013890926,2.0940881259220143,4.607103325540064,2.131652669866577
2022-03-23,-0.012348630252494885,23.56999969482422,Moderate-Vol,Moderate-Vol,High-Vol,2.019786558560377,2.078104266232835,4.552384579583316,2.1096341657662467
2022-03-24,0.014242012281618699,21.670000076293945,Moderate-Vol,Moderate-Vol,High-Vol,2.048552383533642,2.0962955146090096,4.614743659067971,2.134766399333421
2022-03-25,0.005053380704236332,20.809999465942383,Moderate-Vol,Moderate-Vol,High-Vol,2.0589044986202083,2.1028090798211694,4.637173128249494,2.143790105748657
2022-03-28,0.007119551020043247,19.6299991607666,Moderate-Vol,Moderate-Vol,High-Vol,2.0735629742435315,2.1122256754289044,4.668926899606484,2.1565570643388696
2022-03-29,0.012182044101392009,18.899999618530273,Moderate-Vol,Moderate-Vol,High-Vol,2.09882320984278,2.1288668375204467,4.723631851179836,2.1785323081804213
2022-03-30,-0.0063135889990899585,19.329999923706055,Moderate-Vol,Moderate-Vol,High-Vol,2.0855721027140817,2.1202352289642654,4.694947716999378,2.167027142084082
2022-03-31,-0.0157763352268816,20.559999465942383,Moderate-Vol,Moderate-Vol,High-Vol,2.052669418081832,2.0984991825547095,4.623707327967757,2.138429972041561
2022-04-01,0.003404420961462762,19.6299991607666,Moderate-Vol,Moderate-Vol,High-Vol,2.0596575688757035,2.103042266090547,4.63884722732883,2.1445196015299164
2022-04-04,0.00805838253213409,18.56999969482422,Moderate-Vol,Moderate-Vol,High-Vol,2.0762550774509094,2.114254220728617,4.674801238226479,2.158975013745019
2022-04-05,-0.012631159074006248,21.030000686645508,Moderate-Vol,Moderate-Vol,High-Vol,2.0500295692894137,2.096537899980125,4.618008115175439,2.136164062214014
2022-04-06,-0.009764433912478054,22.100000381469727,Moderate-Vol,Moderate-Vol,High-Vol,2.0300121910414615,2.0830303536888204,4.574637941794599,2.1187165200805556
2022-04-07,0.004244365552036555,21.549999237060547,Moderate-Vol,Moderate-Vol,High-Vol,2.038628304855332,2.089007331839223,4.593312868454518,2.1262386047037496
2022-04-08,-0.002654546675552538,21.15999984741211,Moderate-Vol,Moderate-Vol,High-Vol,2.033216670865991,2.085202751472806,4.581585359042708,2.1215173770084226
2022-04-11,-0.01702133458469568,24.3700008392334,Moderate-Vol,Moderate-Vol,High-Vol,1.998608609628,2.0598565476955177,4.5065788786492105,2.09131140727203
2022-04-12,-0.003423300530453588,24.260000228881836,Moderate-Vol,Moderate-Vol,High-Vol,1.9917667717144913,2.0549631196482205,4.491740672499964,2.085322931253704
2022-04-13,0.011112603268902177,21.81999969482422,Moderate-Vol,Moderate-Vol,High-Vol,2.0139004856527367,2.07118182714854,4.5397493652674505,2.104706855764323
2022-04-14,-0.012218480383507924,22.700000762939453,Moderate-Vol,Moderate-Vol,High-Vol,1.9892936820744516,2.0528304964138537,4.486398868374453,2.083195816520566
2022-04-18,-0.00020488927240691623,22.170000076293945,Moderate-Vol,Moderate-Vol,High-Vol,1.9888860971393276,2.0525293288906217,4.485514757975485,2.082838788833941
2022-04-19,0.015930044749387307,21.3700008392334,Moderate-Vol,Moderate-Vol,High-Vol,2.0205691416681915,2.0761027844912623,4.554240380414507,2.1105927664513797
2022-04-20,-0.0006186664061829106,20.31999969482422,Moderate-Vol,Moderate-Vol,High-Vol,2.0193190834188717,2.075097054360212,4.551530426656949,2.109500537810439
2022-04-21,-0.014862855551310616,22.68000030517578,Moderate-Vol,Moderate-Vol,High-Vol,1.989306235570012,2.0507135760385937,4.486465176554239,2.0832743915800687
2022-04-22,-0.02813207637736781,28.209999084472656,Moderate-Vol,High-Vol,High-Vol,1.9333429206129824,2.0033729371519264,4.433551897844853,2.034251283277995
2022-04-25,0.0056817651441125605,27.020000457763672,Moderate-Vol,High-Vol,High-Vol,1.944327721030938,2.0118744854653303,4.444112621017979,2.043919368228702
2022-04-26,-0.028550008928597492,33.52000045776367,Moderate-Vol,High-Vol,High-Vol,1.8888171472353852,1.9682482061581763,4.39092018394713,1.995107819395815
2022-04-27,0.0020958490249647355,31.600000381469727,Moderate-Vol,High-Vol,High-Vol,1.892775822811755,1.9711414635515738,4.394778289645783,1.9986054903187052
2022-04-28,0.024445655340832317,29.989999771118164,Moderate-Vol,High-Vol,High-Vol,1.9390459682136716,2.0065033639761007,4.439818171092259,2.0394732980415435
2022-04-29,-0.03695915978469522,33.400001525878906,Moderate-Vol,High-Vol,High-Vol,1.8673804584445934,1.9526942630159538,4.3710249162583406,1.9764221942034361
2022-05-02,0.005659199293818418,32.34000015258789,Moderate-Vol,High-Vol,High-Vol,1.8779483366163134,1.9599541934094,4.381395348406263,1.9857781312602243
2022-05-03,0.004825465075359858,29.25,Moderate-Vol,High-Vol,High-Vol,1.8870103107279856,1.966235751724603,4.390258949522202,1.9937934810797906
2022-05-04,0.029425221557326964,25.420000076293945,Moderate-Vol,High-Vol,High-Vol,1.942536007202117,2.004509186451646,4.44441767834822,2.042867598101958
2022-05-05,-0.036300677564099715,31.200000762939453,Moderate-Vol,High-Vol,High-Vol,1.8720206339480192,1.9593603574687923,4.376780079492163,1.9808367766432193
2022-05-06,-0.005690384413952643,30.190000534057617,Moderate-Vol,High-Vol,High-Vol,1.8613681169100036,1.952934443222003,4.366338771291728,1.9714082707311913
2022-05-09,-0.03256151953960362,34.75,Moderate-Vol,High-Vol,High-Vol,1.8007591426008434,1.9156098724839778,4.306734048018007,1.9177132741600569
2022-05-10,0.002454881760408867,32.9900016784668,Moderate-Vol,High-Vol,High-Vol,1.8051797933749036,1.918240732929693,4.3111664303681865,1.9216511936649854
2022-05-11,-0.01660023209569772,32.560001373291016,Moderate-Vol,High-Vol,High-Vol,1.7752133898304165,1.900333128080935,4.281163233408933,1.8949677853990412
2022-05-12,-0.0012968049941122217,31.770000457763672,Moderate-Vol,High-Vol,High-Vol,1.7729112842408696,1.8989336921218174,4.278835704706251,1.892912230469836
2022-05-13,0.023589267956868554,28.8700008392334,Moderate-Vol,High-Vol,High-Vol,1.8147329635885834,1.9243466179432307,4.32115112499058,1.930262825242574
2022-05-16,-0.003954208517722435,27.469999313354492,Moderate-Vol,High-Vol,High-Vol,1.8075571310465697,1.920199053854779,4.313987751316775,1.9238783001974311
2022-05-17,0.019968919581462075,26.100000381469727,Moderate-Vol,High-Vol,High-Vol,1.843652094035337,1.9411666637044274,4.35010312057359,1.956013776784494
2022-05-18,-0.041233809291247425,30.959999084472656,Moderate-Vol,High-Vol,High-Vol,1.767631295190475,1.8984435780373494,4.2749042021819585,1.8885488663339411
2022-05-19,-0.005850864777348974,29.350000381469727,Moderate-Vol,High-Vol,High-Vol,1.7572891235061052,1.8928971048933565,4.264418318596779,1.8793061235196185
2022-05-20,0.0001461310919914638,29.43000030517578,Moderate-Vol,High-Vol,High-Vol,1.757545918084668,1.8930353914308984,4.264679571432943,1.879535840309897
2022-05-23,0.018384995412059624,28.479999542236328,Moderate-Vol,High-Vol,High-Vol,1.7898583917251387,1.9104823177387389,4.297550238346364,1.9084404239790753
2022-05-24,-0.008153950903556861,29.450000762939453,Moderate-Vol,High-Vol,High-Vol,1.7752639742746927,1.9028617633379574,4.282859364195625,1.8954237723976766
2022-05-25,0.009406385648931703,28.3700008392334,Moderate-Vol,High-Vol,High-Vol,1.7919627918453758,1.911680692916902,4.29974880139328,1.910337344713561
2022-05-26,0.019688166007719943,27.5,Moderate-Vol,High-Vol,High-Vol,1.8272432527708848,1.9300806266915864,4.335238877497897,1.941798010507932
2022-05-27,0.024441130195821614,25.719999313354492,Moderate-Vol,High-Vol,High-Vol,1.8719031430112947,1.9528102956891635,4.3796603449332245,1.9814968596821727
2022-05-31,-0.006294135193666506,26.190000534057617,Moderate-Vol,High-Vol,High-Vol,1.8601211315597324,1.9470477024767927,4.36810361187243,1.9710645123875474
2022-06-01,-0.007510905041154814,25.690000534057617,Moderate-Vol,High-Vol,High-Vol,1.8461499383755418,1.940196063580354,4.3543491442108735,1.9586809473002298
2022-06-02,0.018263225415545037,24.719999313354492,Moderate-Vol,Moderate-Vol,High-Vol,1.8798665908509888,1.9570207933878274,4.4308365840718995,1.9886031636849737
2022-06-03,-0.01648240560981762,24.790000915527344,Moderate-Vol,Moderate-Vol,High-Vol,1.8488818672082379,1.9419822536269007,4.360594768827958,1.9611860770549763
2022-06-06,0.003132489407036587,25.06999969482422,Moderate-Vol,High-Vol,High-Vol,1.8546734700721297,1.9448131960036406,4.366321330265518,1.9663248685114598
2022-06-07,0.009478331531719064,24.020000457763672,Moderate-Vol,Moderate-Vol,High-Vol,1.8722526801045571,1.9536442450942169,4.40612627131303,1.9819146399529979
2022-06-08,-0.010852623040154441,23.959999084472656,Moderate-Vol,Moderate-Vol,High-Vol,1.8519338275314636,1.9435164875661755,4.360134402851374,1.9639229381281145
2022-06-09,-0.024086457665156047,26.09000015258789,Moderate-Vol,High-Vol,High-Vol,1.8073273017959566,1.920464492828737,4.316106155792819,1.924354404351035
2022-06-10,-0.0295424148114094,27.75,Moderate-Vol,High-Vol,High-Vol,1.753934488946315,1.8931922230372342,4.262650126838474,1.8768007790975012
2022-06-13,-0.039539931990040245,34.02000045776367,Moderate-Vol,High-Vol,High-Vol,1.684584038538392,1.8572605783231693,4.1919900362872555,1.8147272161633752
2022-06-14,-0.0037808180394893753,32.689998626708984,Moderate-Vol,High-Vol,High-Vol,1.6782149328164502,1.853916806779231,4.185345501154169,1.808988037959771
2022-06-15,0.014487058836534672,29.6200008392334,High-Vol,High-Vol,High-Vol,1.7025273312885132,1.866752213926231,4.21076518371235,1.818805936755497
2022-06-16,-0.03305220711384038,32.95000076293945,High-Vol,High-Vol,High-Vol,1.6462550453177913,1.8375879710468348,4.152417976580978,1.7962848439300294
2022-06-17,0.0021984473410121552,31.1299991607666,High-Vol,High-Vol,High-Vol,1.649874250344798,1.8395233101508301,4.156245128606085,1.797764272172206
2022-06-21,0.02418247496067316,30.190000534057617,High-Vol,High-Vol,High-Vol,1.6897722930920205,1.8617958420702627,4.198381825127523,1.8140510856987964
2022-06-22,-0.0013024200953584142,28.950000762939453,High-Vol,High-Vol,High-Vol,1.6875714997009175,1.860624282805152,4.196089418762401,1.8131659634987682
2022-06-23,0.009487072485557135,29.049999237060547,High-Vol,High-Vol,High-Vol,1.7035816128431405,1.8695220264388823,4.212778619453524,1.819610213922425
2022-06-24,0.0301055397299006,27.229999542236328,High-Vol,High-Vol,High-Vol,1.7548688567717177,1.8977401282328166,4.265949473873449,1.8401325793061192
2022-06-27,-0.0029774998903402405,26.950000762939453,High-Vol,High-Vol,High-Vol,1.7496437349431184,1.8950015369426385,4.260624394992296,1.8380799831999532
2022-06-28,-0.02034867314949551,28.360000610351562,High-Vol,High-Vol,High-Vol,1.7140408064526984,1.8763180491671339,4.2242774486717956,1.8240678862487
2022-06-29,-0.0007119988201722549,28.15999984741211,High-Vol,High-Vol,High-Vol,1.712820411420777,1.8756639294898736,4.223016520660401,1.8235813413724495
2022-06-30,-0.008797866246368358,28.709999084472656,High-Vol,High-Vol,High-Vol,1.6977512465370475,1.8675824497102347,4.207440420920979,1.8175709171363907
2022-07-01,0.0104985112966407,26.700000762939453,High-Vol,High-Vol,High-Vol,1.7155751071777026,1.8773871960566066,4.2259588558018635,1.8247195289888607
2022-07-05,0.001582875106192816,27.540000915527344,High-Vol,High-Vol,High-Vol,1.7182906483076583,1.8789863688234079,4.228763194708866,1.8258015741846414
2022-07-06,0.003566795705065573,26.729999542236328,High-Vol,High-Vol,Moderate-Vol,1.7244194400120965,1.8825971992121284,4.235086587864793,1.8282412630506941
2022-07-07,0.0148537231809307,26.079999923706055,High-Vol,High-Vol,Moderate-Vol,1.7500334890218516,1.8976493646748263,4.261459385599841,1.8384147882388018
2022-07-08,-0.0008306163961275814,24.639999389648438,High-Vol,Moderate-Vol,Moderate-Vol,1.7485798825120977,1.8967951083915469,4.258054925492424,1.8378427215805175
2022-07-11,-0.01159441766052538,26.170000076293945,High-Vol,High-Vol,Moderate-Vol,1.72830611704146,1.8848361455877252,4.2373573829548095,1.8298598357996396
2022-07-12,-0.009286868497493828,27.290000915527344,High-Vol,High-Vol,Moderate-Vol,1.7122555654090819,1.875326478128212,4.220859699202433,1.8234934969142096
2022-07-13,-0.004466864111815738,26.81999969482422,High-Vol,High-Vol,Moderate-Vol,1.7046071524736992,1.870670680048948,4.212955420566848,1.8204420234919563
2022-07-14,-0.0030031388127653713,26.399999618530273,High-Vol,High-Vol,Moderate-Vol,1.699487980573588,1.8674043918197274,4.207651208802272,1.818393905884448
2022-07-15,0.01901923165863373,24.229999542236328,High-Vol,Moderate-Vol,Moderate-Vol,1.7318109361771807,1.888069303151952,4.284621316896743,1.8313502826176704
2022-07-18,-0.008398742485836053,25.299999237060547,High-Vol,High-Vol,Moderate-Vol,1.717265902090074,1.8790942934926513,4.269534928177846,1.8255880827602455
2022-07-19,0.027253517643730518,24.5,High-Vol,Moderate-Vol,Moderate-Vol,1.7640674386516626,1.908810738052345,4.38145101901588,1.8442273136973306
2022-07-20,0.005878493941057883,23.8799991607666,High-Vol,Moderate-Vol,Moderate-Vol,1.774437498401394,1.9150594364863711,4.406223724079512,1.8482887828280852
2022-07-21,0.009813066689504879,23.110000610351562,High-Vol,Moderate-Vol,Moderate-Vol,1.791850171909565,1.9255044457380528,4.447811020795248,1.8550835911519807
2022-07-22,-0.009376287293813235,23.030000686645508,High-Vol,Moderate-Vol,Moderate-Vol,1.7750492699102722,1.9154743050836658,4.407699730858725,1.8485673518964965
2022-07-25,0.0013143029733058142,23.360000610351562,High-Vol,Moderate-Vol,Moderate-Vol,1.7773822224434797,1.9168751122821992,4.413271548417771,1.8494775447074636
2022-07-26,-0.011610342599263745,24.690000534057617,High-Vol,Moderate-Vol,Moderate-Vol,1.7567462059110701,1.904075135491821,4.363988781616844,1.8414330877947047
2022-07-27,0.025820048778628646,23.239999771118164,High-Vol,Moderate-Vol,Moderate-Vol,1.8021054786393647,1.9337763173769666,4.47236402356998,1.8592452086399391
2022-07-28,0.012060319791912022,22.329999923706055,High-Vol,Moderate-Vol,Moderate-Vol,1.8238394470105121,1.9490553879832693,4.524242279246105,1.8676455730582224
2022-07-29,0.014107775781754484,21.329999923706055,High-Vol,Moderate-Vol,Moderate-Vol,1.8495697649908556,1.9669978671813781,4.58563173721201,1.8775164478588926
2022-08-01,-0.002827076544916096,22.84000015258789,High-Vol,Moderate-Vol,Moderate-Vol,1.844340889690064,1.9633666613170595,4.5731628947425085,1.8755279553933588
2022-08-02,-0.006684688378872039,23.93000030517578,High-Vol,Moderate-Vol,Moderate-Vol,1.8320120455780742,1.9537113581679557,4.543760193319342,1.8708310983667815
2022-08-03,0.015517456270091046,21.950000762939453,Low-Vol,Moderate-Vol,Moderate-Vol,1.860440212381612,1.9757712717316511,4.611575125043714,1.9095557305157216
2022-08-04,-0.0007776424495844481,21.440000534057617,Low-Vol,Moderate-Vol,Moderate-Vol,1.8589934550975502,1.9746192651392909,4.608125922928622,1.9075749129081212
2022-08-05,-0.0016270690189177373,21.149999618530273,Low-Vol,Moderate-Vol,Moderate-Vol,1.85596874444039,1.9722091242989095,4.600914520859664,1.9034347277096313
2022-08-08,-0.0012383171221213018,21.290000915527344,Low-Vol,Moderate-Vol,Moderate-Vol,1.8536704665660275,1.9703734810463616,4.595434711638849,1.9002905863977568
2022-08-09,-0.004257744235927063,21.770000457763672,Low-Vol,Moderate-Vol,Moderate-Vol,1.8457780118216978,1.963475301032654,4.576615753932276,1.8894978448542699
2022-08-10,0.021067158460407853,19.739999771118164,Low-Vol,Moderate-Vol,Moderate-Vol,1.884663309679482,1.9974255233052023,4.669349928214297,1.9425966261201038
2022-08-11,-0.0007057229222020567,20.200000762939453,Low-Vol,Moderate-Vol,Moderate-Vol,1.883333259581208,1.9962404067685784,4.666180506406977,1.9407678984159202
2022-08-12,0.017174046951492272,19.530000686645508,Low-Vol,Moderate-Vol,Moderate-Vol,1.9156777134065626,2.025063770159081,4.743257288896468,1.9852288175248398
2022-08-15,0.003961684056234205,19.950000762939453,Low-Vol,Moderate-Vol,Moderate-Vol,1.9232670232606486,2.0317836793259363,4.761330940926797,1.9957199555022016
2022-08-16,0.0018739228259470053,19.690000534057617,Low-Vol,Moderate-Vol,Moderate-Vol,1.9268710772359279,2.034991308368611,4.769912564608279,2.0007086107445766
2022-08-17,-0.007264114867647109,19.899999618530273,Low-Vol,Moderate-Vol,Moderate-Vol,1.9128740643957391,2.022535415913377,4.736586616211868,1.9813221408649098
2022-08-18,0.0022669896063849393,19.559999465942383,Low-Vol,Moderate-Vol,Moderate-Vol,1.9172105300180475,2.026336665477968,4.746914335109348,1.9873136580883464
2022-08-19,-0.012983928713039106,20.600000381469727,Low-Vol,Moderate-Vol,Moderate-Vol,1.8923176051684052,2.0041319527667643,4.6876345101102475,1.952894144388037
2022-08-22,-0.0216323664664948,23.799999237060547,Low-Vol,Moderate-Vol,Moderate-Vol,1.8513822972624023,1.9686864733883707,4.590102500990479,1.8965414189377245
2022-08-23,-0.0022403704344373665,24.110000610351562,Low-Vol,Moderate-Vol,Moderate-Vol,1.847234515100775,1.9652470782990576,4.580211696603831,1.8908736210510328
2022-08-24,0.0029119166987232603,22.81999969482422,Low-Vol,Moderate-Vol,Moderate-Vol,1.852613508131755,1.969771796490201,4.593039547243993,1.8982183139333588
2022-08-25,0.013993241836107728,21.780000686645508,Low-Vol,Moderate-Vol,Moderate-Vol,1.8785375769798824,1.9917026704438685,4.654856546682793,1.9336503973194734
2022-08-26,-0.03426857631703939,25.559999465942383,Low-Vol,High-Vol,Moderate-Vol,1.8141627686587212,1.9379232545141232,4.587981985163477,1.8452597714177288
2022-08-29,-0.006688675197326077,26.209999084472656,Low-Vol,High-Vol,Moderate-Vol,1.802028423144081,1.928822168495146,4.575116671027206,1.8287959816704258
2022-08-30,-0.011089416492115589,26.209999084472656,Low-Vol,High-Vol,Moderate-Vol,1.7820449794292061,1.913758748694347,4.5538465749139165,1.8017435602611023
2022-08-31,-0.007847738208154098,25.8700008392334,Low-Vol,High-Vol,Moderate-Vol,1.7680599569554905,1.9025898660988183,4.538864171538248,1.7828823448152993
2022-09-01,0.002991752267195835,25.559999465942383,High-Vol,High-Vol,Moderate-Vol,1.7733495543402502,1.906808400025854,4.544557043276133,1.7848805999848818
2022-09-02,-0.010794552570724036,25.469999313354492,High-Vol,High-Vol,Moderate-Vol,1.7542070393496543,1.8914069056430274,4.523990808524342,1.7776626071445576
2022-09-06,-0.004103464690896175,26.90999984741211,High-Vol,High-Vol,Moderate-Vol,1.7470087127031615,1.8856168010692584,4.516208095825821,1.7749298397332223
2022-09-07,0.018174848666170362,24.639999389648438,High-Vol,Moderate-Vol,Moderate-Vol,1.7787603316750225,1.9111541435675268,4.595154825536499,1.7870150615526577
2022-09-08,0.006588966880441305,23.610000610351562,High-Vol,Moderate-Vol,Moderate-Vol,1.790480524588672,1.9203468832141442,4.624275864773349,1.7914261744123385
2022-09-09,0.015156014981211996,22.790000915527344,High-Vol,Moderate-Vol,Moderate-Vol,1.817617074242906,1.9430853573003881,4.691684906981079,1.801597711179359
2022-09-12,0.010528651483996398,23.8700008392334,High-Vol,Moderate-Vol,Moderate-Vol,1.8367541309489708,1.9589110164917363,4.7391955582271414,1.8087038420834707
2022-09-13,-0.044199163031974464,27.270000457763672,High-Vol,High-Vol,Moderate-Vol,1.7555711356655046,1.8912351461179473,4.651378828666037,1.7787547170717342
2022-09-14,0.003381289078845384,26.15999984741211,High-Vol,High-Vol,Moderate-Vol,1.7615072291736666,1.89539693513436,4.6579724286710436,1.781007923588294
2022-09-15,-0.011382272168150465,26.270000457763672,High-Vol,High-Vol,Moderate-Vol,1.7414572744650474,1.8813500064000743,4.635745243705623,1.773413453958675
2022-09-16,-0.007208049775663028,26.299999237060547,High-Vol,High-Vol,Moderate-Vol,1.7289047637485129,1.8723721062159697,4.621736605395599,1.7686246130667613
2022-09-19,0.00683369772470499,25.760000228881836,High-Vol,High-Vol,Moderate-Vol,1.7407195762987726,1.8808267106229495,4.634977567416559,1.7731524842346167
2022-09-20,-0.011336114736598901,27.15999984741211,High-Vol,High-Vol,Moderate-Vol,1.7209865794576058,1.866833474023569,4.6129498014646275,1.765622172594145
2022-09-21,-0.017264674098507626,27.989999771118164,High-Vol,High-Vol,Moderate-Vol,1.6912743070353649,1.8458243058746007,4.579561394590747,1.7542023648963327
2022-09-22,-0.008463293830454077,27.350000381469727,High-Vol,High-Vol,Moderate-Vol,1.676960555627027,1.8358144845851636,4.563312572311351,1.7486404832480344
2022-09-23,-0.017382828767329883,29.920000076293945,High-Vol,High-Vol,Moderate-Vol,1.647810237438996,1.814380786596861,4.5300573960851,1.7372531085096867
2022-09-26,-0.010394360890281007,32.2599983215332,High-Vol,High-Vol,Moderate-Vol,1.6306823031523554,1.8018931291772675,4.510316808298254,1.7304881751804102
2022-09-27,-0.0021226109548244665,32.599998474121094,High-Vol,High-Vol,Moderate-Vol,1.6272209990318458,1.7992578057644313,4.5063031903199455,1.729112101560323
2022-09-28,0.0194811441811531,30.18000030517578,High-Vol,High-Vol,Moderate-Vol,1.6589211259285852,1.8235803073618422,4.543107057339578,1.7417315462045884
2022-09-29,-0.021352794823098264,31.84000015258789,High-Vol,High-Vol,Moderate-Vol,1.623498523498929,1.7978623433473784,4.502437796247655,1.7277987406281325
2022-09-30,-0.015181351546209143,31.6200008392334,High-Vol,High-Vol,Moderate-Vol,1.5988516216789403,1.7802163414827117,4.473781718781654,1.7179720740119824
2022-10-03,0.02555457753092938,30.100000381469727,High-Vol,High-Vol,Moderate-Vol,1.639709599405587,1.8095605518857953,4.521711128458611,1.7344191022325026
2022-10-04,0.030125341416800566,29.06999969482422,High-Vol,High-Vol,Moderate-Vol,1.6891064109120857,1.8424456851236917,4.578818658288568,1.7539935111926963
2022-10-05,-0.0020199875589383964,28.549999237060547,High-Vol,High-Vol,Moderate-Vol,1.6856944369763203,1.8403212265662596,4.574941078683721,1.7526661799741
2022-10-06,-0.010297922911394863,30.520000457763672,High-Vol,High-Vol,Moderate-Vol,1.668335285612171,1.8295034332708047,4.555189867823568,1.7459045488428546
2022-10-07,-0.02840319653147816,31.360000610351562,High-Vol,High-Vol,Moderate-Vol,1.6209492306145288,1.7998693299175659,4.500948293445756,1.727326917203226
2022-10-11,-0.006540518412323948,33.630001068115234,High-Vol,High-Vol,Moderate-Vol,1.6103473823262522,1.7932655999685934,4.488606599274469,1.7230944914786148
2022-10-12,-0.0032961996501654767,33.56999969482422,High-Vol,High-Vol,Moderate-Vol,1.6050393558479834,1.7897537433611594,4.482403858427852,1.7209667187660522
2022-10-13,0.025634259307631524,31.940000534057617,High-Vol,High-Vol,Moderate-Vol,1.6461833508947445,1.8170268922818373,4.530575377339079,1.737493789161087
2022-10-14,-0.02394712074452876,32.02000045776367,High-Vol,High-Vol,Moderate-Vol,1.6067619994232352,1.792410538038503,4.4850906863823266,1.7219061911645948
2022-10-17,0.02613552455756185,31.3700008392334,High-Vol,High-Vol,Moderate-Vol,1.6487555671173184,1.8182463141543674,4.534233614945485,1.7387656387574315
2022-10-18,0.01136276820708737,30.5,High-Vol,High-Vol,Moderate-Vol,1.6674899944566173,1.8291420092370976,4.555833260457205,1.7461672765501781
2022-10-19,-0.006694455239685482,30.760000228881836,High-Vol,High-Vol,Moderate-Vol,1.656327057326104,1.8227175839882364,4.543047055934025,1.7417879864099988
2022-10-20,-0.007982686738765565,29.979999542236328,High-Vol,High-Vol,Moderate-Vol,1.6431051172905282,1.8150918250815054,4.527843159386097,1.736579074540827
2022-10-21,0.023447759860447448,29.690000534057617,High-Vol,High-Vol,Moderate-Vol,1.681632251506229,1.83785361507841,4.572352515984498,1.7518335947711547
2022-10-24,0.011811940205111782,29.850000381469727,High-Vol,High-Vol,Moderate-Vol,1.701495591108008,1.849108320375843,4.594994763294317,1.75958564757566
2022-10-25,0.01613577001587352,28.459999084472656,High-Vol,High-Vol,Moderate-Vol,1.7289505326491497,1.864660758220487,4.626078505604712,1.7702222453879721
2022-10-26,-0.007415140398988385,27.280000686645508,High-Vol,High-Vol,Moderate-Vol,1.7161301217066505,1.8575174990102226,4.611697443528915,1.765304683837977
2022-10-27,-0.006101185053184466,27.389999389648438,High-Vol,High-Vol,Moderate-Vol,1.7056596942587743,1.851026753516331,4.599901475449094,1.7612697492073413
2022-10-28,0.024328036770855377,25.75,High-Vol,High-Vol,Moderate-Vol,1.7471550460192677,1.876799874455237,4.64681674081712,1.7773219865148764
2022-10-31,-0.007482327030336577,25.8799991607666,High-Vol,High-Vol,Moderate-Vol,1.7340822605922488,1.8689994609714824,4.632240322770459,1.772339966919076
2022-11-01,-0.00410966372035837,25.809999465942383,High-Vol,High-Vol,Moderate-Vol,1.7269557656377759,1.8647339531527711,4.624259347720269,1.7696112659217884
2022-11-02,-0.025319843737483083,25.860000610351562,High-Vol,High-Vol,Moderate-Vol,1.6832295155102819,1.8384691987328907,4.5751728792186,1.7528254858912853
2022-11-03,-0.010642422531956797,25.299999237060547,High-Vol,High-Vol,Moderate-Vol,1.6653158757879605,1.8278979360448218,4.554759890732247,1.7458370206609826
2022-11-04,0.013526823285562983,24.549999237060547,High-Vol,Moderate-Vol,Moderate-Vol,1.6878423093543868,1.8413934841010828,4.6140183970305575,1.7546841453260835
2022-11-07,0.009568061679360085,24.350000381469727,High-Vol,Moderate-Vol,Moderate-Vol,1.7039916886753232,1.850948779735434,4.656479638156659,1.7609737818766873
2022-11-08,0.0055822828287599435,25.540000915527344,High-Vol,High-Vol,Moderate-Vol,1.713503852219365,1.856635291581729,4.667377169544242,1.7646564904979272
2022-11-09,-0.020996784712302485,26.09000015258789,High-Vol,High-Vol,Moderate-Vol,1.677525780730614,1.8350213143376362,4.626292076321563,1.7507756550734865
2022-11-10,0.05395251566479686,23.530000686645508,High-Vol,Moderate-Vol,Moderate-Vol,1.768032516693583,1.8883765416136435,4.866360004106599,1.786162743439146
2022-11-14,-0.008975940544917904,23.729999542236328,High-Vol,Moderate-Vol,Moderate-Vol,1.75216276194226,1.8802724150830261,4.824347980824623,1.7801564903875118
2022-11-15,0.008675376414668534,24.540000915527344,High-Vol,Moderate-Vol,Moderate-Vol,1.7673634334418744,1.888226770833634,4.864602658133196,1.785942100205869
2022-11-16,-0.008286283111873516,24.110000610351562,High-Vol,Moderate-Vol,Moderate-Vol,1.7527185596708021,1.880488163250066,4.825832592480721,1.780398016553486
2022-11-17,-0.0030941046442301,23.93000030517578,High-Vol,Moderate-Vol,Moderate-Vol,1.7472954650352965,1.8775566994917148,4.811471196860587,1.7783342777433282
2022-11-18,0.004747295648158456,23.1200008392334,High-Vol,Moderate-Vol,Moderate-Vol,1.7555903931925056,1.8822286155507397,4.833440362621149,1.7814970091473898
2022-11-21,-0.0038912498002758866,22.360000610351562,High-Vol,Moderate-Vol,Moderate-Vol,1.748758952425629,1.8783895292569819,4.815350516524824,1.7788999798977905
2022-11-22,0.013488606269829617,21.290000915527344,Low-Vol,Moderate-Vol,Moderate-Vol,1.7723472733957382,1.8917495341037405,4.877822368332696,1.8109074094630544
2022-11-23,0.005897266041737126,20.350000381469727,Low-Vol,Moderate-Vol,Moderate-Vol,1.7827992767853003,1.8979123892157548,4.905489624904929,1.8251529573348069
2022-11-25,-0.0002830842622021379,20.5,Low-Vol,Moderate-Vol,Moderate-Vol,1.782294594367377,1.8976139915340422,4.90415399085079,1.8244637542975186
2022-11-28,-0.015564696794065469,22.209999084472656,Low-Vol,Moderate-Vol,Moderate-Vol,1.7545537194083467,1.8811781604892666,4.8307374091610455,1.7865839178540819
2022-11-29,-0.001593133701623728,21.889999389648438,Low-Vol,Moderate-Vol,Moderate-Vol,1.751758480746648,1.8794930251075086,4.823335307393037,1.7827872042744795
2022-11-30,0.030478643521295368,20.579999923706055,Low-Vol,Moderate-Vol,Moderate-Vol,1.805149703016731,1.9131491439240866,4.964729797067938,1.8552687310948726
2022-12-01,-0.000868009829606109,19.84000015258789,Low-Vol,Moderate-Vol,Moderate-Vol,1.803582815330602,1.9121874241721486,4.960584939066197,1.8531205857697717
2022-12-02,-0.0011953746637622942,19.059999465942383,Low-Vol,Moderate-Vol,Moderate-Vol,1.8014268581291586,1.910858815553301,4.954881637534732,1.8501657053002396
2022-12-05,-0.01805624963097152,20.75,Low-Vol,Moderate-Vol,Moderate-Vol,1.7688998450868418,1.890705700056881,4.868831765068698,1.8056031211497179
2022-12-06,-0.014503869422986426,22.170000076293945,Low-Vol,Moderate-Vol,Moderate-Vol,1.7432439527113615,1.8750135248142472,4.800911707426088,1.770669921306298
2022-12-07,-0.0018641072533824854,22.68000030517578,Low-Vol,Moderate-Vol,Moderate-Vol,1.7399943590146971,1.8729888675101527,4.79230406908158,1.7662670022985996
2022-12-08,0.007493634413933137,22.290000915527344,Low-Vol,Moderate-Vol,Moderate-Vol,1.7530332406234592,1.8811755312381302,4.82684438169287,1.783922544022083
2022-12-09,-0.00737671946421159,22.829999923706055,Low-Vol,Moderate-Vol,Moderate-Vol,1.7401016061959422,1.8729774970854725,4.792597899986912,1.766368731655866
2022-12-12,0.014178307299649973,25.0,Low-Vol,Moderate-Vol,Moderate-Vol,1.7647733015012028,1.8886663801807444,4.85795379617957,1.7997757675411137
2022-12-13,0.007263223255456808,22.549999237060547,Low-Vol,Moderate-Vol,Moderate-Vol,1.7775912439852757,1.8967025917779425,4.89189069625851,1.8172130974408658
2022-12-14,-0.0060711166238363035,21.139999389648438,Low-Vol,Moderate-Vol,Moderate-Vol,1.7667992802335308,1.8897186182749022,4.863325664158869,1.8024965266357718
2022-12-15,-0.0252374779018254,22.829999923706055,Low-Vol,Moderate-Vol,Moderate-Vol,1.7222097224416761,1.860749774882204,4.745274927857484,1.741815547677957
2022-12-16,-0.011200239946012047,22.6200008392334,Low-Vol,Moderate-Vol,Moderate-Vol,1.7029205603129745,1.848628317808626,4.694156427776546,1.7157922889262065
2022-12-19,-0.009048328941103634,22.420000076293945,Low-Vol,Moderate-Vol,Moderate-Vol,1.6875119749226941,1.8385489301591047,4.653304238581075,1.6950829954546438
2022-12-20,0.0010368006978893618,21.479999542236328,Low-Vol,Moderate-Vol,Moderate-Vol,1.6892615885159905,1.8397002511680254,4.657944539288073,1.6974273237988127
2022-12-21,0.014758548669055571,20.06999969482422,Low-Vol,Moderate-Vol,Moderate-Vol,1.71419263788487,1.8563029924075516,4.724063704417597,1.7308442908916162
2022-12-22,-0.014557142498146547,21.969999313354492,Low-Vol,Moderate-Vol,Moderate-Vol,1.6892388913859062,1.8399249027912588,4.65792110253607,1.6972344602892346
2022-12-23,0.005850952271915233,20.8700008392334,Low-Vol,Moderate-Vol,Moderate-Vol,1.6991225475152683,1.8463679590460191,4.68413358057811,1.7104809433006505
2022-12-27,-0.0040578440346585865,21.649999618530273,Low-Vol,Moderate-Vol,Moderate-Vol,1.6922277732216795,1.8417504595696086,4.665851988317771,1.701222333505974
2022-12-28,-0.012093470442948728,22.139999389648438,Low-Vol,Moderate-Vol,Moderate-Vol,1.6717628666634863,1.8235386183053155,4.6115805537479595,1.673778535549505
2022-12-29,0.017310634314993578,21.440000534057617,Low-Vol,Moderate-Vol,Moderate-Vol,1.7007021423096833,1.849162573785384,4.688361273232014,1.7124279720712126
2022-12-30,-0.002543975646110752,21.670000076293945,Low-Vol,Moderate-Vol,Moderate-Vol,1.6963755974783592,1.8454589470282436,4.676889688545686,1.7066168840590468
2023-01-03,-0.004008572481273731,22.899999618530273,Low-Vol,Moderate-Vol,Moderate-Vol,1.689575552940403,1.8396000564310746,4.658858005559682,1.697491356751474
2023-01-04,0.007510694562139264,22.010000228881836,Low-Vol,Moderate-Vol,Moderate-Vol,1.702265438858196,1.8505366689692537,4.692512957220467,1.7144980493932789
2023-01-05,-0.011713869136457333,22.459999084472656,Low-Vol,Moderate-Vol,Moderate-Vol,1.682325324271897,1.8334595094077601,4.639644669530553,1.6877082443181144
2023-01-06,0.022583835589031764,21.1299991607666,Low-Vol,Moderate-Vol,Moderate-Vol,1.720318682802518,1.8656766536744034,4.740424081673859,1.7385507874522224
2023-01-09,-0.0007679273259917352,21.969999313354492,Low-Vol,Moderate-Vol,Moderate-Vol,1.71899760307658,1.8646046118156807,4.736922802716134,1.7367698867946706
2023-01-10,0.006953997970594372,20.579999923706055,Low-Vol,Moderate-Vol,Moderate-Vol,1.730951508919831,1.874357570025409,4.768605362490944,1.7528803872097527
2023-01-11,0.012767571192293659,21.09000015258789,Low-Vol,Moderate-Vol,Moderate-Vol,1.7530515555403732,1.8922350732755506,4.827163744324504,1.7827337157418108
2023-01-12,0.0034100849120424215,18.829999923706055,Low-Vol,Moderate-Vol,Moderate-Vol,1.7590296101999539,1.8970844395706583,4.84299613946482,1.7908430249737939
2023-01-13,0.003988892144656475,18.350000381469727,Low-Vol,Moderate-Vol,Moderate-Vol,1.7660461895942985,1.902766626263202,4.861576571696738,1.8003719081765521
2023-01-17,-0.0020325554309970073,19.360000610351562,Low-Vol,Moderate-Vol,Moderate-Vol,1.762456602820247,1.8995168702917635,4.852072517045727,1.7954905933763754
2023-01-18,-0.015684966977744352,20.34000015258789,Low-Vol,Moderate-Vol,Moderate-Vol,1.734812529205304,1.8744878134831875,4.778874336199588,1.7579242491869436
2023-01-19,-0.0076676719018120565,20.520000457763672,Low-Vol,Moderate-Vol,Moderate-Vol,1.721510555920205,1.862755568522135,4.743630877039487,1.7399439932825758
2023-01-20,0.01874167355235201,19.850000381469727,Low-Vol,Moderate-Vol,Moderate-Vol,1.7537745447761897,1.8922001667597623,4.8291392518903695,1.7834426482685521
2023-01-23,0.011811315951328893,19.809999465942383,Low-Vol,Moderate-Vol,Moderate-Vol,1.7744889300319393,1.9106484445821,4.8839994551021135,1.8115415681035199
2023-01-24,-0.0007117563642928815,19.200000762939453,Low-Vol,Moderate-Vol,Moderate-Vol,1.7732259262426218,1.9095435800949898,4.88065599332876,1.8098216338197197
2023-01-25,-0.0001817415734652883,19.079999923706055,Low-Vol,Moderate-Vol,Moderate-Vol,1.772903657372677,1.909259953789054,4.879802850237979,1.8093828786472481
2023-01-26,0.010947708029114267,18.729999542236328,Low-Vol,Moderate-Vol,Moderate-Vol,1.792312888977342,1.9264818991642643,4.931185308599806,1.8358061067133302
2023-01-27,0.0024917340217047723,18.510000228881836,Low-Vol,Moderate-Vol,Moderate-Vol,1.7967788559803468,1.9304776115663433,4.943003265488537,1.8419079448450661
2023-01-30,-0.01305356931529289,19.940000534057617,Low-Vol,Moderate-Vol,Moderate-Vol,1.7733244786395548,1.9093834029981491,4.880943579585243,1.8098356976027008
2023-01-31,0.014536304416418844,19.399999618530273,Low-Vol,Moderate-Vol,Moderate-Vol,1.7991020630901466,1.9321956271156147,4.949184864101576,1.84492908978046
2023-02-01,0.010398056296885727,17.8700008392334,Low-Vol,Moderate-Vol,Moderate-Vol,1.8178092276260012,1.9498858750170296,4.998681449186214,1.8705187213701824
2023-02-02,0.014592384626853416,18.729999542236328,Low-Vol,Moderate-Vol,Moderate-Vol,1.8443353990537632,1.9753159449055622,5.068838467934826,1.9069287078726467
2023-02-03,-0.010408592637284997,18.329999923706055,Low-Vol,Moderate-Vol,Moderate-Vol,1.8251384631984882,1.9569598492267668,5.018093864894887,1.8804523246138105
2023-02-06,-0.006159393193939877,19.43000030517578,Low-Vol,Moderate-Vol,Moderate-Vol,1.8138967177702654,1.94647250483457,4.988365836601351,1.8650021836441077
2023-02-07,0.012790364037398305,18.65999984741211,Low-Vol,Moderate-Vol,Moderate-Vol,1.8370971171167891,1.9684045816548805,5.049732229726689,1.8968217634676414
2023-02-08,-0.011142573012412171,19.6299991607666,Low-Vol,Moderate-Vol,Moderate-Vol,1.8166271283584234,1.948541181974297,4.995614043314893,1.8686285744621474
2023-02-09,-0.008869009831038,20.709999084472656,Low-Vol,Moderate-Vol,Moderate-Vol,1.8005154444976823,1.9333120537564068,4.952999934522226,1.846521548954651
2023-02-10,0.0021928557092181222,20.530000686645508,Low-Vol,Moderate-Vol,Moderate-Vol,1.8044637150696845,1.9370021349779463,4.963446361535513,1.851922828146211
2023-02-13,0.011383569951155081,20.34000015258789,Low-Vol,Moderate-Vol,Moderate-Vol,1.8250049539945015,1.9568098982657303,5.017790312503374,1.8800440091731718
2023-02-14,-0.00028045385549368973,18.90999984741211,Low-Vol,Moderate-Vol,Moderate-Vol,1.8244931243188587,1.9563057573640543,5.016436796734884,1.8793406751593464
2023-02-15,0.002769337533075955,18.229999542236328,Low-Vol,Moderate-Vol,Moderate-Vol,1.829545761606874,1.9612968215157531,5.029798463388424,1.8862831385067134
2023-02-16,-0.013884689204880729,20.170000076293945,Low-Vol,Moderate-Vol,Moderate-Vol,1.8041430873208557,1.936028137715138,4.962628340476901,1.8513469730336591
2023-02-17,-0.002771242172283195,20.020000457763672,Low-Vol,Moderate-Vol,Moderate-Vol,1.799143369912439,1.93123498021023,4.949400905754106,1.8445032174612064
2023-02-21,-0.02024478397347096,22.8700008392334,Low-Vol,Moderate-Vol,Moderate-Vol,1.7627201010512592,1.8953659281773034,4.853027950539898,1.7946922755265247
2023-02-22,-0.001574795485643321,22.290000915527344,Low-Vol,Moderate-Vol,Moderate-Vol,1.759944177393671,1.892643005956667,4.845677290290377,1.7909222321666192
2023-02-23,0.005315278263237744,21.139999389648438,Low-Vol,Moderate-Vol,Moderate-Vol,1.7692987704242835,1.901815451273641,4.870449793280965,1.8036202204960723
2023-02-24,-0.010593464619775617,21.670000076293945,Low-Vol,Moderate-Vol,Moderate-Vol,1.7505557664979814,1.8833942897079032,4.820825254033823,1.778133420763244
2023-02-27,0.0030682925395524308,20.950000762939453,Low-Vol,Moderate-Vol,Moderate-Vol,1.7559269836963975,1.888705999401168,4.835052064628986,1.785411106520233
2023-02-28,-0.0030406198309478327,20.700000762939453,Low-Vol,Moderate-Vol,Moderate-Vol,1.7505878772880739,1.8834254410132636,4.820911958312667,1.7781695396384254
2023-03-01,-0.0047364642034928295,20.579999923706055,Low-Vol,Moderate-Vol,Moderate-Vol,1.7422962804722304,1.8752114527171215,4.798949909327853,1.7669348878507123
2023-03-02,0.007553593731197239,19.59000015258789,Low-Vol,Moderate-Vol,Moderate-Vol,1.7554568787342937,1.8882181662288728,4.833814874500238,1.784738427617235
2023-03-03,0.016018749176483382,18.489999771118164,Low-Vol,Moderate-Vol,Moderate-Vol,1.7835771021648708,1.9169014162637106,4.908289445665347,1.8228744475775864
2023-03-06,0.0006869307788477386,18.610000610351562,Low-Vol,Moderate-Vol,Moderate-Vol,1.7848022961727958,1.9181171802930024,4.911532338055864,1.824544776201424
2023-03-07,-0.015445590479263416,19.59000015258789,Low-Vol,Moderate-Vol,Moderate-Vol,1.7572349708196617,1.8892128269269703,4.838567954123686,1.7869531397371115
2023-03-08,0.0014137941356029415,19.110000610351562,Low-Vol,Moderate-Vol,Moderate-Vol,1.7597193393162829,1.8917681557950872,4.84514744693641,1.790323152380087
2023-03-09,-0.018631857945480945,22.610000610351562,Low-Vol,Moderate-Vol,Moderate-Vol,1.7269324985622263,1.858061935403767,4.75832089421907,1.7458272741792489
2023-03-10,-0.014583969436067434,24.799999237060547,Low-Vol,Moderate-Vol,Moderate-Vol,1.7017469677850432,1.8335310451930478,4.691575874062092,1.7118640266876737
2023-03-13,-0.0015109018407386543,26.520000457763672,Low-Vol,High-Vol,Moderate-Vol,1.6991757951589455,1.8310346652968945,4.688604115117599,1.7084138788376382
2023-03-14,0.016342388235363714,23.729999542236328,Low-Vol,Moderate-Vol,Moderate-Vol,1.7269443856835658,1.8580753571575677,4.762300890243024,1.7456565484919524
2023-03-15,-0.007005363929353692,26.139999389648438,Low-Vol,High-Vol,Moderate-Vol,1.7148465117760983,1.8466230875847394,4.748314484684057,1.7293440045649704
2023-03-16,0.01740957624903139,22.989999771118164,Low-Vol,Moderate-Vol,Moderate-Vol,1.7447012628782497,1.8758561887257024,4.827823627535355,1.7695047516808031
2023-03-17,-0.011080621273952929,25.510000228881836,Low-Vol,High-Vol,Moderate-Vol,1.7253688889481085,1.8575729585705805,4.805396477363101,1.7433501545446835
2023-03-20,0.0088788696359412,24.149999618530273,Low-Vol,Moderate-Vol,Moderate-Vol,1.7406882143869875,1.8724858519018028,4.8464335432336005,1.7639979882817347
2023-03-21,0.012898647518557738,21.3799991607666,Low-Vol,Moderate-Vol,Moderate-Vol,1.763140738104073,1.894181901862097,4.906558646180412,1.7943490893461174
2023-03-22,-0.016600248639841553,22.260000228881836,Low-Vol,Moderate-Vol,Moderate-Vol,1.7338721634645116,1.866673868401736,4.828219112269439,1.7546158730000805
2023-03-23,0.0029800838691826925,22.610000610351562,Low-Vol,Moderate-Vol,Moderate-Vol,1.7390392479300771,1.871518323008198,4.84205811687104,1.7615908492143224
2023-03-24,0.005623963084302019,21.739999771118164,Low-Vol,Moderate-Vol,Moderate-Vol,1.7488195404625881,1.8807786643571736,4.868249706360663,1.7748062304870451
2023-03-27,0.0016455995637674192,20.600000381469727,Low-Vol,Moderate-Vol,Moderate-Vol,1.7516973971354812,1.8835072082271511,4.875954950540071,1.7787021259812417
2023-03-28,-0.0015750832883885124,19.969999313354492,Low-Vol,Moderate-Vol,Moderate-Vol,1.7489383278389394,1.8808905751002654,4.868568214087572,1.7749649896762671
2023-03-29,0.014136870775047328,19.1200008392334,Low-Vol,Moderate-Vol,Moderate-Vol,1.7736628429731258,1.9049161317473842,4.934766073108563,1.8084364969500013
2023-03-30,0.0056989991994829126,19.020000457763672,Low-Vol,Moderate-Vol,Moderate-Vol,1.7837709460953823,1.9143847667504674,4.961815281664491,1.8221843236681672
2023-03-31,0.014333327782036775,18.700000762939453,Low-Vol,Moderate-Vol,Moderate-Vol,1.8093383197538413,1.9382135698236906,5.030218576492412,1.8570237928245095
2023-04-03,0.0036920225658025885,18.549999237060547,Low-Vol,Moderate-Vol,Moderate-Vol,1.8160184376595438,1.9444004207119618,5.048081008953345,1.866169430782684
2023-04-04,-0.0058138397451621415,19.0,Low-Vol,Moderate-Vol,Moderate-Vol,1.8054603974887315,1.9346304955784965,5.019853096076018,1.851696838814959
2023-04-05,-0.0024954816571209903,19.079999923706055,Low-Vol,Moderate-Vol,Moderate-Vol,1.80095490418414,1.930198806968895,5.007804546026957,1.8455329264221725
2023-04-06,0.0035727731328023538,18.399999618530273,Low-Vol,Moderate-Vol,Moderate-Vol,1.8073893074791976,1.9365236709332043,5.0250130139295655,1.8543284040475143
2023-04-10,0.000995807017009298,18.969999313354492,Low-Vol,Moderate-Vol,Moderate-Vol,1.809189118434053,1.938295989529418,5.029825857755148,1.8567915719881514
2023-04-11,-4.135333298194155e-05,19.100000381469727,Low-Vol,Moderate-Vol,Moderate-Vol,1.809114302434011,1.9382206656803205,5.029625801164268,1.8566891470135372
2023-04-12,-0.004143456323461692,19.09000015258789,Low-Vol,Moderate-Vol,Moderate-Vol,1.801618316337726,1.9306704333792792,5.009581642277484,1.8464270963489295
2023-04-13,0.013175510497831056,17.799999237060547,Low-Vol,Moderate-Vol,Moderate-Vol,1.8253555573777185,1.9545439429971485,5.073064768637233,1.8788783744719821
2023-04-14,-0.002071517584578686,17.06999969482422,Low-Vol,Moderate-Vol,Moderate-Vol,1.821574301242502,1.9508097390165346,5.062957159775209,1.8736865562011316
2023-04-17,0.003300703582615583,16.950000762939453,Low-Vol,Moderate-Vol,Moderate-Vol,1.8275867780646138,1.9567728651938556,5.079030279266971,1.8819362087109155
2023-04-18,0.0008548548034656989,16.829999923706055,Low-Vol,Moderate-Vol,Moderate-Vol,1.8291490994005928,1.9583812679062793,5.083206299118301,1.8840822073635826
2023-04-19,-8.426554794027652e-05,16.459999084472656,Low-Vol,Moderate-Vol,Moderate-Vol,1.8289949651494672,1.9582225917395502,5.082794318124399,1.8838704287563681
2023-04-20,-0.005970335188310472,17.170000076293945,Low-Vol,Moderate-Vol,Moderate-Vol,1.8180752521497927,1.9463895354417227,5.053607238287598,1.8688672966446194
2023-04-21,0.0009027812573005889,16.770000457763672,Low-Vol,Moderate-Vol,Moderate-Vol,1.8197165764117955,1.9481499394607338,5.057995306966297,1.8711178700823814
2023-04-24,0.000851216778272601,16.889999389648438,Low-Vol,Moderate-Vol,Moderate-Vol,1.821265549693338,1.9499586578583727,5.062136333312754,1.8732424521536994
2023-04-25,-0.01593718381857734,18.760000228881836,Low-Vol,Moderate-Vol,Moderate-Vol,1.7922397058454331,1.913695313588713,4.984541140723638,1.833419104645681
2023-04-26,-0.003848583503344827,18.84000015258789,Low-Vol,Moderate-Vol,Moderate-Vol,1.7853421216794767,1.9057280585404528,4.966090328244569,1.824006824243048
2023-04-27,0.019377193402696946,17.030000686645508,Low-Vol,Moderate-Vol,Moderate-Vol,1.8199370412612412,1.9475355473213487,5.058644262601348,1.8711533313531916
2023-04-28,0.008219331313243927,15.779999732971191,Low-Vol,Moderate-Vol,Moderate-Vol,1.8348957067726122,1.9646581025318115,5.098635056211075,1.891668639959255
2023-05-01,-0.0003861810485101813,16.079999923706055,Low-Vol,Moderate-Vol,Moderate-Vol,1.8341871048246638,1.9638078623514077,5.0967412554740665,1.890694170546156
2023-05-02,-0.0116539066805732,17.780000686645508,Low-Vol,Moderate-Vol,Moderate-Vol,1.8128116594703265,1.937081853322932,5.03961266370024,1.8613024498689617
2023-05-03,-0.007022908054892696,18.34000015258789,Low-Vol,Moderate-Vol,Moderate-Vol,1.800080449865029,1.921705308400671,5.005571567464185,1.8438656765392563
2023-05-04,-0.007244913455062729,20.09000015258789,Low-Vol,Moderate-Vol,Moderate-Vol,1.7870390227936064,1.9056691608859575,4.970691583771135,1.8260462110709954
2023-05-05,0.018306166381879763,17.190000534057617,Low-Vol,Moderate-Vol,Moderate-Vol,1.819752856475778,1.948569331114049,5.058210840118585,1.8706366101784955
2023-05-08,0.00045202648488285035,16.979999542236328,Low-Vol,Moderate-Vol,Moderate-Vol,1.820575432962846,1.9495718209094821,5.060409966586824,1.8717645488884205
2023-05-09,-0.004589938949060013,17.709999084472656,Low-Vol,Moderate-Vol,Moderate-Vol,1.812219102873388,1.9393453353612198,5.038070026316742,1.8603043984972256
2023-05-10,0.004473942241913775,16.940000534057617,Low-Vol,Moderate-Vol,Moderate-Vol,1.8203268664693364,1.9491766511359248,5.059749262108205,1.871406535348817
2023-05-11,-0.001698064889705364,16.93000030517578,Low-Vol,Moderate-Vol,Moderate-Vol,1.8172358333295975,1.945428351334459,5.051485597656168,1.8671676212619728
2023-05-12,-0.001584561589439204,17.030000686645508,Low-Vol,Moderate-Vol,Moderate-Vol,1.8143563112291508,1.9417882268494615,5.043786893349193,1.8632210075339717
2023-05-15,0.002953797680316228,17.1200008392334,Low-Vol,Moderate-Vol,Moderate-Vol,1.8197155526925266,1.9485969634890352,5.058116255868643,1.8705623808281453
2023-05-16,-0.006398107681917509,17.989999771118164,Low-Vol,Moderate-Vol,Moderate-Vol,1.8080728166359399,1.932979079601508,5.026989794657194,1.8545978583967375
2023-05-17,0.011820688622071529,16.8700008392334,Low-Vol,Moderate-Vol,Moderate-Vol,1.829445482407425,1.9613598536718437,5.084142945392402,1.8838410467634974
2023-05-18,0.009400723063727412,16.049999237060547,Low-Vol,Moderate-Vol,Moderate-Vol,1.8466435927477245,1.9836102467202674,5.130112300142532,1.9074641911720012
2023-05-19,-0.0014469138806756376,16.809999465942383,Low-Vol,Moderate-Vol,Moderate-Vol,1.843971658500717,1.9802095065485503,5.122972945574239,1.9037826363913652
2023-05-22,0.0001550226798023857,17.209999084472656,Low-Vol,Moderate-Vol,Moderate-Vol,1.8442575159286976,1.9805735159831273,5.12373679313942,1.904176317696611
2023-05-23,-0.011285468768283735,18.530000686645508,Low-Vol,Moderate-Vol,Moderate-Vol,1.8234442053320117,1.9540705088939443,5.06812129758353,1.875510855204408
2023-05-24,-0.0073455126783059654,20.030000686645508,Low-Vol,Moderate-Vol,Moderate-Vol,1.8100500728035618,1.9376558728362834,5.032315074810983,1.8571338861003632
2023-05-25,0.008719456079012033,19.139999389648438,Low-Vol,Moderate-Vol,Moderate-Vol,1.825832724914185,1.9567927025060066,5.074518394650833,1.8787344355918174
2023-05-26,0.01296468093164016,17.950000762939453,Low-Vol,Moderate-Vol,Moderate-Vol,1.8495040636272446,1.9862406032836377,5.13779542080269,1.911225161844625
2023-05-30,1.6603130665870935e-05,17.459999084472656,Low-Vol,Moderate-Vol,Moderate-Vol,1.8495347711848802,1.986277426519635,5.137877466571573,1.911267490456902
2023-05-31,-0.006127358186214238,17.940000534057617,Low-Vol,Moderate-Vol,Moderate-Vol,1.8382020091639726,1.9726623724748555,5.107598126382305,1.895645839434203
2023-06-01,0.00980621508585422,15.649999618530273,Low-Vol,Moderate-Vol,Moderate-Vol,1.8562278134370838,1.9940901003456932,5.1557715519665654,1.920442363536193
2023-06-02,0.014429812390106989,14.600000381469727,Low-Vol,Low-Vol,Moderate-Vol,1.8830128325382793,2.025312232388101,5.267366776298258,1.9574076565118939
2023-06-05,-0.002005591490657821,14.729999542236328,Low-Vol,Low-Vol,Moderate-Vol,1.879236278024541,2.021036021332654,5.251520497321182,1.9521709775323755
2023-06-06,0.0023511302338512508,13.960000038146973,Low-Vol,Low-Vol,Moderate-Vol,1.8836546072543547,2.0260277579818733,5.2700410102435935,1.9582934484175598
2023-06-07,-0.003819293926420997,13.9399995803833,Low-Vol,Low-Vol,Moderate-Vol,1.8764603766533932,2.017901311609274,5.239849256809974,1.9483166075872151
2023-06-08,0.006169571607523849,13.649999618530273,Low-Vol,Low-Vol,Moderate-Vol,1.8880373333158373,2.0318077553295955,5.288340694613753,1.9643507867550132
2023-06-09,0.0011474010230507758,13.829999923706055,Low-Vol,Low-Vol,Moderate-Vol,1.890203669283642,2.0344190942473164,5.297442465898614,1.9673573231695445
2023-06-12,0.009277974981754866,15.010000228881836,Low-Vol,Moderate-Vol,Moderate-Vol,1.9077409316376768,2.057393427454928,5.344714995443066,1.9917056225856855
2023-06-13,0.006908570725908447,14.609999656677246,Low-Vol,Low-Vol,Moderate-Vol,1.9209206947906061,2.0746163510526214,5.400101507776829,2.010060248930994
2023-06-14,0.000819089980126364,13.880000114440918,Low-Vol,Low-Vol,Moderate-Vol,1.9224941016843264,2.0766601594276266,5.406736261331857,2.0122564539448153
2023-06-15,0.012104580493589978,14.5,Low-Vol,Low-Vol,Moderate-Vol,1.9457650862866163,2.108534085091468,5.504905672756212,2.044747617336017
2023-06-16,-0.0036783764677519315,13.539999961853027,Low-Vol,Low-Vol,Moderate-Vol,1.9386078297814462,2.0987268372880745,5.474531999530421,2.0347146805310876
2023-06-20,-0.004746353835235695,13.880000114440918,Low-Vol,Low-Vol,Moderate-Vol,1.929406511073545,2.085898791946317,5.435555900602283,2.021832308999887
2023-06-21,-0.005259086366924848,13.199999809265137,Low-Vol,Low-Vol,Moderate-Vol,1.9192595955949021,2.0707483752170206,5.3926768137020105,2.007648671416996
2023-06-22,0.003703930387334964,12.90999984741211,Low-Vol,Low-Vol,Moderate-Vol,1.9263683995322103,2.0811553136139884,5.422637962981032,2.0175680101690516
2023-06-23,-0.007688288056503012,13.4399995803833,Low-Vol,Low-Vol,Moderate-Vol,1.911557924373662,2.059135584402125,5.360101758952742,1.9968766033152616
2023-06-26,-0.0044969343631322545,14.25,Low-Vol,Low-Vol,Moderate-Vol,1.9029617738564284,2.046767927246711,5.323945720268162,1.9848981714302467
2023-06-27,0.011390733524182295,13.739999771118164,Low-Vol,Low-Vol,Moderate-Vol,1.9246379043291322,2.0776282321591424,5.414911190763339,2.0150575309290373
2023-06-28,-0.000354139388390351,13.430000305175781,Low-Vol,Low-Vol,Moderate-Vol,1.92395631423882,2.0766799820004063,5.412034740757412,2.0141056253476037
2023-06-29,0.004463568114490002,13.539999961853027,Low-Vol,Low-Vol,Moderate-Vol,1.9325440242967282,2.0886100738143374,5.448270219312447,2.0260977628458505
2023-06-30,0.0121943502618862,13.59000015258789,Low-Vol,Low-Vol,Moderate-Vol,1.9561101430255177,2.1221034393482565,5.547927392375996,2.0590550345684706
2023-07-03,0.0011699930926720725,13.569999694824219,Low-Vol,Low-Vol,Moderate-Vol,1.9583987783813632,2.1253605904196853,5.557663947467585,2.062268572590746
2023-07-05,-0.0019702580976126427,14.180000305175781,Low-Vol,Low-Vol,Moderate-Vol,1.9545402273299026,2.1197695448059903,5.541238898873123,2.0568485570099972
2023-07-06,-0.007954061175894367,15.4399995803833,Low-Vol,Moderate-Vol,Moderate-Vol,1.938993694790974,2.0972873312832316,5.49884677287355,2.035025105718018
2023-07-07,-0.002869212795733489,14.829999923706055,Low-Vol,Low-Vol,Moderate-Vol,1.9334303092710332,2.0895079283668037,5.47518073058979,2.027236410300697
2023-07-10,0.0024021386106269915,15.069999694824219,Low-Vol,Moderate-Vol,Moderate-Vol,1.9380746768678896,2.0963358523731177,5.487830596427433,2.033732240322191
2023-07-11,0.0067195839982545635,14.84000015258789,Low-Vol,Low-Vol,Moderate-Vol,1.9510977324539935,2.116145220722735,5.543144504418762,2.0519614714367203
2023-07-12,0.007383905235389676,13.539999961853027,Low-Vol,Low-Vol,Moderate-Vol,1.9655044532154176,2.138303956035118,5.60453958500881,2.072172457692455
2023-07-13,0.008434482989626346,13.609999656677246,Low-Vol,Low-Vol,Moderate-Vol,1.9820824670920978,2.1648202362244793,5.675446675700477,2.0954864449118413
2023-07-14,-0.0010249321969073577,13.34000015258789,Low-Vol,Low-Vol,Moderate-Vol,1.9800509669546495,2.1616037890231525,5.666721253655843,2.092621527002052
2023-07-17,0.0038479695744211284,13.479999542236328,Low-Vol,Low-Vol,Moderate-Vol,1.9876701428312942,2.173972347384269,5.699429310112032,2.103362769178389
2023-07-18,0.007092066941428499,13.300000190734863,Low-Vol,Low-Vol,Moderate-Vol,2.0017668325417324,2.1970992835089644,5.760060411404914,2.1232612169259393
2023-07-19,0.002355134827233485,13.760000228881836,Low-Vol,Low-Vol,Moderate-Vol,2.0064812633250524,2.204860981071187,5.780408989727717,2.1299316094682337
2023-07-20,-0.006779827396258042,13.989999771118164,Low-Vol,Low-Vol,Moderate-Vol,1.9928776666858827,2.182438115744577,5.721623726882519,2.110668939371611
2023-07-21,0.0003240420146131129,13.600000381469727,Low-Vol,Low-Vol,Moderate-Vol,1.9935234427798731,2.1834989182102684,5.724404796601495,2.111581272894804
2023-07-24,0.004026038496874662,13.90999984741211,Low-Vol,Low-Vol,Moderate-Vol,2.001549444904927,2.1966851942641665,5.758974807725712,2.1229213998175847
2023-07-25,0.0028107195758391157,13.859999656677246,Low-Vol,Low-Vol,Moderate-Vol,2.007175239111731,2.2059465933803777,5.783255102568971,2.130880860168772
2023-07-26,-0.00015545097867608604,13.1899995803833,Low-Vol,Low-Vol,Moderate-Vol,2.006863221756437,2.2054322185451056,5.781906583570529,2.1304390000352114
2023-07-27,-0.0064453930551966465,14.40999984741211,Low-Vol,Low-Vol,Moderate-Vol,1.9939281994841984,2.184109902287429,5.726006592761217,2.112122153746347
2023-07-28,0.009829375810433305,13.329999923706055,Low-Vol,Low-Vol,Moderate-Vol,2.0135272690959494,2.216312557848737,5.81043119880112,2.1398156100862606
2023-07-31,0.0014676354365690258,13.630000114440918,Low-Vol,Low-Vol,Moderate-Vol,2.0164823930685727,2.2211916661213547,5.82322259089478,2.14400476799452
2023-08-01,-0.0026686453076827377,13.930000305175781,Low-Vol,Low-Vol,Moderate-Vol,2.011101116792285,2.2123003070454663,5.799912417430605,2.136372584691298
2023-08-02,-0.01393620063833545,16.09000015258789,Low-Vol,Moderate-Vol,Moderate-Vol,1.9830740081246874,2.1660537156186113,5.722170504656588,2.09665767523323
2023-08-03,-0.0025512254502917386,15.920000076293945,Low-Vol,Moderate-Vol,Moderate-Vol,1.9780147392453475,2.1577645785696333,5.7081294726519305,2.0895224356974316
2023-08-04,-0.005314169373939137,17.100000381469727,Low-Vol,Moderate-Vol,Moderate-Vol,1.9675032338968497,2.140564488910225,5.67895395276084,2.074710404394167
2023-08-07,0.008983618964856888,15.770000457763672,Low-Vol,Moderate-Vol,Moderate-Vol,1.9851785332623026,2.1694095125173347,5.728023162842126,2.0995726869912197
2023-08-08,-0.004227205100058029,15.989999771118164,Low-Vol,Moderate-Vol,Moderate-Vol,1.9767867764419704,2.155653704084193,5.704734342983333,2.0877336487123817
2023-08-09,-0.007063619102046559,15.960000038146973,Low-Vol,Moderate-Vol,Moderate-Vol,1.9628235076072218,2.1328136290618436,5.6659771697958545,2.068062281133878
2023-08-10,0.0002506825210808472,15.850000381469727,Low-Vol,Moderate-Vol,Moderate-Vol,1.9633155531525455,2.133615617708137,5.667343287973577,2.0687538251978013
2023-08-11,-0.0010702648992282349,14.84000015258789,Low-Vol,Low-Vol,Moderate-Vol,1.9612142854298975,2.1301903168520195,5.658244950084085,2.0658003570810823
2023-08-14,0.005734004879418109,14.819999694824219,Low-Vol,Low-Vol,Moderate-Vol,1.972459897712137,2.1485120993583977,5.706911556313172,2.081601139643991
2023-08-15,-0.011618139396096794,16.459999084472656,Low-Vol,Moderate-Vol,Moderate-Vol,1.9495435836673065,2.1110695297615782,5.643139984539165,2.0493409964871514
2023-08-16,-0.00758408179262382,16.780000686645508,Low-Vol,Moderate-Vol,Moderate-Vol,1.9347580856704887,2.0870537437861367,5.601976396053403,2.0286086037771045
2023-08-17,-0.00774281137752908,17.889999389648438,Low-Vol,Moderate-Vol,Moderate-Vol,1.9197776187519928,2.062814248576784,5.560257832127606,2.0076564278017126
2023-08-18,-0.00014871788395787178,17.299999237060547,Low-Vol,Moderate-Vol,Moderate-Vol,1.9194921134868623,2.0623540825217144,5.559462501835156,2.0072581512105114
2023-08-21,0.006855634859800119,17.1299991607666,Low-Vol,Moderate-Vol,Moderate-Vol,1.9326514505331942,2.0835622023337947,5.596120595784244,2.0256143646562723
2023-08-22,-0.002781331046545432,16.969999313354492,Low-Vol,Moderate-Vol,Moderate-Vol,1.927276107051675,2.074944870747682,5.581150342623132,2.0180991456331414
2023-08-23,0.010984330710790857,15.979999542236328,Low-Vol,Moderate-Vol,Moderate-Vol,1.9484459451825362,2.1091326917481092,5.640114312771501,2.047668938944353
2023-08-24,-0.013549353984007695,17.200000762939453,Low-Vol,Moderate-Vol,Moderate-Vol,1.9220457613525537,2.0671139191490995,5.5666128653368965,2.0106596686716363
2023-08-25,0.0066955010602960385,15.680000305175781,Low-Vol,Moderate-Vol,Moderate-Vol,1.9349148207856273,2.086782561692679,5.602460747088218,2.028617498018432
2023-08-28,0.006245078594195874,15.079999923706055,Low-Vol,Moderate-Vol,Moderate-Vol,1.946998515914508,2.104902234778535,5.63611237877081,2.0455168583407084
2023-08-29,0.014404068712057239,14.449999809265137,Low-Vol,Low-Vol,Moderate-Vol,1.975043216320014,2.1466301393398752,5.757886803729847,2.084819382012616
2023-08-30,0.003825854181192412,13.880000114440918,Low-Vol,Low-Vol,Moderate-Vol,1.9825994436672076,2.15730666501778,5.790930056684171,2.0954590736079797
2023-08-31,-0.0015982129743399298,13.569999694824219,Low-Vol,Low-Vol,Moderate-Vol,1.9794308275134196,2.1528394028348683,5.777047347359039,2.0909917642777525
2023-09-01,0.0017975127655187606,13.09000015258789,Low-Vol,Low-Vol,Moderate-Vol,1.9829888796943362,2.157920384516305,5.792623821889865,2.096005442944268
2023-09-05,-0.004202997821382226,14.010000228881836,Low-Vol,Low-Vol,Moderate-Vol,1.9746543817531557,2.146026265864693,5.75610424393463,2.0842542011785876
2023-09-06,-0.006996014491431168,14.449999809265137,Low-Vol,Low-Vol,Moderate-Vol,1.9608396710828426,2.1263157010857037,5.695699560877498,2.064803575487301
2023-09-07,-0.003216433115733608,14.399999618530273,Low-Vol,Low-Vol,Moderate-Vol,1.9545327614301276,2.117423798220144,5.668219805850184,2.055944560042456
2023-09-08,0.0014256060622575006,13.84000015258789,Low-Vol,Low-Vol,Moderate-Vol,1.9573191551837033,2.12134153673924,5.680340778626325,2.0598542572429026
2023-09-11,0.006700951498135765,13.800000190734863,Low-Vol,Low-Vol,Moderate-Vol,1.9704350559089614,2.139961740816254,5.737436310702012,2.0782664349679942
2023-09-12,-0.005712169023004421,14.229999542236328,Low-Vol,Low-Vol,Moderate-Vol,1.9591795978207562,2.123645578078861,5.688276501753833,2.062430837135004
2023-09-13,0.0012408621175339363,13.479999542236328,Low-Vol,Low-Vol,Moderate-Vol,1.9616106695651374,2.127140459364522,5.69886405199146,2.0658446138364357
2023-09-14,0.008394585533666898,12.819999694824219,Low-Vol,Low-Vol,Moderate-Vol,1.9780775781145556,2.150812810192329,5.770623454585233,2.088977461671892
2023-09-15,-0.01223414584249305,13.789999961853027,Low-Vol,Low-Vol,Moderate-Vol,1.9538774885361367,2.1146234901195373,5.664725481166973,2.0548864728640903
2023-09-18,0.0007210276941744809,14.0,Low-Vol,Low-Vol,Moderate-Vol,1.9552862883163953,2.116621556167669,5.670852117094698,2.0568628597777363
2023-09-19,-0.002153327361533286,14.109999656677246,Low-Vol,Low-Vol,Moderate-Vol,1.9510759168521328,2.1106000355051053,5.652535315554275,2.050954763205716
2023-09-20,-0.009439204206291407,15.140000343322754,Low-Vol,Moderate-Vol,Moderate-Vol,1.9326593128509884,2.0834984420430676,5.601217511728405,2.0251307548529494
2023-09-21,-0.016536918318488247,17.540000915527344,Low-Vol,Moderate-Vol,Moderate-Vol,1.900699083656906,2.037672871606914,5.5121280335022576,1.980458297712822
2023-09-22,-0.0022982374027602503,17.200000762939453,Low-Vol,Moderate-Vol,Moderate-Vol,1.8963308259314535,2.0318425355088183,5.499943649404653,1.9743868427106357
2023-09-25,0.004014994203807021,16.899999618530273,Low-Vol,Moderate-Vol,Moderate-Vol,1.9039445832060689,2.0419998876578127,5.521182575744832,1.9849610875327695
2023-09-26,-0.014844165482264415,18.940000534057617,Low-Vol,Moderate-Vol,Moderate-Vol,1.8756821147438971,2.0045444283120086,5.442355159435359,1.9456567957668096
2023-09-27,0.00022928777229402897,18.219999313354492,Low-Vol,Moderate-Vol,Moderate-Vol,1.8761121857175185,2.0050911917853274,5.443555369241397,1.9462518812013552
2023-09-28,0.005875877143001418,17.34000015258789,Low-Vol,Moderate-Vol,Moderate-Vol,1.8871359904272824,2.0195088078106713,5.474319507011947,1.9615065907280818
2023-09-29,-0.0027132596482903892,17.520000457763672,Low-Vol,Moderate-Vol,Moderate-Vol,1.8820157004936195,2.012812365172448,5.460033498863635,1.9544073268660231
2023-10-02,7.936440615274876e-05,17.610000610351562,Low-Vol,Moderate-Vol,Moderate-Vol,1.8821650655520594,2.0130101963057427,5.460450282322376,1.9546142328463185
2023-10-03,-0.013839395863447734,19.780000686645508,Low-Vol,Moderate-Vol,Moderate-Vol,1.8561170381295324,1.9785122089477474,5.387766924020029,1.9185305896861284
2023-10-04,0.008077047607828902,18.579999923706055,Low-Vol,Moderate-Vol,Moderate-Vol,1.871108983812207,1.997716701649758,5.429622260602367,1.9392012124494438
2023-10-05,-0.0013048811469964505,18.489999771118164,Low-Vol,Moderate-Vol,Moderate-Vol,1.8686674089752549,1.994653414607725,5.4228078237816435,1.935825806427489
2023-10-06,0.01174564209396145,17.450000762939453,Low-Vol,Moderate-Vol,Moderate-Vol,1.8906161075537284,2.023335458297102,5.4840697112621415,1.96615600325463
2023-10-10,0.005194476099985579,17.030000686645508,Low-Vol,Moderate-Vol,Moderate-Vol,1.900436867738664,2.036194827114988,5.511468673595257,1.9797796042753073
2023-10-11,0.004283819500095376,16.09000015258789,Low-Vol,Moderate-Vol,Moderate-Vol,1.9085779962513831,2.046927813809092,5.534177145091467,1.991092667119556
2023-10-12,-0.006266024940655868,16.690000534057617,Low-Vol,Moderate-Vol,Moderate-Vol,1.8966187989256849,2.031038430420115,5.500824170559075,1.9744502737712752
2023-10-13,-0.005031495660219321,19.31999969482422,Low-Vol,Moderate-Vol,Moderate-Vol,1.8870759696697998,2.0175143475593305,5.474203789867447,1.961198454833671
2023-10-16,0.010538642302590162,17.209999084472656,Low-Vol,Moderate-Vol,Moderate-Vol,1.9069631883119633,2.0458001673130917,5.529691272401805,1.9887685583633046
2023-10-17,-9.824987944462293e-05,17.8799991607666,Low-Vol,Moderate-Vol,Moderate-Vol,1.9067758294086063,2.0455449430007717,5.529168729073348,1.9885079139252442
2023-10-18,-0.01349040825115111,19.219999313354492,Low-Vol,Moderate-Vol,Moderate-Vol,1.881052645026457,2.0104181418869205,5.457426588273173,1.9527242664454314
2023-10-19,-0.008519032328058174,21.399999618530273,Low-Vol,Moderate-Vol,Moderate-Vol,1.8650278967326974,1.9894995535631794,5.412710112848386,1.9305339559058379
2023-10-20,-0.012665149196156023,21.709999084472656,Low-Vol,Moderate-Vol,Moderate-Vol,1.8414070401655847,1.9588882995660928,5.346775346022254,1.897918763466608
2023-10-23,-0.0016869920654354331,20.3700008392334,Moderate-Vol,Moderate-Vol,Moderate-Vol,1.8383006010995884,1.9550002296486029,5.338099848841653,1.8952405620199413
2023-10-24,0.007239523519629643,18.969999313354492,Moderate-Vol,Moderate-Vol,Moderate-Vol,1.8516090215373981,1.9717045057915512,5.375269293509982,1.9067175230482722
2023-10-25,-0.014443434657238186,20.190000534057617,Moderate-Vol,Moderate-Vol,Moderate-Vol,1.8248654276240701,1.938180860536703,5.300596894554784,1.883681398402864
2023-10-26,-0.011903081205584698,20.68000030517578,Moderate-Vol,Moderate-Vol,Moderate-Vol,1.8031439062497967,1.911972531171951,5.239912982477318,1.8649262965716908
2023-10-27,-0.004811838578621774,21.270000457763672,Moderate-Vol,Moderate-Vol,Moderate-Vol,1.794467468838897,1.9017064050644732,5.215662268980214,1.8574200071858105
2023-10-30,0.011938474300286828,19.75,Moderate-Vol,Moderate-Vol,Moderate-Vol,1.815890672598331,1.9278466139639172,5.275551355198435,1.875968623982646
2023-10-31,0.006454084821687189,18.139999389648438,Moderate-Vol,Moderate-Vol,Moderate-Vol,1.8276105850261912,1.941723274248529,5.308299893465184,1.886096370431632
2023-11-01,0.010451194990192647,16.8700008392334,Moderate-Vol,Moderate-Vol,Moderate-Vol,1.84671129961644,1.9639969462788769,5.36165927622238,1.9025849183536159
2023-11-02,0.018682938934086124,15.65999984741211,Moderate-Vol,Moderate-Vol,Moderate-Vol,1.8812132940560609,2.002892257343121,5.458005301430798,1.9323181301915617
2023-11-03,0.009349883544551574,14.90999984741211,Moderate-Vol,Low-Vol,Moderate-Vol,1.8988024192779474,2.0214425507653497,5.534552872361682,1.947430668380129
2023-11-06,0.0017514577241009022,14.890000343322754,Moderate-Vol,Low-Vol,Moderate-Vol,1.9021280914417331,2.025064082134259,5.549093175428296,1.9502837503219648
2023-11-07,0.002836093401711537,14.8100004196167,Low-Vol,Low-Vol,Moderate-Vol,1.9075227043710812,2.0309422038642744,5.572699795238768,1.9576619519985035
2023-11-08,0.001004411032420549,14.449999809265137,Low-Vol,Low-Vol,Moderate-Vol,1.9094386412199442,2.0330332970034686,5.581095716970826,1.9602848497749548
2023-11-09,-0.00811669069906884,15.289999961853027,Low-Vol,Moderate-Vol,Moderate-Vol,1.8939403183603116,2.01526428809064,5.537525686492886,1.9390606966362507
2023-11-10,0.01549575927077207,14.170000076293945,Low-Vol,Low-Vol,Moderate-Vol,1.9232883616068324,2.0483469284859694,5.666237933983302,1.9791415034287085
2023-11-13,-0.0008361884413705667,14.760000228881836,Low-Vol,Low-Vol,Moderate-Vol,1.9216801301094342,2.046604788328459,5.659130869983624,1.97693393997026
2023-11-14,0.01889537047457779,14.15999984741211,Low-Vol,Low-Vol,Moderate-Vol,1.9579909881014868,2.086011866284446,5.819527931512314,2.026762663188581
2023-11-15,0.001595738207846864,14.180000305175781,Low-Vol,Low-Vol,Moderate-Vol,1.96111542913182,2.0892066255793695,5.833457596120233,2.0310768279717113
2023-11-16,0.0011897193967129738,14.319999694824219,Low-Vol,Low-Vol,Moderate-Vol,1.9634486061970513,2.0917005526535046,5.843867862598244,2.0343001454566516
2023-11-17,0.001281227937178997,13.800000190734863,Low-Vol,Low-Vol,Moderate-Vol,1.965964231404526,2.094410412042126,5.855098852748359,2.0377768967143037
2023-11-20,0.007363103793794679,13.40999984741211,Low-Vol,Low-Vol,Moderate-Vol,1.9804398300952453,2.1100311166891617,5.919766403611931,2.057791627231733
2023-11-21,-0.002022975931756932,13.350000381469727,Low-Vol,Low-Vol,Moderate-Vol,1.9764334479846697,2.1056468921551565,5.901803086177735,2.052238670339808
2023-11-22,0.004052905094313886,12.850000381469727,Low-Vol,Low-Vol,Moderate-Vol,1.984443745174579,2.1144151719298874,5.937682257868146,2.063333649511116
2023-11-24,0.000596695609644371,12.460000038146973,Low-Vol,Low-Vol,Moderate-Vol,1.985627854044911,2.115711816678423,5.942996741270246,2.064975957077099
2023-11-27,-0.001956069316898734,12.6899995803833,Low-Vol,Low-Vol,Moderate-Vol,1.9817438283248343,2.111406570062948,5.925559370906204,2.059587909392849
2023-11-28,0.0009796385280509412,12.6899995803833,Low-Vol,Low-Vol,Moderate-Vol,1.9836852209317886,2.113572623827494,5.934266730296193,2.062279310217578
2023-11-29,-0.0009466966151023826,12.979999542236328,Low-Vol,Low-Vol,Moderate-Vol,1.9818072728477039,2.111440282242927,5.925839804956164,2.0596750132848567
2023-11-30,0.003776931264994232,12.920000076293945,Low-Vol,Low-Vol,Moderate-Vol,1.9892924226977153,2.119932985495216,5.959412039402193,2.0700519692105765
2023-12-01,0.0058565589538464025,12.630000114440918,Low-Vol,Low-Vol,Moderate-Vol,2.0009428310476842,2.1338535504824683,6.011764511310725,2.0862236797213076
2023-12-04,-0.005423188063826245,13.079999923706055,Low-Vol,Low-Vol,Moderate-Vol,1.9900913417699477,2.1205521142063684,5.962860117000313,2.0711316474219217
2023-12-05,-0.0005690315939350654,12.850000381469727,Low-Vol,Low-Vol,Moderate-Vol,1.988958916921664,2.1191019062381473,5.95777053330513,2.0695595615118574
2023-12-06,-0.003913851944943758,12.970000267028809,Low-Vol,Low-Vol,Moderate-Vol,1.981174426196257,2.1091105561472294,5.922793785621172,2.058754816723886
2023-12-07,0.007936610684822654,13.0600004196167,Low-Vol,Low-Vol,Moderate-Vol,1.9968982363157035,2.129174408568337,5.993304148285615,2.0805505706461025
2023-12-08,0.004087134146503857,12.350000381469727,Low-Vol,Low-Vol,Moderate-Vol,2.005059827284443,2.1404671703763114,6.030047305337877,2.091893607914139
2023-12-11,0.003916813547780507,12.630000114440918,Low-Vol,Low-Vol,Moderate-Vol,2.012913272780061,2.1522670792115606,6.065475161806835,2.10282321832233
2023-12-12,0.004588812795692121,12.069999694824219,Low-Vol,Low-Vol,Moderate-Vol,2.0221501549628127,2.166570615280466,6.1072251568585125,2.1156949001112673
2023-12-13,0.013558345175020747,12.1899995803833,Low-Vol,Low-Vol,Moderate-Vol,2.0495671647595204,2.21030921582536,6.2314309569659,2.1539590364917167
2023-12-14,0.0026435651851546282,12.479999542236328,Low-Vol,Low-Vol,Moderate-Vol,2.054985329160915,2.218695151062776,6.256140747863195,2.1615545939576344
2023-12-15,-7.625240044895065e-05,12.279999732971191,Low-Vol,Low-Vol,Moderate-Vol,2.054828631596679,2.2184479632404446,6.255425179238838,2.161334731074234
2023-12-18,0.004518122263400315,12.5600004196167,Low-Vol,Low-Vol,Moderate-Vol,2.0641125985845683,2.2334827919398124,6.297819342892868,2.1743607649040992
2023-12-19,0.00584926745082015,12.529999732971191,Low-Vol,Low-Vol,Moderate-Vol,2.0761861452222967,2.253079149235103,6.353075787433162,2.191326210571537
2023-12-20,-0.01479314796530673,13.670000076293945,Low-Vol,Low-Vol,Moderate-Vol,2.0454728163725036,2.2030839493868295,6.2121028021957025,2.148084802746843
2023-12-21,0.01024876930727281,13.649999618530273,Low-Vol,Low-Vol,Moderate-Vol,2.066436395391803,2.2354604821063644,6.307602414994853,2.1774515151811014
2023-12-22,0.0016586821527599938,13.029999732971191,Low-Vol,Low-Vol,Moderate-Vol,2.0698639565606527,2.2406595741856243,6.32329587632354,2.1822692606936434
2023-12-26,0.004222761046978718,12.989999771118164,Low-Vol,Low-Vol,Moderate-Vol,2.0786044974489624,2.2545657666375765,6.363348527596131,2.194561670555976
2023-12-27,0.0014294356164228361,12.430000305175781,Low-Vol,Low-Vol,Moderate-Vol,2.0815757287500727,2.2593999015471757,6.376992523133717,2.198746180257172
2023-12-28,0.00037010611032783913,12.470000267028809,Low-Vol,Low-Vol,Moderate-Vol,2.0823461326463932,2.2606542281110307,6.380532768981207,2.1998316895446917
2023-12-29,-0.002830477036734891,12.449999809265137,Low-Vol,Low-Vol,Moderate-Vol,2.076452099735404,2.2510561332900316,6.353442841754103,2.191525893160622
